occupation_code,task_id,task_text,reviewer_1_score,reviewer_2_score,reviewer_1_rationale,reviewer_2_rationale,reviewer_mean_score,absolute_disagreement,adjudicated_exposure_score,label_confidence,requires_adjudication,adjudication_status,adjudication_reason,adjudication_rationale,task_group_id,normalized_task_text
33-1091.00,22955,"Schedule training or drills for emergencies, such as fires, bombs, and other threats.",0.50,0.50,"Scheduling emergency drills is information work that AI can draft from staffing and facility constraints, but threat timing and on-site coordination still need a supervisor.","Scheduling drills is information work AI can draft, but emergency timing, staffing, and threat fit still need a supervisor's judgment.",0.50,0.00,0.50,1.00,false,identical,identical_scores,,tg_95f587e1cc9ecc24,"schedule training or drills for emergencies, such as fires, bombs, and other threats"
11-3021.00,974,Control operational budget and expenditures.,0.50,0.50,"Budget control is digital financial analysis where AI can flag variances and draft spend summaries, yet trade-off and authorization judgment remain essential.","Budget control is digital and AI can flag spend, yet allocation tradeoffs and authorization remain a manager's judgment.",0.50,0.00,0.50,1.00,false,identical,identical_scores,,tg_ab54d1f7b791e009,control operational budget and expenditures
25-1082.00,6172,"Prepare and deliver lectures to undergraduate or graduate students on topics such as collection development, archival methods, and indexing and abstracting.",0.25,0.25,"Lecture preparation can be AI-assisted, but delivering live instruction to students is interpersonal and in-person dependent, so exposure stays low.","Lecture prep is AI-assistable, but delivering live instruction to students is in-person interpersonal work AI cannot substitute.",0.25,0.00,0.25,1.00,false,identical,identical_scores,,tg_28b16016846edc34,"prepare and deliver lectures to undergraduate or graduate students on topics such as collection development, archival methods, and indexing and abstracting"
19-2041.01,16849,"Provide analytical support for policy briefs related to renewable energy, energy efficiency, or climate change.",0.50,0.50,"Policy-brief analysis is document and data work that AI can draft, while energy and climate judgment and source selection still require an analyst.",Policy-brief analysis is text/data work AI can draft well; climate and energy framing still needs analyst judgment and source checks.,0.50,0.00,0.50,1.00,false,identical,identical_scores,,tg_18215a149e0cf321,"provide analytical support for policy briefs related to renewable energy, energy efficiency, or climate change"
29-1181.00,18675,Participate in conferences or training to update or share knowledge of new hearing or balance disorder treatment methods or technologies.,0.00,0.25,Participating in conferences or training to share clinical methods is in-person professional presence with no meaningful current AI substitution of attendance.,Attending and presenting at professional conferences is in-person knowledge-sharing; AI can only help prepare notes.,0.1250,0.25,0.00,0.85,false,deterministic_mean,deterministic_mean_and_snap,,tg_18d2dba480ee6022,participate in conferences or training to update or share knowledge of new hearing or balance disorder treatment methods or technologies
47-4031.00,13624,"Align posts, by lines or sighting, and verify vertical alignment of posts, using plumb bobs or spirit levels.",0.00,0.00,Aligning fence posts by sight with plumb bobs or spirit levels is on-site physical construction that current AI cannot perform.,Sighting posts and using plumb bobs or spirit levels is on-site physical alignment that depends on presence and visual-spatial sensing.,0.00,0.00,0.00,1.00,false,identical,identical_scores,,tg_82c616b82e9a4586,"align posts, by lines or sighting, and verify vertical alignment of posts, using plumb bobs or spirit levels"
49-3093.00,8364,"Raise vehicles, using hydraulic jacks.",0.00,0.00,Raising vehicles with hydraulic jacks is hands-on physical shop work with no digital substitute in typical practice.,Raising vehicles with hydraulic jacks is hands-on physical work with no meaningful AI substitution of the task itself.,0.00,0.00,0.00,1.00,false,identical,identical_scores,,tg_d8eb62d41b4dee15,"raise vehicles, using hydraulic jacks"
47-5032.00,9922,"Repair and service blasting, shooting, and automotive equipment, and electrical wiring and instruments, using hand tools.",0.00,0.00,"Repairing blasting, shooting, and automotive equipment with hand tools is physical servicing of hardware in the field.",Servicing blasting and shooting equipment with hand tools is physical repair plus explicit explosives safety risk.,0.00,0.00,0.00,1.00,false,identical,identical_scores,,tg_6698630ddef4ed5c,"repair and service blasting, shooting, and automotive equipment, and electrical wiring and instruments, using hand tools"
11-2011.00,3245,Represent company at trade association meetings to promote products.,0.00,0.25,Representing the company at trade association meetings is in-person promotional presence rather than digital information work.,Representing the firm at trade meetings is in-person promotion and relationship work; AI can only draft talking points.,0.1250,0.25,0.00,0.85,false,deterministic_mean,deterministic_mean_and_snap,,tg_884e7658600172a9,represent company at trade association meetings to promote products
27-4032.00,4056,Verify key numbers and time codes on materials.,0.75,0.75,"Verifying key numbers and time codes is routine digital matching that editing software and AI already handle well, with only brief human QC typical.",Verifying key numbers and time codes is routine digital matching where AI can do most of the check with brief human oversight.,0.75,0.00,0.75,1.00,false,identical,identical_scores,,tg_38e082dc8a26baa3,verify key numbers and time codes on materials
49-9092.00,13863,Install pilings or footings for piers or bridges.,0.00,0.00,Installing pilings or footings for piers or bridges is underwater physical construction by commercial divers.,Installing pilings or footings for piers or bridges is underwater/on-site construction that is fully physical and safety-critical.,0.00,0.00,0.00,1.00,false,identical,identical_scores,,tg_381956b151e30d58,install pilings or footings for piers or bridges
51-6052.00,12184,"Fit, alter, repair, and make made-to-measure clothing, according to customers' and clothing manufacturers' specifications and fit, and applying principles of garment design, construction, and styling.",0.00,0.00,"Fitting, altering, and making made-to-measure clothing requires hands-on garment work and in-person fit, not AI substitution.","Fitting and sewing made-to-measure garments requires on-body measurement, fabric handling, and craft that AI cannot perform.",0.00,0.00,0.00,1.00,false,identical,identical_scores,,tg_816b65cf66bd0fb8,"fit, alter, repair, and make made-to-measure clothing, according to customers' and clothing manufacturers' specifications and fit, and applying principles of garment design, construction, and styling"
51-4052.00,12015,Load specified amounts of metal and flux into furnaces or clay crucibles.,0.00,0.00,Loading specified metal and flux into furnaces or crucibles is physical foundry handling.,"Loading metal and flux into furnaces is physical foundry work with heat and material handling, not digital substitution.",0.00,0.00,0.00,1.00,false,identical,identical_scores,,tg_c1cd94fdf3141e8c,load specified amounts of metal and flux into furnaces or clay crucibles
53-4011.00,12750,"Monitor gauges or meters that measure speed, amperage, battery charge, or air pressure in brake lines or in main reservoirs.",0.25,0.25,Monitoring locomotive gauges is still cab-presence work; sensors can assist but typical engineers watch instruments in real time.,"Cab gauge monitoring can be AI-alerted, but real-time locomotive safety still requires an on-board operator's sensory watch.",0.25,0.00,0.25,1.00,false,identical,identical_scores,,tg_f8947a24a1223ef1,"monitor gauges or meters that measure speed, amperage, battery charge, or air pressure in brake lines or in main reservoirs"
19-3011.01,16908,"Develop environmental research project plans, including information on budgets, goals, deliverables, timelines, and resource requirements.",0.50,0.50,"Writing environmental research plans with budgets, goals, and timelines is document work AI can draft, while scope and resource judgment stay human.","Research project plans are structured documents AI can draft; budgets, goals, and resource tradeoffs still need economist judgment.",0.50,0.00,0.50,1.00,false,identical,identical_scores,,tg_6991161ab94d93e9,"develop environmental research project plans, including information on budgets, goals, deliverables, timelines, and resource requirements"
51-6052.00,12177,"Measure parts, such as sleeves or pant legs, and mark or pin-fold alteration lines.",0.00,0.00,Measuring sleeves or pant legs and pinning alteration lines is physical tailoring on a garment or body.,"Measuring sleeves or pant legs and pinning alteration lines is tactile, on-garment physical fitting work.",0.00,0.00,0.00,1.00,false,identical,identical_scores,,tg_469636df6377752f,"measure parts, such as sleeves or pant legs, and mark or pin-fold alteration lines"
47-4021.00,11576,"Connect car frames to counterweights, using steel cables.",0.00,0.00,Connecting elevator car frames to counterweights with steel cables is on-site physical installation.,Connecting elevator car frames to counterweights with steel cables is physical installation with high safety dependence.,0.00,0.00,0.00,1.00,false,identical,identical_scores,,tg_f49753cc4854191a,"connect car frames to counterweights, using steel cables"
11-9161.00,7272,"Apply for federal funding for emergency-management-related needs, and administer and report on the progress of such grants.",0.50,0.50,"Federal grant applications and progress reports are text and compliance work AI can draft, but eligibility strategy and administration still need a director.","Grant applications and progress reports are text AI can draft, but federal funding claims and administration need accountable human judgment.",0.50,0.00,0.50,1.00,false,identical,identical_scores,,tg_038d2804b12146e5,"apply for federal funding for emergency-management-related needs, and administer and report on the progress of such grants"
43-5011.00,8208,"Route received goods to first available flight or to appropriate storage areas or departments, using forklifts, hand trucks, or other equipment.",0.25,0.00,"Routing freight can be software-suggested, yet the task includes moving goods with forklifts or hand trucks, so physical handling dominates.","Routing freight with forklifts or hand trucks is physical material handling at the dock or warehouse, not a digital-only task.",0.1250,0.25,0.00,0.85,false,deterministic_mean,deterministic_mean_and_snap,,tg_ea0e105afaa6aeb6,"route received goods to first available flight or to appropriate storage areas or departments, using forklifts, hand trucks, or other equipment"
13-1031.00,21418,Analyze information gathered by investigation and report findings and recommendations.,0.50,0.50,"Analyzing investigation files and writing findings is information work AI can draft, while claim recommendations still require adjuster judgment.",Investigative analysis and recommendation write-ups are information work AI can draft; claim conclusions still need examiner judgment.,0.50,0.00,0.50,1.00,false,identical,identical_scores,,tg_dfee4006475885a1,analyze information gathered by investigation and report findings and recommendations
53-1042.01,17888,Oversee recycling pick-up or drop-off programs to ensure compliance with community ordinances.,0.25,0.25,Overseeing recycling pickup or drop-off for ordinance compliance is field program supervision with only minor AI help on schedules or logs.,Overseeing pick-up and drop-off compliance is field supervision of a physical program; AI can only help track ordinance checklists.,0.25,0.00,0.25,1.00,false,identical,identical_scores,,tg_958c44a37c234340,oversee recycling pick-up or drop-off programs to ensure compliance with community ordinances
13-1075.00,18904,"Train managers or supervisors on topics related to labor relations, such as working conditions, safety, or equal opportunity practices.",0.25,0.25,Training managers on labor-relations topics is live interpersonal instruction; AI may draft slides but does not deliver the training.,Training managers on labor relations is live interpersonal instruction on legally sensitive topics; AI can only draft materials.,0.25,0.00,0.25,1.00,false,identical,identical_scores,,tg_6c1a91f039b6495d,"train managers or supervisors on topics related to labor relations, such as working conditions, safety, or equal opportunity practices"
29-2034.00,22817,Provide assistance to physicians or other technologists in the performance of more complex procedures.,0.00,0.00,Assisting physicians during complex imaging procedures is in-person clinical support beside the patient and equipment.,Assisting physicians during complex imaging procedures is in-room clinical support that depends on presence and patient safety.,0.00,0.00,0.00,1.00,false,identical,identical_scores,,tg_b2ff162f7e6f1f20,provide assistance to physicians or other technologists in the performance of more complex procedures
19-4013.00,22261,Supervise other food science technicians.,0.25,0.25,Supervising other food science technicians is interpersonal oversight; AI might help with checklists but does not replace the supervisor.,Supervising other technicians is interpersonal direction of people and lab work; AI is at most a minor scheduling or checklist aid.,0.25,0.00,0.25,1.00,false,identical,identical_scores,,tg_7d1fae273313edf4,supervise other food science technicians
43-3011.00,2478,"Persuade customers to pay amounts due on credit accounts, damage claims, or nonpayable checks, or to return merchandise.",0.25,0.25,Persuading customers to pay debts or return merchandise is interpersonal influence; AI can script talking points but typical collection is still human.,"Persuading customers to pay or return goods is interpersonal influence; scripts help, but the persuasion act remains human.",0.25,0.00,0.25,1.00,false,identical,identical_scores,,tg_71f6263087242cc4,"persuade customers to pay amounts due on credit accounts, damage claims, or nonpayable checks, or to return merchandise"
17-3011.00,21934,Locate and identify symbols on topographical surveys to denote geological and geophysical formations or oil field installations.,0.50,0.50,"Identifying survey symbols for geological or oil-field features is visual-information work AI can assist, yet interpretation of formations still needs a drafter.","Identifying survey symbols is visual-information work AI can assist strongly, yet geologic or oil-field meaning still needs drafter judgment.",0.50,0.00,0.50,1.00,false,identical,identical_scores,,tg_0a02f6b18c8cd788,locate and identify symbols on topographical surveys to denote geological and geophysical formations or oil field installations
19-1041.00,5424,"Plan, administer and evaluate health safety standards and programs to improve public health, conferring with health department, industry personnel, physicians, and others.",0.50,0.50,"Planning and evaluating public-health standards is analytical document work AI can draft, while conferring with agencies and physicians remains human judgment.",Planning and evaluating public-health programs is analytic work AI can draft; conferring and standard-setting still need epidemiologist judgment.,0.50,0.00,0.50,1.00,false,identical,identical_scores,,tg_a7d6128df6fcfabc,"plan, administer and evaluate health safety standards and programs to improve public health, conferring with health department, industry personnel, physicians, and others"
11-9021.00,3327,Develop or implement quality control programs.,0.50,0.50,"Developing quality-control programs is planning text AI can outline, but construction-site implementation and acceptance criteria still need a manager.",Designing a QC program is information work AI can outline; site-specific implementation and acceptance criteria need manager judgment.,0.50,0.00,0.50,1.00,false,identical,identical_scores,,tg_4f515e166d3d1293,develop or implement quality control programs
15-2099.01,17709,"Analyze or manipulate bioinformatics data using software packages, statistical applications, or data mining techniques.",0.50,0.75,"Running bioinformatics software and mining data is digital analysis AI can accelerate, but method choice, QC, and interpretation remain essential.",Manipulating bioinformatics data in software is digital compute where current AI can run most of the workflow with specialist oversight.,0.6250,0.25,0.50,0.85,false,deterministic_mean,deterministic_mean_and_snap,,tg_13b679aa27a2b213,"analyze or manipulate bioinformatics data using software packages, statistical applications, or data mining techniques"
29-9099.01,17487,"Provide, or refer patients to other providers for, education or counseling on topics such as genetic testing, newborn care, contraception, or breastfeeding.",0.25,0.25,"Educating or counseling patients on genetic testing, newborn care, or breastfeeding is interpersonal clinical conversation with only assistive materials from AI.","Counseling or referring patients on newborn care, contraception, or breastfeeding is in-person clinical interpersonal care.",0.25,0.00,0.25,1.00,false,identical,identical_scores,,tg_13c27e5f882759cf,"provide, or refer patients to other providers for, education or counseling on topics such as genetic testing, newborn care, contraception, or breastfeeding"
49-3093.00,8378,Inflate inner tubes and immerse them in water to locate leaks.,0.00,0.00,Inflating inner tubes and immersing them in water to find leaks is physical shop inspection.,Inflating tubes and immersing them to find leaks is hands-on sensory leak detection with no digital substitute for the physical test.,0.00,0.00,0.00,1.00,false,identical,identical_scores,,tg_e93db2a8faa2d2d6,inflate inner tubes and immerse them in water to locate leaks
15-2051.02,16277,"Prepare data analysis listings and activity, performance, or progress reports.",0.75,0.75,Preparing data-analysis listings and progress reports is routine digital compilation that AI can produce from structured clinical-trial data with brief human check.,"Preparing analysis listings and progress reports is routine structured reporting AI can generate, needing only brief accuracy checks.",0.75,0.00,0.75,1.00,false,identical,identical_scores,,tg_c918459ef943a0bc,"prepare data analysis listings and activity, performance, or progress reports"
33-2022.00,11111,Restrict public access and recreational use of forest lands during critical fire seasons.,0.00,0.00,"Restricting public access to forest land during fire season is on-the-ground access control, not a digital task.",Restricting public access to forest land in fire season is on-site enforcement and physical control of people in a safety setting.,0.00,0.00,0.00,1.00,false,identical,identical_scores,,tg_c27773f9444596c0,restrict public access and recreational use of forest lands during critical fire seasons
51-7032.00,12233,"Set up, operate, and adjust a variety of woodworking machines such as bandsaws and lathes to cut and shape sections, parts, and patterns, according to specifications.",0.00,0.00,Setting up and operating bandsaws and lathes to cut wood patterns is physical machine work.,Setting up and operating bandsaws and lathes to cut wood patterns is physical machine work dependent on presence and craft.,0.00,0.00,0.00,1.00,false,identical,identical_scores,,tg_ac6fd9f45e1ec738,"set up, operate, and adjust a variety of woodworking machines such as bandsaws and lathes to cut and shape sections, parts, and patterns, according to specifications"
13-1199.04,15954,Create or administer training and awareness presentations or materials.,0.50,0.50,"Creating continuity-training decks is document work AI drafts well, while administering live awareness sessions still needs a planner.","Creating training decks is highly AI-draftable, but administering awareness sessions still needs a human facilitator and context fit.",0.50,0.00,0.50,1.00,false,identical,identical_scores,,tg_8151819f0cabf172,create or administer training and awareness presentations or materials
29-2031.00,15236,"Assist physicians in the diagnosis and treatment of cardiac or peripheral vascular treatments, such as implanting pacemakers or assisting with balloon angioplasties to treat blood vessel blockages.",0.00,0.00,Assisting physicians during pacemaker implants or angioplasties is in-person invasive-procedure support.,Assisting with pacemaker implants or angioplasties is in-person invasive clinical work with explicit patient-safety dependence.,0.00,0.00,0.00,1.00,false,identical,identical_scores,,tg_ea2259cc07a8ed8f,"assist physicians in the diagnosis and treatment of cardiac or peripheral vascular treatments, such as implanting pacemakers or assisting with balloon angioplasties to treat blood vessel blockages"
13-1151.00,94,"Present information with a variety of instructional techniques or formats, such as role playing, simulations, team exercises, group discussions, videos, or lectures.",0.25,0.25,"Presenting with role play, simulations, or group discussion is live facilitation; AI can help prepare materials but not run the session.","Presenting via role play, discussion, or lecture is live facilitation; AI can draft content but cannot run the instructional interaction.",0.25,0.00,0.25,1.00,false,identical,identical_scores,,tg_b5b8f197ca8deeb7,"present information with a variety of instructional techniques or formats, such as role playing, simulations, team exercises, group discussions, videos, or lectures"
49-9052.00,20807,Pull cable through ducts by hand or with winches.,0.00,0.00,Pulling cable through ducts by hand or winch is physical line work.,Pulling cable through ducts by hand or winch is physical line work that requires on-site body and equipment use.,0.00,0.00,0.00,1.00,false,identical,identical_scores,,tg_d81b684f6ed05e0f,pull cable through ducts by hand or with winches
45-2092.00,23388,"Repair farm buildings, fences, and other structures.",0.00,0.00,"Repairing farm buildings, fences, and structures is physical construction and maintenance.","Repairing farm buildings and fences is outdoor physical construction and maintenance, not information substitution.",0.00,0.00,0.00,1.00,false,identical,identical_scores,,tg_e8d6d811bec3c53c,"repair farm buildings, fences, and other structures"
41-9091.00,13235,Arrange buying parties and solicit sponsorship of such parties to sell merchandise.,0.25,0.25,Arranging buying parties and soliciting sponsors is interpersonal sales organizing; AI may help target lists but does not host or solicit in typical practice.,Arranging buying parties and soliciting sponsors is in-person sales organizing; AI can only help with invitations or scripts.,0.25,0.00,0.25,1.00,false,identical,identical_scores,,tg_43c1024c654da64f,arrange buying parties and solicit sponsorship of such parties to sell merchandise
29-1229.06,17266,Supervise the rehabilitation of injured athletes.,0.25,0.25,Supervising injured-athlete rehabilitation is in-person clinical oversight; AI might suggest protocols but does not supervise the athlete.,"Supervising injured athletes' rehabilitation is in-person clinical oversight of bodies and recovery, with safety stakes.",0.25,0.00,0.25,1.00,false,identical,identical_scores,,tg_41f9a41557fd53ec,supervise the rehabilitation of injured athletes
25-1111.00,6214,Act as advisers to student organizations.,0.00,0.25,"Acting as adviser to student organizations is in-person mentorship and presence, not a substitutable digital task.",Advising student organizations is interpersonal mentoring and presence; AI is only a minor planning aid.,0.1250,0.25,0.00,0.85,false,deterministic_mean,deterministic_mean_and_snap,,tg_e021111850c5bff1,act as advisers to student organizations
27-3042.00,3976,Assist in laying out material for publication.,0.50,0.50,"Laying out publication material is digital production work AI can draft, while typography and page-judgment still need a technical writer.","Publication layout is digital and AI-draftable, but hierarchy, readability, and house-style choices still need a writer's judgment.",0.50,0.00,0.50,1.00,false,identical,identical_scores,,tg_0076afa9a67d0619,assist in laying out material for publication
47-2082.00,13535,Sand or patch nicks or cracks in plasterboard or wallboard.,0.00,0.00,Sanding or patching nicks and cracks in wallboard is physical finishing work.,Sanding or patching wallboard nicks is physical finishing work on a jobsite surface.,0.00,0.00,0.00,1.00,false,identical,identical_scores,,tg_215bc6df7725e8d4,sand or patch nicks or cracks in plasterboard or wallboard
51-9195.04,12643,Strike necks of finished articles to separate articles from blowpipes.,0.00,0.00,Striking finished glass necks off blowpipes is a physical glass-shop motion.,"Striking finished glass from a blowpipe is skilled physical shop work that depends on timing, heat, and hand control.",0.00,0.00,0.00,1.00,false,identical,identical_scores,,tg_d4cb34d0fed627da,strike necks of finished articles to separate articles from blowpipes
13-1041.07,19554,"Determine the legal implications of the production, supply, or use of ozone-depleting substances or equipment containing such substances.",0.50,0.50,"Determining legal implications of ozone-depleting substances is regulatory analysis AI can draft, but legal conclusion and liability judgment remain essential.","Legal-implication analysis is text work AI can draft, but ozone-rule interpretation and liability calls need specialist legal judgment.",0.50,0.00,0.50,1.00,false,identical,identical_scores,,tg_caadd1d669876aca,"determine the legal implications of the production, supply, or use of ozone-depleting substances or equipment containing such substances"
35-3031.00,2281,Prepare checks that itemize and total meal costs and sales taxes.,0.75,1.00,"Itemizing and totaling meal costs and tax is routine computation already done by POS systems, with only brief server confirmation typical.",Itemizing meal costs and sales tax is routine compute already done at expert parity by POS systems with no residual judgment load.,0.8750,0.25,0.75,0.85,false,deterministic_mean,deterministic_mean_and_snap,,tg_832b758094c05282,prepare checks that itemize and total meal costs and sales taxes
19-3041.00,5467,"Collect data about the attitudes, values, and behaviors of people in groups, using observation, interviews, and review of documents.",0.25,0.25,Collecting attitude data via observation and interviews is field social research; document review can be AI-assisted but the stated methods are mostly in-person.,Collecting attitude data via observation and interviews is in-person social research; document review is only one part of the task.,0.25,0.00,0.25,1.00,false,identical,identical_scores,,tg_8a6302606b7727fd,"collect data about the attitudes, values, and behaviors of people in groups, using observation, interviews, and review of documents"
43-6013.00,778,"Receive and route messages or documents, such as laboratory results, to appropriate staff.",0.75,0.75,Receiving and routing lab results and messages is routine digital workflow that EHR rules and AI can perform with brief exception handling.,"Receiving and routing lab results or messages is routine digital dispatch AI can perform, with brief checks for correct recipients.",0.75,0.00,0.75,1.00,false,identical,identical_scores,,tg_09b0dfd9f842b735,"receive and route messages or documents, such as laboratory results, to appropriate staff"
15-1241.01,16063,"Review and evaluate requests from engineers, managers, and technicians for system modifications.",0.50,0.50,"Evaluating requests for telecom system modifications is technical review AI can summarize, while change-risk judgment still needs a specialist.",Evaluating modification requests is technical review AI can summarize; accept/reject still needs engineering judgment about system risk.,0.50,0.00,0.50,1.00,false,identical,identical_scores,,tg_85588fb5363c4d5c,"review and evaluate requests from engineers, managers, and technicians for system modifications"
29-2043.00,22872,"Observe, record, and report to physician the patient's condition or injury, the treatment provided, and reactions to drugs or treatment.",0.25,0.25,Observing a patient’s condition in the field is physical clinical assessment; recording and reporting can be AI-assisted but the observation is in-person.,Observing a patient's condition and treatment response is in-person clinical sensing; recording is secondary to the bedside watch.,0.25,0.00,0.25,1.00,false,identical,identical_scores,,tg_d23416cb7410cde6,"observe, record, and report to physician the patient's condition or injury, the treatment provided, and reactions to drugs or treatment"
51-4192.00,10306,Add dimensional details to blueprints or drawings made by other workers.,0.50,0.75,"Adding dimensional details to others’ drawings is CAD information work AI can propose, yet fit to the physical part still needs a layout worker’s check.",Adding dimensions to existing drawings is structured CAD detailing AI can complete with brief checker oversight.,0.6250,0.25,0.50,0.85,false,deterministic_mean,deterministic_mean_and_snap,,tg_c6ba6067f8b7d0af,add dimensional details to blueprints or drawings made by other workers
53-4013.00,10678,"Receive, relay, and act upon instructions and inquiries from train operations and customer service center personnel.",0.25,0.25,"Receiving and acting on rail-yard instructions mixes radio communication with physical movement of equipment, so AI is only a minor assist.",Receiving and acting on rail-yard instructions is safety-critical live coordination; AI can relay text but not own the action.,0.25,0.00,0.25,1.00,false,identical,identical_scores,,tg_8f000630af8fcfe1,"receive, relay, and act upon instructions and inquiries from train operations and customer service center personnel"
29-1217.00,17113,"Counsel patients or others on the background of neurological disorders including risk factors, or genetic or environmental concerns.",0.25,0.25,Counseling patients about neurological risk and genetics is interpersonal clinical conversation; AI can supply handouts but not the counseling.,Counseling patients on neurological risk and genetics is in-person clinical communication that depends on the physician.,0.25,0.00,0.25,1.00,false,identical,identical_scores,,tg_4472cfec7bb2a190,"counsel patients or others on the background of neurological disorders including risk factors, or genetic or environmental concerns"
31-9095.00,2048,Greet customers and help them locate merchandise.,0.00,0.25,Greeting pharmacy customers and helping them find merchandise is in-person floor presence.,Greeting customers and helping them find merchandise is in-store interpersonal service; aisle lookup is only a minor AI assist.,0.1250,0.25,0.00,0.85,false,deterministic_mean,deterministic_mean_and_snap,,tg_a7fdf47f81558b03,greet customers and help them locate merchandise
19-2011.00,7535,Direct the operations of a planetarium.,0.25,0.25,Directing planetarium operations is on-site show and facility management; AI might help schedules or scripts but does not direct the operation.,"Directing planetarium operations is on-site show and facility leadership; AI can help with schedules, not the live direction.",0.25,0.00,0.25,1.00,false,identical,identical_scores,,tg_be1167ebb6cdd259,direct the operations of a planetarium
51-3091.00,10071,"Push racks or carts to transfer products to storage, cooling stations, or the next stage of processing.",0.00,0.00,Pushing racks or carts to move food products between process stages is physical material handling.,Pushing racks or carts between processing stations is physical material movement with no digital substitute.,0.00,0.00,0.00,1.00,false,identical,identical_scores,,tg_92c5ce5c30e6ce1a,"push racks or carts to transfer products to storage, cooling stations, or the next stage of processing"
39-4021.00,20599,"Perform various administrative tasks, such as typing documents or answering telephone calls.",0.50,0.50,"Typing funeral-home documents is highly AI-exposed, but answering telephone calls is still typically human, so overall exposure is partial.","Typing is highly exposed, but the task also includes answering calls; mixed admin work still needs a person for the phone side.",0.50,0.00,0.50,1.00,false,identical,identical_scores,,tg_ff090a9da0b2d1a0,"perform various administrative tasks, such as typing documents or answering telephone calls"
43-4161.00,2690,Process and review employment applications to evaluate qualifications or eligibility of applicants.,0.50,0.50,"Screening employment applications is digital review AI already drafts, yet eligibility and qualification decisions still typically get a human pass.","Application screening is digital and AI-draftable, yet eligibility and qualification calls remain HR judgment with fairness stakes.",0.50,0.00,0.50,1.00,false,identical,identical_scores,,tg_5920ef95b15ec953,process and review employment applications to evaluate qualifications or eligibility of applicants
51-3023.00,13994,Shackle hind legs of animals to raise them for slaughtering or skinning.,0.00,0.00,Shackling animal hind legs for slaughter or skinning is physical plant-floor work.,Shackling animals' hind legs for slaughter or skinning is physical plant work that cannot be done as a digital task.,0.00,0.00,0.00,1.00,false,identical,identical_scores,,tg_098dcba808a5f90d,shackle hind legs of animals to raise them for slaughtering or skinning
51-4072.00,10175,"Set up, operate, or tend metal or plastic molding, casting, or coremaking machines to mold or cast metal or thermoplastic parts or products.",0.00,0.00,Setting up and tending metal or plastic molding machines is physical machine operation.,Setting up and tending molding or casting machines is physical machine operation on the shop floor.,0.00,0.00,0.00,1.00,false,identical,identical_scores,,tg_3a0d70031498a580,"set up, operate, or tend metal or plastic molding, casting, or coremaking machines to mold or cast metal or thermoplastic parts or products"
39-9041.00,6993,Chaperone group-sponsored trips and social functions.,0.00,0.00,Chaperoning group trips and social functions is in-person supervision of people in a place.,Chaperoning trips and social functions requires in-person presence and custodial responsibility for the group.,0.00,0.00,0.00,1.00,false,identical,identical_scores,,tg_758aab4baf82e977,chaperone group-sponsored trips and social functions
29-1224.00,17243,"Obtain patients' histories from electronic records, patient interviews, dictated reports, or by communicating with referring clinicians.",0.50,0.50,"Gathering histories from EHR, dictated reports, and interviews is mixed information work AI can extract from records, while interviews and synthesis still need the radiologist.","EHR and dictation review is AI-strong, but the task also requires patient interviews and clinician communication, so judgment stays essential.",0.50,0.00,0.50,1.00,false,identical,identical_scores,,tg_4c266cf2376e79ed,"obtain patients' histories from electronic records, patient interviews, dictated reports, or by communicating with referring clinicians"
25-3011.00,6838,Prepare and implement remedial programs for students requiring extra help.,0.25,0.25,"Preparing remedial programs can be AI-drafted, but implementing extra-help instruction with adult learners is interpersonal teaching.",Implementing remedial programs is live teaching of students who need extra help; AI can only draft lesson outlines.,0.25,0.00,0.25,1.00,false,identical,identical_scores,,tg_5f83e0e5e894a48e,prepare and implement remedial programs for students requiring extra help
29-1127.00,1875,Develop speech exercise programs to reduce disabilities.,0.50,0.50,"Developing speech-exercise programs is structured clinical planning AI can draft, while choosing exercises for a specific disability still needs the pathologist.",Designing speech-exercise programs is clinical planning AI can draft; disability-specific dosing still needs pathologist judgment.,0.50,0.00,0.50,1.00,false,identical,identical_scores,,tg_e386b66ee440ef0e,develop speech exercise programs to reduce disabilities
43-3061.00,2545,"Maintain knowledge of all organizational and governmental rules affecting purchases, and provide information about these rules to organization staff members and to vendors.",0.50,0.50,"Tracking purchase rules and answering staff or vendors is knowledge work AI can retrieve, but applying the right organizational rule still needs a clerk.","Explaining purchasing rules is information work AI can retrieve, but applying the right rule to staff or vendors still needs a clerk's judgment.",0.50,0.00,0.50,1.00,false,identical,identical_scores,,tg_9d8774ebee51bd4b,"maintain knowledge of all organizational and governmental rules affecting purchases, and provide information about these rules to organization staff members and to vendors"
53-6041.00,8632,"Plan, design, and improve components of traffic control systems to accommodate current or projected traffic and to increase usability and efficiency.",0.50,0.50,"Planning and designing traffic-control components is engineering analysis AI can draft, while safety and field constraints still require a technician’s judgment.",Traffic-control design is analytic/CAD work AI can draft; public-safety performance of the system still needs technician judgment.,0.50,0.00,0.50,1.00,false,identical,identical_scores,,tg_8652e8bd910eb5ee,"plan, design, and improve components of traffic control systems to accommodate current or projected traffic and to increase usability and efficiency"
27-1014.00,6895,Implement and maintain configuration control systems.,0.50,0.75,"Implementing configuration-control systems is digital process work AI can help set up, but ownership of versions and approvals remains human.","Configuration-control systems are digital assets AI can implement and maintain, with brief human checks for breakage.",0.6250,0.25,0.50,0.85,false,deterministic_mean,deterministic_mean_and_snap,,tg_567d16c7aebd0f8e,implement and maintain configuration control systems
43-5031.00,2721,"Test and adjust communication and alarm systems, and report malfunctions to maintenance units.",0.25,0.25,Testing and adjusting alarm hardware is physical equipment work; AI might draft malfunction reports but cannot perform the test and adjust step.,Testing and adjusting alarm hardware is on-site physical checkout of public-safety systems; reporting is only a minor digital piece.,0.25,0.00,0.25,1.00,false,identical,identical_scores,,tg_84fd1e92e7e82512,"test and adjust communication and alarm systems, and report malfunctions to maintenance units"
51-4031.00,10126,Turn valves to start flow of coolant against cutting areas or to start airflow that blows cuttings away from kerfs.,0.00,0.00,Turning valves to start coolant or airflow at a cutting machine is physical machine tending.,Turning valves to start coolant or airflow at a cutting machine is physical machine tending at the tool.,0.00,0.00,0.00,1.00,false,identical,identical_scores,,tg_87af3f010f0c6009,turn valves to start flow of coolant against cutting areas or to start airflow that blows cuttings away from kerfs
21-1014.00,1598,Develop and implement treatment plans based on clinical experience and knowledge.,0.25,0.50,Developing and implementing mental-health treatment plans is clinical interpersonal work grounded in experience; AI templates are only a minor assist.,Treatment-plan drafting is information work AI can outline; clinical experience and implementation decisions remain the counselor's.,0.3750,0.25,0.25,0.85,false,deterministic_mean,deterministic_mean_and_snap,,tg_57d843402910bc9b,develop and implement treatment plans based on clinical experience and knowledge
39-5012.00,640,"Update and maintain customer information records, such as beauty services provided.",0.75,0.75,Updating salon records of services provided is routine digital data entry that POS systems and AI can complete with brief stylist confirmation.,Updating beauty-service records is routine digital data entry AI or software can complete with brief verification.,0.75,0.00,0.75,1.00,false,identical,identical_scores,,tg_11026df00aba8ed2,"update and maintain customer information records, such as beauty services provided"
29-1229.05,17217,Identify groups at risk for specific preventable diseases or injuries.,0.50,0.50,"Identifying at-risk groups for preventable disease is epidemiologic analysis AI can draft from data, while defining risk groups still needs physician judgment.",Identifying at-risk groups from epidemiologic patterns is analytic work AI can draft; prevention targeting still needs physician judgment.,0.50,0.00,0.50,1.00,false,identical,identical_scores,,tg_2dc0b932f9a099c9,identify groups at risk for specific preventable diseases or injuries
23-1011.00,3792,Probate wills and represent and advise executors and administrators of estates.,0.50,0.50,"Probating wills and advising executors is legal document and counsel work AI can draft, but representation and estate judgment remain essential.","Probate advice and representation is legal work AI can draft, but court representation and executor counsel require lawyer authority.",0.50,0.00,0.50,1.00,false,identical,identical_scores,,tg_9765759f216c9f8b,probate wills and represent and advise executors and administrators of estates
51-9111.00,3140,"Package the product in the form in which it will be sent out, for example, filling bags with flour from a chute or spout.",0.00,0.00,Filling bags from a chute or otherwise packaging product is physical packing-line work.,Filling bags from a chute and packaging product is physical packing-line work.,0.00,0.00,0.00,1.00,false,identical,identical_scores,,tg_121fa1850d5f9665,"package the product in the form in which it will be sent out, for example, filling bags with flour from a chute or spout"
25-2023.00,6636,"Attend staff meetings and serve on committees, as required.",0.00,0.25,"Attending staff meetings and serving on committees is in-person institutional presence, not a digital production task.",Attending staff meetings and serving on committees is in-person institutional participation; AI can only summarize or prep notes.,0.1250,0.25,0.00,0.85,false,deterministic_mean,deterministic_mean_and_snap,,tg_774f5b40b171de36,"attend staff meetings and serve on committees, as required"
15-2041.00,8963,Supervise and provide instructions for workers collecting and tabulating data.,0.25,0.25,Supervising and instructing data-collection workers is interpersonal direction; AI may help write instructions but does not supervise the crew.,Supervising and instructing data-collection workers is interpersonal direction of people doing field or tabulation work.,0.25,0.00,0.25,1.00,false,identical,identical_scores,,tg_01fe9ec0462c3062,supervise and provide instructions for workers collecting and tabulating data
29-1141.04,18003,"Provide direct care by performing comprehensive health assessments, developing differential diagnoses, conducting specialized tests, or prescribing medications or treatments.",0.00,0.25,"Performing comprehensive assessments, specialized tests, and prescribing in direct care is in-person clinical practice.","Direct care, exams, specialized tests, and prescribing are in-person clinical acts with safety and signature authority.",0.1250,0.25,0.00,0.85,false,deterministic_mean,deterministic_mean_and_snap,,tg_61ee458268d5fd31,"provide direct care by performing comprehensive health assessments, developing differential diagnoses, conducting specialized tests, or prescribing medications or treatments"
25-2022.00,6592,"Use computers, audio-visual aids, and other equipment and materials to supplement presentations.",0.25,0.25,"Using computers and AV equipment to supplement classroom presentations is on-site tool operation during teaching, with only minor AI help on content.","Using computers and AV gear to supplement live class presentations is classroom support, not a standalone digital production task.",0.25,0.00,0.25,1.00,false,identical,identical_scores,,tg_38372a1b783e95c5,"use computers, audio-visual aids, and other equipment and materials to supplement presentations"
25-1053.00,5914,Act as advisers to student organizations.,0.00,0.25,Acting as adviser to student organizations is in-person faculty mentorship rather than substitutable information work.,Advising student organizations is interpersonal faculty mentoring that depends on presence and relationship.,0.1250,0.25,0.00,0.85,false,deterministic_mean,deterministic_mean_and_snap,,tg_e021111850c5bff1,act as advisers to student organizations
11-3131.00,1008,Conduct orientation sessions and arrange on-the-job training for new hires.,0.25,0.25,Conducting orientation and arranging on-the-job training is live interpersonal onboarding; AI can draft packets but not run the sessions.,Conducting orientation and arranging on-the-job training is live people development; materials can be AI-assisted only.,0.25,0.00,0.25,1.00,false,identical,identical_scores,,tg_345e16b68b6d593d,conduct orientation sessions and arrange on-the-job training for new hires
19-3032.00,7572,"Analyze data, using statistical methods and applications, to evaluate the outcomes and effectiveness of workplace programs.",0.50,0.75,"Statistically evaluating workplace-program outcomes is analytical work AI and stats software can compute, while design and interpretation stay with the psychologist.","Statistical evaluation of workplace-program outcomes is digital analysis AI can run, with brief review of methods and interpretation.",0.6250,0.25,0.50,0.85,false,deterministic_mean,deterministic_mean_and_snap,,tg_9907feb8b1985500,"analyze data, using statistical methods and applications, to evaluate the outcomes and effectiveness of workplace programs"
47-2041.00,2840,"Cut carpet padding to size and install padding, following prescribed method.",0.00,0.00,Cutting and installing carpet padding on the floor is physical installation.,Cutting and installing carpet padding on a floor is physical installation work.,0.00,0.00,0.00,1.00,false,identical,identical_scores,,tg_66bfcfd851549038,"cut carpet padding to size and install padding, following prescribed method"
51-4031.00,20821,Operate forklifts to deliver materials.,0.00,0.00,Operating forklifts to deliver materials is physical equipment operation.,Operating a forklift to deliver materials is physical vehicle operation on the shop floor.,0.00,0.00,0.00,1.00,false,identical,identical_scores,,tg_5a146b3b0b530417,operate forklifts to deliver materials
43-9041.00,23315,Post or attach information to claim file.,0.75,1.00,Posting or attaching information to a claim file is routine digital filing that claims systems and AI can complete with brief clerk review.,Posting or attaching information to a claim file is routine digital filing at expert-parity with current document systems.,0.8750,0.25,0.75,0.85,false,deterministic_mean,deterministic_mean_and_snap,,tg_f1f4f0ddc5e5fe82,post or attach information to claim file
19-4099.03,16998,"Manipulate raw data to enhance interpretation, either on the ground or during remote sensing flights.",0.50,0.50,"Manipulating remote-sensing data to enhance interpretation is digital processing AI can assist, but choosing enhancements for a scene still needs a technician.","Enhancing remote-sensing data is digital, but the task also covers in-flight or on-the-ground work that still needs a technician.",0.50,0.00,0.50,1.00,false,identical,identical_scores,,tg_126a8aa84207f03c,"manipulate raw data to enhance interpretation, either on the ground or during remote sensing flights"
33-1011.00,9435,"Monitor behavior of subordinates to ensure alert, courteous, and professional behavior toward inmates, parolees, fellow employees, visitors, and the public.",0.00,0.00,Monitoring correctional staff behavior toward inmates and visitors is in-person supervisory observation in a facility.,Monitoring subordinate behavior toward inmates and visitors is in-person correctional supervision with safety dependence.,0.00,0.00,0.00,1.00,false,identical,identical_scores,,tg_5676b9f9d750b7e9,"monitor behavior of subordinates to ensure alert, courteous, and professional behavior toward inmates, parolees, fellow employees, visitors, and the public"
29-1141.03,18339,Compile and analyze data obtained from monitoring or diagnostic tests.,0.50,0.50,"Compiling and analyzing ICU monitoring or diagnostic data is information work AI can flag, while clinical meaning in critical care still needs the nurse.","Compiling monitor and diagnostic data is digital, but critical-care interpretation and action still need nurse judgment.",0.50,0.00,0.50,1.00,false,identical,identical_scores,,tg_a4b5831358cf7566,compile and analyze data obtained from monitoring or diagnostic tests
51-9195.05,15126,"Maintain supplies of tools, equipment, and materials, and order additional supplies as needed.",0.25,0.25,Maintaining pottery tools and materials is mostly physical stock-keeping; ordering can be digital but typical practice is hands-on supply checks.,Maintaining shop tools and materials is mostly physical stock-keeping; ordering is a minor digital assist.,0.25,0.00,0.25,1.00,false,identical,identical_scores,,tg_f8764e664cf05786,"maintain supplies of tools, equipment, and materials, and order additional supplies as needed"
35-2011.00,5066,"Prepare dough, following recipe.",0.00,0.00,Preparing dough from a recipe is physical food production.,Preparing dough from a recipe is hands-on food production; a recipe prompt does not substitute the physical cook task.,0.00,0.00,0.00,1.00,false,identical,identical_scores,,tg_38e171afd7666930,"prepare dough, following recipe"
15-2051.01,16135,"Maintain library of model documents, templates, or other reusable knowledge assets.",0.75,0.75,Maintaining a library of model documents and reusable templates is digital knowledge management AI can organize and tag with brief curator check.,Maintaining a library of model documents and templates is digital knowledge management AI can organize with light curation.,0.75,0.00,0.75,1.00,false,identical,identical_scores,,tg_3bb19660f2a38293,"maintain library of model documents, templates, or other reusable knowledge assets"
11-3131.00,1019,Prepare training budget for department or organization.,0.50,0.50,"Preparing a departmental training budget is financial planning AI can draft from headcount and vendor costs, while priorities still need a manager.",A training budget is a structured financial draft AI can prepare; departmental tradeoffs and approval remain manager judgment.,0.50,0.00,0.50,1.00,false,identical,identical_scores,,tg_2a2d02675a616a43,prepare training budget for department or organization
15-1232.00,1283,Enter commands and observe system functioning to verify correct operations and detect errors.,0.50,0.75,"Entering commands and watching whether a system behaves correctly is digital troubleshooting AI can suggest, but live verification still needs the support specialist.","Entering commands and watching for errors is digital ops work AI can drive, with brief human confirmation of failures.",0.6250,0.25,0.50,0.85,false,deterministic_mean,deterministic_mean_and_snap,,tg_89b2573b1f46b9a3,enter commands and observe system functioning to verify correct operations and detect errors
13-1031.00,21432,Confer with legal counsel on claims requiring litigation.,0.25,0.25,"Conferring with legal counsel about claims in litigation is professional interpersonal discussion, not a task AI typically performs.","Conferring with counsel on litigated claims is professional dialogue about legal strategy, not a document AI can own.",0.25,0.00,0.25,1.00,false,identical,identical_scores,,tg_4c6dcdcb1e2f328d,confer with legal counsel on claims requiring litigation
17-3022.00,1470,Report maintenance problems occurring at project site to supervisor and negotiate changes to resolve system conflicts.,0.25,0.25,Reporting site maintenance problems and negotiating fixes is field interpersonal coordination; AI might draft the report but not the on-site negotiation.,"Reporting site maintenance problems and negotiating fixes is field communication and bargaining, not desk automation.",0.25,0.00,0.25,1.00,false,identical,identical_scores,,tg_b6a9ce0f9431b266,report maintenance problems occurring at project site to supervisor and negotiate changes to resolve system conflicts
51-9124.00,23654,Clean equipment and work areas.,0.00,0.00,Cleaning coating equipment and work areas is physical janitorial and machine-cleaning work.,Cleaning coating equipment and work areas is physical janitorial/shop cleanup.,0.00,0.00,0.00,1.00,false,identical,identical_scores,,tg_3d96db0f64e10a72,clean equipment and work areas
13-1074.00,14838,Pay wages of contracted farm laborers.,0.50,0.50,"Paying contracted farm laborers is transactional payroll work software can compute, but field contractors still typically authorize and issue pay.","Paying contracted wages is routine payroll compute, but disbursement still carries authorization and wage-law judgment.",0.50,0.00,0.50,1.00,false,identical,identical_scores,,tg_d4a7efb94dd1b22d,pay wages of contracted farm laborers
25-1071.00,6112,Advise students on academic and vocational curricula and on career issues.,0.25,0.25,Advising students on curricula and careers is interpersonal academic counseling; AI can suggest options but typical advising is a conversation.,Advising students on curricula and careers is interpersonal mentoring that depends on the faculty relationship.,0.25,0.00,0.25,1.00,false,identical,identical_scores,,tg_7858efe2beda4acf,advise students on academic and vocational curricula and on career issues
51-8093.00,14317,"Patrol units to monitor the amount of oil in storage tanks, and to verify that activities and operations are safe, efficient, and in compliance with regulations.",0.00,0.00,Patrolling units to check tank levels and safe operations is physical walk-around monitoring at a refinery.,Patrolling tanks to verify oil levels and safe operations is on-unit physical inspection with process-safety stakes.,0.00,0.00,0.00,1.00,false,identical,identical_scores,,tg_45e8cb204b937fea,"patrol units to monitor the amount of oil in storage tanks, and to verify that activities and operations are safe, efficient, and in compliance with regulations"
27-2011.00,7661,"Construct puppets and ventriloquist dummies, and sew accessory clothing, using hand tools and machines.",0.00,0.00,Constructing puppets and sewing accessory clothing with hand tools is physical craft work.,Building puppets and sewing dummy clothing with hand tools is physical craft construction.,0.00,0.00,0.00,1.00,false,identical,identical_scores,,tg_35269e9b236d9333,"construct puppets and ventriloquist dummies, and sew accessory clothing, using hand tools and machines"
17-2199.11,16563,Test or evaluate photovoltaic (PV) cells or modules.,0.25,0.25,Testing or evaluating PV cells is mostly lab or field hardware measurement; AI can help interpret curves but the test itself is physical.,Testing PV cells or modules is hardware bench or field measurement; AI can help interpret curves but not run the physical test.,0.25,0.00,0.25,1.00,false,identical,identical_scores,,tg_59789bd5033f3cbf,test or evaluate photovoltaic (pv) cells or modules
25-2032.00,6677,"Plan and conduct activities for a balanced program of instruction, demonstration, and work time that provides students with opportunities to observe, question, and investigate.",0.25,0.25,"Planning instruction can be AI-assisted, but conducting demonstrations and student investigation time is in-person teaching.","Planning and conducting instruction, demonstration, and work time is live classroom teaching, not a document-only task.",0.25,0.00,0.25,1.00,false,identical,identical_scores,,tg_b3fbdee3f6eef210,"plan and conduct activities for a balanced program of instruction, demonstration, and work time that provides students with opportunities to observe, question, and investigate"
33-9099.02,17579,Recommend methods to reduce potential financial fraud losses.,0.50,0.50,"Recommending methods to cut financial-fraud losses is analytical advice AI can draft from loss patterns, while store-specific controls still need a specialist.",Recommending fraud-loss controls is analytic advice AI can draft; store-specific controls still need loss-prevention judgment.,0.50,0.00,0.50,1.00,false,identical,identical_scores,,tg_cc1125680e139363,recommend methods to reduce potential financial fraud losses
49-9095.00,13884,Confer with customers or read work orders to determine the nature and extent of damage to units.,0.25,0.25,Determining mobile-home damage from customer talk or work orders usually still needs on-site inspection; AI can parse the order but not assess the unit.,"Reading a work order is digital, but conferring and judging unit damage is in-person sensory assessment of a physical home.",0.25,0.00,0.25,1.00,false,identical,identical_scores,,tg_c2ab8cab1926536f,confer with customers or read work orders to determine the nature and extent of damage to units
23-1021.00,7625,"Conduct hearings to review and decide claims regarding issues, such as social program eligibility, environmental protection, or enforcement of health and safety regulations.",0.25,0.25,Conducting hearings and deciding claims is in-person adjudicative judgment; AI might draft findings but does not run the hearing in typical practice.,Conducting hearings and deciding claims is in-person adjudicative authority AI can brief but cannot lawfully substitute.,0.25,0.00,0.25,1.00,false,identical,identical_scores,,tg_9b85f81fc8a9ae8c,"conduct hearings to review and decide claims regarding issues, such as social program eligibility, environmental protection, or enforcement of health and safety regulations"
17-3011.00,21929,"Determine procedures and instructions to be followed, according to design specifications and quantity of required materials.",0.50,0.50,"Turning design specifications and material quantities into procedures is document work AI can draft, while constructability judgment still needs a drafter.",Turning design specs into procedures is information work AI can draft; constructability and material quantities still need drafter judgment.,0.50,0.00,0.50,1.00,false,identical,identical_scores,,tg_a9b520567ef83b40,"determine procedures and instructions to be followed, according to design specifications and quantity of required materials"
29-9099.01,17465,Assist maternal patients to find physical positions that will facilitate childbirth.,0.00,0.00,Helping a laboring patient find physical positions for childbirth is in-person bodily assistance.,Positioning a laboring patient to facilitate childbirth is hands-on clinical body work with explicit safety dependence.,0.00,0.00,0.00,1.00,false,identical,identical_scores,,tg_cb01f2604b37b689,assist maternal patients to find physical positions that will facilitate childbirth
39-9032.00,2397,Serve as liaison between park or recreation administrators and activity instructors.,0.25,0.25,Serving as liaison between park administrators and instructors is interpersonal coordination with only minor AI help on messages.,"Serving as liaison between administrators and instructors is interpersonal coordination, not a task AI can perform in role.",0.25,0.00,0.25,1.00,false,identical,identical_scores,,tg_875c59fc6f4a04f8,serve as liaison between park or recreation administrators and activity instructors
25-9043.00,22507,"Provide students with disabilities with assistive devices, supportive technology, and assistance accessing facilities, such as restrooms.",0.00,0.00,Helping students with disabilities use devices and access restrooms is in-person physical assistance.,Helping students with disabilities use devices and access restrooms is in-person physical assistance.,0.00,0.00,0.00,1.00,false,identical,identical_scores,,tg_56c015c9105193f3,"provide students with disabilities with assistive devices, supportive technology, and assistance accessing facilities, such as restrooms"
35-1012.00,18714,"Perform various financial activities, such as cash handling, deposit preparation, and payroll.",0.25,0.25,"Cash handling is physical till work; deposit and payroll software can assist, but the stated mix is still mostly on-site money handling.",Cash handling and deposit prep are physical custody of money; payroll software is only a minor part of the stated task.,0.25,0.00,0.25,1.00,false,identical,identical_scores,,tg_a7dd52b3dc8c0c5e,"perform various financial activities, such as cash handling, deposit preparation, and payroll"
13-1081.01,15864,Direct the work of logistics analysts.,0.25,0.25,"Directing logistics analysts is interpersonal supervision, not a task current AI typically performs.","Directing logistics analysts is interpersonal supervision of staff, not an analytic workflow AI can own.",0.25,0.00,0.25,1.00,false,identical,identical_scores,,tg_51b1bd6d9f7cca5a,direct the work of logistics analysts
53-4011.00,12751,Observe tracks to detect obstructions.,0.00,0.00,Observing tracks from a moving locomotive to detect obstructions is real-time physical visual watch.,Watching tracks for obstructions is in-cab visual sensing with rail-safety stakes that remain operator-dependent.,0.00,0.00,0.00,1.00,false,identical,identical_scores,,tg_5d044d06af4b5e9e,observe tracks to detect obstructions
41-4011.07,17657,"Assess sites to determine suitability for solar equipment, using equipment such as tape measures, compasses, and computer software.",0.25,0.25,Assessing solar sites with tape measures and compasses is on-site measurement; software helps but typical suitability checks are still field work.,"Site suitability checks use tape, compass, and software, but the core act is on-site measurement and visual assessment.",0.25,0.00,0.25,1.00,false,identical,identical_scores,,tg_6960f63360ce7774,"assess sites to determine suitability for solar equipment, using equipment such as tape measures, compasses, and computer software"
53-5021.00,23816,"Maintain boats or equipment on board, such as engines, winches, navigational systems, fire extinguishers, or life preservers.",0.00,0.00,"Maintaining engines, winches, extinguishers, and other boat equipment is physical onboard maintenance.","Maintaining engines, winches, and life-saving gear aboard a vessel is physical marine maintenance with safety dependence.",0.00,0.00,0.00,1.00,false,identical,identical_scores,,tg_1c3edea77664f4b7,"maintain boats or equipment on board, such as engines, winches, navigational systems, fire extinguishers, or life preservers"
31-9097.00,19382,"Organize or clean blood-drawing trays, ensuring that all instruments are sterile and all needles, syringes, or related items are of first-time use.",0.00,0.00,Organizing and cleaning sterile blood-draw trays and single-use needles is physical clinical prep.,Organizing and sterilizing blood-draw trays is physical clinical prep with infection-control requirements.,0.00,0.00,0.00,1.00,false,identical,identical_scores,,tg_5bdd147cd1a9dd63,"organize or clean blood-drawing trays, ensuring that all instruments are sterile and all needles, syringes, or related items are of first-time use"
11-3051.02,15434,Communicate geothermal plant conditions to employees.,0.50,0.50,"Communicating geothermal plant conditions is status information AI or dashboards can draft, while shift crews still typically rely on a manager’s briefing.","Communicating plant conditions can be drafted or alerted by systems, but operational meaning and who must act still need a manager.",0.50,0.00,0.50,1.00,false,identical,identical_scores,,tg_91d8c57ec186cdcc,communicate geothermal plant conditions to employees
11-1011.03,15381,Develop methodologies to assess the viability or success of sustainability initiatives.,0.50,0.50,"Developing methods to assess sustainability initiatives is framework design AI can outline, but organizational viability judgment remains executive.",Methodology design for sustainability assessment is analytic work AI can outline; validity choices remain executive judgment.,0.50,0.00,0.50,1.00,false,identical,identical_scores,,tg_3a90f8f75ebfcdef,develop methodologies to assess the viability or success of sustainability initiatives
25-1122.00,6294,"Plan, evaluate, and revise curricula, course content, course materials, and methods of instruction.",0.50,0.50,"Planning and revising curricula and course materials is document work AI drafts well, while instructional methods and standards still need the teacher.","Curriculum revision is document work AI can draft; pedagogy, sequencing, and course fit still need faculty judgment.",0.50,0.00,0.50,1.00,false,identical,identical_scores,,tg_4364a3426fe82750,"plan, evaluate, and revise curricula, course content, course materials, and methods of instruction"
17-1022.00,3546,"Conduct research in surveying and mapping methods, using knowledge of photogrammetric map compilation and electronic data processing.",0.50,0.50,"Researching surveying and photogrammetric methods is literature and methods work AI can assist, but research conclusions still need a surveyor.",Researching surveying and mapping methods is knowledge work AI can support; method choice still needs surveyor judgment.,0.50,0.00,0.50,1.00,false,identical,identical_scores,,tg_65bac16e3025ead9,"conduct research in surveying and mapping methods, using knowledge of photogrammetric map compilation and electronic data processing"
27-2012.04,11027,"Locate performers or extras for crowd and background scenes, and stand-ins or photo doubles for actors, by direct contact or through agents.",0.25,0.25,Locating extras and stand-ins by direct contact or agents is interpersonal casting; databases help but typical practice is still human outreach.,"Finding extras and doubles through agents or direct contact is interpersonal casting, not a resume-parse task alone.",0.25,0.00,0.25,1.00,false,identical,identical_scores,,tg_04b3be9efad0e304,"locate performers or extras for crowd and background scenes, and stand-ins or photo doubles for actors, by direct contact or through agents"
29-9092.00,17508,"Interview patients or review medical records to obtain comprehensive patient or family medical histories, and document findings.",0.50,0.50,"Reviewing records and documenting family histories is information work AI can extract, while patient interviews and genetic counseling context stay human.","Record review is AI-strong, but comprehensive genetic histories also require patient interviews and counselor documentation judgment.",0.50,0.00,0.50,1.00,false,identical,identical_scores,,tg_df4f110533188319,"interview patients or review medical records to obtain comprehensive patient or family medical histories, and document findings"
37-3011.00,9591,"Care for established lawns by mulching, aerating, weeding, grubbing, removing thatch, or trimming or edging around flower beds, walks, or walls.",0.00,0.00,"Mulching, aerating, weeding, and edging lawns is physical groundskeeping.","Mulching, aerating, weeding, and edging lawns is outdoor physical grounds work.",0.00,0.00,0.00,1.00,false,identical,identical_scores,,tg_23242fc4883e173d,"care for established lawns by mulching, aerating, weeding, grubbing, removing thatch, or trimming or edging around flower beds, walks, or walls"
53-6032.00,23835,Climb ladders to reach aircraft surfaces to be cleaned.,0.00,0.00,Climbing ladders to reach aircraft surfaces for cleaning is physical work at height.,Climbing ladders to reach aircraft surfaces for cleaning is physical work at height with safety dependence.,0.00,0.00,0.00,1.00,false,identical,identical_scores,,tg_96f229e58f94faf5,climb ladders to reach aircraft surfaces to be cleaned
25-9043.00,22503,"Prepare lesson materials, bulletin board displays, exhibits, equipment, and demonstrations.",0.25,0.25,"Preparing bulletin boards, exhibits, equipment, and demonstrations is mostly hands-on classroom setup, with only limited AI help on printed materials.","Bulletin boards, exhibits, equipment, and live demonstrations are physical classroom setup; digital worksheets are only part of it.",0.25,0.00,0.25,1.00,false,identical,identical_scores,,tg_f5a75e86a643d991,"prepare lesson materials, bulletin board displays, exhibits, equipment, and demonstrations"
25-9044.00,10971,Order or obtain materials needed for classes.,0.50,0.75,"Ordering class materials is routine procurement AI and purchasing systems can draft, though obtaining items may still include physical pickup.",Ordering class materials is routine procurement AI or purchasing systems can complete with brief stock checks.,0.6250,0.25,0.50,0.85,false,deterministic_mean,deterministic_mean_and_snap,,tg_f2a978b722131158,order or obtain materials needed for classes
43-9061.00,843,"Prepare meeting agendas, attend meetings, and record and transcribe minutes.",0.75,0.50,"Agenda drafting and minute transcription are routine text tasks near AI expert parity; attending the meeting still needs a clerk, so a brief human check remains.","Agendas and transcription are highly AI-exposed, but attending the meeting and capturing decisions still need a person in the room.",0.6250,0.25,0.50,0.85,false,deterministic_mean,deterministic_mean_and_snap,,tg_541f274f788aec91,"prepare meeting agendas, attend meetings, and record and transcribe minutes"
47-5032.00,9919,Cut specified lengths of primacord and attach primers to cord ends.,0.00,0.00,Cutting primacord and attaching primers is physical explosives handling.,Cutting primacord and attaching primers is physical explosives handling with explicit safety dependence.,0.00,0.00,0.00,1.00,false,identical,identical_scores,,tg_9ea35194ff4b0fde,cut specified lengths of primacord and attach primers to cord ends
25-1122.00,6297,Advise students on academic and vocational curricula and on career issues.,0.25,0.25,Advising students on curricula and careers is interpersonal counseling; AI can suggest pathways but does not replace the advising conversation.,"Advising students on curricula and careers is interpersonal faculty advising, not a chatbot-replaceable task in full.",0.25,0.00,0.25,1.00,false,identical,identical_scores,,tg_7858efe2beda4acf,advise students on academic and vocational curricula and on career issues
15-1299.09,16171,Develop and manage work breakdown structure (WBS) of information technology projects.,0.50,0.50,"Building an IT work-breakdown structure is digital planning AI can generate from requirements, while scope and dependency judgment still need a PM.","A WBS can be drafted by AI, but developing and managing it across an IT project still needs a project manager's judgment.",0.50,0.00,0.50,1.00,false,identical,identical_scores,,tg_5178b43fbc3b856e,develop and manage work breakdown structure (wbs) of information technology projects
19-3051.00,20523,Determine the effects of regulatory limitations on land use projects.,0.50,0.50,"Determining how regulations constrain land-use projects is legal-planning analysis AI can draft, while local-code interpretation still needs a planner.",Regulatory effects on land use are analytic/legal review AI can draft; project-specific constraint calls need planner judgment.,0.50,0.00,0.50,1.00,false,identical,identical_scores,,tg_2087fa9156229067,determine the effects of regulatory limitations on land use projects
41-1012.00,9672,Visit retailers and sales representatives to promote products and gather information.,0.00,0.25,Visiting retailers and sales representatives to promote products is in-person field travel.,"Visiting retailers to promote products and gather information is in-person field sales, not desk research.",0.1250,0.25,0.00,0.85,false,deterministic_mean,deterministic_mean_and_snap,,tg_d13920a72ab80539,visit retailers and sales representatives to promote products and gather information
33-1091.00,22952,"Order materials or supplies, such as keys, uniforms, and badges.",0.50,0.75,"Ordering keys, uniforms, and badges is routine purchasing AI can initiate from stock lists, but need-to-order judgment still typically stays with the supervisor.","Ordering keys, uniforms, and badges is routine supply purchasing AI or e-procurement can handle with light approval.",0.6250,0.25,0.50,0.85,false,deterministic_mean,deterministic_mean_and_snap,,tg_5591b6131e1a9866,"order materials or supplies, such as keys, uniforms, and badges"
11-2021.00,951,"Identify, develop, or evaluate marketing strategy, based on knowledge of establishment objectives, market characteristics, and cost and markup factors.",0.50,0.50,"Identifying and evaluating marketing strategy is analytical planning AI can draft, while objectives, markup, and brand judgment remain essential.","Marketing-strategy development is information work AI can draft; objectives, markup, and market fit still need manager judgment.",0.50,0.00,0.50,1.00,false,identical,identical_scores,,tg_75d54f0b0495f198,"identify, develop, or evaluate marketing strategy, based on knowledge of establishment objectives, market characteristics, and cost and markup factors"
53-7021.00,10770,"Clean, lubricate, and maintain mechanisms such as cables, pulleys, or grappling devices, making repairs, as necessary.",0.00,0.00,"Cleaning, lubricating, and repairing crane cables, pulleys, and grapples is physical mechanical maintenance.","Cleaning, lubricating, and repairing crane cables and pulleys is physical equipment maintenance.",0.00,0.00,0.00,1.00,false,identical,identical_scores,,tg_576b5f67734b7ed6,"clean, lubricate, and maintain mechanisms such as cables, pulleys, or grappling devices, making repairs, as necessary"
49-2095.00,11751,"Disconnect voltage regulators, bolts, and screws, and connect replacement regulators to high-voltage lines.",0.00,0.00,Disconnecting voltage regulators and connecting replacements on high-voltage lines is physical electrical work.,Disconnecting and replacing high-voltage regulators is physical electrical work with explicit shock and safety risk.,0.00,0.00,0.00,1.00,false,identical,identical_scores,,tg_ba5d0730438943e0,"disconnect voltage regulators, bolts, and screws, and connect replacement regulators to high-voltage lines"
13-1121.00,1224,Organize registration of event participants.,0.75,0.75,Organizing event-participant registration is routine digital workflow that event software and AI already run with brief planner oversight.,Event registration is routine digital intake and list management AI or registration platforms can run with brief oversight.,0.75,0.00,0.75,1.00,false,identical,identical_scores,,tg_0ff986eae5098877,organize registration of event participants
39-3011.00,4450,Stand behind a gaming table and deal the appropriate number of cards to each player.,0.00,0.00,Standing at a gaming table and dealing cards to players is in-person physical dealing.,Standing at a table and dealing cards is in-person physical game operation that cannot be done remotely as this task.,0.00,0.00,0.00,1.00,false,identical,identical_scores,,tg_b84a8cc11ad5b0f8,stand behind a gaming table and deal the appropriate number of cards to each player
11-3071.00,21367,Plan or implement improvements to internal or external systems or processes.,0.50,0.50,"Planning system or process improvements is analytical design AI can outline, while choosing and implementing operational changes still need a manager.",Planning system or process improvements is analytic work AI can outline; choosing and implementing changes still needs a manager.,0.50,0.00,0.50,1.00,false,identical,identical_scores,,tg_04b0d21afd068426,plan or implement improvements to internal or external systems or processes
29-1129.01,19142,"Communicate client assessment findings and recommendations in oral, written, audio, video, or other forms.",0.50,0.50,"Communicating assessment findings in writing is document work AI can draft, while oral clinical communication with clients still needs the therapist.","Written assessment notes are AI-draftable, but communicating clinical findings across oral and other modes still needs therapist judgment.",0.50,0.00,0.50,1.00,false,identical,identical_scores,,tg_5edcd4bc7bc138b2,"communicate client assessment findings and recommendations in oral, written, audio, video, or other forms"
15-1299.08,14680,"Develop or approve project plans, schedules, or budgets.",0.50,0.50,"Developing project plans, schedules, or budgets is digital planning AI can draft, but approval and trade-offs remain a human systems-engineer decision.","Plans, schedules, and budgets are digital drafts AI can produce; approval authority and commitment of resources stay human.",0.50,0.00,0.50,1.00,false,identical,identical_scores,,tg_cf1dc39952d58a97,"develop or approve project plans, schedules, or budgets"
33-3051.04,9460,Investigate applications for duty refunds and petition for remission or mitigation of penalties when warranted.,0.50,0.50,"Investigating duty-refund applications and drafting penalty-mitigation petitions is case analysis AI can draft, while legal warrant still needs an officer.",Duty-refund investigations are documentary analysis AI can assist; petitions for penalty relief still need officer legal judgment.,0.50,0.00,0.50,1.00,false,identical,identical_scores,,tg_a14e0e64d1d7587f,investigate applications for duty refunds and petition for remission or mitigation of penalties when warranted
45-1011.00,23349,"Confer with managers to evaluate weather or soil conditions, to develop plans or procedures, or to discuss issues such as changes in fertilizers, herbicides, or cultivating techniques.",0.25,0.25,"Conferring about weather, soil, and fertilizer plans is interpersonal agricultural judgment; AI weather tools assist but do not replace the conference.","Conferring on weather, soil, and cultivation changes is interpersonal operational planning grounded in field conditions.",0.25,0.00,0.25,1.00,false,identical,identical_scores,,tg_97121fa04e23733e,"confer with managers to evaluate weather or soil conditions, to develop plans or procedures, or to discuss issues such as changes in fertilizers, herbicides, or cultivating techniques"
33-3021.06,17553,Prepare plans to intercept foreign communications transmissions.,0.50,0.50,"Preparing plans to intercept foreign communications is intelligence planning AI can help structure, but targeting and operational judgment remain essential.",Intercept-plan drafting is information work AI can structure; targeting and operational choices remain classified human judgment.,0.50,0.00,0.50,1.00,false,identical,identical_scores,,tg_42677bf2348a08b4,prepare plans to intercept foreign communications transmissions
19-2042.00,19771,Review work plans to determine the effectiveness of activities for mitigating soil or groundwater contamination.,0.50,0.50,"Reviewing contamination-mitigation work plans is technical document review AI can annotate, while effectiveness judgment still needs a geoscientist.",Reviewing contamination-mitigation plans is technical critique AI can draft; effectiveness calls still need geoscientist judgment.,0.50,0.00,0.50,1.00,false,identical,identical_scores,,tg_a646cef33d34e572,review work plans to determine the effectiveness of activities for mitigating soil or groundwater contamination
31-9099.01,17532,Implement treatment plans or protocols as directed by speech-language pathologists.,0.25,0.25,Implementing speech-language treatment protocols with clients is in-person therapy delivery; AI may supply materials but does not run the session.,"Implementing SLP treatment protocols is in-person therapy delivery with a client, not a plan-writing task.",0.25,0.00,0.25,1.00,false,identical,identical_scores,,tg_fb6012eb4d44fedf,implement treatment plans or protocols as directed by speech-language pathologists
29-2031.00,4127,Monitor patients' blood pressure and heart rate using electrocardiogram (EKG) equipment during diagnostic or therapeutic procedures to notify the physician if something appears wrong.,0.25,0.25,Watching EKG and vital signs during procedures is bedside monitoring; AI can alarm on traces but the tech must be present and notify the physician.,Watching EKG and vital signs during procedures is bedside clinical monitoring with a duty to alert the physician.,0.25,0.00,0.25,1.00,false,identical,identical_scores,,tg_d8b64593edf0076c,monitor patients' blood pressure and heart rate using electrocardiogram (ekg) equipment during diagnostic or therapeutic procedures to notify the physician if something appears wrong
51-3092.00,4927,"Select and measure or weigh ingredients, using English or metric measures and balance scales.",0.00,0.00,Selecting and weighing ingredients on balance scales is physical batch-room work.,Selecting and weighing ingredients on balance scales is physical batch-room measurement.,0.00,0.00,0.00,1.00,false,identical,identical_scores,,tg_b47498c0b8c07b48,"select and measure or weigh ingredients, using english or metric measures and balance scales"
49-9012.00,11788,"Dismantle meters, and replace or adjust defective parts such as cases, shafts, gears, disks, and recording mechanisms, using soldering irons and hand tools.",0.00,0.00,Dismantling meters and replacing gears or disks with soldering irons and hand tools is physical repair.,Dismantling meters and soldering or fitting replacement parts is physical bench repair with hand tools.,0.00,0.00,0.00,1.00,false,identical,identical_scores,,tg_03f4e527e51b0d7e,"dismantle meters, and replace or adjust defective parts such as cases, shafts, gears, disks, and recording mechanisms, using soldering irons and hand tools"
19-3039.03,22210,Design or implement rehabilitation plans for patients with cognitive dysfunction.,0.25,0.50,Designing or implementing cognitive rehabilitation is clinical interpersonal care; AI may suggest plan templates but typical delivery is therapist-led.,Designing cognitive rehab plans is clinical planning AI can outline; patient-specific implementation still needs neuropsychologist judgment.,0.3750,0.25,0.25,0.85,false,deterministic_mean,deterministic_mean_and_snap,,tg_4561f62f31539c82,design or implement rehabilitation plans for patients with cognitive dysfunction
47-2031.00,23446,"Remove damaged or defective parts or sections of structures and repair or replace, using hand tools.",0.00,0.00,Removing damaged structural sections and repairing them with hand tools is physical carpentry.,Removing and replacing damaged structural parts with hand tools is physical carpentry on a building.,0.00,0.00,0.00,1.00,false,identical,identical_scores,,tg_298d3f2ec1c51f20,"remove damaged or defective parts or sections of structures and repair or replace, using hand tools"
19-4051.00,22324,"Decontaminate objects by cleaning them using soap or solvents or by abrading using brushes, buffing machines, or sandblasting machines.",0.00,0.00,"Decontaminating objects with soap, solvents, brushes, or sandblasting is physical cleaning of hazardous material.","Decontaminating objects with solvents, brushes, or sandblasting is physical nuclear-cleanup work with safety dependence.",0.00,0.00,0.00,1.00,false,identical,identical_scores,,tg_ae5e9ac6c3947c66,"decontaminate objects by cleaning them using soap or solvents or by abrading using brushes, buffing machines, or sandblasting machines"
17-2199.07,21056,"Document photonics system or component design processes, including objectives, issues, or outcomes.",0.50,0.75,"Documenting photonics design objectives and outcomes is technical writing AI can draft, while accuracy of the engineering record still needs the engineer.","Documenting design objectives, issues, and outcomes is technical writing AI can produce with brief engineer review.",0.6250,0.25,0.50,0.85,false,deterministic_mean,deterministic_mean_and_snap,,tg_483518245578fae2,"document photonics system or component design processes, including objectives, issues, or outcomes"
43-3071.00,2569,"Carry out special services for customers, such as ordering bank cards and checks.",0.25,0.50,Ordering bank cards or checks for customers is a teller-window service interaction; backend issuance is digital but the task is customer-facing.,"Ordering cards or checks is routine, but carrying out special teller services still includes customer interaction and bank procedure judgment.",0.3750,0.25,0.25,0.85,false,deterministic_mean,deterministic_mean_and_snap,,tg_713fa11d6cbf92bb,"carry out special services for customers, such as ordering bank cards and checks"
17-2051.00,20491,"Plan and design transportation or hydraulic systems or structures, using computer-assisted design or drawing tools.",0.50,0.50,"Planning transportation or hydraulic systems in CAD is design work AI can assist, while safety and engineering judgment remain essential.",CAD-supported transport or hydraulic design is AI-augmented drafting; public-safety engineering choices still need the civil engineer.,0.50,0.00,0.50,1.00,false,identical,identical_scores,,tg_3cce46fc9e39c9fb,"plan and design transportation or hydraulic systems or structures, using computer-assisted design or drawing tools"
29-1141.00,1839,"Maintain accurate, detailed reports and records.",0.50,0.75,"Maintaining detailed nursing reports is documentation AI scribes can draft, but typical practice still requires the nurse to verify the legal record.","Maintaining detailed clinical reports is digital documentation AI can draft, with brief nurse checks for accuracy and completeness.",0.6250,0.25,0.50,0.85,false,deterministic_mean,deterministic_mean_and_snap,,tg_94efca50abd67843,"maintain accurate, detailed reports and records"
39-2021.00,5077,"Provide treatment to sick or injured animals, or contact veterinarians to secure treatment.",0.00,0.00,Treating sick or injured animals or arranging veterinary care is hands-on animal care.,Treating sick or injured animals is hands-on care; calling a veterinarian does not make the core task digital.,0.00,0.00,0.00,1.00,false,identical,identical_scores,,tg_f8d489c23e6a991b,"provide treatment to sick or injured animals, or contact veterinarians to secure treatment"
13-1041.00,21459,"Keep informed regarding pending industry changes, trends, or best practices.",0.50,0.75,"Keeping current on industry changes and best practices is information monitoring AI can scan, while deciding what applies to the organization still needs the officer.","Staying current on industry changes is text monitoring AI already does at high quality, with light human filtering of what matters.",0.6250,0.25,0.50,0.85,false,deterministic_mean,deterministic_mean_and_snap,,tg_fc57e1d0e0fa8e13,"keep informed regarding pending industry changes, trends, or best practices"
51-9081.00,7135,"Test appliances for conformance to specifications and accuracy of occlusion, using articulators and micrometers.",0.00,0.25,Testing dental appliances on articulators and micrometers is physical precision inspection of a device.,Testing dental appliances on articulators and micrometers is bench sensory inspection of fit and occlusion.,0.1250,0.25,0.00,0.85,false,deterministic_mean,deterministic_mean_and_snap,,tg_64f4b767b08495cf,"test appliances for conformance to specifications and accuracy of occlusion, using articulators and micrometers"
47-2073.00,9875,"Operate equipment to demolish or remove debris or to remove snow from streets, roads, or parking lots.",0.00,0.00,Operating construction equipment to demolish debris or remove snow is physical machine operation.,Operating demolition or snow-removal equipment is physical machine operation in the street or lot.,0.00,0.00,0.00,1.00,false,identical,identical_scores,,tg_c8fb3ec3cb3f4195,"operate equipment to demolish or remove debris or to remove snow from streets, roads, or parking lots"
25-3041.00,17029,"Maintain records of students' assessment results, progress, feedback, or school performance, ensuring confidentiality of all records.",0.75,0.75,Maintaining confidential student progress records is routine digital record-keeping that SIS tools and AI can update with brief tutor confirmation.,Maintaining confidential student progress records is routine digital recordkeeping AI can update with brief privacy checks.,0.75,0.00,0.75,1.00,false,identical,identical_scores,,tg_372b70648e504757,"maintain records of students' assessment results, progress, feedback, or school performance, ensuring confidentiality of all records"
17-2151.00,3568,"Select or develop mineral location, extraction, and production methods, based on factors such as safety, cost, and deposit characteristics.",0.50,0.50,"Selecting mineral extraction methods from safety, cost, and deposit factors is engineering analysis AI can model, while method choice remains a human decision.","Choosing extraction methods from safety, cost, and deposit data is engineering judgment AI can model but not authorize.",0.50,0.00,0.50,1.00,false,identical,identical_scores,,tg_4f9a1be930ff76e4,"select or develop mineral location, extraction, and production methods, based on factors such as safety, cost, and deposit characteristics"
49-9021.00,23554,Discuss heating or cooling system malfunctions with users to isolate problems or to verify that repairs corrected malfunctions.,0.25,0.25,"Discussing HVAC malfunctions with users to isolate problems is interpersonal field diagnosis, not a digital-only task.",Discussing HVAC malfunctions with users to isolate or verify repairs is on-site interpersonal diagnosis.,0.25,0.00,0.25,1.00,false,identical,identical_scores,,tg_c07eaf282a6e2d1b,discuss heating or cooling system malfunctions with users to isolate problems or to verify that repairs corrected malfunctions
17-2061.00,7403,"Specify power supply requirements and configuration, drawing on system performance expectations and design specifications.",0.50,0.50,"Specifying power-supply requirements from performance targets is engineering calculation AI can draft, while configuration sign-off still needs the hardware engineer.",Power-supply specification is structured engineering AI can calculate; configuration against performance needs still needs an engineer.,0.50,0.00,0.50,1.00,false,identical,identical_scores,,tg_b3f519242d97a7c9,"specify power supply requirements and configuration, drawing on system performance expectations and design specifications"
25-1081.00,6160,"Conduct research in a particular field of knowledge and publish findings in professional journals, books, or electronic media.",0.50,0.50,"Conducting research and publishing findings is scholarly writing AI can draft, while research design, claims, and peer-standard judgment remain essential.","Research writing is AI-draftable, but conducting and publishing original field findings still needs the scholar's judgment and claims.",0.50,0.00,0.50,1.00,false,identical,identical_scores,,tg_2f1b996667a4a799,"conduct research in a particular field of knowledge and publish findings in professional journals, books, or electronic media"
47-2061.00,11473,"Mop, brush, or spread paints, cleaning solutions, or other compounds over surfaces to clean them or to provide protection.",0.00,0.00,Mopping or brushing paints and cleaning compounds onto surfaces is physical labor.,Mopping or brushing compounds onto surfaces for cleaning or protection is physical laborer work.,0.00,0.00,0.00,1.00,false,identical,identical_scores,,tg_881ba36c5f029f4a,"mop, brush, or spread paints, cleaning solutions, or other compounds over surfaces to clean them or to provide protection"
41-3021.00,736,Explain necessary bookkeeping requirements for customer to implement and provide group insurance program.,0.25,0.50,Explaining bookkeeping requirements so a customer can run group insurance is interpersonal sales education; AI can draft a checklist but typical delivery is a conversation.,"Explaining bookkeeping steps for group insurance is instructional information work AI can script, but client-specific setup still needs the agent.",0.3750,0.25,0.25,0.85,false,deterministic_mean,deterministic_mean_and_snap,,tg_02d417729d91f8aa,explain necessary bookkeeping requirements for customer to implement and provide group insurance program
17-3024.00,22015,"Modify, maintain, or repair electrical, electronic, or mechanical components, equipment, or systems to ensure proper functioning.",0.00,0.00,"Modifying or repairing electrical, electronic, or mechanical components so they function is hands-on technical repair.",Modifying and repairing electrical or mechanical components so they function is hands-on hardware work with safety risk.,0.00,0.00,0.00,1.00,false,identical,identical_scores,,tg_32960d88ae988e1f,"modify, maintain, or repair electrical, electronic, or mechanical components, equipment, or systems to ensure proper functioning"
35-3011.00,2237,"Plan, organize, and control the operations of a cocktail lounge or bar.",0.25,0.25,Planning and controlling cocktail-lounge operations is on-site hospitality management; AI may help schedules or inventory but does not run the bar.,"Planning and controlling lounge operations is on-site hospitality management of people, stock, and service, not a desk plan.",0.25,0.00,0.25,1.00,false,identical,identical_scores,,tg_d75bf2945b31c0d2,"plan, organize, and control the operations of a cocktail lounge or bar"
47-4099.03,21205,"Determine amount of air leakage in buildings, using a blower door machine.",0.25,0.25,"Measuring building air leakage with a blower-door machine is on-site physical testing, analogous to inspecting plumbing, with only minor digital logging assist.","Measuring building leakage with a blower door is on-site physical testing, analogous to inspecting a plumbing system.",0.25,0.00,0.25,1.00,false,identical,identical_scores,,tg_8287a368197aa207,"determine amount of air leakage in buildings, using a blower door machine"
11-2022.00,7,Confer or consult with department heads to plan advertising services and to secure information on equipment and customer specifications.,0.25,0.25,Conferring with department heads to plan advertising and gather specifications is interpersonal managerial consultation.,Consulting department heads on advertising and equipment specs is interpersonal planning conversation.,0.25,0.00,0.25,1.00,false,identical,identical_scores,,tg_1fd2f5c63e6e5647,confer or consult with department heads to plan advertising services and to secure information on equipment and customer specifications
27-1027.00,9291,Inspect installed exhibits for conformance to specifications and satisfactory operation of special-effects components.,0.25,0.25,Inspecting installed exhibits and special-effects components for conformance is on-site sensory inspection with only assistive checklists from AI.,Inspecting installed exhibits and special-effects hardware is on-site sensory conformance checking.,0.25,0.00,0.25,1.00,false,identical,identical_scores,,tg_cbcc74fbb7e7a5fe,inspect installed exhibits for conformance to specifications and satisfactory operation of special-effects components
17-2081.00,19625,Prepare or present public briefings on the status of environmental engineering projects.,0.50,0.50,"Preparing public briefings is document work AI can draft, while presenting project status to the public is still typically a human speaker.","Briefing text can be AI-drafted, but preparing and presenting public project status still needs engineer ownership of claims.",0.50,0.00,0.50,1.00,false,identical,identical_scores,,tg_237ef8f2e5c4f28e,prepare or present public briefings on the status of environmental engineering projects
31-9097.00,19388,"Determine donor suitability, according to interview results, vital signs, and medical history.",0.25,0.25,"Determining donor suitability from interviews, vitals, and history is in-person clinical screening; protocols help but the interview and vitals are physical.","Donor suitability uses interviews, vitals, and history; the decision is in-person clinical screening with safety stakes.",0.25,0.00,0.25,1.00,false,identical,identical_scores,,tg_68706f28b236a5b3,"determine donor suitability, according to interview results, vital signs, and medical history"
51-9151.00,19465,Create prints according to customer specifications and laboratory protocols.,0.50,0.50,"Creating prints to customer specs and lab protocols is increasingly digital production AI can drive, yet lab protocol judgment and QC still typically stay human.","Making prints to spec can be highly digital, but lab-protocol execution and customer-fit checks still need an operator.",0.50,0.00,0.50,1.00,false,identical,identical_scores,,tg_551837e53a6be89b,create prints according to customer specifications and laboratory protocols
47-4011.00,20446,"Confer with owners, violators, or authorities to explain regulations or recommend remedial actions.",0.25,0.25,"Conferring with owners or authorities to explain regulations is interpersonal compliance conversation, not AI substitution of the conference.",Conferring with owners or violators about codes and remedies is in-person regulatory conversation.,0.25,0.00,0.25,1.00,false,identical,identical_scores,,tg_da0b1335c5e08686,"confer with owners, violators, or authorities to explain regulations or recommend remedial actions"
51-8099.01,17822,Process refined feedstock with additives in fermentation or reaction process vessels.,0.00,0.00,Processing feedstock with additives in fermentation or reaction vessels is physical process-plant operation.,Processing feedstock in fermentation or reaction vessels is physical process-plant operation.,0.00,0.00,0.00,1.00,false,identical,identical_scores,,tg_c7c4ec956a98f2c2,process refined feedstock with additives in fermentation or reaction process vessels
17-2072.00,20495,"Analyze electronics system requirements, capacity, cost, or customer needs to determine project feasibility.",0.50,0.50,"Analyzing electronics requirements, capacity, and cost for feasibility is engineering analysis AI can draft, while feasibility sign-off still needs the engineer.",Feasibility analysis of electronics requirements and cost is digital modeling AI can draft; go/no-go still needs the engineer.,0.50,0.00,0.50,1.00,false,identical,identical_scores,,tg_377f1cfdfe9ff646,"analyze electronics system requirements, capacity, cost, or customer needs to determine project feasibility"
41-9022.00,2460,"Review property listings, trade journals, and relevant literature, and attend conventions, seminars, and staff and association meetings, to remain knowledgeable about real estate markets.",0.50,0.50,"Reading listings and journals is information monitoring AI can summarize, but attending conventions and association meetings is in-person, so exposure is partial.","Reading listings and journals is AI-strong, but remaining market-knowledgeable also includes attending conventions and meetings.",0.50,0.00,0.50,1.00,false,identical,identical_scores,,tg_fdf91bedab86fd07,"review property listings, trade journals, and relevant literature, and attend conventions, seminars, and staff and association meetings, to remain knowledgeable about real estate markets"
25-1112.00,6229,"Perform administrative duties, such as serving as department head.",0.25,0.25,"Serving as department head is interpersonal academic administration, not a task current AI typically performs.","Serving as department head is interpersonal academic leadership and administration, not a document-production task.",0.25,0.00,0.25,1.00,false,identical,identical_scores,,tg_84841454a489377b,"perform administrative duties, such as serving as department head"
15-1243.00,21660,"Write and code logical and physical database descriptions, and specify identifiers of database to management system or direct others in coding descriptions.",0.75,0.75,"Writing and coding logical and physical database descriptions is structured digital schema work close to converting SQL, where AI does most logic with a brief architect check.",Writing logical and physical database descriptions is structured schema work AI can do with brief architect oversight.,0.75,0.00,0.75,1.00,false,identical,identical_scores,,tg_a22c22e4b9f83e1f,"write and code logical and physical database descriptions, and specify identifiers of database to management system or direct others in coding descriptions"
49-9012.00,11789,Advise customers on proper installation of valves or regulators and related equipment.,0.25,0.25,Advising customers on installing valves or regulators is interpersonal field guidance tied to physical equipment.,Advising customers on valve or regulator installation is interpersonal technical guidance with physical-safety implications.,0.25,0.00,0.25,1.00,false,identical,identical_scores,,tg_0c6eef2f05553642,advise customers on proper installation of valves or regulators and related equipment
11-9013.00,21373,"Direct and monitor the transfer of mature fish to lakes, ponds, streams, or commercial tanks.",0.00,0.00,"Directing and monitoring transfer of live fish into lakes, ponds, or tanks is on-site physical livestock handling.",Directing and monitoring live fish transfers into water bodies is on-site handling of animals and equipment.,0.00,0.00,0.00,1.00,false,identical,identical_scores,,tg_f6ef2c53501df19e,"direct and monitor the transfer of mature fish to lakes, ponds, streams, or commercial tanks"
43-5051.00,11338,Transport mail from one work station to another.,0.00,0.00,Transporting mail between work stations is physical carrying of mail.,Transporting mail between workstations is physical carrying/moving of items inside the facility.,0.00,0.00,0.00,1.00,false,identical,identical_scores,,tg_bfacd12711b80f42,transport mail from one work station to another
29-1171.00,18384,"Diagnose or treat chronic health care problems, such as high blood pressure and diabetes.",0.25,0.25,Diagnosing or treating chronic conditions such as hypertension or diabetes is in-person clinical care; guideline AI can assist but does not replace the visit.,Diagnosing and treating chronic conditions is clinical care with prescribing authority and patient-safety dependence.,0.25,0.00,0.25,1.00,false,identical,identical_scores,,tg_4906aa713f532c1f,"diagnose or treat chronic health care problems, such as high blood pressure and diabetes"
25-1123.00,6311,"Evaluate and grade students' class work, assignments, and papers.",0.50,0.50,"Evaluating and grading papers is text-assessment work AI can draft, while academic standards and fairness still typically require the instructor.","Grading papers is text work AI can draft scores for, but literature evaluation and academic judgment remain the teacher's.",0.50,0.00,0.50,1.00,false,identical,identical_scores,,tg_e82ec10677e26891,"evaluate and grade students' class work, assignments, and papers"
25-9042.00,22473,"Plan, prepare, and develop various teaching aids, such as bibliographies, charts, and graphs.",0.75,0.75,"Developing bibliographies, charts, and graphs as teaching aids is routine digital content generation AI already does well, with brief pedagogical check.","Developing bibliographies, charts, and graphs as teaching aids is digital content work AI can produce with light review.",0.75,0.00,0.75,1.00,false,identical,identical_scores,,tg_003b6b86f8a84bc9,"plan, prepare, and develop various teaching aids, such as bibliographies, charts, and graphs"
51-6092.00,12206,"Compute dimensions of patterns according to sizes, considering stretching of material.",0.50,0.75,"Computing pattern dimensions by size and fabric stretch is calculation AI or CAD can perform, but stretch behavior still needs a patternmaker’s judgment.","Computing pattern dimensions from size rules is structured calculation AI can complete, with brief checks for stretch and size grade.",0.6250,0.25,0.50,0.85,false,deterministic_mean,deterministic_mean_and_snap,,tg_7addb06a30687e80,"compute dimensions of patterns according to sizes, considering stretching of material"
51-9071.06,15108,"Split gems along pre-marked lines to remove imperfections, using blades and jewelers' hammers.",0.00,0.00,Splitting gems along marked lines with blades and hammers is physical jewelers’ work.,Splitting gems along marked lines with blades and hammers is precision physical craft.,0.00,0.00,0.00,1.00,false,identical,identical_scores,,tg_93737de5c5f98484,"split gems along pre-marked lines to remove imperfections, using blades and jewelers' hammers"
25-2031.00,6661,"Confer with other staff members to plan and schedule lessons promoting learning, following approved curricula.",0.25,0.25,Conferring with staff to plan and schedule lessons is interpersonal coordination; AI calendars can help but the conference is human.,"Conferring with staff to plan and schedule lessons is collaborative in-person planning, not solo calendar automation.",0.25,0.00,0.25,1.00,false,identical,identical_scores,,tg_baf585d0132d117e,"confer with other staff members to plan and schedule lessons promoting learning, following approved curricula"
11-2011.00,3236,Provide presentation and product demonstration support during the introduction of new products and services to field staff and customers.,0.25,0.25,Providing presentation and live product-demonstration support to field staff and customers is interpersonal rollout work.,Supporting live product demonstrations for field staff and customers is in-person presentation work.,0.25,0.00,0.25,1.00,false,identical,identical_scores,,tg_fe937d75fdbaa724,provide presentation and product demonstration support during the introduction of new products and services to field staff and customers
11-3051.04,15476,"Inspect biomass gasification processes, equipment, and facilities for ways to maximize capacity and minimize operating costs.",0.25,0.25,"Inspecting biomass gasification equipment and facilities for capacity and cost is on-site plant inspection, with only assistive analytics from AI.",Inspecting gasification equipment and facilities for capacity and cost is on-site industrial inspection with process-safety stakes.,0.25,0.00,0.25,1.00,false,identical,identical_scores,,tg_613f56c3ea458c48,"inspect biomass gasification processes, equipment, and facilities for ways to maximize capacity and minimize operating costs"
19-1029.04,18614,"Review reports and proposals, such as those relating to land use classifications and recreational development, for accuracy, adequacy, or adherence to policies, regulations, or scientific standards.",0.50,0.50,"Reviewing land-use reports for accuracy and policy adherence is document QA AI can flag, while scientific and regulatory adequacy still need a biologist.",Reviewing land-use reports for scientific and policy adequacy is document critique AI can draft; acceptance still needs a biologist.,0.50,0.00,0.50,1.00,false,identical,identical_scores,,tg_77b3987c5e7eee8f,"review reports and proposals, such as those relating to land use classifications and recreational development, for accuracy, adequacy, or adherence to policies, regulations, or scientific standards"
51-4111.00,8498,"Lift, position, and secure machined parts on surface plates or worktables, using hoists, vises, v-blocks, or angle plates.",0.00,0.00,"Lifting, positioning, and securing machined parts with hoists and vises is physical shop handling.","Lifting and securing machined parts with hoists, vises, and angle plates is physical shop handling.",0.00,0.00,0.00,1.00,false,identical,identical_scores,,tg_ce9065f735e4dccb,"lift, position, and secure machined parts on surface plates or worktables, using hoists, vises, v-blocks, or angle plates"
29-1129.02,19177,"Plan or structure music therapy sessions to achieve appropriate transitions, pacing, sequencing, energy level, or intensity in accordance with treatment plans.",0.50,0.50,"Structuring music-therapy session pacing and intensity is clinical planning AI can outline, while fit to the treatment plan still needs the therapist.",Structuring music-therapy sessions is clinical planning AI can suggest; pacing and intensity still need therapist judgment.,0.50,0.00,0.50,1.00,false,identical,identical_scores,,tg_a8f568e3af70db60,"plan or structure music therapy sessions to achieve appropriate transitions, pacing, sequencing, energy level, or intensity in accordance with treatment plans"
13-1081.00,8951,"Manage the logistical aspects of product life cycles, including coordination or provisioning of samples, and the minimization of obsolescence.",0.50,0.50,"Managing product-lifecycle logistics and obsolescence is coordination and planning AI can optimize, while provisioning trade-offs still need a logistician.",Life-cycle logistics coordination is information and vendor work AI can plan; obsolescence and sample decisions still need a logistician.,0.50,0.00,0.50,1.00,false,identical,identical_scores,,tg_c8e8bef3a017a027,"manage the logistical aspects of product life cycles, including coordination or provisioning of samples, and the minimization of obsolescence"
43-6014.00,2795,Complete forms in accordance with company procedures.,0.75,1.00,"Completing forms per company procedures is routine digital clerical work AI and templates can fill, with brief human confirmation of facts.",Completing forms to company procedure is routine digital/text work at expert parity with current form-filling tools.,0.8750,0.25,0.75,0.85,false,deterministic_mean,deterministic_mean_and_snap,,tg_c1b33e288ad83fb4,complete forms in accordance with company procedures
21-1022.00,259,Investigate child abuse or neglect cases and take authorized protective action when necessary.,0.25,0.25,Investigating child abuse and taking protective action is in-person casework and safety intervention; AI may help notes but not the investigation.,Investigating child abuse and taking protective action is in-person casework with legal authority and child-safety stakes.,0.25,0.00,0.25,1.00,false,identical,identical_scores,,tg_27d8a68730bab961,investigate child abuse or neglect cases and take authorized protective action when necessary
51-5113.00,19444,Design original or special bindings for limited editions or other custom binding projects.,0.25,0.25,Designing original or custom book bindings is skilled physical craft; AI might suggest motifs but typical limited-edition binding is handmade.,Designing original custom bindings is skilled physical book-arts craft; digital mockups are only a minor assist.,0.25,0.00,0.25,1.00,false,identical,identical_scores,,tg_8bddd11dd5bca001,design original or special bindings for limited editions or other custom binding projects
31-2011.00,18701,Attend care plan meetings to review patient progress and update care plans.,0.50,0.50,"Updating care plans from meeting discussion is documentation AI can draft, while attending the interdisciplinary meeting and agreeing changes stay human.","Updating care plans is digital, but attending multidisciplinary meetings to review progress still needs the assistant present.",0.50,0.00,0.50,1.00,false,identical,identical_scores,,tg_880b9cc7958ec7ac,attend care plan meetings to review patient progress and update care plans
49-2096.00,13730,Confer with customers to determine the nature of malfunctions.,0.25,0.25,Conferring with customers to learn the nature of vehicle electronic malfunctions is interpersonal diagnosis talk.,Conferring with customers about vehicle electronics malfunctions is interpersonal intake and diagnosis talk.,0.25,0.00,0.25,1.00,false,identical,identical_scores,,tg_4f1b4547c4e084ad,confer with customers to determine the nature of malfunctions
51-9082.00,10522,"Test medical supportive devices for proper alignment, movement, or biomechanical stability, using meters and alignment fixtures.",0.25,0.25,Testing medical supportive devices for alignment and stability with meters and fixtures is hands-on physical inspection with only minor digital assist.,Testing medical devices for alignment and biomechanical stability is bench sensory inspection with patient-safety implications.,0.25,0.00,0.25,1.00,false,identical,identical_scores,,tg_cdc3f74f1505c064,"test medical supportive devices for proper alignment, movement, or biomechanical stability, using meters and alignment fixtures"
19-4061.00,12957,"Prepare tables, graphs, fact sheets, and written reports summarizing research results.",0.75,0.75,"Preparing tables, graphs, fact sheets, and summary reports from research results is routine digital synthesis AI can produce with brief accuracy check.","Preparing tables, graphs, and summary reports of research results is structured writing AI can do with brief accuracy review.",0.75,0.00,0.75,1.00,false,identical,identical_scores,,tg_e865ec2940a9b304,"prepare tables, graphs, fact sheets, and written reports summarizing research results"
17-3023.00,22001,Conduct statistical studies to analyze or compare production costs for sustainable or nonsustainable designs.,0.50,0.75,"Running statistical cost comparisons of sustainable designs is analysis AI and software can compute, while study design and conclusion still need the technician.","Statistical cost comparisons of design options are digital analyses AI can run, needing only brief method and data checks.",0.6250,0.25,0.50,0.85,false,deterministic_mean,deterministic_mean_and_snap,,tg_2055265c6f97a48f,conduct statistical studies to analyze or compare production costs for sustainable or nonsustainable designs
27-2042.00,22588,"Audition for orchestras, bands, or other musical groups.",0.00,0.00,Auditioning for orchestras or bands is in-person live musical performance.,Auditioning for a musical group is in-person live performance that AI cannot perform as the musician.,0.00,0.00,0.00,1.00,false,identical,identical_scores,,tg_7b189d23d35ada7b,"audition for orchestras, bands, or other musical groups"
17-2141.02,16426,Conduct research studies to develop new concepts in the field of automotive engineering.,0.50,0.50,"Conducting research to develop new automotive-engineering concepts is investigative design AI can assist with literature or simulation, while novelty judgment stays human.",Automotive concept research is knowledge work AI can survey and draft; new-concept claims still need engineer judgment.,0.50,0.00,0.50,1.00,false,identical,identical_scores,,tg_98e3503a6ca2fe45,conduct research studies to develop new concepts in the field of automotive engineering
53-7072.00,14610,"Record operating data such as products and quantities pumped, stocks used, gauging results, and operating times.",0.50,0.75,"Recording pumped quantities, stocks, and operating times is structured logging AI or sensors can capture, but typical operators still enter or verify the log.",Recording pumped quantities and operating times is routine operational logging AI or SCADA can complete with light checks.,0.6250,0.25,0.50,0.85,false,deterministic_mean,deterministic_mean_and_snap,,tg_fe939eec940ce650,"record operating data such as products and quantities pumped, stocks used, gauging results, and operating times"
43-3051.00,2522,Keep informed about changes in tax and deduction laws that apply to the payroll process.,0.50,0.75,"Tracking tax and deduction-law changes for payroll is information monitoring AI can scan, while applying the right rule to the payroll still needs the clerk.","Tracking tax and deduction-law changes is text monitoring AI can do well, with brief clerk review before payroll use.",0.6250,0.25,0.50,0.85,false,deterministic_mean,deterministic_mean_and_snap,,tg_aa12860d37ba9ca6,keep informed about changes in tax and deduction laws that apply to the payroll process
49-9011.00,8397,"Install door frames, rails, steel rolling curtains, electronic-eye mechanisms, or electric door openers and closers, using power tools, hand tools, and electronic test equipment.",0.00,0.00,"Installing door frames, rails, rolling curtains, and openers with power and hand tools is physical installation.","Installing door frames, rails, and electric openers with power tools is physical installation work.",0.00,0.00,0.00,1.00,false,identical,identical_scores,,tg_c4a11ec9e71d73c8,"install door frames, rails, steel rolling curtains, electronic-eye mechanisms, or electric door openers and closers, using power tools, hand tools, and electronic test equipment"
47-4011.01,18087,Recommend energy-efficient technologies or alternate energy sources.,0.50,0.50,"Recommending energy-efficient technologies is advisory analysis AI can draft from audit data, while site-appropriate recommendations still need the auditor.",Recommending energy technologies is advice AI can draft from audits; building-specific fit still needs auditor judgment.,0.50,0.00,0.50,1.00,false,identical,identical_scores,,tg_a96bd76feeca4bf7,recommend energy-efficient technologies or alternate energy sources
53-6011.00,7169,Attach ropes or cable lines to bitts on lock decks or wharfs to secure vessels.,0.00,0.00,Attaching ropes or cables to bitts to secure vessels is physical lock-and-wharf work.,Attaching ropes to bitts to secure vessels is physical lock-and-wharf work with maritime safety dependence.,0.00,0.00,0.00,1.00,false,identical,identical_scores,,tg_7984b2bebef1e802,attach ropes or cable lines to bitts on lock decks or wharfs to secure vessels
49-3043.00,9991,"Perform scheduled maintenance, and clean units and components.",0.00,0.00,Performing scheduled maintenance and cleaning rail-car units is physical repair-shop work.,Scheduled maintenance and cleaning of rail-car units is physical shop work on hardware.,0.00,0.00,0.00,1.00,false,identical,identical_scores,,tg_ffe32da4e89e8aec,"perform scheduled maintenance, and clean units and components"
51-8011.00,8514,"Participate in nuclear fuel element handling activities, such as preparation, transfer, loading, or unloading.",0.00,0.00,"Handling nuclear fuel elements for preparation, transfer, loading, or unloading is physical, highly controlled plant work.",Handling nuclear fuel elements for transfer or loading is physical nuclear operations with extreme safety dependence.,0.00,0.00,0.00,1.00,false,identical,identical_scores,,tg_ee98202703d27324,"participate in nuclear fuel element handling activities, such as preparation, transfer, loading, or unloading"
43-3011.00,18559,Answer customer questions regarding problems with their accounts.,0.50,0.50,"Answering account-problem questions is digital customer support AI chat can draft, but collections disputes still typically get a human collector.","Account-problem questions are partly automatable, but resolving exceptions still needs collector judgment and customer dialogue.",0.50,0.00,0.50,1.00,false,identical,identical_scores,,tg_18adab771fa4b460,answer customer questions regarding problems with their accounts
19-1029.01,16785,"Direct the work of technicians and information technology staff applying bioinformatics tools or applications in areas such as proteomics, transcriptomics, metabolomics, or clinical bioinformatics.",0.25,0.25,Directing technicians and IT staff who apply bioinformatics tools is interpersonal scientific supervision.,Directing technicians and IT staff in applied bioinformatics is interpersonal scientific supervision.,0.25,0.00,0.25,1.00,false,identical,identical_scores,,tg_24c53408a6b060c3,"direct the work of technicians and information technology staff applying bioinformatics tools or applications in areas such as proteomics, transcriptomics, metabolomics, or clinical bioinformatics"
17-3027.01,16599,"Set up mechanical, hydraulic, or electric test equipment in accordance with engineering specifications, standards, or test procedures.",0.00,0.25,"Setting up mechanical, hydraulic, or electric test equipment to engineering specs is physical lab or shop setup.","Setting up mechanical, hydraulic, or electric test equipment is physical bench/lab setup following procedures.",0.1250,0.25,0.00,0.85,false,deterministic_mean,deterministic_mean_and_snap,,tg_30080587e202c4e0,"set up mechanical, hydraulic, or electric test equipment in accordance with engineering specifications, standards, or test procedures"
25-9042.00,22469,Operate and maintain audio-visual equipment.,0.00,0.25,Operating and maintaining audio-visual equipment is hands-on classroom hardware work.,"Operating and maintaining classroom AV equipment is on-site physical equipment handling, with only minor digital assist.",0.1250,0.25,0.00,0.85,false,deterministic_mean,deterministic_mean_and_snap,,tg_03ad1ab1c676ec68,operate and maintain audio-visual equipment
13-1161.01,20329,"Optimize digital assets, such as text, graphics, or multimedia assets, for search engine optimization (SEO) or for display and usability on internet-connected devices.",0.75,0.75,"Optimizing text and multimedia assets for SEO and device display is digital work AI already performs most of, with brief strategist review of goals and brand.","SEO and multi-device optimization of digital assets is digital production AI can do, with brief strategist review of quality.",0.75,0.00,0.75,1.00,false,identical,identical_scores,,tg_9826bce4786d2cf7,"optimize digital assets, such as text, graphics, or multimedia assets, for search engine optimization (seo) or for display and usability on internet-connected devices"
19-5011.00,11070,Provide new-employee health and safety orientations and develop materials for these presentations.,0.50,0.25,"Developing orientation materials is document work AI can draft, while delivering new-employee health-and-safety orientations is still typically live.",Delivering new-hire safety orientations is live training; developing slides is secondary to the in-person safety briefing.,0.3750,0.25,0.25,0.85,false,deterministic_mean,deterministic_mean_and_snap,,tg_372f15d99fc5dee7,provide new-employee health and safety orientations and develop materials for these presentations
49-2095.00,11748,"Analyze test data to diagnose malfunctions, to determine performance characteristics of systems, or to evaluate effects of system modifications.",0.50,0.50,"Analyzing test data to diagnose power-system malfunctions is digital diagnosis AI can assist, while deciding what the traces mean for a live system still needs the repairer.","Analyzing test data for power-system faults is digital, but diagnosis that drives high-voltage work still needs technician judgment.",0.50,0.00,0.50,1.00,false,identical,identical_scores,,tg_743d9c1a1df8102d,"analyze test data to diagnose malfunctions, to determine performance characteristics of systems, or to evaluate effects of system modifications"
41-2012.00,7009,Accept credit applications and verify credit references to provide check-cashing authorization or to establish house credit accounts.,0.50,0.75,"Verifying credit references is digital checking AI and bureaus already do, while accepting applications at a casino booth remains a human intake step.",Accepting credit applications and verifying references is routine digital credit checking with brief authorization oversight.,0.6250,0.25,0.50,0.85,false,deterministic_mean,deterministic_mean_and_snap,,tg_44b036c8e810d845,accept credit applications and verify credit references to provide check-cashing authorization or to establish house credit accounts
53-4011.00,12757,Check to ensure that brake examination tests are conducted at shunting stations.,0.25,0.25,"Checking that brake-examination tests occurred at shunting stations is on-site procedural verification, not remote AI substitution in typical rail practice.",Ensuring brake tests occurred at shunting stations is safety-critical operational checking that still needs an on-site engineer.,0.25,0.00,0.25,1.00,false,identical,identical_scores,,tg_d7391ff3c24738c4,check to ensure that brake examination tests are conducted at shunting stations
47-2171.00,24051,"Use forklifts or cranes to move construction material, such as rebar.",0.00,0.00,Using forklifts or cranes to move rebar is physical material handling on a construction site.,Moving rebar with forklifts or cranes is physical construction material handling.,0.00,0.00,0.00,1.00,false,identical,identical_scores,,tg_453cb98ad08e27fe,"use forklifts or cranes to move construction material, such as rebar"
47-4099.03,17802,"Explain recommendations, policies, procedures, requirements, or other related information to residents or building owners.",0.25,0.25,Explaining weatherization recommendations and requirements to residents is interpersonal on-site conversation.,Explaining recommendations and requirements to residents or owners is interpersonal advisory conversation.,0.25,0.00,0.25,1.00,false,identical,identical_scores,,tg_ebc3880ecdc81508,"explain recommendations, policies, procedures, requirements, or other related information to residents or building owners"
29-2081.00,4213,"Show customers how to insert, remove, and care for their contact lenses.",0.00,0.00,"Showing customers how to insert, remove, and care for contact lenses is in-person physical demonstration.",Showing customers how to insert and remove contact lenses is in-person eye-care demonstration with safety dependence.,0.00,0.00,0.00,1.00,false,identical,identical_scores,,tg_6514aae46b1fec84,"show customers how to insert, remove, and care for their contact lenses"
15-1299.08,14686,"Research, test, or verify proper functioning of software patches and fixes.",0.50,0.75,"Researching and verifying software patches is digital test work AI can help run, but deciding that a fix is safe for the environment still needs an engineer.","Researching and verifying software patches is digital test work AI can execute, with brief human sign-off on production risk.",0.6250,0.25,0.50,0.85,false,deterministic_mean,deterministic_mean_and_snap,,tg_5d39a760f45ed242,"research, test, or verify proper functioning of software patches and fixes"
39-4011.00,4510,Press diaphragm to evacuate air from lungs.,0.00,0.00,Pressing the diaphragm to evacuate air from lungs is physical embalming manipulation.,Pressing a diaphragm to evacuate air from lungs is physical embalming manipulation of a body.,0.00,0.00,0.00,1.00,false,identical,identical_scores,,tg_13551a56fce38d05,press diaphragm to evacuate air from lungs
51-4033.00,10147,"Study blueprints, work orders, or machining instructions to determine product specifications, tool requirements, and operational sequences.",0.50,0.50,"Studying blueprints and work orders to set specs, tools, and sequences is information interpretation AI can parse, while machine-specific setup judgment still needs the operator.",Reading blueprints and work orders is information work AI can parse; choosing tools and sequence still needs machinist judgment.,0.50,0.00,0.50,1.00,false,identical,identical_scores,,tg_dbcdd6673d406d08,"study blueprints, work orders, or machining instructions to determine product specifications, tool requirements, and operational sequences"
11-9071.00,7191,"Monitor staffing levels to ensure that games and tables are adequately staffed for each shift, arranging for staff rotations and breaks and locating substitute employees as necessary.",0.50,0.50,"Monitoring staffing and arranging rotations is scheduling work AI can draft, but finding substitutes and covering live tables still needs a floor manager.","Staffing-level math is schedulable by AI, but finding substitutes and covering live tables still needs a floor manager.",0.50,0.00,0.50,1.00,false,identical,identical_scores,,tg_d571b635effe091b,"monitor staffing levels to ensure that games and tables are adequately staffed for each shift, arranging for staff rotations and breaks and locating substitute employees as necessary"
17-2141.01,19953,"Evaluate the power output, system cost, or environmental impact of new hydrogen or non-hydrogen fuel cell system designs.",0.50,0.50,"Evaluating fuel-cell power, cost, and environmental impact is engineering analysis AI can model, while design-acceptance judgment remains the engineer’s.","Evaluating fuel-cell power, cost, and impact is model-based analysis AI can run; design conclusions still need engineer judgment.",0.50,0.00,0.50,1.00,false,identical,identical_scores,,tg_02b1b779f9dc9c8c,"evaluate the power output, system cost, or environmental impact of new hydrogen or non-hydrogen fuel cell system designs"
37-3012.00,11232,"Connect hoses and nozzles selected according to terrain, distribution pattern requirements, types of infestations, and velocities.",0.00,0.00,Connecting hoses and nozzles chosen for terrain and infestation is physical pesticide-application setup.,Connecting hoses and nozzles for pesticide application is physical field setup with chemical-safety dependence.,0.00,0.00,0.00,1.00,false,identical,identical_scores,,tg_500329c373240fcb,"connect hoses and nozzles selected according to terrain, distribution pattern requirements, types of infestations, and velocities"
29-1151.00,18361,"Manage patients' airway or pulmonary status, using techniques such as endotracheal intubation, mechanical ventilation, pharmacological support, respiratory therapy, and extubation.",0.00,0.00,"Managing a patient’s airway with intubation, ventilation, or extubation is in-person critical clinical procedure.","Managing an airway with intubation, ventilation, or extubation is hands-on anesthesia care with explicit life-safety dependence.",0.00,0.00,0.00,1.00,false,identical,identical_scores,,tg_283dba30c717adb5,"manage patients' airway or pulmonary status, using techniques such as endotracheal intubation, mechanical ventilation, pharmacological support, respiratory therapy, and extubation"
39-1022.00,13140,Train workers in proper operational procedures and functions and explain company policies.,0.25,0.25,Training workers on procedures and explaining company policies is live interpersonal instruction; AI can draft the policy sheet only.,Training workers on procedures and policies is live interpersonal instruction; AI can only draft the lesson.,0.25,0.00,0.25,1.00,false,identical,identical_scores,,tg_ac093a19e9b0613b,train workers in proper operational procedures and functions and explain company policies
27-3031.00,1767,Confer with production or support personnel to produce or coordinate production of advertisements or promotions.,0.25,0.25,Conferring with production staff to coordinate advertisements is interpersonal production coordination.,Conferring with production staff to coordinate advertisements is interpersonal production coordination.,0.25,0.00,0.25,1.00,false,identical,identical_scores,,tg_48e95c53360de1ec,confer with production or support personnel to produce or coordinate production of advertisements or promotions
27-4012.00,18659,Produce graphics for broadcasts.,0.50,0.75,"Producing broadcast graphics is digital design AI can generate, but on-air timing, branding, and control-room standards still typically need a technician.","Producing broadcast graphics is digital media work AI can generate, with brief technician checks for on-air standards.",0.6250,0.25,0.50,0.85,false,deterministic_mean,deterministic_mean_and_snap,,tg_ec6a1c3a55910128,produce graphics for broadcasts
29-1021.00,6938,"Remove diseased tissue, using surgical instruments.",0.00,0.00,Removing diseased tissue with surgical instruments is in-person dental surgery.,Removing diseased tissue with surgical instruments is in-person operative dentistry with patient-safety dependence.,0.00,0.00,0.00,1.00,false,identical,identical_scores,,tg_0b826a11689cf60a,"remove diseased tissue, using surgical instruments"
25-1067.00,21121,Mentor new faculty.,0.00,0.25,"Mentoring new faculty is in-person professional relationship work, not a digital production task.",Mentoring new faculty is interpersonal professional development that depends on relationship and presence.,0.1250,0.25,0.00,0.85,false,deterministic_mean,deterministic_mean_and_snap,,tg_d6e9690c37ee353d,mentor new faculty
49-9063.00,11872,"String instruments, and adjust trusses and bridges of instruments to obtain specified string tensions and heights.",0.00,0.00,Stringing instruments and adjusting trusses and bridges to specified tension is physical skilled repair.,Stringing instruments and setting truss and bridge heights is skilled physical and auditory craft work.,0.00,0.00,0.00,1.00,false,identical,identical_scores,,tg_71b501f85415c9c1,"string instruments, and adjust trusses and bridges of instruments to obtain specified string tensions and heights"
21-1014.00,1593,Guide clients in the development of skills or strategies for dealing with their problems.,0.25,0.25,Guiding clients to develop coping skills is interpersonal counseling; AI workbooks are only a minor assist to the therapeutic relationship.,Guiding clients to build coping skills is in-person counseling; AI worksheets are only a minor assist.,0.25,0.00,0.25,1.00,false,identical,identical_scores,,tg_bb569a0a094bfc40,guide clients in the development of skills or strategies for dealing with their problems
51-6042.00,14099,Test machinery to ensure proper functioning before beginning production.,0.00,0.25,Testing shoe machinery for proper function before production is physical machine checkout.,"Testing a shoe machine before production is on-machine physical checkout, comparable to a hands-on equipment inspection.",0.1250,0.25,0.00,0.85,false,deterministic_mean,deterministic_mean_and_snap,,tg_09cfeadcf8dca892,test machinery to ensure proper functioning before beginning production
51-9022.00,14348,Clean brass particles from files by drawing file cards through file grooves.,0.00,0.00,Drawing file cards through file grooves to clean brass particles is physical hand cleaning.,Cleaning brass particles from files with a file card is fine physical hand work.,0.00,0.00,0.00,1.00,false,identical,identical_scores,,tg_f798f6477cc6e3f9,clean brass particles from files by drawing file cards through file grooves
29-2012.00,1915,"Prepare standard volumetric solutions or reagents to be combined with samples, following standardized formulas or experimental procedures.",0.00,0.25,"Preparing volumetric solutions and reagents from formulas is physical wet-lab handling, not digital computation alone.",Preparing volumetric reagents from formulas is wet-lab physical work; calculation assist does not replace bench handling or lab safety.,0.1250,0.25,0.00,0.85,false,deterministic_mean,deterministic_mean_and_snap,,tg_0f53ebf1a7234ac6,"prepare standard volumetric solutions or reagents to be combined with samples, following standardized formulas or experimental procedures"
53-5031.00,14556,"Perform or participate in emergency drills, as required.",0.00,0.00,Performing or joining emergency drills aboard ship is in-person drill participation.,Performing emergency drills aboard ship is in-person physical safety practice that requires the crew to be there.,0.00,0.00,0.00,1.00,false,identical,identical_scores,,tg_f91e0dec5daa0008,"perform or participate in emergency drills, as required"
13-1032.00,7247,Review repair cost estimates with automobile repair shop to secure agreement on cost of repairs.,0.50,0.50,"Reviewing auto-repair estimates to reach a cost agreement is document comparison AI can check, while negotiating the shop settlement still needs the appraiser.","Reviewing shop estimates is document analysis AI can flag, but securing agreement on repair cost is a negotiated human judgment.",0.50,0.00,0.50,1.00,false,identical,identical_scores,,tg_7092892cc29f6b4e,review repair cost estimates with automobile repair shop to secure agreement on cost of repairs
47-2021.00,4778,"Clean working surface to remove scale, dust, soot, or chips of brick and mortar, using broom, wire brush, or scraper.",0.00,0.00,"Sweeping or scraping scale, dust, and mortar chips from the working surface is physical masonry cleanup.","Sweeping or scraping scale, dust, and mortar chips from a masonry surface is physical jobsite cleanup.",0.00,0.00,0.00,1.00,false,identical,identical_scores,,tg_dee240be5372ba83,"clean working surface to remove scale, dust, soot, or chips of brick and mortar, using broom, wire brush, or scraper"
21-2011.00,20749,"Organize or engage in interfaith, community, civic, educational, or recreational activities sponsored by or related to religious programs.",0.00,0.25,"Organizing or joining interfaith, civic, or recreational activities is in-person community ministry.","Organizing or joining interfaith and community activities is in-person civic and pastoral presence, not a writing task.",0.1250,0.25,0.00,0.85,false,deterministic_mean,deterministic_mean_and_snap,,tg_89e61b0ae5529bbc,"organize or engage in interfaith, community, civic, educational, or recreational activities sponsored by or related to religious programs"
27-2012.00,22533,Compose and edit scripts or provide screenwriters with story outlines from which scripts can be written.,0.50,0.50,"Composing or editing scripts and story outlines is creative text work AI can draft, while story and production judgment still need the producer or director.",Script composition and story outlines are text AI can draft well; creative choices and writer direction still need a producer.,0.50,0.00,0.50,1.00,false,identical,identical_scores,,tg_482b6c3d985f1731,compose and edit scripts or provide screenwriters with story outlines from which scripts can be written
11-2022.00,1,Resolve customer complaints regarding sales and service.,0.25,0.50,Resolving customer complaints about sales and service is interpersonal conflict handling; AI can suggest replies but typical resolution is a manager conversation.,"Complaint resolution is partly scriptable, but sales-and-service remedies still need a manager's judgment and customer conversation.",0.3750,0.25,0.25,0.85,false,deterministic_mean,deterministic_mean_and_snap,,tg_724ccf4ab7c07955,resolve customer complaints regarding sales and service
25-1067.00,6096,Compile bibliographies of specialized materials for outside reading assignments.,0.75,0.75,"Compiling specialized reading bibliographies is routine scholarly list-building AI already does well, with brief instructor check for course fit.","Compiling specialized reading bibliographies is digital literature gathering AI can do, with brief faculty checks for fit.",0.75,0.00,0.75,1.00,false,identical,identical_scores,,tg_57673982de0c1d7a,compile bibliographies of specialized materials for outside reading assignments
45-4011.00,7039,"Select tree seedlings, prepare the ground, or plant the trees in reforestation areas, using manual planting tools.",0.00,0.00,"Selecting seedlings, preparing ground, and planting trees with manual tools is physical reforestation labor.","Selecting seedlings, preparing ground, and planting with hand tools is physical reforestation labor.",0.00,0.00,0.00,1.00,false,identical,identical_scores,,tg_95194d1ff8f8b3bd,"select tree seedlings, prepare the ground, or plant the trees in reforestation areas, using manual planting tools"
27-2022.00,1758,"Explain and demonstrate the use of sports and training equipment, such as trampolines or weights.",0.00,0.25,"Explaining and demonstrating trampolines, weights, or other training equipment is in-person physical coaching demonstration.",Explaining and demonstrating trampolines or weights is in-person coaching of body and equipment use.,0.1250,0.25,0.00,0.85,false,deterministic_mean,deterministic_mean_and_snap,,tg_1dce85be430e5b77,"explain and demonstrate the use of sports and training equipment, such as trampolines or weights"
