occupation_code,occupation_title,soc_code,soc_major_group,onet_task_count,bls_matrix_code,employment_2025_thousands,employment_2035_thousands,occupational_openings_annual_average_2025_2035,commonness_score,selection_stratum,selection_rationale,bls_mapping_status,onet_version,onet_source_url,bls_source,not_automation_exposure_target
11-1011.00,Chief Executives,11-1011,11,31,11-1011,291.6,300.9,19.1,0.7911995515695067,employment_openings_70pct,employment_openings_70pct,exact_soc7_line_item,31.0,https://www.onetcenter.org/database.html,"BLS Employment Projections Occupation.xlsx Table 1.2, 2025-2035",true
11-1011.03,Chief Sustainability Officers,11-1011,11,18,11-1011,291.6,300.9,19.1,0.7911995515695067,employment_openings_70pct,employment_openings_70pct,exact_soc7_line_item,31.0,https://www.onetcenter.org/database.html,"BLS Employment Projections Occupation.xlsx Table 1.2, 2025-2035",true
11-1021.00,General and Operations Managers,11-1021,11,17,11-1021,3599,3780.3,285,0.993890134529148,employment_openings_70pct,employment_openings_70pct,exact_soc7_line_item,31.0,https://www.onetcenter.org/database.html,"BLS Employment Projections Occupation.xlsx Table 1.2, 2025-2035",true
11-1031.00,Legislators,11-1031,11,30,,,,,0.0,strategic_coverage_10pct,strategic_coverage_10pct,exact_soc7_line_item,31.0,https://www.onetcenter.org/database.html,"BLS Employment Projections Occupation.xlsx Table 1.2, 2025-2035",true
11-2011.00,Advertising and Promotions Managers,11-2011,11,30,11-2011,33.2,31.9,2.3,0.3498878923766816,strategic_coverage_10pct,strategic_coverage_10pct,exact_soc7_line_item,31.0,https://www.onetcenter.org/database.html,"BLS Employment Projections Occupation.xlsx Table 1.2, 2025-2035",true
11-2021.00,Marketing Managers,11-2021,11,20,11-2021,421.6,450.8,34,0.858968609865471,employment_openings_70pct,employment_openings_70pct,exact_soc7_line_item,31.0,https://www.onetcenter.org/database.html,"BLS Employment Projections Occupation.xlsx Table 1.2, 2025-2035",true
11-2022.00,Sales Managers,11-2022,11,17,11-2022,650.1,679.1,47.3,0.9048206278026907,employment_openings_70pct,employment_openings_70pct,exact_soc7_line_item,31.0,https://www.onetcenter.org/database.html,"BLS Employment Projections Occupation.xlsx Table 1.2, 2025-2035",true
11-2032.00,Public Relations Managers,11-2032,11,20,11-2032,80.8,85.4,6.1,0.5458800448430493,strategic_coverage_10pct,strategic_coverage_10pct,exact_soc7_line_item,31.0,https://www.onetcenter.org/database.html,"BLS Employment Projections Occupation.xlsx Table 1.2, 2025-2035",true
11-3012.00,Administrative Services Managers,11-3012,11,18,11-3012,279,293.3,22,0.7917600896860987,employment_openings_70pct,employment_openings_70pct,exact_soc7_line_item,31.0,https://www.onetcenter.org/database.html,"BLS Employment Projections Occupation.xlsx Table 1.2, 2025-2035",true
11-3013.01,Security Managers,11-3013,11,28,11-3013,165.9,173.5,14.2,0.7097253363228699,soc_diversity_20pct,soc_diversity_20pct,exact_soc7_line_item,31.0,https://www.onetcenter.org/database.html,"BLS Employment Projections Occupation.xlsx Table 1.2, 2025-2035",true
11-3021.00,Computer and Information Systems Managers,11-3021,11,17,11-3021,685.8,793.9,53.5,0.9126681614349776,employment_openings_70pct,employment_openings_70pct,exact_soc7_line_item,31.0,https://www.onetcenter.org/database.html,"BLS Employment Projections Occupation.xlsx Table 1.2, 2025-2035",true
11-3031.00,Financial Managers,11-3031,11,17,11-3031,879.7,964.6,65.6,0.9272421524663677,employment_openings_70pct,employment_openings_70pct,exact_soc7_line_item,31.0,https://www.onetcenter.org/database.html,"BLS Employment Projections Occupation.xlsx Table 1.2, 2025-2035",true
11-3031.01,Treasurers and Controllers,11-3031,11,22,11-3031,879.7,964.6,65.6,0.9272421524663677,employment_openings_70pct,employment_openings_70pct,exact_soc7_line_item,31.0,https://www.onetcenter.org/database.html,"BLS Employment Projections Occupation.xlsx Table 1.2, 2025-2035",true
11-3031.03,Investment Fund Managers,11-3031,11,20,11-3031,879.7,964.6,65.6,0.9272421524663677,employment_openings_70pct,employment_openings_70pct,exact_soc7_line_item,31.0,https://www.onetcenter.org/database.html,"BLS Employment Projections Occupation.xlsx Table 1.2, 2025-2035",true
11-3051.00,Industrial Production Managers,11-3051,11,21,11-3051,252.1,258.6,17,0.766872197309417,employment_openings_70pct,employment_openings_70pct,exact_soc7_line_item,31.0,https://www.onetcenter.org/database.html,"BLS Employment Projections Occupation.xlsx Table 1.2, 2025-2035",true
11-3051.01,Quality Control Systems Managers,11-3051,11,27,11-3051,252.1,258.6,17,0.766872197309417,employment_openings_70pct,employment_openings_70pct,exact_soc7_line_item,31.0,https://www.onetcenter.org/database.html,"BLS Employment Projections Occupation.xlsx Table 1.2, 2025-2035",true
11-3051.02,Geothermal Production Managers,11-3051,11,17,11-3051,252.1,258.6,17,0.766872197309417,employment_openings_70pct,employment_openings_70pct,exact_soc7_line_item,31.0,https://www.onetcenter.org/database.html,"BLS Employment Projections Occupation.xlsx Table 1.2, 2025-2035",true
11-3051.03,Biofuels Production Managers,11-3051,11,14,11-3051,252.1,258.6,17,0.766872197309417,soc_diversity_20pct,soc_diversity_20pct,exact_soc7_line_item,31.0,https://www.onetcenter.org/database.html,"BLS Employment Projections Occupation.xlsx Table 1.2, 2025-2035",true
11-3051.04,Biomass Power Plant Managers,11-3051,11,19,11-3051,252.1,258.6,17,0.766872197309417,soc_diversity_20pct,soc_diversity_20pct,exact_soc7_line_item,31.0,https://www.onetcenter.org/database.html,"BLS Employment Projections Occupation.xlsx Table 1.2, 2025-2035",true
11-3051.06,Hydroelectric Production Managers,11-3051,11,18,11-3051,252.1,258.6,17,0.766872197309417,soc_diversity_20pct,soc_diversity_20pct,exact_soc7_line_item,31.0,https://www.onetcenter.org/database.html,"BLS Employment Projections Occupation.xlsx Table 1.2, 2025-2035",true
11-3061.00,Purchasing Managers,11-3061,11,18,11-3061,88.3,91.8,6.4,0.5561659192825111,strategic_coverage_10pct,strategic_coverage_10pct,exact_soc7_line_item,31.0,https://www.onetcenter.org/database.html,"BLS Employment Projections Occupation.xlsx Table 1.2, 2025-2035",true
11-3071.00,"Transportation, Storage, and Distribution Managers",11-3071,11,30,11-3071,228.1,242.1,18.3,0.7656670403587444,soc_diversity_20pct,soc_diversity_20pct,exact_soc7_line_item,31.0,https://www.onetcenter.org/database.html,"BLS Employment Projections Occupation.xlsx Table 1.2, 2025-2035",true
11-3071.04,Supply Chain Managers,11-3071,11,30,11-3071,228.1,242.1,18.3,0.7656670403587444,soc_diversity_20pct,soc_diversity_20pct,exact_soc7_line_item,31.0,https://www.onetcenter.org/database.html,"BLS Employment Projections Occupation.xlsx Table 1.2, 2025-2035",true
11-3111.00,Compensation and Benefits Managers,11-3111,11,22,11-3111,23.7,24,1.6,0.2743273542600897,strategic_coverage_10pct,strategic_coverage_10pct,exact_soc7_line_item,31.0,https://www.onetcenter.org/database.html,"BLS Employment Projections Occupation.xlsx Table 1.2, 2025-2035",true
11-3121.00,Human Resources Managers,11-3121,11,26,11-3121,224.9,237.4,16.8,0.7531670403587444,soc_diversity_20pct,soc_diversity_20pct,exact_soc7_line_item,31.0,https://www.onetcenter.org/database.html,"BLS Employment Projections Occupation.xlsx Table 1.2, 2025-2035",true
11-9013.00,"Farmers, Ranchers, and Other Agricultural Managers",11-9013,11,30,11-9013,788.7,762.2,70.8,0.9240470852017937,employment_openings_70pct,employment_openings_70pct,exact_soc7_line_item,31.0,https://www.onetcenter.org/database.html,"BLS Employment Projections Occupation.xlsx Table 1.2, 2025-2035",true
11-9021.00,Construction Managers,11-9021,11,25,11-9021,609.1,664.3,49.7,0.9036434977578475,employment_openings_70pct,employment_openings_70pct,exact_soc7_line_item,31.0,https://www.onetcenter.org/database.html,"BLS Employment Projections Occupation.xlsx Table 1.2, 2025-2035",true
11-9031.00,"Education and Childcare Administrators, Preschool and Daycare",11-9031,11,17,11-9031,91.9,89,5.2,0.5442825112107623,strategic_coverage_10pct,strategic_coverage_10pct,exact_soc7_line_item,31.0,https://www.onetcenter.org/database.html,"BLS Employment Projections Occupation.xlsx Table 1.2, 2025-2035",true
11-9032.00,"Education Administrators, Kindergarten through Secondary",11-9032,11,32,11-9032,343.8,342.7,20.6,0.806390134529148,employment_openings_70pct,employment_openings_70pct,exact_soc7_line_item,31.0,https://www.onetcenter.org/database.html,"BLS Employment Projections Occupation.xlsx Table 1.2, 2025-2035",true
11-9033.00,"Education Administrators, Postsecondary",11-9033,11,27,11-9033,231.8,235.9,14.5,0.7507847533632288,soc_diversity_20pct,soc_diversity_20pct,exact_soc7_line_item,31.0,https://www.onetcenter.org/database.html,"BLS Employment Projections Occupation.xlsx Table 1.2, 2025-2035",true
11-9041.00,Architectural and Engineering Managers,11-9041,11,19,11-9041,220.9,233.1,14.9,0.7468609865470852,soc_diversity_20pct,soc_diversity_20pct,exact_soc7_line_item,31.0,https://www.onetcenter.org/database.html,"BLS Employment Projections Occupation.xlsx Table 1.2, 2025-2035",true
11-9041.01,Biofuels/Biodiesel Technology and Product Development Managers,11-9041,11,18,11-9041,220.9,233.1,14.9,0.7468609865470852,soc_diversity_20pct,soc_diversity_20pct,exact_soc7_line_item,31.0,https://www.onetcenter.org/database.html,"BLS Employment Projections Occupation.xlsx Table 1.2, 2025-2035",true
11-9051.00,Food Service Managers,11-9051,11,28,11-9051,344.3,364.2,38.8,0.8379764573991031,employment_openings_70pct,employment_openings_70pct,exact_soc7_line_item,31.0,https://www.onetcenter.org/database.html,"BLS Employment Projections Occupation.xlsx Table 1.2, 2025-2035",true
11-9071.00,Gambling Managers,11-9071,11,19,11-9071,5.6,5.8,0.6,0.08413677130044844,strategic_coverage_10pct,strategic_coverage_10pct,exact_soc7_line_item,31.0,https://www.onetcenter.org/database.html,"BLS Employment Projections Occupation.xlsx Table 1.2, 2025-2035",true
11-9072.00,"Entertainment and Recreation Managers, Except Gambling",11-9072,11,17,11-9072,43.9,46.5,5.1,0.45389573991031396,strategic_coverage_10pct,strategic_coverage_10pct,exact_soc7_line_item,31.0,https://www.onetcenter.org/database.html,"BLS Employment Projections Occupation.xlsx Table 1.2, 2025-2035",true
11-9081.00,Lodging Managers,11-9081,11,24,11-9081,54.8,56.9,5.5,0.4873318385650224,strategic_coverage_10pct,strategic_coverage_10pct,exact_soc7_line_item,31.0,https://www.onetcenter.org/database.html,"BLS Employment Projections Occupation.xlsx Table 1.2, 2025-2035",true
11-9111.00,Medical and Health Services Managers,11-9111,11,18,11-9111,640.4,795.5,62.3,0.9123318385650225,employment_openings_70pct,employment_openings_70pct,exact_soc7_line_item,31.0,https://www.onetcenter.org/database.html,"BLS Employment Projections Occupation.xlsx Table 1.2, 2025-2035",true
11-9121.01,Clinical Research Coordinators,11-9121,11,33,11-9121,112.2,121.5,9.2,0.6216087443946188,strategic_coverage_10pct,strategic_coverage_10pct,exact_soc7_line_item,31.0,https://www.onetcenter.org/database.html,"BLS Employment Projections Occupation.xlsx Table 1.2, 2025-2035",true
11-9121.02,Water Resource Specialists,11-9121,11,21,11-9121,112.2,121.5,9.2,0.6216087443946188,strategic_coverage_10pct,strategic_coverage_10pct,exact_soc7_line_item,31.0,https://www.onetcenter.org/database.html,"BLS Employment Projections Occupation.xlsx Table 1.2, 2025-2035",true
11-9141.00,"Property, Real Estate, and Community Association Managers",11-9141,11,26,11-9141,460.4,477.6,36.9,0.8719730941704036,employment_openings_70pct,employment_openings_70pct,exact_soc7_line_item,31.0,https://www.onetcenter.org/database.html,"BLS Employment Projections Occupation.xlsx Table 1.2, 2025-2035",true
11-9151.00,Social and Community Service Managers,11-9151,11,16,11-9151,231,247.7,18.5,0.7691143497757849,employment_openings_70pct,employment_openings_70pct,exact_soc7_line_item,31.0,https://www.onetcenter.org/database.html,"BLS Employment Projections Occupation.xlsx Table 1.2, 2025-2035",true
11-9161.00,Emergency Management Directors,11-9161,11,23,11-9161,14,14.5,1.1,0.18080156950672646,strategic_coverage_10pct,strategic_coverage_10pct,exact_soc7_line_item,31.0,https://www.onetcenter.org/database.html,"BLS Employment Projections Occupation.xlsx Table 1.2, 2025-2035",true
11-9171.00,Funeral Home Managers,11-9171,11,23,11-9171,34.8,36.2,2.6,0.36933856502242157,strategic_coverage_10pct,strategic_coverage_10pct,exact_soc7_line_item,31.0,https://www.onetcenter.org/database.html,"BLS Employment Projections Occupation.xlsx Table 1.2, 2025-2035",true
11-9179.01,Fitness and Wellness Coordinators,11-9179,11,24,11-9179,25.5,27.1,2,0.3022982062780269,strategic_coverage_10pct,strategic_coverage_10pct,exact_soc7_line_item,31.0,https://www.onetcenter.org/database.html,"BLS Employment Projections Occupation.xlsx Table 1.2, 2025-2035",true
11-9179.02,Spa Managers,11-9179,11,21,11-9179,25.5,27.1,2,0.3022982062780269,strategic_coverage_10pct,strategic_coverage_10pct,exact_soc7_line_item,31.0,https://www.onetcenter.org/database.html,"BLS Employment Projections Occupation.xlsx Table 1.2, 2025-2035",true
11-9199.01,Regulatory Affairs Managers,11-9199,11,27,11-9199,1338.8,1404.4,100.9,0.9605941704035874,employment_openings_70pct,employment_openings_70pct,exact_soc7_line_item,31.0,https://www.onetcenter.org/database.html,"BLS Employment Projections Occupation.xlsx Table 1.2, 2025-2035",true
11-9199.02,Compliance Managers,11-9199,11,29,11-9199,1338.8,1404.4,100.9,0.9605941704035874,employment_openings_70pct,employment_openings_70pct,exact_soc7_line_item,31.0,https://www.onetcenter.org/database.html,"BLS Employment Projections Occupation.xlsx Table 1.2, 2025-2035",true
11-9199.08,Loss Prevention Managers,11-9199,11,27,11-9199,1338.8,1404.4,100.9,0.9605941704035874,employment_openings_70pct,employment_openings_70pct,exact_soc7_line_item,31.0,https://www.onetcenter.org/database.html,"BLS Employment Projections Occupation.xlsx Table 1.2, 2025-2035",true
11-9199.09,Wind Energy Operations Managers,11-9199,11,16,11-9199,1338.8,1404.4,100.9,0.9605941704035874,employment_openings_70pct,employment_openings_70pct,exact_soc7_line_item,31.0,https://www.onetcenter.org/database.html,"BLS Employment Projections Occupation.xlsx Table 1.2, 2025-2035",true
11-9199.10,Wind Energy Development Managers,11-9199,11,15,11-9199,1338.8,1404.4,100.9,0.9605941704035874,employment_openings_70pct,employment_openings_70pct,exact_soc7_line_item,31.0,https://www.onetcenter.org/database.html,"BLS Employment Projections Occupation.xlsx Table 1.2, 2025-2035",true
11-9199.11,Brownfield Redevelopment Specialists and Site Managers,11-9199,11,23,11-9199,1338.8,1404.4,100.9,0.9605941704035874,employment_openings_70pct,employment_openings_70pct,exact_soc7_line_item,31.0,https://www.onetcenter.org/database.html,"BLS Employment Projections Occupation.xlsx Table 1.2, 2025-2035",true
13-1023.00,"Purchasing Agents, Except Wholesale, Retail, and Farm Products",13-1023,13,19,,,,,0.0,strategic_coverage_10pct,strategic_coverage_10pct,exact_soc7_line_item,31.0,https://www.onetcenter.org/database.html,"BLS Employment Projections Occupation.xlsx Table 1.2, 2025-2035",true
13-1031.00,"Claims Adjusters, Examiners, and Investigators",13-1031,13,29,13-1031,376.1,355.5,20.9,0.8147701793721973,employment_openings_70pct,employment_openings_70pct,exact_soc7_line_item,31.0,https://www.onetcenter.org/database.html,"BLS Employment Projections Occupation.xlsx Table 1.2, 2025-2035",true
13-1041.00,Compliance Officers,13-1041,13,16,13-1041,436.4,453.1,32.7,0.8596412556053812,employment_openings_70pct,employment_openings_70pct,exact_soc7_line_item,31.0,https://www.onetcenter.org/database.html,"BLS Employment Projections Occupation.xlsx Table 1.2, 2025-2035",true
13-1041.01,Environmental Compliance Inspectors,13-1041,13,26,13-1041,436.4,453.1,32.7,0.8596412556053812,employment_openings_70pct,employment_openings_70pct,exact_soc7_line_item,31.0,https://www.onetcenter.org/database.html,"BLS Employment Projections Occupation.xlsx Table 1.2, 2025-2035",true
13-1041.03,Equal Opportunity Representatives and Officers,13-1041,13,18,13-1041,436.4,453.1,32.7,0.8596412556053812,employment_openings_70pct,employment_openings_70pct,exact_soc7_line_item,31.0,https://www.onetcenter.org/database.html,"BLS Employment Projections Occupation.xlsx Table 1.2, 2025-2035",true
13-1041.04,Government Property Inspectors and Investigators,13-1041,13,13,13-1041,436.4,453.1,32.7,0.8596412556053812,employment_openings_70pct,employment_openings_70pct,exact_soc7_line_item,31.0,https://www.onetcenter.org/database.html,"BLS Employment Projections Occupation.xlsx Table 1.2, 2025-2035",true
13-1041.06,Coroners,13-1041,13,20,13-1041,436.4,453.1,32.7,0.8596412556053812,employment_openings_70pct,employment_openings_70pct,exact_soc7_line_item,31.0,https://www.onetcenter.org/database.html,"BLS Employment Projections Occupation.xlsx Table 1.2, 2025-2035",true
13-1041.07,Regulatory Affairs Specialists,13-1041,13,30,13-1041,436.4,453.1,32.7,0.8596412556053812,employment_openings_70pct,employment_openings_70pct,exact_soc7_line_item,31.0,https://www.onetcenter.org/database.html,"BLS Employment Projections Occupation.xlsx Table 1.2, 2025-2035",true
13-1041.08,Customs Brokers,13-1041,13,23,13-1041,436.4,453.1,32.7,0.8596412556053812,employment_openings_70pct,employment_openings_70pct,exact_soc7_line_item,31.0,https://www.onetcenter.org/database.html,"BLS Employment Projections Occupation.xlsx Table 1.2, 2025-2035",true
13-1051.00,Cost Estimators,13-1051,13,14,13-1051,226.4,219.5,17.6,0.7594730941704037,employment_openings_70pct,employment_openings_70pct,exact_soc7_line_item,31.0,https://www.onetcenter.org/database.html,"BLS Employment Projections Occupation.xlsx Table 1.2, 2025-2035",true
13-1071.00,Human Resources Specialists,13-1071,13,26,13-1071,939.7,999.7,73.7,0.9366591928251121,employment_openings_70pct,employment_openings_70pct,exact_soc7_line_item,31.0,https://www.onetcenter.org/database.html,"BLS Employment Projections Occupation.xlsx Table 1.2, 2025-2035",true
13-1075.00,Labor Relations Specialists,13-1075,13,28,13-1075,66.3,67.7,4.8,0.5039517937219731,soc_diversity_20pct,soc_diversity_20pct,exact_soc7_line_item,31.0,https://www.onetcenter.org/database.html,"BLS Employment Projections Occupation.xlsx Table 1.2, 2025-2035",true
13-1081.00,Logisticians,13-1081,13,22,13-1081,255.1,300,26.6,0.7990190582959641,employment_openings_70pct,employment_openings_70pct,exact_soc7_line_item,31.0,https://www.onetcenter.org/database.html,"BLS Employment Projections Occupation.xlsx Table 1.2, 2025-2035",true
13-1081.01,Logistics Engineers,13-1081,13,30,13-1081,255.1,300,26.6,0.7990190582959641,employment_openings_70pct,employment_openings_70pct,exact_soc7_line_item,31.0,https://www.onetcenter.org/database.html,"BLS Employment Projections Occupation.xlsx Table 1.2, 2025-2035",true
13-1081.02,Logistics Analysts,13-1081,13,31,13-1081,255.1,300,26.6,0.7990190582959641,employment_openings_70pct,employment_openings_70pct,exact_soc7_line_item,31.0,https://www.onetcenter.org/database.html,"BLS Employment Projections Occupation.xlsx Table 1.2, 2025-2035",true
13-1082.00,Project Management Specialists,13-1082,13,20,13-1082,1094.3,1167.4,76.5,0.9434417040358745,employment_openings_70pct,employment_openings_70pct,exact_soc7_line_item,31.0,https://www.onetcenter.org/database.html,"BLS Employment Projections Occupation.xlsx Table 1.2, 2025-2035",true
13-1111.00,Management Analysts,13-1111,13,11,13-1111,1077.1,1186.3,94.1,0.9450112107623319,employment_openings_70pct,employment_openings_70pct,exact_soc7_line_item,31.0,https://www.onetcenter.org/database.html,"BLS Employment Projections Occupation.xlsx Table 1.2, 2025-2035",true
13-1121.00,"Meeting, Convention, and Event Planners",13-1121,13,21,13-1121,172.1,182.1,16.8,0.7273262331838564,soc_diversity_20pct,soc_diversity_20pct,exact_soc7_line_item,31.0,https://www.onetcenter.org/database.html,"BLS Employment Projections Occupation.xlsx Table 1.2, 2025-2035",true
13-1131.00,Fundraisers,13-1131,13,28,13-1131,140.9,148.7,10,0.6581558295964126,soc_diversity_20pct,soc_diversity_20pct,exact_soc7_line_item,31.0,https://www.onetcenter.org/database.html,"BLS Employment Projections Occupation.xlsx Table 1.2, 2025-2035",true
13-1141.00,"Compensation, Benefits, and Job Analysis Specialists",13-1141,13,22,13-1141,118.1,125.2,9,0.6255885650224215,soc_diversity_20pct,soc_diversity_20pct,exact_soc7_line_item,31.0,https://www.onetcenter.org/database.html,"BLS Employment Projections Occupation.xlsx Table 1.2, 2025-2035",true
13-1151.00,Training and Development Specialists,13-1151,13,20,13-1151,472.5,523.7,46,0.888677130044843,employment_openings_70pct,employment_openings_70pct,exact_soc7_line_item,31.0,https://www.onetcenter.org/database.html,"BLS Employment Projections Occupation.xlsx Table 1.2, 2025-2035",true
13-1161.00,Market Research Analysts and Marketing Specialists,13-1161,13,13,13-1161,952.7,1019,82,0.9392376681614351,employment_openings_70pct,employment_openings_70pct,exact_soc7_line_item,31.0,https://www.onetcenter.org/database.html,"BLS Employment Projections Occupation.xlsx Table 1.2, 2025-2035",true
13-1161.01,Search Marketing Strategists,13-1161,13,36,13-1161,952.7,1019,82,0.9392376681614351,employment_openings_70pct,employment_openings_70pct,exact_soc7_line_item,31.0,https://www.onetcenter.org/database.html,"BLS Employment Projections Occupation.xlsx Table 1.2, 2025-2035",true
13-1199.04,Business Continuity Planners,13-1199,13,21,13-1199,1157.6,1202.3,98.7,0.9496076233183857,employment_openings_70pct,employment_openings_70pct,exact_soc7_line_item,31.0,https://www.onetcenter.org/database.html,"BLS Employment Projections Occupation.xlsx Table 1.2, 2025-2035",true
13-1199.05,Sustainability Specialists,13-1199,13,14,13-1199,1157.6,1202.3,98.7,0.9496076233183857,employment_openings_70pct,employment_openings_70pct,exact_soc7_line_item,31.0,https://www.onetcenter.org/database.html,"BLS Employment Projections Occupation.xlsx Table 1.2, 2025-2035",true
13-1199.06,Online Merchants,13-1199,13,34,13-1199,1157.6,1202.3,98.7,0.9496076233183857,employment_openings_70pct,employment_openings_70pct,exact_soc7_line_item,31.0,https://www.onetcenter.org/database.html,"BLS Employment Projections Occupation.xlsx Table 1.2, 2025-2035",true
13-1199.07,Security Management Specialists,13-1199,13,23,13-1199,1157.6,1202.3,98.7,0.9496076233183857,employment_openings_70pct,employment_openings_70pct,exact_soc7_line_item,31.0,https://www.onetcenter.org/database.html,"BLS Employment Projections Occupation.xlsx Table 1.2, 2025-2035",true
13-2011.00,Accountants and Auditors,13-2011,13,30,13-2011,1595.2,1674.6,115.3,0.9713565022421524,employment_openings_70pct,employment_openings_70pct,exact_soc7_line_item,31.0,https://www.onetcenter.org/database.html,"BLS Employment Projections Occupation.xlsx Table 1.2, 2025-2035",true
13-2023.00,Appraisers and Assessors of Real Estate,13-2023,13,28,,,,,0.0,strategic_coverage_10pct,strategic_coverage_10pct,exact_soc7_line_item,31.0,https://www.onetcenter.org/database.html,"BLS Employment Projections Occupation.xlsx Table 1.2, 2025-2035",true
13-2051.00,Financial and Investment Analysts,13-2051,13,26,13-2051,377.2,404.3,24.7,0.8283632286995515,employment_openings_70pct,employment_openings_70pct,exact_soc7_line_item,31.0,https://www.onetcenter.org/database.html,"BLS Employment Projections Occupation.xlsx Table 1.2, 2025-2035",true
13-2052.00,Personal Financial Advisors,13-2052,13,21,13-2052,299.4,303.5,17.1,0.7879764573991032,employment_openings_70pct,employment_openings_70pct,exact_soc7_line_item,31.0,https://www.onetcenter.org/database.html,"BLS Employment Projections Occupation.xlsx Table 1.2, 2025-2035",true
13-2053.00,Insurance Underwriters,13-2053,13,7,13-2053,125.6,120.8,6.8,0.6068665919282511,soc_diversity_20pct,soc_diversity_20pct,exact_soc7_line_item,31.0,https://www.onetcenter.org/database.html,"BLS Employment Projections Occupation.xlsx Table 1.2, 2025-2035",true
13-2054.00,Financial Risk Specialists,13-2054,13,30,13-2054,66,70.8,4.8,0.5050168161434978,soc_diversity_20pct,soc_diversity_20pct,exact_soc7_line_item,31.0,https://www.onetcenter.org/database.html,"BLS Employment Projections Occupation.xlsx Table 1.2, 2025-2035",true
13-2061.00,Financial Examiners,13-2061,13,17,13-2061,70,76.5,4.5,0.5098654708520179,soc_diversity_20pct,soc_diversity_20pct,exact_soc7_line_item,31.0,https://www.onetcenter.org/database.html,"BLS Employment Projections Occupation.xlsx Table 1.2, 2025-2035",true
13-2071.00,Credit Counselors,13-2071,13,23,13-2071,31.2,32.3,2,0.32934417040358743,strategic_coverage_10pct,strategic_coverage_10pct,exact_soc7_line_item,31.0,https://www.onetcenter.org/database.html,"BLS Employment Projections Occupation.xlsx Table 1.2, 2025-2035",true
13-2072.00,Loan Officers,13-2072,13,30,13-2072,283,286,17.1,0.7794562780269059,employment_openings_70pct,employment_openings_70pct,exact_soc7_line_item,31.0,https://www.onetcenter.org/database.html,"BLS Employment Projections Occupation.xlsx Table 1.2, 2025-2035",true
13-2081.00,"Tax Examiners and Collectors, and Revenue Agents",13-2081,13,21,13-2081,60.1,59.5,4.4,0.4825952914798206,strategic_coverage_10pct,strategic_coverage_10pct,exact_soc7_line_item,31.0,https://www.onetcenter.org/database.html,"BLS Employment Projections Occupation.xlsx Table 1.2, 2025-2035",true
13-2082.00,Tax Preparers,13-2082,13,12,13-2082,95.8,100.3,9.4,0.5996356502242153,soc_diversity_20pct,soc_diversity_20pct,exact_soc7_line_item,31.0,https://www.onetcenter.org/database.html,"BLS Employment Projections Occupation.xlsx Table 1.2, 2025-2035",true
13-2099.01,Financial Quantitative Analysts,13-2099,13,21,13-2099,137.8,143.4,9.4,0.645627802690583,soc_diversity_20pct,soc_diversity_20pct,exact_soc7_line_item,31.0,https://www.onetcenter.org/database.html,"BLS Employment Projections Occupation.xlsx Table 1.2, 2025-2035",true
13-2099.04,"Fraud Examiners, Investigators and Analysts",13-2099,13,23,13-2099,137.8,143.4,9.4,0.645627802690583,soc_diversity_20pct,soc_diversity_20pct,exact_soc7_line_item,31.0,https://www.onetcenter.org/database.html,"BLS Employment Projections Occupation.xlsx Table 1.2, 2025-2035",true
15-1211.00,Computer Systems Analysts,15-1211,15,22,15-1211,544.4,587.2,32.9,0.8838004484304932,employment_openings_70pct,employment_openings_70pct,exact_soc7_line_item,31.0,https://www.onetcenter.org/database.html,"BLS Employment Projections Occupation.xlsx Table 1.2, 2025-2035",true
15-1211.01,Health Informatics Specialists,15-1211,15,17,15-1211,544.4,587.2,32.9,0.8838004484304932,employment_openings_70pct,employment_openings_70pct,exact_soc7_line_item,31.0,https://www.onetcenter.org/database.html,"BLS Employment Projections Occupation.xlsx Table 1.2, 2025-2035",true
15-1212.00,Information Security Analysts,15-1212,15,11,15-1212,192.9,233.4,14.1,0.736042600896861,employment_openings_70pct,employment_openings_70pct,exact_soc7_line_item,31.0,https://www.onetcenter.org/database.html,"BLS Employment Projections Occupation.xlsx Table 1.2, 2025-2035",true
15-1221.00,Computer and Information Research Scientists,15-1221,15,15,15-1221,38.6,47,2.9,0.394170403587444,soc_diversity_20pct,soc_diversity_20pct,exact_soc7_line_item,31.0,https://www.onetcenter.org/database.html,"BLS Employment Projections Occupation.xlsx Table 1.2, 2025-2035",true
15-1231.00,Computer Network Support Specialists,15-1231,15,26,15-1231,152.5,154.4,9,0.6576513452914798,employment_openings_70pct,employment_openings_70pct,exact_soc7_line_item,31.0,https://www.onetcenter.org/database.html,"BLS Employment Projections Occupation.xlsx Table 1.2, 2025-2035",true
15-1232.00,Computer User Support Specialists,15-1232,15,16,15-1232,750.6,724.4,39.7,0.9030829596412556,employment_openings_70pct,employment_openings_70pct,exact_soc7_line_item,31.0,https://www.onetcenter.org/database.html,"BLS Employment Projections Occupation.xlsx Table 1.2, 2025-2035",true
15-1241.00,Computer Network Architects,15-1241,15,33,15-1241,181.8,195.8,9.6,0.6975336322869956,employment_openings_70pct,employment_openings_70pct,exact_soc7_line_item,31.0,https://www.onetcenter.org/database.html,"BLS Employment Projections Occupation.xlsx Table 1.2, 2025-2035",true
15-1241.01,Telecommunications Engineering Specialists,15-1241,15,26,15-1241,181.8,195.8,9.6,0.6975336322869956,employment_openings_70pct,employment_openings_70pct,exact_soc7_line_item,31.0,https://www.onetcenter.org/database.html,"BLS Employment Projections Occupation.xlsx Table 1.2, 2025-2035",true
15-1242.00,Database Administrators,15-1242,15,18,15-1242,75,74.9,3.3,0.48881726457399105,soc_diversity_20pct,soc_diversity_20pct,exact_soc7_line_item,31.0,https://www.onetcenter.org/database.html,"BLS Employment Projections Occupation.xlsx Table 1.2, 2025-2035",true
15-1243.00,Database Architects,15-1243,15,25,15-1243,69.5,76,3.9,0.49630044843049326,soc_diversity_20pct,soc_diversity_20pct,exact_soc7_line_item,31.0,https://www.onetcenter.org/database.html,"BLS Employment Projections Occupation.xlsx Table 1.2, 2025-2035",true
15-1243.01,Data Warehousing Specialists,15-1243,15,18,15-1243,69.5,76,3.9,0.49630044843049326,soc_diversity_20pct,soc_diversity_20pct,exact_soc7_line_item,31.0,https://www.onetcenter.org/database.html,"BLS Employment Projections Occupation.xlsx Table 1.2, 2025-2035",true
15-1244.00,Network and Computer Systems Administrators,15-1244,15,20,15-1244,323.6,310.4,13.4,0.7744674887892375,employment_openings_70pct,employment_openings_70pct,exact_soc7_line_item,31.0,https://www.onetcenter.org/database.html,"BLS Employment Projections Occupation.xlsx Table 1.2, 2025-2035",true
15-1251.00,Computer Programmers,15-1251,15,17,15-1251,110.8,102.7,4.4,0.5611266816143499,employment_openings_70pct,employment_openings_70pct,exact_soc7_line_item,31.0,https://www.onetcenter.org/database.html,"BLS Employment Projections Occupation.xlsx Table 1.2, 2025-2035",true
15-1252.00,Software Developers,15-1252,15,17,15-1252,1717.8,1892.6,95.3,0.9657791479820628,employment_openings_70pct,employment_openings_70pct,exact_soc7_line_item,31.0,https://www.onetcenter.org/database.html,"BLS Employment Projections Occupation.xlsx Table 1.2, 2025-2035",true
15-1253.00,Software Quality Assurance Analysts and Testers,15-1253,15,30,15-1253,187.6,198.2,10.7,0.7077354260089685,employment_openings_70pct,employment_openings_70pct,exact_soc7_line_item,31.0,https://www.onetcenter.org/database.html,"BLS Employment Projections Occupation.xlsx Table 1.2, 2025-2035",true
15-1254.00,Web Developers,15-1254,15,29,15-1254,87.4,90.6,5.3,0.5430773542600897,soc_diversity_20pct,soc_diversity_20pct,exact_soc7_line_item,31.0,https://www.onetcenter.org/database.html,"BLS Employment Projections Occupation.xlsx Table 1.2, 2025-2035",true
15-1255.00,Web and Digital Interface Designers,15-1255,15,30,15-1255,132.7,140.8,8.3,0.6325112107623319,employment_openings_70pct,employment_openings_70pct,exact_soc7_line_item,31.0,https://www.onetcenter.org/database.html,"BLS Employment Projections Occupation.xlsx Table 1.2, 2025-2035",true
15-1255.01,Video Game Designers,15-1255,15,24,15-1255,132.7,140.8,8.3,0.6325112107623319,employment_openings_70pct,employment_openings_70pct,exact_soc7_line_item,31.0,https://www.onetcenter.org/database.html,"BLS Employment Projections Occupation.xlsx Table 1.2, 2025-2035",true
15-1299.01,Web Administrators,15-1299,15,35,15-1299,471.2,495.3,27,0.8644899103139014,employment_openings_70pct,employment_openings_70pct,exact_soc7_line_item,31.0,https://www.onetcenter.org/database.html,"BLS Employment Projections Occupation.xlsx Table 1.2, 2025-2035",true
15-1299.02,Geographic Information Systems Technologists and Technicians,15-1299,15,29,15-1299,471.2,495.3,27,0.8644899103139014,employment_openings_70pct,employment_openings_70pct,exact_soc7_line_item,31.0,https://www.onetcenter.org/database.html,"BLS Employment Projections Occupation.xlsx Table 1.2, 2025-2035",true
15-1299.03,Document Management Specialists,15-1299,15,23,15-1299,471.2,495.3,27,0.8644899103139014,employment_openings_70pct,employment_openings_70pct,exact_soc7_line_item,31.0,https://www.onetcenter.org/database.html,"BLS Employment Projections Occupation.xlsx Table 1.2, 2025-2035",true
15-1299.04,Penetration Testers,15-1299,15,22,15-1299,471.2,495.3,27,0.8644899103139014,employment_openings_70pct,employment_openings_70pct,exact_soc7_line_item,31.0,https://www.onetcenter.org/database.html,"BLS Employment Projections Occupation.xlsx Table 1.2, 2025-2035",true
15-1299.05,Information Security Engineers,15-1299,15,20,15-1299,471.2,495.3,27,0.8644899103139014,employment_openings_70pct,employment_openings_70pct,exact_soc7_line_item,31.0,https://www.onetcenter.org/database.html,"BLS Employment Projections Occupation.xlsx Table 1.2, 2025-2035",true
15-1299.06,Digital Forensics Analysts,15-1299,15,20,15-1299,471.2,495.3,27,0.8644899103139014,employment_openings_70pct,employment_openings_70pct,exact_soc7_line_item,31.0,https://www.onetcenter.org/database.html,"BLS Employment Projections Occupation.xlsx Table 1.2, 2025-2035",true
15-1299.07,Blockchain Engineers,15-1299,15,17,15-1299,471.2,495.3,27,0.8644899103139014,employment_openings_70pct,employment_openings_70pct,exact_soc7_line_item,31.0,https://www.onetcenter.org/database.html,"BLS Employment Projections Occupation.xlsx Table 1.2, 2025-2035",true
15-1299.08,Computer Systems Engineers/Architects,15-1299,15,28,15-1299,471.2,495.3,27,0.8644899103139014,employment_openings_70pct,employment_openings_70pct,exact_soc7_line_item,31.0,https://www.onetcenter.org/database.html,"BLS Employment Projections Occupation.xlsx Table 1.2, 2025-2035",true
15-1299.09,Information Technology Project Managers,15-1299,15,21,15-1299,471.2,495.3,27,0.8644899103139014,employment_openings_70pct,employment_openings_70pct,exact_soc7_line_item,31.0,https://www.onetcenter.org/database.html,"BLS Employment Projections Occupation.xlsx Table 1.2, 2025-2035",true
15-2011.00,Actuaries,15-2011,15,15,15-2011,31.2,34.1,1.5,0.31446188340807174,soc_diversity_20pct,soc_diversity_20pct,exact_soc7_line_item,31.0,https://www.onetcenter.org/database.html,"BLS Employment Projections Occupation.xlsx Table 1.2, 2025-2035",true
15-2021.00,Mathematicians,15-2021,15,12,15-2021,2.2,2.2,0.1,0.017404708520179373,soc_diversity_20pct,soc_diversity_20pct,exact_soc7_line_item,31.0,https://www.onetcenter.org/database.html,"BLS Employment Projections Occupation.xlsx Table 1.2, 2025-2035",true
15-2031.00,Operations Research Analysts,15-2031,15,17,15-2031,113.1,126.6,7.5,0.6073991031390135,employment_openings_70pct,employment_openings_70pct,exact_soc7_line_item,31.0,https://www.onetcenter.org/database.html,"BLS Employment Projections Occupation.xlsx Table 1.2, 2025-2035",true
15-2041.00,Statisticians,15-2041,15,19,15-2041,31.3,34.7,1.9,0.3318946188340808,soc_diversity_20pct,soc_diversity_20pct,exact_soc7_line_item,31.0,https://www.onetcenter.org/database.html,"BLS Employment Projections Occupation.xlsx Table 1.2, 2025-2035",true
15-2041.01,Biostatisticians,15-2041,15,25,15-2041,31.3,34.7,1.9,0.3318946188340808,soc_diversity_20pct,soc_diversity_20pct,exact_soc7_line_item,31.0,https://www.onetcenter.org/database.html,"BLS Employment Projections Occupation.xlsx Table 1.2, 2025-2035",true
15-2051.00,Data Scientists,15-2051,15,16,15-2051,275.6,371,24.8,0.8050448430493273,employment_openings_70pct,employment_openings_70pct,exact_soc7_line_item,31.0,https://www.onetcenter.org/database.html,"BLS Employment Projections Occupation.xlsx Table 1.2, 2025-2035",true
15-2051.01,Business Intelligence Analysts,15-2051,15,17,15-2051,275.6,371,24.8,0.8050448430493273,employment_openings_70pct,employment_openings_70pct,exact_soc7_line_item,31.0,https://www.onetcenter.org/database.html,"BLS Employment Projections Occupation.xlsx Table 1.2, 2025-2035",true
15-2051.02,Clinical Data Managers,15-2051,15,21,15-2051,275.6,371,24.8,0.8050448430493273,employment_openings_70pct,employment_openings_70pct,exact_soc7_line_item,31.0,https://www.onetcenter.org/database.html,"BLS Employment Projections Occupation.xlsx Table 1.2, 2025-2035",true
15-2099.01,Bioinformatics Technicians,15-2099,15,19,15-2099,4,4.2,0.2,0.041507847533632285,soc_diversity_20pct,soc_diversity_20pct,exact_soc7_line_item,31.0,https://www.onetcenter.org/database.html,"BLS Employment Projections Occupation.xlsx Table 1.2, 2025-2035",true
17-1011.00,"Architects, Except Landscape and Naval",17-1011,17,25,17-1011,124.6,129.9,6.9,0.6108183856502242,employment_openings_70pct,employment_openings_70pct,exact_soc7_line_item,31.0,https://www.onetcenter.org/database.html,"BLS Employment Projections Occupation.xlsx Table 1.2, 2025-2035",true
17-1012.00,Landscape Architects,17-1012,17,19,17-1012,23.5,24.5,1.7,0.2779708520179372,strategic_coverage_10pct,strategic_coverage_10pct,exact_soc7_line_item,31.0,https://www.onetcenter.org/database.html,"BLS Employment Projections Occupation.xlsx Table 1.2, 2025-2035",true
17-1022.00,Surveyors,17-1022,17,24,17-1022,52,55,3.1,0.4349215246636771,soc_diversity_20pct,soc_diversity_20pct,exact_soc7_line_item,31.0,https://www.onetcenter.org/database.html,"BLS Employment Projections Occupation.xlsx Table 1.2, 2025-2035",true
17-1022.01,Geodetic Surveyors,17-1022,17,16,17-1022,52,55,3.1,0.4349215246636771,soc_diversity_20pct,soc_diversity_20pct,exact_soc7_line_item,31.0,https://www.onetcenter.org/database.html,"BLS Employment Projections Occupation.xlsx Table 1.2, 2025-2035",true
17-2011.00,Aerospace Engineers,17-2011,17,14,17-2011,68.7,74.4,3.8,0.4906670403587444,soc_diversity_20pct,soc_diversity_20pct,exact_soc7_line_item,31.0,https://www.onetcenter.org/database.html,"BLS Employment Projections Occupation.xlsx Table 1.2, 2025-2035",true
17-2031.00,Bioengineers and Biomedical Engineers,17-2031,17,30,17-2031,23.8,25.7,1.2,0.25910874439461884,strategic_coverage_10pct,strategic_coverage_10pct,exact_soc7_line_item,31.0,https://www.onetcenter.org/database.html,"BLS Employment Projections Occupation.xlsx Table 1.2, 2025-2035",true
17-2051.00,Civil Engineers,17-2051,17,16,17-2051,380.6,405.1,22.7,0.8244394618834082,employment_openings_70pct,employment_openings_70pct,exact_soc7_line_item,31.0,https://www.onetcenter.org/database.html,"BLS Employment Projections Occupation.xlsx Table 1.2, 2025-2035",true
17-2051.01,Transportation Engineers,17-2051,17,26,17-2051,380.6,405.1,22.7,0.8244394618834082,employment_openings_70pct,employment_openings_70pct,exact_soc7_line_item,31.0,https://www.onetcenter.org/database.html,"BLS Employment Projections Occupation.xlsx Table 1.2, 2025-2035",true
17-2051.02,Water/Wastewater Engineers,17-2051,17,28,17-2051,380.6,405.1,22.7,0.8244394618834082,employment_openings_70pct,employment_openings_70pct,exact_soc7_line_item,31.0,https://www.onetcenter.org/database.html,"BLS Employment Projections Occupation.xlsx Table 1.2, 2025-2035",true
17-2061.00,Computer Hardware Engineers,17-2061,17,18,17-2061,76.1,83,4.1,0.5114349775784753,soc_diversity_20pct,soc_diversity_20pct,exact_soc7_line_item,31.0,https://www.onetcenter.org/database.html,"BLS Employment Projections Occupation.xlsx Table 1.2, 2025-2035",true
17-2071.00,Electrical Engineers,17-2071,17,22,17-2071,199.7,219.5,11.4,0.7166760089686098,employment_openings_70pct,employment_openings_70pct,exact_soc7_line_item,31.0,https://www.onetcenter.org/database.html,"BLS Employment Projections Occupation.xlsx Table 1.2, 2025-2035",true
17-2072.00,"Electronics Engineers, Except Computer",17-2072,17,20,17-2072,98.2,101.8,4.9,0.5568946188340808,employment_openings_70pct,employment_openings_70pct,exact_soc7_line_item,31.0,https://www.onetcenter.org/database.html,"BLS Employment Projections Occupation.xlsx Table 1.2, 2025-2035",true
17-2072.01,Radio Frequency Identification Device Specialists,17-2072,17,21,17-2072,98.2,101.8,4.9,0.5568946188340808,employment_openings_70pct,employment_openings_70pct,exact_soc7_line_item,31.0,https://www.onetcenter.org/database.html,"BLS Employment Projections Occupation.xlsx Table 1.2, 2025-2035",true
17-2081.00,Environmental Engineers,17-2081,17,29,17-2081,39.1,41.6,2.3,0.37586883408071753,strategic_coverage_10pct,strategic_coverage_10pct,exact_soc7_line_item,31.0,https://www.onetcenter.org/database.html,"BLS Employment Projections Occupation.xlsx Table 1.2, 2025-2035",true
17-2111.00,"Health and Safety Engineers, Except Mining Safety Engineers and Inspectors",17-2111,17,27,17-2111,22.3,23.5,1.2,0.24857062780269062,strategic_coverage_10pct,strategic_coverage_10pct,exact_soc7_line_item,31.0,https://www.onetcenter.org/database.html,"BLS Employment Projections Occupation.xlsx Table 1.2, 2025-2035",true
17-2112.00,Industrial Engineers,17-2112,17,20,17-2112,365.1,410.6,23.1,0.8207959641255606,employment_openings_70pct,employment_openings_70pct,exact_soc7_line_item,31.0,https://www.onetcenter.org/database.html,"BLS Employment Projections Occupation.xlsx Table 1.2, 2025-2035",true
17-2112.01,Human Factors Engineers and Ergonomists,17-2112,17,26,17-2112,365.1,410.6,23.1,0.8207959641255606,employment_openings_70pct,employment_openings_70pct,exact_soc7_line_item,31.0,https://www.onetcenter.org/database.html,"BLS Employment Projections Occupation.xlsx Table 1.2, 2025-2035",true
17-2112.02,Validation Engineers,17-2112,17,21,17-2112,365.1,410.6,23.1,0.8207959641255606,employment_openings_70pct,employment_openings_70pct,exact_soc7_line_item,31.0,https://www.onetcenter.org/database.html,"BLS Employment Projections Occupation.xlsx Table 1.2, 2025-2035",true
17-2112.03,Manufacturing Engineers,17-2112,17,24,17-2112,365.1,410.6,23.1,0.8207959641255606,employment_openings_70pct,employment_openings_70pct,exact_soc7_line_item,31.0,https://www.onetcenter.org/database.html,"BLS Employment Projections Occupation.xlsx Table 1.2, 2025-2035",true
17-2121.00,Marine Engineers and Naval Architects,17-2121,17,30,17-2121,8.4,8.9,0.5,0.09882286995515695,strategic_coverage_10pct,strategic_coverage_10pct,exact_soc7_line_item,31.0,https://www.onetcenter.org/database.html,"BLS Employment Projections Occupation.xlsx Table 1.2, 2025-2035",true
17-2131.00,Materials Engineers,17-2131,17,21,17-2131,23.8,25.6,1.3,0.2618834080717489,strategic_coverage_10pct,strategic_coverage_10pct,exact_soc7_line_item,31.0,https://www.onetcenter.org/database.html,"BLS Employment Projections Occupation.xlsx Table 1.2, 2025-2035",true
17-2141.00,Mechanical Engineers,17-2141,17,28,17-2141,298.5,332,17.8,0.7926569506726457,employment_openings_70pct,employment_openings_70pct,exact_soc7_line_item,31.0,https://www.onetcenter.org/database.html,"BLS Employment Projections Occupation.xlsx Table 1.2, 2025-2035",true
17-2141.01,Fuel Cell Engineers,17-2141,17,26,17-2141,298.5,332,17.8,0.7926569506726457,employment_openings_70pct,employment_openings_70pct,exact_soc7_line_item,31.0,https://www.onetcenter.org/database.html,"BLS Employment Projections Occupation.xlsx Table 1.2, 2025-2035",true
17-2141.02,Automotive Engineers,17-2141,17,25,17-2141,298.5,332,17.8,0.7926569506726457,employment_openings_70pct,employment_openings_70pct,exact_soc7_line_item,31.0,https://www.onetcenter.org/database.html,"BLS Employment Projections Occupation.xlsx Table 1.2, 2025-2035",true
17-2151.00,"Mining and Geological Engineers, Including Mining Safety Engineers",17-2151,17,18,17-2151,6.2,6.4,0.3,0.07146860986547085,strategic_coverage_10pct,strategic_coverage_10pct,exact_soc7_line_item,31.0,https://www.onetcenter.org/database.html,"BLS Employment Projections Occupation.xlsx Table 1.2, 2025-2035",true
17-2161.00,Nuclear Engineers,17-2161,17,20,17-2161,16.6,16.6,0.8,0.18783632286995516,strategic_coverage_10pct,strategic_coverage_10pct,exact_soc7_line_item,31.0,https://www.onetcenter.org/database.html,"BLS Employment Projections Occupation.xlsx Table 1.2, 2025-2035",true
17-2171.00,Petroleum Engineers,17-2171,17,23,17-2171,18.5,18.8,1,0.21426569506726456,strategic_coverage_10pct,strategic_coverage_10pct,exact_soc7_line_item,31.0,https://www.onetcenter.org/database.html,"BLS Employment Projections Occupation.xlsx Table 1.2, 2025-2035",true
17-2199.03,"Energy Engineers, Except Wind and Solar",17-2199,17,21,17-2199,166.7,173,8.8,0.6711883408071749,employment_openings_70pct,employment_openings_70pct,exact_soc7_line_item,31.0,https://www.onetcenter.org/database.html,"BLS Employment Projections Occupation.xlsx Table 1.2, 2025-2035",true
17-2199.05,Mechatronics Engineers,17-2199,17,23,17-2199,166.7,173,8.8,0.6711883408071749,employment_openings_70pct,employment_openings_70pct,exact_soc7_line_item,31.0,https://www.onetcenter.org/database.html,"BLS Employment Projections Occupation.xlsx Table 1.2, 2025-2035",true
17-2199.06,Microsystems Engineers,17-2199,17,31,17-2199,166.7,173,8.8,0.6711883408071749,employment_openings_70pct,employment_openings_70pct,exact_soc7_line_item,31.0,https://www.onetcenter.org/database.html,"BLS Employment Projections Occupation.xlsx Table 1.2, 2025-2035",true
17-2199.07,Photonics Engineers,17-2199,17,26,17-2199,166.7,173,8.8,0.6711883408071749,employment_openings_70pct,employment_openings_70pct,exact_soc7_line_item,31.0,https://www.onetcenter.org/database.html,"BLS Employment Projections Occupation.xlsx Table 1.2, 2025-2035",true
17-2199.08,Robotics Engineers,17-2199,17,24,17-2199,166.7,173,8.8,0.6711883408071749,employment_openings_70pct,employment_openings_70pct,exact_soc7_line_item,31.0,https://www.onetcenter.org/database.html,"BLS Employment Projections Occupation.xlsx Table 1.2, 2025-2035",true
17-2199.09,Nanosystems Engineers,17-2199,17,25,17-2199,166.7,173,8.8,0.6711883408071749,employment_openings_70pct,employment_openings_70pct,exact_soc7_line_item,31.0,https://www.onetcenter.org/database.html,"BLS Employment Projections Occupation.xlsx Table 1.2, 2025-2035",true
17-2199.10,Wind Energy Engineers,17-2199,17,16,17-2199,166.7,173,8.8,0.6711883408071749,employment_openings_70pct,employment_openings_70pct,exact_soc7_line_item,31.0,https://www.onetcenter.org/database.html,"BLS Employment Projections Occupation.xlsx Table 1.2, 2025-2035",true
17-2199.11,Solar Energy Systems Engineers,17-2199,17,13,17-2199,166.7,173,8.8,0.6711883408071749,employment_openings_70pct,employment_openings_70pct,exact_soc7_line_item,31.0,https://www.onetcenter.org/database.html,"BLS Employment Projections Occupation.xlsx Table 1.2, 2025-2035",true
17-3011.00,Architectural and Civil Drafters,17-3011,17,26,17-3011,104.1,109.5,9.1,0.6106502242152466,employment_openings_70pct,employment_openings_70pct,exact_soc7_line_item,31.0,https://www.onetcenter.org/database.html,"BLS Employment Projections Occupation.xlsx Table 1.2, 2025-2035",true
17-3012.00,Electrical and Electronics Drafters,17-3012,17,30,17-3012,18.9,18.2,1.4,0.23699551569506724,strategic_coverage_10pct,strategic_coverage_10pct,exact_soc7_line_item,31.0,https://www.onetcenter.org/database.html,"BLS Employment Projections Occupation.xlsx Table 1.2, 2025-2035",true
17-3013.00,Mechanical Drafters,17-3013,17,16,17-3013,42.1,39.6,2.9,0.39680493273542605,soc_diversity_20pct,soc_diversity_20pct,exact_soc7_line_item,31.0,https://www.onetcenter.org/database.html,"BLS Employment Projections Occupation.xlsx Table 1.2, 2025-2035",true
17-3022.00,Civil Engineering Technologists and Technicians,17-3022,17,14,17-3022,70.9,73.2,6.1,0.5301008968609865,soc_diversity_20pct,soc_diversity_20pct,exact_soc7_line_item,31.0,https://www.onetcenter.org/database.html,"BLS Employment Projections Occupation.xlsx Table 1.2, 2025-2035",true
17-3023.00,Electrical and Electronic Engineering Technologists and Technicians,17-3023,17,28,17-3023,96.9,99.2,8.1,0.5881726457399103,employment_openings_70pct,employment_openings_70pct,exact_soc7_line_item,31.0,https://www.onetcenter.org/database.html,"BLS Employment Projections Occupation.xlsx Table 1.2, 2025-2035",true
17-3024.00,Electro-Mechanical and Mechatronics Technologists and Technicians,17-3024,17,28,17-3024,15.7,16.2,1.4,0.21395739910313902,strategic_coverage_10pct,strategic_coverage_10pct,exact_soc7_line_item,31.0,https://www.onetcenter.org/database.html,"BLS Employment Projections Occupation.xlsx Table 1.2, 2025-2035",true
17-3024.01,Robotics Technicians,17-3024,17,22,17-3024,15.7,16.2,1.4,0.21395739910313902,strategic_coverage_10pct,strategic_coverage_10pct,exact_soc7_line_item,31.0,https://www.onetcenter.org/database.html,"BLS Employment Projections Occupation.xlsx Table 1.2, 2025-2035",true
17-3025.00,Environmental Engineering Technologists and Technicians,17-3025,17,23,17-3025,12.5,12.9,1.1,0.16989910313901346,strategic_coverage_10pct,strategic_coverage_10pct,exact_soc7_line_item,31.0,https://www.onetcenter.org/database.html,"BLS Employment Projections Occupation.xlsx Table 1.2, 2025-2035",true
17-3026.00,Industrial Engineering Technologists and Technicians,17-3026,17,30,17-3026,76.7,79,6.6,0.5459641255605381,employment_openings_70pct,employment_openings_70pct,exact_soc7_line_item,31.0,https://www.onetcenter.org/database.html,"BLS Employment Projections Occupation.xlsx Table 1.2, 2025-2035",true
17-3026.01,Nanotechnology Engineering Technologists and Technicians,17-3026,17,25,17-3026,76.7,79,6.6,0.5459641255605381,employment_openings_70pct,employment_openings_70pct,exact_soc7_line_item,31.0,https://www.onetcenter.org/database.html,"BLS Employment Projections Occupation.xlsx Table 1.2, 2025-2035",true
17-3027.00,Mechanical Engineering Technologists and Technicians,17-3027,17,30,17-3027,36.9,37.4,3.1,0.3865470852017937,strategic_coverage_10pct,strategic_coverage_10pct,exact_soc7_line_item,31.0,https://www.onetcenter.org/database.html,"BLS Employment Projections Occupation.xlsx Table 1.2, 2025-2035",true
17-3027.01,Automotive Engineering Technicians,17-3027,17,18,17-3027,36.9,37.4,3.1,0.3865470852017937,soc_diversity_20pct,soc_diversity_20pct,exact_soc7_line_item,31.0,https://www.onetcenter.org/database.html,"BLS Employment Projections Occupation.xlsx Table 1.2, 2025-2035",true
17-3029.01,Non-Destructive Testing Specialists,17-3029,17,16,17-3029,62.4,64.1,5.4,0.5074551569506727,soc_diversity_20pct,soc_diversity_20pct,exact_soc7_line_item,31.0,https://www.onetcenter.org/database.html,"BLS Employment Projections Occupation.xlsx Table 1.2, 2025-2035",true
17-3029.08,Photonics Technicians,17-3029,17,24,17-3029,62.4,64.1,5.4,0.5074551569506727,soc_diversity_20pct,soc_diversity_20pct,exact_soc7_line_item,31.0,https://www.onetcenter.org/database.html,"BLS Employment Projections Occupation.xlsx Table 1.2, 2025-2035",true
17-3031.00,Surveying and Mapping Technicians,17-3031,17,30,17-3031,58.8,62.2,6.9,0.5091367713004484,soc_diversity_20pct,soc_diversity_20pct,exact_soc7_line_item,31.0,https://www.onetcenter.org/database.html,"BLS Employment Projections Occupation.xlsx Table 1.2, 2025-2035",true
19-1013.00,Soil and Plant Scientists,19-1013,19,27,19-1013,19.9,21.3,1.4,0.24503923766816144,strategic_coverage_10pct,strategic_coverage_10pct,exact_soc7_line_item,31.0,https://www.onetcenter.org/database.html,"BLS Employment Projections Occupation.xlsx Table 1.2, 2025-2035",true
19-1021.00,Biochemists and Biophysicists,19-1021,19,24,19-1021,35.2,39.5,2.9,0.3790639013452915,employment_openings_70pct,employment_openings_70pct,exact_soc7_line_item,31.0,https://www.onetcenter.org/database.html,"BLS Employment Projections Occupation.xlsx Table 1.2, 2025-2035",true
19-1029.01,Bioinformatics Scientists,19-1029,19,20,19-1029,59.6,62.4,4.3,0.4792881165919282,employment_openings_70pct,employment_openings_70pct,exact_soc7_line_item,31.0,https://www.onetcenter.org/database.html,"BLS Employment Projections Occupation.xlsx Table 1.2, 2025-2035",true
19-1029.02,Molecular and Cellular Biologists,19-1029,19,22,19-1029,59.6,62.4,4.3,0.4792881165919282,employment_openings_70pct,employment_openings_70pct,exact_soc7_line_item,31.0,https://www.onetcenter.org/database.html,"BLS Employment Projections Occupation.xlsx Table 1.2, 2025-2035",true
19-1029.03,Geneticists,19-1029,19,24,19-1029,59.6,62.4,4.3,0.4792881165919282,employment_openings_70pct,employment_openings_70pct,exact_soc7_line_item,31.0,https://www.onetcenter.org/database.html,"BLS Employment Projections Occupation.xlsx Table 1.2, 2025-2035",true
19-1029.04,Biologists,19-1029,19,22,19-1029,59.6,62.4,4.3,0.4792881165919282,employment_openings_70pct,employment_openings_70pct,exact_soc7_line_item,31.0,https://www.onetcenter.org/database.html,"BLS Employment Projections Occupation.xlsx Table 1.2, 2025-2035",true
19-1031.00,Conservation Scientists,19-1031,19,30,19-1031,27.7,29.2,2.1,0.31726457399103136,soc_diversity_20pct,soc_diversity_20pct,exact_soc7_line_item,31.0,https://www.onetcenter.org/database.html,"BLS Employment Projections Occupation.xlsx Table 1.2, 2025-2035",true
19-1031.02,Range Managers,19-1031,19,18,19-1031,27.7,29.2,2.1,0.31726457399103136,soc_diversity_20pct,soc_diversity_20pct,exact_soc7_line_item,31.0,https://www.onetcenter.org/database.html,"BLS Employment Projections Occupation.xlsx Table 1.2, 2025-2035",true
19-1031.03,Park Naturalists,19-1031,19,20,19-1031,27.7,29.2,2.1,0.31726457399103136,soc_diversity_20pct,soc_diversity_20pct,exact_soc7_line_item,31.0,https://www.onetcenter.org/database.html,"BLS Employment Projections Occupation.xlsx Table 1.2, 2025-2035",true
19-1032.00,Foresters,19-1032,19,25,19-1032,13.2,13.5,0.9,0.16137892376681617,strategic_coverage_10pct,strategic_coverage_10pct,exact_soc7_line_item,31.0,https://www.onetcenter.org/database.html,"BLS Employment Projections Occupation.xlsx Table 1.2, 2025-2035",true
19-1042.00,"Medical Scientists, Except Epidemiologists",19-1042,19,14,19-1042,181,203.7,10.5,0.7013733183856503,employment_openings_70pct,employment_openings_70pct,exact_soc7_line_item,31.0,https://www.onetcenter.org/database.html,"BLS Employment Projections Occupation.xlsx Table 1.2, 2025-2035",true
19-2012.00,Physicists,19-2012,19,16,19-2012,23.2,24.8,1.3,0.2585762331838565,soc_diversity_20pct,soc_diversity_20pct,exact_soc7_line_item,31.0,https://www.onetcenter.org/database.html,"BLS Employment Projections Occupation.xlsx Table 1.2, 2025-2035",true
19-2021.00,Atmospheric and Space Scientists,19-2021,19,27,19-2021,10.7,10.9,0.8,0.13716367713004485,strategic_coverage_10pct,strategic_coverage_10pct,exact_soc7_line_item,31.0,https://www.onetcenter.org/database.html,"BLS Employment Projections Occupation.xlsx Table 1.2, 2025-2035",true
19-2031.00,Chemists,19-2031,19,12,19-2031,84.9,90.3,5.9,0.5471973094170404,employment_openings_70pct,employment_openings_70pct,exact_soc7_line_item,31.0,https://www.onetcenter.org/database.html,"BLS Employment Projections Occupation.xlsx Table 1.2, 2025-2035",true
19-2041.00,"Environmental Scientists and Specialists, Including Health",19-2041,19,22,19-2041,93.4,99.2,7.3,0.5737948430493274,employment_openings_70pct,employment_openings_70pct,exact_soc7_line_item,31.0,https://www.onetcenter.org/database.html,"BLS Employment Projections Occupation.xlsx Table 1.2, 2025-2035",true
19-2041.01,Climate Change Policy Analysts,19-2041,19,14,19-2041,93.4,99.2,7.3,0.5737948430493274,employment_openings_70pct,employment_openings_70pct,exact_soc7_line_item,31.0,https://www.onetcenter.org/database.html,"BLS Employment Projections Occupation.xlsx Table 1.2, 2025-2035",true
19-2041.02,Environmental Restoration Planners,19-2041,19,23,19-2041,93.4,99.2,7.3,0.5737948430493274,employment_openings_70pct,employment_openings_70pct,exact_soc7_line_item,31.0,https://www.onetcenter.org/database.html,"BLS Employment Projections Occupation.xlsx Table 1.2, 2025-2035",true
19-2041.03,Industrial Ecologists,19-2041,19,38,19-2041,93.4,99.2,7.3,0.5737948430493274,employment_openings_70pct,employment_openings_70pct,exact_soc7_line_item,31.0,https://www.onetcenter.org/database.html,"BLS Employment Projections Occupation.xlsx Table 1.2, 2025-2035",true
19-2042.00,"Geoscientists, Except Hydrologists and Geographers",19-2042,19,32,19-2042,25.4,26.7,1.8,0.2942825112107623,soc_diversity_20pct,soc_diversity_20pct,exact_soc7_line_item,31.0,https://www.onetcenter.org/database.html,"BLS Employment Projections Occupation.xlsx Table 1.2, 2025-2035",true
19-2043.00,Hydrologists,19-2043,19,25,19-2043,6.3,6.4,0.4,0.07954035874439462,strategic_coverage_10pct,strategic_coverage_10pct,exact_soc7_line_item,31.0,https://www.onetcenter.org/database.html,"BLS Employment Projections Occupation.xlsx Table 1.2, 2025-2035",true
19-2099.01,Remote Sensing Scientists and Technologists,19-2099,19,24,19-2099,26.6,27.1,1.4,0.2819786995515695,soc_diversity_20pct,soc_diversity_20pct,exact_soc7_line_item,31.0,https://www.onetcenter.org/database.html,"BLS Employment Projections Occupation.xlsx Table 1.2, 2025-2035",true
19-3011.01,Environmental Economists,19-3011,19,20,19-3011,18.6,19.5,1.1,0.22343049327354259,strategic_coverage_10pct,strategic_coverage_10pct,exact_soc7_line_item,31.0,https://www.onetcenter.org/database.html,"BLS Employment Projections Occupation.xlsx Table 1.2, 2025-2035",true
19-3032.00,Industrial-Organizational Psychologists,19-3032,19,25,19-3032,4,4.3,0.3,0.04887892376681614,strategic_coverage_10pct,strategic_coverage_10pct,exact_soc7_line_item,31.0,https://www.onetcenter.org/database.html,"BLS Employment Projections Occupation.xlsx Table 1.2, 2025-2035",true
19-3033.00,Clinical and Counseling Psychologists,19-3033,19,30,19-3033,81.3,90.9,4.1,0.519170403587444,employment_openings_70pct,employment_openings_70pct,exact_soc7_line_item,31.0,https://www.onetcenter.org/database.html,"BLS Employment Projections Occupation.xlsx Table 1.2, 2025-2035",true
19-3034.00,School Psychologists,19-3034,19,19,19-3034,64,64.5,3.4,0.4697869955156951,employment_openings_70pct,employment_openings_70pct,exact_soc7_line_item,31.0,https://www.onetcenter.org/database.html,"BLS Employment Projections Occupation.xlsx Table 1.2, 2025-2035",true
19-3039.02,Neuropsychologists,19-3039,19,14,19-3039,60,61.4,3.5,0.4609865470852018,employment_openings_70pct,employment_openings_70pct,exact_soc7_line_item,31.0,https://www.onetcenter.org/database.html,"BLS Employment Projections Occupation.xlsx Table 1.2, 2025-2035",true
19-3039.03,Clinical Neuropsychologists,19-3039,19,18,19-3039,60,61.4,3.5,0.4609865470852018,employment_openings_70pct,employment_openings_70pct,exact_soc7_line_item,31.0,https://www.onetcenter.org/database.html,"BLS Employment Projections Occupation.xlsx Table 1.2, 2025-2035",true
19-3051.00,Urban and Regional Planners,19-3051,19,25,19-3051,45.8,47.6,3.2,0.42306614349775784,employment_openings_70pct,employment_openings_70pct,exact_soc7_line_item,31.0,https://www.onetcenter.org/database.html,"BLS Employment Projections Occupation.xlsx Table 1.2, 2025-2035",true
19-3091.00,Anthropologists and Archeologists,19-3091,19,30,19-3091,10.2,10.8,0.8,0.13321188340807175,strategic_coverage_10pct,strategic_coverage_10pct,exact_soc7_line_item,31.0,https://www.onetcenter.org/database.html,"BLS Employment Projections Occupation.xlsx Table 1.2, 2025-2035",true
19-3093.00,Historians,19-3093,19,21,19-3093,3.8,3.9,0.3,0.04501121076233183,strategic_coverage_10pct,strategic_coverage_10pct,exact_soc7_line_item,31.0,https://www.onetcenter.org/database.html,"BLS Employment Projections Occupation.xlsx Table 1.2, 2025-2035",true
19-3099.01,Transportation Planners,19-3099,19,22,19-3099,41.5,41.4,2.7,0.39201233183856504,employment_openings_70pct,employment_openings_70pct,exact_soc7_line_item,31.0,https://www.onetcenter.org/database.html,"BLS Employment Projections Occupation.xlsx Table 1.2, 2025-2035",true
19-4012.00,Agricultural Technicians,19-4012,19,26,19-4012,19.5,20.6,2.8,0.2889013452914798,soc_diversity_20pct,soc_diversity_20pct,exact_soc7_line_item,31.0,https://www.onetcenter.org/database.html,"BLS Employment Projections Occupation.xlsx Table 1.2, 2025-2035",true
19-4012.01,Precision Agriculture Technicians,19-4012,19,22,19-4012,19.5,20.6,2.8,0.2889013452914798,soc_diversity_20pct,soc_diversity_20pct,exact_soc7_line_item,31.0,https://www.onetcenter.org/database.html,"BLS Employment Projections Occupation.xlsx Table 1.2, 2025-2035",true
19-4013.00,Food Science Technicians,19-4013,19,16,19-4013,20.8,21.8,3,0.3005605381165919,soc_diversity_20pct,soc_diversity_20pct,exact_soc7_line_item,31.0,https://www.onetcenter.org/database.html,"BLS Employment Projections Occupation.xlsx Table 1.2, 2025-2035",true
19-4021.00,Biological Technicians,19-4021,19,18,19-4021,74.4,79.9,9.4,0.5712724215246636,employment_openings_70pct,employment_openings_70pct,exact_soc7_line_item,31.0,https://www.onetcenter.org/database.html,"BLS Employment Projections Occupation.xlsx Table 1.2, 2025-2035",true
19-4031.00,Chemical Technicians,19-4031,19,16,19-4031,60,63,7.6,0.520487668161435,employment_openings_70pct,employment_openings_70pct,exact_soc7_line_item,31.0,https://www.onetcenter.org/database.html,"BLS Employment Projections Occupation.xlsx Table 1.2, 2025-2035",true
19-4042.00,"Environmental Science and Protection Technicians, Including Health",19-4042,19,25,19-4042,36.4,38.9,5.3,0.429792600896861,employment_openings_70pct,employment_openings_70pct,exact_soc7_line_item,31.0,https://www.onetcenter.org/database.html,"BLS Employment Projections Occupation.xlsx Table 1.2, 2025-2035",true
19-4043.00,"Geological Technicians, Except Hydrologic Technicians",19-4043,19,29,19-4043,7.3,7.6,1,0.12315022421524663,strategic_coverage_10pct,strategic_coverage_10pct,exact_soc7_line_item,31.0,https://www.onetcenter.org/database.html,"BLS Employment Projections Occupation.xlsx Table 1.2, 2025-2035",true
19-4051.00,Nuclear Technicians,19-4051,19,18,19-4051,6.7,6.8,0.9,0.11230381165919283,strategic_coverage_10pct,strategic_coverage_10pct,exact_soc7_line_item,31.0,https://www.onetcenter.org/database.html,"BLS Employment Projections Occupation.xlsx Table 1.2, 2025-2035",true
19-4061.00,Social Science Research Assistants,19-4061,19,22,19-4061,38.4,40.4,4.9,0.42844730941704035,employment_openings_70pct,employment_openings_70pct,exact_soc7_line_item,31.0,https://www.onetcenter.org/database.html,"BLS Employment Projections Occupation.xlsx Table 1.2, 2025-2035",true
19-4071.00,Forest and Conservation Technicians,19-4071,19,20,19-4071,32.8,32.2,3.8,0.38349215246636775,employment_openings_70pct,employment_openings_70pct,exact_soc7_line_item,31.0,https://www.onetcenter.org/database.html,"BLS Employment Projections Occupation.xlsx Table 1.2, 2025-2035",true
19-4092.00,Forensic Science Technicians,19-4092,19,24,19-4092,20.1,22.8,2.8,0.2960482062780269,soc_diversity_20pct,soc_diversity_20pct,exact_soc7_line_item,31.0,https://www.onetcenter.org/database.html,"BLS Employment Projections Occupation.xlsx Table 1.2, 2025-2035",true
19-4099.01,Quality Control Analysts,19-4099,19,26,19-4099,89.5,93.4,11.2,0.5993553811659194,employment_openings_70pct,employment_openings_70pct,exact_soc7_line_item,31.0,https://www.onetcenter.org/database.html,"BLS Employment Projections Occupation.xlsx Table 1.2, 2025-2035",true
19-4099.03,Remote Sensing Technicians,19-4099,19,21,19-4099,89.5,93.4,11.2,0.5993553811659194,employment_openings_70pct,employment_openings_70pct,exact_soc7_line_item,31.0,https://www.onetcenter.org/database.html,"BLS Employment Projections Occupation.xlsx Table 1.2, 2025-2035",true
19-5011.00,Occupational Health and Safety Specialists,19-5011,19,22,19-5011,143.1,169.6,17.1,0.7054932735426008,employment_openings_70pct,employment_openings_70pct,exact_soc7_line_item,31.0,https://www.onetcenter.org/database.html,"BLS Employment Projections Occupation.xlsx Table 1.2, 2025-2035",true
19-5012.00,Occupational Health and Safety Technicians,19-5012,19,26,19-5012,31.2,37.2,3.8,0.38304372197309416,employment_openings_70pct,employment_openings_70pct,exact_soc7_line_item,31.0,https://www.onetcenter.org/database.html,"BLS Employment Projections Occupation.xlsx Table 1.2, 2025-2035",true
21-1011.00,Substance Abuse and Behavioral Disorder Counselors,21-1011,21,23,,,,,0.0,employment_openings_70pct,employment_openings_70pct,exact_soc7_line_item,31.0,https://www.onetcenter.org/database.html,"BLS Employment Projections Occupation.xlsx Table 1.2, 2025-2035",true
21-1012.00,"Educational, Guidance, and Career Counselors and Advisors",21-1012,21,35,21-1012,389.5,400.9,27.8,0.841255605381166,employment_openings_70pct,employment_openings_70pct,exact_soc7_line_item,31.0,https://www.onetcenter.org/database.html,"BLS Employment Projections Occupation.xlsx Table 1.2, 2025-2035",true
21-1013.00,Marriage and Family Therapists,21-1013,21,17,21-1013,76.3,86.6,6.9,0.5504484304932735,employment_openings_70pct,employment_openings_70pct,exact_soc7_line_item,31.0,https://www.onetcenter.org/database.html,"BLS Employment Projections Occupation.xlsx Table 1.2, 2025-2035",true
21-1014.00,Mental Health Counselors,21-1014,21,27,,,,,0.0,employment_openings_70pct,employment_openings_70pct,exact_soc7_line_item,31.0,https://www.onetcenter.org/database.html,"BLS Employment Projections Occupation.xlsx Table 1.2, 2025-2035",true
21-1015.00,Rehabilitation Counselors,21-1015,21,17,21-1015,96.9,99,8.2,0.5882847533632287,employment_openings_70pct,employment_openings_70pct,exact_soc7_line_item,31.0,https://www.onetcenter.org/database.html,"BLS Employment Projections Occupation.xlsx Table 1.2, 2025-2035",true
21-1021.00,"Child, Family, and School Social Workers",21-1021,21,21,21-1021,405.1,422.9,33.9,0.8542040358744394,employment_openings_70pct,employment_openings_70pct,exact_soc7_line_item,31.0,https://www.onetcenter.org/database.html,"BLS Employment Projections Occupation.xlsx Table 1.2, 2025-2035",true
21-1022.00,Healthcare Social Workers,21-1022,21,17,21-1022,194.8,211.3,16.9,0.7430493273542602,employment_openings_70pct,employment_openings_70pct,exact_soc7_line_item,31.0,https://www.onetcenter.org/database.html,"BLS Employment Projections Occupation.xlsx Table 1.2, 2025-2035",true
21-1023.00,Mental Health and Substance Abuse Social Workers,21-1023,21,13,21-1023,138.9,153.2,12.5,0.6731782511210762,employment_openings_70pct,employment_openings_70pct,exact_soc7_line_item,31.0,https://www.onetcenter.org/database.html,"BLS Employment Projections Occupation.xlsx Table 1.2, 2025-2035",true
21-1091.00,Health Education Specialists,21-1091,21,16,21-1091,70.4,74.4,6.9,0.5367993273542602,employment_openings_70pct,employment_openings_70pct,exact_soc7_line_item,31.0,https://www.onetcenter.org/database.html,"BLS Employment Projections Occupation.xlsx Table 1.2, 2025-2035",true
21-1092.00,Probation Officers and Correctional Treatment Specialists,21-1092,21,21,21-1092,93.7,96.5,7.9,0.5797645739910314,employment_openings_70pct,employment_openings_70pct,exact_soc7_line_item,31.0,https://www.onetcenter.org/database.html,"BLS Employment Projections Occupation.xlsx Table 1.2, 2025-2035",true
21-1093.00,Social and Human Service Assistants,21-1093,21,19,21-1093,463.4,497.6,48.9,0.8842208520179372,employment_openings_70pct,employment_openings_70pct,exact_soc7_line_item,31.0,https://www.onetcenter.org/database.html,"BLS Employment Projections Occupation.xlsx Table 1.2, 2025-2035",true
21-1094.00,Community Health Workers,21-1094,21,29,21-1094,64.7,72.9,7,0.5300168161434977,employment_openings_70pct,employment_openings_70pct,exact_soc7_line_item,31.0,https://www.onetcenter.org/database.html,"BLS Employment Projections Occupation.xlsx Table 1.2, 2025-2035",true
21-2011.00,Clergy,21-2011,21,21,21-2011,242,247.8,19.2,0.7729260089686099,employment_openings_70pct,employment_openings_70pct,exact_soc7_line_item,31.0,https://www.onetcenter.org/database.html,"BLS Employment Projections Occupation.xlsx Table 1.2, 2025-2035",true
21-2021.00,"Directors, Religious Activities and Education",21-2021,21,19,21-2021,141.9,146.6,13,0.6792600896860986,employment_openings_70pct,employment_openings_70pct,exact_soc7_line_item,31.0,https://www.onetcenter.org/database.html,"BLS Employment Projections Occupation.xlsx Table 1.2, 2025-2035",true
23-1011.00,Lawyers,23-1011,23,22,23-1011,863.7,904.3,28.7,0.8983744394618833,employment_openings_70pct,employment_openings_70pct,exact_soc7_line_item,31.0,https://www.onetcenter.org/database.html,"BLS Employment Projections Occupation.xlsx Table 1.2, 2025-2035",true
23-1012.00,Judicial Law Clerks,23-1012,23,18,23-1012,14,14.4,1.5,0.19963565022421523,employment_openings_70pct,employment_openings_70pct,exact_soc7_line_item,31.0,https://www.onetcenter.org/database.html,"BLS Employment Projections Occupation.xlsx Table 1.2, 2025-2035",true
23-1021.00,"Administrative Law Judges, Adjudicators, and Hearing Officers",23-1021,23,14,23-1021,17.4,17.4,0.5,0.176597533632287,employment_openings_70pct,employment_openings_70pct,exact_soc7_line_item,31.0,https://www.onetcenter.org/database.html,"BLS Employment Projections Occupation.xlsx Table 1.2, 2025-2035",true
23-1022.00,"Arbitrators, Mediators, and Conciliators",23-1022,23,20,23-1022,10.5,11,0.3,0.10574551569506727,employment_openings_70pct,employment_openings_70pct,exact_soc7_line_item,31.0,https://www.onetcenter.org/database.html,"BLS Employment Projections Occupation.xlsx Table 1.2, 2025-2035",true
23-1023.00,"Judges, Magistrate Judges, and Magistrates",23-1023,23,21,23-1023,25.3,26,0.8,0.2413957399103139,employment_openings_70pct,employment_openings_70pct,exact_soc7_line_item,31.0,https://www.onetcenter.org/database.html,"BLS Employment Projections Occupation.xlsx Table 1.2, 2025-2035",true
23-2011.00,Paralegals and Legal Assistants,23-2011,23,12,23-2011,404.9,403.8,40.8,0.8568385650224215,employment_openings_70pct,employment_openings_70pct,exact_soc7_line_item,31.0,https://www.onetcenter.org/database.html,"BLS Employment Projections Occupation.xlsx Table 1.2, 2025-2035",true
23-2093.00,"Title Examiners, Abstractors, and Searchers",23-2093,23,17,23-2093,59.8,61.1,5.3,0.49492713004484307,employment_openings_70pct,employment_openings_70pct,exact_soc7_line_item,31.0,https://www.onetcenter.org/database.html,"BLS Employment Projections Occupation.xlsx Table 1.2, 2025-2035",true
25-1011.00,"Business Teachers, Postsecondary",25-1011,25,25,25-1011,103.6,109.7,7.6,0.5945908071748879,employment_openings_70pct,employment_openings_70pct,exact_soc7_line_item,31.0,https://www.onetcenter.org/database.html,"BLS Employment Projections Occupation.xlsx Table 1.2, 2025-2035",true
25-1021.00,"Computer Science Teachers, Postsecondary",25-1021,25,26,25-1021,43.9,46.1,3.2,0.41650784753363235,soc_diversity_20pct,soc_diversity_20pct,exact_soc7_line_item,31.0,https://www.onetcenter.org/database.html,"BLS Employment Projections Occupation.xlsx Table 1.2, 2025-2035",true
25-1022.00,"Mathematical Science Teachers, Postsecondary",25-1022,25,23,25-1022,57.1,58.1,3.9,0.46353699551569505,employment_openings_70pct,employment_openings_70pct,exact_soc7_line_item,31.0,https://www.onetcenter.org/database.html,"BLS Employment Projections Occupation.xlsx Table 1.2, 2025-2035",true
25-1031.00,"Architecture Teachers, Postsecondary",25-1031,25,22,25-1031,9.7,10,0.7,0.12146860986547084,strategic_coverage_10pct,strategic_coverage_10pct,exact_soc7_line_item,31.0,https://www.onetcenter.org/database.html,"BLS Employment Projections Occupation.xlsx Table 1.2, 2025-2035",true
25-1032.00,"Engineering Teachers, Postsecondary",25-1032,25,24,25-1032,50.9,54.9,3.9,0.45196188340807175,employment_openings_70pct,employment_openings_70pct,exact_soc7_line_item,31.0,https://www.onetcenter.org/database.html,"BLS Employment Projections Occupation.xlsx Table 1.2, 2025-2035",true
25-1041.00,"Agricultural Sciences Teachers, Postsecondary",25-1041,25,23,25-1041,10.9,11.2,0.8,0.13934977578475335,strategic_coverage_10pct,strategic_coverage_10pct,exact_soc7_line_item,31.0,https://www.onetcenter.org/database.html,"BLS Employment Projections Occupation.xlsx Table 1.2, 2025-2035",true
25-1042.00,"Biological Science Teachers, Postsecondary",25-1042,25,27,25-1042,62,66.5,4.7,0.49593609865470856,employment_openings_70pct,employment_openings_70pct,exact_soc7_line_item,31.0,https://www.onetcenter.org/database.html,"BLS Employment Projections Occupation.xlsx Table 1.2, 2025-2035",true
25-1043.00,"Forestry and Conservation Science Teachers, Postsecondary",25-1043,25,25,25-1043,1.8,1.9,0.1,0.01521860986547085,strategic_coverage_10pct,strategic_coverage_10pct,exact_soc7_line_item,31.0,https://www.onetcenter.org/database.html,"BLS Employment Projections Occupation.xlsx Table 1.2, 2025-2035",true
25-1051.00,"Atmospheric, Earth, Marine, and Space Sciences Teachers, Postsecondary",25-1051,25,26,25-1051,12,12.3,0.8,0.14590807174887893,strategic_coverage_10pct,strategic_coverage_10pct,exact_soc7_line_item,31.0,https://www.onetcenter.org/database.html,"BLS Employment Projections Occupation.xlsx Table 1.2, 2025-2035",true
25-1052.00,"Chemistry Teachers, Postsecondary",25-1052,25,28,25-1052,24.9,25.4,1.7,0.28394058295964125,soc_diversity_20pct,soc_diversity_20pct,exact_soc7_line_item,31.0,https://www.onetcenter.org/database.html,"BLS Employment Projections Occupation.xlsx Table 1.2, 2025-2035",true
25-1053.00,"Environmental Science Teachers, Postsecondary",25-1053,25,25,25-1053,8.4,8.7,0.6,0.10369955156950672,strategic_coverage_10pct,strategic_coverage_10pct,exact_soc7_line_item,31.0,https://www.onetcenter.org/database.html,"BLS Employment Projections Occupation.xlsx Table 1.2, 2025-2035",true
25-1054.00,"Physics Teachers, Postsecondary",25-1054,25,24,25-1054,16.4,16.8,1.1,0.20700672645739912,strategic_coverage_10pct,strategic_coverage_10pct,exact_soc7_line_item,31.0,https://www.onetcenter.org/database.html,"BLS Employment Projections Occupation.xlsx Table 1.2, 2025-2035",true
25-1061.00,"Anthropology and Archeology Teachers, Postsecondary",25-1061,25,27,25-1061,6.5,6.7,0.4,0.08038116591928252,strategic_coverage_10pct,strategic_coverage_10pct,exact_soc7_line_item,31.0,https://www.onetcenter.org/database.html,"BLS Employment Projections Occupation.xlsx Table 1.2, 2025-2035",true
25-1062.00,"Area, Ethnic, and Cultural Studies Teachers, Postsecondary",25-1062,25,23,25-1062,14.3,14.7,1,0.17976457399103138,strategic_coverage_10pct,strategic_coverage_10pct,exact_soc7_line_item,31.0,https://www.onetcenter.org/database.html,"BLS Employment Projections Occupation.xlsx Table 1.2, 2025-2035",true
25-1063.00,"Economics Teachers, Postsecondary",25-1063,25,22,25-1063,14.6,15,1,0.18326793721973095,strategic_coverage_10pct,strategic_coverage_10pct,exact_soc7_line_item,31.0,https://www.onetcenter.org/database.html,"BLS Employment Projections Occupation.xlsx Table 1.2, 2025-2035",true
25-1064.00,"Geography Teachers, Postsecondary",25-1064,25,25,25-1064,4.1,4.2,0.3,0.04899103139013453,strategic_coverage_10pct,strategic_coverage_10pct,exact_soc7_line_item,31.0,https://www.onetcenter.org/database.html,"BLS Employment Projections Occupation.xlsx Table 1.2, 2025-2035",true
25-1065.00,"Political Science Teachers, Postsecondary",25-1065,25,22,25-1065,21.5,22,1.5,0.2570067264573991,strategic_coverage_10pct,strategic_coverage_10pct,exact_soc7_line_item,31.0,https://www.onetcenter.org/database.html,"BLS Employment Projections Occupation.xlsx Table 1.2, 2025-2035",true
25-1066.00,"Psychology Teachers, Postsecondary",25-1066,25,29,25-1066,52.3,54.4,3.7,0.4483744394618834,employment_openings_70pct,employment_openings_70pct,exact_soc7_line_item,31.0,https://www.onetcenter.org/database.html,"BLS Employment Projections Occupation.xlsx Table 1.2, 2025-2035",true
25-1067.00,"Sociology Teachers, Postsecondary",25-1067,25,24,25-1067,14.6,15,1,0.18326793721973095,strategic_coverage_10pct,strategic_coverage_10pct,exact_soc7_line_item,31.0,https://www.onetcenter.org/database.html,"BLS Employment Projections Occupation.xlsx Table 1.2, 2025-2035",true
25-1071.00,"Health Specialties Teachers, Postsecondary",25-1071,25,22,25-1071,278.4,328.3,24.9,0.8041199551569507,employment_openings_70pct,employment_openings_70pct,exact_soc7_line_item,31.0,https://www.onetcenter.org/database.html,"BLS Employment Projections Occupation.xlsx Table 1.2, 2025-2035",true
25-1072.00,"Nursing Instructors and Teachers, Postsecondary",25-1072,25,29,25-1072,96.1,112.6,8.5,0.5948430493273543,employment_openings_70pct,employment_openings_70pct,exact_soc7_line_item,31.0,https://www.onetcenter.org/database.html,"BLS Employment Projections Occupation.xlsx Table 1.2, 2025-2035",true
25-1081.00,"Education Teachers, Postsecondary",25-1081,25,24,25-1081,77.2,79.2,5.3,0.534164798206278,employment_openings_70pct,employment_openings_70pct,exact_soc7_line_item,31.0,https://www.onetcenter.org/database.html,"BLS Employment Projections Occupation.xlsx Table 1.2, 2025-2035",true
25-1082.00,"Library Science Teachers, Postsecondary",25-1082,25,25,25-1082,4.5,4.6,0.3,0.055269058295964124,strategic_coverage_10pct,strategic_coverage_10pct,exact_soc7_line_item,31.0,https://www.onetcenter.org/database.html,"BLS Employment Projections Occupation.xlsx Table 1.2, 2025-2035",true
25-1111.00,"Criminal Justice and Law Enforcement Teachers, Postsecondary",25-1111,25,23,25-1111,15.7,15.9,1.1,0.19921524663677131,strategic_coverage_10pct,strategic_coverage_10pct,exact_soc7_line_item,31.0,https://www.onetcenter.org/database.html,"BLS Employment Projections Occupation.xlsx Table 1.2, 2025-2035",true
25-1112.00,"Law Teachers, Postsecondary",25-1112,25,23,25-1112,25.8,26.5,1.8,0.29588004484304936,soc_diversity_20pct,soc_diversity_20pct,exact_soc7_line_item,31.0,https://www.onetcenter.org/database.html,"BLS Employment Projections Occupation.xlsx Table 1.2, 2025-2035",true
25-1113.00,"Social Work Teachers, Postsecondary",25-1113,25,24,25-1113,16,16.4,1.1,0.20339125560538118,strategic_coverage_10pct,strategic_coverage_10pct,exact_soc7_line_item,31.0,https://www.onetcenter.org/database.html,"BLS Employment Projections Occupation.xlsx Table 1.2, 2025-2035",true
25-1121.00,"Art, Drama, and Music Teachers, Postsecondary",25-1121,25,28,25-1121,116.9,119.5,8,0.6134529147982063,employment_openings_70pct,employment_openings_70pct,exact_soc7_line_item,31.0,https://www.onetcenter.org/database.html,"BLS Employment Projections Occupation.xlsx Table 1.2, 2025-2035",true
25-1122.00,"Communications Teachers, Postsecondary",25-1122,25,23,25-1122,35.8,36.5,2.4,0.3690863228699552,soc_diversity_20pct,soc_diversity_20pct,exact_soc7_line_item,31.0,https://www.onetcenter.org/database.html,"BLS Employment Projections Occupation.xlsx Table 1.2, 2025-2035",true
25-1123.00,"English Language and Literature Teachers, Postsecondary",25-1123,25,33,25-1123,69.3,69.3,4.5,0.5040919282511211,employment_openings_70pct,employment_openings_70pct,exact_soc7_line_item,31.0,https://www.onetcenter.org/database.html,"BLS Employment Projections Occupation.xlsx Table 1.2, 2025-2035",true
25-1124.00,"Foreign Language and Literature Teachers, Postsecondary",25-1124,25,24,25-1124,24.6,24.7,1.6,0.2782511210762332,soc_diversity_20pct,soc_diversity_20pct,exact_soc7_line_item,31.0,https://www.onetcenter.org/database.html,"BLS Employment Projections Occupation.xlsx Table 1.2, 2025-2035",true
25-1125.00,"History Teachers, Postsecondary",25-1125,25,25,25-1125,23.2,23.2,1.5,0.2663957399103139,soc_diversity_20pct,soc_diversity_20pct,exact_soc7_line_item,31.0,https://www.onetcenter.org/database.html,"BLS Employment Projections Occupation.xlsx Table 1.2, 2025-2035",true
25-1126.00,"Philosophy and Religion Teachers, Postsecondary",25-1126,25,22,25-1126,26.8,27.3,1.8,0.30106502242152466,soc_diversity_20pct,soc_diversity_20pct,exact_soc7_line_item,31.0,https://www.onetcenter.org/database.html,"BLS Employment Projections Occupation.xlsx Table 1.2, 2025-2035",true
25-1192.00,"Family and Consumer Sciences Teachers, Postsecondary",25-1192,25,23,25-1192,3.4,3.5,0.2,0.033071748878923765,strategic_coverage_10pct,strategic_coverage_10pct,exact_soc7_line_item,31.0,https://www.onetcenter.org/database.html,"BLS Employment Projections Occupation.xlsx Table 1.2, 2025-2035",true
25-1193.00,"Recreation and Fitness Studies Teachers, Postsecondary",25-1193,25,23,25-1193,15.2,15.6,1,0.18850896860986546,strategic_coverage_10pct,strategic_coverage_10pct,exact_soc7_line_item,31.0,https://www.onetcenter.org/database.html,"BLS Employment Projections Occupation.xlsx Table 1.2, 2025-2035",true
25-1194.00,"Career/Technical Education Teachers, Postsecondary",25-1194,25,20,25-1194,123.1,122.7,8,0.619786995515695,employment_openings_70pct,employment_openings_70pct,exact_soc7_line_item,31.0,https://www.onetcenter.org/database.html,"BLS Employment Projections Occupation.xlsx Table 1.2, 2025-2035",true
25-2011.00,"Preschool Teachers, Except Special Education",25-2011,25,34,25-2011,583.2,609.4,66.7,0.910005605381166,employment_openings_70pct,employment_openings_70pct,exact_soc7_line_item,31.0,https://www.onetcenter.org/database.html,"BLS Employment Projections Occupation.xlsx Table 1.2, 2025-2035",true
25-2012.00,"Kindergarten Teachers, Except Special Education",25-2012,25,37,25-2012,111.2,110.9,11.9,0.635201793721973,employment_openings_70pct,employment_openings_70pct,exact_soc7_line_item,31.0,https://www.onetcenter.org/database.html,"BLS Employment Projections Occupation.xlsx Table 1.2, 2025-2035",true
25-2021.00,"Elementary School Teachers, Except Special Education",25-2021,25,38,25-2021,1419.3,1413.4,87.5,0.9583520179372198,employment_openings_70pct,employment_openings_70pct,exact_soc7_line_item,31.0,https://www.onetcenter.org/database.html,"BLS Employment Projections Occupation.xlsx Table 1.2, 2025-2035",true
25-2022.00,"Middle School Teachers, Except Special and Career/Technical Education",25-2022,25,35,25-2022,630.1,627.4,38.8,0.8953195067264574,employment_openings_70pct,employment_openings_70pct,exact_soc7_line_item,31.0,https://www.onetcenter.org/database.html,"BLS Employment Projections Occupation.xlsx Table 1.2, 2025-2035",true
25-2023.00,"Career/Technical Education Teachers, Middle School",25-2023,25,31,25-2023,16.6,16.6,1,0.2007847533632287,strategic_coverage_10pct,strategic_coverage_10pct,exact_soc7_line_item,31.0,https://www.onetcenter.org/database.html,"BLS Employment Projections Occupation.xlsx Table 1.2, 2025-2035",true
25-2031.00,"Secondary School Teachers, Except Special and Career/Technical Education",25-2031,25,32,25-2031,1087.5,1085,63.5,0.9350336322869954,employment_openings_70pct,employment_openings_70pct,exact_soc7_line_item,31.0,https://www.onetcenter.org/database.html,"BLS Employment Projections Occupation.xlsx Table 1.2, 2025-2035",true
25-2032.00,"Career/Technical Education Teachers, Secondary School",25-2032,25,33,25-2032,110.5,110.1,6.4,0.588060538116592,employment_openings_70pct,employment_openings_70pct,exact_soc7_line_item,31.0,https://www.onetcenter.org/database.html,"BLS Employment Projections Occupation.xlsx Table 1.2, 2025-2035",true
25-2051.00,"Special Education Teachers, Preschool",25-2051,25,36,25-2051,30.5,31.3,2,0.3237387892376682,soc_diversity_20pct,soc_diversity_20pct,exact_soc7_line_item,31.0,https://www.onetcenter.org/database.html,"BLS Employment Projections Occupation.xlsx Table 1.2, 2025-2035",true
25-2055.00,"Special Education Teachers, Kindergarten",25-2055,25,29,,,,,0.0,strategic_coverage_10pct,strategic_coverage_10pct,exact_soc7_line_item,31.0,https://www.onetcenter.org/database.html,"BLS Employment Projections Occupation.xlsx Table 1.2, 2025-2035",true
25-2056.00,"Special Education Teachers, Elementary School",25-2056,25,30,,,,,0.0,strategic_coverage_10pct,strategic_coverage_10pct,exact_soc7_line_item,31.0,https://www.onetcenter.org/database.html,"BLS Employment Projections Occupation.xlsx Table 1.2, 2025-2035",true
25-2057.00,"Special Education Teachers, Middle School",25-2057,25,40,25-2057,94.8,94.4,6,0.5613508968609866,employment_openings_70pct,employment_openings_70pct,exact_soc7_line_item,31.0,https://www.onetcenter.org/database.html,"BLS Employment Projections Occupation.xlsx Table 1.2, 2025-2035",true
25-2058.00,"Special Education Teachers, Secondary School",25-2058,25,40,25-2058,164.8,164.5,10.4,0.6767937219730942,employment_openings_70pct,employment_openings_70pct,exact_soc7_line_item,31.0,https://www.onetcenter.org/database.html,"BLS Employment Projections Occupation.xlsx Table 1.2, 2025-2035",true
25-2059.01,Adapted Physical Education Specialists,25-2059,25,20,25-2059,34.8,35.5,2.3,0.3603419282511211,soc_diversity_20pct,soc_diversity_20pct,exact_soc7_line_item,31.0,https://www.onetcenter.org/database.html,"BLS Employment Projections Occupation.xlsx Table 1.2, 2025-2035",true
25-3011.00,"Adult Basic Education, Adult Secondary Education, and English as a Second Language Instructors",25-3011,25,37,25-3011,41.1,35.4,3.8,0.4098934977578475,soc_diversity_20pct,soc_diversity_20pct,exact_soc7_line_item,31.0,https://www.onetcenter.org/database.html,"BLS Employment Projections Occupation.xlsx Table 1.2, 2025-2035",true
25-3021.00,Self-Enrichment Teachers,25-3021,25,30,25-3021,419.1,433.7,50,0.8696188340807174,employment_openings_70pct,employment_openings_70pct,exact_soc7_line_item,31.0,https://www.onetcenter.org/database.html,"BLS Employment Projections Occupation.xlsx Table 1.2, 2025-2035",true
25-3031.00,"Substitute Teachers, Short-Term",25-3031,25,18,25-3031,556.1,567,65,0.9057174887892376,employment_openings_70pct,employment_openings_70pct,exact_soc7_line_item,31.0,https://www.onetcenter.org/database.html,"BLS Employment Projections Occupation.xlsx Table 1.2, 2025-2035",true
25-3041.00,Tutors,25-3041,25,19,25-3041,208.4,208,34.2,0.7889013452914798,employment_openings_70pct,employment_openings_70pct,exact_soc7_line_item,31.0,https://www.onetcenter.org/database.html,"BLS Employment Projections Occupation.xlsx Table 1.2, 2025-2035",true
25-4013.00,Museum Technicians and Conservators,25-4013,25,24,25-4013,14,14.5,1.6,0.20434417040358746,strategic_coverage_10pct,strategic_coverage_10pct,exact_soc7_line_item,31.0,https://www.onetcenter.org/database.html,"BLS Employment Projections Occupation.xlsx Table 1.2, 2025-2035",true
25-4022.00,Librarians and Media Collections Specialists,25-4022,25,30,25-4022,142.3,145.9,12.6,0.6781109865470852,employment_openings_70pct,employment_openings_70pct,exact_soc7_line_item,31.0,https://www.onetcenter.org/database.html,"BLS Employment Projections Occupation.xlsx Table 1.2, 2025-2035",true
25-4031.00,Library Technicians,25-4031,25,31,25-4031,72.8,68.1,10.8,0.5720291479820627,employment_openings_70pct,employment_openings_70pct,exact_soc7_line_item,31.0,https://www.onetcenter.org/database.html,"BLS Employment Projections Occupation.xlsx Table 1.2, 2025-2035",true
25-9031.00,Instructional Coordinators,25-9031,25,30,25-9031,248.7,252.8,23.1,0.7816423766816144,employment_openings_70pct,employment_openings_70pct,exact_soc7_line_item,31.0,https://www.onetcenter.org/database.html,"BLS Employment Projections Occupation.xlsx Table 1.2, 2025-2035",true
25-9042.00,"Teaching Assistants, Preschool, Elementary, Middle, and Secondary School, Except Special Education",25-9042,25,28,,,,,0.0,strategic_coverage_10pct,strategic_coverage_10pct,exact_soc7_line_item,31.0,https://www.onetcenter.org/database.html,"BLS Employment Projections Occupation.xlsx Table 1.2, 2025-2035",true
25-9043.00,"Teaching Assistants, Special Education",25-9043,25,30,,,,,0.0,strategic_coverage_10pct,strategic_coverage_10pct,exact_soc7_line_item,31.0,https://www.onetcenter.org/database.html,"BLS Employment Projections Occupation.xlsx Table 1.2, 2025-2035",true
25-9044.00,"Teaching Assistants, Postsecondary",25-9044,25,20,25-9044,205.5,211,25.7,0.7741591928251121,employment_openings_70pct,employment_openings_70pct,exact_soc7_line_item,31.0,https://www.onetcenter.org/database.html,"BLS Employment Projections Occupation.xlsx Table 1.2, 2025-2035",true
27-1011.00,Art Directors,27-1011,27,16,27-1011,140.2,146,12.2,0.6705717488789238,employment_openings_70pct,employment_openings_70pct,exact_soc7_line_item,31.0,https://www.onetcenter.org/database.html,"BLS Employment Projections Occupation.xlsx Table 1.2, 2025-2035",true
27-1013.00,"Fine Artists, Including Painters, Sculptors, and Illustrators",27-1013,27,28,27-1013,28.9,28,2.2,0.321945067264574,soc_diversity_20pct,soc_diversity_20pct,exact_soc7_line_item,31.0,https://www.onetcenter.org/database.html,"BLS Employment Projections Occupation.xlsx Table 1.2, 2025-2035",true
27-1014.00,Special Effects Artists and Animators,27-1014,27,13,27-1014,51.9,51.8,4.2,0.45667040358744393,employment_openings_70pct,employment_openings_70pct,exact_soc7_line_item,31.0,https://www.onetcenter.org/database.html,"BLS Employment Projections Occupation.xlsx Table 1.2, 2025-2035",true
27-1021.00,Commercial and Industrial Designers,27-1021,27,17,27-1021,35.4,36.3,2.8,0.37558856502242155,employment_openings_70pct,employment_openings_70pct,exact_soc7_line_item,31.0,https://www.onetcenter.org/database.html,"BLS Employment Projections Occupation.xlsx Table 1.2, 2025-2035",true
27-1022.00,Fashion Designers,27-1022,27,20,27-1022,32.7,32.8,2.5,0.3550448430493274,soc_diversity_20pct,soc_diversity_20pct,exact_soc7_line_item,31.0,https://www.onetcenter.org/database.html,"BLS Employment Projections Occupation.xlsx Table 1.2, 2025-2035",true
27-1023.00,Floral Designers,27-1023,27,15,27-1023,45.2,42.7,5.2,0.4542881165919282,employment_openings_70pct,employment_openings_70pct,exact_soc7_line_item,31.0,https://www.onetcenter.org/database.html,"BLS Employment Projections Occupation.xlsx Table 1.2, 2025-2035",true
27-1024.00,Graphic Designers,27-1024,27,19,27-1024,253.1,248.8,16,0.7634809417040358,employment_openings_70pct,employment_openings_70pct,exact_soc7_line_item,31.0,https://www.onetcenter.org/database.html,"BLS Employment Projections Occupation.xlsx Table 1.2, 2025-2035",true
27-1025.00,Interior Designers,27-1025,27,16,27-1025,97.1,99.7,7.7,0.5842208520179372,employment_openings_70pct,employment_openings_70pct,exact_soc7_line_item,31.0,https://www.onetcenter.org/database.html,"BLS Employment Projections Occupation.xlsx Table 1.2, 2025-2035",true
27-1026.00,Merchandise Displayers and Window Trimmers,27-1026,27,24,27-1026,164.8,169.2,17.2,0.7173766816143498,employment_openings_70pct,employment_openings_70pct,exact_soc7_line_item,31.0,https://www.onetcenter.org/database.html,"BLS Employment Projections Occupation.xlsx Table 1.2, 2025-2035",true
27-1027.00,Set and Exhibit Designers,27-1027,27,27,27-1027,31.6,32,2.2,0.3386491031390134,soc_diversity_20pct,soc_diversity_20pct,exact_soc7_line_item,31.0,https://www.onetcenter.org/database.html,"BLS Employment Projections Occupation.xlsx Table 1.2, 2025-2035",true
27-2011.00,Actors,27-2011,27,18,27-2011,67.5,67.5,6.3,0.5231782511210762,employment_openings_70pct,employment_openings_70pct,exact_soc7_line_item,31.0,https://www.onetcenter.org/database.html,"BLS Employment Projections Occupation.xlsx Table 1.2, 2025-2035",true
27-2012.00,Producers and Directors,27-2012,27,30,27-2012,181,188.3,12.1,0.7096412556053812,employment_openings_70pct,employment_openings_70pct,exact_soc7_line_item,31.0,https://www.onetcenter.org/database.html,"BLS Employment Projections Occupation.xlsx Table 1.2, 2025-2035",true
27-2012.03,Media Programming Directors,27-2012,27,23,27-2012,181,188.3,12.1,0.7096412556053812,employment_openings_70pct,employment_openings_70pct,exact_soc7_line_item,31.0,https://www.onetcenter.org/database.html,"BLS Employment Projections Occupation.xlsx Table 1.2, 2025-2035",true
27-2012.04,Talent Directors,27-2012,27,15,27-2012,181,188.3,12.1,0.7096412556053812,employment_openings_70pct,employment_openings_70pct,exact_soc7_line_item,31.0,https://www.onetcenter.org/database.html,"BLS Employment Projections Occupation.xlsx Table 1.2, 2025-2035",true
27-2012.05,Media Technical Directors/Managers,27-2012,27,15,27-2012,181,188.3,12.1,0.7096412556053812,employment_openings_70pct,employment_openings_70pct,exact_soc7_line_item,31.0,https://www.onetcenter.org/database.html,"BLS Employment Projections Occupation.xlsx Table 1.2, 2025-2035",true
27-2021.00,Athletes and Sports Competitors,27-2021,27,9,27-2021,22.9,24.1,2.2,0.2927690582959641,soc_diversity_20pct,soc_diversity_20pct,exact_soc7_line_item,31.0,https://www.onetcenter.org/database.html,"BLS Employment Projections Occupation.xlsx Table 1.2, 2025-2035",true
27-2022.00,Coaches and Scouts,27-2022,27,27,27-2022,298.8,316.9,36.4,0.8272421524663677,employment_openings_70pct,employment_openings_70pct,exact_soc7_line_item,31.0,https://www.onetcenter.org/database.html,"BLS Employment Projections Occupation.xlsx Table 1.2, 2025-2035",true
27-2023.00,"Umpires, Referees, and Other Sports Officials",27-2023,27,16,27-2023,18.2,19.2,4.3,0.3161154708520179,soc_diversity_20pct,soc_diversity_20pct,exact_soc7_line_item,31.0,https://www.onetcenter.org/database.html,"BLS Employment Projections Occupation.xlsx Table 1.2, 2025-2035",true
27-2031.00,Dancers,27-2031,27,14,27-2031,13.8,14.1,1.6,0.20086883408071748,soc_diversity_20pct,soc_diversity_20pct,exact_soc7_line_item,31.0,https://www.onetcenter.org/database.html,"BLS Employment Projections Occupation.xlsx Table 1.2, 2025-2035",true
27-2032.00,Choreographers,27-2032,27,18,27-2032,4.7,4.9,0.6,0.078054932735426,strategic_coverage_10pct,strategic_coverage_10pct,exact_soc7_line_item,31.0,https://www.onetcenter.org/database.html,"BLS Employment Projections Occupation.xlsx Table 1.2, 2025-2035",true
27-2041.00,Music Directors and Composers,27-2041,27,30,27-2041,51.1,51.7,4.2,0.4554372197309417,employment_openings_70pct,employment_openings_70pct,exact_soc7_line_item,31.0,https://www.onetcenter.org/database.html,"BLS Employment Projections Occupation.xlsx Table 1.2, 2025-2035",true
27-2042.00,Musicians and Singers,27-2042,27,26,27-2042,170.4,170.9,17.4,0.7298486547085202,employment_openings_70pct,employment_openings_70pct,exact_soc7_line_item,31.0,https://www.onetcenter.org/database.html,"BLS Employment Projections Occupation.xlsx Table 1.2, 2025-2035",true
27-2091.00,"Disc Jockeys, Except Radio",27-2091,27,19,27-2091,16.9,17.6,1.7,0.23926569506726458,soc_diversity_20pct,soc_diversity_20pct,exact_soc7_line_item,31.0,https://www.onetcenter.org/database.html,"BLS Employment Projections Occupation.xlsx Table 1.2, 2025-2035",true
27-3011.00,Broadcast Announcers and Radio Disc Jockeys,27-3011,27,24,27-3011,21.8,20.2,2,0.2718890134529148,soc_diversity_20pct,soc_diversity_20pct,exact_soc7_line_item,31.0,https://www.onetcenter.org/database.html,"BLS Employment Projections Occupation.xlsx Table 1.2, 2025-2035",true
27-3023.00,"News Analysts, Reporters, and Journalists",27-3023,27,30,27-3023,47.1,44.3,3.4,0.4243834080717489,employment_openings_70pct,employment_openings_70pct,exact_soc7_line_item,31.0,https://www.onetcenter.org/database.html,"BLS Employment Projections Occupation.xlsx Table 1.2, 2025-2035",true
27-3031.00,Public Relations Specialists,27-3031,27,18,27-3031,314.5,320.2,23,0.8048766816143498,employment_openings_70pct,employment_openings_70pct,exact_soc7_line_item,31.0,https://www.onetcenter.org/database.html,"BLS Employment Projections Occupation.xlsx Table 1.2, 2025-2035",true
27-3041.00,Editors,27-3041,27,22,27-3041,105,103.8,7.9,0.5986547085201793,employment_openings_70pct,employment_openings_70pct,exact_soc7_line_item,31.0,https://www.onetcenter.org/database.html,"BLS Employment Projections Occupation.xlsx Table 1.2, 2025-2035",true
27-3042.00,Technical Writers,27-3042,27,15,27-3042,46.4,46.7,3.2,0.4231782511210762,employment_openings_70pct,employment_openings_70pct,exact_soc7_line_item,31.0,https://www.onetcenter.org/database.html,"BLS Employment Projections Occupation.xlsx Table 1.2, 2025-2035",true
27-3043.00,Writers and Authors,27-3043,27,20,27-3043,140.3,139.9,11.9,0.6638733183856502,employment_openings_70pct,employment_openings_70pct,exact_soc7_line_item,31.0,https://www.onetcenter.org/database.html,"BLS Employment Projections Occupation.xlsx Table 1.2, 2025-2035",true
27-3043.05,"Poets, Lyricists and Creative Writers",27-3043,27,16,27-3043,140.3,139.9,11.9,0.6638733183856502,employment_openings_70pct,employment_openings_70pct,exact_soc7_line_item,31.0,https://www.onetcenter.org/database.html,"BLS Employment Projections Occupation.xlsx Table 1.2, 2025-2035",true
27-3091.00,Interpreters and Translators,27-3091,27,17,27-3091,73.9,75.4,6,0.5338565022421524,employment_openings_70pct,employment_openings_70pct,exact_soc7_line_item,31.0,https://www.onetcenter.org/database.html,"BLS Employment Projections Occupation.xlsx Table 1.2, 2025-2035",true
27-3092.00,Court Reporters and Simultaneous Captioners,27-3092,27,15,27-3092,19.9,19.9,1.8,0.25966928251121074,soc_diversity_20pct,soc_diversity_20pct,exact_soc7_line_item,31.0,https://www.onetcenter.org/database.html,"BLS Employment Projections Occupation.xlsx Table 1.2, 2025-2035",true
27-4011.00,Audio and Video Technicians,27-4011,27,29,27-4011,87.6,91.1,6.6,0.5571748878923767,employment_openings_70pct,employment_openings_70pct,exact_soc7_line_item,31.0,https://www.onetcenter.org/database.html,"BLS Employment Projections Occupation.xlsx Table 1.2, 2025-2035",true
27-4012.00,Broadcast Technicians,27-4012,27,28,27-4012,24.1,23.3,1.6,0.2745515695067265,soc_diversity_20pct,soc_diversity_20pct,exact_soc7_line_item,31.0,https://www.onetcenter.org/database.html,"BLS Employment Projections Occupation.xlsx Table 1.2, 2025-2035",true
27-4021.00,Photographers,27-4021,27,28,27-4021,145,144,10.7,0.6641816143497759,employment_openings_70pct,employment_openings_70pct,exact_soc7_line_item,31.0,https://www.onetcenter.org/database.html,"BLS Employment Projections Occupation.xlsx Table 1.2, 2025-2035",true
27-4031.00,"Camera Operators, Television, Video, and Film",27-4031,27,21,27-4031,32.6,33,2.5,0.35521300448430493,employment_openings_70pct,employment_openings_70pct,exact_soc7_line_item,31.0,https://www.onetcenter.org/database.html,"BLS Employment Projections Occupation.xlsx Table 1.2, 2025-2035",true
27-4032.00,Film and Video Editors,27-4032,27,22,27-4032,39.4,40.8,3.1,0.39453475336322863,employment_openings_70pct,employment_openings_70pct,exact_soc7_line_item,31.0,https://www.onetcenter.org/database.html,"BLS Employment Projections Occupation.xlsx Table 1.2, 2025-2035",true
29-1021.00,"Dentists, General",29-1021,29,20,29-1021,141.9,150,4.2,0.595207399103139,soc_diversity_20pct,soc_diversity_20pct,exact_soc7_line_item,31.0,https://www.onetcenter.org/database.html,"BLS Employment Projections Occupation.xlsx Table 1.2, 2025-2035",true
29-1031.00,Dietitians and Nutritionists,29-1031,29,28,29-1031,86.3,93,5.7,0.5488508968609865,strategic_coverage_10pct,strategic_coverage_10pct,exact_soc7_line_item,31.0,https://www.onetcenter.org/database.html,"BLS Employment Projections Occupation.xlsx Table 1.2, 2025-2035",true
29-1051.00,Pharmacists,29-1051,29,21,29-1051,325.2,342.3,12.5,0.7721692825112108,employment_openings_70pct,employment_openings_70pct,exact_soc7_line_item,31.0,https://www.onetcenter.org/database.html,"BLS Employment Projections Occupation.xlsx Table 1.2, 2025-2035",true
29-1071.00,Physician Assistants,29-1071,29,12,29-1071,168.9,204.6,11.5,0.7024663677130044,employment_openings_70pct,employment_openings_70pct,exact_soc7_line_item,31.0,https://www.onetcenter.org/database.html,"BLS Employment Projections Occupation.xlsx Table 1.2, 2025-2035",true
29-1071.01,Anesthesiologist Assistants,29-1071,29,16,29-1071,168.9,204.6,11.5,0.7024663677130044,soc_diversity_20pct,soc_diversity_20pct,exact_soc7_line_item,31.0,https://www.onetcenter.org/database.html,"BLS Employment Projections Occupation.xlsx Table 1.2, 2025-2035",true
29-1122.00,Occupational Therapists,29-1122,29,17,29-1122,169.6,194.8,10,0.6922645739910315,soc_diversity_20pct,soc_diversity_20pct,exact_soc7_line_item,31.0,https://www.onetcenter.org/database.html,"BLS Employment Projections Occupation.xlsx Table 1.2, 2025-2035",true
29-1122.01,"Low Vision Therapists, Orientation and Mobility Specialists, and Vision Rehabilitation Therapists",29-1122,29,21,29-1122,169.6,194.8,10,0.6922645739910315,soc_diversity_20pct,soc_diversity_20pct,exact_soc7_line_item,31.0,https://www.onetcenter.org/database.html,"BLS Employment Projections Occupation.xlsx Table 1.2, 2025-2035",true
29-1123.00,Physical Therapists,29-1123,29,24,29-1123,283.7,317.6,13.4,0.767292600896861,employment_openings_70pct,employment_openings_70pct,exact_soc7_line_item,31.0,https://www.onetcenter.org/database.html,"BLS Employment Projections Occupation.xlsx Table 1.2, 2025-2035",true
29-1124.00,Radiation Therapists,29-1124,29,22,29-1124,17.4,17.9,0.7,0.18971412556053813,strategic_coverage_10pct,strategic_coverage_10pct,exact_soc7_line_item,31.0,https://www.onetcenter.org/database.html,"BLS Employment Projections Occupation.xlsx Table 1.2, 2025-2035",true
29-1126.00,Respiratory Therapists,29-1126,29,23,29-1126,142,154.2,8.6,0.6483744394618834,soc_diversity_20pct,soc_diversity_20pct,exact_soc7_line_item,31.0,https://www.onetcenter.org/database.html,"BLS Employment Projections Occupation.xlsx Table 1.2, 2025-2035",true
29-1127.00,Speech-Language Pathologists,29-1127,29,23,29-1127,193.4,225.5,12.5,0.7260369955156951,employment_openings_70pct,employment_openings_70pct,exact_soc7_line_item,31.0,https://www.onetcenter.org/database.html,"BLS Employment Projections Occupation.xlsx Table 1.2, 2025-2035",true
29-1128.00,Exercise Physiologists,29-1128,29,25,29-1128,21.2,23.9,1.4,0.2540919282511211,strategic_coverage_10pct,strategic_coverage_10pct,exact_soc7_line_item,31.0,https://www.onetcenter.org/database.html,"BLS Employment Projections Occupation.xlsx Table 1.2, 2025-2035",true
29-1129.01,Art Therapists,29-1129,29,25,29-1129,56.1,63.2,3.6,0.4563060538116592,strategic_coverage_10pct,strategic_coverage_10pct,exact_soc7_line_item,31.0,https://www.onetcenter.org/database.html,"BLS Employment Projections Occupation.xlsx Table 1.2, 2025-2035",true
29-1129.02,Music Therapists,29-1129,29,30,29-1129,56.1,63.2,3.6,0.4563060538116592,strategic_coverage_10pct,strategic_coverage_10pct,exact_soc7_line_item,31.0,https://www.onetcenter.org/database.html,"BLS Employment Projections Occupation.xlsx Table 1.2, 2025-2035",true
29-1131.00,Veterinarians,29-1131,29,21,29-1131,91.1,99.6,3.1,0.508267937219731,strategic_coverage_10pct,strategic_coverage_10pct,exact_soc7_line_item,31.0,https://www.onetcenter.org/database.html,"BLS Employment Projections Occupation.xlsx Table 1.2, 2025-2035",true
29-1141.00,Registered Nurses,29-1141,29,27,29-1141,3465.4,3660.1,180.8,0.9889573991031391,employment_openings_70pct,employment_openings_70pct,exact_soc7_line_item,31.0,https://www.onetcenter.org/database.html,"BLS Employment Projections Occupation.xlsx Table 1.2, 2025-2035",true
29-1141.01,Acute Care Nurses,29-1141,29,27,29-1141,3465.4,3660.1,180.8,0.9889573991031391,employment_openings_70pct,employment_openings_70pct,exact_soc7_line_item,31.0,https://www.onetcenter.org/database.html,"BLS Employment Projections Occupation.xlsx Table 1.2, 2025-2035",true
29-1141.02,Advanced Practice Psychiatric Nurses,29-1141,29,24,29-1141,3465.4,3660.1,180.8,0.9889573991031391,employment_openings_70pct,employment_openings_70pct,exact_soc7_line_item,31.0,https://www.onetcenter.org/database.html,"BLS Employment Projections Occupation.xlsx Table 1.2, 2025-2035",true
29-1141.03,Critical Care Nurses,29-1141,29,29,29-1141,3465.4,3660.1,180.8,0.9889573991031391,employment_openings_70pct,employment_openings_70pct,exact_soc7_line_item,31.0,https://www.onetcenter.org/database.html,"BLS Employment Projections Occupation.xlsx Table 1.2, 2025-2035",true
29-1141.04,Clinical Nurse Specialists,29-1141,29,30,29-1141,3465.4,3660.1,180.8,0.9889573991031391,employment_openings_70pct,employment_openings_70pct,exact_soc7_line_item,31.0,https://www.onetcenter.org/database.html,"BLS Employment Projections Occupation.xlsx Table 1.2, 2025-2035",true
29-1151.00,Nurse Anesthetists,29-1151,29,24,29-1151,54.5,59.8,2.4,0.426317264573991,strategic_coverage_10pct,strategic_coverage_10pct,exact_soc7_line_item,31.0,https://www.onetcenter.org/database.html,"BLS Employment Projections Occupation.xlsx Table 1.2, 2025-2035",true
29-1161.00,Nurse Midwives,29-1161,29,21,29-1161,8.2,9.1,0.4,0.09229260089686098,strategic_coverage_10pct,strategic_coverage_10pct,exact_soc7_line_item,31.0,https://www.onetcenter.org/database.html,"BLS Employment Projections Occupation.xlsx Table 1.2, 2025-2035",true
29-1171.00,Nurse Practitioners,29-1171,29,27,29-1171,336.3,474.1,29.4,0.8371636771300449,employment_openings_70pct,employment_openings_70pct,exact_soc7_line_item,31.0,https://www.onetcenter.org/database.html,"BLS Employment Projections Occupation.xlsx Table 1.2, 2025-2035",true
29-1181.00,Audiologists,29-1181,29,22,29-1181,14.2,15.7,0.6,0.15686659192825111,strategic_coverage_10pct,strategic_coverage_10pct,exact_soc7_line_item,31.0,https://www.onetcenter.org/database.html,"BLS Employment Projections Occupation.xlsx Table 1.2, 2025-2035",true
29-1211.00,Anesthesiologists,29-1211,29,20,29-1211,41.5,43,1.1,0.3350056053811659,strategic_coverage_10pct,strategic_coverage_10pct,exact_soc7_line_item,31.0,https://www.onetcenter.org/database.html,"BLS Employment Projections Occupation.xlsx Table 1.2, 2025-2035",true
29-1212.00,Cardiologists,29-1212,29,25,29-1212,18.5,19.4,0.5,0.18475336322869954,strategic_coverage_10pct,strategic_coverage_10pct,exact_soc7_line_item,31.0,https://www.onetcenter.org/database.html,"BLS Employment Projections Occupation.xlsx Table 1.2, 2025-2035",true
29-1213.00,Dermatologists,29-1213,29,18,29-1213,12.2,13,0.4,0.1258968609865471,strategic_coverage_10pct,strategic_coverage_10pct,exact_soc7_line_item,31.0,https://www.onetcenter.org/database.html,"BLS Employment Projections Occupation.xlsx Table 1.2, 2025-2035",true
29-1214.00,Emergency Medicine Physicians,29-1214,29,17,29-1214,34.9,36.1,0.9,0.2986547085201794,strategic_coverage_10pct,strategic_coverage_10pct,exact_soc7_line_item,31.0,https://www.onetcenter.org/database.html,"BLS Employment Projections Occupation.xlsx Table 1.2, 2025-2035",true
29-1216.00,General Internal Medicine Physicians,29-1216,29,19,29-1216,73.1,76,1.9,0.44826233183856506,strategic_coverage_10pct,strategic_coverage_10pct,exact_soc7_line_item,31.0,https://www.onetcenter.org/database.html,"BLS Employment Projections Occupation.xlsx Table 1.2, 2025-2035",true
29-1217.00,Neurologists,29-1217,29,24,29-1217,11.4,12.1,0.3,0.11233183856502243,strategic_coverage_10pct,strategic_coverage_10pct,exact_soc7_line_item,31.0,https://www.onetcenter.org/database.html,"BLS Employment Projections Occupation.xlsx Table 1.2, 2025-2035",true
29-1221.00,"Pediatricians, General",29-1221,29,17,29-1221,42.2,42.9,1,0.3312780269058296,strategic_coverage_10pct,strategic_coverage_10pct,exact_soc7_line_item,31.0,https://www.onetcenter.org/database.html,"BLS Employment Projections Occupation.xlsx Table 1.2, 2025-2035",true
29-1222.00,"Physicians, Pathologists",29-1222,29,19,29-1222,11.8,12.4,0.3,0.11499439461883408,strategic_coverage_10pct,strategic_coverage_10pct,exact_soc7_line_item,31.0,https://www.onetcenter.org/database.html,"BLS Employment Projections Occupation.xlsx Table 1.2, 2025-2035",true
29-1224.00,Radiologists,29-1224,29,30,29-1224,28.7,29.6,0.7,0.25473654708520177,strategic_coverage_10pct,strategic_coverage_10pct,exact_soc7_line_item,31.0,https://www.onetcenter.org/database.html,"BLS Employment Projections Occupation.xlsx Table 1.2, 2025-2035",true
29-1229.01,Allergists and Immunologists,29-1229,29,16,29-1229,367.4,380.1,9.4,0.7608183856502243,employment_openings_70pct,employment_openings_70pct,exact_soc7_line_item,31.0,https://www.onetcenter.org/database.html,"BLS Employment Projections Occupation.xlsx Table 1.2, 2025-2035",true
29-1229.02,Hospitalists,29-1229,29,14,29-1229,367.4,380.1,9.4,0.7608183856502243,employment_openings_70pct,employment_openings_70pct,exact_soc7_line_item,31.0,https://www.onetcenter.org/database.html,"BLS Employment Projections Occupation.xlsx Table 1.2, 2025-2035",true
29-1229.03,Urologists,29-1229,29,14,29-1229,367.4,380.1,9.4,0.7608183856502243,employment_openings_70pct,employment_openings_70pct,exact_soc7_line_item,31.0,https://www.onetcenter.org/database.html,"BLS Employment Projections Occupation.xlsx Table 1.2, 2025-2035",true
29-1229.04,Physical Medicine and Rehabilitation Physicians,29-1229,29,15,29-1229,367.4,380.1,9.4,0.7608183856502243,employment_openings_70pct,employment_openings_70pct,exact_soc7_line_item,31.0,https://www.onetcenter.org/database.html,"BLS Employment Projections Occupation.xlsx Table 1.2, 2025-2035",true
29-1229.05,Preventive Medicine Physicians,29-1229,29,15,29-1229,367.4,380.1,9.4,0.7608183856502243,employment_openings_70pct,employment_openings_70pct,exact_soc7_line_item,31.0,https://www.onetcenter.org/database.html,"BLS Employment Projections Occupation.xlsx Table 1.2, 2025-2035",true
29-1229.06,Sports Medicine Physicians,29-1229,29,27,29-1229,367.4,380.1,9.4,0.7608183856502243,employment_openings_70pct,employment_openings_70pct,exact_soc7_line_item,31.0,https://www.onetcenter.org/database.html,"BLS Employment Projections Occupation.xlsx Table 1.2, 2025-2035",true
29-1241.00,"Ophthalmologists, Except Pediatric",29-1241,29,18,29-1241,9.7,10.2,0.2,0.09075112107623319,strategic_coverage_10pct,strategic_coverage_10pct,exact_soc7_line_item,31.0,https://www.onetcenter.org/database.html,"BLS Employment Projections Occupation.xlsx Table 1.2, 2025-2035",true
29-1243.00,Pediatric Surgeons,29-1243,29,18,29-1243,1.3,1.3,0,0.006474215246636771,strategic_coverage_10pct,strategic_coverage_10pct,exact_soc7_line_item,31.0,https://www.onetcenter.org/database.html,"BLS Employment Projections Occupation.xlsx Table 1.2, 2025-2035",true
29-1291.00,Acupuncturists,29-1291,29,18,29-1291,14.8,16,0.8,0.17539237668161434,strategic_coverage_10pct,strategic_coverage_10pct,exact_soc7_line_item,31.0,https://www.onetcenter.org/database.html,"BLS Employment Projections Occupation.xlsx Table 1.2, 2025-2035",true
29-1292.00,Dental Hygienists,29-1292,29,16,29-1292,225.3,243.2,15,0.7508127802690582,employment_openings_70pct,employment_openings_70pct,exact_soc7_line_item,31.0,https://www.onetcenter.org/database.html,"BLS Employment Projections Occupation.xlsx Table 1.2, 2025-2035",true
29-1299.01,Naturopathic Physicians,29-1299,29,20,29-1299,39.6,41.8,1.9,0.3632567264573991,strategic_coverage_10pct,strategic_coverage_10pct,exact_soc7_line_item,31.0,https://www.onetcenter.org/database.html,"BLS Employment Projections Occupation.xlsx Table 1.2, 2025-2035",true
29-2011.01,Cytogenetic Technologists,29-2011,29,30,,,,,0.0,strategic_coverage_10pct,strategic_coverage_10pct,exact_soc7_line_item,31.0,https://www.onetcenter.org/database.html,"BLS Employment Projections Occupation.xlsx Table 1.2, 2025-2035",true
29-2031.00,Cardiovascular Technologists and Technicians,29-2031,29,21,29-2031,64.5,66.9,3.4,0.4714125560538116,strategic_coverage_10pct,strategic_coverage_10pct,exact_soc7_line_item,31.0,https://www.onetcenter.org/database.html,"BLS Employment Projections Occupation.xlsx Table 1.2, 2025-2035",true
29-2032.00,Diagnostic Medical Sonographers,29-2032,29,19,29-2032,92.2,105.1,6,0.5629484304932736,soc_diversity_20pct,soc_diversity_20pct,exact_soc7_line_item,31.0,https://www.onetcenter.org/database.html,"BLS Employment Projections Occupation.xlsx Table 1.2, 2025-2035",true
29-2033.00,Nuclear Medicine Technologists,29-2033,29,17,29-2033,17.4,18.2,0.8,0.1960762331838565,strategic_coverage_10pct,strategic_coverage_10pct,exact_soc7_line_item,31.0,https://www.onetcenter.org/database.html,"BLS Employment Projections Occupation.xlsx Table 1.2, 2025-2035",true
29-2034.00,Radiologic Technologists and Technicians,29-2034,29,30,29-2034,234.2,246,13,0.7439742152466368,employment_openings_70pct,employment_openings_70pct,exact_soc7_line_item,31.0,https://www.onetcenter.org/database.html,"BLS Employment Projections Occupation.xlsx Table 1.2, 2025-2035",true
29-2035.00,Magnetic Resonance Imaging Technologists,29-2035,29,24,29-2035,43.9,47.3,2.3,0.3965246636771301,strategic_coverage_10pct,strategic_coverage_10pct,exact_soc7_line_item,31.0,https://www.onetcenter.org/database.html,"BLS Employment Projections Occupation.xlsx Table 1.2, 2025-2035",true
29-2036.00,Medical Dosimetrists,29-2036,29,19,29-2036,3.5,3.7,0.2,0.036210762331838564,strategic_coverage_10pct,strategic_coverage_10pct,exact_soc7_line_item,31.0,https://www.onetcenter.org/database.html,"BLS Employment Projections Occupation.xlsx Table 1.2, 2025-2035",true
29-2042.00,Emergency Medical Technicians,29-2042,29,12,29-2042,181.9,192.5,13.8,0.7244114349775785,employment_openings_70pct,employment_openings_70pct,exact_soc7_line_item,31.0,https://www.onetcenter.org/database.html,"BLS Employment Projections Occupation.xlsx Table 1.2, 2025-2035",true
29-2043.00,Paramedics,29-2043,29,13,29-2043,102.2,108,4.3,0.5537836322869956,soc_diversity_20pct,soc_diversity_20pct,exact_soc7_line_item,31.0,https://www.onetcenter.org/database.html,"BLS Employment Projections Occupation.xlsx Table 1.2, 2025-2035",true
29-2052.00,Pharmacy Technicians,29-2052,29,21,29-2052,471.2,501.3,44.7,0.8842769058295964,employment_openings_70pct,employment_openings_70pct,exact_soc7_line_item,31.0,https://www.onetcenter.org/database.html,"BLS Employment Projections Occupation.xlsx Table 1.2, 2025-2035",true
29-2053.00,Psychiatric Technicians,29-2053,29,16,29-2053,161.5,197.5,17,0.7188621076233185,employment_openings_70pct,employment_openings_70pct,exact_soc7_line_item,31.0,https://www.onetcenter.org/database.html,"BLS Employment Projections Occupation.xlsx Table 1.2, 2025-2035",true
29-2055.00,Surgical Technologists,29-2055,29,18,29-2055,118.4,124.3,7.1,0.6076233183856502,soc_diversity_20pct,soc_diversity_20pct,exact_soc7_line_item,31.0,https://www.onetcenter.org/database.html,"BLS Employment Projections Occupation.xlsx Table 1.2, 2025-2035",true
29-2056.00,Veterinary Technologists and Technicians,29-2056,29,31,29-2056,131.4,143.8,13.4,0.6697589686098655,soc_diversity_20pct,soc_diversity_20pct,exact_soc7_line_item,31.0,https://www.onetcenter.org/database.html,"BLS Employment Projections Occupation.xlsx Table 1.2, 2025-2035",true
29-2057.00,Ophthalmic Medical Technicians,29-2057,29,20,29-2057,72.5,88,11.8,0.5852578475336323,soc_diversity_20pct,soc_diversity_20pct,exact_soc7_line_item,31.0,https://www.onetcenter.org/database.html,"BLS Employment Projections Occupation.xlsx Table 1.2, 2025-2035",true
29-2061.00,Licensed Practical and Licensed Vocational Nurses,29-2061,29,22,29-2061,666.9,686.7,51.8,0.9090807174887893,employment_openings_70pct,employment_openings_70pct,exact_soc7_line_item,31.0,https://www.onetcenter.org/database.html,"BLS Employment Projections Occupation.xlsx Table 1.2, 2025-2035",true
29-2072.00,Medical Records Specialists,29-2072,29,16,29-2072,200.7,216.3,14,0.7354820627802691,employment_openings_70pct,employment_openings_70pct,exact_soc7_line_item,31.0,https://www.onetcenter.org/database.html,"BLS Employment Projections Occupation.xlsx Table 1.2, 2025-2035",true
29-2081.00,"Opticians, Dispensing",29-2081,29,21,29-2081,74.3,77.4,5.6,0.5321468609865472,strategic_coverage_10pct,strategic_coverage_10pct,exact_soc7_line_item,31.0,https://www.onetcenter.org/database.html,"BLS Employment Projections Occupation.xlsx Table 1.2, 2025-2035",true
29-2099.01,Neurodiagnostic Technologists,29-2099,29,16,29-2099,185.6,196.4,12.4,0.7181053811659193,employment_openings_70pct,employment_openings_70pct,exact_soc7_line_item,31.0,https://www.onetcenter.org/database.html,"BLS Employment Projections Occupation.xlsx Table 1.2, 2025-2035",true
29-2099.05,Ophthalmic Medical Technologists,29-2099,29,31,29-2099,185.6,196.4,12.4,0.7181053811659193,employment_openings_70pct,employment_openings_70pct,exact_soc7_line_item,31.0,https://www.onetcenter.org/database.html,"BLS Employment Projections Occupation.xlsx Table 1.2, 2025-2035",true
29-2099.08,Patient Representatives,29-2099,29,13,29-2099,185.6,196.4,12.4,0.7181053811659193,employment_openings_70pct,employment_openings_70pct,exact_soc7_line_item,31.0,https://www.onetcenter.org/database.html,"BLS Employment Projections Occupation.xlsx Table 1.2, 2025-2035",true
29-9091.00,Athletic Trainers,29-9091,29,23,29-9091,35.2,39.6,2.4,0.36939461883408076,strategic_coverage_10pct,strategic_coverage_10pct,exact_soc7_line_item,31.0,https://www.onetcenter.org/database.html,"BLS Employment Projections Occupation.xlsx Table 1.2, 2025-2035",true
29-9092.00,Genetic Counselors,29-9092,29,19,29-9092,4.2,4.6,0.3,0.05198991031390135,strategic_coverage_10pct,strategic_coverage_10pct,exact_soc7_line_item,31.0,https://www.onetcenter.org/database.html,"BLS Employment Projections Occupation.xlsx Table 1.2, 2025-2035",true
29-9093.00,Surgical Assistants,29-9093,29,28,29-9093,24.4,25.9,1.4,0.2697309417040359,strategic_coverage_10pct,strategic_coverage_10pct,exact_soc7_line_item,31.0,https://www.onetcenter.org/database.html,"BLS Employment Projections Occupation.xlsx Table 1.2, 2025-2035",true
29-9099.01,Midwives,29-9099,29,36,29-9099,39.1,41,2.2,0.37017937219730945,strategic_coverage_10pct,strategic_coverage_10pct,exact_soc7_line_item,31.0,https://www.onetcenter.org/database.html,"BLS Employment Projections Occupation.xlsx Table 1.2, 2025-2035",true
31-1121.00,Home Health Aides,31-1121,31,15,,,,,0.0,employment_openings_70pct,employment_openings_70pct,exact_soc7_line_item,31.0,https://www.onetcenter.org/database.html,"BLS Employment Projections Occupation.xlsx Table 1.2, 2025-2035",true
31-1122.00,Personal Care Aides,31-1122,31,11,,,,,0.0,employment_openings_70pct,employment_openings_70pct,exact_soc7_line_item,31.0,https://www.onetcenter.org/database.html,"BLS Employment Projections Occupation.xlsx Table 1.2, 2025-2035",true
31-1131.00,Nursing Assistants,31-1131,31,33,31-1131,1505.9,1544.9,196.2,0.977017937219731,employment_openings_70pct,employment_openings_70pct,exact_soc7_line_item,31.0,https://www.onetcenter.org/database.html,"BLS Employment Projections Occupation.xlsx Table 1.2, 2025-2035",true
31-1132.00,Orderlies,31-1132,31,22,31-1132,52.8,54.9,7.2,0.5000280269058296,employment_openings_70pct,employment_openings_70pct,exact_soc7_line_item,31.0,https://www.onetcenter.org/database.html,"BLS Employment Projections Occupation.xlsx Table 1.2, 2025-2035",true
31-1133.00,Psychiatric Aides,31-1133,31,17,31-1133,36.9,37.6,4.9,0.4241591928251121,employment_openings_70pct,employment_openings_70pct,exact_soc7_line_item,31.0,https://www.onetcenter.org/database.html,"BLS Employment Projections Occupation.xlsx Table 1.2, 2025-2035",true
31-2011.00,Occupational Therapy Assistants,31-2011,31,22,31-2011,52.2,63.4,8.1,0.5148262331838565,employment_openings_70pct,employment_openings_70pct,exact_soc7_line_item,31.0,https://www.onetcenter.org/database.html,"BLS Employment Projections Occupation.xlsx Table 1.2, 2025-2035",true
31-2012.00,Occupational Therapy Aides,31-2012,31,15,31-2012,4.4,4.6,0.6,0.07329035874439462,employment_openings_70pct,employment_openings_70pct,exact_soc7_line_item,31.0,https://www.onetcenter.org/database.html,"BLS Employment Projections Occupation.xlsx Table 1.2, 2025-2035",true
31-2021.00,Physical Therapist Assistants,31-2021,31,21,31-2021,114.1,140.4,18.5,0.6822309417040359,employment_openings_70pct,employment_openings_70pct,exact_soc7_line_item,31.0,https://www.onetcenter.org/database.html,"BLS Employment Projections Occupation.xlsx Table 1.2, 2025-2035",true
31-2022.00,Physical Therapist Aides,31-2022,31,19,31-2022,49,51,6.4,0.4797645739910314,employment_openings_70pct,employment_openings_70pct,exact_soc7_line_item,31.0,https://www.onetcenter.org/database.html,"BLS Employment Projections Occupation.xlsx Table 1.2, 2025-2035",true
31-9011.00,Massage Therapists,31-9011,31,14,31-9011,155.4,179.1,20.4,0.7235706278026905,employment_openings_70pct,employment_openings_70pct,exact_soc7_line_item,31.0,https://www.onetcenter.org/database.html,"BLS Employment Projections Occupation.xlsx Table 1.2, 2025-2035",true
31-9091.00,Dental Assistants,31-9091,31,16,31-9091,388.6,417.4,53,0.865414798206278,employment_openings_70pct,employment_openings_70pct,exact_soc7_line_item,31.0,https://www.onetcenter.org/database.html,"BLS Employment Projections Occupation.xlsx Table 1.2, 2025-2035",true
31-9092.00,Medical Assistants,31-9092,31,20,31-9092,833.9,941.5,109.7,0.940134529147982,employment_openings_70pct,employment_openings_70pct,exact_soc7_line_item,31.0,https://www.onetcenter.org/database.html,"BLS Employment Projections Occupation.xlsx Table 1.2, 2025-2035",true
31-9093.00,Medical Equipment Preparers,31-9093,31,16,31-9093,79.9,88.6,10.7,0.5868834080717489,employment_openings_70pct,employment_openings_70pct,exact_soc7_line_item,31.0,https://www.onetcenter.org/database.html,"BLS Employment Projections Occupation.xlsx Table 1.2, 2025-2035",true
31-9094.00,Medical Transcriptionists,31-9094,31,15,31-9094,42,40.2,6.2,0.45484865470852015,employment_openings_70pct,employment_openings_70pct,exact_soc7_line_item,31.0,https://www.onetcenter.org/database.html,"BLS Employment Projections Occupation.xlsx Table 1.2, 2025-2035",true
31-9095.00,Pharmacy Aides,31-9095,31,17,31-9095,39.2,39,5.1,0.4317544843049328,employment_openings_70pct,employment_openings_70pct,exact_soc7_line_item,31.0,https://www.onetcenter.org/database.html,"BLS Employment Projections Occupation.xlsx Table 1.2, 2025-2035",true
31-9096.00,Veterinary Assistants and Laboratory Animal Caretakers,31-9096,31,28,31-9096,132.1,144.2,23.2,0.7052690582959641,employment_openings_70pct,employment_openings_70pct,exact_soc7_line_item,31.0,https://www.onetcenter.org/database.html,"BLS Employment Projections Occupation.xlsx Table 1.2, 2025-2035",true
31-9097.00,Phlebotomists,31-9097,31,23,31-9097,143.9,153.7,18,0.7071748878923768,employment_openings_70pct,employment_openings_70pct,exact_soc7_line_item,31.0,https://www.onetcenter.org/database.html,"BLS Employment Projections Occupation.xlsx Table 1.2, 2025-2035",true
31-9099.01,Speech-Language Pathology Assistants,31-9099,31,11,31-9099,113.9,119.4,14.1,0.6560818385650223,employment_openings_70pct,employment_openings_70pct,exact_soc7_line_item,31.0,https://www.onetcenter.org/database.html,"BLS Employment Projections Occupation.xlsx Table 1.2, 2025-2035",true
31-9099.02,Endoscopy Technicians,31-9099,31,12,31-9099,113.9,119.4,14.1,0.6560818385650223,employment_openings_70pct,employment_openings_70pct,exact_soc7_line_item,31.0,https://www.onetcenter.org/database.html,"BLS Employment Projections Occupation.xlsx Table 1.2, 2025-2035",true
33-1011.00,First-Line Supervisors of Correctional Officers,33-1011,33,23,33-1011,56.3,54.8,3.7,0.4533912556053811,employment_openings_70pct,employment_openings_70pct,exact_soc7_line_item,31.0,https://www.onetcenter.org/database.html,"BLS Employment Projections Occupation.xlsx Table 1.2, 2025-2035",true
33-1012.00,First-Line Supervisors of Police and Detectives,33-1012,33,20,33-1012,160.2,165.4,10.6,0.6750560538116592,employment_openings_70pct,employment_openings_70pct,exact_soc7_line_item,31.0,https://www.onetcenter.org/database.html,"BLS Employment Projections Occupation.xlsx Table 1.2, 2025-2035",true
33-1021.00,First-Line Supervisors of Firefighting and Prevention Workers,33-1021,33,30,33-1021,101.6,105.4,6.6,0.5811659192825112,employment_openings_70pct,employment_openings_70pct,exact_soc7_line_item,31.0,https://www.onetcenter.org/database.html,"BLS Employment Projections Occupation.xlsx Table 1.2, 2025-2035",true
33-1091.00,First-Line Supervisors of Security Workers,33-1091,33,21,33-1091,82.7,85.7,6.8,0.5540078475336323,employment_openings_70pct,employment_openings_70pct,exact_soc7_line_item,31.0,https://www.onetcenter.org/database.html,"BLS Employment Projections Occupation.xlsx Table 1.2, 2025-2035",true
33-2011.00,Firefighters,33-2011,33,30,33-2011,355.3,368.4,26.8,0.8237387892376682,employment_openings_70pct,employment_openings_70pct,exact_soc7_line_item,31.0,https://www.onetcenter.org/database.html,"BLS Employment Projections Occupation.xlsx Table 1.2, 2025-2035",true
33-2021.00,Fire Inspectors and Investigators,33-2021,33,30,33-2021,14.7,15.3,1.6,0.2155269058295964,employment_openings_70pct,employment_openings_70pct,exact_soc7_line_item,31.0,https://www.onetcenter.org/database.html,"BLS Employment Projections Occupation.xlsx Table 1.2, 2025-2035",true
33-2022.00,Forest Fire Inspectors and Prevention Specialists,33-2022,33,16,33-2022,3,3.4,0.4,0.04386210762331838,employment_openings_70pct,employment_openings_70pct,exact_soc7_line_item,31.0,https://www.onetcenter.org/database.html,"BLS Employment Projections Occupation.xlsx Table 1.2, 2025-2035",true
33-3011.00,Bailiffs,33-3011,33,15,33-3011,18,17.7,1.6,0.24052690582959643,employment_openings_70pct,employment_openings_70pct,exact_soc7_line_item,31.0,https://www.onetcenter.org/database.html,"BLS Employment Projections Occupation.xlsx Table 1.2, 2025-2035",true
33-3012.00,Correctional Officers and Jailers,33-3012,33,27,33-3012,397.8,368.2,28.4,0.8404147982062782,employment_openings_70pct,employment_openings_70pct,exact_soc7_line_item,31.0,https://www.onetcenter.org/database.html,"BLS Employment Projections Occupation.xlsx Table 1.2, 2025-2035",true
33-3021.00,Detectives and Criminal Investigators,33-3021,33,30,33-3021,120.5,120.7,7.8,0.6133968609865471,employment_openings_70pct,employment_openings_70pct,exact_soc7_line_item,31.0,https://www.onetcenter.org/database.html,"BLS Employment Projections Occupation.xlsx Table 1.2, 2025-2035",true
33-3021.02,Police Identification and Records Officers,33-3021,33,16,33-3021,120.5,120.7,7.8,0.6133968609865471,employment_openings_70pct,employment_openings_70pct,exact_soc7_line_item,31.0,https://www.onetcenter.org/database.html,"BLS Employment Projections Occupation.xlsx Table 1.2, 2025-2035",true
33-3021.06,Intelligence Analysts,33-3021,33,21,33-3021,120.5,120.7,7.8,0.6133968609865471,employment_openings_70pct,employment_openings_70pct,exact_soc7_line_item,31.0,https://www.onetcenter.org/database.html,"BLS Employment Projections Occupation.xlsx Table 1.2, 2025-2035",true
33-3031.00,Fish and Game Wardens,33-3031,33,23,33-3031,6.2,5.8,0.5,0.08304372197309418,employment_openings_70pct,employment_openings_70pct,exact_soc7_line_item,31.0,https://www.onetcenter.org/database.html,"BLS Employment Projections Occupation.xlsx Table 1.2, 2025-2035",true
33-3041.00,Parking Enforcement Workers,33-3041,33,20,33-3041,9.4,9.3,0.8,0.12284192825112107,employment_openings_70pct,employment_openings_70pct,exact_soc7_line_item,31.0,https://www.onetcenter.org/database.html,"BLS Employment Projections Occupation.xlsx Table 1.2, 2025-2035",true
33-3051.00,Police and Sheriff's Patrol Officers,33-3051,33,30,33-3051,693.2,717.3,51.5,0.9106221973094171,employment_openings_70pct,employment_openings_70pct,exact_soc7_line_item,31.0,https://www.onetcenter.org/database.html,"BLS Employment Projections Occupation.xlsx Table 1.2, 2025-2035",true
33-3051.04,Customs and Border Protection Officers,33-3051,33,11,33-3051,693.2,717.3,51.5,0.9106221973094171,employment_openings_70pct,employment_openings_70pct,exact_soc7_line_item,31.0,https://www.onetcenter.org/database.html,"BLS Employment Projections Occupation.xlsx Table 1.2, 2025-2035",true
33-3052.00,Transit and Railroad Police,33-3052,33,12,33-3052,4.4,4.5,0.3,0.05347533632286995,employment_openings_70pct,employment_openings_70pct,exact_soc7_line_item,31.0,https://www.onetcenter.org/database.html,"BLS Employment Projections Occupation.xlsx Table 1.2, 2025-2035",true
33-9011.00,Animal Control Workers,33-9011,33,16,33-9011,13.8,14.3,1.5,0.19728139013452914,employment_openings_70pct,employment_openings_70pct,exact_soc7_line_item,31.0,https://www.onetcenter.org/database.html,"BLS Employment Projections Occupation.xlsx Table 1.2, 2025-2035",true
33-9021.00,Private Detectives and Investigators,33-9021,33,14,33-9021,39.5,41.7,3.2,0.3996356502242152,employment_openings_70pct,employment_openings_70pct,exact_soc7_line_item,31.0,https://www.onetcenter.org/database.html,"BLS Employment Projections Occupation.xlsx Table 1.2, 2025-2035",true
33-9031.00,Gambling Surveillance Officers and Gambling Investigators,33-9031,33,8,33-9031,9.8,9.6,1.1,0.14775784753363227,employment_openings_70pct,employment_openings_70pct,exact_soc7_line_item,31.0,https://www.onetcenter.org/database.html,"BLS Employment Projections Occupation.xlsx Table 1.2, 2025-2035",true
33-9032.00,Security Guards,33-9032,33,14,33-9032,1294.3,1305.6,156,0.964517937219731,employment_openings_70pct,employment_openings_70pct,exact_soc7_line_item,31.0,https://www.onetcenter.org/database.html,"BLS Employment Projections Occupation.xlsx Table 1.2, 2025-2035",true
33-9091.00,Crossing Guards and Flaggers,33-9091,33,12,33-9091,94.8,98.1,17.3,0.6415078475336322,employment_openings_70pct,employment_openings_70pct,exact_soc7_line_item,31.0,https://www.onetcenter.org/database.html,"BLS Employment Projections Occupation.xlsx Table 1.2, 2025-2035",true
33-9092.00,"Lifeguards, Ski Patrol, and Other Recreational Protective Service Workers",33-9092,33,15,33-9092,162,170.8,45.4,0.760762331838565,employment_openings_70pct,employment_openings_70pct,exact_soc7_line_item,31.0,https://www.onetcenter.org/database.html,"BLS Employment Projections Occupation.xlsx Table 1.2, 2025-2035",true
33-9093.00,Transportation Security Screeners,33-9093,33,26,33-9093,53.5,51.2,4.5,0.4664237668161435,employment_openings_70pct,employment_openings_70pct,exact_soc7_line_item,31.0,https://www.onetcenter.org/database.html,"BLS Employment Projections Occupation.xlsx Table 1.2, 2025-2035",true
33-9094.00,School Bus Monitors,33-9094,33,18,33-9094,76.7,75.3,13.4,0.599579596412556,employment_openings_70pct,employment_openings_70pct,exact_soc7_line_item,31.0,https://www.onetcenter.org/database.html,"BLS Employment Projections Occupation.xlsx Table 1.2, 2025-2035",true
33-9099.02,Retail Loss Prevention Specialists,33-9099,33,21,33-9099,82.1,84.6,22.6,0.6364349775784754,employment_openings_70pct,employment_openings_70pct,exact_soc7_line_item,31.0,https://www.onetcenter.org/database.html,"BLS Employment Projections Occupation.xlsx Table 1.2, 2025-2035",true
35-1011.00,Chefs and Head Cooks,35-1011,35,21,35-1011,220.3,234.7,25.2,0.7775784753363228,employment_openings_70pct,employment_openings_70pct,exact_soc7_line_item,31.0,https://www.onetcenter.org/database.html,"BLS Employment Projections Occupation.xlsx Table 1.2, 2025-2035",true
35-1012.00,First-Line Supervisors of Food Preparation and Serving Workers,35-1012,35,26,35-1012,1236.4,1303.5,171.5,0.9635650224215246,employment_openings_70pct,employment_openings_70pct,exact_soc7_line_item,31.0,https://www.onetcenter.org/database.html,"BLS Employment Projections Occupation.xlsx Table 1.2, 2025-2035",true
35-2011.00,"Cooks, Fast Food",35-2011,35,20,35-2011,640.5,644.1,86.4,0.9201233183856502,employment_openings_70pct,employment_openings_70pct,exact_soc7_line_item,31.0,https://www.onetcenter.org/database.html,"BLS Employment Projections Occupation.xlsx Table 1.2, 2025-2035",true
35-2012.00,"Cooks, Institution and Cafeteria",35-2012,35,17,35-2012,454,466.6,62.9,0.8860986547085201,employment_openings_70pct,employment_openings_70pct,exact_soc7_line_item,31.0,https://www.onetcenter.org/database.html,"BLS Employment Projections Occupation.xlsx Table 1.2, 2025-2035",true
35-2013.00,"Cooks, Private Household",35-2013,35,13,35-2013,35.4,37.2,5,0.4215807174887892,employment_openings_70pct,employment_openings_70pct,exact_soc7_line_item,31.0,https://www.onetcenter.org/database.html,"BLS Employment Projections Occupation.xlsx Table 1.2, 2025-2035",true
35-2014.00,"Cooks, Restaurant",35-2014,35,20,35-2014,1417.5,1588.8,218.6,0.9760089686098654,employment_openings_70pct,employment_openings_70pct,exact_soc7_line_item,31.0,https://www.onetcenter.org/database.html,"BLS Employment Projections Occupation.xlsx Table 1.2, 2025-2035",true
35-2015.00,"Cooks, Short Order",35-2015,35,11,35-2015,138.7,131.5,17.4,0.6898822869955157,employment_openings_70pct,employment_openings_70pct,exact_soc7_line_item,31.0,https://www.onetcenter.org/database.html,"BLS Employment Projections Occupation.xlsx Table 1.2, 2025-2035",true
35-2021.00,Food Preparation Workers,35-2021,35,31,35-2021,908.5,881.3,135.7,0.944786995515695,employment_openings_70pct,employment_openings_70pct,exact_soc7_line_item,31.0,https://www.onetcenter.org/database.html,"BLS Employment Projections Occupation.xlsx Table 1.2, 2025-2035",true
35-3011.00,Bartenders,35-3011,35,20,35-3011,762.6,800.5,121.2,0.9375,employment_openings_70pct,employment_openings_70pct,exact_soc7_line_item,31.0,https://www.onetcenter.org/database.html,"BLS Employment Projections Occupation.xlsx Table 1.2, 2025-2035",true
35-3023.00,Fast Food and Counter Workers,35-3023,35,27,35-3023,3855.9,4079.1,827.4,0.9989349775784753,employment_openings_70pct,employment_openings_70pct,exact_soc7_line_item,31.0,https://www.onetcenter.org/database.html,"BLS Employment Projections Occupation.xlsx Table 1.2, 2025-2035",true
35-3023.01,Baristas,35-3023,35,19,35-3023,3855.9,4079.1,827.4,0.9989349775784753,employment_openings_70pct,employment_openings_70pct,exact_soc7_line_item,31.0,https://www.onetcenter.org/database.html,"BLS Employment Projections Occupation.xlsx Table 1.2, 2025-2035",true
35-3031.00,Waiters and Waitresses,35-3031,35,25,35-3031,2284.4,2330.9,423.1,0.9863789237668161,employment_openings_70pct,employment_openings_70pct,exact_soc7_line_item,31.0,https://www.onetcenter.org/database.html,"BLS Employment Projections Occupation.xlsx Table 1.2, 2025-2035",true
35-3041.00,"Food Servers, Nonrestaurant",35-3041,35,14,35-3041,296.3,309.6,48.8,0.8333520179372198,employment_openings_70pct,employment_openings_70pct,exact_soc7_line_item,31.0,https://www.onetcenter.org/database.html,"BLS Employment Projections Occupation.xlsx Table 1.2, 2025-2035",true
35-9011.00,Dining Room and Cafeteria Attendants and Bartender Helpers,35-9011,35,23,35-9011,546.6,575.5,95.3,0.9140414798206278,employment_openings_70pct,employment_openings_70pct,exact_soc7_line_item,31.0,https://www.onetcenter.org/database.html,"BLS Employment Projections Occupation.xlsx Table 1.2, 2025-2035",true
35-9021.00,Dishwashers,35-9021,35,13,35-9021,480.4,475.6,68.9,0.8991031390134528,employment_openings_70pct,employment_openings_70pct,exact_soc7_line_item,31.0,https://www.onetcenter.org/database.html,"BLS Employment Projections Occupation.xlsx Table 1.2, 2025-2035",true
35-9031.00,"Hosts and Hostesses, Restaurant, Lounge, and Coffee Shop",35-9031,35,20,35-9031,444.2,459.5,107.1,0.9013452914798206,employment_openings_70pct,employment_openings_70pct,exact_soc7_line_item,31.0,https://www.onetcenter.org/database.html,"BLS Employment Projections Occupation.xlsx Table 1.2, 2025-2035",true
37-1011.00,First-Line Supervisors of Housekeeping and Janitorial Workers,37-1011,37,26,37-1011,265.2,273.6,30.8,0.8068385650224216,employment_openings_70pct,employment_openings_70pct,exact_soc7_line_item,31.0,https://www.onetcenter.org/database.html,"BLS Employment Projections Occupation.xlsx Table 1.2, 2025-2035",true
37-1012.00,"First-Line Supervisors of Landscaping, Lawn Service, and Groundskeeping Workers",37-1012,37,28,37-1012,243.3,253,23.9,0.784304932735426,employment_openings_70pct,employment_openings_70pct,exact_soc7_line_item,31.0,https://www.onetcenter.org/database.html,"BLS Employment Projections Occupation.xlsx Table 1.2, 2025-2035",true
37-2011.00,"Janitors and Cleaners, Except Maids and Housekeeping Cleaners",37-2011,37,21,37-2011,2432.6,2486.2,321.8,0.9861547085201794,employment_openings_70pct,employment_openings_70pct,exact_soc7_line_item,31.0,https://www.onetcenter.org/database.html,"BLS Employment Projections Occupation.xlsx Table 1.2, 2025-2035",true
37-2012.00,Maids and Housekeeping Cleaners,37-2012,37,20,37-2012,1332.1,1339.5,175.5,0.9666479820627802,employment_openings_70pct,employment_openings_70pct,exact_soc7_line_item,31.0,https://www.onetcenter.org/database.html,"BLS Employment Projections Occupation.xlsx Table 1.2, 2025-2035",true
37-2021.00,Pest Control Workers,37-2021,37,14,37-2021,108.7,114.7,13.7,0.6474215246636772,employment_openings_70pct,employment_openings_70pct,exact_soc7_line_item,31.0,https://www.onetcenter.org/database.html,"BLS Employment Projections Occupation.xlsx Table 1.2, 2025-2035",true
37-3011.00,Landscaping and Groundskeeping Workers,37-3011,37,19,37-3011,1188.6,1244.2,149.5,0.9606502242152467,employment_openings_70pct,employment_openings_70pct,exact_soc7_line_item,31.0,https://www.onetcenter.org/database.html,"BLS Employment Projections Occupation.xlsx Table 1.2, 2025-2035",true
37-3012.00,"Pesticide Handlers, Sprayers, and Applicators, Vegetation",37-3012,37,12,37-3012,25.7,26.7,3.3,0.3383688340807175,employment_openings_70pct,employment_openings_70pct,exact_soc7_line_item,31.0,https://www.onetcenter.org/database.html,"BLS Employment Projections Occupation.xlsx Table 1.2, 2025-2035",true
37-3013.00,Tree Trimmers and Pruners,37-3013,37,24,37-3013,70.6,73.6,7.9,0.5474215246636771,employment_openings_70pct,employment_openings_70pct,exact_soc7_line_item,31.0,https://www.onetcenter.org/database.html,"BLS Employment Projections Occupation.xlsx Table 1.2, 2025-2035",true
39-1013.00,First-Line Supervisors of Gambling Services Workers,39-1013,39,30,39-1013,27.2,28.1,2.6,0.33082959641255605,employment_openings_70pct,employment_openings_70pct,exact_soc7_line_item,31.0,https://www.onetcenter.org/database.html,"BLS Employment Projections Occupation.xlsx Table 1.2, 2025-2035",true
39-1014.00,"First-Line Supervisors of Entertainment and Recreation Workers, Except Gambling Services",39-1014,39,19,39-1014,109.3,115.1,10.6,0.6259809417040358,employment_openings_70pct,employment_openings_70pct,exact_soc7_line_item,31.0,https://www.onetcenter.org/database.html,"BLS Employment Projections Occupation.xlsx Table 1.2, 2025-2035",true
39-1022.00,First-Line Supervisors of Personal Service Workers,39-1022,39,17,39-1022,122.5,130.2,12,0.6513172645739911,employment_openings_70pct,employment_openings_70pct,exact_soc7_line_item,31.0,https://www.onetcenter.org/database.html,"BLS Employment Projections Occupation.xlsx Table 1.2, 2025-2035",true
39-2011.00,Animal Trainers,39-2011,39,15,39-2011,47.8,49.7,6.5,0.4792040358744395,employment_openings_70pct,employment_openings_70pct,exact_soc7_line_item,31.0,https://www.onetcenter.org/database.html,"BLS Employment Projections Occupation.xlsx Table 1.2, 2025-2035",true
39-2021.00,Animal Caretakers,39-2021,39,22,39-2021,365.3,409.4,62.8,0.8599495515695067,employment_openings_70pct,employment_openings_70pct,exact_soc7_line_item,31.0,https://www.onetcenter.org/database.html,"BLS Employment Projections Occupation.xlsx Table 1.2, 2025-2035",true
39-3011.00,Gambling Dealers,39-3011,39,21,39-3011,88.9,91.9,13.3,0.6133968609865471,employment_openings_70pct,employment_openings_70pct,exact_soc7_line_item,31.0,https://www.onetcenter.org/database.html,"BLS Employment Projections Occupation.xlsx Table 1.2, 2025-2035",true
39-3012.00,Gambling and Sports Book Writers and Runners,39-3012,39,17,39-3012,9.6,9.8,1.4,0.15891255605381163,employment_openings_70pct,employment_openings_70pct,exact_soc7_line_item,31.0,https://www.onetcenter.org/database.html,"BLS Employment Projections Occupation.xlsx Table 1.2, 2025-2035",true
39-3021.00,Motion Picture Projectionists,39-3021,39,17,39-3021,1.5,1.4,0.3,0.024635650224215246,soc_diversity_20pct,soc_diversity_20pct,exact_soc7_line_item,31.0,https://www.onetcenter.org/database.html,"BLS Employment Projections Occupation.xlsx Table 1.2, 2025-2035",true
39-3031.00,"Ushers, Lobby Attendants, and Ticket Takers",39-3031,39,23,39-3031,124.5,125.6,27.3,0.7073430493273543,employment_openings_70pct,employment_openings_70pct,exact_soc7_line_item,31.0,https://www.onetcenter.org/database.html,"BLS Employment Projections Occupation.xlsx Table 1.2, 2025-2035",true
39-3091.00,Amusement and Recreation Attendants,39-3091,39,17,39-3091,408.4,423.6,100.4,0.8867152466367711,employment_openings_70pct,employment_openings_70pct,exact_soc7_line_item,31.0,https://www.onetcenter.org/database.html,"BLS Employment Projections Occupation.xlsx Table 1.2, 2025-2035",true
39-3092.00,Costume Attendants,39-3092,39,21,39-3092,6.6,7,1.7,0.15246636771300448,employment_openings_70pct,employment_openings_70pct,exact_soc7_line_item,31.0,https://www.onetcenter.org/database.html,"BLS Employment Projections Occupation.xlsx Table 1.2, 2025-2035",true
39-3093.00,"Locker Room, Coatroom, and Dressing Room Attendants",39-3093,39,24,39-3093,16,17.1,4,0.29537556053811653,employment_openings_70pct,employment_openings_70pct,exact_soc7_line_item,31.0,https://www.onetcenter.org/database.html,"BLS Employment Projections Occupation.xlsx Table 1.2, 2025-2035",true
39-4011.00,Embalmers,39-4011,39,26,39-4011,3.9,4,0.7,0.07088004484304933,soc_diversity_20pct,soc_diversity_20pct,exact_soc7_line_item,31.0,https://www.onetcenter.org/database.html,"BLS Employment Projections Occupation.xlsx Table 1.2, 2025-2035",true
39-4012.00,Crematory Operators,39-4012,39,12,39-4012,3,3.1,0.5,0.049383408071748874,soc_diversity_20pct,soc_diversity_20pct,exact_soc7_line_item,31.0,https://www.onetcenter.org/database.html,"BLS Employment Projections Occupation.xlsx Table 1.2, 2025-2035",true
39-4021.00,Funeral Attendants,39-4021,39,24,39-4021,31.3,32.1,5.4,0.4076233183856502,employment_openings_70pct,employment_openings_70pct,exact_soc7_line_item,31.0,https://www.onetcenter.org/database.html,"BLS Employment Projections Occupation.xlsx Table 1.2, 2025-2035",true
39-4031.00,"Morticians, Undertakers, and Funeral Arrangers",39-4031,39,22,39-4031,26.7,27.5,3,0.3350616591928251,employment_openings_70pct,employment_openings_70pct,exact_soc7_line_item,31.0,https://www.onetcenter.org/database.html,"BLS Employment Projections Occupation.xlsx Table 1.2, 2025-2035",true
39-5011.00,Barbers,39-5011,39,20,39-5011,75.8,78.3,6.9,0.5462443946188341,employment_openings_70pct,employment_openings_70pct,exact_soc7_line_item,31.0,https://www.onetcenter.org/database.html,"BLS Employment Projections Occupation.xlsx Table 1.2, 2025-2035",true
39-5012.00,"Hairdressers, Hairstylists, and Cosmetologists",39-5012,39,20,39-5012,595,640.9,73.4,0.9149103139013453,employment_openings_70pct,employment_openings_70pct,exact_soc7_line_item,31.0,https://www.onetcenter.org/database.html,"BLS Employment Projections Occupation.xlsx Table 1.2, 2025-2035",true
39-5091.00,"Makeup Artists, Theatrical and Performance",39-5091,39,22,39-5091,4.3,4.6,0.6,0.07202914798206278,employment_openings_70pct,employment_openings_70pct,exact_soc7_line_item,31.0,https://www.onetcenter.org/database.html,"BLS Employment Projections Occupation.xlsx Table 1.2, 2025-2035",true
39-5092.00,Manicurists and Pedicurists,39-5092,39,18,39-5092,201.8,220.4,21.9,0.7617713004484306,employment_openings_70pct,employment_openings_70pct,exact_soc7_line_item,31.0,https://www.onetcenter.org/database.html,"BLS Employment Projections Occupation.xlsx Table 1.2, 2025-2035",true
39-5093.00,Shampooers,39-5093,39,4,39-5093,15.4,16.2,2.2,0.2427410313901345,employment_openings_70pct,employment_openings_70pct,exact_soc7_line_item,31.0,https://www.onetcenter.org/database.html,"BLS Employment Projections Occupation.xlsx Table 1.2, 2025-2035",true
39-5094.00,Skincare Specialists,39-5094,39,18,39-5094,104.2,113.3,14.2,0.6485986547085203,employment_openings_70pct,employment_openings_70pct,exact_soc7_line_item,31.0,https://www.onetcenter.org/database.html,"BLS Employment Projections Occupation.xlsx Table 1.2, 2025-2035",true
39-6011.00,Baggage Porters and Bellhops,39-6011,39,17,39-6011,29.2,28.4,3.8,0.36516255605381165,employment_openings_70pct,employment_openings_70pct,exact_soc7_line_item,31.0,https://www.onetcenter.org/database.html,"BLS Employment Projections Occupation.xlsx Table 1.2, 2025-2035",true
39-6012.00,Concierges,39-6012,39,18,39-6012,50.2,51.5,6.9,0.4867432735426009,employment_openings_70pct,employment_openings_70pct,exact_soc7_line_item,31.0,https://www.onetcenter.org/database.html,"BLS Employment Projections Occupation.xlsx Table 1.2, 2025-2035",true
39-7011.00,Tour Guides and Escorts,39-7011,39,19,,,,,0.0,soc_diversity_20pct,soc_diversity_20pct,exact_soc7_line_item,31.0,https://www.onetcenter.org/database.html,"BLS Employment Projections Occupation.xlsx Table 1.2, 2025-2035",true
39-7012.00,Travel Guides,39-7012,39,17,,,,,0.0,soc_diversity_20pct,soc_diversity_20pct,exact_soc7_line_item,31.0,https://www.onetcenter.org/database.html,"BLS Employment Projections Occupation.xlsx Table 1.2, 2025-2035",true
39-9011.00,Childcare Workers,39-9011,39,24,39-9011,1010.3,990.4,150.3,0.9534192825112108,employment_openings_70pct,employment_openings_70pct,exact_soc7_line_item,31.0,https://www.onetcenter.org/database.html,"BLS Employment Projections Occupation.xlsx Table 1.2, 2025-2035",true
39-9011.01,Nannies,39-9011,39,19,39-9011,1010.3,990.4,150.3,0.9534192825112108,employment_openings_70pct,employment_openings_70pct,exact_soc7_line_item,31.0,https://www.onetcenter.org/database.html,"BLS Employment Projections Occupation.xlsx Table 1.2, 2025-2035",true
39-9031.00,Exercise Trainers and Group Fitness Instructors,39-9031,39,20,39-9031,388.4,416.9,68,0.8733183856502242,employment_openings_70pct,employment_openings_70pct,exact_soc7_line_item,31.0,https://www.onetcenter.org/database.html,"BLS Employment Projections Occupation.xlsx Table 1.2, 2025-2035",true
39-9032.00,Recreation Workers,39-9032,39,24,39-9032,346.9,361.9,67,0.8568946188340808,employment_openings_70pct,employment_openings_70pct,exact_soc7_line_item,31.0,https://www.onetcenter.org/database.html,"BLS Employment Projections Occupation.xlsx Table 1.2, 2025-2035",true
39-9041.00,Residential Advisors,39-9041,39,30,39-9041,94.1,97.4,16.5,0.6338565022421525,employment_openings_70pct,employment_openings_70pct,exact_soc7_line_item,31.0,https://www.onetcenter.org/database.html,"BLS Employment Projections Occupation.xlsx Table 1.2, 2025-2035",true
41-1011.00,First-Line Supervisors of Retail Sales Workers,41-1011,41,21,41-1011,1419.8,1367.4,113.5,0.9655269058295963,employment_openings_70pct,employment_openings_70pct,exact_soc7_line_item,31.0,https://www.onetcenter.org/database.html,"BLS Employment Projections Occupation.xlsx Table 1.2, 2025-2035",true
41-1012.00,First-Line Supervisors of Non-Retail Sales Workers,41-1012,41,18,41-1012,311.9,313.6,21.7,0.8007286995515696,employment_openings_70pct,employment_openings_70pct,exact_soc7_line_item,31.0,https://www.onetcenter.org/database.html,"BLS Employment Projections Occupation.xlsx Table 1.2, 2025-2035",true
41-2011.00,Cashiers,41-2011,41,28,41-2011,3106.3,2905.7,521.3,0.9919843049327354,employment_openings_70pct,employment_openings_70pct,exact_soc7_line_item,31.0,https://www.onetcenter.org/database.html,"BLS Employment Projections Occupation.xlsx Table 1.2, 2025-2035",true
41-2012.00,Gambling Change Persons and Booth Cashiers,41-2012,41,13,41-2012,22,21.6,3.9,0.32698991031390134,employment_openings_70pct,employment_openings_70pct,exact_soc7_line_item,31.0,https://www.onetcenter.org/database.html,"BLS Employment Projections Occupation.xlsx Table 1.2, 2025-2035",true
41-2021.00,Counter and Rental Clerks,41-2021,41,16,41-2021,409.4,421.9,46.1,0.8655829596412556,employment_openings_70pct,employment_openings_70pct,exact_soc7_line_item,31.0,https://www.onetcenter.org/database.html,"BLS Employment Projections Occupation.xlsx Table 1.2, 2025-2035",true
41-2022.00,Parts Salespersons,41-2022,41,19,41-2022,273.3,281.6,30,0.8073991031390134,employment_openings_70pct,employment_openings_70pct,exact_soc7_line_item,31.0,https://www.onetcenter.org/database.html,"BLS Employment Projections Occupation.xlsx Table 1.2, 2025-2035",true
41-2031.00,Retail Salespersons,41-2031,41,24,41-2031,3998.1,3984.1,520.6,0.9983744394618834,employment_openings_70pct,employment_openings_70pct,exact_soc7_line_item,31.0,https://www.onetcenter.org/database.html,"BLS Employment Projections Occupation.xlsx Table 1.2, 2025-2035",true
41-3011.00,Advertising Sales Agents,41-3011,41,20,41-3011,99.3,92.2,7.8,0.5838004484304933,employment_openings_70pct,employment_openings_70pct,exact_soc7_line_item,31.0,https://www.onetcenter.org/database.html,"BLS Employment Projections Occupation.xlsx Table 1.2, 2025-2035",true
41-3021.00,Insurance Sales Agents,41-3021,41,19,41-3021,572.6,591.4,43.1,0.895347533632287,employment_openings_70pct,employment_openings_70pct,exact_soc7_line_item,31.0,https://www.onetcenter.org/database.html,"BLS Employment Projections Occupation.xlsx Table 1.2, 2025-2035",true
41-3031.00,"Securities, Commodities, and Financial Services Sales Agents",41-3031,41,30,41-3031,531,538.5,35.1,0.8835762331838565,employment_openings_70pct,employment_openings_70pct,exact_soc7_line_item,31.0,https://www.onetcenter.org/database.html,"BLS Employment Projections Occupation.xlsx Table 1.2, 2025-2035",true
41-3041.00,Travel Agents,41-3041,41,8,41-3041,61.5,61.7,5.9,0.5065582959641256,employment_openings_70pct,employment_openings_70pct,exact_soc7_line_item,31.0,https://www.onetcenter.org/database.html,"BLS Employment Projections Occupation.xlsx Table 1.2, 2025-2035",true
41-3091.00,"Sales Representatives of Services, Except Advertising, Insurance, Financial Services, and Travel",41-3091,41,15,41-3091,1272.7,1306.7,115.7,0.9598094170403588,employment_openings_70pct,employment_openings_70pct,exact_soc7_line_item,31.0,https://www.onetcenter.org/database.html,"BLS Employment Projections Occupation.xlsx Table 1.2, 2025-2035",true
41-4011.00,"Sales Representatives, Wholesale and Manufacturing, Technical and Scientific Products",41-4011,41,33,41-4011,292,295.5,23.6,0.800896860986547,employment_openings_70pct,employment_openings_70pct,exact_soc7_line_item,31.0,https://www.onetcenter.org/database.html,"BLS Employment Projections Occupation.xlsx Table 1.2, 2025-2035",true
41-4011.07,Solar Sales Representatives and Assessors,41-4011,41,13,41-4011,292,295.5,23.6,0.800896860986547,employment_openings_70pct,employment_openings_70pct,exact_soc7_line_item,31.0,https://www.onetcenter.org/database.html,"BLS Employment Projections Occupation.xlsx Table 1.2, 2025-2035",true
41-4012.00,"Sales Representatives, Wholesale and Manufacturing, Except Technical and Scientific Products",41-4012,41,18,41-4012,1279.4,1268.2,99.8,0.9541479820627803,employment_openings_70pct,employment_openings_70pct,exact_soc7_line_item,31.0,https://www.onetcenter.org/database.html,"BLS Employment Projections Occupation.xlsx Table 1.2, 2025-2035",true
41-9011.00,Demonstrators and Product Promoters,41-9011,41,21,41-9011,70.4,70.5,11.4,0.5719730941704035,employment_openings_70pct,employment_openings_70pct,exact_soc7_line_item,31.0,https://www.onetcenter.org/database.html,"BLS Employment Projections Occupation.xlsx Table 1.2, 2025-2035",true
41-9012.00,Models,41-9012,41,10,41-9012,4.2,4.1,0.7,0.07399103139013452,employment_openings_70pct,employment_openings_70pct,exact_soc7_line_item,31.0,https://www.onetcenter.org/database.html,"BLS Employment Projections Occupation.xlsx Table 1.2, 2025-2035",true
41-9021.00,Real Estate Brokers,41-9021,41,19,41-9021,103.5,104.3,7.8,0.5943946188340807,employment_openings_70pct,employment_openings_70pct,exact_soc7_line_item,31.0,https://www.onetcenter.org/database.html,"BLS Employment Projections Occupation.xlsx Table 1.2, 2025-2035",true
41-9022.00,Real Estate Sales Agents,41-9022,41,33,41-9022,427,434.5,32.6,0.8542881165919283,employment_openings_70pct,employment_openings_70pct,exact_soc7_line_item,31.0,https://www.onetcenter.org/database.html,"BLS Employment Projections Occupation.xlsx Table 1.2, 2025-2035",true
41-9031.00,Sales Engineers,41-9031,41,25,41-9031,51.6,53,3.8,0.44851457399103145,employment_openings_70pct,employment_openings_70pct,exact_soc7_line_item,31.0,https://www.onetcenter.org/database.html,"BLS Employment Projections Occupation.xlsx Table 1.2, 2025-2035",true
41-9041.00,Telemarketers,41-9041,41,12,41-9041,60.9,47.8,5.8,0.4944226457399103,employment_openings_70pct,employment_openings_70pct,exact_soc7_line_item,31.0,https://www.onetcenter.org/database.html,"BLS Employment Projections Occupation.xlsx Table 1.2, 2025-2035",true
41-9091.00,"Door-to-Door Sales Workers, News and Street Vendors, and Related Workers",41-9091,41,12,41-9091,50.9,45.6,4.8,0.45969730941704035,employment_openings_70pct,employment_openings_70pct,exact_soc7_line_item,31.0,https://www.onetcenter.org/database.html,"BLS Employment Projections Occupation.xlsx Table 1.2, 2025-2035",true
43-1011.00,First-Line Supervisors of Office and Administrative Support Workers,43-1011,43,28,43-1011,1506.1,1507,127.4,0.9710201793721972,employment_openings_70pct,employment_openings_70pct,exact_soc7_line_item,31.0,https://www.onetcenter.org/database.html,"BLS Employment Projections Occupation.xlsx Table 1.2, 2025-2035",true
43-2011.00,"Switchboard Operators, Including Answering Service",43-2011,43,19,43-2011,35.4,26.2,3.1,0.36695627802690584,strategic_coverage_10pct,strategic_coverage_10pct,exact_soc7_line_item,31.0,https://www.onetcenter.org/database.html,"BLS Employment Projections Occupation.xlsx Table 1.2, 2025-2035",true
43-3011.00,Bill and Account Collectors,43-3011,43,15,43-3011,160.2,143.4,11.2,0.6714686098654709,employment_openings_70pct,employment_openings_70pct,exact_soc7_line_item,31.0,https://www.onetcenter.org/database.html,"BLS Employment Projections Occupation.xlsx Table 1.2, 2025-2035",true
43-3021.00,Billing and Posting Clerks,43-3021,43,26,43-3021,418,417.7,37,0.8588004484304932,employment_openings_70pct,employment_openings_70pct,exact_soc7_line_item,31.0,https://www.onetcenter.org/database.html,"BLS Employment Projections Occupation.xlsx Table 1.2, 2025-2035",true
43-3031.00,"Bookkeeping, Accounting, and Auditing Clerks",43-3031,43,28,43-3031,1532.4,1446.8,144.1,0.9720852017937219,employment_openings_70pct,employment_openings_70pct,exact_soc7_line_item,31.0,https://www.onetcenter.org/database.html,"BLS Employment Projections Occupation.xlsx Table 1.2, 2025-2035",true
43-3041.00,Gambling Cage Workers,43-3041,43,17,43-3041,15,14.6,1.2,0.19638452914798207,strategic_coverage_10pct,strategic_coverage_10pct,exact_soc7_line_item,31.0,https://www.onetcenter.org/database.html,"BLS Employment Projections Occupation.xlsx Table 1.2, 2025-2035",true
43-3051.00,Payroll and Timekeeping Clerks,43-3051,43,21,43-3051,159.6,134.3,11.4,0.6699831838565022,employment_openings_70pct,employment_openings_70pct,exact_soc7_line_item,31.0,https://www.onetcenter.org/database.html,"BLS Employment Projections Occupation.xlsx Table 1.2, 2025-2035",true
43-3061.00,Procurement Clerks,43-3061,43,19,43-3061,56.9,52.3,3.7,0.4526065022421525,strategic_coverage_10pct,strategic_coverage_10pct,exact_soc7_line_item,31.0,https://www.onetcenter.org/database.html,"BLS Employment Projections Occupation.xlsx Table 1.2, 2025-2035",true
43-3071.00,Tellers,43-3071,43,28,43-3071,339.2,294.5,26.8,0.8154428251121077,employment_openings_70pct,employment_openings_70pct,exact_soc7_line_item,31.0,https://www.onetcenter.org/database.html,"BLS Employment Projections Occupation.xlsx Table 1.2, 2025-2035",true
43-4021.00,Correspondence Clerks,43-4021,43,17,43-4021,4.8,4.5,0.5,0.07116031390134529,strategic_coverage_10pct,strategic_coverage_10pct,exact_soc7_line_item,31.0,https://www.onetcenter.org/database.html,"BLS Employment Projections Occupation.xlsx Table 1.2, 2025-2035",true
43-4031.00,"Court, Municipal, and License Clerks",43-4031,43,29,43-4031,187,193.3,17.1,0.740891255605381,employment_openings_70pct,employment_openings_70pct,exact_soc7_line_item,31.0,https://www.onetcenter.org/database.html,"BLS Employment Projections Occupation.xlsx Table 1.2, 2025-2035",true
43-4051.00,Customer Service Representatives,43-4051,43,13,43-4051,2666,2524.1,289.5,0.9869955156950673,employment_openings_70pct,employment_openings_70pct,exact_soc7_line_item,31.0,https://www.onetcenter.org/database.html,"BLS Employment Projections Occupation.xlsx Table 1.2, 2025-2035",true
43-4061.00,"Eligibility Interviewers, Government Programs",43-4061,43,17,43-4061,162.8,165.3,12.7,0.6937780269058296,employment_openings_70pct,employment_openings_70pct,exact_soc7_line_item,31.0,https://www.onetcenter.org/database.html,"BLS Employment Projections Occupation.xlsx Table 1.2, 2025-2035",true
43-4071.00,File Clerks,43-4071,43,19,43-4071,76.2,64.2,5.6,0.5277186098654709,soc_diversity_20pct,soc_diversity_20pct,exact_soc7_line_item,31.0,https://www.onetcenter.org/database.html,"BLS Employment Projections Occupation.xlsx Table 1.2, 2025-2035",true
43-4081.00,"Hotel, Motel, and Resort Desk Clerks",43-4081,43,20,43-4081,264.6,269.5,35.5,0.8125840807174889,employment_openings_70pct,employment_openings_70pct,exact_soc7_line_item,31.0,https://www.onetcenter.org/database.html,"BLS Employment Projections Occupation.xlsx Table 1.2, 2025-2035",true
43-4111.00,"Interviewers, Except Eligibility and Loan",43-4111,43,16,43-4111,153.6,137.6,13.2,0.6811378923766815,employment_openings_70pct,employment_openings_70pct,exact_soc7_line_item,31.0,https://www.onetcenter.org/database.html,"BLS Employment Projections Occupation.xlsx Table 1.2, 2025-2035",true
43-4121.00,"Library Assistants, Clerical",43-4121,43,32,43-4121,89.5,83.8,12.3,0.604372197309417,soc_diversity_20pct,soc_diversity_20pct,exact_soc7_line_item,31.0,https://www.onetcenter.org/database.html,"BLS Employment Projections Occupation.xlsx Table 1.2, 2025-2035",true
43-4131.00,Loan Interviewers and Clerks,43-4131,43,18,43-4131,169.1,165,10.5,0.6861827354260089,employment_openings_70pct,employment_openings_70pct,exact_soc7_line_item,31.0,https://www.onetcenter.org/database.html,"BLS Employment Projections Occupation.xlsx Table 1.2, 2025-2035",true
43-4151.00,Order Clerks,43-4151,43,19,43-4151,78.9,65.1,6.3,0.5374719730941704,soc_diversity_20pct,soc_diversity_20pct,exact_soc7_line_item,31.0,https://www.onetcenter.org/database.html,"BLS Employment Projections Occupation.xlsx Table 1.2, 2025-2035",true
43-4161.00,"Human Resources Assistants, Except Payroll and Timekeeping",43-4161,43,19,43-4161,96.5,90.5,7.9,0.579932735426009,soc_diversity_20pct,soc_diversity_20pct,exact_soc7_line_item,31.0,https://www.onetcenter.org/database.html,"BLS Employment Projections Occupation.xlsx Table 1.2, 2025-2035",true
43-4171.00,Receptionists and Information Clerks,43-4171,43,18,43-4171,947.5,931.6,105.1,0.9437780269058296,employment_openings_70pct,employment_openings_70pct,exact_soc7_line_item,31.0,https://www.onetcenter.org/database.html,"BLS Employment Projections Occupation.xlsx Table 1.2, 2025-2035",true
43-4181.00,Reservation and Transportation Ticket Agents and Travel Clerks,43-4181,43,19,43-4181,120.1,123.1,11.8,0.6453475336322869,employment_openings_70pct,employment_openings_70pct,exact_soc7_line_item,31.0,https://www.onetcenter.org/database.html,"BLS Employment Projections Occupation.xlsx Table 1.2, 2025-2035",true
43-5011.00,Cargo and Freight Agents,43-5011,43,24,43-5011,100.3,106.4,9,0.6038116591928251,soc_diversity_20pct,soc_diversity_20pct,exact_soc7_line_item,31.0,https://www.onetcenter.org/database.html,"BLS Employment Projections Occupation.xlsx Table 1.2, 2025-2035",true
43-5011.01,Freight Forwarders,43-5011,43,31,43-5011,100.3,106.4,9,0.6038116591928251,soc_diversity_20pct,soc_diversity_20pct,exact_soc7_line_item,31.0,https://www.onetcenter.org/database.html,"BLS Employment Projections Occupation.xlsx Table 1.2, 2025-2035",true
43-5021.00,Couriers and Messengers,43-5021,43,16,43-5021,228.9,247.1,23.8,0.7797645739910315,employment_openings_70pct,employment_openings_70pct,exact_soc7_line_item,31.0,https://www.onetcenter.org/database.html,"BLS Employment Projections Occupation.xlsx Table 1.2, 2025-2035",true
43-5031.00,Public Safety Telecommunicators,43-5031,43,18,43-5031,105.6,109.5,9,0.6112948430493274,employment_openings_70pct,employment_openings_70pct,exact_soc7_line_item,31.0,https://www.onetcenter.org/database.html,"BLS Employment Projections Occupation.xlsx Table 1.2, 2025-2035",true
43-5032.00,"Dispatchers, Except Police, Fire, and Ambulance",43-5032,43,12,43-5032,203.5,202.1,16,0.7416199551569507,employment_openings_70pct,employment_openings_70pct,exact_soc7_line_item,31.0,https://www.onetcenter.org/database.html,"BLS Employment Projections Occupation.xlsx Table 1.2, 2025-2035",true
43-5051.00,Postal Service Clerks,43-5051,43,19,43-5051,70.9,70.7,5.3,0.520347533632287,soc_diversity_20pct,soc_diversity_20pct,exact_soc7_line_item,31.0,https://www.onetcenter.org/database.html,"BLS Employment Projections Occupation.xlsx Table 1.2, 2025-2035",true
43-5052.00,Postal Service Mail Carriers,43-5052,43,21,43-5052,316.4,315.5,19.6,0.799719730941704,employment_openings_70pct,employment_openings_70pct,exact_soc7_line_item,31.0,https://www.onetcenter.org/database.html,"BLS Employment Projections Occupation.xlsx Table 1.2, 2025-2035",true
43-5053.00,"Postal Service Mail Sorters, Processors, and Processing Machine Operators",43-5053,43,14,43-5053,101.2,95.9,7.3,0.5823430493273543,soc_diversity_20pct,soc_diversity_20pct,exact_soc7_line_item,31.0,https://www.onetcenter.org/database.html,"BLS Employment Projections Occupation.xlsx Table 1.2, 2025-2035",true
43-5061.00,"Production, Planning, and Expediting Clerks",43-5061,43,17,43-5061,392.1,387.1,32.6,0.844030269058296,employment_openings_70pct,employment_openings_70pct,exact_soc7_line_item,31.0,https://www.onetcenter.org/database.html,"BLS Employment Projections Occupation.xlsx Table 1.2, 2025-2035",true
43-5071.00,"Shipping, Receiving, and Inventory Clerks",43-5071,43,11,43-5071,827.7,765,61.3,0.9179372197309418,employment_openings_70pct,employment_openings_70pct,exact_soc7_line_item,31.0,https://www.onetcenter.org/database.html,"BLS Employment Projections Occupation.xlsx Table 1.2, 2025-2035",true
43-5111.00,"Weighers, Measurers, Checkers, and Samplers, Recordkeeping",43-5111,43,18,43-5111,53.6,51,4.7,0.46835762331838565,strategic_coverage_10pct,strategic_coverage_10pct,exact_soc7_line_item,31.0,https://www.onetcenter.org/database.html,"BLS Employment Projections Occupation.xlsx Table 1.2, 2025-2035",true
43-6011.00,Executive Secretaries and Executive Administrative Assistants,43-6011,43,22,43-6011,489.3,489.2,43.3,0.8848094170403586,employment_openings_70pct,employment_openings_70pct,exact_soc7_line_item,31.0,https://www.onetcenter.org/database.html,"BLS Employment Projections Occupation.xlsx Table 1.2, 2025-2035",true
43-6012.00,Legal Secretaries and Administrative Assistants,43-6012,43,14,43-6012,157.6,149.3,18.1,0.7119955156950672,employment_openings_70pct,employment_openings_70pct,exact_soc7_line_item,31.0,https://www.onetcenter.org/database.html,"BLS Employment Projections Occupation.xlsx Table 1.2, 2025-2035",true
43-6013.00,Medical Secretaries and Administrative Assistants,43-6013,43,15,43-6013,979,1026.1,89.2,0.9417040358744394,employment_openings_70pct,employment_openings_70pct,exact_soc7_line_item,31.0,https://www.onetcenter.org/database.html,"BLS Employment Projections Occupation.xlsx Table 1.2, 2025-2035",true
43-6014.00,"Secretaries and Administrative Assistants, Except Legal, Medical, and Executive",43-6014,43,31,43-6014,1889.8,1775.7,163.9,0.9780269058295965,employment_openings_70pct,employment_openings_70pct,exact_soc7_line_item,31.0,https://www.onetcenter.org/database.html,"BLS Employment Projections Occupation.xlsx Table 1.2, 2025-2035",true
43-9021.00,Data Entry Keyers,43-9021,43,9,43-9021,131.8,98.2,7.7,0.6081838565022422,soc_diversity_20pct,soc_diversity_20pct,exact_soc7_line_item,31.0,https://www.onetcenter.org/database.html,"BLS Employment Projections Occupation.xlsx Table 1.2, 2025-2035",true
43-9022.00,Word Processors and Typists,43-9022,43,19,43-9022,40.4,26.5,1.9,0.34316143497757845,strategic_coverage_10pct,strategic_coverage_10pct,exact_soc7_line_item,31.0,https://www.onetcenter.org/database.html,"BLS Employment Projections Occupation.xlsx Table 1.2, 2025-2035",true
43-9031.00,Desktop Publishers,43-9031,43,18,43-9031,4.6,4,0.3,0.05302690582959642,strategic_coverage_10pct,strategic_coverage_10pct,exact_soc7_line_item,31.0,https://www.onetcenter.org/database.html,"BLS Employment Projections Occupation.xlsx Table 1.2, 2025-2035",true
43-9041.00,Insurance Claims and Policy Processing Clerks,43-9041,43,25,43-9041,239.1,234.7,17.5,0.7644058295964127,employment_openings_70pct,employment_openings_70pct,exact_soc7_line_item,31.0,https://www.onetcenter.org/database.html,"BLS Employment Projections Occupation.xlsx Table 1.2, 2025-2035",true
43-9051.00,"Mail Clerks and Mail Machine Operators, Except Postal Service",43-9051,43,29,43-9051,57.8,53.6,4.7,0.4766535874439462,soc_diversity_20pct,soc_diversity_20pct,exact_soc7_line_item,31.0,https://www.onetcenter.org/database.html,"BLS Employment Projections Occupation.xlsx Table 1.2, 2025-2035",true
43-9061.00,"Office Clerks, General",43-9061,43,20,43-9061,2600,2443.7,249,0.9852578475336322,employment_openings_70pct,employment_openings_70pct,exact_soc7_line_item,31.0,https://www.onetcenter.org/database.html,"BLS Employment Projections Occupation.xlsx Table 1.2, 2025-2035",true
43-9071.00,"Office Machine Operators, Except Computer",43-9071,43,18,43-9071,25.8,21.9,2.1,0.29750560538116594,strategic_coverage_10pct,strategic_coverage_10pct,exact_soc7_line_item,31.0,https://www.onetcenter.org/database.html,"BLS Employment Projections Occupation.xlsx Table 1.2, 2025-2035",true
45-1011.00,"First-Line Supervisors of Farming, Fishing, and Forestry Workers",45-1011,45,30,45-1011,57.6,59.8,7.2,0.5080437219730942,employment_openings_70pct,employment_openings_70pct,exact_soc7_line_item,31.0,https://www.onetcenter.org/database.html,"BLS Employment Projections Occupation.xlsx Table 1.2, 2025-2035",true
45-2011.00,Agricultural Inspectors,45-2011,45,22,45-2011,17.8,18.2,2.5,0.27343049327354263,employment_openings_70pct,employment_openings_70pct,exact_soc7_line_item,31.0,https://www.onetcenter.org/database.html,"BLS Employment Projections Occupation.xlsx Table 1.2, 2025-2035",true
45-2021.00,Animal Breeders,45-2021,45,21,45-2021,6.9,7.1,1,0.12051569506726456,employment_openings_70pct,employment_openings_70pct,exact_soc7_line_item,31.0,https://www.onetcenter.org/database.html,"BLS Employment Projections Occupation.xlsx Table 1.2, 2025-2035",true
45-2041.00,"Graders and Sorters, Agricultural Products",45-2041,45,5,45-2041,45.4,43.8,5.8,0.4637051569506726,employment_openings_70pct,employment_openings_70pct,exact_soc7_line_item,31.0,https://www.onetcenter.org/database.html,"BLS Employment Projections Occupation.xlsx Table 1.2, 2025-2035",true
45-2091.00,Agricultural Equipment Operators,45-2091,45,17,45-2091,66.9,72.6,10.1,0.5610986547085202,employment_openings_70pct,employment_openings_70pct,exact_soc7_line_item,31.0,https://www.onetcenter.org/database.html,"BLS Employment Projections Occupation.xlsx Table 1.2, 2025-2035",true
45-2092.00,"Farmworkers and Laborers, Crop, Nursery, and Greenhouse",45-2092,45,27,45-2092,546.8,533.6,72.5,0.9089125560538117,employment_openings_70pct,employment_openings_70pct,exact_soc7_line_item,31.0,https://www.onetcenter.org/database.html,"BLS Employment Projections Occupation.xlsx Table 1.2, 2025-2035",true
45-2093.00,"Farmworkers, Farm, Ranch, and Aquacultural Animals",45-2093,45,19,45-2093,202.1,195.7,26.6,0.7691423766816143,employment_openings_70pct,employment_openings_70pct,exact_soc7_line_item,31.0,https://www.onetcenter.org/database.html,"BLS Employment Projections Occupation.xlsx Table 1.2, 2025-2035",true
45-3031.00,Fishing and Hunting Workers,45-3031,45,29,45-3031,28.2,27,3.3,0.3467769058295964,employment_openings_70pct,employment_openings_70pct,exact_soc7_line_item,31.0,https://www.onetcenter.org/database.html,"BLS Employment Projections Occupation.xlsx Table 1.2, 2025-2035",true
45-4011.00,Forest and Conservation Workers,45-4011,45,17,45-4011,14.7,14.5,2.2,0.23315582959641254,employment_openings_70pct,employment_openings_70pct,exact_soc7_line_item,31.0,https://www.onetcenter.org/database.html,"BLS Employment Projections Occupation.xlsx Table 1.2, 2025-2035",true
45-4021.00,Fallers,45-4021,45,17,45-4021,4.3,3.9,0.5,0.0624439461883408,employment_openings_70pct,employment_openings_70pct,exact_soc7_line_item,31.0,https://www.onetcenter.org/database.html,"BLS Employment Projections Occupation.xlsx Table 1.2, 2025-2035",true
45-4022.00,Logging Equipment Operators,45-4022,45,9,45-4022,29.3,28.2,3.7,0.36073430493273545,employment_openings_70pct,employment_openings_70pct,exact_soc7_line_item,31.0,https://www.onetcenter.org/database.html,"BLS Employment Projections Occupation.xlsx Table 1.2, 2025-2035",true
45-4023.00,Log Graders and Scalers,45-4023,45,12,45-4023,4.4,4.3,0.6,0.07194506726457399,employment_openings_70pct,employment_openings_70pct,exact_soc7_line_item,31.0,https://www.onetcenter.org/database.html,"BLS Employment Projections Occupation.xlsx Table 1.2, 2025-2035",true
47-1011.00,First-Line Supervisors of Construction Trades and Extraction Workers,47-1011,47,15,47-1011,913.3,959.4,67,0.9313060538116592,employment_openings_70pct,employment_openings_70pct,exact_soc7_line_item,31.0,https://www.onetcenter.org/database.html,"BLS Employment Projections Occupation.xlsx Table 1.2, 2025-2035",true
47-1011.03,Solar Energy Installation Managers,47-1011,47,15,47-1011,913.3,959.4,67,0.9313060538116592,employment_openings_70pct,employment_openings_70pct,exact_soc7_line_item,31.0,https://www.onetcenter.org/database.html,"BLS Employment Projections Occupation.xlsx Table 1.2, 2025-2035",true
47-2011.00,Boilermakers,47-2011,47,18,47-2011,10.2,10.1,0.7,0.12572869955156948,strategic_coverage_10pct,strategic_coverage_10pct,exact_soc7_line_item,31.0,https://www.onetcenter.org/database.html,"BLS Employment Projections Occupation.xlsx Table 1.2, 2025-2035",true
47-2021.00,Brickmasons and Blockmasons,47-2021,47,14,47-2021,62.4,63.1,4.1,0.4836883408071749,employment_openings_70pct,employment_openings_70pct,exact_soc7_line_item,31.0,https://www.onetcenter.org/database.html,"BLS Employment Projections Occupation.xlsx Table 1.2, 2025-2035",true
47-2031.00,Carpenters,47-2031,47,29,47-2031,889.7,924.7,62.8,0.9243553811659193,employment_openings_70pct,employment_openings_70pct,exact_soc7_line_item,31.0,https://www.onetcenter.org/database.html,"BLS Employment Projections Occupation.xlsx Table 1.2, 2025-2035",true
47-2041.00,Carpet Installers,47-2041,47,17,47-2041,17.4,14.5,0.7,0.1789517937219731,strategic_coverage_10pct,strategic_coverage_10pct,exact_soc7_line_item,31.0,https://www.onetcenter.org/database.html,"BLS Employment Projections Occupation.xlsx Table 1.2, 2025-2035",true
47-2042.00,"Floor Layers, Except Carpet, Wood, and Hard Tiles",47-2042,47,14,47-2042,29.8,32.4,2.2,0.332567264573991,soc_diversity_20pct,soc_diversity_20pct,exact_soc7_line_item,31.0,https://www.onetcenter.org/database.html,"BLS Employment Projections Occupation.xlsx Table 1.2, 2025-2035",true
47-2044.00,Tile and Stone Setters,47-2044,47,25,47-2044,45.2,49.6,3.3,0.42387892376681613,employment_openings_70pct,employment_openings_70pct,exact_soc7_line_item,31.0,https://www.onetcenter.org/database.html,"BLS Employment Projections Occupation.xlsx Table 1.2, 2025-2035",true
47-2051.00,Cement Masons and Concrete Finishers,47-2051,47,26,47-2051,204.8,208.1,13.6,0.73472533632287,employment_openings_70pct,employment_openings_70pct,exact_soc7_line_item,31.0,https://www.onetcenter.org/database.html,"BLS Employment Projections Occupation.xlsx Table 1.2, 2025-2035",true
47-2053.00,Terrazzo Workers and Finishers,47-2053,47,26,47-2053,1.2,1,0.1,0.008464125560538115,strategic_coverage_10pct,strategic_coverage_10pct,exact_soc7_line_item,31.0,https://www.onetcenter.org/database.html,"BLS Employment Projections Occupation.xlsx Table 1.2, 2025-2035",true
47-2061.00,Construction Laborers,47-2061,47,27,47-2061,1489.3,1598.6,120,0.9698991031390134,employment_openings_70pct,employment_openings_70pct,exact_soc7_line_item,31.0,https://www.onetcenter.org/database.html,"BLS Employment Projections Occupation.xlsx Table 1.2, 2025-2035",true
47-2071.00,"Paving, Surfacing, and Tamping Equipment Operators",47-2071,47,20,47-2071,42.3,41.9,3.1,0.4057455156950672,soc_diversity_20pct,soc_diversity_20pct,exact_soc7_line_item,31.0,https://www.onetcenter.org/database.html,"BLS Employment Projections Occupation.xlsx Table 1.2, 2025-2035",true
47-2073.00,Operating Engineers and Other Construction Equipment Operators,47-2073,47,26,47-2073,489.5,511.8,39.2,0.8844730941704037,employment_openings_70pct,employment_openings_70pct,exact_soc7_line_item,31.0,https://www.onetcenter.org/database.html,"BLS Employment Projections Occupation.xlsx Table 1.2, 2025-2035",true
47-2081.00,Drywall and Ceiling Tile Installers,47-2081,47,24,47-2081,102.2,104.7,6.6,0.5814742152466368,employment_openings_70pct,employment_openings_70pct,exact_soc7_line_item,31.0,https://www.onetcenter.org/database.html,"BLS Employment Projections Occupation.xlsx Table 1.2, 2025-2035",true
47-2111.00,Electricians,47-2111,47,21,47-2111,821,896.9,72.7,0.9271300448430493,employment_openings_70pct,employment_openings_70pct,exact_soc7_line_item,31.0,https://www.onetcenter.org/database.html,"BLS Employment Projections Occupation.xlsx Table 1.2, 2025-2035",true
47-2121.00,Glaziers,47-2121,47,27,47-2121,59.2,60.3,3.9,0.46762892376681614,employment_openings_70pct,employment_openings_70pct,exact_soc7_line_item,31.0,https://www.onetcenter.org/database.html,"BLS Employment Projections Occupation.xlsx Table 1.2, 2025-2035",true
47-2131.00,"Insulation Workers, Floor, Ceiling, and Wall",47-2131,47,10,47-2131,45.1,46.2,3,0.41191143497757843,employment_openings_70pct,employment_openings_70pct,exact_soc7_line_item,31.0,https://www.onetcenter.org/database.html,"BLS Employment Projections Occupation.xlsx Table 1.2, 2025-2035",true
47-2132.00,"Insulation Workers, Mechanical",47-2132,47,9,47-2132,26.7,28.1,1.8,0.30154147982062784,soc_diversity_20pct,soc_diversity_20pct,exact_soc7_line_item,31.0,https://www.onetcenter.org/database.html,"BLS Employment Projections Occupation.xlsx Table 1.2, 2025-2035",true
47-2141.00,"Painters, Construction and Maintenance",47-2141,47,17,47-2141,326.9,336.7,24.9,0.8156109865470853,employment_openings_70pct,employment_openings_70pct,exact_soc7_line_item,31.0,https://www.onetcenter.org/database.html,"BLS Employment Projections Occupation.xlsx Table 1.2, 2025-2035",true
47-2142.00,Paperhangers,47-2142,47,19,47-2142,2.3,2.4,0.2,0.024551569506726458,strategic_coverage_10pct,strategic_coverage_10pct,exact_soc7_line_item,31.0,https://www.onetcenter.org/database.html,"BLS Employment Projections Occupation.xlsx Table 1.2, 2025-2035",true
47-2151.00,Pipelayers,47-2151,47,14,47-2151,33.2,32.2,2.1,0.3419843049327354,soc_diversity_20pct,soc_diversity_20pct,exact_soc7_line_item,31.0,https://www.onetcenter.org/database.html,"BLS Employment Projections Occupation.xlsx Table 1.2, 2025-2035",true
47-2152.00,"Plumbers, Pipefitters, and Steamfitters",47-2152,47,30,47-2152,510.6,545.2,42,0.8892376681614349,employment_openings_70pct,employment_openings_70pct,exact_soc7_line_item,31.0,https://www.onetcenter.org/database.html,"BLS Employment Projections Occupation.xlsx Table 1.2, 2025-2035",true
47-2152.04,Solar Thermal Installers and Technicians,47-2152,47,21,47-2152,510.6,545.2,42,0.8892376681614349,employment_openings_70pct,employment_openings_70pct,exact_soc7_line_item,31.0,https://www.onetcenter.org/database.html,"BLS Employment Projections Occupation.xlsx Table 1.2, 2025-2035",true
47-2181.00,Roofers,47-2181,47,25,47-2181,166.9,175.6,12,0.6994674887892378,employment_openings_70pct,employment_openings_70pct,exact_soc7_line_item,31.0,https://www.onetcenter.org/database.html,"BLS Employment Projections Occupation.xlsx Table 1.2, 2025-2035",true
47-2211.00,Sheet Metal Workers,47-2211,47,19,47-2211,131.1,134.4,9.8,0.6420123318385651,employment_openings_70pct,employment_openings_70pct,exact_soc7_line_item,31.0,https://www.onetcenter.org/database.html,"BLS Employment Projections Occupation.xlsx Table 1.2, 2025-2035",true
47-2221.00,Structural Iron and Steel Workers,47-2221,47,20,47-2221,68.3,70.4,5.9,0.5206838565022421,employment_openings_70pct,employment_openings_70pct,exact_soc7_line_item,31.0,https://www.onetcenter.org/database.html,"BLS Employment Projections Occupation.xlsx Table 1.2, 2025-2035",true
47-2231.00,Solar Photovoltaic Installers,47-2231,47,26,47-2231,31.1,42.4,4.2,0.3949551569506727,soc_diversity_20pct,soc_diversity_20pct,exact_soc7_line_item,31.0,https://www.onetcenter.org/database.html,"BLS Employment Projections Occupation.xlsx Table 1.2, 2025-2035",true
47-3012.00,Helpers--Carpenters,47-3012,47,19,47-3012,21.9,21.5,2,0.27488789237668165,soc_diversity_20pct,soc_diversity_20pct,exact_soc7_line_item,31.0,https://www.onetcenter.org/database.html,"BLS Employment Projections Occupation.xlsx Table 1.2, 2025-2035",true
47-3013.00,Helpers--Electricians,47-3013,47,25,47-3013,65,65.4,6.1,0.5179652466367712,employment_openings_70pct,employment_openings_70pct,exact_soc7_line_item,31.0,https://www.onetcenter.org/database.html,"BLS Employment Projections Occupation.xlsx Table 1.2, 2025-2035",true
47-3015.00,"Helpers--Pipelayers, Plumbers, Pipefitters, and Steamfitters",47-3015,47,15,47-3015,45.3,46.4,4.4,0.44756165919282515,employment_openings_70pct,employment_openings_70pct,exact_soc7_line_item,31.0,https://www.onetcenter.org/database.html,"BLS Employment Projections Occupation.xlsx Table 1.2, 2025-2035",true
47-3016.00,Helpers--Roofers,47-3016,47,18,47-3016,6.1,6.1,0.6,0.08878923766816144,strategic_coverage_10pct,strategic_coverage_10pct,exact_soc7_line_item,31.0,https://www.onetcenter.org/database.html,"BLS Employment Projections Occupation.xlsx Table 1.2, 2025-2035",true
47-4011.00,Construction and Building Inspectors,47-4011,47,19,47-4011,153.9,153.9,14.8,0.6969730941704037,employment_openings_70pct,employment_openings_70pct,exact_soc7_line_item,31.0,https://www.onetcenter.org/database.html,"BLS Employment Projections Occupation.xlsx Table 1.2, 2025-2035",true
47-4011.01,Energy Auditors,47-4011,47,21,47-4011,153.9,153.9,14.8,0.6969730941704037,employment_openings_70pct,employment_openings_70pct,exact_soc7_line_item,31.0,https://www.onetcenter.org/database.html,"BLS Employment Projections Occupation.xlsx Table 1.2, 2025-2035",true
47-4021.00,Elevator and Escalator Installers and Repairers,47-4021,47,20,47-4021,24.7,26.1,1.9,0.2915639013452915,soc_diversity_20pct,soc_diversity_20pct,exact_soc7_line_item,31.0,https://www.onetcenter.org/database.html,"BLS Employment Projections Occupation.xlsx Table 1.2, 2025-2035",true
47-4031.00,Fence Erectors,47-4031,47,20,47-4031,30.6,32.3,2.5,0.3454596412556054,soc_diversity_20pct,soc_diversity_20pct,exact_soc7_line_item,31.0,https://www.onetcenter.org/database.html,"BLS Employment Projections Occupation.xlsx Table 1.2, 2025-2035",true
47-4041.00,Hazardous Materials Removal Workers,47-4041,47,19,47-4041,52.7,53.5,4.3,0.46367713004484307,employment_openings_70pct,employment_openings_70pct,exact_soc7_line_item,31.0,https://www.onetcenter.org/database.html,"BLS Employment Projections Occupation.xlsx Table 1.2, 2025-2035",true
47-4051.00,Highway Maintenance Workers,47-4051,47,19,47-4051,161.8,167.3,11.8,0.6841928251121077,employment_openings_70pct,employment_openings_70pct,exact_soc7_line_item,31.0,https://www.onetcenter.org/database.html,"BLS Employment Projections Occupation.xlsx Table 1.2, 2025-2035",true
47-4061.00,Rail-Track Laying and Maintenance Equipment Operators,47-4061,47,26,47-4061,17.4,17.7,1.2,0.21956278026905832,strategic_coverage_10pct,strategic_coverage_10pct,exact_soc7_line_item,31.0,https://www.onetcenter.org/database.html,"BLS Employment Projections Occupation.xlsx Table 1.2, 2025-2035",true
47-4071.00,Septic Tank Servicers and Sewer Pipe Cleaners,47-4071,47,22,47-4071,31.9,34.4,2.8,0.3603419282511211,soc_diversity_20pct,soc_diversity_20pct,exact_soc7_line_item,31.0,https://www.onetcenter.org/database.html,"BLS Employment Projections Occupation.xlsx Table 1.2, 2025-2035",true
47-4099.03,Weatherization Installers and Technicians,47-4099,47,20,,,,,0.0,strategic_coverage_10pct,strategic_coverage_10pct,exact_soc7_line_item,31.0,https://www.onetcenter.org/database.html,"BLS Employment Projections Occupation.xlsx Table 1.2, 2025-2035",true
47-5012.00,"Rotary Drill Operators, Oil and Gas",47-5012,47,21,47-5012,12.7,12.9,1.1,0.17065582959641254,strategic_coverage_10pct,strategic_coverage_10pct,exact_soc7_line_item,31.0,https://www.onetcenter.org/database.html,"BLS Employment Projections Occupation.xlsx Table 1.2, 2025-2035",true
47-5013.00,"Service Unit Operators, Oil and Gas",47-5013,47,19,47-5013,43.8,44.3,3.8,0.42732623318385654,employment_openings_70pct,employment_openings_70pct,exact_soc7_line_item,31.0,https://www.onetcenter.org/database.html,"BLS Employment Projections Occupation.xlsx Table 1.2, 2025-2035",true
47-5022.00,"Excavating and Loading Machine and Dragline Operators, Surface Mining",47-5022,47,16,47-5022,34.7,35,2.4,0.3625,soc_diversity_20pct,soc_diversity_20pct,exact_soc7_line_item,31.0,https://www.onetcenter.org/database.html,"BLS Employment Projections Occupation.xlsx Table 1.2, 2025-2035",true
47-5023.00,"Earth Drillers, Except Oil and Gas",47-5023,47,29,47-5023,19.5,20.2,1.4,0.24072309417040358,strategic_coverage_10pct,strategic_coverage_10pct,exact_soc7_line_item,31.0,https://www.onetcenter.org/database.html,"BLS Employment Projections Occupation.xlsx Table 1.2, 2025-2035",true
47-5032.00,"Explosives Workers, Ordnance Handling Experts, and Blasters",47-5032,47,27,47-5032,5.2,5.2,0.4,0.0695908071748879,strategic_coverage_10pct,strategic_coverage_10pct,exact_soc7_line_item,31.0,https://www.onetcenter.org/database.html,"BLS Employment Projections Occupation.xlsx Table 1.2, 2025-2035",true
47-5044.00,"Loading and Moving Machine Operators, Underground Mining",47-5044,47,25,47-5044,5.9,5,0.4,0.07306614349775785,strategic_coverage_10pct,strategic_coverage_10pct,exact_soc7_line_item,31.0,https://www.onetcenter.org/database.html,"BLS Employment Projections Occupation.xlsx Table 1.2, 2025-2035",true
47-5071.00,"Roustabouts, Oil and Gas",47-5071,47,13,47-5071,45.5,47.1,4.1,0.44232062780269055,employment_openings_70pct,employment_openings_70pct,exact_soc7_line_item,31.0,https://www.onetcenter.org/database.html,"BLS Employment Projections Occupation.xlsx Table 1.2, 2025-2035",true
49-1011.00,"First-Line Supervisors of Mechanics, Installers, and Repairers",49-1011,49,22,49-1011,629,654.5,48.9,0.9033352017937221,employment_openings_70pct,employment_openings_70pct,exact_soc7_line_item,31.0,https://www.onetcenter.org/database.html,"BLS Employment Projections Occupation.xlsx Table 1.2, 2025-2035",true
49-2011.00,"Computer, Automated Teller, and Office Machine Repairers",49-2011,49,25,49-2011,72.1,69.9,6.1,0.5300728699551569,employment_openings_70pct,employment_openings_70pct,exact_soc7_line_item,31.0,https://www.onetcenter.org/database.html,"BLS Employment Projections Occupation.xlsx Table 1.2, 2025-2035",true
49-2021.00,"Radio, Cellular, and Tower Equipment Installers and Repairers",49-2021,49,30,49-2021,11.3,11.4,1,0.15400784753363228,strategic_coverage_10pct,strategic_coverage_10pct,exact_soc7_line_item,31.0,https://www.onetcenter.org/database.html,"BLS Employment Projections Occupation.xlsx Table 1.2, 2025-2035",true
49-2022.00,"Telecommunications Equipment Installers and Repairers, Except Line Installers",49-2022,49,40,49-2022,143.1,138.4,11.3,0.6628643497757847,employment_openings_70pct,employment_openings_70pct,exact_soc7_line_item,31.0,https://www.onetcenter.org/database.html,"BLS Employment Projections Occupation.xlsx Table 1.2, 2025-2035",true
49-2091.00,Avionics Technicians,49-2091,49,13,49-2091,19.8,21.6,1.7,0.2586042600896861,soc_diversity_20pct,soc_diversity_20pct,exact_soc7_line_item,31.0,https://www.onetcenter.org/database.html,"BLS Employment Projections Occupation.xlsx Table 1.2, 2025-2035",true
49-2092.00,"Electric Motor, Power Tool, and Related Repairers",49-2092,49,31,49-2092,16.1,16.8,1.4,0.21922645739910315,strategic_coverage_10pct,strategic_coverage_10pct,exact_soc7_line_item,31.0,https://www.onetcenter.org/database.html,"BLS Employment Projections Occupation.xlsx Table 1.2, 2025-2035",true
49-2094.00,"Electrical and Electronics Repairers, Commercial and Industrial Equipment",49-2094,49,20,49-2094,65.5,65.7,4.7,0.5002522421524663,employment_openings_70pct,employment_openings_70pct,exact_soc7_line_item,31.0,https://www.onetcenter.org/database.html,"BLS Employment Projections Occupation.xlsx Table 1.2, 2025-2035",true
49-2095.00,"Electrical and Electronics Repairers, Powerhouse, Substation, and Relay",49-2095,49,15,49-2095,20.9,22.9,1.8,0.26799327354260094,soc_diversity_20pct,soc_diversity_20pct,exact_soc7_line_item,31.0,https://www.onetcenter.org/database.html,"BLS Employment Projections Occupation.xlsx Table 1.2, 2025-2035",true
49-2097.00,Audiovisual Equipment Installers and Repairers,49-2097,49,11,49-2097,22.4,23.4,2.2,0.2883127802690583,soc_diversity_20pct,soc_diversity_20pct,exact_soc7_line_item,31.0,https://www.onetcenter.org/database.html,"BLS Employment Projections Occupation.xlsx Table 1.2, 2025-2035",true
49-2098.00,Security and Fire Alarm Systems Installers,49-2098,49,16,49-2098,86.3,92.1,8.5,0.5750560538116593,employment_openings_70pct,employment_openings_70pct,exact_soc7_line_item,31.0,https://www.onetcenter.org/database.html,"BLS Employment Projections Occupation.xlsx Table 1.2, 2025-2035",true
49-3011.00,Aircraft Mechanics and Service Technicians,49-3011,49,38,49-3011,140,147.6,11.4,0.6632567264573992,employment_openings_70pct,employment_openings_70pct,exact_soc7_line_item,31.0,https://www.onetcenter.org/database.html,"BLS Employment Projections Occupation.xlsx Table 1.2, 2025-2035",true
49-3021.00,Automotive Body and Related Repairers,49-3021,49,25,49-3021,163.2,169.3,12.6,0.6948150224215246,employment_openings_70pct,employment_openings_70pct,exact_soc7_line_item,31.0,https://www.onetcenter.org/database.html,"BLS Employment Projections Occupation.xlsx Table 1.2, 2025-2035",true
49-3022.00,Automotive Glass Installers and Repairers,49-3022,49,18,49-3022,22.6,23.9,1.3,0.2543441704035875,soc_diversity_20pct,soc_diversity_20pct,exact_soc7_line_item,31.0,https://www.onetcenter.org/database.html,"BLS Employment Projections Occupation.xlsx Table 1.2, 2025-2035",true
49-3023.00,Automotive Service Technicians and Mechanics,49-3023,49,30,49-3023,825.8,866.7,66.2,0.923262331838565,employment_openings_70pct,employment_openings_70pct,exact_soc7_line_item,31.0,https://www.onetcenter.org/database.html,"BLS Employment Projections Occupation.xlsx Table 1.2, 2025-2035",true
49-3031.00,Bus and Truck Mechanics and Diesel Engine Specialists,49-3031,49,26,49-3031,316,327.4,24.4,0.8103139013452915,employment_openings_70pct,employment_openings_70pct,exact_soc7_line_item,31.0,https://www.onetcenter.org/database.html,"BLS Employment Projections Occupation.xlsx Table 1.2, 2025-2035",true
49-3041.00,Farm Equipment Mechanics and Service Technicians,49-3041,49,14,49-3041,41.9,46.4,3.7,0.4203195067264574,employment_openings_70pct,employment_openings_70pct,exact_soc7_line_item,31.0,https://www.onetcenter.org/database.html,"BLS Employment Projections Occupation.xlsx Table 1.2, 2025-2035",true
49-3042.00,"Mobile Heavy Equipment Mechanics, Except Engines",49-3042,49,20,49-3042,180.3,192.5,15,0.7262612107623319,employment_openings_70pct,employment_openings_70pct,exact_soc7_line_item,31.0,https://www.onetcenter.org/database.html,"BLS Employment Projections Occupation.xlsx Table 1.2, 2025-2035",true
49-3043.00,Rail Car Repairers,49-3043,49,20,49-3043,20.1,20.6,1.6,0.25521300448430495,soc_diversity_20pct,soc_diversity_20pct,exact_soc7_line_item,31.0,https://www.onetcenter.org/database.html,"BLS Employment Projections Occupation.xlsx Table 1.2, 2025-2035",true
49-3051.00,Motorboat Mechanics and Service Technicians,49-3051,49,13,49-3051,25,26.2,2.6,0.3174047085201794,soc_diversity_20pct,soc_diversity_20pct,exact_soc7_line_item,31.0,https://www.onetcenter.org/database.html,"BLS Employment Projections Occupation.xlsx Table 1.2, 2025-2035",true
49-3053.00,Outdoor Power Equipment and Other Small Engine Mechanics,49-3053,49,14,49-3053,38.3,39.2,3.8,0.4063060538116592,employment_openings_70pct,employment_openings_70pct,exact_soc7_line_item,31.0,https://www.onetcenter.org/database.html,"BLS Employment Projections Occupation.xlsx Table 1.2, 2025-2035",true
49-3091.00,Bicycle Repairers,49-3091,49,18,49-3091,12.2,11.5,1.2,0.17079596412556053,strategic_coverage_10pct,strategic_coverage_10pct,exact_soc7_line_item,31.0,https://www.onetcenter.org/database.html,"BLS Employment Projections Occupation.xlsx Table 1.2, 2025-2035",true
49-3092.00,Recreational Vehicle Service Technicians,49-3092,49,17,49-3092,17.5,19.2,2.2,0.26275224215246634,soc_diversity_20pct,soc_diversity_20pct,exact_soc7_line_item,31.0,https://www.onetcenter.org/database.html,"BLS Employment Projections Occupation.xlsx Table 1.2, 2025-2035",true
49-3093.00,Tire Repairers and Changers,49-3093,49,25,49-3093,112.2,116,12.9,0.6462443946188341,employment_openings_70pct,employment_openings_70pct,exact_soc7_line_item,31.0,https://www.onetcenter.org/database.html,"BLS Employment Projections Occupation.xlsx Table 1.2, 2025-2035",true
49-9011.00,Mechanical Door Repairers,49-9011,49,25,49-9011,28.4,30.3,2.1,0.32034753363228696,soc_diversity_20pct,soc_diversity_20pct,exact_soc7_line_item,31.0,https://www.onetcenter.org/database.html,"BLS Employment Projections Occupation.xlsx Table 1.2, 2025-2035",true
49-9012.00,"Control and Valve Installers and Repairers, Except Mechanical Door",49-9012,49,32,49-9012,50.4,52.6,3.6,0.4387892376681614,employment_openings_70pct,employment_openings_70pct,exact_soc7_line_item,31.0,https://www.onetcenter.org/database.html,"BLS Employment Projections Occupation.xlsx Table 1.2, 2025-2035",true
49-9021.00,"Heating, Air Conditioning, and Refrigeration Mechanics and Installers",49-9021,49,30,49-9021,440.9,489.1,40.6,0.8726457399103139,employment_openings_70pct,employment_openings_70pct,exact_soc7_line_item,31.0,https://www.onetcenter.org/database.html,"BLS Employment Projections Occupation.xlsx Table 1.2, 2025-2035",true
49-9031.00,Home Appliance Repairers,49-9031,49,29,49-9031,40.5,41.3,2.8,0.3907791479820628,employment_openings_70pct,employment_openings_70pct,exact_soc7_line_item,31.0,https://www.onetcenter.org/database.html,"BLS Employment Projections Occupation.xlsx Table 1.2, 2025-2035",true
49-9041.00,Industrial Machinery Mechanics,49-9041,49,16,49-9041,446.9,526.6,44.4,0.8802690582959641,employment_openings_70pct,employment_openings_70pct,exact_soc7_line_item,31.0,https://www.onetcenter.org/database.html,"BLS Employment Projections Occupation.xlsx Table 1.2, 2025-2035",true
49-9043.00,"Maintenance Workers, Machinery",49-9043,49,18,49-9043,59.7,58.6,4.4,0.47940022421524664,employment_openings_70pct,employment_openings_70pct,exact_soc7_line_item,31.0,https://www.onetcenter.org/database.html,"BLS Employment Projections Occupation.xlsx Table 1.2, 2025-2035",true
49-9044.00,Millwrights,49-9044,49,23,49-9044,40.7,41,3.2,0.4011491031390135,employment_openings_70pct,employment_openings_70pct,exact_soc7_line_item,31.0,https://www.onetcenter.org/database.html,"BLS Employment Projections Occupation.xlsx Table 1.2, 2025-2035",true
49-9051.00,Electrical Power-Line Installers and Repairers,49-9051,49,23,49-9051,131.9,145.5,10.9,0.6535313901345291,employment_openings_70pct,employment_openings_70pct,exact_soc7_line_item,31.0,https://www.onetcenter.org/database.html,"BLS Employment Projections Occupation.xlsx Table 1.2, 2025-2035",true
49-9052.00,Telecommunications Line Installers and Repairers,49-9052,49,20,49-9052,103.4,99.9,8,0.5958520179372198,employment_openings_70pct,employment_openings_70pct,exact_soc7_line_item,31.0,https://www.onetcenter.org/database.html,"BLS Employment Projections Occupation.xlsx Table 1.2, 2025-2035",true
49-9062.00,Medical Equipment Repairers,49-9062,49,20,49-9062,71.8,80.9,8.2,0.5565863228699552,employment_openings_70pct,employment_openings_70pct,exact_soc7_line_item,31.0,https://www.onetcenter.org/database.html,"BLS Employment Projections Occupation.xlsx Table 1.2, 2025-2035",true
49-9063.00,Musical Instrument Repairers and Tuners,49-9063,49,24,49-9063,6,6.1,0.6,0.08803251121076233,strategic_coverage_10pct,strategic_coverage_10pct,exact_soc7_line_item,31.0,https://www.onetcenter.org/database.html,"BLS Employment Projections Occupation.xlsx Table 1.2, 2025-2035",true
49-9071.00,"Maintenance and Repair Workers, General",49-9071,49,27,49-9071,1621.8,1690.5,148.7,0.9748318385650224,employment_openings_70pct,employment_openings_70pct,exact_soc7_line_item,31.0,https://www.onetcenter.org/database.html,"BLS Employment Projections Occupation.xlsx Table 1.2, 2025-2035",true
49-9091.00,"Coin, Vending, and Amusement Machine Servicers and Repairers",49-9091,49,18,49-9091,34.7,33.5,3.8,0.39248878923766817,employment_openings_70pct,employment_openings_70pct,exact_soc7_line_item,31.0,https://www.onetcenter.org/database.html,"BLS Employment Projections Occupation.xlsx Table 1.2, 2025-2035",true
49-9092.00,Commercial Divers,49-9092,49,24,49-9092,4,4.2,0.4,0.05504484304932735,strategic_coverage_10pct,strategic_coverage_10pct,exact_soc7_line_item,31.0,https://www.onetcenter.org/database.html,"BLS Employment Projections Occupation.xlsx Table 1.2, 2025-2035",true
49-9094.00,Locksmiths and Safe Repairers,49-9094,49,14,49-9094,18.7,16.5,1.2,0.22371076233183856,soc_diversity_20pct,soc_diversity_20pct,exact_soc7_line_item,31.0,https://www.onetcenter.org/database.html,"BLS Employment Projections Occupation.xlsx Table 1.2, 2025-2035",true
49-9096.00,Riggers,49-9096,49,14,49-9096,22.5,23.4,1.7,0.27155269058295967,soc_diversity_20pct,soc_diversity_20pct,exact_soc7_line_item,31.0,https://www.onetcenter.org/database.html,"BLS Employment Projections Occupation.xlsx Table 1.2, 2025-2035",true
49-9098.00,"Helpers--Installation, Maintenance, and Repair Workers",49-9098,49,16,49-9098,97.1,102.2,13.6,0.6322309417040358,employment_openings_70pct,employment_openings_70pct,exact_soc7_line_item,31.0,https://www.onetcenter.org/database.html,"BLS Employment Projections Occupation.xlsx Table 1.2, 2025-2035",true
49-9099.01,Geothermal Technicians,49-9099,49,24,49-9099,205.2,210.6,18.3,0.75695067264574,employment_openings_70pct,employment_openings_70pct,exact_soc7_line_item,31.0,https://www.onetcenter.org/database.html,"BLS Employment Projections Occupation.xlsx Table 1.2, 2025-2035",true
51-1011.00,First-Line Supervisors of Production and Operating Workers,51-1011,51,20,51-1011,679.9,692.3,61,0.9113789237668162,employment_openings_70pct,employment_openings_70pct,exact_soc7_line_item,31.0,https://www.onetcenter.org/database.html,"BLS Employment Projections Occupation.xlsx Table 1.2, 2025-2035",true
51-2011.00,"Aircraft Structure, Surfaces, Rigging, and Systems Assemblers",51-2011,51,26,51-2011,34.4,32.5,3.1,0.3734865470852018,strategic_coverage_10pct,strategic_coverage_10pct,exact_soc7_line_item,31.0,https://www.onetcenter.org/database.html,"BLS Employment Projections Occupation.xlsx Table 1.2, 2025-2035",true
51-2041.00,Structural Metal Fabricators and Fitters,51-2041,51,23,51-2041,52.3,49,4.8,0.46664798206278024,soc_diversity_20pct,soc_diversity_20pct,exact_soc7_line_item,31.0,https://www.onetcenter.org/database.html,"BLS Employment Projections Occupation.xlsx Table 1.2, 2025-2035",true
51-3011.00,Bakers,51-3011,51,18,51-3011,262.4,276.9,36.5,0.8135089686098654,employment_openings_70pct,employment_openings_70pct,exact_soc7_line_item,31.0,https://www.onetcenter.org/database.html,"BLS Employment Projections Occupation.xlsx Table 1.2, 2025-2035",true
51-3021.00,Butchers and Meat Cutters,51-3021,51,11,51-3021,138.4,141.7,15.1,0.682006726457399,employment_openings_70pct,employment_openings_70pct,exact_soc7_line_item,31.0,https://www.onetcenter.org/database.html,"BLS Employment Projections Occupation.xlsx Table 1.2, 2025-2035",true
51-3022.00,"Meat, Poultry, and Fish Cutters and Trimmers",51-3022,51,12,51-3022,149.8,158.3,17,0.7031670403587444,employment_openings_70pct,employment_openings_70pct,exact_soc7_line_item,31.0,https://www.onetcenter.org/database.html,"BLS Employment Projections Occupation.xlsx Table 1.2, 2025-2035",true
51-3023.00,Slaughterers and Meat Packers,51-3023,51,14,51-3023,71.2,72.6,7.7,0.5446188340807175,employment_openings_70pct,employment_openings_70pct,exact_soc7_line_item,31.0,https://www.onetcenter.org/database.html,"BLS Employment Projections Occupation.xlsx Table 1.2, 2025-2035",true
51-3091.00,"Food and Tobacco Roasting, Baking, and Drying Machine Operators and Tenders",51-3091,51,19,51-3091,21.6,21.7,2.5,0.2929372197309417,strategic_coverage_10pct,strategic_coverage_10pct,exact_soc7_line_item,31.0,https://www.onetcenter.org/database.html,"BLS Employment Projections Occupation.xlsx Table 1.2, 2025-2035",true
51-3092.00,Food Batchmakers,51-3092,51,25,51-3092,176.8,188.2,23.1,0.7484585201793721,employment_openings_70pct,employment_openings_70pct,exact_soc7_line_item,31.0,https://www.onetcenter.org/database.html,"BLS Employment Projections Occupation.xlsx Table 1.2, 2025-2035",true
51-3093.00,Food Cooking Machine Operators and Tenders,51-3093,51,17,51-3093,31.2,31.2,3.7,0.37048766816143497,strategic_coverage_10pct,strategic_coverage_10pct,exact_soc7_line_item,31.0,https://www.onetcenter.org/database.html,"BLS Employment Projections Occupation.xlsx Table 1.2, 2025-2035",true
51-4021.00,"Extruding and Drawing Machine Setters, Operators, and Tenders, Metal and Plastic",51-4021,51,16,51-4021,60.9,61.4,5.4,0.5006726457399103,employment_openings_70pct,employment_openings_70pct,exact_soc7_line_item,31.0,https://www.onetcenter.org/database.html,"BLS Employment Projections Occupation.xlsx Table 1.2, 2025-2035",true
51-4023.00,"Rolling Machine Setters, Operators, and Tenders, Metal and Plastic",51-4023,51,19,51-4023,25.3,23.2,1.9,0.28960201793721974,strategic_coverage_10pct,strategic_coverage_10pct,exact_soc7_line_item,31.0,https://www.onetcenter.org/database.html,"BLS Employment Projections Occupation.xlsx Table 1.2, 2025-2035",true
51-4031.00,"Cutting, Punching, and Press Machine Setters, Operators, and Tenders, Metal and Plastic",51-4031,51,31,51-4031,171,153.1,13.2,0.7056334080717489,employment_openings_70pct,employment_openings_70pct,exact_soc7_line_item,31.0,https://www.onetcenter.org/database.html,"BLS Employment Projections Occupation.xlsx Table 1.2, 2025-2035",true
51-4033.00,"Grinding, Lapping, Polishing, and Buffing Machine Tool Setters, Operators, and Tenders, Metal and Plastic",51-4033,51,18,51-4033,68.5,61.1,4.5,0.49646860986547087,soc_diversity_20pct,soc_diversity_20pct,exact_soc7_line_item,31.0,https://www.onetcenter.org/database.html,"BLS Employment Projections Occupation.xlsx Table 1.2, 2025-2035",true
51-4034.00,"Lathe and Turning Machine Tool Setters, Operators, and Tenders, Metal and Plastic",51-4034,51,18,51-4034,16.7,14.8,1.4,0.21628363228699554,strategic_coverage_10pct,strategic_coverage_10pct,exact_soc7_line_item,31.0,https://www.onetcenter.org/database.html,"BLS Employment Projections Occupation.xlsx Table 1.2, 2025-2035",true
51-4041.00,Machinists,51-4041,51,29,51-4041,288.3,291.2,26.1,0.8032511210762331,employment_openings_70pct,employment_openings_70pct,exact_soc7_line_item,31.0,https://www.onetcenter.org/database.html,"BLS Employment Projections Occupation.xlsx Table 1.2, 2025-2035",true
51-4072.00,"Molding, Coremaking, and Casting Machine Setters, Operators, and Tenders, Metal and Plastic",51-4072,51,29,51-4072,150,144.9,13.8,0.6874159192825111,employment_openings_70pct,employment_openings_70pct,exact_soc7_line_item,31.0,https://www.onetcenter.org/database.html,"BLS Employment Projections Occupation.xlsx Table 1.2, 2025-2035",true
51-4081.00,"Multiple Machine Tool Setters, Operators, and Tenders, Metal and Plastic",51-4081,51,21,51-4081,127.1,127.9,11.6,0.6504484304932735,employment_openings_70pct,employment_openings_70pct,exact_soc7_line_item,31.0,https://www.onetcenter.org/database.html,"BLS Employment Projections Occupation.xlsx Table 1.2, 2025-2035",true
51-4111.00,Tool and Die Makers,51-4111,51,17,51-4111,56.7,51.5,4.3,0.4664237668161435,soc_diversity_20pct,soc_diversity_20pct,exact_soc7_line_item,31.0,https://www.onetcenter.org/database.html,"BLS Employment Projections Occupation.xlsx Table 1.2, 2025-2035",true
51-4121.00,"Welders, Cutters, Solderers, and Brazers",51-4121,51,30,51-4121,437.7,448.1,40.3,0.8683856502242153,employment_openings_70pct,employment_openings_70pct,exact_soc7_line_item,31.0,https://www.onetcenter.org/database.html,"BLS Employment Projections Occupation.xlsx Table 1.2, 2025-2035",true
51-4122.00,"Welding, Soldering, and Brazing Machine Setters, Operators, and Tenders",51-4122,51,29,51-4122,32.9,30,2.5,0.3523822869955157,strategic_coverage_10pct,strategic_coverage_10pct,exact_soc7_line_item,31.0,https://www.onetcenter.org/database.html,"BLS Employment Projections Occupation.xlsx Table 1.2, 2025-2035",true
51-4191.00,"Heat Treating Equipment Setters, Operators, and Tenders, Metal and Plastic",51-4191,51,23,51-4191,14.4,13,1.1,0.18318385650224217,strategic_coverage_10pct,strategic_coverage_10pct,exact_soc7_line_item,31.0,https://www.onetcenter.org/database.html,"BLS Employment Projections Occupation.xlsx Table 1.2, 2025-2035",true
51-4193.00,"Plating Machine Setters, Operators, and Tenders, Metal and Plastic",51-4193,51,33,51-4193,33.3,30.1,2.5,0.35538116591928254,strategic_coverage_10pct,strategic_coverage_10pct,exact_soc7_line_item,31.0,https://www.onetcenter.org/database.html,"BLS Employment Projections Occupation.xlsx Table 1.2, 2025-2035",true
51-4194.00,"Tool Grinders, Filers, and Sharpeners",51-4194,51,18,51-4194,5.8,5.4,0.5,0.07917600896860987,strategic_coverage_10pct,strategic_coverage_10pct,exact_soc7_line_item,31.0,https://www.onetcenter.org/database.html,"BLS Employment Projections Occupation.xlsx Table 1.2, 2025-2035",true
51-5112.00,Printing Press Operators,51-5112,51,23,51-5112,144,131.4,12.1,0.670067264573991,employment_openings_70pct,employment_openings_70pct,exact_soc7_line_item,31.0,https://www.onetcenter.org/database.html,"BLS Employment Projections Occupation.xlsx Table 1.2, 2025-2035",true
51-5113.00,Print Binding and Finishing Workers,51-5113,51,25,51-5113,32.3,26.6,2.3,0.33699551569506725,strategic_coverage_10pct,strategic_coverage_10pct,exact_soc7_line_item,31.0,https://www.onetcenter.org/database.html,"BLS Employment Projections Occupation.xlsx Table 1.2, 2025-2035",true
51-6011.00,Laundry and Dry-Cleaning Workers,51-6011,51,32,51-6011,204.9,213.7,28.2,0.7810538116591927,employment_openings_70pct,employment_openings_70pct,exact_soc7_line_item,31.0,https://www.onetcenter.org/database.html,"BLS Employment Projections Occupation.xlsx Table 1.2, 2025-2035",true
51-6021.00,"Pressers, Textile, Garment, and Related Materials",51-6021,51,28,51-6021,26.3,22.2,2.2,0.3029428251121077,strategic_coverage_10pct,strategic_coverage_10pct,exact_soc7_line_item,31.0,https://www.onetcenter.org/database.html,"BLS Employment Projections Occupation.xlsx Table 1.2, 2025-2035",true
51-6031.00,Sewing Machine Operators,51-6031,51,26,51-6031,117.2,99.5,9.8,0.6230661434977578,employment_openings_70pct,employment_openings_70pct,exact_soc7_line_item,31.0,https://www.onetcenter.org/database.html,"BLS Employment Projections Occupation.xlsx Table 1.2, 2025-2035",true
51-6041.00,Shoe and Leather Workers and Repairers,51-6041,51,26,51-6041,10.3,9.6,1,0.1443665919282511,strategic_coverage_10pct,strategic_coverage_10pct,exact_soc7_line_item,31.0,https://www.onetcenter.org/database.html,"BLS Employment Projections Occupation.xlsx Table 1.2, 2025-2035",true
51-6042.00,Shoe Machine Operators and Tenders,51-6042,51,19,51-6042,4.6,4.2,0.4,0.06109865470852018,strategic_coverage_10pct,strategic_coverage_10pct,exact_soc7_line_item,31.0,https://www.onetcenter.org/database.html,"BLS Employment Projections Occupation.xlsx Table 1.2, 2025-2035",true
51-6052.00,"Tailors, Dressmakers, and Custom Sewers",51-6052,51,22,51-6052,33.2,30.3,3.7,0.3801289237668161,strategic_coverage_10pct,strategic_coverage_10pct,exact_soc7_line_item,31.0,https://www.onetcenter.org/database.html,"BLS Employment Projections Occupation.xlsx Table 1.2, 2025-2035",true
51-6061.00,Textile Bleaching and Dyeing Machine Operators and Tenders,51-6061,51,23,51-6061,5.7,5,0.6,0.08377242152466367,strategic_coverage_10pct,strategic_coverage_10pct,exact_soc7_line_item,31.0,https://www.onetcenter.org/database.html,"BLS Employment Projections Occupation.xlsx Table 1.2, 2025-2035",true
51-6062.00,"Textile Cutting Machine Setters, Operators, and Tenders",51-6062,51,18,51-6062,9.4,8.2,0.9,0.12598094170403587,strategic_coverage_10pct,strategic_coverage_10pct,exact_soc7_line_item,31.0,https://www.onetcenter.org/database.html,"BLS Employment Projections Occupation.xlsx Table 1.2, 2025-2035",true
51-6063.00,"Textile Knitting and Weaving Machine Setters, Operators, and Tenders",51-6063,51,19,51-6063,13.9,12,1.3,0.18237107623318388,strategic_coverage_10pct,strategic_coverage_10pct,exact_soc7_line_item,31.0,https://www.onetcenter.org/database.html,"BLS Employment Projections Occupation.xlsx Table 1.2, 2025-2035",true
51-6064.00,"Textile Winding, Twisting, and Drawing Out Machine Setters, Operators, and Tenders",51-6064,51,23,51-6064,23.5,21,2.4,0.2973654708520179,strategic_coverage_10pct,strategic_coverage_10pct,exact_soc7_line_item,31.0,https://www.onetcenter.org/database.html,"BLS Employment Projections Occupation.xlsx Table 1.2, 2025-2035",true
51-6091.00,"Extruding and Forming Machine Setters, Operators, and Tenders, Synthetic and Glass Fibers",51-6091,51,17,51-6091,13.5,13,1.1,0.17485986547085203,strategic_coverage_10pct,strategic_coverage_10pct,exact_soc7_line_item,31.0,https://www.onetcenter.org/database.html,"BLS Employment Projections Occupation.xlsx Table 1.2, 2025-2035",true
51-6093.00,Upholsterers,51-6093,51,22,51-6093,22.7,22.2,1.7,0.2705437219730942,strategic_coverage_10pct,strategic_coverage_10pct,exact_soc7_line_item,31.0,https://www.onetcenter.org/database.html,"BLS Employment Projections Occupation.xlsx Table 1.2, 2025-2035",true
51-7011.00,Cabinetmakers and Bench Carpenters,51-7011,51,20,51-7011,81.8,79.4,6.9,0.553195067264574,employment_openings_70pct,employment_openings_70pct,exact_soc7_line_item,31.0,https://www.onetcenter.org/database.html,"BLS Employment Projections Occupation.xlsx Table 1.2, 2025-2035",true
51-7021.00,Furniture Finishers,51-7021,51,22,51-7021,15.9,15.3,1.5,0.2186659192825112,strategic_coverage_10pct,strategic_coverage_10pct,exact_soc7_line_item,31.0,https://www.onetcenter.org/database.html,"BLS Employment Projections Occupation.xlsx Table 1.2, 2025-2035",true
51-7032.00,"Patternmakers, Wood",51-7032,51,20,51-7032,0.6,0.6,0.1,0.0057735426008968605,strategic_coverage_10pct,strategic_coverage_10pct,exact_soc7_line_item,31.0,https://www.onetcenter.org/database.html,"BLS Employment Projections Occupation.xlsx Table 1.2, 2025-2035",true
51-7041.00,"Sawing Machine Setters, Operators, and Tenders, Wood",51-7041,51,22,51-7041,41.2,40.8,4.5,0.4309417040358744,strategic_coverage_10pct,strategic_coverage_10pct,exact_soc7_line_item,31.0,https://www.onetcenter.org/database.html,"BLS Employment Projections Occupation.xlsx Table 1.2, 2025-2035",true
51-7042.00,"Woodworking Machine Setters, Operators, and Tenders, Except Sawing",51-7042,51,25,51-7042,60.9,59.4,5.3,0.4967208520179372,employment_openings_70pct,employment_openings_70pct,exact_soc7_line_item,31.0,https://www.onetcenter.org/database.html,"BLS Employment Projections Occupation.xlsx Table 1.2, 2025-2035",true
51-8011.00,Nuclear Power Reactor Operators,51-8011,51,19,51-8011,5.2,4.9,0.4,0.06835762331838566,strategic_coverage_10pct,strategic_coverage_10pct,exact_soc7_line_item,31.0,https://www.onetcenter.org/database.html,"BLS Employment Projections Occupation.xlsx Table 1.2, 2025-2035",true
51-8013.00,Power Plant Operators,51-8013,51,30,51-8013,29.8,28.3,2.3,0.330969730941704,strategic_coverage_10pct,strategic_coverage_10pct,exact_soc7_line_item,31.0,https://www.onetcenter.org/database.html,"BLS Employment Projections Occupation.xlsx Table 1.2, 2025-2035",true
51-8013.03,Biomass Plant Technicians,51-8013,51,18,51-8013,29.8,28.3,2.3,0.330969730941704,strategic_coverage_10pct,strategic_coverage_10pct,exact_soc7_line_item,31.0,https://www.onetcenter.org/database.html,"BLS Employment Projections Occupation.xlsx Table 1.2, 2025-2035",true
51-8013.04,Hydroelectric Plant Technicians,51-8013,51,21,51-8013,29.8,28.3,2.3,0.330969730941704,strategic_coverage_10pct,strategic_coverage_10pct,exact_soc7_line_item,31.0,https://www.onetcenter.org/database.html,"BLS Employment Projections Occupation.xlsx Table 1.2, 2025-2035",true
51-8021.00,Stationary Engineers and Boiler Operators,51-8021,51,25,51-8021,31.2,32.2,3.2,0.36269618834080714,strategic_coverage_10pct,strategic_coverage_10pct,exact_soc7_line_item,31.0,https://www.onetcenter.org/database.html,"BLS Employment Projections Occupation.xlsx Table 1.2, 2025-2035",true
51-8031.00,Water and Wastewater Treatment Plant and System Operators,51-8031,51,8,51-8031,131,123.5,10,0.640218609865471,employment_openings_70pct,employment_openings_70pct,exact_soc7_line_item,31.0,https://www.onetcenter.org/database.html,"BLS Employment Projections Occupation.xlsx Table 1.2, 2025-2035",true
51-8091.00,Chemical Plant and System Operators,51-8091,51,19,51-8091,16.7,15.9,1.3,0.21446188340807176,strategic_coverage_10pct,strategic_coverage_10pct,exact_soc7_line_item,31.0,https://www.onetcenter.org/database.html,"BLS Employment Projections Occupation.xlsx Table 1.2, 2025-2035",true
51-8092.00,Gas Plant Operators,51-8092,51,19,51-8092,18.2,17.1,1.4,0.23035313901345292,strategic_coverage_10pct,strategic_coverage_10pct,exact_soc7_line_item,31.0,https://www.onetcenter.org/database.html,"BLS Employment Projections Occupation.xlsx Table 1.2, 2025-2035",true
51-8093.00,"Petroleum Pump System Operators, Refinery Operators, and Gaugers",51-8093,51,24,51-8093,32.9,32.3,2.7,0.3598374439461884,strategic_coverage_10pct,strategic_coverage_10pct,exact_soc7_line_item,31.0,https://www.onetcenter.org/database.html,"BLS Employment Projections Occupation.xlsx Table 1.2, 2025-2035",true
51-8099.01,Biofuels Processing Technicians,51-8099,51,19,51-8099,14.3,14.6,1.2,0.19108744394618837,strategic_coverage_10pct,strategic_coverage_10pct,exact_soc7_line_item,31.0,https://www.onetcenter.org/database.html,"BLS Employment Projections Occupation.xlsx Table 1.2, 2025-2035",true
51-9011.00,Chemical Equipment Operators and Tenders,51-9011,51,24,51-9011,140.8,145.8,13.9,0.6826233183856503,employment_openings_70pct,employment_openings_70pct,exact_soc7_line_item,31.0,https://www.onetcenter.org/database.html,"BLS Employment Projections Occupation.xlsx Table 1.2, 2025-2035",true
51-9012.00,"Separating, Filtering, Clarifying, Precipitating, and Still Machine Setters, Operators, and Tenders",51-9012,51,20,51-9012,61.4,57.9,5.2,0.4946748878923767,soc_diversity_20pct,soc_diversity_20pct,exact_soc7_line_item,31.0,https://www.onetcenter.org/database.html,"BLS Employment Projections Occupation.xlsx Table 1.2, 2025-2035",true
51-9021.00,"Crushing, Grinding, and Polishing Machine Setters, Operators, and Tenders",51-9021,51,21,51-9021,26.6,26.1,2.3,0.3153307174887892,strategic_coverage_10pct,strategic_coverage_10pct,exact_soc7_line_item,31.0,https://www.onetcenter.org/database.html,"BLS Employment Projections Occupation.xlsx Table 1.2, 2025-2035",true
51-9022.00,"Grinding and Polishing Workers, Hand",51-9022,51,17,51-9022,10.8,8.7,0.7,0.12598094170403587,strategic_coverage_10pct,strategic_coverage_10pct,exact_soc7_line_item,31.0,https://www.onetcenter.org/database.html,"BLS Employment Projections Occupation.xlsx Table 1.2, 2025-2035",true
51-9023.00,"Mixing and Blending Machine Setters, Operators, and Tenders",51-9023,51,20,51-9023,97.3,91.4,7.9,0.5833520179372198,employment_openings_70pct,employment_openings_70pct,exact_soc7_line_item,31.0,https://www.onetcenter.org/database.html,"BLS Employment Projections Occupation.xlsx Table 1.2, 2025-2035",true
51-9031.00,"Cutters and Trimmers, Hand",51-9031,51,18,51-9031,5.9,4.8,0.5,0.0781390134529148,strategic_coverage_10pct,strategic_coverage_10pct,exact_soc7_line_item,31.0,https://www.onetcenter.org/database.html,"BLS Employment Projections Occupation.xlsx Table 1.2, 2025-2035",true
51-9032.00,"Cutting and Slicing Machine Setters, Operators, and Tenders",51-9032,51,28,51-9032,45.9,45.5,5.4,0.4636210762331839,soc_diversity_20pct,soc_diversity_20pct,exact_soc7_line_item,31.0,https://www.onetcenter.org/database.html,"BLS Employment Projections Occupation.xlsx Table 1.2, 2025-2035",true
51-9041.00,"Extruding, Forming, Pressing, and Compacting Machine Setters, Operators, and Tenders",51-9041,51,26,51-9041,58.3,59.2,5.2,0.4872757847533632,soc_diversity_20pct,soc_diversity_20pct,exact_soc7_line_item,31.0,https://www.onetcenter.org/database.html,"BLS Employment Projections Occupation.xlsx Table 1.2, 2025-2035",true
51-9051.00,"Furnace, Kiln, Oven, Drier, and Kettle Operators and Tenders",51-9051,51,17,51-9051,14.5,14.9,1.8,0.21922645739910318,strategic_coverage_10pct,strategic_coverage_10pct,exact_soc7_line_item,31.0,https://www.onetcenter.org/database.html,"BLS Employment Projections Occupation.xlsx Table 1.2, 2025-2035",true
51-9061.00,"Inspectors, Testers, Sorters, Samplers, and Weighers",51-9061,51,31,51-9061,602,617.2,66.7,0.9112387892376682,employment_openings_70pct,employment_openings_70pct,exact_soc7_line_item,31.0,https://www.onetcenter.org/database.html,"BLS Employment Projections Occupation.xlsx Table 1.2, 2025-2035",true
51-9071.00,Jewelers and Precious Stone and Metal Workers,51-9071,51,30,51-9071,32.8,31.8,3.7,0.3781109865470852,strategic_coverage_10pct,strategic_coverage_10pct,exact_soc7_line_item,31.0,https://www.onetcenter.org/database.html,"BLS Employment Projections Occupation.xlsx Table 1.2, 2025-2035",true
51-9071.06,Gem and Diamond Workers,51-9071,51,22,51-9071,32.8,31.8,3.7,0.3781109865470852,strategic_coverage_10pct,strategic_coverage_10pct,exact_soc7_line_item,31.0,https://www.onetcenter.org/database.html,"BLS Employment Projections Occupation.xlsx Table 1.2, 2025-2035",true
51-9081.00,Dental Laboratory Technicians,51-9081,51,17,51-9081,34.4,32.3,3.6,0.382707399103139,strategic_coverage_10pct,strategic_coverage_10pct,exact_soc7_line_item,31.0,https://www.onetcenter.org/database.html,"BLS Employment Projections Occupation.xlsx Table 1.2, 2025-2035",true
51-9083.00,Ophthalmic Laboratory Technicians,51-9083,51,18,51-9083,18.6,19,2.2,0.2669562780269058,strategic_coverage_10pct,strategic_coverage_10pct,exact_soc7_line_item,31.0,https://www.onetcenter.org/database.html,"BLS Employment Projections Occupation.xlsx Table 1.2, 2025-2035",true
51-9111.00,Packaging and Filling Machine Operators and Tenders,51-9111,51,20,51-9111,377.7,393.3,41.4,0.8515134529147982,employment_openings_70pct,employment_openings_70pct,exact_soc7_line_item,31.0,https://www.onetcenter.org/database.html,"BLS Employment Projections Occupation.xlsx Table 1.2, 2025-2035",true
51-9124.00,"Coating, Painting, and Spraying Machine Setters, Operators, and Tenders",51-9124,51,29,51-9124,164.8,168.9,15.3,0.7089125560538116,employment_openings_70pct,employment_openings_70pct,exact_soc7_line_item,31.0,https://www.onetcenter.org/database.html,"BLS Employment Projections Occupation.xlsx Table 1.2, 2025-2035",true
51-9141.00,Semiconductor Processing Technicians,51-9141,51,17,51-9141,31.2,33.8,3.4,0.36933856502242146,strategic_coverage_10pct,strategic_coverage_10pct,exact_soc7_line_item,31.0,https://www.onetcenter.org/database.html,"BLS Employment Projections Occupation.xlsx Table 1.2, 2025-2035",true
51-9151.00,Photographic Process Workers and Processing Machine Operators,51-9151,51,27,51-9151,5.3,5,0.6,0.08200672645739909,strategic_coverage_10pct,strategic_coverage_10pct,exact_soc7_line_item,31.0,https://www.onetcenter.org/database.html,"BLS Employment Projections Occupation.xlsx Table 1.2, 2025-2035",true
51-9161.00,Computer Numerically Controlled Tool Operators,51-9161,51,27,51-9161,170,154.1,12.5,0.7020459641255605,employment_openings_70pct,employment_openings_70pct,exact_soc7_line_item,31.0,https://www.onetcenter.org/database.html,"BLS Employment Projections Occupation.xlsx Table 1.2, 2025-2035",true
51-9193.00,Cooling and Freezing Equipment Operators and Tenders,51-9193,51,18,51-9193,7.7,8.1,0.8,0.11165919282511211,strategic_coverage_10pct,strategic_coverage_10pct,exact_soc7_line_item,31.0,https://www.onetcenter.org/database.html,"BLS Employment Projections Occupation.xlsx Table 1.2, 2025-2035",true
51-9194.00,Etchers and Engravers,51-9194,51,26,51-9194,8.9,8.8,0.8,0.11987107623318385,strategic_coverage_10pct,strategic_coverage_10pct,exact_soc7_line_item,31.0,https://www.onetcenter.org/database.html,"BLS Employment Projections Occupation.xlsx Table 1.2, 2025-2035",true
51-9195.00,"Molders, Shapers, and Casters, Except Metal and Plastic",51-9195,51,24,51-9195,43,45.5,5.1,0.4498318385650224,soc_diversity_20pct,soc_diversity_20pct,exact_soc7_line_item,31.0,https://www.onetcenter.org/database.html,"BLS Employment Projections Occupation.xlsx Table 1.2, 2025-2035",true
51-9195.03,"Stone Cutters and Carvers, Manufacturing",51-9195,51,14,51-9195,43,45.5,5.1,0.4498318385650224,soc_diversity_20pct,soc_diversity_20pct,exact_soc7_line_item,31.0,https://www.onetcenter.org/database.html,"BLS Employment Projections Occupation.xlsx Table 1.2, 2025-2035",true
51-9195.04,"Glass Blowers, Molders, Benders, and Finishers",51-9195,51,19,51-9195,43,45.5,5.1,0.4498318385650224,soc_diversity_20pct,soc_diversity_20pct,exact_soc7_line_item,31.0,https://www.onetcenter.org/database.html,"BLS Employment Projections Occupation.xlsx Table 1.2, 2025-2035",true
51-9195.05,"Potters, Manufacturing",51-9195,51,23,51-9195,43,45.5,5.1,0.4498318385650224,soc_diversity_20pct,soc_diversity_20pct,exact_soc7_line_item,31.0,https://www.onetcenter.org/database.html,"BLS Employment Projections Occupation.xlsx Table 1.2, 2025-2035",true
51-9196.00,"Paper Goods Machine Setters, Operators, and Tenders",51-9196,51,14,51-9196,96.1,92.6,9,0.5911995515695068,employment_openings_70pct,employment_openings_70pct,exact_soc7_line_item,31.0,https://www.onetcenter.org/database.html,"BLS Employment Projections Occupation.xlsx Table 1.2, 2025-2035",true
51-9197.00,Tire Builders,51-9197,51,20,51-9197,20.3,20.5,1.9,0.26597533632286996,strategic_coverage_10pct,strategic_coverage_10pct,exact_soc7_line_item,31.0,https://www.onetcenter.org/database.html,"BLS Employment Projections Occupation.xlsx Table 1.2, 2025-2035",true
51-9198.00,Helpers--Production Workers,51-9198,51,34,51-9198,167.4,153.6,20.9,0.7306894618834081,employment_openings_70pct,employment_openings_70pct,exact_soc7_line_item,31.0,https://www.onetcenter.org/database.html,"BLS Employment Projections Occupation.xlsx Table 1.2, 2025-2035",true
53-1042.00,"First-Line Supervisors of Helpers, Laborers, and Material Movers, Hand",53-1042,53,24,,,,,0.0,strategic_coverage_10pct,strategic_coverage_10pct,exact_soc7_line_item,31.0,https://www.onetcenter.org/database.html,"BLS Employment Projections Occupation.xlsx Table 1.2, 2025-2035",true
53-1042.01,Recycling Coordinators,53-1042,53,23,,,,,0.0,strategic_coverage_10pct,strategic_coverage_10pct,exact_soc7_line_item,31.0,https://www.onetcenter.org/database.html,"BLS Employment Projections Occupation.xlsx Table 1.2, 2025-2035",true
53-1043.00,First-Line Supervisors of Material-Moving Machine and Vehicle Operators,53-1043,53,22,,,,,0.0,strategic_coverage_10pct,strategic_coverage_10pct,exact_soc7_line_item,31.0,https://www.onetcenter.org/database.html,"BLS Employment Projections Occupation.xlsx Table 1.2, 2025-2035",true
53-1044.00,First-Line Supervisors of Passenger Attendants,53-1044,53,19,,,,,0.0,strategic_coverage_10pct,strategic_coverage_10pct,exact_soc7_line_item,31.0,https://www.onetcenter.org/database.html,"BLS Employment Projections Occupation.xlsx Table 1.2, 2025-2035",true
53-2011.00,"Airline Pilots, Copilots, and Flight Engineers",53-2011,53,24,53-2011,104.6,113.3,11.2,0.6265414798206279,employment_openings_70pct,employment_openings_70pct,exact_soc7_line_item,31.0,https://www.onetcenter.org/database.html,"BLS Employment Projections Occupation.xlsx Table 1.2, 2025-2035",true
53-2012.00,Commercial Pilots,53-2012,53,24,53-2012,50.4,53,5.2,0.47090807174887894,employment_openings_70pct,employment_openings_70pct,exact_soc7_line_item,31.0,https://www.onetcenter.org/database.html,"BLS Employment Projections Occupation.xlsx Table 1.2, 2025-2035",true
53-2021.00,Air Traffic Controllers,53-2021,53,23,53-2021,24,24.4,2.1,0.29316143497757846,soc_diversity_20pct,soc_diversity_20pct,exact_soc7_line_item,31.0,https://www.onetcenter.org/database.html,"BLS Employment Projections Occupation.xlsx Table 1.2, 2025-2035",true
53-2022.00,Airfield Operations Specialists,53-2022,53,27,53-2022,15.3,16.5,1.5,0.2185538116591928,soc_diversity_20pct,soc_diversity_20pct,exact_soc7_line_item,31.0,https://www.onetcenter.org/database.html,"BLS Employment Projections Occupation.xlsx Table 1.2, 2025-2035",true
53-2031.00,Flight Attendants,53-2031,53,25,53-2031,133.7,145.5,18.5,0.6971412556053812,employment_openings_70pct,employment_openings_70pct,exact_soc7_line_item,31.0,https://www.onetcenter.org/database.html,"BLS Employment Projections Occupation.xlsx Table 1.2, 2025-2035",true
53-3011.00,"Ambulance Drivers and Attendants, Except Emergency Medical Technicians",53-3011,53,11,53-3011,14.3,14.1,1.4,0.19736547085201794,soc_diversity_20pct,soc_diversity_20pct,exact_soc7_line_item,31.0,https://www.onetcenter.org/database.html,"BLS Employment Projections Occupation.xlsx Table 1.2, 2025-2035",true
53-3031.00,Driver/Sales Workers,53-3031,53,11,53-3031,442.9,478.1,45.5,0.8768497757847533,employment_openings_70pct,employment_openings_70pct,exact_soc7_line_item,31.0,https://www.onetcenter.org/database.html,"BLS Employment Projections Occupation.xlsx Table 1.2, 2025-2035",true
53-3032.00,Heavy and Tractor-Trailer Truck Drivers,53-3032,53,29,53-3032,2221.2,2305,214.5,0.9825112107623319,employment_openings_70pct,employment_openings_70pct,exact_soc7_line_item,31.0,https://www.onetcenter.org/database.html,"BLS Employment Projections Occupation.xlsx Table 1.2, 2025-2035",true
53-3033.00,Light Truck Drivers,53-3033,53,13,53-3033,1068.5,1136.4,107.2,0.9507286995515695,employment_openings_70pct,employment_openings_70pct,exact_soc7_line_item,31.0,https://www.onetcenter.org/database.html,"BLS Employment Projections Occupation.xlsx Table 1.2, 2025-2035",true
53-3051.00,"Bus Drivers, School",53-3051,53,17,53-3051,396.8,399.7,56.5,0.8647982062780268,employment_openings_70pct,employment_openings_70pct,exact_soc7_line_item,31.0,https://www.onetcenter.org/database.html,"BLS Employment Projections Occupation.xlsx Table 1.2, 2025-2035",true
53-3052.00,"Bus Drivers, Transit and Intercity",53-3052,53,14,53-3052,166.4,173.3,21.1,0.7325112107623318,employment_openings_70pct,employment_openings_70pct,exact_soc7_line_item,31.0,https://www.onetcenter.org/database.html,"BLS Employment Projections Occupation.xlsx Table 1.2, 2025-2035",true
53-3053.00,Shuttle Drivers and Chauffeurs,53-3053,53,26,53-3053,251.5,269.4,35.5,0.8063060538116592,employment_openings_70pct,employment_openings_70pct,exact_soc7_line_item,31.0,https://www.onetcenter.org/database.html,"BLS Employment Projections Occupation.xlsx Table 1.2, 2025-2035",true
53-3054.00,Taxi Drivers,53-3054,53,16,53-3054,204.2,227.7,20.4,0.761182735426009,employment_openings_70pct,employment_openings_70pct,exact_soc7_line_item,31.0,https://www.onetcenter.org/database.html,"BLS Employment Projections Occupation.xlsx Table 1.2, 2025-2035",true
53-4011.00,Locomotive Engineers,53-4011,53,15,53-4011,27.4,27.6,2,0.31000560538116595,soc_diversity_20pct,soc_diversity_20pct,exact_soc7_line_item,31.0,https://www.onetcenter.org/database.html,"BLS Employment Projections Occupation.xlsx Table 1.2, 2025-2035",true
53-4013.00,"Rail Yard Engineers, Dinkey Operators, and Hostlers",53-4013,53,23,53-4013,3.5,3.6,0.3,0.04201233183856502,strategic_coverage_10pct,strategic_coverage_10pct,exact_soc7_line_item,31.0,https://www.onetcenter.org/database.html,"BLS Employment Projections Occupation.xlsx Table 1.2, 2025-2035",true
53-4022.00,"Railroad Brake, Signal, and Switch Operators and Locomotive Firers",53-4022,53,25,53-4022,10.7,10.8,0.9,0.14276905829596415,strategic_coverage_10pct,strategic_coverage_10pct,exact_soc7_line_item,31.0,https://www.onetcenter.org/database.html,"BLS Employment Projections Occupation.xlsx Table 1.2, 2025-2035",true
53-4031.00,Railroad Conductors and Yardmasters,53-4031,53,20,53-4031,38.9,39.2,3,0.38800448430493273,employment_openings_70pct,employment_openings_70pct,exact_soc7_line_item,31.0,https://www.onetcenter.org/database.html,"BLS Employment Projections Occupation.xlsx Table 1.2, 2025-2035",true
53-5011.00,Sailors and Marine Oilers,53-5011,53,24,53-5011,33,34.1,3.6,0.3820067264573991,employment_openings_70pct,employment_openings_70pct,exact_soc7_line_item,31.0,https://www.onetcenter.org/database.html,"BLS Employment Projections Occupation.xlsx Table 1.2, 2025-2035",true
53-5021.00,"Captains, Mates, and Pilots of Water Vessels",53-5021,53,30,53-5021,41.3,42.9,3.8,0.41886210762331844,employment_openings_70pct,employment_openings_70pct,exact_soc7_line_item,31.0,https://www.onetcenter.org/database.html,"BLS Employment Projections Occupation.xlsx Table 1.2, 2025-2035",true
53-5031.00,Ship Engineers,53-5031,53,17,53-5031,8.8,9,0.9,0.12617713004484304,strategic_coverage_10pct,strategic_coverage_10pct,exact_soc7_line_item,31.0,https://www.onetcenter.org/database.html,"BLS Employment Projections Occupation.xlsx Table 1.2, 2025-2035",true
53-6011.00,Bridge and Lock Tenders,53-6011,53,18,53-6011,3.1,3.1,0.3,0.0375,strategic_coverage_10pct,strategic_coverage_10pct,exact_soc7_line_item,31.0,https://www.onetcenter.org/database.html,"BLS Employment Projections Occupation.xlsx Table 1.2, 2025-2035",true
53-6021.00,Parking Attendants,53-6021,53,15,53-6021,139.2,142,16.4,0.6857062780269059,employment_openings_70pct,employment_openings_70pct,exact_soc7_line_item,31.0,https://www.onetcenter.org/database.html,"BLS Employment Projections Occupation.xlsx Table 1.2, 2025-2035",true
53-6031.00,Automotive and Watercraft Service Attendants,53-6031,53,14,53-6031,102.4,106.3,12.9,0.6352858744394618,employment_openings_70pct,employment_openings_70pct,exact_soc7_line_item,31.0,https://www.onetcenter.org/database.html,"BLS Employment Projections Occupation.xlsx Table 1.2, 2025-2035",true
53-6032.00,Aircraft Service Attendants,53-6032,53,11,53-6032,31.2,32.9,4,0.3834641255605381,employment_openings_70pct,employment_openings_70pct,exact_soc7_line_item,31.0,https://www.onetcenter.org/database.html,"BLS Employment Projections Occupation.xlsx Table 1.2, 2025-2035",true
53-6041.00,Traffic Technicians,53-6041,53,22,53-6041,8.1,8.4,0.9,0.11911434977578475,strategic_coverage_10pct,strategic_coverage_10pct,exact_soc7_line_item,31.0,https://www.onetcenter.org/database.html,"BLS Employment Projections Occupation.xlsx Table 1.2, 2025-2035",true
53-6051.00,Transportation Inspectors,53-6051,53,17,53-6051,25.1,25.6,2.3,0.3081838565022421,soc_diversity_20pct,soc_diversity_20pct,exact_soc7_line_item,31.0,https://www.onetcenter.org/database.html,"BLS Employment Projections Occupation.xlsx Table 1.2, 2025-2035",true
53-6051.01,Aviation Inspectors,53-6051,53,13,53-6051,25.1,25.6,2.3,0.3081838565022421,soc_diversity_20pct,soc_diversity_20pct,exact_soc7_line_item,31.0,https://www.onetcenter.org/database.html,"BLS Employment Projections Occupation.xlsx Table 1.2, 2025-2035",true
53-6051.07,"Transportation Vehicle, Equipment and Systems Inspectors, Except Aviation",53-6051,53,20,53-6051,25.1,25.6,2.3,0.3081838565022421,soc_diversity_20pct,soc_diversity_20pct,exact_soc7_line_item,31.0,https://www.onetcenter.org/database.html,"BLS Employment Projections Occupation.xlsx Table 1.2, 2025-2035",true
53-6061.00,Passenger Attendants,53-6061,53,12,53-6061,27.2,28.9,4.3,0.37076793721973095,employment_openings_70pct,employment_openings_70pct,exact_soc7_line_item,31.0,https://www.onetcenter.org/database.html,"BLS Employment Projections Occupation.xlsx Table 1.2, 2025-2035",true
53-7011.00,Conveyor Operators and Tenders,53-7011,53,23,53-7011,29,28.2,2.2,0.3232343049327354,soc_diversity_20pct,soc_diversity_20pct,exact_soc7_line_item,31.0,https://www.onetcenter.org/database.html,"BLS Employment Projections Occupation.xlsx Table 1.2, 2025-2035",true
53-7021.00,Crane and Tower Operators,53-7021,53,11,53-7021,42.9,44.5,3.5,0.41670403587443944,employment_openings_70pct,employment_openings_70pct,exact_soc7_line_item,31.0,https://www.onetcenter.org/database.html,"BLS Employment Projections Occupation.xlsx Table 1.2, 2025-2035",true
53-7051.00,Industrial Truck and Tractor Operators,53-7051,53,9,53-7051,765.2,776.3,64.7,0.918890134529148,employment_openings_70pct,employment_openings_70pct,exact_soc7_line_item,31.0,https://www.onetcenter.org/database.html,"BLS Employment Projections Occupation.xlsx Table 1.2, 2025-2035",true
53-7061.00,Cleaners of Vehicles and Equipment,53-7061,53,20,53-7061,419.5,435.8,51.5,0.8713565022421524,employment_openings_70pct,employment_openings_70pct,exact_soc7_line_item,31.0,https://www.onetcenter.org/database.html,"BLS Employment Projections Occupation.xlsx Table 1.2, 2025-2035",true
53-7062.00,"Laborers and Freight, Stock, and Material Movers, Hand",53-7062,53,13,53-7062,2940.3,2991.9,340.5,0.9897982062780268,employment_openings_70pct,employment_openings_70pct,exact_soc7_line_item,31.0,https://www.onetcenter.org/database.html,"BLS Employment Projections Occupation.xlsx Table 1.2, 2025-2035",true
53-7062.04,Recycling and Reclamation Workers,53-7062,53,14,53-7062,2940.3,2991.9,340.5,0.9897982062780268,employment_openings_70pct,employment_openings_70pct,exact_soc7_line_item,31.0,https://www.onetcenter.org/database.html,"BLS Employment Projections Occupation.xlsx Table 1.2, 2025-2035",true
53-7063.00,Machine Feeders and Offbearers,53-7063,53,13,53-7063,41.8,36.3,4,0.4185538116591928,employment_openings_70pct,employment_openings_70pct,exact_soc7_line_item,31.0,https://www.onetcenter.org/database.html,"BLS Employment Projections Occupation.xlsx Table 1.2, 2025-2035",true
53-7064.00,"Packers and Packagers, Hand",53-7064,53,12,53-7064,555.5,528,61.8,0.9013452914798206,employment_openings_70pct,employment_openings_70pct,exact_soc7_line_item,31.0,https://www.onetcenter.org/database.html,"BLS Employment Projections Occupation.xlsx Table 1.2, 2025-2035",true
53-7065.00,Stockers and Order Fillers,53-7065,53,30,53-7065,2804.3,3055,430.7,0.9903587443946189,employment_openings_70pct,employment_openings_70pct,exact_soc7_line_item,31.0,https://www.onetcenter.org/database.html,"BLS Employment Projections Occupation.xlsx Table 1.2, 2025-2035",true
53-7073.00,Wellhead Pumpers,53-7073,53,14,53-7073,18.4,18,1.7,0.24655269058295967,soc_diversity_20pct,soc_diversity_20pct,exact_soc7_line_item,31.0,https://www.onetcenter.org/database.html,"BLS Employment Projections Occupation.xlsx Table 1.2, 2025-2035",true
53-7081.00,Refuse and Recyclable Material Collectors,53-7081,53,14,53-7081,156.4,159.6,15.5,0.7024103139013452,employment_openings_70pct,employment_openings_70pct,exact_soc7_line_item,31.0,https://www.onetcenter.org/database.html,"BLS Employment Projections Occupation.xlsx Table 1.2, 2025-2035",true
53-7121.00,"Tank Car, Truck, and Ship Loaders",53-7121,53,19,53-7121,12.8,13.2,1.3,0.1813340807174888,soc_diversity_20pct,soc_diversity_20pct,exact_soc7_line_item,31.0,https://www.onetcenter.org/database.html,"BLS Employment Projections Occupation.xlsx Table 1.2, 2025-2035",true
