resume_id,domain,education,skills_and_achievements,experience,job_type,source_sheet,source_row_number,source_version,transformation_version,not_onet_task_label
74552449,Banking,"Master of Science in International Trade, Universidad Carlos III de Madrid, Spain (2014) — coursework in international trade policies and laws. Bachelor of Science in Business Administration and Direction, Universidad Pública de Navarra, Spain (2013)","Skilled in cash handling, loan operations, financial reporting, analysis, and risk identification. Proficient in MS Excel and MS Office; adept at business negotiation, communication, and team leadership. Multilingual (Spanish). Experienced with Salesforce, TapScan, Photoshop, Illustrator, HTML, and public relations tools such as Factiva and Bacon’s Mediasource. Recognized for client interfacing and developing marketing strategies to drive business growth","Professional (11/2016–Present)—opened and managed customer accounts (checking, savings, credit lines), balanced vault inventory with zero error rate, ensured regulatory compliance, and provided client issue resolution and service excellence. Banking Employee (05/2014–08/2015)—handled daily banking operations, account management, and customer support. Intern (06/2013–09/2013)—managed online systems and developed educational and financial documentation. Banking Intern (06/2012–09/2012)—supported account opening, cash processing, and compliance tracking",Entry-level,Sheet1,2,CareerCorpus-xlsx-raw,norm-v1.0-esco-careercorpus,true
79041971,Banking,"High School Diploma, Federal Way Senior High School, United States (2010","Strong leadership, team management, and client relations abilities. Skilled in supervision, staff training, multitasking, and decision-making under pressure. Proficient in recruiting, sales growth strategies, performance planning, and maintaining customer satisfaction. Recognized for improving sales performance (23% increase) and developing incentive programs that enhanced employee motivation and engagement.","Banking Professional (Aug 2013–Present)—oversees daily operations, client service, and staff performance within the banking domain. Store Manager (Aug 2012–Nov 2012)—managed team of 10; launched new store, trained staff, created incentive performance plans leading to a 23% sales increase, and surpassed quarterly revenue targets. Store Manager (Feb 2008–Jun 2012)—led team of 6; implemented standardized employee training, improved customer satisfaction by 12%, handled cash reconciliation, sales supervision, and issue resolution.",Mid-level,Sheet1,3,CareerCorpus-xlsx-raw,norm-v1.0-esco-careercorpus,true
77156708,Banking,"Master of Management, Business Management — Colorado State University (05/2017). Bachelor of Arts, Applied Economics — National University of Kaohsiung, Taiwan (05/2013).","NMLS #1796859; business development; project management; Confluence/Jira/Salesforce/SQL; financial analysis & statements; pricing strategy; budgeting; credit/underwriting; due diligence; documentation; marketing & PR; MS Office, G Suite, Keynote; bilingual Mandarin. Top 1 Mortgage Originator & Top 3 Loan Sales (North Denver); drove +200% membership growth; +10% reporting efficiency.","Banking Officer (10/2018–Current)—BSA/AML/OFAC compliance; credit analysis & underwriting; top producer; realtor & SMB relationships; supervised Asian Banking Center and community outreach. Director of Finance (05/2019–Current)—budgeting, financial strategy, statements, pricing leading to +200% membership. Marketing Specialist (08/2017–09/2018)—digital strategy, collateral, 10+ partnerships. Retail Store Manager (08/2014–07/2015)—ops, POS rollout, records.",Mid-level,Sheet1,4,CareerCorpus-xlsx-raw,norm-v1.0-esco-careercorpus,true
24580361,Banking,"B.S. in Operations Management, University of Delaware (2013); Minor in Economics; GPA 3.978/4.0. Awards: Distinguished Operations Management Junior, Alpha Lambda Delta, National Society of Collegiate Scholars, Dean’s List (all semesters).","Microsoft Office (Excel/PowerPoint/Word/Access), SAP, Minitab, Maple, Lingo, HTML; Six Sigma exposure; detail-oriented, analytical, troubleshooting/problem solving; strong communication, time management, organization, leadership.","Associate, Investment Banking Operations (07/2013–Present)—operations role (firm/city undisclosed). Intern, Syndicated Loan Operations (06/2012–12/2012)—maintained 150+ deals/1000+ loans; processed loan activity/cash flows; monitored past dues; partnered with agent banks; issued weekly status; led month-end controls. Intern, Derivatives Operations (12/2011–05/2012)—built client contact DB; produced exec scorecards; automated compliance reporting (equity/credit derivatives).",Senior-level,Sheet1,5,CareerCorpus-xlsx-raw,norm-v1.0-esco-careercorpus,true
34953092,Banking,"M.S. Computer Engineering, University of Missouri–Columbia (2016), GPA 3.46; Graduate Research Assistant. B.S. Finance & Banking, University of Missouri–Columbia (2013), Minor in Mathematics; VP, Chinese Business Student Association.","C/C++, Python, MATLAB, SQL, R, LUA, VBA; ML (supervised/unsupervised/DNN); forecasting & financial analysis; English/Chinese. Built VBA systems improving workflow (up to 20%); SQL research; image-processing pipeline (+30% speed).","Corporate Banking Assistant, Intern (May–Aug 2015)—commercial mortgage risk reports (appraisal, cash flow, RAROC, sensitivity), SME research in SQL, VBA documentation system. Office Assistant, Intern (Jun–Aug 2012)—VBA feedback system (+20% team efficiency), SOP updates. Undergraduate Researcher (Mar 2011–May 2012)—image classification (+30% speed), wildlife ML labeling. Assistant Analyst, Intern (Jun–Jul 2010)—China mobile market research; due diligence support.",Entry-level,Sheet1,6,CareerCorpus-xlsx-raw,norm-v1.0-esco-careercorpus,true
17189156,Banking,"High School Diploma (Math), University of California, Riverside — United States.","Microsoft Excel/Word/Outlook; customer engagement; prospecting and sourcing small-business clients; risk/loss mitigation; cash handling; coaching/mentoring; bilingual English–Spanish (reading/writing); Notary Public. Recognized by Merchant Manager, Retail Small Business Credit Consultant, and Payroll Partner; nominee for “Searching for Stars.”","Business Banking Specialist (01/2016–Current)—source/acquire SMB clients; build relationships; meet individual/team goals; ensure service quality; organize/prioritize work. Personal Banker (01/2014–01/2016)—branch platform/teller oversight; coach staff; mitigate losses/risks; community/business hub outreach; counsel customers; handle loans/accounts; notary services. Lead Teller (01/2013–01/2014)—manage teller workflow, referrals/sales, cash balancing; resolve conflicts; train team; ensure audit/ops compliance.",Mid-level,Sheet1,7,CareerCorpus-xlsx-raw,norm-v1.0-esco-careercorpus,true
19920687,Banking,"BS, Electrical & Computer Engineering—Univ. of Michigan. Certificate, Project Management—UC Irvine (2015).","Sales/loan origination, consultative selling, branch ops/compliance, training/coaching, audits/reconcilements. Licensed Financial Specialist (2008–2010). Windsor Capital Top/Platinum/Gold/Silver awards; Top Sales Producer.","Assistant Banking Center Manager (2011–2014)—led 5 bankers; ops/compliance; training; lending. Licensed Financial Specialist, Wells Fargo (2008–2010)—met high deposit/investment/credit goals. Field Account Exec, Accredited (2006–2007)—$6M+/mo subprime. Senior Loan Officer (2000–2006)—$100M funded; hired/trained.",Senior-level,Sheet1,8,CareerCorpus-xlsx-raw,norm-v1.0-esco-careercorpus,true
26579709,Banking,"Bachelor’s in Business Administration—Finance, Ashworth College (in progress).",FDCPA/FCRA/bankruptcy & GSE guidelines; audit & QC; complaint resolution; MS Office/Oracle; systems incl. MSP/LPS. Built EMS Audit Guide & QC process; consistent “Exceeds” ratings.,Mortgage Banking Research Specialist (02/2010–Current)—lead 30+ agents; EO complaint compliance/QC; trends & audits. Sr. Loss Prevention Lead (2005–2009). Loss Prevention Supervisor (2001–2005). Assistant Facilities Manager (1998–2000).,Senior-level,Sheet1,9,CareerCorpus-xlsx-raw,norm-v1.0-esco-careercorpus,true
29093426,Banking,"High School Diploma—Accounting & Bookkeeping, George Westinghouse Career Academy (06/2000); R.E.A.D.Y. youth program.","Risk analysis, tax-return income calc, DU/LP, FNMA/FHLMC, data entry, workflows; PMI MI Diamond award; authority to $750k; 4.5 files/day; HARP audits; staff training.",Underwriter II (04/2017–Now); Sr Remote UW (11/2016–03/2017); Remote UW (12/2012–10/2016); Sr UW Support (06/2007–11/2012); UW Support II (01/2005–05/2007); UW Asst (06/2001–12/2004).,Senior-level,Sheet1,10,CareerCorpus-xlsx-raw,norm-v1.0-esco-careercorpus,true
33286293,Banking,"B.A., Duke University (2016) cum laude, GPA 3.8; Dean’s List ’13–’16; GMAT 740. Study abroad: UAB, Spain (Fall ’14). Rye Country Day School (2012); SAT 2250 (800M/720CR/730W).","DCF/LBO modeling, comps, due diligence, market research, investor decks; MS Office; public speaking; Spanish (proficient). Led philanthropy (1,000+ hrs; $7.5k+ raised).",IB Summer Analyst (07/2015)—valued TMT firms; Evertec case; Ascensus sale; ~$3B media deal modeling; global sports/media research. Intern (2014)—equity eval & asset allocation. Intern (2013)—HNW lead gen & portfolio work.,Entry-level,Sheet1,11,CareerCorpus-xlsx-raw,norm-v1.0-esco-careercorpus,true
29552167,Banking,"B.A., Corporate Fitness—Minot State (2005), Minor: Business Management. A.A., Business Administration—Frank Phillips College (1999).","Branch leadership, sales coaching, customer experience, risk management, team development. Consistent quarterly goal achiever; promoted associates; selected to market leadership team.","Banking Center Manager (Aug 2012–Current)—lead sales/service team, ops excellence, risk, partnerships, staff coaching. Personal Banker (Jan 2010–Aug 2012)—sell retail/small business products, deepen relationships. Sales & Service Specialist (Aug 2007–Feb 2010)—resolve escalations, service/sales support.",Senior-level,Sheet1,12,CareerCorpus-xlsx-raw,norm-v1.0-esco-careercorpus,true
69243180,Banking,"B.A. English Literature, Univ. of Massachusetts (2004). HS Diploma (1998).","Team building, prospecting, underwriting guidelines, fixed income/insurance, Excel/Office. NMLS 528972; multi-state MLO licenses. President’s Club; $6.3k rev/loan; 10 fundings/mo.","Sr. Mortgage Banking Exec (2013–Now): grew brokerage to 3 offices incl. Las Vegas; led Fraiman Group; promoted in 6 months. Sr. MB & FA (2011–13): $25M loans; led 10; +50% YOY, +30% team. Sr. Inv. Advisor (2007–11): $3M raised; $20M AUM. FA (2007–08).",Senior-level,Sheet1,13,CareerCorpus-xlsx-raw,norm-v1.0-esco-careercorpus,true
26987539,Banking,"B.L.A., Sociology & Dance — Washington State University. Business & Personal Banker Academy; S.A.F.E. Registered Financial Banker.",Public speaking; MS/Google Suite; KPI-based training; strategic sales facilitation; account management. Trained 600+ employees annually; directed 100+ events; exceeded 794% of goals ($1.2M sales in 35 days).,"Business Banking Specialist (Jun 2014–Present)—sales training, account growth, cross-functional leadership. Personal Banker (Jul 2013–Jun 2014)—relationship management, loan origination. Office & Marketing Manager (Jun 2013–Present)—training programs, event direction, social media. Prior roles in community management, PR, and operations.",Mid-level,Sheet1,14,CareerCorpus-xlsx-raw,norm-v1.0-esco-careercorpus,true
17276884,Banking,B.S. Management – San Francisco State University; B.B.A. Accounting – Cal State Hayward.,"Operations & risk mgmt, compliance documentation, client relations, business analysis, MS Office, Oracle, Peachtree, Solomon. Managed 25 staff; produced executive-level mortgage reports; handled 300+ escalated cases weekly; improved accuracy and customer satisfaction.","Mortgage Banking Executive Analyst (2009–Present): escalation resolution, CFPB/OCC reporting, loss mitigation, legal coordination, metrics reporting. Business Manager–Analyst (2003–15): billing, collections, client installations, process testing, team supervision. Deposit Recovery Collector (2006–09): payment negotiations, risk control. Sr. Tax Preparer Manager (2003–07): tax staff mgmt, training, quality control, +10% satisfaction.",Senior-level,Sheet1,15,CareerCorpus-xlsx-raw,norm-v1.0-esco-careercorpus,true
22615491,Banking,"B.A. Economics with a minor in Finance – Central Connecticut State University (2017), GPA 3.26.","Cash handling, Microsoft Word/Excel/PowerPoint/SPSS, customer service, problem-solving, and organization. CPR & Western Union certified. Strong communication and teamwork from athletic involvement (volleyball, track & field).","Banking Boot Camp Participant (2017): exposure to core banking processes and customer relations. Sandwich Artist/Cashier (2017–Present): payment processing and service resolution. Front-End Supervisor (2014–17): staff supervision and customer assistance. Student Worker (2014–16): admin tasks, student advising, and event organization.",Entry-level,Sheet1,16,CareerCorpus-xlsx-raw,norm-v1.0-esco-careercorpus,true
45167858,Banking,"A.S., Inter/Social Behavioral Sciences – Los Angeles Southwest College (2016). Certificate: Fingerprinting.",100% teller balancing; managed vaults avg. $900K; call center support; account opening; cash handling; MS Word/Excel; phones/fax/filing; ~50 WPM; conflict resolution; client rapport,"Banking Relationship Specialist (2005–2011): client onboarding, transactions, reports, escalations. Merchant Teller (2004–2005): large deposits, courier ops, daily balancing. Teller (2004): cashing, payments, cashier’s checks.",Mid-level,Sheet1,17,CareerCorpus-xlsx-raw,norm-v1.0-esco-careercorpus,true
13982572,Banking,"BBA, Banking – Strayer University (2015). High School Diploma – Holly Hill Roberts HS (1999).","Teller/vault ops, cash controls, risk mgmt, audits, staffing/scheduling, recruiting, performance reviews, sales referrals, customer service, HR/Payroll, process improvement, MS Office, OnQ.","Branch Banking Coordinator (04/2013–Current): run teller ops, vault, risk, HR, and BOM compliance; drive sales referrals. Service Manager II (07/2007–02/2012): vault/risk, coach tellers, hire/terminate, audits. Guest Service Agent/Manager-Auditor (2004–2015): front desk, cash, records, nightly audits.",Senior-level,Sheet1,18,CareerCorpus-xlsx-raw,norm-v1.0-esco-careercorpus,true
3547447,Banking,A.S. Business Administration – Auburn University at Montgomery.,"Default servicing, underwriting, QA, risk assessment, documentation review, income analysis, and loan operations. <3% foreclosure error rate; <5% booking errors; 10+ years loan ops; 7 years mortgage processing; advanced in LPS, MSP, SharePoint, Excel, PowerPoint, Outlook, and FHA systems.","Mortgage Banking Foreclosure Specialist (2014–Present): foreclosure ops, SCRA review, client milestone tracking. Consumer Underwriter II (2011–13): loss mitigation underwriting, FHA restructuring, income verification, peer reviews. Loan Document Specialist II (2008–10): loan booking/review, QC, FHA/VA compliance. Loan Processor (2003–08): verified borrower docs, cleared title exceptions, processed 30+ files daily.",Senior-level,Sheet1,19,CareerCorpus-xlsx-raw,norm-v1.0-esco-careercorpus,true
98965485,Banking,"MBA, Technology – The College of Santa Fe/Western States School of Banking (UNM); B.S.B.A. Business Administration & Management – Northern Arizona University; Graduate, Leadership New Mexico (2016).","Strategic planning, retail banking ops, deposit & loan growth, financial reporting, staff development, budgeting, marketing strategy, IT project leadership, community engagement, Adobe & Microsoft Office suite. Directed multi-state branches, managed multimillion-dollar budgets, chaired executive committees, and earned multiple “Best Bank” and business excellence awards.","Retail Banking Director (2007–17): led NM & CO branches, private banking, and deposit strategy; oversaw risk, HR, facilities, and financial reporting to board. Marketing & Communications Director (1993–2006): managed advertising, call center, product launches, brand strategy, and corporate image. Operations Manager (1986–93): project management, policy compliance, audits, teller ops manuals, and ATM profitability tracking.",Senior-level,Sheet1,20,CareerCorpus-xlsx-raw,norm-v1.0-esco-careercorpus,true
38897568,Banking,"MBA, Human Resource Management – University of Phoenix; BBA, Computer Information Systems – Northeast Louisiana University; AAS, Process Technology – Louisiana Delta Community College.","SAP, Lotus Notes, MS Access/Excel/Word/PowerPoint, reporting, automation testing, data tracking, staff scheduling, forecasting, and training. Strong analytical, organizational, and communication skills. Experienced in quality inspection, database management, and process improvement.","Mortgage Banking Doc Ops Specialist (2009–Present): monitor lien release/payoff docs, update procedures, create productivity reports, test systems, and train staff. Workforce Management Analyst (2007–08): forecast volume, manage CSR schedules, analyze reports, and maintain staffing goals. Office Manager (2006–09): trained staff, prepared taxes, coordinated lender payments. Containment Quality Inspector (1999–07): inspected products, ensured quality compliance, and trained peers.",Senior-level,Sheet1,21,CareerCorpus-xlsx-raw,norm-v1.0-esco-careercorpus,true
12021752,Banking,"B.S., Finance – Arizona State University, W.P. Carey School of Business; Magna Cum Laude, Dean’s List, Tempe Diablo’s Scholarship recipient.","Investment banking solutions, financial modeling, due diligence, equity financing, credit analysis, M&A, client negotiation, project management, and sales strategy. Proven quota achievements (up to 240%), over $70M in closed deals, renewable energy sector expertise, and leadership in deal structuring.","Senior Investment Banking Sales Analyst (2013–Present): closed $70M+ in deals, led financing and acquisition projects, managed full sales cycle, and collaborated on transaction structuring. Investment Banking Sales Analyst (2012–13): achieved 167% quota, built partnerships with investors and municipalities. Investment Sales Analyst (2011–12): managed $10M REIT Hedge Fund, conducted financial and compliance reporting. Registered Investment Representative (2009–11): assisted hedge fund sales/research, compliance enforcement. Financial Analyst (2008–09): developed $3.4M real estate proposal and financial models.",Senior-level,Sheet1,22,CareerCorpus-xlsx-raw,norm-v1.0-esco-careercorpus,true
19149865,Banking,"B.S., Finance – University of Nevada, Las Vegas.","Microsoft Word, Excel, Access, PowerPoint, Lotus Notes, Hogan, ALS, CPI, CACS, SharePoint, payroll, scheduling, QA, leadership, coaching, and conflict resolution. Reduced staff turnover by 20% through morale-building initiatives. Completed management training program “Developing Leaders.”","Consumer Banking Default Management Supervisor (2007–Present): lead 7–10 collectors, improve delinquency performance, manage dialer operations, implement efficiency and incentive programs, conduct QA reviews, and provide coaching and performance evaluations. Operations Manager (2006–07): managed 32 staff across locations, developed ticketing and fraud prevention systems, and improved service quality. Previous roles (1998–2006): led multiple ticket offices and call centers, managed budgets, trained teams, enforced compliance, and enhanced customer satisfaction.",Senior-level,Sheet1,23,CareerCorpus-xlsx-raw,norm-v1.0-esco-careercorpus,true
29839396,Banking,"B.S., Aeronautical Engineering – United States Air Force Academy (2015); London School of Economics Study Abroad (Spring 2014); Roslyn Schulte Memorial Scholar. Strong academic record (GPA 3.67/4.0).","Financial analysis, valuation, M&A modeling, Excel macros, data analytics, research, Python, Java, C++, leadership, and public speaking. Fluent in French; conversational Spanish. Founded and led a nonprofit (Cadet for a Day, Inc.) raising $56K to expand educational access to engineering exposure for students across three states.","Investment Banking Summer Analyst (2013): advised on $1.2B sell-side deal, built leveraged models, performed M&A screening, developed quantitative ranking tools, and created investor materials. Finance Research Assistant (2012–13): analyzed 300+ SEC filings and takeover auctions to assess valuation trends. Sales Clerk (2011): increased department sales by 20%, earned “Employee of the Month.”",Entry-level,Sheet1,24,CareerCorpus-xlsx-raw,norm-v1.0-esco-careercorpus,true
15856762,Banking,"B.A., Business Economics – California State University, San Bernardino (1994); Business Administration – Pepperdine University, Graziadio School (2003); Private Capital Markets – Pepperdine University (2013).","Strategic planning, corporate finance, SBA/CRE/C&I lending, capital markets, M&A, FX, vendor negotiation, FP&A, budgeting, sales leadership, staff development, and board reporting. Systems: Hyperion, Essbase, COGNOS, Oracle, JD Edwards, Microsoft Office. Fluent in Spanish. Served on multiple boards including California Bankers Association and Ramona’s Mexican Food Company.","SVP, Business Banking (2015–Present): lead $55M production P&L, manage $75M private banking portfolio, oversee credit administration, marketing, hiring, and branch performance across five commercial units. SVP, Administration/Finance (2012–15): executed merger, raised $6.4M equity, cut costs by 29%, improved profitability, and implemented SBA certification programs. President (2007–11): managed consulting and consumer finance operations, achieved $750K new sales in 4 months, and secured regulatory licensing. Earlier roles include EVP, Business Development (2006–07); Consultant (2004–06); Financial Analyst at Pepsi Bottling Group (2003–04); and Finance Manager at Compass Aerospace (2001–03).",Senior-level,Sheet1,25,CareerCorpus-xlsx-raw,norm-v1.0-esco-careercorpus,true
18208580,Banking,"B.B.A., Business Finance & HR Management – University of Houston Downtown; A.A., General Studies – Houston Community College.","Leadership, sales strategy, risk analysis, credit evaluation, business development, client relations, budgeting, and operations management. Certified in NMLS and Microsoft; top 10% performer in sales, loans, and operations. Recognized with Platinum Loan Award. Skilled in Microsoft Office, Hummingbird, C-Net, Touch Pointe, and E-Automate. Active in leadership and community programs (Comerica Leadership Development, Red Cross, Junior Achievement, March of Dimes).","Assistant Banking Center Manager (2010–Present): manage branch operations, compliance, audits, and staff performance; oversee loans, sales, and business development; increased gross sales by 15%; grew customer base by 8%; led marketing and community outreach; coached staff and managed center during mergers. Sr. Financial Banker (2007–10): managed business accounts, cross-sold banking products, led marketing campaigns, and consistently exceeded sales goals. Sr. Financial Service Rep (2003–07): oversaw branch operations, customer service, credit assessments, and trained staff; promoted three times within two years.",Mid-level,Sheet1,26,CareerCorpus-xlsx-raw,norm-v1.0-esco-careercorpus,true
2841992,Banking,"MBA, Univ. of San Francisco (May 2023, expected); Pacific Coast Banking School—Finance (UW); BA, Art History (Toulouse-Lautrec School of Art).","Exec leadership; partnership building; team hiring; ops/process improvement; relationship & data management; CEO-recognized results; SF “Most Influential Woman” (2016, 2020).","Regional Dir., Banking & Wealth (2018–2020): +$10B deposits, AUM >20% 3 yrs, turnover −50%. N. CA Ops Exec (2016–2018). Sales & Service Exec, West Coast (2011–2016).",Senior-level,Sheet1,27,CareerCorpus-xlsx-raw,norm-v1.0-esco-careercorpus,true
87867370,Banking,BS Business Management (2000); Principles/Laws of Banking coursework; UMUC—Business (2018); studies at Univ. of Phoenix & Fairleigh Dickinson,Commercial & treasury mgmt; cash mgmt; SBA; strategic planning; team leadership; process improvement; Salesforce/Ncino/Oracle; TM goals 115–129%; bank costs −11%.,2016–Now VP/Sr CBB RM—grow loans/deposits; lead Montgomery Co/DC. 2013–16 Sr TM Officer—sales & training. 2010–13 CBB RM AVP. 2005–10 Sr BDO. 2001 Branch Banker. 1995–01 Cash Mgmt Officer,Senior-level,Sheet1,28,CareerCorpus-xlsx-raw,norm-v1.0-esco-careercorpus,true
27120528,Banking,"Univ. of North Texas (in progress); Remington College (2008) AAS, Computer Networking; coursework incl. Excel, Linux, Adobe CC.","Default ops, loss mitigation, litigation file research; underwriting docs/QC; PEGA portal; investor guidelines; process streamlining; attorney/borrower comms; training & workflow reporting.","2015–Present Default Ops Specialist II—docs, QC, litigation research, loss mit, process improvements. Prior: Loan Processor II; Closing Specialist I; CS Manager; earlier tech/AV roles supporting ops.",Mid-level,Sheet1,29,CareerCorpus-xlsx-raw,norm-v1.0-esco-careercorpus,true
70667011,Banking,"BS, Business Management—Guilford College (2015), minor in Non-Profit Mgmt; Real Estate Fundamentals—Salesperson/Broker course, Dan Mohr Estate School (2003).",Mortgage ops/compliance (CFPB); pricing & pipeline mgmt; UniFi; credit analysis; loan docs; cross-sell; staff training/onboarding; risk/audit. Selected for 2015 CFPB exam prep; pipeline +75% in a year; ranked #3/37 in operational excellence; promoted to Ops Manager.,"2014–Now Ops Manager/Banking Officer—approve pricing, manage pipelines, liaise RPST/Appraisal/CP, coach teams, roll out products, resolve compliance issues. 2013–14 Mortgage Counselor—advise, cross-sell, QC/post-close. 2011–13 Credit Analyst—spreads/GAAP. 2010–11 Loan Docs Specialist. 2005–09 Center Manager II AVP. 2001–05 Personal Banker.",Senior-level,Sheet1,30,CareerCorpus-xlsx-raw,norm-v1.0-esco-careercorpus,true
36302399,Banking,"BS, Michigan State Univ; graduate coursework in HR, org behavior, accounting, statistics, and communications (CMU/Jackson College, 2012–2013).",Branch sales leadership; HR/performance mgmt; training/mentoring; compliance; budgeting/marketing. Top 10% center (2013); turned 2 branches around; 2010 top Asst. Manager; 2014 goals leader.,"2012–Present Banking Center Mgr, AVP—lead HR, training, sales; exceed fee targets. 2011–12 Mgr—drive sales/service. 2005–11 Asst Mgr—LFS, compliance training. 2002–05 Regional Acct Mgr—realtor partnerships, claims.",Senior-level,Sheet1,31,CareerCorpus-xlsx-raw,norm-v1.0-esco-careercorpus,true
89049979,Banking,"BA Sociology (Criminal Law), Fairleigh Dickinson (1995); ABA Paralegal Cert, Cardozo (1996); NJ Life & Health License (2012).","AML/BSA, OFAC, FinCEN compliance; subpoena & e-discovery; risk investigations; IP/patent prosecution; data analytics; Lexis/Westlaw; Notary; AAJ Paralegal of the Year nominee.","2013–Now Legal Specialist III—IB subpoena compliance, AML/SARs, scope objections. 2013 Benefits Consultant. 2000–13 Case Supervisor/Trial Paralegal (IP, labor, corp). 1996–2000 paralegal roles.",Senior-level,Sheet1,32,CareerCorpus-xlsx-raw,norm-v1.0-esco-careercorpus,true
43375498,Banking,"Certificates: Professional Sales (2008); Business Administration, San Joaquin Valley College (2013).","Account retention & acquisition, QA coaching, outbound sales, online banking support, dispute/wire handling, team leadership, metrics reporting; Board-recognized “Pillar of Success.”","2010–Present CSR Lead/QA Coach/Acct Relationship/Online Banking Rep II—call center ops, QA revamp (QCD), outbound sales pilot, floor leadership, training, audits. 2007–10 Fitness clubs—rose to Regional Sales Mgr, corporate deals. 2002–06 U.S. Army—Sgt.",Mid-level,Sheet1,33,CareerCorpus-xlsx-raw,norm-v1.0-esco-careercorpus,true
30713796,Banking,High school diploma (year not listed). Ongoing bank compliance and security/audit procedure training.,"Customer service excellence (regional award), cash handling & balancing (zero‐error vault/drawer), transaction processing (treasury/tax/loan), confidentiality, issue resolution, teller training, sales referrals/cross-sell, branch reporting, vault & coin supply management.","2011–2014 Teller 3, SunTrust—high-volume transactions, audit/security adherence, vault balancing, referrals driving ~25% branch sales lift; trained tellers. 1998–2010 Teller Supervisor, Annapolis Banking & Trust—team oversight, cash control, audits, service; earlier Teller, First National Bank of MD (1995–1997). Pre-banking: restaurant/kitchen management with staff training and operations.",Entry-level,Sheet1,34,CareerCorpus-xlsx-raw,norm-v1.0-esco-careercorpus,true
18805506,Banking,"PGDBA, Finance & Marketing, SIES (2004); B.Com, Accounting & Finance, Mumbai Univ (2001); PG Diploma, Export–Import Mgmt, IMC (2001). Currently pursuing CPA.",Client relationship building; markets advisory/execution; product structuring; risk mgmt (NOP/AGL); AML/KYC; Bloomberg/Reuters; MS Office; project mgmt. Drove +150% sales; grew GM revenue $0.5M→$1.5M; won 20 new clients with ~$10B trading volume.,2012–2016 Senior Associate—advisory & execution across FX/IR/Commodities; structuring; AML reviews; supported trading/ALM. 2009–2012 FX Dealer—market making USD/INR & G7; liquidity book; limits Mgmt; e-trading launch. 2004–2009 Associate—FX/IR hedging; led HFT team; options pricing; revenue >€12M (’07–’08); trade-capture system rollout.,Senior-level,Sheet1,35,CareerCorpus-xlsx-raw,norm-v1.0-esco-careercorpus,true
39247950,Banking,"B.E., Electronics & Communication, Easwari Engineering College (2010). Certifications/Training: ITIL ASM Basic (2011, RTB Business Academy); Windows & Web App Development using .NET (2010, NIIT).","C#/.NET 3.5, ASP.NET 2.0/3.5, PL/SQL, SQL Server 2008, Oracle 9i, HTML4/CSS2/JS, AJAX. Tools: BusinessObjects XI 3.1 (Universe/DeskI/CMC), IIS 7.0, Visual SourceSafe, TOAD, HP Service Manager, WinSCP, PuTTY, UNIX/vi. Awarded for on-time delivery; achieved 100% CSAT (7/7).","07/2010–03/2014 Software Engineer—built ASP.NET/C# web tools, enhanced eBusiness apps, BO reporting, SQL fixes, data archival, server monitoring, agent jobs. 01/2013–03/2014 Manager—designed/developed SOW & SLA web trackers (C#, PL/SQL, HTML/JS/CSS), reporting, integration with HP Service Manager; hosted on IIS; VSS source control.",Mid-level,Sheet1,36,CareerCorpus-xlsx-raw,norm-v1.0-esco-careercorpus,true
30127072,Banking,"M.S., Public Administration — Metropolitan College of New York (2004). | B.S., Business & Church Management — Nyack College (2004). | A.A.S., Accounting — Borough of Manhattan Community College (1999).","Commercial lending ops, credit/portfolio monitoring, exception tracking/cure, UCC-1 filings & releases, covenant/flood checks, Provenir & Credit Workflow, report writing, calendars & exec support, records mgmt, client communications, meeting agendas, HR/onboarding support. Built filing/database protocols; co-created first employee procedures manual.","2002–2016: Commercial Relationship Support Manager — supported lenders/ops team; ensured regulatory/policy adherence; processed payments/advances, docs, renewals/mods; tracked past dues & maturities; coordinated financials/certificates; client/internal meetings. | 1997–2002: Relationship Support Officer — admin/ops support to Corporate Institutional Bank Insurance; reports, schedules, reception, HR/events. | Earlier: Regional Support Assistant; Word Processing Specialist (Trust & Investments).",Senior-level,Sheet1,37,CareerCorpus-xlsx-raw,norm-v1.0-esco-careercorpus,true
11065180,Banking,"BPS, Computer Information Systems – DeVry Institute of Technology (2003); AS, Business Mgmt & Administration – Kingsborough Community College (1989).","KYC/AML, client onboarding, QA reviews, staff management, cross-functional coordination, risk mitigation, MS Office, Adobe tools, Spanish fluency, SEC 6 & 63 (expired). Improved efficiency +20%, staff accuracy 99%.","Ops Manager (2010–14)—led client service team, QA/due diligence, risk & compliance coordination. Client Service Mgr (2002–10)—supervised 7–8 officers, managed $80B client portfolio, improved processes, ensured AML/KYC compliance.",Senior-level,Sheet1,38,CareerCorpus-xlsx-raw,norm-v1.0-esco-careercorpus,true
11637468,Banking,"BBA, Accounting — Niagara University (1988); Advanced Lending Certificate — University at Buffalo (1996); High School Diploma — St. Joseph’s Collegiate Institute (1984).","Commercial/C&I/CRE lending, credit analysis, portfolio growth, SMB development, cash management, CRM (BakerHill), systems (MortgageBot, DecisionPro), ICP design, team leadership, compliance, MS Office. Grew commercial balances 5–10% YoY; built outbound sales program.","Senior Lending Officer, VP (2009–Present)—lead 6 lenders; drive mortgage/consumer/commercial growth; manage RM/consumer teams. Commercial Lender & Regional Medical Liaison (2008–09). Commercial Team Leader (1998–2008). Commercial Lending Officer, AVP (1994–98). Biz Dev/Commercial LO (1991–94).",Senior-level,Sheet1,39,CareerCorpus-xlsx-raw,norm-v1.0-esco-careercorpus,true
54421668,Banking,"AA, Education — Mississippi Gulf Coast Community College (2007).","Branch leadership, sales coaching, TRID expertise, consumer & small-business lending (to $1M), risk & compliance (BSA/OFAC), audits/cash control, staffing/scheduling, performance management, customer experience, community outreach, MS Office/Excel.","Branch Manager (2016–Present)—run branch ops, sales, lending, staff. Financial Service Assoc/Licensed Banker (2014–2016)—teller ops, profiling, HELOC/consumer loans, investments. Branch Ops Manager (2013–2014)—teller line lead, risk control, scheduling.",Senior-level,Sheet1,40,CareerCorpus-xlsx-raw,norm-v1.0-esco-careercorpus,true
13393401,Banking,"BA, Chemistry — Pacific Lutheran University. Pacific Coast Banking School certification — University of Washington","Strategic planning, cross-functional leadership, sales management, credit/financial analysis, negotiation. Grew portfolios/deposits, drove fee income, optimized board governance, delivered cost savings via vendor/bank negotiations, led loan committee due-diligence.","COO (2008–2010): led multi-site organization, budgeting, expansions, vendor/bank negotiations. VP→SVP & Commercial Banking Manager (1998–2008): built $30MM+ portfolio, managed 8 lenders, grew team outstandings/deposits, drove cross-sell and fee income. Loan Committee member: credit review/due-diligence.",Senior-level,Sheet1,41,CareerCorpus-xlsx-raw,norm-v1.0-esco-careercorpus,true
71422121,Banking,"Bachelors in Marketing, University of North Alabama (1999).","Manual QA across web, client/server, SaaS; SDLC/STLC; test plans/cases; functional/regression/UAT/performance/smoke; mobile testing (iOS/Android); cross-browser; SQL backend validation; Agile/Scrum; defect mgmt (Quality Center/JIRA); stakeholder comms; RCA; built quality metrics.","QA Test Analyst (09/2014–Current): Retail inventory/POS; mobile app testing; SQL validation. Quality Assurance Analyst (10/2013–07/2014): Health care; test strategy, regression, Agile. Manual Tester (06/2010–06/2013): Banking apps; POS certification. Jr. QA Analyst (07/2009–05/2010): Airline web apps; GUI/security tests.",Mid-level,Sheet1,42,CareerCorpus-xlsx-raw,norm-v1.0-esco-careercorpus,true
18457785,Banking,"High School Diploma, Juan Pablo Duarte (2003).","AS/400 admin; RPGLE/ILE, COBOL/400, CL/400; SQL/Query; QA tools; SharePoint/ClearQuest; ITIL; IPC (Incident/Problem/Change) processes; core banking security, backups, migration/upgrade; team leadership, budgeting, scheduling; implemented Fiserv core banking and major upgrades.","Project Manager & Technical Implementation (Apr 2003–Mar 2015): Led AS/400 core banking projects, integrations, security, workflows, and team of 6; delivered maintenance, patches, and standards. Technical Project Manager (Jun 2015–Feb 2016): For Banco del Reserva, led web/app fixes, SharePoint design, end-user testing, architecture, and weekly project monitoring.",Senior-level,Sheet1,43,CareerCorpus-xlsx-raw,norm-v1.0-esco-careercorpus,true
21856577,Banking,"High School Diploma, Eastgate Christian Academy (1999).","Customer service & sales excellence; relationship management; cross-selling across loans, deposits, investments, insurance; compliance with bank policies/regulations; problem resolution; time management; team leadership, mentoring & recruiting; strong verbal communication; promoted to Branch Banker III.","Branch Banker III (2006–Present): Manage client portfolio, open accounts, cross-sell, outbound calling, service issue resolution, compliance. Customer Account Specialist (2005): Full loan cycle, payments, docs, reporting. Financial Services Rep (2004–2005): Sales/service, teller support, risk controls. Floor Supervisor (2003–2004): Retail ops & cash handling.",Senior-level,Sheet1,44,CareerCorpus-xlsx-raw,norm-v1.0-esco-careercorpus,true
21645690,Banking,"B.S. Business Management, minor in Human Resources — University of Phoenix.",Quant analysis; account reconciliation; complex problem solving; procedure development; MS Office expert; staff leadership & development; conflict resolution; produced 1099/1098; managed 15-member ops team; led fraud unit averting >$1M loss.,"Ops Manager (2011–Present): lead 15 staff across RE & Oil/Gas AP/AR; reconcile suspense accts; train team; SLA reporting; 1099/1098. Personal Banker/Business Champion (2007–2011): portfolio sales, coach tellers, originate personal/mortgage/business loans, compliance. Wealth Mgmt Assoc III (2004–2007): support PBs, GL recs, loan packages. Deposit Risk Ops Fraud Mgr (2001–2004): led 12; averted >$1M loss.",Senior-level,Sheet1,45,CareerCorpus-xlsx-raw,norm-v1.0-esco-careercorpus,true
25780596,Banking,B.A. Psychology — Kutztown University (1973).,Customer service excellence; branch ops & credit review; budget mgmt ($500k); Excel/Word reporting; payroll & GL reconciliation; adult-ed banking instructor; arbitration prep & submissions with above-target win rates; team coaching/supervision; compliance documentation.,"Branch/Operations Manager (1973–2000): led branch ops, credit reviews, customer growth. Accountant/Business Manager (15+ yrs): $500k budget, payroll, banking relations. Insurance: Subrogation Rep → Supervisor → Claims Arbitration Specialist (2002–2015): led teams, high arbitration success.",Senior-level,Sheet1,46,CareerCorpus-xlsx-raw,norm-v1.0-esco-careercorpus,true
34185495,Banking,"B.A., Economics & Latin American Studies — Yale University (2006). FINRA Series 7.","Built FirstBank PR’s Act 20/22 private banking team; 45% share with 200+ clients, $30MM+ deposits; led/placed $14.1B muni, $3.1B corporate, $428MM fund deals; airport concession $615MM; advanced modeling (DCF/LBO); Bloomberg, Capital IQ, SNL, Argus; English/Spanish.","FirstBank PR (2014–Now): organized Platinum/Private Banking for Act 20/22. UBS PR (2007–14): Associate Director/Director, muni/corp/funds; major IPOs/underwritings. Analyst, TMT (2006–07): M&A, LBOs, IPOs, debt.",Senior-level,Sheet1,47,CareerCorpus-xlsx-raw,norm-v1.0-esco-careercorpus,true
35483925,Banking,"M.S., Information Systems Management — Coleman University. MBA (Marketing) — Symbiosis International University.","Partner/channel revenue growth; SaaS deployments/renewals; Oracle SQL, Salesforce, SAP R/3, SPSS, MS Excel/PowerPoint/Project, Visio; English/Spanish; multiple “Thanks” awards (HSBC); CSR project lead.","Partner Account Manager (2014): SaaS partner portfolio/billing, demos, training. Client Account Manager (2011–13): LATAM channels, quotes/renewals. Relationship Manager (2010–11): SME/corporate lending, treasury. Health Advisory Manager (2006–09): claims/analytics, SQL reporting.",Mid-level,Sheet1,48,CareerCorpus-xlsx-raw,norm-v1.0-esco-careercorpus,true
19374660,Banking,"High School Diploma, Iowa Park High School (1996). First Aid, CPR/AED, Emergency Oxygen (2013).","Daxko Operations; AS400; MS Office (Excel/PowerPoint/Outlook/Word/Publisher); billing & refunds; roster/report creation; payroll assistance; customer service & phone etiquette; multi-line phones, fax, copier; trained/supervised staff; Employee of the Month (1997).","Program Assistant (2013–Present): billing/finance, member data, reports, training, QA. Front Desk/Customer Service (2006–2010): memberships, deposits, reporting. Mortgage Document Clerk (2002–2003): Ginnie/Fannie/Freddie/FHLB docs, Trust System, Empower/FiTech, Excel lists.",Entry-level,Sheet1,49,CareerCorpus-xlsx-raw,norm-v1.0-esco-careercorpus,true
34758680,Banking,"MBA, St. Mary’s College of California (2012). BS, Management Science, University of California (2004). BS, General Biology, University of California (2004).","FP&A, P&L/BS forecasting, Essbase, Excel/VBA, SQL, Access, budgeting, variance/trend analysis, risk/pricing analytics, automation, stress testing, leadership, and reporting tools.","Financial Consultant: led FP&A for 7 LOBs, $43B+ portfolios, created automated VBA/SQL models, budgeting & risk analytics; managed 9-member team, QA/training, CRE & private banking forecasts; prior analyst for CFPs.",Senior-level,Sheet1,50,CareerCorpus-xlsx-raw,norm-v1.0-esco-careercorpus,true
21297521,Banking,"MBA, UCLA Anderson (2002); BE, Thapar Univ. (1993); MIT (2016, exec/advanced tech coursework).","Lead 50+ across 25 apps; Agile/Scrum rollout; Jira at scale; APM (Splunk/AppDynamics) MTTR↓; AWS cloud-native (12-factor, EBS, RDS, SNS, Lambdas); DevOps/CI/CD (Git, Jenkins, SonarQube); DevSecOps (Veracode/Snyk); Kubernetes/Docker; Java/.NET/iOS; API/IdM; KPIs/SLAs; vendor/RFPs; exec comms.","Manager (2013-Now): portfolio owner, SDLC→Agile, stabilized VOD rights app, cloud re-arch on AWS, UI/UX for exec app, IdM & REST ref-arch. Senior Director (2011-13): led solution arch for streaming (web/iOS/Android/ROKU/XBOX); won $9M B&N; DRM/PKI; Disney Movies Anywhere turnaround. Earlier: FVP Countrywide ($1.7M proj, $29.3M ROI); IndyMac; C++ engine +75% perf.",Senior-level,Sheet1,51,CareerCorpus-xlsx-raw,norm-v1.0-esco-careercorpus,true
11877150,Finance,"S.E. in Accounting, Kwik Kian Gie School of Business (2013); High School Diploma (2008).","Advanced MS Office; bilingual English/Indonesian; strong time management, communication, and interpersonal skills; budgeting/modeling, expense planning, variance reporting, commissions calculation, petty cash and bank transactions; audit support—controls assessment, cost reporting, risk mitigation.","Finance (07/2013–Present)—drive cost savings, forecast project OPEX, analyze budgets/financials, partner with managers on annual expense plans, report monthly variances, model cash needs, handle commissions, petty cash, and banking; Junior Auditor (02/2012–06/2012)—gathered audit data, reviewed cost reports, reported control issues, presented findings and recommendations, and assessed process risks and gaps.",Mid-level,Sheet1,52,CareerCorpus-xlsx-raw,norm-v1.0-esco-careercorpus,true
86549455,Finance,"Ph.D., Organizational Leadership — The Chicago School of Professional Psychology (2013); M.A., Industrial-Organizational Psychology — The Chicago School of Professional Psychology (2008); B.S., Psychology — Belmont University (2006).","Leadership development, employee relations, training & facilitation, project management, predictive/budget planning, data analysis, public speaking, mentoring; developed risk-reduction metrics; board/committee leadership across multiple professional groups.","Finance (Jul 2008–Oct 2015) — roles in integrated scheduling, contracts, business partnership; advised managers, developed metrics, directed training, liaison between leadership and teams; Adjunct Professor (Aug 2013–Present) — teach leadership/human behavior to adult learners and tailor curricula; HR Generalist Intern (Jul 2014–Mar 2015) — bridge management and employees, advise on policy, drive job-description development.",Senior-level,Sheet1,53,CareerCorpus-xlsx-raw,norm-v1.0-esco-careercorpus,true
26530575,Finance,"MBA — Keller Graduate School of Management; B.A. Accounting — Queens College (CUNY). Certifications: CPA (New York), CGMA; Member, AICPA.","GAAP financial reporting, budgeting/forecasting, variance analysis, internal controls, audit (external/internal), risk assessment, process re-engineering, ERP/financial systems (EPIC, Financial Edge), payroll integration, contract negotiation, leadership. Cut office expenses via vendor optimization; reduced audit documentation ~30% with electronic workpapers; cut payroll processing time 50%; built virtual onboarding tool; chaired Business Development/Training committees.","Finance Manager, OhioHealth Physician Group — led GAAP reporting for two enterprises, modeled/planned financial processes, managed audits, Form 990 & state filings, and redesigned revenue accruals (EPIC). Financial Controller, The New 42nd Street, Inc. — owned GAAP statements, audits, grants/city compliance, staff leadership (3), system conversion (Financial Edge) and payroll integration. Internal Auditor, Columbia University — operational/financial audits, NCAA/Ivy compliance, fraud investigations, governance/SOP setup, coordination with PwC. Supervising Auditor, PwC — led risk assessments, plans, and teams for large higher-ed/nonprofit clients. Supervising Senior Auditor, Loeb & Troper — consolidated statements, A-133/pension/GAS audits, staff development, e-workpaper rollout, campus recruiting.",Senior-level,Sheet1,54,CareerCorpus-xlsx-raw,norm-v1.0-esco-careercorpus,true
23955183,Finance,"B.S. Business Administration—Finance, California State University, Bakersfield (2010). Phi Sigma Sigma.","Variance and gap analysis, KPI/ratio monitoring, financial modeling, budgeting, ROI and P&L evaluation, pricing/sales analysis, competitive analysis, pivot tables/charts & macros, presentations, cross-functional collaboration, training/documentation, billing resolution. Led event budgets/logistics (sorority & corporate committees); held chapter presidency; community service involvement.","Finance Analyst (2013–Present) — deliver variance/KPI reporting, trend analysis, pricing and sales analytics, ROI/P&L assessments, budget planning, weekly reporting, trade support for product releases, process improvements, training, and multi-timezone support. Claim Representative (2011–2013) — investigated claims, assessed liability and damages, negotiated settlements, prepared reports, managed evidence and titles, and maintained customer records. Insurance Intern (2010) — prospected clients, analyzed coverage needs, customized programs, calculated premiums, coordinated underwriting, and supported policy issuance.",Mid-level,Sheet1,55,CareerCorpus-xlsx-raw,norm-v1.0-esco-careercorpus,true
24854026,Finance,"M.S. Technology Management, Stevens Institute of Technology (2014). B.S. Business Administration—Finance, Seton Hall University (2005).","Financial modeling; dashboards & executive reporting; Teradata SQL, OBIEE, Access/Excel (pivots, VBA/macros); payment processing & B2B acceptance; vendor/processor negotiations; SOX & audit support; reconciliation systems (ReconNET) administration; risk/fraud collaboration; project & stakeholder management. Delivered $3.9M+ annual credit-card interchange savings; launched Softcard mobile wallet in trial markets; recovered lost revenue from returned checks.","Finance Consultant (2016–Present): monthly payments analytics, BI ad-hoc reporting, automation with Access/Excel/VBA, support for M&A/divestitures and product launches, processor/card-brand negotiation analysis. Senior Financial Analyst (2009–2016): FP&A liaison for indirect sales, reporting for 282 agents/5,744 locations, credit policy for iPhone launches, business cases, B2B payments strategy and ReconNET admin, SOX/audit/close, temporary Finance Manager for mobile wallet launch. Retail Analyst (2007–2009): sales-to-deposit reconciliations for ~90 stores, aging reports, risk work with fraud/audit. Treasury Assistant (2005–2007): journal entries, close support, recovered revenue from returned checks.",Senior-level,Sheet1,56,CareerCorpus-xlsx-raw,norm-v1.0-esco-careercorpus,true
48285304,Finance,"J.D., Criminal Law, Duke University School of Law (2012). B.A., Political Science, Grand Valley State University (2008).","FP&A, audits (SEC/FINRA), P&L ownership, budgeting/forecasting, procurement, logistics, fleet, quality/collections, policy/OHSAS 18001 compliance; tools: Excel, Access, Project, PowerPoint, SAP, Oracle ERP, Kronos, Quicken. Drove +32% output, +40% customer satisfaction in <4 months, −45% turnover in 1 year, +30% sales to secure $2M remodel; cut COGS 13%, boosted profits 20% in year one; built KPI suite for OTD, CX, safety.","Finance Manager (2016–Present)—partnered with Product & Purchasing on cost impacts/new launches, led monthly GAAP reporting, broker-dealer audits, 11-entity bank recs, and process improvements; supported OHSAS 18001. District Manager (2013–2016)—owned budgets for 4 locations; hired/trained 20+ staff; enforced ops policies. Operations Manager (2010–2012)—streamlined processes, reporting, and cross-functional comms; led planning, financial control, and company budgeting. General Manager (2001–2010)—improved ROI via margin and freight negotiations; authored nationwide training program.",Senior-level,Sheet1,57,CareerCorpus-xlsx-raw,norm-v1.0-esco-careercorpus,true
14722634,Finance,"MST, Taxation, University of Hartford (2007). BA, Business, Eastern Connecticut State University (2004).","GAAP/IRS compliance, financial reporting, budgeting/forecasting, treasury and cash flow, internal controls, audit (internal/external/regulatory), payroll & ACA compliance, US/Canada tax (income, sales/use, property), procurement & vendor management, policy development, team leadership. Administered $137M in federal funds serving 15K families; built executive reporting and monthly forecasts; formalized procurement standards and documentation.","Finance Director (2012–2016)—owned treasury, GL, payables, tax filings, audits, and corporate planning/forecasting; produced executive reporting, maintained controls, ensured US/Canada tax compliance, led payroll/benefits and ACA reporting, and directed procurement strategy. Corporate Controller (2008–2012)—oversaw ledgers, GAAP reporting, trial balance reconciliations, budgeting, cash management, compliance reviews, global audits, and supervised a multi-location finance team. Sr. Tax Analyst (2003–2007)—reviewed 1041/1065 returns, applied CT K-1 to nonresidents, handled 200+ taxpayer calls daily, and processed refund adjustments.",Senior-level,Sheet1,58,CareerCorpus-xlsx-raw,norm-v1.0-esco-careercorpus,true
27789372,Finance,"B.S. Business Administration, Youngstown State University (2008).","QuickBooks process implementation, payroll (ADP), Excel (intermediate), Access (basic), SOX awareness, Medicaid billing workflows, financial statement prep/review, cross-functional collaboration (HR, Compliance, Treasury). Introduced new accounting procedures; built monthly payroll financials; reduced billing errors through daily account analyses.","Finance Director (2012–Present)—implemented QuickBooks procedures; prepared payroll and monthly payroll financial statements; partnered with HR, Compliance, Treasurer, and CEO; daily Excel reporting/review of financials. Systems Manager (2011–2012)—processed Medicaid claims, denials, and payments; resolved billing errors; maintained enrollments; produced operational datasets (satisfaction, clinical packets, census). Staff Accountant (2008–2010)—analyzed financial records; applied SOX procedures; conducted payroll audits and inventory counts; supported internal audits; applied cash to A/R; reviewed journal entries and statements for SOX compliance.",Senior-level,Sheet1,59,CareerCorpus-xlsx-raw,norm-v1.0-esco-careercorpus,true
26767199,Finance,"M.S. Accounting, Rutgers (2013); B.S. Accounting, Kean University","GAAP/STAT/GASB; FAS 60/97/133; SOX; PeopleSoft, MAS 90/200, Hyperion, Cognos, Oracle, QuickBooks, ADP, MS Office; taxes (SUT/payroll/1099), cash mgmt, consolidations, reconciliations, MD&A, audit liaison, team leadership; cut close by 2 days (EBS/stat), streamlined FAS 97 by 1 day, led CT insurance audit reconciliations.","Finance Manager (2007–Present) — analytics, GAAP↔STAT reconciliations, statutory packs, BOLI/COLI, MD&A, SOX, audits, process improvements, team lead; Accounting Manager (2002–2007) — close, analysis, cash mgmt, fixed assets, accruals, audits, merchant rate negotiations, 1099s, MAS 90 implementation; Accounting Supervisor (1995–2002) — payroll for 300+, multi-state payroll taxes, AP/AR/Payroll team supervision, reconciliations, cash forecasting, fixed assets, MAS 90/200 admin, audit coordination.",Senior-level,Sheet1,60,CareerCorpus-xlsx-raw,norm-v1.0-esco-careercorpus,true
15891494,Finance,"B.Sc. Accounting & Finance, Fourah Bay College, Sierra Leone (2013), graduated with honors.","Financial reporting, budgeting/forecasting, internal controls & SOX-style compliance, AML/KYC, bank reconciliations, payroll, cash management, Sage Accounting, data analysis, time management, team supervision; achieved 25% cost reduction; recognized for excellence in analysis/budgeting/forecasting.","Finance Officer (Apr 2014–Jan 2016) — led policies for budgeting/cash/credit, GAAP reporting, deposits, planning, procurement/investment analysis, supervised accounting/payroll/billing, payroll deductions. Administrative/Finance Officer (Apr–Oct 2013) — payroll processing, cash handling, deposits/disbursements, Sage management, income/expense data entry & analysis. Data Entry Supervisor (Apr–Oct 2013) — supervised survey data coding/quality and reporting. Compliance & Internal Controls Officer (Sep 2012–Apr 2013) — daily multi-bank reconciliations, activity reporting, cash counts, CTR prep, AML monitoring/escalations, KYC reviews, control testing.",Mid-level,Sheet1,61,CareerCorpus-xlsx-raw,norm-v1.0-esco-careercorpus,true
78229715,Finance,"B.S. Accounting, Cameron University.","GAAP financial reporting, budgeting/forecasting, variance analysis, account/bank reconciliations, AP/AR, month-end close, revenue recognition/deferred revenue, cash-flow management, audits (prep/support), policies & controls, governance/risk/ethics; tools: JD Edwards, QuickBooks, Great Plains, Timberline, Excel. Drove significant outsourcing cost reductions; created division policies/procedures to restore compliance.","AVP, Finance (Feb 2015–Present) — lead accounting ops, close, reporting & reconciliations for Research Sales & Trading; project-level expense/capex/amortization for Healthcare MR; G/L review; expense forecasting and variance actions. Senior Accountant (2010–2015) — invoicing, cash/banking, collections, AP, accruals/prepaids, bank recs, FS, deferred revenue, close, cash-flow; JD Edwards; audit prep. Senior Accountant (2009–2010) — similar scope; QuickBooks. Accountant (2006–2009) — AR/AP, GL entries, payroll/taxes, reporting, collections, bank recs. Multiple Accountant roles incl. Accountemps and Property Mgmt (2005–2006) — AR/AP, bank recs, invoicing, COA updates, reporting, budgets; Great Plains/Timberline. Tax Specialist (2003–2010) — prepared individual returns (Schedules A–E), corrections/amendments, EOD journals.",Senior-level,Sheet1,62,CareerCorpus-xlsx-raw,norm-v1.0-esco-careercorpus,true
22720697,Finance,"Accounting, Barnes Business College (1988–1990); Computer Programming, Parks Junior College (1985–1987); High School Diploma, Buffalo High School (1985).","AP/AR, payroll, GL journal entries, bank reconciliations, fixed assets, inventory control, state contracts & reporting, audit prep, escrow/real-estate docs, training and process ownership; tools: QuickBooks, Creative Solutions, DacEasy, Paragon/Real Fast Forms, Evolv CS, MS Excel/Word/Outlook; Notary Public; promoted from AP Specialist to Finance Specialist.","Finance Specialist (2010–Present) — payroll with HR, daily receipts, GL entries, state funding reports, fixed assets, inventory, AR/City–County vouchers, audit packages, backup for AP/AR, finance-system trainer. Bookkeeper (2008–2010) — full-charge bookkeeping across multiple companies (AP/AR, payroll/IRS filings, deposits, bank recs, admin). Office Manager/Bookkeeper (2008) — full-charge bookkeeping and office ops. Title & Escrow Agent (2007–2008) — title research/data entry (FAST), HUD-1 prep, deed/orders, loan docs, party coordination. Full-Charge Bookkeeper/Real Estate Salesperson (1995–2007) — multi-LLC books, payroll/IRS, deposits & mineral revenue coding, bank recs, ads/RESPA-compliant listings, contracts through closing, public counter/cashiering tasks.",Senior-level,Sheet1,63,CareerCorpus-xlsx-raw,norm-v1.0-esco-careercorpus,true
70541112,Finance,"MBA, Accounting (1994) and B.S., Business Administration, Cum Laude (1993) — Hawaii Pacific University.","GAAP reporting, budgeting/forecasting, revenue recognition, consolidations, intercompany, reconciliations, audits/controls. ERPs/Tools: PeopleSoft, Oracle 11i, Epicor/Platinum SQL, nVision, Essbase, Assurenet, BlackLine. Cut close 15→9 days, DSO 96→42; automated invoice/credit approvals; instituted monthly ops reviews; five clean audits; corrected $500K opex.","Finance Controller (2014–Now) — revenue-cycle finance, budgeting/forecasting, rev rec, capex governance; $500K opex fix. Division Controller, $700M IT Services (2008–2014) — close/rev rec/billing; automated close; pricing→proformas; Oracle integration; BS recon program. Corporate Controller, $45M global distributor (2002–2008) — built post-acq finance org/ERP; foreign consolidation automation; DSO 96→42; five clean audits. Earlier: Sr Accounting Consultant (post-acq/GAAP, Oracle, FAS 52), Sr Business Analyst ($14M inventory obsolescence plan; Oracle reporting), Finance Director—Education & Client Support (~$500K/yr), Sr Financial Analyst (ERP implementations, SEC reporting).",Senior-level,Sheet1,64,CareerCorpus-xlsx-raw,norm-v1.0-esco-careercorpus,true
20705888,Finance,"B.A. Economics, minor in Political Science & Spanish — Lehman College (2014).",Bilingual (Spanish/English); MS Excel/Word/PowerPoint/Outlook; Turbo Cash; GL maintenance; income statements/balance sheets; budgeting; vault balancing; fraud detection; customer service; meeting facilitation. Community financial-literacy volunteer; athletic team participation.,"Finance Officer (11/2014–Present) — monitor financial systems (Turbo Cash/Excel), assist budgeting, prepare financials, maintain COA/GL integrity, collaborate to optimize R&D spend. Bank Teller (04/2014–Present) — process transactions, cross-sell services, manage vault balances, resolve account discrepancies, weekly product/performance reviews, event support. Earlier: Sales Associate roles (2011–2013/2012) — customer service, merchandising, training; Student Govt Secretary/Senator (2011–2013) — calendars, minutes, reports, budget charts; Ongoing volunteer work (2008–Present).",Mid-level,Sheet1,65,CareerCorpus-xlsx-raw,norm-v1.0-esco-careercorpus,true
28522529,Finance,"M.B.M. (Bank Management), Alagappa University. B.Sc. Certifications: Risk Management (RBI BTC, Mumbai), Derivatives in Treasury Management (NIBM, Pune), Owners Association Management (DREI, UAE).","Banking ops, treasury/cash/ALM, credit & trade finance, forex, risk/KYC/AML, budgeting/forecasting, cash flow, MIS, audits, ERP/Tally/INFOS ERP, AR/AP, internal controls, escrow/trust/asset registers, HR & WPS, community/owners association finance, government & bank liaison; Michigan driver’s license; US green card holder.","Finance Manager (2012–2013) — led finance/accounting & audit for managed communities; budgeting/forecasting, MIS, HR guidance, bank/government liaison; oversaw revenue, purchasing, escrow/trust accounts, board/AGA cycles. Finance Manager (2008–2011) — headed finance; secured credit facilities/LCs/BGs; cash flow, budgeting, MIS, audits, AR/AP; monthly reconciliations; migrated to INFOS ERP; HR/payroll/WPS; purchasing & credit terms. Bank Manager (1993–2008) — Dealer & Funds Manager handling INR ₹18B portfolio; liquidity/ALM, CRR/SLR; credit appraisal (retail/corporate), loan monitoring; branch ops, assets/liabilities; KYC/AML; customer relationships & retail marketing; trade finance/FX (LCs, bills, TC/FX, TT); ECGC/RBI compliance.",Senior-level,Sheet1,66,CareerCorpus-xlsx-raw,norm-v1.0-esco-careercorpus,true
19147603,Finance,"B.S. Commerce, Accounting, University of Batangas (1975); Passed Philippine CPA Board Exam (1982); U.S. Individual Income Tax Course, H&R Block.","Government accounting, auditing, budget development/management, general ledger, bank reconciliation, AP/AR, payroll, financial statements, inventory/procurement, event/logistics coordination; QuickBooks, Microsoft Office (Excel, Word, PowerPoint, Publisher). Increased BIR income tax collections by 500% while Acting BIR Representative; managed consulate funds ~$600K/month and inter-office transfers ~$50K/transaction; strong organization and communication; detail-oriented team player.","Finance Officer, Philippine Dept. of Tourism (1997–2014)—managed funds, GL, reconciliations, financial statements, budgets, payroll, AP, audits, procurement, inventory; supported promotions/events and tour operator outreach. Tourism Assistant (1994–1997)—financial reports, visitor relations, inquiries, personnel records. Finance Officer & Acting BIR Representative, Philippine Consulate General–San Francisco (1985–1993)—funds management, bank reconciliations, annual budgets/reports, AP, deposits, payroll; coordinated with BIR/DFA/COA and U.S. banks. Account Examiner (1980–1985)—audited foreign service posts, prepared disbursement/collection reports, liquidations; finance lead for UNGA/UNCLOS.",Senior-level,Sheet1,67,CareerCorpus-xlsx-raw,norm-v1.0-esco-careercorpus,true
11490673,Finance,"B.S. Business Administration (Human Resource Management), Western International University — Cum Laude. Accounting Certificate, George Mason University (Accounting Honors Society, 2010).","P&L ownership; budgeting/forecasting; working capital/Ebitda targets; SOX & GAAP controls; financial reporting; AP/AR, GL, payroll; inventory control; pricing/margin models; MDA/customer negotiations; HR leadership (policies, hiring→termination, compliance); team building and cross-functional coordination; performance management.","Finance Manager (2013–Present) — division finance lead; drive strategy with executives; own SOX compliance and month-end; oversee inventory control, accounting clerks, contracts, and IT. Senior Administrator (2011–2013) — internal accounting & HR; U.S. HQ and SEA DC P&L/GL reviews; budgets/forecasts; sales reporting DB; vendor negotiations; collections and cash flow; HR policy/compliance. Director of Accounting (2007–2011) — multi-site accounting ops; financial statements, audits, taxes; inventory analysis; budgets/forecasts; trained affiliate directors. Accounting & Benefits Manager (2006–2007) — AP/AR, financials, variance analysis, multi-bank reconciliations; medical billing and FSA administration; department budgets; exit-interview program and policy updates.",Senior-level,Sheet1,68,CareerCorpus-xlsx-raw,norm-v1.0-esco-careercorpus,true
84356308,Finance,"B.S. Mathematics, University of the Punjab (1997). CPA (Institute of Certified Public Accountants, 2012).","Corporate finance, M&A/IPO, due diligence & valuation, IFRS/US GAAP, financial modeling, budgeting/forecasting, treasury, taxation, ERP, internal controls/SOX, risk management, regulatory reporting (CMA). Led $60M rights issue; turnaround from losses to 2.0% then 7.1% net income; reduced G&A from 17%→11%; created tax-efficient structure saving $1.6M/yr; improved receivables turnover 1.58→3.16 and cut doubtful debts by $2.53M; Employee of the Year (2010).","Finance Manager (2017–Present) — led acquisition due diligence, projections, and bank financing; designed controls and budgets; managed treasury/tax/compliance; produced board reporting. CFO (2011–2016) — set strategy; built reporting and reserves; negotiated reinsurance; implemented ERP; reengineered finance (AR/AP/Treasury/GL); drove cost and working-capital improvements. Manager, Audit (2007–2011) — managed multi-country audits; resolved IFRS/GAAP issues; performed due diligence/valuations for M&A and IPOs; delivered control and process improvements; trained on IFRS/ISA. Earlier: Assistant Manager (2006) and Senior Auditor (2002–2006).",Senior-level,Sheet1,69,CareerCorpus-xlsx-raw,norm-v1.0-esco-careercorpus,true
91564103,Finance,"BBA, Accounting — Pontifical Catholic University of Puerto Rico (1992).","Budgeting, GL/account reconciliations, GAAP reporting, ADP payroll, cash mgmt, fixed assets, PR & U.S. tax, QuickBooks/Peachtree/Quicken, Excel (pivots/macros); bilingual (ES/EN); uncovered $75K fraud (won $50K recovery), saved $42K in audit, built 47-client practice ($150K/yr); NATP member.","Finance Manager (2015–2017) charter airline ($4.2M rev): AP, payroll, bank recs, GL, GAAP FS, budgets, cash, controls, fixed assets, exec reporting. Staff Accountant (2012–2015): tax & GL. Founder/Accountant (2000–2015): full-cycle bookkeeping, systems setup/training, compliance, budgeting/forecasting, tax authority representation. Auditor/Manager (1993–2000) across retail/real estate/construction. Staff Accountant (1991–1993).",Senior-level,Sheet1,70,CareerCorpus-xlsx-raw,norm-v1.0-esco-careercorpus,true
22622351,Finance,"B.A., Accounting—Mount Mary College (1995). Ongoing GAAP/GASB/FASB updates; fraud prevention; Covey/Blanchard leadership.","GAAP/GASB reporting, budgeting/forecasting, audit/SOX, governmental accounting, acquisitions, HR/policy, vendor/IT mgmt, union negotiations, leadership. Cut audit adjustments ~100→3 (FY16); outsourced IT (saved $34K/yr); raised pension funding to 93%/85%/94% (~$245K interest savings); close 5→2 days; intercompany imbalance >$1M/mo → <$10K; Chairman’s Award.","Finance Director (2012–Present)—$20M government entity; A&F lead, audits, budgets, SOX, IT outsourcing, negotiations, pension strategy. Director, Finance & HR (2009–2012)—built first finance/HR function; reporting/budgeting, tax, policies, AvaTax, comp design. Controller (2005–2007)—$150M software; reorganized through 4 acquisitions/yr; led 14; multi-state tax; EY-reviewed memos. Accounting Manager (1999–2005)—$3.5B division; team 7→30; SOX rollout; cycle-time & intercompany fixes; SEC/IRS compliance. Accounting Manager/Plant Controller (1995–1999)—two acquisitions; standards, inventories, monthly reporting. Owner/Manager (2007–2010). Earlier: Accounting Clerk (1990–1995).",Senior-level,Sheet1,71,CareerCorpus-xlsx-raw,norm-v1.0-esco-careercorpus,true
24530382,Finance,"Certified Project Manager, Stanford (2014); B.S. Business Administration/Finance, San José State.","FP&A, consolidations, M&A, PMO, system integration, process re-engineering, SOX, P2P/O2C/R2R, treasury, tax, capital planning, leadership; launched 200+ finance projects, built Finance PMO for $45M capex, cut stock-admin cycle 70%, delivered $13M treasury platform, led Tandberg/Starent integrations, 95% adoption from Ariba→Oracle iProcurement.","Director, Finance (2010–Present) leading 48-person global team; Sr. Manager, Acquisition Integration (2008–2010); Sr. Manager, Finance (2003–2008); Program Manager (2001–2003); Manager (1998–2001); Sr. Financial Analyst (1996–1998); earlier: Pricing Analyst (1993–1996), Cost Schedule Analyst (1990–1992).",Senior-level,Sheet1,72,CareerCorpus-xlsx-raw,norm-v1.0-esco-careercorpus,true
27018361,Finance,"B.Com, University of Madras (2006).","Fixed assets (capitalization, transfers, disposals), WIP/AUC control, AFE creation, CAPEX reporting, statutory reports (A202 US tax, Flux), GL reconciliation, internal controls, internal audit testing, divestment support, SAP/WBSE, AP, depreciation, Tally 6.3/7.2, Windows; strengths in communication, people management, change adaptability, negotiation, and analysis; recognized with 100C Award, Business Excellence Award, Star of the Month, and Siemens Best Performer.","Finance Analyst (Jan 2009–May 2016)—owned AUC reviews and WBSE status, monthly close and CAPEX submissions, statutory reporting, asset capitalization/write-offs, PWC audit queries, control operator for Exploration B/S review, SPOC for adhoc and compliance; Process Associate, Home Depot program (Jun 2007–Jan 2009)—FA/AP flow from CIP to capitalization, transfers/disposals, cost adjustments, month-end depreciation, CIP reconciliation; Process Associate (Apr 2006–May 2007)—MI consolidation/audit, query handling, new-hire training, Lean training, top-productivity achievements.",Mid-level,Sheet1,73,CareerCorpus-xlsx-raw,norm-v1.0-esco-careercorpus,true
92524964,Finance,"B.Com, Andhra University (1980); PG Diploma in Financial Management, Annamalai University (2001); Computer diplomas (Comanche, IDS, Tally 4.5, Touch Key, Sun; MS-Office, Lotus, dBASE, UNIX, WordStar, Informix 4GL).","Hotel finance leadership, MIS & budgeting, variance reporting, cash flow, P&L, GL, AR/AP, bank reconciliation, inventory & procurement control, insurance, payroll & taxes (VAT/withholding/income), audit (internal/statutory) and finalization; policy/procedure setup; market rate benchmarking, ADR liaison with Sales/Marketing; strengths in communication, leadership, and working under pressure.","Finance Manager—Mövenpick Hotel Sukhumvit 15 Bangkok; Finance Manager—Ramada Hotel & Suites Bangkok (Wyndham’s first managed hotel in Asia); Finance Manager (2006–2007); Deputy Manager, Finance (1980–2005), 4-star hotel, Visakhapatnam—full-spectrum accounting (ledgers, TB, P&L, balance sheet), audits, statutory filings, cost control for food & beverage, budgets/MIS, insurance, banking, tax compliance, and administration.",Senior-level,Sheet1,74,CareerCorpus-xlsx-raw,norm-v1.0-esco-careercorpus,true
19405513,Finance,"B.S. in Finance, Bentley University (Dean’s/President’s List); Study Abroad—Universidad de Navarra (International Business); Advanced Spanish.","Variance analysis, financial modeling, GL/bank reconciliations, AP/AR, fixed assets & prepaids, investment activity, board reporting, 10-Q/10-K support, SOPs, Advanced Excel, Salesforce, SNL (GL live feed), Primatics Evolv, Intacct, Oracle, Peachtree, Access, PowerPoint; reduced AP processing cost ~95% ($1→$0.05/payment); led Purchase Loan Accounting (Evolv) adding ~$300K/month (~43% EBT); supported Riverside Bank acquisition ($550M→$850M assets).","Finance Specialist (09/2014–Current, bank)—AP, prepaids, fixed assets, fair-value of acquired loans, purchase accounting SOPs, 10-Q/10-K tables, SNL implementation, GL/bank recs, investments, cross-functional leadership; Deposit Operations Associate (04/2014–08/2014)—items processing, ACH, wires, GL recs, procedure updates; Accounting Associate (09/2012–05/2013)—AP/AR, automated 1099s in Intacct, IRS liaison, bank recs, loan P&I, Salesforce→Intacct, FX revaluation/hedging, financials with Controller; Community Consultant (07/2012–08/2012)—microfinance outreach in Guatemala, sales/market research, data analysis/presentation.",Mid-level,Sheet1,75,CareerCorpus-xlsx-raw,norm-v1.0-esco-careercorpus,true
17775916,Finance,"B.Com (Hons), Calcutta University, 2004.","Budgeting/forecasting, IRR/NPV, cash flow & WC analysis, revenue recognition, MIS/board reporting, audit packs, credit control, asset register/depreciation, BG/LCs, indirect tax compliance, team leadership; tools: Oracle ERP, SAP, Tally, MS Office.","Ricoh India—Senior Finance Exec (09/2012–02/2015, NCR) → Branch Finance Manager (02/2015–Present, Kochi); DIC India (Coates)—Finance Exec (02/2008–09/2012, Kolkata/Hyderabad); Flameproof equipment JV—Finance Officer (05/2006–01/2008, Kolkata); Garments firm—Accounts Assistant (04/2004–04/2006, Kolkata).",Senior-level,Sheet1,76,CareerCorpus-xlsx-raw,norm-v1.0-esco-careercorpus,true
18975686,Finance,"B.A., Music — Southern University, Baton Rouge, USA; Dale Carnegie Sales & Management training; multiple self-funded sales seminars.","Automobile financing (F&I), loan packaging/approvals, aftermarket products (warranty/maintenance) sales, documentation & state/bank compliance, customer experience, negotiation, sales training/coaching, team leadership (10–18 reps), process development, charts/graphs reporting. Insurance: Louisiana Life/Accident/Health and Property & Casualty licenses.","Finance Manager (multiple dealerships, 2010–2014): secured financing, completed all state/lender docs, drove warranty/maintenance attachment, built repeat business. Sales Manager (2009–2012): hired/trained team, standardized training, lifted CSI & sales. Business Manager (2003–2009): F&I revenue growth via financing and aftermarket sales; created reporting and promos; 12 consecutive quarters of top CSAT.",Senior-level,Sheet1,77,CareerCorpus-xlsx-raw,norm-v1.0-esco-careercorpus,true
28758002,Finance,"B.S., New York Institute of Technology (1996); MBA (Finance), NYIT (1998).",Led teams to 100; GAAP GL/close; budgeting/forecasting; tax & regulatory; grants/government reporting; credit analysis; process/controls design; collections improvement; LOC setup; branch consolidation; reporting system upgrades; stakeholder management.,"Finance Controller (08/2010–09/2017)—owned accounting/GL/GAAP, closes, budgets/forecasts, tax, investment tracking; Administrator (10/2008–09/2017)—ran 32-person corporate practice group, payroll tax manual, credit analyses, financial ops & reporting; Manager of Finance (02/1997–12/2006)—improved collections, upgraded accounting/controls, supported audits, managed budgets/grants, agency liaison; Controller (02/1990–12/1996)—established LOC, implemented budget vs actuals, consolidated branches, upgraded GL/AP, reported to BOD, oversaw HR/admin/IT.",Senior-level,Sheet1,78,CareerCorpus-xlsx-raw,norm-v1.0-esco-careercorpus,true
59938965,Finance,"BBA, Accounting — Mercer University (1999).","F&I product sales; loan packaging/processing; credit analysis; lender relationship management; disclosures & paperwork control; customer service & rapport building; process improvement & reconciliations; project management; leadership/teamwork; platforms: ADP, Reynolds & Reynolds, UCS, DealerTrack.","Finance Manager (11/2003–05/2004) — tracked/disbursed loans, ensured full disclosures, controlled contract flow, maintained lender relationships across four franchises; Finance Manager (02/2002–10/2002) — needs-based selling, met FL quotas, presentations/closing, sales/relationship training; Finance Manager (03/2001–02/2002) — analyzed personal credit lines, coordinated full loan services, cross-functional collaboration; Senior Credit Representative (04/2000–03/2001) — managed 26 sales centers’ accounts, implemented reconciliation process, produced billing and management reports.",Mid-level,Sheet1,79,CareerCorpus-xlsx-raw,norm-v1.0-esco-careercorpus,true
28396458,Finance,"Business/Marketing and Business Administration coursework—Coeur d’Alene High School (1985), North Idaho College (1987), Trend Business College (Honors).","15+ years in F&I; menu selling (VSC, maintenance, aftermarket); credit analysis, loan packaging, e-contracting, titling/DMV, compliance; CRM/database management; team supervision; top Finance Manager (last 2 years), Salesman of the Year (2002), Closer of the Year (2003), ~$2,000 PVR, consistent penetration targets and CSI.","Finance Manager (08/2012–Present)—structure deals, verify credit/employment, secure lenders, maintain profitability and CSI, ensure paperwork accuracy; Finance Director/Sales Manager (09/2006–07/2012)—ran loan origination, prime/subprime lender relations, reporting, process compliance, staff training; Sales Manager (05/2001–09/2006)—managed high-volume team, forecasting, coaching, deal support; Owner/CEO (07/1995–05/2001)—built e-commerce business, full P&L, AR/AP, marketing, operations.",Senior-level,Sheet1,80,CareerCorpus-xlsx-raw,norm-v1.0-esco-careercorpus,true
27914096,Finance,"BBA, Accounting — University of Massachusetts Amherst (1996), Cum Laude, GPA 3.3.","Budgeting/forecasting, strategic planning, P&L and variance analysis, financial modeling, due diligence/M&A support, pricing and contract review, AR oversight, audit streamlining, cross-border event finance; tools: Excel/Access/PowerPoint/Outlook/Word, PeopleSoft, Onyx, Citrix.","Finance Manager (03/2003–Present)—own budgets/forecasts/strategic plans for 10 trade shows; analyze P&Ls and GL, approve spend, price packages, manage onsite show finance, create reporting, redesign processes, monitor AR, support France cross-border events, train staff, streamline audits. Portfolio Administrator (06/2000–06/2001)—maintained financial data for 70+ portfolio companies; liaised with C-suite; ran quarterly meeting reporting; analyzed statements to inform investment strategy. Staff Accountant (10/1998–06/2000)—prepared consolidated financials; automated consolidation in PeopleSoft; performed analyses; supported IR. Advanced Staff Auditor (10/1996–10/1998)—audited multi-industry clients; GAAP research; control assessments and recommendations.",Senior-level,Sheet1,81,CareerCorpus-xlsx-raw,norm-v1.0-esco-careercorpus,true
57088974,Finance,Accounting Associate Degree — Barnes Business College.,"Financial reporting/close, budgeting/forecasting, variance & regulatory reporting, cash management, GL/AP/AR controls, reconciliations (35+ bank accts), audit support, systems conversions/redesigns, team leadership; 20+ performance/cost-saving awards.","Finance Manager (05/2008–Present)—lead accounting team, own close/reporting, cash transfers, AP/GL oversight, controls, audits, systems improvements; Financial Analyst II (11/2000–04/2008)—contract billing/reporting, GL & 35 bank recs, debt tracking, compliance liaison, A/P supervision, software/hardware conversion; Corporate Accountant (08/1998–10/2000)—budgets, full-cycle financials, GL/AP/AR, mentoring, system redesigns; Resort Revenue Manager (07/1991–08/1998)—multi-unit revenue audit, staff mgmt (~20), high-volume cash/credit control, intercompany banking, audit prep.",Senior-level,Sheet1,82,CareerCorpus-xlsx-raw,norm-v1.0-esco-careercorpus,true
26231609,Finance,"B.S. Business Administration (May 2008, GPA 3.95); M.S. Professional Accounting, Seton Hall University (Dec 2009, GPA 3.94).","Financial modeling, P&L/variance analysis, budgeting/forecasting, capital review, deal modeling/ROI, SOX/internal controls, FCPA auditing, data analytics, dashboards (Essbase/Hyperion, PeopleSoft, Tableau, Access/Excel), reporting to senior leadership; built standardized monthly reporting and deal tracking; supported $1.5B region and 5,000-employee SWB forecast.","Finance Manager (Jul 2014–Present)—own models and business cases for managed labs, streamline monthly reporting, lead underperformance audits and remediation, quarterly results presentations, annual budgets/forecasts, capital requests, and department cost budget. Senior Financial Analyst (Jun 2012–Jul 2014)—partnered with regional ops on P&L trends for $1.5B region, automated budget/forecast models, led headcount/SWB forecasting for ~5,000 employees, owned supplies/opex and capital budgets, fixed-asset SME, controls/process improvements, SOX support. Senior Auditor, Internal Audit (Nov 2010–Jun 2012)—led domestic/international audits, supervised 2–5 staff, ran FCPA testing/remediation with Legal, planned/scoped audits, introduced data analytics, authored risk-rated reports. Senior Auditor (Aug 2008–Nov 2010)—performed financial audits of SEC registrants and government entities.",Senior-level,Sheet1,83,CareerCorpus-xlsx-raw,norm-v1.0-esco-careercorpus,true
20836112,Finance,"B.A. in Journalism, Southern Illinois University (2015); A.A. in Creative Writing, Lincoln College (2012).","Fundraising and budget allocation (raised ~$2,000 for council), event planning and production, public speaking, creative writing, social media marketing, liaison/relationship management, committee leadership; created Black Businessmen Banquet and “5 Points Program”; mentorship impact via SIS.","Finance Director, Minority Student Leadership Council (10/2012–[ongoing in doc])—liaison to B.I.B., fundraised, allocated budgets, ensured weekly financial compliance; Advocate, Sisters Interacting Successfully (08/2012–Current)—mentored first-year women, built retention programming, connected to campus resources; Vice President, Blacks Interested in Business (08/2013–01/2014)—managed committee chairs, MSLC point of contact, organized cross-college events.",Mid-level,Sheet1,84,CareerCorpus-xlsx-raw,norm-v1.0-esco-careercorpus,true
28398216,Finance,"B.S. Commerce (Accounting), University of Batangas (1975); Philippine CPA—passed (1982); H&R Block U.S. Individual Income Tax; member: PICPA, GACPA.","GL control, bank recs, FS/reporting, budgets, AP/AR, payroll, procurement, audit liaison, events/logistics; boosted BIR income-tax collections ~500%; managed consulate funds ~$600K/month and ~$50K/transfer; tools: QuickBooks, MS Office.","Finance Officer—Philippine Dept. of Tourism (1997–2014); Tourism Assistant (1994–1997); Finance Officer & Acting BIR Rep—Philippine Consulate General, San Francisco (1985–1993); Account Examiner (1980–1985).",Senior-level,Sheet1,85,CareerCorpus-xlsx-raw,norm-v1.0-esco-careercorpus,true
26961846,Finance,"B.S. Accountancy, Holy Angel University (2006, Cum Laude); Philippine CPA—passed Oct 2006.","Month-end close, budgeting/forecasting, cash flow reporting, FS & tax return prep, audit liaison (internal/external), AP/AR, billing, collections, petty cash, reconciliations, inventory and contract files, process improvement (built workbooks that cut overtime), customer/resident support; tools: MS Office/Excel.","Finance Specialist—Balfour Beatty Communities (Nov 2014–Jan 2015): processed vendor invoices and rental payments, petty cash, BAH reconciliations, resident out-processing/inspections, mail, collections, card payments; Financial Accountant—Leighton Asia subsidiary (May 2008–Sep 2011): supervised general accounting and month-end close, client billing/collection, 15-month budgets, cash flows, management packs, SEC/BIR filings, external audit POC, PCAB licensing, internal audit support; Associate Auditor—SGV & Co. (EY member) (Nov 2006–May 2008): audits across industries, identified misstatement fix, inventory observations; Audit Staff—Sicangco, Menor, Villanueva & Co. (Apr 2005–Jun 2005): OJT assisting audits.",Senior-level,Sheet1,86,CareerCorpus-xlsx-raw,norm-v1.0-esco-careercorpus,true
37931076,Finance,"A.A. in English, South Suburban College (Spring 2014).","Loan packaging & verification, lender relations, title/tax/DMV paperwork, posting sales & payoffs, cash handling/deposits, bank reconc basics, spreadsheets/reporting; ADP; MS Office (Excel, Word, PowerPoint, Outlook).","Finance Assistant (Sep 2016–Aug 2017) — organized customer files, packaged complete finance contracts for multiple lenders, safeguarded confidential data, coordinated with accounting/sales, maintained lender rep relationships. CSR (Apr–Sep 2016) — verified loan applicants, made daily deposits, managed cash drawers, logged due/overdue accounts. Title Clerk (Oct 2015–Feb 2016) — processed car deals; prepared tax/title/payoff checks; handled vehicle registrations; posted sales/purchases; cut auction/referral checks; tracked purchases in spreadsheets; processed aftermarket add-ons. Cashier/Receptionist (Jul 2014–Aug 2017) — front desk, phones, data entry, receipting. Cashier/CSR (Nov 2010–Apr 2014) — POS, refunds/credits, merchandising support, assisted store management.",Mid-level,Sheet1,87,CareerCorpus-xlsx-raw,norm-v1.0-esco-careercorpus,true
16426777,Finance,"MBA Finance, Univ. of Maryland (3.73); BA, NYU—Chem/Math/Chinese (3.93; UNCF–Merck Scholar).","Capital planning (~$1.7B), budgeting/forecasting, variance/COGS/LRP, restructuring & asset accounting, SOX/controls, CMO finance; Hyperion/Essbase, Cognos, SAP, JD Edwards, Excel (macros), Access, MS Office; Spanish; Six Sigma.",Director—Global Capex (2014–present); Director—Americas & MCC Mfg (2013–2014; ~$1B; +10% productivity); Assoc Director—Biologics PLC/Sourcing (2011–2012; $165M; make-vs-buy; CMO liaison); Manager—MMD Planning/Reporting (2008–2011; $10B; 5-yr plan; restructuring/accel. depr.); Manager—MMD Std Reporting (2007–2008; global templates; 3 reports); Sr FA—Sales & Marketing (2006–2007; ~$20M; pricing/royalties/commissions; headcount tools); Sr FA—WPQO/Vaccine Tech & Eng (2004–2006; ~$100M; forecasting models; Six Sigma liaison); Sr Internal Auditor (2002–2004; 11 audits; SOX).,Senior-level,Sheet1,88,CareerCorpus-xlsx-raw,norm-v1.0-esco-careercorpus,true
28623782,Finance,"MBA, University of Phoenix; B.S., Public Management (HR), Florida A&M University.","AR/AP & credit, trade-spend budgeting, pricing/contract risk, forecasting & P&L, SAP/MicroStrategy/Excel; recognized by NAEs; cut pricing resubmissions 10%, reduced checkbook variances 10%, invoice cycle to 10 days, boosted ACH +47% improving receivables ratio 83%, built checkbook reconciliation/training.","Finance Specialist (2013–2015)—FP&A partner on 12M cases/$58M DNGP, managed $87.6M trade spend, PAT/SOX, exec reporting; CMA Analyst (2011–2013)—key-account reconciliations, rebates/NRS ($6M), GL accuracy, SOX/SEC/EY; Credit Rep II (2010–2011)—AR/credit risk for bottler M&A, DSO, 97th-percentile portfolio; Credit Rep I (2009–2010)—AR for Subway West ($3M), reconciliations, SAP cash-app fixes; A/R Manager (2007–2008)—B2B receivables, liquidation reports, team lead; Accounts Receivables (2007)—third-party collections; Dept. Manager, A/R & Collections (2004–2007)—led 15 reps, KPIs, ADP payroll.",Mid-level,Sheet1,89,CareerCorpus-xlsx-raw,norm-v1.0-esco-careercorpus,true
81677620,Finance,"MBA (Finance), Brooklyn Park University; additional master’s-level study.","Annual budgets & forecasts, cash-flow management, GL/FS reporting, internal controls/MIS, bank liaison (LCs/guarantees, FX remittance), export/import documentation, AP/AR, payroll, audits, inventory; systems: SAP, Oracle E-Business Suite 11i, Tally; multilingual (Urdu/Hindi/English; Arabic intermediate).","Finance Manager (02/2001–09/2014, Riyadh)—owned budgets/forecasts, cash flow, GL/FS, policies & procedures; coordinated audits/statutory reporting (incl. Zakat); led banking, LCs/guarantees, inventory/MIS; supervised finance staff and month/quarter/YE close on Oracle. Chief Accountant (01/1997–01/1999, Dammam)—full-cycle accounting, MIS, fixed assets, reconciliations, payroll, bank & card settlements, SOX-like controls; managed audits and client/vendor AR/AP. Accountant (05/1992–09/1996)—bookkeeping, bank recs, ledgers/journals, vouchers, cash handling, FS prep.",Senior-level,Sheet1,90,CareerCorpus-xlsx-raw,norm-v1.0-esco-careercorpus,true
14413148,Finance,"B.S. Accounting, University of Albuquerque (Cum Laude), 1966.","40+ years in AP/AR, payroll, budgeting, cost proposals, CAS disclosure/cost impact; led audits and pricing reviews; AIA Cost Principles Committee member—contributed to 48 CFR 15 rewrite on commercial pricing; built Excel bid/home-office allocation models; trained plant controllers; resolved $8M AR on B-2 materials; streamlined fund accounting (staff −24%, audit fees −40%).","Finance Manager (04/2004–06/2011)—state program budgets; subgrant audits; leases/contracts review; staff training. Owner (03/2001–08/2004)—audited 50+ county fair vendors; daily revenue/compliance reporting. Director, Govt Contracts/Costing (1988–2001)—reviewed proposals for 8 plants; negotiated with DCAA/DCMA/prime; managed contract accounting for B-2; ran home-office allocations, AP, payroll; cleared $8M receivables. Senior/Special Projects Auditor (1979–1987)—DOE O&M contractor; proposal/cost reviews; operational audits; construction change-order negotiations; liaison to USAF OSI/DOE IG. Controller (1978–1979)—multi-city fire services; full controller remit. Controller (1976–1977)—tribal gov’t agency; computerized fund accounting; GAAP training; staff/audit cost reductions.",Senior-level,Sheet1,91,CareerCorpus-xlsx-raw,norm-v1.0-esco-careercorpus,true
76454959,Finance,"B.A., Economics — Hofstra University (1989).",Financial modeling/reporting (Oracle/JD Edwards/Hyperion/MS Office); budgets/forecasts; close; sales comp design/admin; KPI/exec reporting; process improvements ($1M+); team leadership; ADP payroll.,"Finance Director (2013–Present) — partner to CFO/Product/Marketing/Sales; EBR member; redesigned comp; KPIs; budgets/forecasts; ad-hoc C-suite analyses; team coaching. Prior: Finance Manager (2008–2012) $225M P&L, automated commissions; Finance Manager (2005–2008) $57M, +$1M efficiencies, multi-site teams; Sr/Financial Analyst (1992–2005) budgets for $41M–$550M divisions, close, reporting, awards, ADP payroll, staff supervision.",Senior-level,Sheet1,92,CareerCorpus-xlsx-raw,norm-v1.0-esco-careercorpus,true
11441764,Finance,"MBA, Business (2010) — University of Phoenix; B.S., Accounting (2006) — University of Phoenix.","SAP (business process owner, go-live), Dynamics AX, JD Edwards, AS400, MAS90, Great Plains, QuickBooks; GAAP/IFRS/JSOX/SOX/ISO; Access/SAS/SQL; FP&A, close, payroll/HR (ADP/UltiPro), inventory/control, procurement/logistics; built teams, instituted controls, lean practices, audit readiness.","Finance Manager (2011–2014) — led accounting, procurement, budgets, payroll, SOX; managed supply chain, implemented lean, corporate transition; provided reports for 3 plants. Accounting Manager (2008–2011) — global intercompany, closes, audits, AR aging; set policies, cross-training, team lead (≤4). Corporate Controller (2008) — rebuilt dept (6 reports), SAP implementation, internal controls, bank audits; financials for 3 plants (~$80M). Cost Accountant (2007–2008) — plant financials, variance/cost analysis, SOX controls, inventory/asset reviews, budgeting. Supply Specialist (1999–2007) — inventory control and asset disposition.",Senior-level,Sheet1,93,CareerCorpus-xlsx-raw,norm-v1.0-esco-careercorpus,true
24411323,Finance,"Certificate—Finance & Automotive Insurance (2014), UDS.","Communication, contracts/negotiation, cross-cultural sales, marketing, leadership/management, bilingual; maintained lender relationships; exceeded monthly sales goals by 40%; led 12-member team to 20%+ monthly over-target.","Finance Manager (11/2010–01/2015)—auto sales: customer rapport, objections handling, closings, warranties/aftermarket, competitive model knowledge, community prospecting. Finance Manager (02/2015–08/2015)—secured financing, explained products/policies, processed deals through proper channels. Finance Manager (11/2015–08/2016)—negotiated/reviewed contracts/financial models, hands-on client negotiations, secured loans. Earlier: CNA (01/2003–07/2010)—patient care, documentation, team collaboration.",Mid-level,Sheet1,94,CareerCorpus-xlsx-raw,norm-v1.0-esco-careercorpus,true
33685988,Finance,"B.S. Business Administration—Finance (2009), Northern Caribbean University, Jamaica; Certificate of Management Studies & Sixth Form Business Certificate (2002), University of the West Indies / St. Hugh’s High School.","ACCPAC, bank/GL reconciliations, budget/cash-flow analysis, interest payable & savings schedules, investments/bonds, payroll, inventory control, customer service; streamlined daily reconciliations, cleared schedule errors with BPI team, met departmental targets, trained staff, improved SOPs and reporting timeliness.","Finance Officer (05/2011–01/2016)—G/L reporting, audit schedules, savings & interest payable reconciliations, investment accounting, price/volume budget analysis, accretion/amortization schedules. Payroll Assistant (11/2010–12/2010)—bank reconciliations, cleared outstanding items. Accounts Officer (01/2007–01/2009)—GL postings, bank recs, procedures to resolve unreconciled items, cash-flow reports. Supervisor & Senior Accounts Clerk (01/1997–01/2007)—led 11 staff; payroll, monthly inventory updates/reconciliations, island-wide inventory directives, SOP training, customer dialogue, returns filing.",Mid-level,Sheet1,95,CareerCorpus-xlsx-raw,norm-v1.0-esco-careercorpus,true
62850928,Finance,"B.S., Business Administration (Accounting & Finance), The Ohio State University.","Budget prep/variance analysis, cash-flow forecasting, GL reconciliations, treasury & debt compliance (EMMA/bond covenants), grants oversight ($15M+ annually), PFC program management, Prophix SME/admin, reporting to FAA/DOJ; reduced chargeback exposure window; trained analysts and staff.","Manager, Finance (12/2007–Current)—own operating budget schedules, cash-flow, GL recs, treasury/debt, EMMA compliance, grants/PFC, Single Audit SEFA, DOJ/DEA reporting, capital projects DB, payroll/benefit budgets; lead Prophix, advise departments, supervise staff. Capital Funds Accountant (05/1999–12/2007)—capex invoice/grant review, prevailing-wage compliance, PFC collections, bond/PFC/grant accounting and GL recs, deferred revenue, DEA processing, management reporting. Senior Financial Analyst (10/1997–03/1999)—fund reporting, expense/accrual analysis, audit liaison, board books, analyst training. Chargeback Analyst (06/1995–10/1997)—managed $1.2M+/week vendor, cut resubmission exposure from 120+ to 60 days, reconciliations and collections.",Senior-level,Sheet1,96,CareerCorpus-xlsx-raw,norm-v1.0-esco-careercorpus,true
34250007,Finance,"B.A., Business Administration (Finance), Mount Union College (Alliance, OH).","BU planning (annual/LRP/LBE/S&OP), Tableau market/share analysis, SOX testing, month-end close & variance commentary, AP&G budgeting, GL reconciliation, royalty tracking, tax packages; SAP & HOST Analytics SME; mentor/supervisor of FPDP talent.","Finance Supervisor (05/2012–Current)—lead/consolidate plans/forecasts for Adult & Therapeutic Nutrition BUs; manage AP&G budgets; E&O analysis; month-end consolidation & variance; royalties; GL daily recs; swell allowance accruals; SOX testing; supervise FPDP rotation; SAP/HOST SME. Senior Mutual Fund Accountant (08/2004–11/2005)—financials, expense/accruals, returns, filings, NAV; mentor new associates. Accounting/Finance Intern (06/2002–03/2003)—reconcilements, commercial loan audits, budgets.",Senior-level,Sheet1,97,CareerCorpus-xlsx-raw,norm-v1.0-esco-careercorpus,true
74849878,Finance,"B.A. History, Texas A&M University–Corpus Christi (2014); Lone Star Community College; High School Diploma (2008).","Financial statements and balance sheets, AP/AR, expense reports, sales tax and bank deposits, data entry/databases, QuickBooks, Excel, PowerPoint, Word, customer service.","Finance Assistant (06/2013–09/2013) — entered revenue/expenses, prepared balance sheet & P&L, reports, invoices/POs, sales tax, bank deposits; Catering Specialist (01/2012–06/2012) — order prep/delivery, route management; Customer Service/Driver/Food Line (02/2009–11/2011) — order entry, prep, delivery.",Mid-level,Sheet1,98,CareerCorpus-xlsx-raw,norm-v1.0-esco-careercorpus,true
25497147,Finance,"A.A., Business Management — Midwest Business College, USA (1978), plus continuing coursework in Advanced Financial Accounting, Revenue Recognition, and specialized industry GAAP.","GL accounting, AP/AR, reconciliations (bank, balance sheet), financial statements & reporting, budgeting/forecasting, audits (financial statements/governmental), invoice coding, payroll, compliance/testing, funds & investment accounting, documentation/process improvement, spreadsheets & databases; QuickBooks and other accounting software.","Finance Accountant (05/2012–present) — managed accounting ops for 28 funds; collaborated on audits for 23 funds; handled AR for 23 funds; posted ~189 JEs, 68 online transfers, and 2,398 payments; prepared financials, reconciliations, GAAP-aligned reporting, and maintained confidential banking data. Staff Accountant (01/2011–03/2012) — bank recs, payroll/bonuses, pension & investment processes; automated procedures to cut time/cost; GL coding and AP processing. Accountant (05/2005–09/2010) — tracked capital spend, reviewed financials, coordinated AP approvals, month-end close, bank recs, AR documentation, and vendor payments. Corporate Accountant (02/1998–11/2004) — improved admin/procedural accuracy, tracked deadlines, coordinated cross-dept meetings, and supervised billing/collections staff.",Senior-level,Sheet1,99,CareerCorpus-xlsx-raw,norm-v1.0-esco-careercorpus,true
31948488,Finance,"B.B.A., Business Administration — University of Central Oklahoma (1989).","Financial reporting; budget & cash-flow forecasting; AP/AR; GL & bank recs; fixed assets; audit prep; vendor/credit-card admin; HR/payroll liaison; process improvement; tracked 30+ projects; verified 200+ GL accts/month; tools: Financial Edge, QuickBooks, Excel/Word, Microsoft Project.","Finance Manager (11/2009–10/2015) — budgets, budget-vs-actuals, cash-flow, audits, GL/bank recs, fixed assets, credit cards, HR files, payroll liaison; Accounting Technician (10/2006–07/2009) — accruals, document validation, variance resolution, 30+ project spend tracking, 200+ GL accts/month, reports; Owner/Bookkeeper (01/2006–07/2006) — full-charge bookkeeping incl. AP/AR, JEs, 1099s, tax prep, recs, invoicing, deposits, CPA liaison; Office Manager (04/2003–12/2005) — office ops, procurement, vendor/agency liaison, customer relations, MS Project tracking, bids, AP/AR, recs, QB reports.",Senior-level,Sheet1,100,CareerCorpus-xlsx-raw,norm-v1.0-esco-careercorpus,true
18640927,Finance,"2 years Medical Engineering/Business Management, Baker College; AAGI Finance Management Course; multiple OEM product/sales trainings; United States Air Force veteran (honorable discharge).","Team leadership, relationship selling, time management, closing, sales management, inventory & floorplan control, F&I compliance (federal law) and menu selling, lender relations/CIT funding; GM & Nissan certifications; CSI 100% (Buick/Cadillac/Chevy/GMC); #2 dealership F&I penetration (~$1,050 per copy); lifted used-car gross/unit from <$800 to >$2,000; multiple GM “Legion of Leaders” awards.","Finance Manager, Lasco Ford (01/2013–03/2016)—lead F&I, product presentation to all buyers, lender documentation, funding timeliness; Assistant Sales Manager/Sales, LaFontaine Auto Group (01/2007–01/2009) & Sales Consultant, General RV—new/pre-owned & RV sales, inventory/lot support, top-10 volume/gross; Assistant Used Car Manager/Sales, Bill Fox Chevrolet (01/2000–01/2005)—sales support, repeated Legion of Leaders; Used Car Manager, Expressway Ford (01/1998–01/2000)—inventory/auctions/wholesale, training, gross/unit ↑> $2K; General Sales Manager (01/1996–01/1998)—two stores, desking, finance submissions, staffing, advertising; Sales/Assistant UCM, Albert Chevrolet (01/1991–01/1996)—new/used sales, rebate/program expertise; Munitions Systems Specialist, USAF (01/1985–01/1988)—tactical ordnance assembly/maintenance.",Senior-level,Sheet1,101,CareerCorpus-xlsx-raw,norm-v1.0-esco-careercorpus,true
15906625,ACCOUNTANT,"B.S. in Accounting, Northwestern State University of Louisiana (2002). Graduated magna cum laude; Phi Kappa Phi and Alpha Lambda Delta member; CPAExcel Scholar; George H. Rothschild Scholar; Dean’s List every term.","Government accounting, financial statements, bank recs, AP/AR, fixed assets, payroll, budgeting, closes, tax, GAAP.","City of Alexandria Accountant (2013–present)—lead AP & fixed assets; statements, bank recs, JEs, closes, 1099s, FEMA/GOHSEP reimbursements; prior—hospital F/S & budgets (2009–2013); public tax & payroll (2006–2008); tax & audits (2003–2004).",Senior-level,Sheet1,102,CareerCorpus-xlsx-raw,norm-v1.0-esco-careercorpus,true
30361788,ACCOUNTANT,"BBA in Accountancy, Western Michigan University, Haworth College of Business (2010).","School fund accounting; general ledger, bank recs, AP/AR; cash-flow forecasting; budget analysis/forecasting; governmental reporting; school bond experience; advanced computer skills and process improvement; CFO certification, Michigan School Business Officials.","Accountant, Jul 2014–Present—own GL for district, reconcile multiple bank accounts, project cash flows, manage AP/AR, simplify governmental reporting, analyze and amend budgets, assist auditors on financials, provide board financial data, create POs, reconcile student lunch accounts, prepare year-end tax documents, train staff on accounting software. Staff Accountant, Nov 2010–Jul 2014—AP for three districts, process POs and 1099s, produce weekly reports, streamline document attachment workflow. Package Handler, Aug 2007–Sep 2010—multiple Employee of the Month awards.",Senior-level,Sheet1,103,CareerCorpus-xlsx-raw,norm-v1.0-esco-careercorpus,true
21031285,ACCOUNTANT,"M.S. Accounting (2011), BBA Accounting (2009), Prairie View A&M;","grants/restricted funds, budgeting/forecasting, GAAP/SOX, effort reporting (EPAF/JDUF), AP/AR, bank/GL recs, variance analysis, PO lifecycle, process improvement; Tools: Excel (macros/VLOOKUP), Access/SmartView, SAP, PeopleSoft/Resource One, Business Objects, SQL, iLabs; Achievements: macro recon template (+20% efficiency), trained 240+ on P-card, Research Ops Curriculum (2015), CPA candidate;",Accountant 2014–present (research finance); Staff Accountant 2012–2014 (Sysco); Accountant/Auditor 2010–2012;,Senior-level,Sheet1,104,CareerCorpus-xlsx-raw,norm-v1.0-esco-careercorpus,true
25749150,ACCOUNTANT,"B.A. Accounting, Central Connecticut (2010); Accounting studies, Univ. of Hartford (2016, GPA 3.8);","ICD-10/ICD-9, CPT/HCPCS, EMR, HIPAA, claim entry/payment posting, insurance verification & authorizations, AR/AP, billing, registration, GL/bank recs, variance resolution;","Accountant (2012–2014), Medicare Compliance Coder (2010–2012), Hospital Access Rep (2010–2012), Patient Financial Rep (2006–2016);",Mid-level,Sheet1,105,CareerCorpus-xlsx-raw,norm-v1.0-esco-careercorpus,true
12338274,ACCOUNTANT,"MBA in Finance, Vidyasagar University, India (2006); earlier bachelor-level studies, Mohan Lal Sukhadia University, India (2000).","Account reconciliations; AP/AR; budgeting and cost/variance analysis; taxation and compliance; inventory and stock control; payroll; MIS reporting for senior management; GL and bank reconciliations; financial statement preparation; strong Excel (macros, VLOOKUP), Oracle 8i/Developer 2000, Tally, and MS Office proficiency.","Accountant (Oct 2011–Aug 2015) preparing forecasts, managing receivables/payables, inventory reporting, tax reviews, budgeting, and bank/staff/vendor reconciliations; Accountant (Jan 2009–Sep 2011) reviewing GL, payroll, taxes, MIS reporting, and inventory/warehouse coordination; Accountant (Apr 2006–May 2007) cash handling, payroll, and financial statements; Account Assistant (Oct 2001–Mar 2006) daily accounts to finalization, invoicing, cashbook/journal and bank recs.",Senior-level,Sheet1,106,CareerCorpus-xlsx-raw,norm-v1.0-esco-careercorpus,true
33527446,ACCOUNTANT,"B.A. in Accounting, Mathematics, and Computer Science, University of Northern Iowa (1980); passed CPA exam (State of Iowa).","Excel and MS Office; GAAP financials, GL, AP/AR, payroll, budgeting, bank reconciliation, inventory; COBOL/CL programming on IBM System i/AS-400; KRONOS interfaces; reporting/queries, backups, security, user training; built automations (emailed statements, cash-management spreadsheet, year-end sales reporting), e-filed W-2/SUTA, direct deposits (payroll/vendors), database and portal development, bank-rec and financial-consolidation apps, S/36→native conversions, Y2K remediation.","Data Processing Manager/Programmer (1993–Present)—design/develop/maintain AR, AP, GL, Payroll, Inventory, Billing, Bank Rec, Budgeting, security, backups, user support and reporting; Accountant (2009–2010)—individual/corporate tax prep and planning; Supervisor of Accounting (1991–1992)—led GAAP reporting, GL/subledgers, AP/AR/Payroll/Cash Mgmt, staff supervision and training; Programmer (1991) and Programmer (1981–1990)—COBOL/BASIC development for accounting, seed, pharmacy, banking; Staff Accountant (1980–1981)—month-end financials, call reports, GL reconciliations at a bank.",Senior-level,Sheet1,107,CareerCorpus-xlsx-raw,norm-v1.0-esco-careercorpus,true
12442909,ACCOUNTANT,"B.S. in Accounting, Strayer University.","Full-cycle accounting for multi-entity environments; payroll (W-2/1099, adjustments, direct deposit); AP/AR, PO processing, vendor management (50+ vendors); bank and credit card reconciliations; journal entries, online transfers and payments; GL review, monthly financials, management reports and forecasts; cost control and purchasing; collections and billing dispute resolution; HR confidentiality (pay rates, grades) and file maintenance; training, inspections, and operations streamlining.","Accountant (Aug 2015–Present)—handle accounting for six companies, payroll, reconciliations, GL, AP/AR, purchasing, forecasting, and assist CFO on monthly financials; Director of Finance & Accounts (Jun 2014–Aug 2015)—daily accounting, deposits, AP, reconciliations, payroll for 70+, W-2/1099 issuance, journals, monthly summaries, HR files and inventory; Operations & Training Consultant / Franchisee / General Manager (Feb 2004–Present)—train staff, conduct inspections, drive revenue/cost control, manage payroll, inventory, scheduling, AP/AR, reporting, and team leadership; Patient Service Representative (Jun 2012–Nov 2016)—registration, cash management, insurance processing, billing support, HIPAA compliance, and mentoring.",Mid-level,Sheet1,108,CareerCorpus-xlsx-raw,norm-v1.0-esco-careercorpus,true
37997506,ACCOUNTANT,"MBA studies (29 credits), Foundation for Academic Excellence, Ethiopia; B.A., Accounting, Haramaya University.","GAAP/GASB/IFRS; GL, journal entries, close; bank/credit-card/balance-sheet recs; budgeting, cash flow, analysis, statements, audit support; grants & sub-grantee management, donor reporting, contracts, project closeout; process improvement; advanced Excel, Access, PowerPoint; systems: Sage, QuickBooks, Sun, Peachtree, Mo.s.t; Outlook/Lotus.","Accountant (2015–Present)—AP/AR, GL analysis, 35+ bank recs, budgets, variance/special reports, closes; Finance & Admin Manager / Finance Officer (2010–2014)—led finance/admin, full grants lifecycle, field monitoring, compliance, AR/AP, fixed assets, audits, payroll/taxes, team leadership; Senior Accountant (2008–2009)—donor/government reporting, COA compliance, disbursements, procurement, assets, bank recs, payroll/taxes; Accountant (2007–2008)—transaction recording, budget/cash-flow, disbursements, procurement, bank recs, payroll/taxes, grants reporting, audit readiness.",Senior-level,Sheet1,109,CareerCorpus-xlsx-raw,norm-v1.0-esco-careercorpus,true
37370455,ACCOUNTANT,"B.S. Finance, Oklahoma State University (1997); Diploma in Banking, Mara Institute of Technology (1995).","Financial planning, reporting, and analysis; GL, AR/AP, month/quarter/year-end close; bank and account reconciliations; budgeting, forecasting, treasury, cash flow; GST implementation and tax compliance/planning; consolidation and statutory reporting; audit liaison; systems: SAP FICO/BPC/COPA, Hyperion, AS/400, AccPac, iScala, CTOS, Polymath, HSBC online; Advanced Excel/VBA, Adobe; bilingual English/Bahasa; recognized for excellence in analysis, budgeting, and forecasting.","Accountant, Financial Services (2012–2015)—owned management reporting and budgeting, ensured accurate monthly/quarterly/year-end close, managed treasury and cash flow, drafted audited financials, handled GST and tax, implemented systems, trained staff; Assistant Finance Manager, Manufacturing & Trading (2005–2012)—managed subsidiary closes and consolidation for division, prepared and consolidated budgets, led SAP BPC rollout/training and data mapping, handled statutory accounts, credit control, treasury/trade finance, tax compliance, team supervision; Accounts Executive/Junior Executive, General Trading (2000–2005)—prepared full set accounts (GL/AR/AP), financial statements, sales analysis, cash flow and payroll, intercompany billing, bank reconciliations, trade finance, supervised AP/AR.",Senior-level,Sheet1,110,CareerCorpus-xlsx-raw,norm-v1.0-esco-careercorpus,true
37997507,ACCOUNTANT,"A.S. Accounting, Northern Maine Community College (1994); additional A.S. Accounting (1994); 78 semester hours toward B.S., Husson College; Professional Military Comptroller School and management/audit courses; Certified Defense Financial Manager (CDFM), May 2005.","GAAP and DoD finance; ERP/DEAMS, GAFS/BQ, DTS, IAPS; GL, AP, reconciliations, reporting, budgeting, program management; led teams to 120; delivered FY12 close by resolving $360B GL postings; built duplicate-obligation tool deobligating $5M; audit “zero findings”; training and process standardization.","Accountant, DEAMS ERO (2011–2012); Resource Advisor, 1 ACOS (2010–2011); Staff Accountant, HQ USAFE (2008–2010); Chief, Reports Branch AM&C (2007–2009); Chief, Accounts Payable Branch (2000–2007 and 1995–1999); Chief, Recon & Reports (1999–2000); Accountant, Network Assistance Team (1994–1995); Supervisor, Accounts Control (1993–1994).",Senior-level,Sheet1,111,CareerCorpus-xlsx-raw,norm-v1.0-esco-careercorpus,true
31602598,ACCOUNTANT,"A.A. in Accounting Technology, Scott Community College (Honors, GPA 3.51); B.A. in Supply Chain Management, Ashford University — in progress (2017).","Month-end close, financial analysis/variance, budgeting, GL/AP, fixed assets; SAP FI/CO/AM power user; Oracle, Lawson, GP, MAS90, QuickBooks, Peachtree, Cognos, BPCS; advanced Excel/Access/PowerPoint; CI/Lean White Belt; led audits and core process reviews; implemented PB Views and new systems; Loss Prevention/Fire Warden; reduced property value $2M, saving ~$200K/yr in taxes plus $21K in fees.","Accountant, Republic Services (2014–2015) — M&A due diligence, BS recs for 5 divisions; Cost/Inventory Accountant (2011–2014) — month-end, SUC→AUC transition, open payables consolidation, inventory/FA audits; Accountant II, Environmental Solutions Spare Parts Hub (2008–2011) — full-cycle accounting, cycle counts, AP, procedures; Fixed Asset Accountant, M-I SWACO (2008) — CIP reconciliations in Oracle/CETA/SAM; Accountant (2007–2008) — Ultraflote state taxes/audit schedules; Wallis State Bank month-end; Houston Baptist AP/JEs and student acct reconciliations; Senior Accountant (1998–2006) — financial reports/budgets, intercompany, AP, FA, commercial insurance.",Senior-level,Sheet1,112,CareerCorpus-xlsx-raw,norm-v1.0-esco-careercorpus,true
19545827,ACCOUNTANT,"A.A.S. in Accounting, Hocking Technical College (4.0 in upper-level accounting); B.A. in Economics, Marshall University; M.A. in Christian Education, Dallas Theological Seminary.","CPA; budgeting/closings, GL reconciliations, fixed assets, cash management, forecasting, audits; inventory control and food safety/QA; government/USDA contract administration; staff supervision, procedure writing, project management; tools: Microsoft Office (Excel), AX, OnBase, Avantis; community leadership (Board of Directors, Food Bank of Corpus Christi); former life-insurance license; varsity basketball official.","Accountant (2014–2015) managing full-cycle accounting for 2 companies + 5 royalty entities; District Administrative Manager (2014) overseeing AR/AP/HR and financial reporting; Business Manager (2005–2014) for $1.2M partnership—finance, operations, logistics, USDA contracts, software upgrade, monthly closes; Staffing Manager (2003–2004) for accounting/admin placements; Accounting Manager (2002) supervising billing/cash receipts and software upgrades; General Merchandise Department Manager (2000–2002) leading merchandising, scheduling, inventories; Accounting Software Consultant (1998–2000) training, system setup, procedures; Accountant (1999–2000) full-charge bookkeeping for startup, bank recs, AP supervision.",Senior-level,Sheet1,113,CareerCorpus-xlsx-raw,norm-v1.0-esco-careercorpus,true
14470533,ACCOUNTANT,"A.A. Business Management–Accounting, Treasure Valley CC (GPA 3.85, 2016); Office Specialist Diploma (Bookkeeping & Office Admin), Worland HS; clerical skills training (Fairbanks, AK).","Payroll & quarterly filings; AP/AR; bank/G.L reconciliations; journal/adjusting entries; financial statements (BS/IS/CF); construction draws & contract billing; vendor/subcontractor & 1099 management; office management; QuickBooks, Peachtree/Timberline, AS/400, MS Office/Google; CPA listed.","Accountant (nonprofit + subsidiaries): AP/AR, recs, G/L, invoicing & job costing, 1099s, multi-QB files. Office/Restaurant Manager (hotel): payroll & filings, AP/AR, G/L, monthly FS, staff/operations, inventory & food cost. Office Manager (multi-entity): payroll, AP/AR, separate G/Ls & monthly FS, partner equity/personal accounts. Assistant Controller (construction): AP/AR, job costing, draws, recs, payroll & quarterly reports, monthly FS, benefits admin (Timberline). CPA-firm roles: multi-client payroll/filings, AP/AR, G/L, monthly FS, year-end tax packages; return processing; bookkeeping setup.",Senior-level,Sheet1,114,CareerCorpus-xlsx-raw,norm-v1.0-esco-careercorpus,true
43685045,ACCOUNTANT,"B.A. Real Estate & Finance, University of Northern Iowa (2008); A.A.A., Hawkeye Community College (Dean’s List, 2003).","Invoicing/AR for ~$15M annual sales; credit applications/terms; vendor/customer onboarding with exemptions & 1099s; bank & loan reconciliations; multi-state sales/use tax filings (11+ states incl. Chicago/ND Propane/MN Care); corporate card & T&E admin (~$40k/mo); GL review (expenses, COGS, fixed assets); payroll support; commission reporting; SBA/DHS/DoD/HHS debt recovery; team lead (15+), policy/procedure & training buildout; tools: NetSuite, QuickBooks, MAS 90, Oracle, Excel, PowerPoint.","Accountant (2012–present): AR/invoicing, credit, vendor/customer setup, multi-state sales tax, bank/loan recs, card/T&E, GL/COGS/FA review, payroll support, inventory/warranty tracking, commissions. Sales & Use Tax Administrator (2011–2012): ~$1M/mo filings across 11 states; deposits/quarterlies; GL close; exemption management; AP/AR assist. Accounting Associate (2008–2011): HQ AP (POs, expenses), AR, portfolio balancing (Citibank/Sallie Mae), bank recs, MAS90 imports, closes, audit readiness. Government Collections Rep (2004–2008): Startup team; led 15+; 300–800 a/c portfolio; federal debt programs; skip tracing, litigation support, risk analysis, restructures.",Senior-level,Sheet1,115,CareerCorpus-xlsx-raw,norm-v1.0-esco-careercorpus,true
18365791,ACCOUNTANT,"B.S. Accounting, Kaplan University (2009).","A/R reporting enhancements & reconciliation procedures; cash/check/voucher processing; bank deposit & transaction recon; client discovery for accounting requirements; Salesforce, TapScan; Bacon’s Mediasource, Factiva; Photoshop, Illustrator, basic HTML.","Accountant (2010–Present): Implemented A/R reporting & recon improvements; received/recorded/banked receipts; reconciled bank transactions; participated in client discovery for accounting needs. Customer Service Rep (2007–2010): Cashiering, issue resolution, money orders; exceeded daily credit-card application goals. Store Manager (2005–2007): Hired/trained staff; created training manuals; supervised multi-location customer support teams.",Mid-level,Sheet1,116,CareerCorpus-xlsx-raw,norm-v1.0-esco-careercorpus,true
14224370,ACCOUNTANT,"B.B.A. Accounting, University of Houston — Cum Laude (2005).","QuickBooks, PeopleSoft; Drake/UltraTax/TurboTax; Advanced Excel, Access, PowerPoint, Outlook; Adobe Acrobat. Prepared simple–complex returns; quarterly/annual payroll (940/941) and sales/use taxes; GL entries; bank recs; FS prep. Drove dept efficiency +40% and cut A/R turnover 50%.","Accountant (2012–2014): Prepared federal returns (individual & small biz); bookkeeping & financials; short-term assignments (e.g., MCT Sheet Metal). Tax Accountant (2011–2012): Exceeded production goals; resolved client tax issues; prepared/reviewed returns and supporting financials. Accounting Manager (2007–2011): Restructured accounting; GL JEs, AR invoicing, bank recs, FS; achieved +40% efficiency, –50% A/R turnover. Tax Accountant (2005–2006): Built client base; individual/business returns; assisted corporate returns; 940/941 & sales tax filings; bank recs; detailed financials; client support.",Senior-level,Sheet1,117,CareerCorpus-xlsx-raw,norm-v1.0-esco-careercorpus,true
21794875,ACCOUNTANT,"M.Acc., University of Florida; B.B.A., Florida International University; A.A., Miami Dade College.","CPA (FL); QuickBooks; Microsoft Office (Excel, Word, PowerPoint, Outlook, Publisher); tax software. Designed GL interfaces and controls; standardized COA/reporting for church association; led bank-rec project across 72 branches—cleared $1–3M suspense to <$2K write-off; strong documentation/training.","Accountant (2012–Present): GL fund recs; specialty reports/procedure docs; month-end JEs, deposits/bank debits; Board reporting accuracy; standardized COA for multi-entity ministry. Senior Accountant (1997–2004, FPL): Damage-recovery and tax suspense recs; internal control testing; monthly close/JEs/spreadsheets; issue resolution with statewide centers. Bookkeeper/Accountant (1994–Present): Full-cycle QB: AR/invoicing, deposits & bank downloads, cash/bank recs, monthly/annual FS, tax return inputs. Additional roles: Systems Development Analyst; Banking Reconciliations Manager; Office Administrator; Student Loan Officer; Public Accounting Senior Auditor.",Senior-level,Sheet1,118,CareerCorpus-xlsx-raw,norm-v1.0-esco-careercorpus,true
23734441,ACCOUNTANT,"M.S. Accounting (in progress), Walden (GPA 4.0); B.S. Business Admin, UMUC (GPA 3.2); A.A. Accounting, UMUC (GPA 3.3); 24+ hrs additional accounting incl. Intermediate, AIS, Cost, Tax, Stats; Legal/Ethics in Accounting.","Vendor/AP management, cash/deposits/wire/ACH, petty cash & check stock, escrow/insurance/tax schedules, bank/trust recs, JEs & trial balance, close, payroll & filings; tools: Dynamics GP, QuickBooks, Peachtree, Excel/Word/Outlook/PowerPoint, EDI.","Accountant (2012–Present) — lead AP & trust/cost disbursements, cash control, monthly trust uploads/recs in GP, vendor issue resolution; Accountant (2007–2011) — AP, payroll, bank recs, JEs, cash-flow updates, gov-contractor invoicing & AR; Staff Accountant (2005–2007) — AP reviews, GP processing, spend analysis/AJEs, GL recs, audit support, bank recs, escrow schedules (~20 properties).",Senior-level,Sheet1,119,CareerCorpus-xlsx-raw,norm-v1.0-esco-careercorpus,true
39115899,ACCOUNTANT,"MBA, Accounting—University of Phoenix (2011); B.S., Business Economics/International Business—Penn State (2005); Certificate, Fraud & Forensic Accounting—La Salle (2015); CNAP (2011); Paris Chamber of Commerce studies.","QuickBooks, SAP, AS/400, SQL; MS Office (Excel, Access, Word, PPT); bank recs & month-end close; financial statement prep; data analysis; inventory/audit programs; vendor negotiations & cost reduction; logistics/export docs; fluent French.","Accountant (Nov 2013–Present) — build vendor programs, implement inventory auditing, enforce three-way match, random bank-disbursement audits, bank recs, month-end JEs/reports, monthly/quarterly/annual FS, customer data analyses. QA/Mobile Software Tester (2010–2013) — tested accounting/business apps (incl. French), authored test plans, ran regression/security/smoke tests, logged localization/functional bugs. Procurement Specialist (2006–2010) — lead buyer for 16 plants (US/Canada), French-language liaison, audits of req/PO accuracy, SAP migrations from AS/400, contract/bid negotiations, back-order management & expedites. Freight Planning Contact (2005–2006) — hazardous export documentation, global logistics coordination, itinerary changes, customer service.",Senior-level,Sheet1,120,CareerCorpus-xlsx-raw,norm-v1.0-esco-careercorpus,true
23139819,ACCOUNTANT,"MBA, Accountancy—National University (2004); B.S., Hotel Management—University of Nevada, Las Vegas (1999); A.S., Business Administration—Parkland College (1997).","Financial statements & GL analysis; budgeting/forecasting; cash management/treasury; internal controls & escrow administration; variance analysis & financial modeling; ADP payroll; SAP FICO, Oracle, QuickBooks Enterprise, Peachtree; MS Office; SQL/DB/VB basics; team leadership/training.","Accountant (2006–2014) — ran finance function; budgets/forecasts/cash flow; monthly P&L/BS; escrow setup/controls; vendor/client issue resolution; statutory/internal reporting; cash & payroll oversight. Financial Analyst (2005–2006) — budgets/forecasts; profitability & opex trend analysis; cost/project accounting; contracts admin; variance reviews; ops reporting; database support. Accounting Specialist (2004–2005) — AP execution; SO revenue/AR collections; aging management; monthly financials & reconciliations; discrepancy resolution; control adherence. Title Specialist (2002–2004) — title review/resolution; led examiner team; SLA/quality management; client communications. General Manager, 124-room hotel (2000–2002) — P&L ownership; staff of ~25; payroll, AR/AP, bank recs & deposits; revenue/yield management; cost control; business development.",Senior-level,Sheet1,121,CareerCorpus-xlsx-raw,norm-v1.0-esco-careercorpus,true
42487883,ACCOUNTANT,B.S. Accounting & Information Management—University of Texas at Dallas; B.A. Psychology—University of Texas at Dallas.,"Account reconciliation expert; financial modeling & variance analysis; corporate G&A/COGS; cash forecasting; capitalization & fixed assets; inventory accounting; intermediate Excel (pivots/VLOOKUP); NetSuite, QuickBooks, JDE, AS400, Sage/BNA FAS, Cognos Impromptu, Hyperion Essbase, SAP Crystal Reports. Cut monthly/quarterly close time by 25%.","Accountant (2012–Present) — FS prep (internal/external); monthly bank recs; fixed assets; inventory analysis; daily cash monitoring & weekly cash forecasts; revenue/AR sub-ledger to GL; BS & CF forecasts. Staff Accountant (2008–2012) — Track capex (AS400); fixed assets & city-wide asset audit; resolve bank rec discrepancies; audit schedules; seizure/forfeiture fund accounting & reporting; 1099 e-filing; court & investment reconciliations; improved asset accounting. Staff Accountant (2006–2008) — Maintain capex (BNA); audits for 26 branches; depreciation; sales-to-bank recs; audit AP/AR cycles; resolve cc/deposit variances. Accounting Assistant (2005–2006) — JEs, accruals; BS recs; AP (vendors, invoices, check runs); daily cash reports/transfers; manage bank accts for 24 properties; intercompany transfers.",Senior-level,Sheet1,122,CareerCorpus-xlsx-raw,norm-v1.0-esco-careercorpus,true
23636277,ACCOUNTANT,"CPA Candidate (Boston, MA); LLB—Law (India); Company Secretary program—ICSI (courses in corp/tax/econ/IT/valuation); B.Com—University of Mumbai.","QuickBooks (setup/payroll), SAP R/3 (FI/GL/AP/AR, CO-PA), ProSystems, Lacerte, MS Office (Excel/Word/PPT; pivot tables/VLOOKUP), tax planning/filings (W-2/1099, sales & use), bank recs, JE/GL, financial statements, cash management, staff supervision, client relations.","Accountant (2014–Present) — Implement QuickBooks & payroll; JEs, AP/AR, bank recs, cash mgmt, FS analysis; prepare/finalize federal & multi-state tax returns; payroll & sales/use filings; W-2/1099; monthly/year-end close; nonprofit stint (LeadForus). SAP Consultant (2013) — Configured GL/AP/AR, house banks, posting keys, tax, fiscal variants; vendor masters; MIS; AP invoices & payments. Financial Analyst (2011–2013) — Audit & tax for multiple clients; risk assessment; ratio analysis; GL/sub-ledger recs; PE due diligence, entity setup & valuations; supervised/recruited/trained staff. Accountant (2009–2010) — GL/JEs; mergers/amalgamations; statutory liaison (stock exchange/banks/regulators); code of conduct & agreements; investor grievance redressal; MIS/control charts.",Senior-level,Sheet1,123,CareerCorpus-xlsx-raw,norm-v1.0-esco-careercorpus,true
21338490,ACCOUNTANT,"MAcc (in progress at time of resume; GPA 3.48); B.Accountancy—Al Turath University (1998; evaluation by Stockholm University, 2010); Certificate in Business Administration—Sweden (2011); additional MAcc coursework—Walsh College.","Advanced Excel (pivot tables, VLOOKUP), Word/PowerPoint/Outlook/Access; QuickBooks, Creative Solutions, Sales Tax Express, Fidelio (hotel), various proprietary systems; JE/GL review, reconciliations, AR/AP collections, fixed assets, budgeting, P&L/BS analysis; fluent English, Arabic, Swedish.","Accountant (2013–Present) — Owns accounting for ~45 clients; closes periods; prepares FS/budgets; bank/GL/JEs recs; AR/AP collections; sales/food tax licensing; supports month/year-end. Accountant (2008–2013) — Bookkeeping; closes; FS & tax returns for audit; department allocations/JEs; AP/invoicing; supervised accounting unit; monthly reporting. Accounting Manager (2000–2007) — Led general/intercompany/payroll accounting teams; JE & reconciliations; margin/breakeven/costing (materials, inventory, labor). Staff Accountant/Finance Manager (1996–2000) — Managed monthly/quarterly/year-end close; audit workpapers; A/R, A/P, GL, fixed assets, rev/exp recognition; banking; budgets/forecasts; staff training.",Senior-level,Sheet1,124,CareerCorpus-xlsx-raw,norm-v1.0-esco-careercorpus,true
14491649,ACCOUNTANT,"MBA—Accounting, Keller Graduate School of Management (GPA 3.67, 2008); BS—Technical Management (Accounting), DeVry University (GPA 3.66, Cum Laude; Dean’s List, 2006).","Fixed assets/CIP, capital leases, depreciation, intercompany, monthly/quarterly close, BS/P&L analysis, reconciliations, budgeting/forecasting, inventory audits; Excel (VLOOKUPs, macros, pivots), Access, Word, PowerPoint, Outlook; JD Edwards/AS400, SAP (incl. LX), QuickBooks, Microsoft Office Accounting, Sage/Sage FAS, Image Freeway.","Accountant (10/2014–Current) — Owns FA/CIP lifecycle and rollforwards; reconciles subledgers; manages capital leases & property tax accruals; prepares BS recs, P&L analyses, ad hoc reporting; supports audits and cross-functional finance/ops. Senior Staff Accountant (01/2013–10/2014) — Month-end close, JEs/recs, product cost and budget vs. actuals, consolidated FS and intercompany FX statements; plant/DC fixed-asset inventories; audit prep. Staff Accountant (02/2009–12/2012) — JEs (allocations/accruals), new item master data, intercompany wires, commissions, CIP capital budget, bank recs, budgets vs. actuals. General Ledger Specialist (05/2001–02/2009) — Daily JEs, fixed-asset & BS account recs, teller/bank recs, FR2900 reporting, close support, wires, audit assistance.",Senior-level,Sheet1,125,CareerCorpus-xlsx-raw,norm-v1.0-esco-careercorpus,true
17407184,ACCOUNTANT,"M.S. Education (Online Teaching & Learning), California State University, Hayward (2003, GPA 4.0); B.S. Accounting, University of Maryland, College Park (1993); B.S. Business Administration, College of Arts, Science & Technology, Jamaica (1983).","Project/program management, instructional design (ILT & online), finance training, change management, PeopleSoft (Finance/HRMS), Microsoft Office, VideoScribe; financial reporting, P&L/variance analysis, billing process optimization; implemented International Fee Revenue DB & PeopleSoft billing—cut billing cycle from 2 weeks to 2 days; team leadership (hiring, reviews, career development); publications on online learning and conflict management; affiliations: PMI and ATD. Credentials noted: PMP®, CPA.","Senior Manager (1995–Present) — lead global training programs (operations, finance, recruiting), manage LMS/content, needs analysis, evaluation (Vovici/MTM), change management delivery; finance liaison; accounting duties incl. financial statements, international billing issue resolution, P&L analysis; managed 3 accounting assistants. Instructional Designer/Training Manager/DB Manager/Senior Accountant (2003–2004) — design/deploy training and maintain databases while handling senior accounting tasks. Online Course Instructor (1993–1995) — developed and taught online courses.",Senior-level,Sheet1,126,CareerCorpus-xlsx-raw,norm-v1.0-esco-careercorpus,true
30813919,ACCOUNTANT,"Certificates in Management (HMRC Staff College, UK, 2009), Management (MIND, Jamaica, 2007), Taxation (HMRC Staff College, UK, 2004); ACCA studies (Kaplan FTC, UK, 2002); AAT, Accounting (Management Development Institute, Gambia, 1998).","Tax auditing, general & tax accounting, policy/strategy, budgeting, compliance/risk, team leadership (managed 80+ staff), process improvement, MS Office, QuickBooks; launched Large Taxpayer Unit (collected >70% of domestic revenue), introduced TIN, boosted collections 20% in two years, built enforcement and performance-evaluation frameworks, strengthened taxpayer relations.","Commissioner of Taxes (2011–2012) — led domestic revenue operations, annual plan/budget, departmental strategy. Deputy Commissioner of Taxes (2007–2011) — oversaw Large Taxpayer Unit, compliance trend reporting, interagency data sharing, staff appraisals. Inspector of Taxes (2003–2007) — audits, reports, compliance advisory. Assistant Inspector (1999–2002) — enforcement, desk audits, assessments. Tax Officer (1997–1999) — return processing, liability/payment records. Senior Tax Clerk (1991–1997) — taxpayer files, clearances, frontline service. Accountant (Jun–Nov 2013) — GL close, reconciliations, banking, financial/regulatory reporting.",Senior-level,Sheet1,127,CareerCorpus-xlsx-raw,norm-v1.0-esco-careercorpus,true
78403342,ACCOUNTANT,"B.S. General Studies, Wilmington University (2011); Accounting Certificate, Cecil County Community College (2012); Certificate—Performing Payroll in QuickBooks 2009, Cecil County Community College (2012).","Financial statement analysis, GL accounting, risk management, portfolio oversight, auditing, SAP, QuickBooks, MS Office with advanced Excel (pivot tables); delivered 95% internal audit score, promoted to Auditor in 3 months, and raised quality ratings by 85% through process improvements.","Accountant (2014–Present) — PO setup, SAP code/budget verification, invoice processing/approvals in ePurchase, vendor and marketing support, tracking and reconciliations. Accounting Coordinator Associate (2011–2014) — built pivot-table reports, HSA data analysis, audits, new group setups, and stakeholder liaison. Auditor (2007–2011) — led cross-functional reviews, defined efficiency metrics, documented process flows, coached teams, and drove corrective actions and compliance. Claims Reviewer (2007) — analyzed asbestos claims and trained peers. Payment Analyst (2004–2007) — processed ~1,000 monthly auto-loan payments, GL reconciliations, issue resolution, and statement reviews. Trust Control Reconciliation Specialist (1999–2004) — reconciled securities/cash transactions, created GLs, safeguarded assets, and addressed compliance risks.",Senior-level,Sheet1,128,CareerCorpus-xlsx-raw,norm-v1.0-esco-careercorpus,true
20393721,ACCOUNTANT,"M.S. Taxation (in progress), LIU; B.S. Accounting, Hunter College; IRS VITA/TCE (2015).","QuickBooks/Sage/Lacerte/ProSeries; advanced Excel (VLOOKUP, pivots, Power Pivot); GAAP/ASC, GAAS, SOX; full-cycle GL/A/R/A/P; payroll & quarterly filings; bank/CC/escrow reconciliations; financial statement prep/analysis; sales & payroll tax; drove 10–20% revenue lifts in prior roles.","Accountant (2016–Present)—cash & accrual accounting, TB adjustments, FS prep/analysis, bank/CC recs, IRS/state notices, filings incl. 1120S, CT-3-S/CT-34-SH, 941, NYS-45, FUTA/SUTA; Accounting Assistant—Apparel (2015–2016)—A/R, A/P, COGS, inventory, fixed/intangible assets, close, recs, tax compliance (1065, 941, ST-100, 940), forecasting; Stock/Delivery (2010–2011)—inventory, pick/pack, customer support, ~10% sales lift; Restaurant Ops Manager (1996–2004)—hiring/training, hybrid accounting, reporting/recs, up to 20% revenue growth.",Mid-level,Sheet1,129,CareerCorpus-xlsx-raw,norm-v1.0-esco-careercorpus,true
24817041,ACCOUNTANT,"M.S. Accounting, Baylor University (Dec 2017, GPA 3.58); B.B.A. Accounting (Aug 2015, GPA 3.28); Texas A&M–Commerce (attended).","Bank recs, A/P, payroll processing, GL maintenance, month-end close, journal entries, Excel spreadsheet/report building, accounting systems administration, tax filings (1099, 941, 940, W-2, C-3), EFTPS payments, audit file prep; President’s Gold Scholarship; service/leadership through mission trips and campus orgs.","Accountant (03/2016–03/2018)—daily bank recs, A/P, payroll, GL, data reconciliations, month-end close, journal entries, tax filings, year-end rollovers, audit prep; Office Assistant (06/2015–08/2015)—phones, mail, Excel support, document organization; Assistant (05/2014–08/2014)—maintained Excel spreadsheets; Seasonal Staff, Buffalo Creek Golf Club (05/2012–08/2012)—maintained carts and driving range.",Entry-level,Sheet1,130,CareerCorpus-xlsx-raw,norm-v1.0-esco-careercorpus,true
27980446,ACCOUNTANT,"B.S. Business Administration (Accounting), Montclair State College.","20+ yrs inventory/manufacturing accounting; Excel/Outlook/Word; SAGE 100/MAS90, Syspro ERP, Ramp WMS; GL, closes, budgets, audits, sales tax, ADP payroll; multi-warehouse inventory control; vendor renegotiations improving cash flow; process improvements.","Accountant (2011–2017)—general accounting, closes, budgeting, audits; owned inventory approvals/recons across 4 warehouses and 3PLs. Inventory Control Manager (2008–2010)—Syspro rollout/training, purchasing/receiving, inventory accuracy and slow-move reduction. Accounting Manager (1995–2008)—management reporting, cost control, GL/recons, sales tax, payroll, cash mgmt, HR, MAS90. Full Charge Bookkeeper (1993–1995).",Senior-level,Sheet1,131,CareerCorpus-xlsx-raw,norm-v1.0-esco-careercorpus,true
25462793,ACCOUNTANT,"CPA (CO Lic. #25320); M.S. Business Administration—Accounting, Colorado State University (2005); Certificate in Taxation; B.S. Accounting, Regis University (2003); B.S. Business Administration, University of Colorado Boulder (1998).","AR/AP, GL, accruals, period-end close, reconciliations, financial statement prep (10-Q/10-K, XBRL), sales tax reporting, payroll, cash flow, ERP/accounting systems, Microsoft Office/Windows; high attention to detail; government survey reporting; strong written/oral communication.","Accountant, Aug 2011–Current—multientity GL, closes, JEs/accruals, reconciliations, SEC filings (10-Q/10-K & XBRL), U.S. government surveys, monthly sales tax; Accountant, Apr 2007–Jul 2011—owned AR/AP/GL/payroll, closes, reconciliations, sales tax, cash-flow monitoring, budget variance analysis; Staff Accountant, Jan 2006–Oct 2006—GL for multiple clients, JEs/AJEs, reconciliations, compilations, individual tax returns, payroll deposits/reports, 1099s.",Senior-level,Sheet1,132,CareerCorpus-xlsx-raw,norm-v1.0-esco-careercorpus,true
29456173,ACCOUNTANT,"M.S. Accounting, Prairie View A&M University (2011); BBA Accounting, Prairie View A&M University (2009).","Advanced Excel (macros, VLOOKUPs, formulas, Smart View), MS Office, SAP, PeopleSoft, Business Objects, financial modeling, complex problem solving, time management; built a reconciliation system and quality-control program that improved effectiveness by 25% and boosted departmental productivity by 15%; experienced with GAAP, SOX, grants, and policy/process optimization.",Accountant (Aug 2014–Present) — analyze federal/state/private grant contracts; build financial models and monthly reports for PIs; streamline and automate reconciliations; drive PO analyses and policy updates; deliver special projects. Staff Accountant (Dec 2012–Aug 2014) — full-cycle accounting for multiple Sysco operating companies; issue weekly/monthly/quarterly statements; prepare P&L and variance analyses; reconcile AR; ensure GAAP compliance; support audits and review peer reconciliations. Accountant/Auditor (Jan 2010–Feb 2012) — dual role in financial services; compile/analyze accounting data; examine source docs for compliance; train 240+ staff on procurement-card rules; strengthen internal controls; prepare adjusting/closing entries and operational analyses.,Senior-level,Sheet1,133,CareerCorpus-xlsx-raw,norm-v1.0-esco-careercorpus,true
59403481,ACCOUNTANT,"B.S. Accounting, University of Phoenix (2013); Certified Medical Billing/Coding Specialist; HS Diploma (1997).","GL & financial reporting, AR/AP, reconciliations, QuickBooks, Excel/Access, payroll, HIPAA/CMS-1500/ICD-9, audit readiness, process automation; led medical collections to +69% profit.","Accountant (2014–Present) — GL, close, reconciliations, AP/AR issue resolution, automation, audits, and payroll for 100+ staff/7 stores; Accountant & Exec Assistant (2010–2013) — financials, closings, cash reports, tax/government filings, vendor recs, expense review, executive support; Billing/Collections Supervisor & Accountant (2008–2010) — led 15-person team, GL/recons, billing/coding, collections improvement; Accountant & Exec Assistant (2005–2007) — full-charge bookkeeping, payroll, AP/AR, reporting, office management, compliance docs.",Senior-level,Sheet1,134,CareerCorpus-xlsx-raw,norm-v1.0-esco-careercorpus,true
13491889,ACCOUNTANT,"MBA—Accounting & Finance, Univ. of Phoenix (2014); BBA—Administration (Minor: Mgmt), Univ. of Phoenix (2010); Certs: HR Block Tax (2011), IVU & SURI Software (2016).","Full-cycle accounting, GL, reconciliations, FS analysis, budgeting, cash mgmt, AR/AP, inventory & fixed assets, payroll, taxes, audits, HR/benefits; bilingual EN/ES; tools: Excel/Office, ADP, QuickBooks, Peachtree, PC Law, PR Soft, CDI, PICO/SURI.","Accountant (2018–Present)—ops for 10+ entities, bank recs, rent roll, internal FS; Accounting & Finance Supervisor (2017)—month-end, GL/AP, bank variances, tax filings; Administrator/Accountant (2015–2017)—AP/AR, GL, payroll, fixed assets, audits, HR; Assistant Controller (2013–2015)—recs, JEs, AP/AR, payroll/benefits, invoicing; Seasonal Tax Advisor (2012–2013)—prep federal/state returns; Account Executive (2008–2013)—mortgage/loan consulting, $2.5M+ monthly sales.",Senior-level,Sheet1,135,CareerCorpus-xlsx-raw,norm-v1.0-esco-careercorpus,true
25846894,ACCOUNTANT,B.S. in Accounting & Finance from the University of South Carolina–Upstate (1993).,"GAAP general ledger, AP/AR, reconciliations, cash management, budgeting and variance analysis, job costing, inventory control, AIA and T&M billing, percent-completion revenue, audit prep; systems include Timberline, MRI, YARDI, Peachtree, PeopleSoft, OneSite, QuickBooks, and Microsoft Excel/Word.","Accountant (2014–present) overseeing financial reporting, cash management, and process improvements; Accounting Manager (2010–2014) delivering statements, balance-sheet reconciliations, AIA billing, inventory, audits, and system rollouts; Senior Accountant (2005–2009) handling property/development accounting, full-cycle GL/AP, bank recs, owner packages, fixed assets, tax schedules, and bank draws; Finance Manager/Accountant (2004–2005) producing financials and forecasts, managing AR/AP, payroll, taxes, job costing, and ERP consolidation; Assistant Controller (2001–2004) leading controls, budgets, variance analysis, contract billings, and tax assistance; Project Accountant (1999–2001) preparing monthly reporting, GL/account reconciliations, audit support, and cash-flow/variance analyses.",Senior-level,Sheet1,136,CareerCorpus-xlsx-raw,norm-v1.0-esco-careercorpus,true
53640713,ACCOUNTANT,"MBA, Finance & Marketing—ICFAI University, India (2008). B.Com (Tax)—Calicut University, India (2005). Diploma in Manual & Computerized Accounting (Tally ERP, Peachtree, DacEasy).","Financial statements, management reporting, cost accounting, asset management, budgeting/forecasting, cash-flow management, AP/AR, payroll (200+ staff), audit prep, inventory control, job costing, bank recs, GL reconciliations, policies/processes; software: Tally ERP, Peachtree, DacEasy, Delta (Qatar), MS Office (Excel/Access/Word).","Senior Accountant/Finance, State Media W.L.L (Doha, Qatar) — 06/2012–Present: built finance function for a startup subsidiary; cash/liquidity planning, budgeting, GL analysis, month-end close, invoicing/collections, AP, payroll, leave/gratuity, fixed assets, audit liaison, and cross-department coordination. Accountant, MEP Trading & Contracting — 01/2009–05/2012: AP/AR, GL, journal entries, job costing, aging, petty cash, BRS, LPOs, material costing, payroll for 200+ staff, and audit support. Administrator/Accounts, Focus Mall (Kerala) — 2009: clerical accounting support, receipts, timesheets/payroll inputs, collections, merchant reconciliations, promotions reporting. Accountant Trainee, Auditing & Tax Consulting Firm — 05/2005–04/2006: day books, bank recs, stock estimation, entries, ledgers, petty cash, vendor AP, and fixed-asset updates.",Senior-level,Sheet1,137,CareerCorpus-xlsx-raw,norm-v1.0-esco-careercorpus,true
11163645,ACCOUNTANT,"Computer Applications Specialist Certificate, Martinez Adult Education—Business Training Center (2008).","AR/AP, cash applications (ACH/lockbox/CC/check), bank reconciliations, commissions reporting, credit checks, positive pay, inventory/sales reporting, customer service; QuickBooks Enterprise, MS Excel (advanced), Word, PowerPoint, Access, Outlook.","Accountant (Jan 2011–Nov 2015): owned AR/AP end-to-end, bank/credit card administration, GL postings, sales commission calculations, credit vetting, SC job credit filings, and travel docs. Accounts Receivable Clerk (Jan 2008–Jan 2010): cash apps, collections, statements, trial balance, EOD reports, inventory/sales reports. Mortgage Underwriter (2006–2008) and Commercial/Personal Auto Underwriter (2001–2006): processed applications/endorsements, analyzed credit/bank/title/appraisals, and customer/broker communications. Claims Examiner (1983–2001): disability claims adjudication, customer correspondence, workflow metrics, and accounting tasks (JEs, AR/AP, bank and budget recs); rapid promotions to Level III.",Mid-level,Sheet1,138,CareerCorpus-xlsx-raw,norm-v1.0-esco-careercorpus,true
23513618,ACCOUNTANT,"MBA, Accounting—Lewis University, Cum Laude (2013). BA, Accounting—Robert Morris University, Magna Cum Laude. H&R Block Tax Courses; Wiley CPAexcel Review. CPA Candidate.","Financial reporting & analysis, month/year-end close, GL/JE/accruals, AP/AR, payroll & benefits, fixed assets, inventory/cost accounting, budgeting/forecasting, audits, sales & payroll tax, process improvement; SAP, Oracle/Hyperion/Essbase, QuickBooks, MS Excel/Word/PowerPoint/Access; contract negotiation; customer/vendor relations.","Accountant (2014–Present, public firm): compile/analyze data, maintain GL, post/adjust/close entries, prepare financials supporting corporate/individual tax filings. Accountant (1999–Present, $15M construction/stone fabricator): oversee full accounting, GAAP financials, management reporting, FA & inventory audits, variance/profitability analysis, forecasts/budgets, AP/AR, bank recs, payroll/W-2s, sales & payroll tax, benefits administration, audit prep, and cost-saving initiatives reporting to owner. Trading Assistant (1996–1999, steel supply chain): AR reporting/reconciliations, import/export documentation with MX/JP subsidiaries, inventory tracking, cost controls, contract terms/price negotiations, logistics coordination.",Senior-level,Sheet1,139,CareerCorpus-xlsx-raw,norm-v1.0-esco-careercorpus,true
75286906,ACCOUNTANT,"B.S. Accountancy—CUNY Brooklyn College (2006); Kingsborough Community College, Liberal Arts (2001); ADP Payroll Course; Dean’s List.","Account reconciliation, GL/JE, month/quarter close, forecasting/budgeting, bank recs, payroll; Microsoft Office & Access; QuickBooks, Sage/MAS 200, Peachtree, RealWorld, ADP; HHA Exchange, Santrax, Crescent; HCFA/CMS-1500, UB-04, ICD-9/CPT/HCPCS; HIPAA compliance; team training.","Accountant (2013–Present): cut monthly/quarterly close via new consolidation procedures; reviewed GL, posted JEs in MAS200; managed cash receipts/banking; completed bank recs for 11 subsidiaries; prepared forecasts, budgets, and financials. Accountant (2010–2013): managed $10M+ monthly revenue; raised collections from 40%→90%; applied payments, resolved EOB rejections; produced aging/billing; ran AP checks; ensured 48-hour claim submission; month/year-end close and GL recs; HIPAA compliance; trained staff. Accountant (2006–2008): led airline credit-card dispute/chargeback resolution; reconciled tickets/expenses/petty cash; month/year-end JEs and reports; ADP payroll; authored procedures and trained team. Bookkeeper (2003–2005): AP/AR support, collections, invoicing, bank recs, customer calls, admin. Assistant Bookkeeper (1999–2002): assisted payroll and AP/AR, deposits, records, returns/exchanges, daily paperwork.",Mid-level,Sheet1,140,CareerCorpus-xlsx-raw,norm-v1.0-esco-careercorpus,true
20253563,ACCOUNTANT,"B.S. Accounting, University of Kerala (India). Associate Degree, Accounting — National Education Center.","Accounts receivable/payable, cash applications, ACH/wires, foreign receipts, JE preparation, cash disbursement journals, month-end/year-end close, bank reconciliations, spreadsheets, documentation control, exception resolution, cross-team communication, confidentiality.","Accountant (15+ years): daily bank deposits and cash logs; processed ACH/wires and posted JEs (incl. foreign receipts); produced daily/monthly cash receipt and disbursement journals with audit support; cleared A/R discrepancies with banks/treasury; performed monthly bank recs; processed AP checks and outgoing wires; maintained two-signature controls and supporting schedules; partnered with brokers, banks, treasury, and accounting to resolve issues and meet close deadlines.",Mid-level,Sheet1,141,CareerCorpus-xlsx-raw,norm-v1.0-esco-careercorpus,true
16237710,ACCOUNTANT,"B.A. Business Studies, University of Greenwich (2014, Kenya). ABE Business coursework (Levels 3–6), Oshwal College (2013).","Periodic financial reporting, invoice coding, general ledger, account reconciliations, AR documentation, payroll processing, Excel system building, audit support (prelim & year-end), complex problem solving, strong communication, organization, time management, adaptability.","Accountant, Shantilal Gala & Company (Audit firm), Nairobi (Jul 2012–Oct 2015): maintained AR records; ran weekly/monthly bank recs & financial reports; created Excel recording system to improve efficiency; processed payroll, deposits, and pay adjustments; prepared sales/customer count sheets; collaborated closely with auditors.",Entry-level,Sheet1,142,CareerCorpus-xlsx-raw,norm-v1.0-esco-careercorpus,true
13294301,ACCOUNTANT,"B.S. Accounting & Finance, Oakland University (2020, Dean’s List Jan 2020); A.A. Accounting, Macomb Community College (2016).",Microsoft Office; GL & journal entries; account reconciliations; financial statements; data entry; analytical/problem-solving; interpersonal & customer service; administrative support; Polish (proficient). Strengthened processes to near-zero errors; prepared governmental reports; supported month/quarter/year-end closes.,"Accountant (04/2020–Present)—AJEs and period-end FS; vendor setup/payments; OPEX, bank admin, reconciliations; corrections; payroll/bookkeeping accuracy; compliance reporting. Branch Service Specialist (11/2017–04/2020)—deposits/withdrawals/transfers; loan payments; open/close accounts; cash drawer balance; ATM oversight; policy/audit compliance; member issue resolution. Cashier (09/2012–06/2017)—cash drawer reconciliation; POS mentoring; >$10K sales with near-zero error; payment history reporting; multitasking.",Mid-level,Sheet1,143,CareerCorpus-xlsx-raw,norm-v1.0-esco-careercorpus,true
13130984,ACCOUNTANT,"M.S. Business Administration, Troy University (2014); BBA, Accounting Management, Columbus State University (2009).","Budget forecasting; GL accounting; account reconciliations; variance analysis; AP & vendor payments; billing issue resolution; strong organization & customer relations; advanced PC/Mac & MS Office (Excel, Access, PowerPoint, Outlook); QuickBooks, Adobe Acrobat; built Excel financial database; streamlined procedures to cut time/costs; manages $140K annual budget; cash handling and bank recs.","Accountant (04/2016–Present)—prepare/record debit/credit entries; cash/check/voucher banking and bank recs; GL coding; AP processing; resolve billing/invoice issues; partner with management to address expense variances; support CFO with monthly financials, management reports, and board packages. Accounting Clerk (04/2010–04/2016)—created vendor contracts; automated workflows; reduced time/costs via new procedures; improved collections; GL coding; AR reporting & reconciliations; managed close, reporting, and reconciliations. Church Administrator (04/2006–Present)—plan/administer ~$140K budget; monthly bank/investment reconciliations; implement Excel-based contribution/financial reporting; deposits, check writing, online banking; payroll and HR admin; policy/procedure maintenance; membership database & property/equipment inventory.",Senior-level,Sheet1,144,CareerCorpus-xlsx-raw,norm-v1.0-esco-careercorpus,true
25127518,ACCOUNTANT,"AAS, Accounting — St. Louis Community College. Honors Project in Financial Accounting.","Billing & collections; AP/AR; GL reconciliation; journal entries; budgets & grant accounting; forecasting; job costing; cash management; MS Office (Excel/Pivot Tables), Sage; accounting software; procedure documentation; trained new staff; Notary Commissioned.","Accountant (Sep 2012–Present)—promoted from Clerk; GL recs; AR billing/collections; AP in Sage; budget vs. actual reporting; State of Missouri cash drawdowns; manage multi-grant/contract budgets; update fiscal manual; program/department forecasting. Accounting Manager (May 2005–Jun 2006)—owned AP/AR, deposits, billing/collections; maintained COA and GL integrity; tax returns & government reports; monthly closes; cost analysis; improved procedures. Administrative Assistant (Jun 2006–Jun 2011)—office/vendor management, cash management; programs (pictures, parking); phones, visitors; ID and handbook programs. Admin Assistant & Billing Specialist (Jan 1997–May 2004)—billing for three depts; collections; new account/credit setup; led post-acquisition account merge; payroll & taxes; AP/AR; vendor statement recs.",Senior-level,Sheet1,145,CareerCorpus-xlsx-raw,norm-v1.0-esco-careercorpus,true
24799301,ACCOUNTANT,"B.S., Business Administration—Accounting, University of Cincinnati (1974).","Full-cycle accounting; job costing; GL, AP/AR, and reporting; Peachtree (Sage 50) implementation; systems setup (LAN, website); procedure improvement; CPA; stakeholder communication; small/medium-business support.",Accountant (2009–Present)—hired via CPA firm to manage all accounting and job-cost reporting for a mid-sized company. Accountant (2007–2009)—handled all accounting functions for client of CPA firm. Accountant (1997–2007)—implemented Peachtree accounting system; installed LAN and launched company website.,Senior-level,Sheet1,146,CareerCorpus-xlsx-raw,norm-v1.0-esco-careercorpus,true
25067742,ACCOUNTANT,"B.A. Business Administration (1998). Certificate—Bookkeeping Fundamentals, Sheridan Technical Center (2003). Accounting studies, University of Phoenix, Miami (in progress). CUC University, Colombia (attended).","Full-cycle AP/AR & payroll; month/year-end close; GL maintenance (cash, inventory, prepaids, fixed assets, accruals, LOC); bank/credit card/lockbox reconciliations; commissions & royalty reporting; production petty cash control; 1099 preparation; staff training/supervision; MS Office; QuickBooks Enterprise 17.0; Timberline; FileMaker; POS; bilingual Spanish.",Accountant (2009–Present)—own AP/AR/payroll; bank/CC recs; monthly close & financial reporting; commission reports; manage high-volume production petty cash; 1099s. Accountant (2006–2009)—supervised 4+ interns; led AP/AR/payroll; bank/CC/lockbox recs; month/year-end; commissions; petty cash. Junior Accountant (2004–2006)—AP/AR; reconciled online transactions; bank/CC recs; month-end close; trained interns; royalty & 1099 reporting.,Senior-level,Sheet1,147,CareerCorpus-xlsx-raw,norm-v1.0-esco-careercorpus,true
15821633,ACCOUNTANT,"B.B.A. in Accounting, Fox School of Business—Temple University.","GAAP/GAAS, OMB A-133, AP/AR, budgeting, analysis, bank recs, internal controls, QuickBooks, MS Office; led teams; audited $100M+ budgets; Bronze Knighton Award; ACFE recognition.","Accountant (2015–2016)—tightened cashiering controls, analyzed $1.3M receipts, trained 6, approved bank recs. Admin Specialist II (2014–2015)—posted/validated invoices, managed deposits, vendor resolution, federal/state reports. Auditor II (2005–2014)—GAAP/grant compliance audits, internal control reviews, fraud investigations. Accountant (2003–2005)—reconciled 300 contracts (~$550M/yr), trend analyses, supervised 6.",Senior-level,Sheet1,148,CareerCorpus-xlsx-raw,norm-v1.0-esco-careercorpus,true
15363277,ACCOUNTANT,"MBA, University of Phoenix; B.S. Finance, Hampton University.","SAP/Oracle/PeopleSoft/Cognos, Advanced Excel; FP&A, capital/operating budgeting, financial modeling (ROI/NPV/IRR), vendor negotiations, telecom cost control, change management, leadership. Delivered $12M projected savings via IT outsourcing; $2.9M telco savings; in-house SAP transition saved ~$2M; shifted capitalization policy; led ~32 IT capital projects/year; Brand Ambassador (x2) and MVP awards.","Finance Manager (2000–2012)—owned $22M cap/$69M op budgets; supported 20+ IT leaders; ran exec reviews; asset mgmt, license compliance, POs/invoice controls; metrics scorecards; PMO business case methods. Manager & NYS Licensed Real Estate Salesperson (2012–Present)—managed 20 agents; 80+ closings; listings/office ops. Earlier: Senior Accountant; Accountant.",Senior-level,Sheet1,149,CareerCorpus-xlsx-raw,norm-v1.0-esco-careercorpus,true
18132924,ACCOUNTANT,"BBA, Accounting — Andrés Bello Catholic University (2014); coursework in Informatics Engineering; seminars: SAP, California Payroll Law, Tax Planning (KPMG).","GAAP/IFRS, audit standards, financial reporting & close, budgeting/capitalization, bank reconciliations, AR/AP, payroll (ADP), QuickBooks (advanced), Excel (pivots, macros), SAP (basic), Lacerte (basic). Built new Excel recording system; restructured Profit software to improve budget reports; streamlined procedures/automation; executed AR reporting enhancements; led multi-company monthly/quarterly/annual reconciliations.","Accountant (2017–Present)—field audits (QuickBooks), GAAP alignment, cash management, bank recs for 24+ companies, capex tracking/reporting. Controller Assistant (2016–2017)—audit prep, AR reporting/recons, bank discrepancy resolution, compliance. Bookkeeper (2016–2017)—payroll, deposits, pay adjustments, AR docs, dispute resolution. Controller (2010–2016)—budget/reporting improvements, tax review, automation, staff recruiting/training.",Senior-level,Sheet1,150,CareerCorpus-xlsx-raw,norm-v1.0-esco-careercorpus,true
63137898,ACCOUNTANT,"B.S. Business Administration, University of the Ozarks (1985).","SAP implementation (Colgate, Hill’s Pet Nutrition, Starbucks); QuickBooks; cost accounting; GL/AP/AR; budgeting & financial reporting; bank & account reconciliations; inventory controls; process design/automation; strategic planning; team leadership; small-business operations. Built and sold a 7-employee bookkeeping firm (120+ clients); co-founded top-10 U.S. fabric/fiber shop; led multiple software rollouts and audits.","Accountant (2016–2017)—AP/AR, monthly close, WIP, sales tax. Co-Owner (2007–2016)—launched/grew retail concepts; full P&L, staffing, strategy, city partnerships. Owner, Bookkeeping Firm (2001–2007)—onsite bookkeeping/training; later Business Development Manager post-acquisition. Accounting Manager (1999–2001)—implemented new software, audits, inventory controls. Cost Accounting Manager (1997–1999)—SAP implementation (Starbucks manufacturing). Cost Accounting Manager (1989–1999)—Colgate/Hill’s: SAP rollout, cost systems, budgeting/reporting. Accounting Manager (1985–1989)—Speaco Foods: AP/AR, inventory control, software/training.",Senior-level,Sheet1,151,CareerCorpus-xlsx-raw,norm-v1.0-esco-careercorpus,true
21763056,ACCOUNTANT,"Master of Accounting from Gujarat University, complemented by COBOL programming coursework at Triton College.","Expert in monthly close, GAAP reporting, intercompany and reinsurance recoverables, AP/AR, GL reconciliations, cash-settlement forecasting, and SAP account provisioning; proficient with fixed assets, leases, and tax filings; advanced user of Excel, Access, and PowerPoint.","Since 2001, Accountant overseeing intercompany and reinsurance accounting, cash settlements, AP journal entries, reconciliations, quarterly BSAs, and SAP approvals; from 1999 to 2001, Accountant handling period close, investment activities, bank reconciliations, tax provisions, and financial reporting; from 1996 to 1999, Staff Accountant/Lease Administrator managing GL, journal entries, accruals, lease and tax work, fixed assets, and 1099s; earlier roles include claims approval (1992–1996), bank proof operations (1991–1992), industrial billing (1988–1990), and accounts receivable (1984–1988).",Senior-level,Sheet1,152,CareerCorpus-xlsx-raw,norm-v1.0-esco-careercorpus,true
12467531,TEACHER,"M.Ed., Elementary Education & Teaching—UCLA (2016); B.A., Psychology—University of New Mexico (2003); additional study in Studio Arts—Santa Monica College.","Instructional design, standards-aligned planning, course development, progress monitoring, IEP leadership, behavior supports, safe classroom culture, family communication, staff evaluation, project/daily scheduling, process improvement, event planning; tools: Excel, Outlook, Adobe Photoshop, Slack, Evernote; robotics/programming instruction; research, analysis, planning.","Teacher (08/2014–Present)—designs rigorous lessons, tracks learning, provides timely feedback, leads IEPs, ensures compliance/reporting, partners with families, facilitates group projects, evaluates personnel. Robotics & Design Instructor (08/2012–09/2014)—lectures on kits/programming, leads workshops, adapts curriculum. Executive Advisor (08/2015–Present)—portfolio mgmt (20–25%/yr over 5 yrs), analytics, relocation, asset restructuring, contingency planning, events (+15% revenue), office automation, contracts.",Senior-level,Sheet1,153,CareerCorpus-xlsx-raw,norm-v1.0-esco-careercorpus,true
19918523,TEACHER,"M.Ed., Teaching—Virginia Commonwealth University (2002); B.S., Psychology—Virginia Commonwealth University (2002, Cum Laude); A.A., Child Development—De Anza College (1998, Cum Laude).","Virginia postgraduate professional license, curriculum development, long-term planning, critical thinking, mediation, organization, leadership, communication, adaptability, computer literacy, Promethean Board proficiency. Teacher of the Year (2015–2016), Second Grade Team Leader (5 years).","Teacher (08/2002–Present)—taught 2nd–5th grade; general and special education collaboration; created standards-based lesson plans; built strong parent, staff, and student relationships; led parent conferences; recognized as Teacher of the Year (2015). Assistant Teacher (02/2001–02/2002)—supervised students aged 5–11, led childcare and camp programs, ensured safety and engagement. Senior Support Rep (02/1998–02/2001)—mentored online tech support staff. Customer Service/Admin (02/1996–02/1998)—developed training manuals, managed client communication.",Senior-level,Sheet1,154,CareerCorpus-xlsx-raw,norm-v1.0-esco-careercorpus,true
62184086,TEACHER,"M.S., Instructional Leadership—Early Childhood Education, Tennessee Technological University (2008); B.S., Early Childhood Education, Georgia Southwestern University (1996); additional study at Valdosta State University.","Instructional design, early childhood pedagogy, lesson planning, classroom management, progress monitoring, conflict resolution, critical thinking, time management, communication (written/verbal), conferences & meetings, problem solving, process improvement, Promethean Board, charts/data use.","Teacher—Aug 2004–Mar 2014: child-centered curricula; supported healthy maturation. Teacher—Aug 2002–Jun 2004: led conferences, paperwork/compliance, creative standards-aligned lessons, student observation/evaluation. Teacher—Aug 1997–Jun 2002: routines, one-on-one support, identified developmental needs, tracked progress, family communication. Teacher—Aug 1996–Jun 1997: inquiry games, assessments, parent groups, model classroom.",Senior-level,Sheet1,155,CareerCorpus-xlsx-raw,norm-v1.0-esco-careercorpus,true
28063132,TEACHER,"B.A., African American Studies—The Ohio State University (2017). Relevant coursework: child development, nutritional needs, language acquisition, movement/motor skills, cultural influences, business, communications.",Analytical problem-solving; issue resolution; attention to detail; strong written/verbal communication (English & Twi); high-volume support; Microsoft Word/PowerPoint; Photoshop; Salesforce; ServiceNow; phone etiquette. Top rep with >80% CSAT; customer service/teamwork award.,"Teacher (Jan–Mar 2016)—classroom instruction, child care, healthy learning environment. Nursing Aide (Aug 2015–Jan 2016)—basic patient care, transport, safe living conditions. Front Desk Receptionist (Jun–Sep 2015)—phones, scheduling, billing/account support, escalations. Cook (Apr 2013–Aug 2014)—trained staff, orders, food prep, stocking, cleanliness.",Entry-level,Sheet1,156,CareerCorpus-xlsx-raw,norm-v1.0-esco-careercorpus,true
29797594,TEACHER,"Elementary Teaching Credential, University of Redlands (2008); B.A., Liberal Arts, California Baptist University (2006).","Student-centered instruction, differentiated small-group learning (System 44), positive behavior reinforcement, strong classroom management, technology integration (iPads), organization, collaboration with families/staff, trainer-of-trainees (WRITE Institute & Common Core), RCD math unit writer, grade-level lead (3 yrs).","Long-term 5th-grade substitute; 2nd-grade teacher (2+ yrs); tenured 5th-grade teacher (1 yr); 4th-grade (2 yrs) then looped to 5th; led GATE after-school program to produce the “Jr Journal” (4 published issues); tutored before/after school; organized field trips; created daily/weekly lesson plans; frequent parent communication; STAR Reading/Math assessments; led ELD, close reading, critical thinking.",Senior-level,Sheet1,157,CareerCorpus-xlsx-raw,norm-v1.0-esco-careercorpus,true
22408666,TEACHER,"B.A., Child, Adolescent & Family Studies (Minor: Sociology)—California State University, Bakersfield (2010). Bakersfield College (2006, 2010). Additional study: Irvine Valley College (2003–05). Cuyama Valley HS (2002).","Classroom management; ELL/Special Ed support; after-school program design; staff supervision (7 paraeducators); coaching (volleyball, cheer, flag football, basketball); family/community outreach; attendance improvement (SARB); tech-integrated learning (student web pages); bilingual English/Spanish; CPR/First Aid; Certificate of Clearance.","Teacher/Substitute (Aug 2012–Current)—high-demand sub; adheres to plans; strong engagement; after-school coaching; ASES coordinator (1st–6th). After-School Program Coordinator (Aug 2006–Jun 2011)—built successful program; boosted participation; integrated technology; supervised staff. Outreach Liaison (Jan 2009–Jan 2011)—community meetings, translations, attendance initiatives, small-group support, clerical duties.",Mid-level,Sheet1,158,CareerCorpus-xlsx-raw,norm-v1.0-esco-careercorpus,true
13087952,TEACHER,"M.Ed., Secondary Education—Southern Wesleyan University (2007, GPA 3.8); B.S., Biology—University of South Carolina (1998, GPA 3.4); Certificate in Medical Technology—Carolinas College of Health Sciences, Carolinas Medical Center (1999).","South Carolina certified (all general sciences); National Board Certified & grader (Pearson); AP Biology (2015) and AP Chemistry (2017) certified; teacher mentor; trained to teach at-risk youth; classroom management and positive culture; curriculum/lesson planning; PowerSchool/IGPro; chemistry, biology, medical microbiology; hematology, immunology, urinalysis; strong communication and organization.","Teacher (02/2003–Current)—teach medical microbiology, chemistry, physical science (grades 9–12); create engaging plans; parent communication; mentor 1–2 teachers yearly; Bridge Program for at-risk 9th graders; science inventory/chemical monitoring; organize out-of-state field trips; Prom co-chair/Homecoming committees; DonorsChoose literacy integration; consistently strong evaluations. Medical Technologist (02/2001–01/2006)—clinical testing (hematology, chemistry, coagulation, immunology, urinalysis), blood typing/antibody ID, microbiology plating, instrument maintenance.",Senior-level,Sheet1,159,CareerCorpus-xlsx-raw,norm-v1.0-esco-careercorpus,true
28772892,TEACHER,"M.A., Administration & Supervision—Our Lady of Holy Cross College (2008); B.S., Human Resource Management.","IDEA compliance; IEP leadership; RTI/MSDI; school-wide PBIS; instructional coaching; data analysis & progress monitoring; staffing/interviewing; scheduling/budgeting; PD facilitation; behavior intervention (MDR); collaboration with state agencies; TVI track (vision rehabilitation, low-vision services); documented 95–100% state test pass rates over a decade; consistently “Highly Effective” on Compass.","Teacher (08/2017–Present)—advocate for students with visual impairments; lead IEPs; adapt instruction; deliver Pre-ETS (work readiness, self-advocacy). Special Education Coordinator (07–12/2016)—drove IDEA compliance; led PD; chaired SpEd/Behavior Committee; built resource classroom; hired & coached team. Mentor Teacher (08/2004–06/2016)—coached new SpEd teachers; de-escalation/restorative practices; LAE trainer; Aspiring Leaders grad. Resource/Inclusion & SpEd Teacher—data-driven instruction, co-teaching, rigorous culture. Educational Strategist/RTI Coordinator (2011–2012)—district RTI, screenings, data coaching. General Education Teacher (2003–2004).",Senior-level,Sheet1,160,CareerCorpus-xlsx-raw,norm-v1.0-esco-careercorpus,true
33704389,TEACHER,"B.A., History & Music Education—Louisiana Tech University (2007); Elementary Education (1–5) program—Grambling State University (2010). Louisiana Level 2 Elementary Teaching Certification (Grades 1–5).","Lesson planning & delivery; math/ELA instruction; data-driven assessment; equity-focused, culturally responsive teaching; curriculum development and collaboration; parent communication; 504/SPED accommodations; classroom management; Microsoft Office; reporting; experience in Title I settings; global/cross-cultural perspective.","Teacher, Aug 2015–Current—plan assessments, differentiate, communicate with parents, collaborate on curriculum, ensure equity for diverse learners. Teacher, Aug 2010–May 2015—4th-grade Math/ELA; 504/SPED accommodations; hands-on strategies; program evaluation. Teacher, Aug 2007–Jul 2010—progress monitoring, supportive model classroom. Teacher, May–Sep 2008—conversational curriculum, assessments, culturally sensitive environment.",Senior-level,Sheet1,161,CareerCorpus-xlsx-raw,norm-v1.0-esco-careercorpus,true
16210888,TEACHER,"DESE Initial Administration Certification, Principal K–8—William Woods Univ. (2014). M.Ed., Educational Leadership & Policy Analysis—Univ. of Missouri (with distinction). B.S., Elementary Education. Certifications: DESE Elementary 1–6, Spanish K–9, Middle School Language Arts.",Balanced Literacy/Lucy Calkins; Investigations Math; Sitton Spelling; PBS; data-driven instruction/AFL; standards-based grading rollout; curriculum alignment (CCSS/ISTE); PD design/facilitation; new-teacher mentoring; JC Lead participant; MAP scorer; stakeholder engagement; Spanish; project management; committee leadership.,"Teacher, Jefferson City Public Schools, 08/2009–Current—plan standards-aligned lessons; analyze data; implement district programs; lead PD and grading transition; mentor staff; pilot assessments; assist district curriculum alignment; serve on strategic committees. Teacher, 01/2004–01/2009—grade-level chair; Leadership Academy selectee; curriculum alignment work; MAP scorer. Earlier roles include studio management and extensive Girl Scouts leadership.",Senior-level,Sheet1,162,CareerCorpus-xlsx-raw,norm-v1.0-esco-careercorpus,true
38750659,TEACHER,"Walden University—Diploma, Instructional Design. Texas A&M University—M.S. Education; M.S. Training & Development. Excelsior College—B.S. Liberal Arts. University of the Virgin Islands—B.S. Business Management.","ADDIE; e-learning (Captivate, Moodle, Blackboard); Adobe CS5/Photoshop/Premiere/Flash; Audacity; MS Office/PowerPoint/Outlook; PeopleSoft. Built blended/online training; led needs analysis & evaluation; designed HR programs for 350 staff; boosted retention >90%; cut recruitment cost 20%.","Teacher (2013–2016)—3rd grade; curriculum/lesson planning, conferences, progress monitoring. Instructional Designer (2009–2013)—digital learning, ADDIE, morale training. Employment, Training & Development Manager (2007–2009)—blended learning, sales training, web practice tools. HR Generalist (2000–2007)—policies, onboarding, benefits; built recruiting site. Academic Advisor (2003–2005). Fourth Grade Teacher (1998–2003). HR Specialist (1991–2000).",Mid-level,Sheet1,163,CareerCorpus-xlsx-raw,norm-v1.0-esco-careercorpus,true
90363254,TEACHER,University of Phoenix — M.A. Education/Curriculum & Instruction (2007). Arizona State University — B.A. Interdisciplinary Arts & Performance – Visual Arts (2005). Notable work: ADDIE applied to K-12 and corporate training; ESL tutoring action-research project; fine arts internship at Glendale CC.,"Curriculum development, instructional design (ADDIE, UbD), LMS/e-learning creation, research & assessment, critical thinking strategies, staff development, troubleshooting, conflict resolution, MS Office. Designed standards-aligned ELA/LA curricula that drove measurable gains (AIMS +4% Y1; +12% by Y3; 93% meets/exceeds, 64% exceeds on 2015 AZ Merit Writing). Built effective lessons and rubrics; led PD across grade levels.","Teacher (2012–Current): Built Trivium/ADDIE-based writing & language arts programs; created assessments; coached peers; presented PD; strong parent/admin communication. Lead Curriculum Developer/Project Manager (2009–2012): Designed ground/online courses with SMEs; QA in LMS (24–48h turnaround); ~20 course revisions/month; raised student satisfaction 65%→85%. Visual Arts Instructor (2005–2009): Created new Fine Arts curricula (Perspective Drawing, Digital Painting); portfolio assessment for 40 students; integrated software/media tools.",Senior-level,Sheet1,164,CareerCorpus-xlsx-raw,norm-v1.0-esco-careercorpus,true
66906212,TEACHER,"FAU—BAs in Social Studies Education (2014), Political Science (2008), Criminal Justice (2008); 300+ classroom/service hours; research on women’s rights in Iran.",CA & FL certified; ESOL/Reading endorsed; Farsi/English bilingual; data-driven instruction and classroom management; Title I experience; XC/Track coach; created schoolwide management tools; secured business partners.,Teacher 2014–present; Student Teacher 2014; Director/Manager camps 2010–2015; Manager/Buyer 2009–present.,Senior-level,Sheet1,165,CareerCorpus-xlsx-raw,norm-v1.0-esco-careercorpus,true
34745915,TEACHER,"Longwood University—B.A. History & Social Studies Secondary Education, minor Anthropology (2012); Virginia & Florida professional teaching licenses.","Advanced problem solving, SEO/analytics, MS Office, classroom management, differentiation, lesson planning, positive reinforcement, records management, 58 WPM, strong customer service.","Teacher 2014–present; Paraprofessional 2014; Substitute 2013; earlier roles in customer solutions, sales, server, and library support.",Mid-level,Sheet1,166,CareerCorpus-xlsx-raw,norm-v1.0-esco-careercorpus,true
34689720,TEACHER,"B.S. Music Education, Sterling College (1999); Kansas State University—176 credits toward Music Education.","Explicit Instruction, HOTS, Multiple Intelligences; MTSS leader (4 yrs); dual-language strategies (11 yrs); rebuilt K-8 program; raised concert attendance 40%→98%; founded Singing Ambassadors; corporate training/QC; GE Capital President’s Council.","Music teacher 2000–present across K–12; earlier VP HR, scale-interface specialist, and QC/training roles.",Senior-level,Sheet1,167,CareerCorpus-xlsx-raw,norm-v1.0-esco-careercorpus,true
48547319,TEACHER,"Final-semester A.A. in Early Childhood Education at Maysville CTC (64 credits). Credentials include CDA Infant/Toddler and Preschool, Director’s Credential, CPR/First Aid, with additional training in TB/head-trauma safety.","Strengths in daycare and classroom management, creative arts integration, and clear communication. Head Start knowledgeable; homeschooled a child from infancy to 4th grade; experienced supporting children with special needs and consistently praised by parents.","Teacher, Creation Kingdom (Georgetown, KY) 2002–2014, plus Preschool Teacher 2013–2014, Toddler Teacher 2012–2013, Preschool Teacher 2010–2012. Planned and delivered developmentally appropriate curricula, maintained detailed daily reports, guided behavior, and ensured safe, engaging learning environments.",Mid-level,Sheet1,168,CareerCorpus-xlsx-raw,norm-v1.0-esco-careercorpus,true
19464810,TEACHER,"B.S. Elementary Education, University of Louisiana at Lafayette (2013).",Admin-savvy teacher with 10+ years’ executive support; MS Office; database/records; training; multi-line phones; invoicing/A/R; scheduling; customer service; tech instruction/tutoring; highly organized and detail-driven; Louisiana Highly Qualified Teacher 2013–2014 (Compass 4).,Teacher 2013–present; Teacher Intern 2013; earlier roles: Legal Secretary/Office Manager 2011–2012; Teller 2010–2011; Admin Assistant (intern & staff) 2005–2010; A/R 2006–2008; Dental Assistant 2004–2005; CSR 2003–2004.,Mid-level,Sheet1,169,CareerCorpus-xlsx-raw,norm-v1.0-esco-careercorpus,true
28086303,TEACHER,"B.A., College of Staten Island (2013). M.S., Special Education, Touro College (licensure coursework; Students with Disabilities test passed).",Common Core–aligned ELA/Math/Science instruction; differentiated/special education support; classroom management; SMART Board/ed-tech integration; small-group intervention; curriculum and lesson planning; library program management; strong parent/teacher collaboration; NYS Childhood Ed (1–6) credential track.,"Teacher, 2016–present—5th-grade STEM; K–3 Horizon Science; Pre-K–library; data tracking, hands-on labs, conferences; managed Open Access Library and book purchasing. Teacher, 2013–2016—taught grades 2–8 (Math, ELA, Science, Social Studies); improved reading via guided groups; committees and clubs; consistent differentiation and behavior supports.",Mid-level,Sheet1,170,CareerCorpus-xlsx-raw,norm-v1.0-esco-careercorpus,true
13855004,TEACHER,"B.A. Psychology, Southern Connecticut State University (2007), Magna Cum Laude; NCATE Collaborative Endorsement—Elementary Regular/Special Education (013, 165) (2010); Remedial Reading & Language Arts, K–12 (102). Passed Praxis II (Regular & Special Education) and state Reading test.","Common Core & NGSS-aligned instruction; differentiated/Special Ed supports and IEP accommodations; Positive Behavior Support (PBS); assessment (DRA2, Brigance, SBAC/NWEA prep); literacy workshop models; STEM/FOSS inquiry labs; curriculum design and small-group interventions; ed-tech (SMART tools, Go Math, Eureka/EngageNY, IXL, Khan Academy, Infinite Campus); strong home–school communication.","Teacher, 2010–present—plan, deliver, and assess standards-based math, science, and literacy; lead inquiry science; integrate PBS and data-driven interventions; collaborate on grade-level goals; maintain Infinite Campus. Sixth Grade Teacher, 2008–2010—balanced literacy (Readers/Writers Workshop), Everyday Math, FOSS science, CMT prep, literacy workstations, and small-group supports. Special Education Tutor, 2007–2008—modified curriculum, created accommodated assessments, inclusion support K–6, administered Brigance and CMT accommodations.",Senior-level,Sheet1,171,CareerCorpus-xlsx-raw,norm-v1.0-esco-careercorpus,true
35421497,TEACHER,"B.A. Childhood Education (1–6), Brooklyn College (2007), minor in Psychology; A.A. Liberal Arts, Nassau Community College (2003).","Differentiated instruction, balanced literacy, classroom management, student assessment (running records, rubrics, portfolios), SEL-focused environment, family communication, lesson planning, and collaboration. Trilingual in English, Russian, and Hebrew. Certifications include First Aid/CPR, Child Care Facility Rules & Regulations, Child Abuse & Neglect reporting, and School-Age Appropriate Practices.","Teacher (Current)—builds inclusive, inquiry-based classrooms; adapts lessons; designs hands-on projects; guides social-emotional growth; partners with staff and families. Student Teacher, Grade 1 (2006–2007)—planned and delivered balanced literacy units; assessed progress; fostered a constructivist, problem-solving culture. Dentist Office Manager (2002–2012)—led 10 staff, training, patient relations, insurance/claims, scheduling, and records—strengthening organization and communication used in education.",Mid-level,Sheet1,172,CareerCorpus-xlsx-raw,norm-v1.0-esco-careercorpus,true
35421497,TEACHER,"B.A. Childhood Education (1–6), Brooklyn College 2007; A.A. Liberal Arts, Nassau CC 2003; minor Psychology.","Differentiated instruction, balanced literacy, classroom management, assessment, SEL, family communication, lesson planning, collaboration. Trilingual (English/Russian/Hebrew). Certs: First Aid/CPR, FACR, CAAN, SAP.","Teacher (current)—inclusive, hands-on, adaptive lessons; Student Teacher, Grade 1 (2006–2007); Dentist Office Manager (2002–2012)—leadership, training, scheduling, insurance.",Mid-level,Sheet1,173,CareerCorpus-xlsx-raw,norm-v1.0-esco-careercorpus,true
18001081,TEACHER,"M.A. Education, The University of Texas (2002); B.A. Psychology & Government with Early Childhood Development/Child Psychology, The University of Texas (1998). Graduate Assistant in Education & Counseling; supported adult GED learners.",Texas Teaching Certificate (EC endorsement); classroom management; guided reading/small-group instruction; hands-on math; curriculum development (campus-wide contributor); Title I; standardized testing/assessment; IEP familiarity; tech-integrated instruction; calm under pressure; flexible/adaptive; ATPE member.,"Teacher (Aug 2011–Present)—plan standards-aligned lessons; differentiate instruction; maintain progress records; implement varied methods (discussion, demonstration); strengthen family communication; run after-school/summer enrichment; improve reading via guided groups; collaborate school-wide. Reading Tutor (Feb–May 2011)—1:1 and small-group literacy support. 4th Grade Teacher (Sep 2006–Aug 2008)—core instruction, assessment, behavior support, parent conferences, remedial programs, and literacy integration.",Senior-level,Sheet1,174,CareerCorpus-xlsx-raw,norm-v1.0-esco-careercorpus,true
14958913,TEACHER,"B.S. Chemistry, California State University (GPA 3.65). Additional study in biology, general chemistry, and law/justice topics. CPR certified.","Arts-integrated instruction (music/dance/art) for students with Autism; classroom support and parent communication; choreography and performance leadership; event emceeing and fundraising; healthcare exposure (vital signs, acute care, pediatrics, urology); presentations on science and elder care; community service awards; CPR.","Teacher (Feb–Jun 2016)—taught children with Autism using music, dance, and art; individualized supports; built strong parent relationships. Teacher & Company Dancer (Dec 2015–Jul 2016)—assisted instruction across Bollywood/Bharatanatyam/Fusion; choreographed and performed at community fundraisers. Nursing Intern, Coastline ROP / Hoag Hospital (Jul–Sep 2013)—20+ clinical hours assisting in acute care and multiple departments; completed CPR certification. Leadership & Volunteering—Lead/Post-Graduate Company Dancer, Rangoli Dance Company (2004–Present; Artistic Merit Award 2016); Vice President, Youth Committee, Karnataka Cultural Association (2010–Present); Vice President, Volunteer Group, Lakeview Senior Center (2012–2016).",Entry-level,Sheet1,175,CareerCorpus-xlsx-raw,norm-v1.0-esco-careercorpus,true
13296856,TEACHER,"MA, Education — University of Denver (2015); BS, Political Communications — Emerson College, Magna Cum Laude (2006).","9+ yrs teaching/training; program design & management; data-driven instruction; community outreach/partnerships; diversity, inclusion & restorative justice; Conflict & Dispute Resolution cert; ELA-E certified; DPS frameworks/Denver Plan; strong presentation/comms; MS Office. Boards/affiliations: Denver Metro Chamber, DCPA Advisory Board, PeaceJam.",Teacher (2015–2017) — data-driven instruction; DPS collaboration; family/community engagement. Service Learning Coordinator (2013–2014) — job-shadow/experiential curriculum; events; budget. English Teacher (2012–2013) — HS instruction; adult intercultural courses (Japan). Site Director (2010–2012) — before/after-school programs for 250+; staff hiring/training; college-readiness; DEI/RJ PD. Program Manager (2007–2010) — DOE-funded mentoring across 6 urban schools; internships; metrics/budgets; civic presentations.,Senior-level,Sheet1,176,CareerCorpus-xlsx-raw,norm-v1.0-esco-careercorpus,true
63391085,TEACHER,M.S. Education — Liberty University (2017); B.S. Behavioral Science — Bluefield College (2009).,"Middle school ELA & Social Studies (U.S. History, Civics, Geography); curriculum design; assessment prep (Stanford, SOL); classroom management; IEP process knowledge; attendance/grade/records management; MS Office (Word, Excel, PowerPoint, Outlook), QuickBooks; scheduling, budgeting, payroll; strong communication, leadership, and multitasking.","Teacher (2013–Present) — plan/deliver up to 5 classes daily; design materials; manage behavior; prep/administer exams; track attendance and coursework; provide feedback. Teacher (2009–2012) — differentiated instruction; data/records; family communication; collaboration and climate building. Office Manager/Administrative Assistant (2006–2009) — supported department chair & 15 faculty; schedules, honors processing, GPA/certificates; trained work-study staff. Student Services/Administrative Assistant (2004–2006) — coordinated admissions, IEP/triennial meetings; compliance and student records across VA districts. Business Manager & Travel Coordinator (1996–2002) — athletic payroll; team travel logistics/budgets for 46 teams; contracts and reporting. Administrative Assistant (1993–1996) — School of Technology support; scholarship/grant processing; intern scheduling.",Senior-level,Sheet1,177,CareerCorpus-xlsx-raw,norm-v1.0-esco-careercorpus,true
23939133,TEACHER,"B.A. English Language — University of Jos, Nigeria (1999); Child Development Site Supervisor Permit — Los Angeles Southwest College (2012).","Family engagement and home visiting (Head Start); classroom instruction (ages 3–5); IEP/IFSP collaboration; parent training, conferences, and transitions to kindergarten; records/compliance (Title 22, Head Start Performance Standards); recruitment/enrollment; case management and referrals (health, mental health, nutrition); safety/first aid; MIS data entry; culturally responsive communication; multitasking and deadline management. Certificates of Appreciation/Completion (2004).","Teacher (2014–Present) — plan and deliver developmentally appropriate lessons; maintain observations, attendance, and in-kind records; lead parent conferences and home visits; ensure compliance with state and federal standards; train classroom volunteers; implement emergency/safety procedures. Home Visitor (2008–2014) — weekly in-home instruction and family goal setting; socializations; Family Partnership Agreements; coordination of medical/dental and community services. Youth Counselor/Family Support Specialist (2004–2008) — recruitment, needs assessments, referrals, interagency coordination, behavior interventions, transition support. Program Worker (2002–2004) — supervise/instruct youth; maintain health records; reporting and compliance; staff development and data entry.",Senior-level,Sheet1,178,CareerCorpus-xlsx-raw,norm-v1.0-esco-careercorpus,true
96547039,TEACHER,"C.D.A., Child Development — Seattle Central Community College (1996); B.A. Elementary Education / Special Needs — Grand Canyon University (in progress).",CPR/First Aid; classroom management for ages 3–5; curriculum & weekly planning; positive behavior reinforcement; Head Start documentation & assessments; family communication & conferences; safety/compliance; time management; conflict resolution; food-handling training. Volunteer of the Month; lead volunteer/team coordinator.,"Teacher (2013–2016) — supervised 3–5-year-olds; ran small-group/outdoor activities; maintained records; organized conferences; led field trips; supported milestones and screenings. Teacher (2008–2013) — designed and delivered developmentally appropriate curriculum; ensured Head Start compliance; collaborated with multidisciplinary teams. Teacher (2004–2007) — weekly plans, security/safety, progress reporting. Baggage Supervisor (2007–2011) — safety oversight, logistics, shift reporting. Lead Volunteer (2015–2016) — ministry support and team lead.",Mid-level,Sheet1,179,CareerCorpus-xlsx-raw,norm-v1.0-esco-careercorpus,true
22807104,TEACHER,"A.A. (in progress/2019) — Nursing; coursework in English, Math, Accounting — ECU. Training: Microsoft Excel & Word — Wilson Technical CC. High School Diploma — James B. Hunt HS (GPA 3.6).","Retail operations, inventory control, store opening/closing, POS/cash handling, pricing, merchandising, loss prevention, customer service, conflict resolution, team leadership, coaching, Excel/Word. Promoted to Assistant Manager in 7 months; 2015 Great Customer Service Award; implemented LP methods reducing shrink.","Assistant Manager (2010–Present) — lead store ops; train/coach staff; drive sales; resolve customer issues; manage cash, stock, and compliance. Cashier (2014–Present) — high-volume POS, order taking, food prep, sanitation, and guest recovery. Teacher (2008–2009) — classroom management and instruction; small-group tutoring; enrichment programs.",Mid-level,Sheet1,180,CareerCorpus-xlsx-raw,norm-v1.0-esco-careercorpus,true
23628651,TEACHER,"Master’s — Educational Leadership, Concordia University (2015). Bachelor of Business — Marketing, University of Texas (1999). Bilingual: English/Spanish.","90–100% annual pass rates across content areas; 2013–14: +80% exceeding progress in Math and +30% in Reading (Bilingual–SPED class). PBIS presenter (Region 19) and committee lead; launched/led Robotics Elementary Camp; annual school talent show founder (since 2008); Foro Abierto (Spanish Reading First) consultant. Strengths in program design, event leadership, community outreach, training/presentations, public speaking, Adobe (Photoshop/Illustrator), Microsoft Office.","4th Grade Bilingual Teacher (2005–Present) — data-driven instruction; campus initiatives (PBIS, Partners in Education, PLTW, Vertical Alignment); family/community engagement. Kindergarten Bilingual Teacher (2003–2005) — self-contained and team-teaching roles; PTA cultural liaison/secretary. Sales & Marketing/PR Manager (1999–2002) — multiple promotions; revived key government account; +$35K MX market weekend revenue; booked $295K future business; market share +11%; RevPAR +10.7%; led cross-border campaigns and PR.",Senior-level,Sheet1,181,CareerCorpus-xlsx-raw,norm-v1.0-esco-careercorpus,true
29486525,TEACHER,"B.S. Chemistry, University of Montevallo (1985). Texas Teaching Certificate.","27.5 years teaching HS science/math; deep TEKS alignment; IEP knowledge; behavior/classroom management; curriculum/assessment design; test development and grading; meticulous records/compliance; materials/textbook selection; collaborative Site-Based Committee member; flexible, student-centered instruction.","Teacher (1994–2014); Science Teacher (1987–1993); Chemistry Teacher (1985–1986); Mathematics Teacher (Sep–Dec 2014) — delivered standards-aligned instruction, used varied techniques to maximize learning, and consistently monitored progress.",Senior-level,Sheet1,182,CareerCorpus-xlsx-raw,norm-v1.0-esco-careercorpus,true
22510753,TEACHER,"M.Ed, Educational Leadership — Concordia University (2015). B.A., Sociology — University of Maryland Eastern Shore (2011). Credentials: CDA (Infants & Toddlers), Maryland Child Care Credential.","Curriculum design and implementation; Teaching Strategies GOLD; PCS Web; Microsoft Office (Word, Excel, PowerPoint, Outlook, Publisher, Access); classroom management and documentation; parent communication and home–school coordination; staff training/workshops; organizing enrichment (arts, music, storytelling, field trips); strong leadership, organization, time management, reliability, and multitasking.","Teacher (2014–Present) — plan and deliver balanced instruction; prepare materials/classroom; set and enforce behavior procedures; lead developmental activities; provide daily child reports; integrate literature, music, and art; participate in committees, meetings, and PD. Teacher (2008–2014) — coordinated lessons with staff; assimilated new arrivals; conducted outings; maintained records; advanced creativity and expression. Security & Property Clerk (2007) — clerical support, agendas/minutes, call routing, office machine operations. Office Automation Clerk (2006) — document production/editing, meeting support, phones and devices.",Mid-level,Sheet1,183,CareerCorpus-xlsx-raw,norm-v1.0-esco-careercorpus,true
21773106,TEACHER,"M.S., Counseling — Lindenwood University (2012, Dean’s List). B.S., Education — McKendree College (2004). Certifications: Standard Teaching Certificate (K–9, Middle School), CPR.","Classroom management; differentiated, student-centered instruction; behavior modification; curriculum planning; AV/technology integration; counseling and family communication; public speaking and time management. Selected Head Teacher two consecutive years; Centerville Elementary Union Representative two years; Above and Beyond Award; Performing Arts Department Chair for three years; led after-school detention program reducing suspensions; mentored at-risk youth via Lincoln Challenge Academy; coached 8th-grade and 9th-grade boys basketball (head coach) and assistant varsity for seven years; helped 300+ students reach IEP goals.","Teacher (2004–2014) — taught Math, Science, Social Studies, ELA, Reading, Spelling; designed engaging lessons and assessments; facilitated social-emotional growth; committee work (Emergency Planning, Safe School, Your Choice); PD leadership. Teacher (2009–2011) — acting principal as needed; launched after-school detention program; technology-enhanced instruction; parent communications; Building Leadership Committee. Coach (2005–2014) — boys’ freshmen and middle-school basketball. Campus Security Officer (2002–2005) — campus patrols, reports, incidents, 24/7 environment. Daycare Supervisor (2001–2002) — staff scheduling, procurement, family communications, program growth. Loss Prevention Security Officer (2000–2002) — monitoring, escorts, incident reporting. Retail Department Supervisor (1998–2000) — team scheduling, inventory, equipment operations.",Senior-level,Sheet1,184,CareerCorpus-xlsx-raw,norm-v1.0-esco-careercorpus,true
34465087,TEACHER,"Associate of Arts — Business, Jones International University.","Fifteen years of client-facing experience spanning customer service, telesales, account management, and training. Strengths include conflict resolution, active listening, problem solving, cash handling, inventory control, invoicing, database upkeep, report generation, opening/closing procedures, and team leadership. Notable outcomes include standardized staff training that raised customer satisfaction by 12%, campaigns that increased conversion rates by 50% and overall sales by 50%, consistent revenue growth through consultative sales, and effective resolution of customer issues to retain key accounts. Proficient with Live Support systems and routine weekly, monthly, and quarterly sales reporting; experienced in market research and customer communications across phone and in-person channels.","Teacher (2012–Present) delivering early-childhood programs with daily literacy, art, music, and play-based learning; manages classroom routines, behavior, safety, and parent communications; organizes outings; maintains compliance and CPR/GA certifications; produces detailed daily reports; builds stable environments for ages 1–5 with 13+ years of childcare experience. Office Manager/Teacher (1995–2008) overseeing a 9,000-sq-ft center licensed for up to 100 children; led a team of ~20, controlled budgets and expenses by implementing QuickBooks, managed 100 client accounts annually, set menus and compliance documentation, screened 300 children over ten years, increased new and return enrollment, and ran integrated marketing, promotions, and in-house advertising to drive growth while designing and delivering developmentally appropriate curricula.",Senior-level,Sheet1,185,CareerCorpus-xlsx-raw,norm-v1.0-esco-careercorpus,true
24791126,TEACHER,"Master of Science (Microbiology), Universidad Austral de Chile (2008); Bachelor-level studies in Microbiology, Universidad de Pamplona (1992–1999); Internal Quality Auditor, ISO 9001:2000 (120 hrs); Graduate training in Competency-based Curriculum Development, UDES (2010).","Specialist in food protection, GMP and HACCP implementation, internal auditing, and food-handler training; experienced with statistical quality tools, lactic acid bacteria and bacteriocins, and antimicrobial/biodegradable packaging. Research includes whey-protein films controlling Listeria monocytogenes on smoked salmon (CONICYT/FONDEF project), antimicrobial films for meat, and LAB-derived bacteriocins; contributions to Colombia’s national raw milk health profile and risk assessment for Listeria in cooked meats; presenter at industrial microbiology congresses; member of ACTA.","University lecturer and lab head across Pontificia Universidad Javeriana (2010–2015), Universidad de Santander—UDES (2010), Universidad de Boyacá (2009), and Universidad de Pamplona (2000–2006), including department director for Food-Emphasis Microbiology (2005); advisor on food services for the XX Central American and Caribbean Games (2006); extensive curriculum design, program accreditation support, industrial practice supervision, and quality/safety system rollout in food companies.",Senior-level,Sheet1,186,CareerCorpus-xlsx-raw,norm-v1.0-esco-careercorpus,true
15899269,TEACHER,"M.S. Forensic Psychology (in progress), Southeastern University; M.S.W. (in progress), Clinical; B.A. Psychology, Warner University (2014); B.A. Social Work, Nova Southeastern University (2014). Honors include Alpha Lambda Delta, Phi Alpha, Pi Gamma Mu, Magna Cum Laude, Dean’s List 2010–2014, Academic All-Conference 2012–2014; student-athlete on softball scholarship.","Discharge planning, case coordination, needs assessment, community referrals, DME arrangements, documentation and care continuity; lesson planning, curriculum delivery, classroom management, collaboration and stakeholder communication.","Social Services Specialist (05/2014–Present) — coordinate safe newborn and maternal discharges, arrange follow-ups and equipment, complete case records and connect families to community resources. Teacher (08/2015–07/2017) — designed standards-aligned syllabi and lessons, delivered instruction, maintained constructive relationships with students and parents, and collaborated to improve classroom environments. Social Work Intern (01/2014–05/2014) — supported discharge planning, referrals and case documentation under supervision.",Mid-level,Sheet1,187,CareerCorpus-xlsx-raw,norm-v1.0-esco-careercorpus,true
37402097,TEACHER,"Clinical Medical Assistant certificate, South West Schools (2012, ~800 training hours including Medical Terminology and Anatomy & Physiology); High School Diploma, Holy Cross High School (2010). CPR certified.","Vital signs, injections (IM/ID/Sub-Q/Z-track), phlebotomy (butterfly, vacutainer, syringe, capillary), ultrasound procedures, exam room setup/sterilization, patient education, EMR documentation, ICD-9/CPT familiarity, scheduling, insurance and co-pays, Microsoft Office; classroom readiness, early literacy/numeracy, arts activities, child supervision and safety.","Medical Assistant (2012–2013) — measured/recorded vitals, assisted exams, administered injections, sterilized equipment, documented in EMR, supported front office, and provided patient education; Medical Assistant, externship (2011) — vitals, range-of-motion exercises, ultrasound exams, room preparation, patient care; Teacher (2013) — taught letters, numbers, and arts/crafts to 3–4-year-olds, supervised meals/nap, and maintained a clean classroom.",Entry-level,Sheet1,188,CareerCorpus-xlsx-raw,norm-v1.0-esco-careercorpus,true
36206485,TEACHER,"Bachelor of Science in Reading, Delta State University (2006); concentrations in English and Social Studies. Mississippi Teaching Certificate with Elementary Education endorsement; renewed 2011.","Teacher of the Year (2009); strengths in lesson planning, classroom management, differentiation, learning assessments, Title I and IEP familiarity, standardized testing practices, PBIS-informed supports, positive behavior and reading intervention, data tracking and parent communication; experienced in urban public school settings; proficient with Microsoft Office and classroom presentation tools.","Teacher, 2009–Present — plan and deliver standards-aligned instruction, maintain behavior expectations and a supportive climate, differentiate for diverse learners, implement remedial and enrichment programs, monitor and report progress, lead conferences, and extend learning through after-school and summer programs. Teacher, 2007–2009 — created engaging environments, adapted resources for special education and varying abilities, integrated technology and collaborative learning, and applied appropriate discipline while monitoring performance. Teacher Intern, 08/2006–12/2006 — developed unit plans aligned to county curriculum for seventh-grade inclusion classes, collaborated with special education staff, used multimedia to present lessons, and supported behavioral and academic interventions with consistent family contact.",Senior-level,Sheet1,189,CareerCorpus-xlsx-raw,norm-v1.0-esco-careercorpus,true
36569713,TEACHER,"Master’s in Education, Government College of Education (1992). Bachelor of Education, Government College of Education (1990). Bachelor of Science in Biology & Chemistry, University of Karachi (1986).","Teacher of the Year (2009). Strengths in lesson planning, classroom management, differentiation, learning assessments, positive reinforcement, tutoring, and data/recordkeeping. Experienced supporting special needs students, fostering student independence and problem solving, and maintaining strong communication with families and staff. Proficient in Microsoft Office; quick to learn new instructional tools (e.g., mathematics software).","Teacher (2005–2016) — led elementary classrooms with a focus on creative, independent problem solving; implemented effective instructional practices, maintained reliable charting and records, and used positive reinforcement to support diverse learners. Teacher (1997–2004) — planned and delivered standards-aligned lessons, established class norms, and provided targeted small-group support. Teacher (1986–1989) — taught math and science with purposeful lesson planning, set clear rules with student input, applied patient, individualized attention, and managed time and grading efficiently.",Senior-level,Sheet1,190,CareerCorpus-xlsx-raw,norm-v1.0-esco-careercorpus,true
28013287,TEACHER,"B.A. in Education, Schreiner University (2010). Texas Certified Teacher EC–4. Texas Insurance license. Willing to relocate anywhere.","Lesson planning, grading and reporting, classroom management, early literacy and numeracy, scaffolded instruction, positive reinforcement, family communication, data entry and reporting. Proficient in Microsoft Word, Excel, PowerPoint, Works, and internet research. Accounts receivable, customer service, and problem solving.","Teacher, High School & Junior High (2015–Present) — taught all subjects and coached PE; managed lesson plans, grades, and reports. Kindergarten Teacher (2014–Present) — led daily math, reading, science, social studies, and writing; helped students overcome readiness challenges for first grade. Daycare Lead Teacher (2010–Present) — taught ages 2–4; built letter/number recognition, writing, listening, colors; prepared four-year-olds for kindergarten through whole-group, centers, and one-on-one. Accounts Receivable Clerk, The SALT Group (2012–2014) — collections, client relations, reporting, and weekly revenue goals.",Mid-level,Sheet1,191,CareerCorpus-xlsx-raw,norm-v1.0-esco-careercorpus,true
29267293,TEACHER,"M.A. (Guidance & Counseling), University of Texas–Pan American (2002). B.A. in Psychology, University of Texas–Pan American (1996). Texas certifications: School Counselor PK–12 (2002), Secondary Spanish 6–12 (2004), Bilingual/ESL–Spanish PK–6 (1998).","Seventeen years teaching and counseling experience across elementary and secondary settings; implemented IB Spanish curriculum for grade 6 and regular Spanish for middle/high school; led Alweus/Olweus Bullying Prevention initiatives; LPAC committee service for newcomer ELLs; TELPAS online assessor and campus trainer; experienced with LEP instruction, autism modifications, family engagement, goal setting, workshops, and time management. Native Spanish speaker.","Teacher, 1999–2014 — 6th Grade Spanish (IB): designed and delivered IB-aligned units emphasizing citizenship, open-mindedness, and risk-taking in a safe classroom culture; supported Olweus bullying prevention. 5th Grade Newcomers: built and implemented curriculum for students new to U.S. schools and non-English speakers; served on LPAC for district newcomers. Kindergarten: planned and delivered instruction for LEP students; created accommodations for autistic learners. Earlier experience includes Valley View ISD kindergarten in an under-resourced area with LEP focus and autism supports (1997–1999).",Senior-level,Sheet1,192,CareerCorpus-xlsx-raw,norm-v1.0-esco-careercorpus,true
45286020,TEACHER,"M.A. in Math Education, Southwestern University; M.A. in Education, Philippine Normal University (2000); B.A. in Secondary Education—Mathematics, Cum Laude (1994); additional 30 graduate units in Math Education (Philippine Normal University). Certification: Maryland Teacher Certificate (APC), current.","~19 years of high school math teaching with strengths in differentiated instruction, interactive learning, learning-style assessment, and family collaboration; experienced with special needs students; proficient with Microsoft Word, PowerPoint, Excel, Google Docs, Dropbox, Derive. Recognitions include Teacher of the Month (Jan 2011, May 2014), MCTM Teacher of the Year nominee (2011), qualified TOY applicant (2014), consistent “Proficient” ratings since 2003, highest HS assessment percentages (May 2013, May 2014), and 100% HSA pass rate (2010). Leadership as H3 team leader, Math Mentors Club moderator, Vita Matematica contributor; active in BTU, NCTM, and AFT; community involvement with ASPCA; CPR-capable with documented lifesaving incidents.","High School Math Teacher, 2009–Present — taught Data Analysis (Regular/Honors), Algebra I (Regular/Honors and Intensified), Geometry (Regular/Honors), Algebra II Honors, Bridge/Mastery; duties included counseling/mentoring advisees, parent conferences, lesson and assessment design, and campus committees. High School Math Teacher, 2005–2009 — Geometry and Algebra (grades 9–11) with added responsibilities for coaching classes and progress monitoring. High School Math Teacher, 1997–2005 — Geometry, Data Analysis, Algebra I (grades 9–10), family communication, behavior and academic tracking, instructional material development. High School Math Educator, 1995–1996 — Algebra I (first-year), full instructional planning and student counseling.",Senior-level,Sheet1,193,CareerCorpus-xlsx-raw,norm-v1.0-esco-careercorpus,true
13330982,TEACHER,"M.Ed., Curriculum & Instruction—Environmental Education, Concordia University (2015). B.A., Secondary Education—Earth Science (7–12), Brooklyn College/CUNY (2009). GLOBE program training.","First Aid/CPR; SmartBoard; Microsoft Office; GIS; Engrade; Skedula; classroom management; curriculum & assessment design; labs; community engagement. Founded student-run Fairness Committee; Student Council advisor (constitution, leadership trip); led schoolwide events and fundraisers; environmental action lead (recycling, Earth Day initiatives, beach/graffiti cleanups—1,000+ lbs removed); teams won two national events.","Teacher (2009–Present)—Regents Earth Science, Environmental Science (11th), Health; labs, projects, exams; tech-integrated instruction. Assistant Girls’ Soccer Coach (2012–Present)—practice design, skills/drills, academic monitoring, team culture. School Safety Officer (1996–1998)—secure HS environments; Boys Town non-secure detention. Youth Care Worker/Recreation Director (1994–1996)—recreation programs, social-skills instruction, behavior-mod implementation.",Senior-level,Sheet1,194,CareerCorpus-xlsx-raw,norm-v1.0-esco-careercorpus,true
22551979,TEACHER,"B.A., Education & Psychology, University of Maine at Fort Kent (2007).","Microsoft Office (advanced), Excel (advanced), QuickBooks, scheduling, records/reporting, file systems, policy compliance, parent communication, classroom management, differentiated instruction, technology-integrated lessons, team building. Introduced new learning methods and differentiated materials; boosted participation/test scores via targeted ed-tech; organized veteran guest speaker for WWII unit; consistent positive parent and administrator feedback.","Microsoft Office (advanced), Excel (advanced), QuickBooks, scheduling, records/reporting, file systems, policy compliance, parent communication, classroom management, differentiated instruction, technology-integrated lessons, team building. Introduced new learning methods and differentiated materials; boosted participation/test scores via targeted ed-tech; organized veteran guest speaker for WWII unit; consistent positive parent and administrator feedback.",Mid-level,Sheet1,195,CareerCorpus-xlsx-raw,norm-v1.0-esco-careercorpus,true
29639533,TEACHER,"M.Ed., Reading & Literacy, Marygrove (2007); B.S., Social Science, Tennessee State (1996). GA Certs: P–5; Reading 4–8; Social Science 4–8; ELA 4–8.","Writing Dept. Chair; 5th Grade Level Chair; differentiated & data-driven instruction; Georgia Milestones CR; Promethean/Study Island; PD facilitation. Results: ~85% ELA meet/exceed (2014–15); EIP homeroom 100% reading pass; 95% 5th-grade writing pass (2013–14). Creator of “Mr. C’s Bucks”; founder of Project L.O.N.G./“Our Squad.” Presenter (MASPA, Marygrove, W.I.G.O. Radio).","Teacher, 5th ELA (2011–Present)—schoolwide writing plan, CCSS units, tech-enabled instruction, data use. Teacher, 4th single-gender (2008–2010)—all subjects, character education, behavior systems. Teacher, 4th (2007–2008)—Math/Reading, differentiated/Promethean. Academy Director (2005–2007)—evals, single-gender master schedule, discipline/handbooks/ops. Teacher, 8th (2001–2005)—balanced literacy, real-world design. Corporate Trainer (1998–2001). Teacher, 8th Sci/Tech (1996–1998)—MEAP +20% pass; parent engagement +40%.",Senior-level,Sheet1,196,CareerCorpus-xlsx-raw,norm-v1.0-esco-careercorpus,true
49285644,TEACHER,"Graduate Teaching Licensure, The College of St. Scholastica (2010; M.S. in progress); B.A., Marketing Communications, Metropolitan State University (1998).","Classroom management, curriculum prep, data/records (Infinite Campus), family & stakeholder communications, site/program leadership, safety & crisis response (First Aid/CPR/AED), logistics & EDI, MS Office. Known for relationship building, clear written/verbal communication, and high attention to detail.","Teacher (Oct 2010–Present)—elementary & middle school; plan/teach/revise units, assess, differentiate, and maintain records. Site Leader, Summer Adventures (Jun 2012–Aug 2013)—ran daily ops, staff guidance, budget, safety, and parent comms. Youth Program Assistant (Mar 2009–Jun 2012)—school liaison, needs assessment, program marketing, event support, safety oversight. Importing/Warehousing & Distribution Manager (Mar 2001–Jun 2006)—managed global logistics, 3PLs, rates, customs, EDI, and client comms. CSR & Marketing Assistant (Oct 2000–Mar 2001)—trade shows, customer relations, returns/invoicing. Hydrogel Sales Support/Technical Service (Oct 1998–Oct 2000)—marcom execution, product launch support, client service.",Mid-level,Sheet1,197,CareerCorpus-xlsx-raw,norm-v1.0-esco-careercorpus,true
16270906,TEACHER,"B.A. Business Administration, Concordia (2014); A.A. Business Administration, AIU (2011).","A/R & A/P, reconciliations, audits, vendor & contract compliance, ACA/CAFR reporting, budgeting, purchasing. Recovered $5M overbilling, recouped $83K transition costs, automated collections (+30% productivity), TEA delinquency monitoring; TRS innovation committee & performance award (2015).","Senior Accountant, TRS (2013–Present) — audit district health-billing, A/R reporting, credits, invoice approvals, retiree premium adjustments, ACA/CAFR. Admin Assistant, City of Austin (2007–2013) — purchasing/AP/AR, contract monitoring, records, paperless invoicing; budgeting support. Specialist Tech (2005–2006) — CHIP/Medicaid enrollment; promoted Asst. Supervisor. Accounting Clerk (2002–2005) — invoicing, cash reports, AP, budget tracking.",Senior-level,Sheet1,198,CareerCorpus-xlsx-raw,norm-v1.0-esco-careercorpus,true
27531694,TEACHER,"M.S. Human Resource Management, St. Joseph’s University (2005); B.S. Social Relations, Cheyney University (1994). Certifications: PDE Dual—Special Education K–12; Elementary K–6.","Classroom management, differentiated instruction, behavior modification, IEP development & 30-day reviews, parent communication, CPR/First Aid. Improved study/social/test skills; designed/implemented curriculum and performance assessments.","Special Education Teacher (2004–Present) — plan/teach individualized lessons, small-group instruction, IEPs, progress reporting. Teacher Assistant (2001–2003). Residential & Therapeutic Recreation Counselor (1998–2002). Office Manager (1999–2001). Admin Assistant (1997–1999). Banking/Teller & Call Center roles (1992–1998). Head Teacher, infants (1994–1995). Community: Youth ministry teacher; YMCA volunteer basketball coach.",Senior-level,Sheet1,199,CareerCorpus-xlsx-raw,norm-v1.0-esco-careercorpus,true
74816727,TEACHER,"B.S. Education, University of Central Missouri (in progress); A.A., Metropolitan Community College (2012); HS Diploma (2009).","Tutoring, lesson facilitation, small-group instruction, MS Office, organized and punctual; 100+ hours classroom fieldwork (Algebra I, grades 6–8); created engaging math activities (“I have, who has?”). Retail awards: Company Award of Excellence and Shift Manager of the Year.","Toddler Teacher (2014–Present)—care/safety, routines, data observation, parent communication. Sales Lead (2012–2014)—customer service, social media, delivery logistics, promotions. Assistant Manager (2011–2012) and Shift Manager (2010–2011)—hiring/training, operations, meetings, evaluations.",Entry-level,Sheet1,200,CareerCorpus-xlsx-raw,norm-v1.0-esco-careercorpus,true
23398843,TEACHER,"A.A.S. Early Childhood Education, St. Augustine College (2012).","Bilingual English/Spanish; MS Office & PowerPoint; 35 WPM; child safety & hygiene; circle-time facilitation; curriculum/activity planning (music, art, language arts); positive behavior support; special-needs experience; parent communication; classroom documentation; can lift 40 lbs; basic visual design for flyers/web.","Teacher, Daycare (2008–2012)—led classroom routines, designed weekly projects, coordinated holiday programs, trained assistants, maintained health/safety, and communicated daily with parents. Teacher (2005–2007)—planned activities, streamlined proposal/processes, created client/activity tracking. Teacher Aide (2003–2005)—supported instruction, sanitization, recess/outdoor supervision, and daily reports.",Mid-level,Sheet1,201,CareerCorpus-xlsx-raw,norm-v1.0-esco-careercorpus,true
31552617,TEACHER,"M.S. Instructional Leadership, Robert Morris University (2009, GPA 3.96). B.A. Social Studies, Robert Morris University (2006). PA Level I Certifications: Social Studies; Middle Level Mathematics.",Marine Corps veteran (Squad Leader); distance-learning design & delivery; IEPs/GIEPs; LMS course building (content & assessments); department leadership (led 8 teachers); SAP coordinator for at-risk students; employee training; strong communication; MS Office.,"Teacher (2007–2016)—taught asynchronous Law, Government, Algebra, Sociology, PA History, Political Science across multiple schools/states; built new courses on multiple LMSs; created individualized plans for gifted and students with disabilities; served as Department Chair and SAP coordinator. Appraisal Coordinator (2006–2007)—managed national real estate appraisal workflow, stakeholder communications, records, and issue resolution.",Senior-level,Sheet1,202,CareerCorpus-xlsx-raw,norm-v1.0-esco-careercorpus,true
24533931,Apparel,"Completed Business Administration studies at South Louisiana Community College (2018) and University of Louisiana-Lafayette; graduated Salmen High School, 2014","Proficient in sales, cash handling, customer assistance, adaptability, teamwork, communication, and organization; active in 21st Century Summer Camp (2012–2014)","Over 8 years in retail including Apparel Associate, Cashier/Stocker, and Sales Associate; skilled in merchandising, stock management, and customer service at apparel and housewares departments",Entry-level,Sheet1,203,CareerCorpus-xlsx-raw,norm-v1.0-esco-careercorpus,true
21807211,Apparel,"BA in Applied Behavioral Science (Sociology), Ashford University (Clinton Campus); High School Diploma, Fairfield Central High School (2009)","Microsoft Excel certified; MS Word, Visio, PowerPoint, Outlook; Adobe X Pro; SmartPlant Materials; MMIS 1&2; Atlas; Phoenix; SAP production; database and spreadsheet management; conference planning; logistics; invoice processing; appointment setting; team building; OSHA standards; exceeded team sales goals by 30%; member of Instructional Design and Psychology clubs.","Apparel Sales Associate/Cashier (10/2017–12/2017): customer service, promos, stocking; Administrative Specialist I (08/2017–Current): Medicaid eligibility, claims, contracts, compliance, recoupments; Field/Admin Assistant (06/2011–07/2017): materials logistics, HR support, calendars, reports, timekeeping; Custodian (08/2011–06/2012): site housekeeping; Warehouse Associate (01/2010–08/2011): shipping, receiving, training.",Mid-level,Sheet1,204,CareerCorpus-xlsx-raw,norm-v1.0-esco-careercorpus,true
71767359,Apparel,"BA Sociology, University of Oregon (1996","Adobe CS5/Illustrator, Flex PLM, Excel/MS Office, tech packs, costing, merchandising, sourcing, vendor onboarding, fit/testing, market research, leadership. Built fast-track juniors model; reduced labor rates 10%; led cross-functional meetings; delivered high-profile projects (Olympics, All-Star, Jeremy Scott)","2014–present Apparel Developer Specialized; 2006–2014 Manager, Apparel Development; 2003–2005 Product Developer/Production Asst; 1999–2003 Men’s Surf Buyer & Product Developer; 1997–1999 Buyer; 1996–1997 Assistant Buyer; consulting. Sourced across US, China, India, Nicaragua, Colombia, Thailand, Indonesia, Turkey, Bangladesh",Senior-level,Sheet1,205,CareerCorpus-xlsx-raw,norm-v1.0-esco-careercorpus,true
27694040,Apparel,"B.S. Applied Management, University of California (2005); B.S. Business Administration, University of California (2009)","Production scheduling, spec setting, fabric QA/QC, inventory control, Adobe Photoshop, design software, budgeting, facility maintenance, real-time tracking, client/vendor coordination, sales support.","Apparel Production Manager (2005–present): set schedules/specs, QC, fabric tests, inventory, POs, budgets, samples, team objectives, equipment reviews, client liaison, multi-site coordination; roles across multiple firms (2006–2013).",Senior-level,Sheet1,206,CareerCorpus-xlsx-raw,norm-v1.0-esco-careercorpus,true
15535408,Apparel,"High School Diploma, Penn Foster (2009), GPA 3.6.","Cash handling, POS, inventory control, merchandising, staffing, loss prevention, scheduling, customer service, web orders, AD setup with 100% accuracy, strong communication, multitasking, problem solving, key holder responsibilities, firearms E4473 2nd/3rd checks.","Apparel Zone Supervisor (Dec 2016–Current): floor supervision, approvals, deposits, deliveries, cleanliness, multi-dept coverage; Consumer Electronics Sales Lead/Merchandising Supervisor (2014–2016); Manager (2014); Sales Consultant (2013–2014)",Mid-level,Sheet1,207,CareerCorpus-xlsx-raw,norm-v1.0-esco-careercorpus,true
13386301,Apparel,"BA Graphic Arts/Business, Loyola University; minor in Business/Jewelry Design; fluent in English & Spanish","MS Office; trend analysis; clienteling; team building; business acumen; 20+ yrs leadership; drove Max Mara Northbrook +76% revenue; promoted Stylist→AM in 6 months, AM→Store Manager in 12; built $2k startup to $1.8M; sold business profitably.","Fine Apparel Dept Manager (11/2013–Current); GM (2011–2013) grew 16% then 10%; Assistant Manager (2010–2011) +16% YTD; Stylist (2009–2010) +12% in 6 months, top seller, Key Holder; Owner/Designer/Wholesaler (1992–2007) ran 2 stores & factory, staff 48, 70%+ margins, sold in 2007.",Senior-level,Sheet1,208,CareerCorpus-xlsx-raw,norm-v1.0-esco-careercorpus,true
27091280,Apparel,"AAS in Graphic Arts, Robert Morris College (USA). Fluent in English & Spanish.","Merchandising leadership, store openings, hiring/training, ADP payroll, cash handling/audits, inventory/receiving, loss prevention investigations, floor plans/visuals, high-volume ops, customer issue resolution.","Specialist, Women’s & Children’s Apparel (Jul 2015–Present): service, standards, promos, LP, $45M+ volume. Merchandising/Area Exec (2005–2015): opened FL stores, staffing, LP, visuals. General Manager (2001–2005): P&L, ordering, routes, warehouse.",Senior-level,Sheet1,209,CareerCorpus-xlsx-raw,norm-v1.0-esco-careercorpus,true
14413257,Apparel,"BA, Hebert H. Lehman College (2012) with fine arts/psychology coursework; Certificates: Field Production; Graphic Specialist (Mac Learning Center); Pattern Making & Fashion Design (Mayor Fashion Institute); Fashion/Commercial Photography.","Adobe CS6 (Illustrator, InDesign, Photoshop), HTML/CSS/PHP, UX/web design, e-commerce, Corel, QuarkXPress, Flash/ActionScript, 3D Max, Maya, Final Cut Pro, photography, packaging, SMS deployment, photo restoration, print/digital marketing, leadership, trend research, tech packs.","Owner/Senior Graphic & UX Designer, App Developer (2010–Present): e-commerce UI, customizer tool, brand visuals; Senior Graphic Designer (2006–2007): licensed kids’ art, tech packs; Senior/Graphic Designer (2002–2006): girls’ tweens graphics, CADs, tags; Graphic Designer (1998–2002): boys/girls tees, labels, print production.",Senior-level,Sheet1,210,CareerCorpus-xlsx-raw,norm-v1.0-esco-careercorpus,true
11677077,Apparel,"High School Diploma, Henry County High School (2013); FFA, FCA, Pep Club, mentoring volunteer","Cash handling accuracy, POS/registers/scanners, MS Office, time management, multitasking, inventory, customer service, math aptitude, flexible scheduling.","Cashier (Oct 2014–Current): payments, returns, reconciliations, customer support; Inbound/Return (Jun–Sep 2014): stock changes, line support; Cashier (Feb–Jun 2014); Apparel Associate (Jan–Feb 2014; Oct–Dec 2013): sales, fitting rooms, merchandising, security awareness.",Entry-level,Sheet1,211,CareerCorpus-xlsx-raw,norm-v1.0-esco-careercorpus,true
29521434,Apparel,"A.A. candidate, Early Childhood Education/ESL, Chandler-Gilbert CC (2017–present); GED, 2015","Customer service, cash handling, conflict resolution, food handling, arts/crafts; patient, active listener; problem solving, time management, leadership, creativity; conversant in Korean; trained in animal behavior/kennel care.","Cashier (Dec 2015–Feb 2016); Apparel (Sep 2015); Care-giver (Jan 2013–Aug 2015); duties include POS, promos, cleanliness, childcare arts/activities.",Entry-level,Sheet1,212,CareerCorpus-xlsx-raw,norm-v1.0-esco-careercorpus,true
50324968,Apparel,"BBA Marketing, DePaul (2019), GPA 3.0; minor Statistics; Accounting, Economics, Bus Writing, Ethics.","Top-20 stylist; AA district sales 1st; avg 40–55% EOD sales; bilingual EN/ES; HTML5/CSS; MS Office; adaptable, team, comms, problem-solving","Stylist (Apr 2015–present): client wardrobes, KPIs $80/3 UPT/$300/hr, events +15%; Keyholder (Nov 2014–Apr 2015): open/close, supervise; Sales Associate (Feb–Nov 2014): service, merchandising.",Mid-level,Sheet1,213,CareerCorpus-xlsx-raw,norm-v1.0-esco-careercorpus,true
13764840,Apparel,"BA in Strategic Communications from Elon University, graduated 2010.","Excel, PowerPoint, Word, analytical and creative thinker, strong communicator, goal-driven.","Brand Manager (2015–present); developed strategies, partnerships, forecasts. Previous roles: Omni Buyer, Assistant Buyer, Assistant Planner in apparel/footwear.",Senior-level,Sheet1,214,CareerCorpus-xlsx-raw,norm-v1.0-esco-careercorpus,true
19070271,Apparel,"High school diploma, West Deptford High (2004); multiple J.J. Keller safety courses—Lockout/Tagout, PPE, Electrical, Fall, Welding, Machine Guard (2015–2016).","Expert in electrical and mechanical conveyor repair, AC motors, VFDs, sensors, TCP/IP; skilled in PM program design, CCTV setup, vendor coordination, spare-parts control, leadership, and communication.","7+ yrs maintenance; lead mechanic managing 4 techs; conveyor/sortation systems (Crisplant S2000, Buschman Unisort IV/X, Accuglide); facilities maintenance, IT support, PM planning, and troubleshooting.",Senior-level,Sheet1,215,CareerCorpus-xlsx-raw,norm-v1.0-esco-careercorpus,true
56151548,Apparel,"BBA in Management, University of Turabo (2014); BA in Journalism, Universidad Del Sagrado Corazón (2003); Sales Associate License, TREI (2015).","HR management, recruitment, payroll, benefits, budgeting, bilingual (EN/ES), leadership, communication, policy development, team training.","Substitute Teacher (2014–2015); HR Manager (2014); Store Manager (2010–2014); General Manager/Partner (2002–2004); expertise in HR, operations, training, and finance.",Mid-level,Sheet1,216,CareerCorpus-xlsx-raw,norm-v1.0-esco-careercorpus,true
16391949,Apparel,"AA in Guidance, Broward College 2018; HS Diploma, Northeast HS 2015; NHS, varsity captain, class officer.","Cash handling, POS, fashion advising, merchandising, conflict resolution, bilingual, multitasking.","Cashier 2011–current; apparel, grocery, and front desk; sales, displays, stock, training, promotions.",Entry-level,Sheet1,217,CareerCorpus-xlsx-raw,norm-v1.0-esco-careercorpus,true
13418452,Apparel,"Associate in Networking Tech, Bucks County CC 2003; MSCE Prep Cert, New Wave Tech 2003.","PCI/SOX audits, IT governance, SAP controls, COBIT, ITIL, CSM, CISA, MCP, vendor negotiation saving $9.2M.","15+ yrs IT; auditor, analyst, and support roles; managed audits, compliance, procurement, licensing, and security.",Senior-level,Sheet1,218,CareerCorpus-xlsx-raw,norm-v1.0-esco-careercorpus,true
27099856,Apparel,"BBA in Design & Management, Parsons School of Design; studied marketing, PR, advertising, and fashion.","Apparel dev, costing, QC, merchandising, vendor negotiation, WIP tracking, WebPDM, PLM, SAGE, Illustrator, MS Office, Mac/PC. Managed Asia vendors (HK, VN, KH, IN), achieving 80% margin; 8% and 4% cost savings across product lines.","15+ yrs in apparel; led men’s/women’s wovens, knits, denim, and graphics. Oversaw full product lifecycle, sourcing, and costing; standardized print techniques, managed 400+ SKUs per season, improved delivery accuracy, partnered with global factories.",Senior-level,Sheet1,219,CareerCorpus-xlsx-raw,norm-v1.0-esco-careercorpus,true
26046878,Apparel,"BSBA in Marketing, University of Nebraska–Lincoln; strong foundation in sales, strategy, and market development.","Sales strategy, business development, territory expansion, customer retention, leadership, MS Office. Golden Eagle & Service Star Award, North America MVP, 3-time 2K Club, proven record in closing sales and driving revenue.","10+ yrs sales & operations; led retail and communications teams, boosted client acquisition, achieved top territory results, managed route sales and A/R. Delivered presentations, trained teams, improved store execution, shrink control, and customer service excellence.",Senior-level,Sheet1,220,CareerCorpus-xlsx-raw,norm-v1.0-esco-careercorpus,true
35121930,Apparel,"BSW, New Mexico Highlands Univ, 4.0 GPA; AA in Child, Youth & Family Dev, CNMCC, 3.96 GPA; AS in Electronic Eng Tech, ITT Tech, Salutatorian.","Ops coordination, wet etch, thin films, wafer QA, gas equip maintenance, mechanical alignment, training, community work, Matrix & Seeking Safety models, relapse prevention, Phi Theta Kappa, Honor Roll, multiple academic awards.","Level 2 Ops Coordinator, led wet etch & thin film process, trained new hires, managed shifts & meetings, ensured quality output; practicum in substance abuse & IPV programs; group facilitation, detox support, foster youth & fashion volunteer work.",Mid-level,Sheet1,221,CareerCorpus-xlsx-raw,norm-v1.0-esco-careercorpus,true
10182582,Apparel,"Certificate in Marketing, Temple Real Estate School; studied Marketing at Virginia Union University.","Customer service, fashion sales, team training, workflow management, MS Office, Outlook, Excel, Word, inventory, cash handling, real estate, leadership, quality focus.","Key Holder since 2012; trained sales teams, resolved customer issues, managed promotions, and store operations; Collections Specialist handled high-volume calls and account resolutions; Sales Associate excelled in greeting, sales, and register operations, exceeding team goals.",Mid-level,Sheet1,222,CareerCorpus-xlsx-raw,norm-v1.0-esco-careercorpus,true
12669075,Apparel,"Certified Massage Therapist, Lincoln Technical School 2007; Liberal Arts, Hudson County Community College 1993–1996.","Project management, invoicing, logistics, EDI, Excel budgeting, AP/AR, shipping, inventory, vendor compliance, bilingual Spanish, customer service, scheduling, retail operations, quality control, event planning, recognized for detail and teamwork.","Branch Administrator since 2009; prepares reports, processes service orders, manages invoicing for 3 branches; prior roles in billing, logistics, and customer service; coordinated shipments, reviewed contracts, created style codes for Ralph Lauren, oversaw call center and expense tracking.",Senior-level,Sheet1,223,CareerCorpus-xlsx-raw,norm-v1.0-esco-careercorpus,true
16915389,Apparel,"Bachelor of Arts in Fine Arts (Painting), University of Colorado; Associate of Arts in Fashion Merchandising, Art Institute of Colorado.","Retail entrepreneurship, apparel design, private-label development, production coordination, lab dip and print approval, trend and color analysis, tech pack creation, visual merchandising, and vendor relationship management.","Business Owner; launched women’s boutique, developed private label, handled fittings, trends, and merchandising; Apparel Production Coordinator; managed sketches, tech packs, QC, and international communications; Sweater Production Coordinator; led research, design, and seasonal analysis for Missy sweaters.",Senior-level,Sheet1,224,CareerCorpus-xlsx-raw,norm-v1.0-esco-careercorpus,true
12668625,Apparel,"High School Diploma, Oldham County High School, 2015.","Customer service, communication, cashiering, apparel retail, inventory, stock rotation, jewelry sales, classroom management, childcare, MS Office, time management, basic ASL learner.","Bookseller; handled sales, stock, and customer service; Teacher/Closer; managed classrooms, safety, and parent communication; Apparel and Jewelry Associate/Cashier; handled merchandising, POS operations, jewelry counter, and customer relations at Walmart.",Entry-level,Sheet1,225,CareerCorpus-xlsx-raw,norm-v1.0-esco-careercorpus,true
14698557,Apparel,"Associate of Science in Biology, Florida International University.","Retail management, staff training, operations, SOP writing, scheduling, payroll, merchandising, store openings, customer satisfaction metrics, MS Office, Oracle, Spanish (fluent), Italian (basic).","General Manager; opened new stores, trained managers, reorganized floors, improved service, and oversaw inventory; Apparel Manager; directed sales, resolved complaints, led merchandising and team supervision. Recognized for leadership, coaching, and operational excellence.",Senior-level,Sheet1,226,CareerCorpus-xlsx-raw,norm-v1.0-esco-careercorpus,true
27549075,Apparel,"B.S. in Criminal Justice, University of West Georgia; post-grad in Business and Education; multiple certifications in Drug Court, Mental Health, and Judicial training.","Skilled in coordination, grant writing, budgeting, invoicing, and contracts; Microsoft Office, iMs Connexis; manages 70+ clients; lab operations, community relations, and staff supervision; recognized by Verizon Wireless Winner’s Circle; multiple Georgia court grants; active in local coalitions and university advising.","Coordinator since 2003; oversees grants, budgets, and compliance for court programs; manages staff, contracts, and client flow; maintains lab and agency liaisons. Former Retail Sales Rep exceeding quotas and Sales Manager handling payroll, merchandising, and apparel show coordination.",Senior-level,Sheet1,227,CareerCorpus-xlsx-raw,norm-v1.0-esco-careercorpus,true
31225895,Apparel,"A.S. Nursing, Queensborough Community College (2013); High School Diploma with merits & regents endorsements (2007).","Airline systems (Amadeus, Altea, Gaetan, Oscar, Deltamatic); airport security rules; ticketing; sales; conflict resolution; team leadership; Spanish & English native, strong French; tech-savvy; customer retention during disruptions; training new agents.","Passenger Service Agent (Lead), 2010–Current—flight monitoring, rebooking, crowd control, VIP/special-assistance; Assistant Buyer, 2007–2009—orders, inventory, vendor comms, events; Sales Associate Supervisor, 2005–2007—cash office, training, store ops.",Mid-level,Sheet1,228,CareerCorpus-xlsx-raw,norm-v1.0-esco-careercorpus,true
15479281,Apparel,"B.A. International Studies, Queen’s University (2013).","PR, influencer and event strategy; content creation; Adobe; analytics (Google Analytics, SEO, ROI); social platform management; press releases; product marketing; scaled IG from 180k→2.2M; currently oversee 6M+ followers; celebrity/stylist partnerships.","PR & Event Manager (2015–Current)—PR, partnerships, event logistics; Media Manager (2017–Current)—press, content, SEO, KPIs; Media Specialist (2017)—paid/organic social programs; Social Media Consultant (2017–Current); PR & Social Media Manager (2013–2017)—global team, growth strategy.",Senior-level,Sheet1,229,CareerCorpus-xlsx-raw,norm-v1.0-esco-careercorpus,true
26691587,Apparel,"Some college, Wayne County CCD; High School Diploma (expected 05/2022). CPR certified.","Guest service, upselling, POS, high-volume dining, team management, reliability; child psychology knowledge; first aid/CPR; leadership: cheer captain/coach, student council president, honor roll, youth pastor; taught elementary robotics; dual enrollment.","Head Hostess (2018–Current)—guest relations, seating, complaint resolution; Apparel Team Lead (2019–2020)—visuals, merchandising, loyalty signups, KPIs, register; Waitress (2017–2020); Private Nanny (2016–2020)—caregiving and household support.",Entry-Level,Sheet1,230,CareerCorpus-xlsx-raw,norm-v1.0-esco-careercorpus,true
11232471,Apparel,"High School Diploma, General Studies, Mount Everett Regional High School (2000), USA.","Visual merchandising; sales & margin management; hiring, training, supervision; Store HR Adviser (counseling); shrink/asset protection (“Shrink Defender of the Month”: Aug 2008, Jul 2009, Dec 2010, Feb 2011, Apr 2014); executes game plans; opens/closes incl. cash office; policy enforcement.","Softlines Manager (2011–Current)—lead apparel/footwear sales, implement game plans, hire/train, HR advising. Apparel Sales Leader (2006–2011)—floor supervision, presentation/signage, service & profit. Nike Brand Coordinator (2005–2006)—visual standards, product launches, coaching; +4% yearly profitability.",Senior-level,Sheet1,231,CareerCorpus-xlsx-raw,norm-v1.0-esco-careercorpus,true
21007083,Apparel,"A.S. Photography, Antonelli Institute of Art & Photography (2012); High School Diploma, North Penn High School (2009).","Product/e-commerce/editorial photography; lighting; Photoshop, Capture One, Lightroom; retouching, background removal, color correction, batch editing; workflow and problem solving; strong communication. Freelance: Barrie Anne, Jeremy Messler, C&C Studios; commercial: OneStop.com for The Frye Company, Barneys New York, Too Fast Apparel.","Product Photographer (2014–Current)—web product shoots, retail support, live show support, cross-team collaboration. Photographer (2013–2014)—e-commerce/wholesale, editorials, catalogs, lookbooks, banners; skin retouching; model scheduling. Photographer (2012–2013)—editorial & product; e-commerce/print; cropping and color balancing.",Senior-level,Sheet1,232,CareerCorpus-xlsx-raw,norm-v1.0-esco-careercorpus,true
20905088,Apparel,"MBA, University of Phoenix (GPA 3.7, 2012); BBA, Delta State University (GPA 3.0, Dean’s List, Sigma Phi Epsilon).","Product development, industrial engineering, lean manufacturing, CAD, budgeting, labor cost control, inventory and expense management, quality and workflow improvement, Six Sigma knowledge, negotiation, and team leadership. Increased margins from 3% to 18%, reduced costs by 30%, and cut $500K–$750K in inventory expenses.","Director of Engineering (2013–2014)—managed engineers, lean setup, and new product development. Costing Manager (2003–2009)—led costing, BOM, lean systems, and cost control. Chief Industrial Engineer (1991–2002)—handled supply chain, production, R&D, QC, and logistics; restructured operations saving $3.1M yearly.",Senior-level,Sheet1,233,CareerCorpus-xlsx-raw,norm-v1.0-esco-careercorpus,true
16723524,Apparel,"M.Eng. Engineering Management (2016); B.E. Textile Technology, LDCE-Gujarat University (2006)","SAP, MS Office (Excel macros, VLOOKUP, Pivot Tables), supply chain, forecasting, procurement, vendor negotiation, costing, production planning, QC, and textile design. Trained in garment machinery and advanced wash processes; attended CAD textile design programs.","Production Control/Sr. Merchandiser (2009–2011)—SAP-based production, procurement, pricing, and quality monitoring for EU buyers. Assistant Production Development Manager (2006–2009)—buyer liaison, cost control, sampling, and T&A management. Trainee Engineer (2006)—PPC and garment stitching training. Later Supply Chain Planner (2015–)—supplier selection, forecasting, inventory, and inspection.",Senior-level,Sheet1,234,CareerCorpus-xlsx-raw,norm-v1.0-esco-careercorpus,true
14937492,Apparel,"B.A. International Business, Salem College (2002); Advertising Degree, Catholic Univ. of Manizales, Colombia (1997).","Franchise and retail management, marketing strategy, cost control, QuickBooks, Excel, bilingual (Spanish/English), leadership, training, and brand development. Reduced receivables by $26M; implemented systems saving $30K annually and 60% efficiency boost.","Owner (2006–2016)—managed marketing, staff, payroll, and customer growth; reduced turnover 50%. Dept. Supervisor (2012–2013)—cut receivables, optimized workflows, and led data automation. Customer Analyst (2006–2007)—sales trend analysis for Walmart. Earlier roles: Merchandising Assistant, Export Specialist—product line planning and export compliance.",Senior-level,Sheet1,235,CareerCorpus-xlsx-raw,norm-v1.0-esco-careercorpus,true
72807293,Apparel,"B.S. Business Administration, Eastern Nazarene College; Certified Legal Assistant, Burdett Business School.","Vendor compliance, QA, product integrity, call center and sales management, budgeting, billing, payroll, and leadership. Saved $400K annually through compliance policy; increased sales 325%; led QA initiatives improving vendor performance.","Sr. Manager (2008–2012)—vendor QA, policy development, audit systems. Sr. Manager (2005–2008)—led technical design team. Promotional Sales Manager (2000–2005)—increased add-on sales and efficiency. Customer Sales Manager (1998–2000)—boosted credit card acceptance 11→$2.7M savings. Earlier roles in support, law admin, and training.",Senior-level,Sheet1,236,CareerCorpus-xlsx-raw,norm-v1.0-esco-careercorpus,true
30344127,Apparel,"B.S. Metallurgy & Materials Engineering, Colorado School of Mines (2007).","Six Sigma Green Belt, Lean Manufacturing, SPC, DOE, Tableau, MS Office, PDM, and Hyperion. Expert in material analysis, manufacturing processes, and QA. Saved $800K/year via scrap reduction; key in Nike Apparel material process.","Sr. Materials Analyst (2014–Current)—data-driven material planning, vendor KPI, cost tracking. Quality Analyst, Nike (2010–2014)—aligned quality metrics with sales & sourcing, global data reporting. Engineer (2007–2010)—Six Sigma projects, process optimization, ISO audits. Project Coordinator (2003–2007)—AIA documentation, contracts.",Senior-level,Sheet1,237,CareerCorpus-xlsx-raw,norm-v1.0-esco-careercorpus,true
23719943,Apparel,"B.S. Textile Design, Syracuse University (1992).","Expert in apparel, packaging, graphics, fabric sourcing, knitwear, cost structuring, CAD (Ned Graphics, Kaledo, U4ia), Adobe CC, and PDM/PLM. Strong in trend boards, fit, production specs, and negotiation; managed teams and major product lines; grew a children’s line to $10M, saved $30K on prints, and trained 20+ freelancers.","Freelance Product Development Manager since 2012—apparel, packaging, graphics for clients like TJX and Pottery Barn. Sr. Apparel Designer (2002–2012)—led cross-functional teams, designed 600+ styles, and oversaw production. Earlier roles in textile design and home décor management with overseas sourcing.",Senior-level,Sheet1,238,CareerCorpus-xlsx-raw,norm-v1.0-esco-careercorpus,true
58208591,Apparel,"A.A. Office Systems Technology, Horry Georgetown Technical College (2007); coursework in Office Administration and Patient Care, Central Carolina Technical College (1991).","Customer service, merchandising, leadership, bookkeeping, cash management, AS/400, Excel, proofreading, medical terminology, office systems, and training. Employee of the Month, multiple merit raises, Phi Theta Kappa inductee.","Customer Service Manager (2012–Present)—team supervision, cash control, returns, policy enforcement. Previous roles: Apparel Processor, Assistant Manager, and Lead Cashier with experience in training, inventory, and POS operations. Recognized for excellence in service and operational accuracy.",Mid-level,Sheet1,239,CareerCorpus-xlsx-raw,norm-v1.0-esco-careercorpus,true
15154822,Apparel,"Fashion Design degrees and coursework—Universidad de Palermo, ORT Argentina, Central Saint Martins, Parsons, FIT; studies in fashion styling, marketing, and textile design.","Creative direction, brand identity, team leadership, color/material selection, marketing, Photoshop, CorelDRAW, Illustrator. 15+ years in fashion design; led campaigns, developed full collections, managed production and QC, fluent in Spanish/English.","Creative Director & Fashion Designer (2007–2015)—designed collections, led teams, directed campaigns. Consultant for apparel firms (2012–2015). Designer (2002–2007)—concepts, materials, graphics, prototypes. Known for blending artistry and commercial design.",Senior-level,Sheet1,240,CareerCorpus-xlsx-raw,norm-v1.0-esco-careercorpus,true
46514339,Apparel,"A.A. Business Administration, Mount Olive College (1982).","Recruiting, training, HR, customer service, merchandising, budgeting, payroll, marketing, and leadership. Managed multi-store operations, opened 130+ stores, awarded “Top Sales Manager” and “Best in People Development","Jobs Coordinator/Estimator (2012–2014)—store openings, recruiting, competitive analysis. Area Manager (2011–2012)—hired, trained, and budgeted 4 stores. Area Manager/Training Supervisor (1992–2010)—recruiting, development, and HR. Office Administrator (2015)—project and document management.",Senior-level,Sheet1,241,CareerCorpus-xlsx-raw,norm-v1.0-esco-careercorpus,true
11409460,Apparel,"B.S. Petroleum Engineering, Texas A&M University.","Trilingual (English, Spanish, Portuguese), skilled in ERP, CAD, SolidWorks, Matlab, supply chain, forecasting, logistics, procurement, and cross-functional coordination. Strong analytical and negotiation skills.","Buyer/Planner (2016–Present)—forecasting, supplier negotiation, production scheduling. Logistics Analyst (2015–2016)—ERP inventory management, expedited shipments. Warehouse Executive (2011–2015)—inventory control, inspection, compliance, and warehouse operations.",Mid-level,Sheet1,242,CareerCorpus-xlsx-raw,norm-v1.0-esco-careercorpus,true
99806115,Apparel,"High School Diploma, Clifton High School (Expected Jun 2023).","Cash/credit/check handling, POS/scanner operations, issue resolution, customer assistance, reservations, MS Office; warehouse picking/packing, labeling, pallet jacks, weighing/measuring, heavy lifting, safety/organization (clean, hazard-free workspaces); staff mentoring; bilingual English/Spanish.","Warehouse Picker, Company Name (May 2021–Current) — pick/pack, QA, labels/docs, pallet jack use, shipment tracking site. Warehouse Employee, Company Name (Feb–Apr 2021) — inventory counts, palletizing, mentoring, inspections. Sales Associate & Cashier (Oct–Dec 2020) — sales, phone support, cross-store inventory checks. Host (Jul–Aug 2020) — reservations, seating, FOH support.",Entry-level,Sheet1,243,CareerCorpus-xlsx-raw,norm-v1.0-esco-careercorpus,true
29640922,Apparel,"Diploma, Fashion Designer, Richard Robinson Academy of Fashion Design (2000); Certificate, Fashion Coordination & Stylist, Richard Robinson Academy (2002–2004); Fashion studies, Ryerson University; Certifications: Project & Time Management (eCornell).","Color iQc, PLM, Adobe Illustrator/Photoshop, MS Office/Lotus Notes; trend analysis, seasonal palette creation, denim/woven shade bands, dye/trim limitations, Pantone cross-matches, YKK/IDEAL zipper & Coats/AE thread matching; vendor training; equipment/UV calibration; led Athleta ($565M) color program; implemented U3500 light source for evaluations.","Senior Color Analyst, Athleta (2008–2015) — sole color lead across divisions, vendor training, shade bands, standards distribution. Sr. Color Analyst, Gap/Old Navy/Banana Republic (2008–2012) — global color metrics, QA support. Women’s Apparel Color Analyst, Sears brands (2006–2008). Colour Analyst (2002–2006) — palettes, lab dips, labels/trims.",Senior-level,Sheet1,244,CareerCorpus-xlsx-raw,norm-v1.0-esco-careercorpus,true
12860543,Apparel,"B.F.A. Industrial Design, College of Creative Studies Detroit (GPA 3.36); Summer Courses in Design, Monroe Community College Rochester (GPA 3.6).","Product development, 3D modeling, concept sketches, apparel design, prototype creation, project management, Rhino, Alias, Hypershot, Keyshot, Adobe Photoshop/Illustrator, Pro Engineer, MS Office; mentored students, built children’s playground; CCA certified.","Freelance Designer (2014–Now)—projects for Dick’s, Walmart, Kohl’s, Cabela’s, Magellan, Kryptek; created tech packs, gloves, hoodies, polos, promotional caps. Apparel Designer (2012–2013)—managed new lines, fit tests, costing, and tech packs. Prior roles: Product Designer (2007–2012, Dow Corning); Website Designer (2006); Contract Designer (2006).",Senior-level,Sheet1,245,CareerCorpus-xlsx-raw,norm-v1.0-esco-careercorpus,true
29764492,Apparel,"A.S. Apparel Design, Fashion Institute of Technology.","Apparel design, garment construction, Adobe Photoshop/Illustrator, pattern making, illustration, project planning, teamwork, Sketchbook Pro, presentation development; designs featured in WWD, Vibe, Complex, and MOMA; designed for Sean John, Marc Ecko, and Tommy Hilfiger.","Design Director/Sr. Designer (2016–Now)—leads fashion team, vendor negotiation, seasonal lines. Head Designer (2008–2016)—team supervision, photoshoots, process optimization. Product Manager/Head Designer (2000–2002)—managed men’s apparel, led Ecko Unltd line. Earlier: Freelance Consultant and Designer (2003–2006); Associate/Assistant Designer (1995–2000).",Senior-level,Sheet1,246,CareerCorpus-xlsx-raw,norm-v1.0-esco-careercorpus,true
91533580,Apparel,"B.S. Business Management & Accounting, UVT College of Economics (Romania). Ongoing seminars in Coaching, Communication, Team Building, Visual Merchandising. Won 1st place “Take 5” (most credit cards opened) 2000–2010.","Sales leadership; recruiting, hiring, training, coaching; staff development; KPIs, merchandising, visual execution; payroll, scheduling, HR, performance appraisals; loss prevention/shrink control; community outreach/events; top sales manager (2010); quarterly sales +10% leading to promotion in 7 months; managed 20–35+ teams; awards: Best ADS ↑% over LY (2005–2008), Best UPT (2005–2008), multiple Guest Service Awards.","Store Manager, J.Jill (2011–2014)—owned HR, recruiting, training, sales, CX; led move to larger format; drove KPIs via visual standards and outreach/fashion shows. Store/Training Store Manager → District Manager, Victoria’s Secret (2000–2010)—led teams, training programs, new store openings nationwide; payroll control; shrink below goals; full HR lifecycle; quarterly in-store events. Shop Director & Midwest Regional Trainer (1991–2000)—“Must Win” $3.5M+ store; led 35+ staff; merchandising, promos, payroll, LP; regional training in sales/ops/visuals. Dept. Assistant Manager (1990–1991)—trained 20+ associates; sales growth; scheduling and events.",Senior-level,Sheet1,247,CareerCorpus-xlsx-raw,norm-v1.0-esco-careercorpus,true
13807808,Apparel,"B.A. Fashion Design, FIDM/Fashion Institute of Design & Merchandising (2013)","CAD, product development, project management, sales/marketing; strong collaborator and work ethic. Drove 30–40% revenue lift at 2019 Magic/Project & LA Market Week. Led J.O.A × Chriselle Lim Spring ’19 from concept to delivery; exclusive to Nordstrom, Bloomingdale’s, Shopbop. Built cross-team workflows (design, sales, tech). Portfolio: michellehong.squarespace.com","Designer (03/2019–Now)—private-label CAD for Stitch Fix vendor; 19-pc FW’19 sweaters (La Mamba; sells to Urban Outfitters/Dillard’s); ~120 styles for Cozy Co (SP/SU’20); 25-pc loungewear for Anthropologie vendor. Associate Manager of Design (02/2018–01/2019)—led Chriselle Lim collab, merchandising, budgets, fittings; coordinated with DBA and sales; placed with Nordstrom/Bloomingdale’s/Shopbop. Prior: Import Designer (2017–2019); Associate Designer (2015–2017); Assistant Designer (2014–2015); Assistant Graphic Designer (2013–2014)",Senior-level,Sheet1,248,CareerCorpus-xlsx-raw,norm-v1.0-esco-careercorpus,true
16605640,Apparel,"B.S. Business Administration, Albright College (Spring 2013); M.S. (Jan 2016); A.A. Liberal Studies, Montgomery County Community College (Fall 2006). CQI training; active on college committees (Student Affairs, One-Stop, IE, Hiring, Spirit, Aux Services).","Microsoft Office (Word/Excel/PowerPoint/Access/Visio/Publisher), Datatel, PowerCampus, Blackboard, SARS (admin/trainer), ImageNow, Siemens call center. Budgeting, payroll, purchasing, grants, FERPA compliance, scheduling, reporting, front-desk ops, customer service, hiring/training, process streamlining.","Administrative Assistant, School of Education (07/2013–Present)—exec support to Dean; calendars/meetings; faculty support; supervise student worker; payroll; budgets (UG/Grad); POs; accounting; travel. Administrative Assistant, Student Affairs (01/2005–01/2011)—support Dean/VP; judiciary files; service metrics; staff scheduling; front-desk oversight/training; SARS admin; call center; manage Title III/PECO grant budgets/POs; streamline book loan. Prior admin roles in sign shop (1999–2004) and medical office (1998–1999).",Senior-level,Sheet1,249,CareerCorpus-xlsx-raw,norm-v1.0-esco-careercorpus,true
17714174,Apparel,"B.S., Florida State University.","B2B sales, account management, new business development, distributor enablement, pricing/negotiation, market analysis, forecasting, Salesforce, presentations/tradeshows, client retention, Spanish/English bilingual. Ranked #1 Account Executive (Q2, +4% YoY); #1 Sales Producer (Dove Professional Apparel, 3 yrs); Estee Lauder—ranked 6th in FL (2009, +15% over goal); expanded territory market share by 40%+; maintained <1% client churn (SirsiDynix/EOS).","Account Manager/Business Development (07/2018–07/2019)—diagnostics: built/managed distributor networks (US/intl), negotiated pricing, conducted market tours, trainings, and represented brand at EU/LatAm trade shows; generated RUO accounts; hit quarterly targets. Laboratory Consumables Sales Rep (07/2017–05/2018)—handled inbound leads US/LatAm, built pipeline, delivered conference presentations. National Sales Executive (06/2016–07/2017)—medical apparel: top producer, prospected/cold-called, managed key accounts, customized solutions. Market Analyst/Business Dev/Client Advocate (01/2010–06/2016)—SaaS/library tech: lead gen, account reviews/upsell, license compliance, cross-functional ops improvements. Business Manager/Sales Manager (09/2006–03/2009)—retail/cosmetics: hired/trained team, ran events/tradeshows, product demos, exceeded team goals.",Senior-level,Sheet1,250,CareerCorpus-xlsx-raw,norm-v1.0-esco-careercorpus,true
28998957,Apparel,"B.S. in Information Systems, Northeastern University. Additional coursework: SAS Business Intelligence Tools (SAS Training Center, NY); Windows NT Administration (New Horizons, MA); Solaris Fundamentals (Sun Microsystems); Software Design & Development and Emerging Technologies (Boston University/Massasoit Community College).","PLM (PTC FlexPLM, Enovia), SAP 7.0 (CRM, SD, MM, WM, FI/CO), SQL, SAS, Cognos, MicroStrategy, QlikView, Crystal Reports, Google Analytics, JIRA, HPQC, SharePoint, MS Project, Visio, Access/Excel (Advanced), ASPEN, Unix/Tivoli/CA7, Data migration/ETL, UAT/SIT, SDLC documentation, KPI modeling, vendor scorecards, offshore collaboration, and training development. Improved global speed-to-market processes and reduced warehouse liquidations by optimizing supply chain and reporting automation.","Business Solution Project Manager (01/2011–01/2017)—led PLM, digital merchandising, and marketing system integrations for 700+ users; managed cross-functional data workflows, created SQL reports, and implemented analytics to optimize operations. Lead Data Migration Analyst (01/2008–01/2011)—headed enterprise SAP 7.0 migration; oversaw vendor evaluations, data cleanup/validation, and documentation. Quality Assurance Data Analyst (01/2006–01/2008)—supported new product launches; coordinated QA analytics and defect prevention. Senior Forecast Analyst (01/2006)—forecasted production and supply chain KPIs. Marketing Budget Forecast & Circulation Analyst (01/2002–01/2006)—analyzed sales trends, digital performance metrics, and optimized eCommerce marketing strategies.",Senior-level,Sheet1,251,CareerCorpus-xlsx-raw,norm-v1.0-esco-careercorpus,true
71499299,Apparel,"Certificate in Mortgage Loan Originator, Capstone Institute (2008). Completed extensive mortgage training, lender workshops, and annual continuing education through the Tennessee National Association of Mortgage Professionals since 2009.","Expertise in mortgage origination, loan processing, compliance, collections, credit and debt management, VA/FHA/USDA/Conventional loans, customer service, financial planning, and staff training. Proficient in Calyx Point LOS, Encompass, Microsoft Word, PowerPoint, Publisher, and bookkeeping software. Awarded USDA Million Dollar Producer for East Tennessee multiple years; recognized for community mortgage education initiatives","Vice President/Owner (09/2002–Present)—founded and managed mortgage firm; handled loan origination, underwriting, audits, payroll, compliance, and client relations; oversaw hiring, training, and post-closing follow-ups; ensured adherence to federal/state lending laws and customer satisfaction. Legal Secretary (02/2002–09/2002, 08/1998–06/1999)—supported attorneys with correspondence, filings, and legal documentation. HR/Office Manager (05/1997–08/1998)—managed payroll for 100 employees, handled disputes, accounts payable, and unemployment claims.",Senior-level,Sheet1,252,CareerCorpus-xlsx-raw,norm-v1.0-esco-careercorpus,true
1,Research Assistant,"B.Sc. in CSE, Chittagong University of Engineering & Technology (GPA 3.83/4, 7th position); HSC, Rajuk Uttara Model College (5.00/5.00); SSC, Uttara High School & College (5.00/5.00)","Skilled in Python, C/C++, Java, ML/DL (TensorFlow, PyTorch), NLP; 800+ solved problems; published in EMNLP, NAACL, ACL, JoE; Best Paper (ACL 2023); 1st in CLBLP 2023; 5th–7th at SemEval 2024; 1st in FakeDetect Malayalam; multiple top-10 NLP competition finishes","Lecturer, Dhaka Int’l Univ. (2024–); Software Engg. Intern, Spectrum Engg. Consortium (2023); research mentor & CPC adviser at DIU; developed vehicle scheduling, MERN UI, backend systems",Entry-level,Sheet1,253,CareerCorpus-xlsx-raw,norm-v1.0-esco-careercorpus,true
2,Research Assistant,"M.Sc. in CSE (2023–2026) and B.Sc. in CSE (2017–2022), Chittagong University of Engineering & Technology","Skilled in Machine Learning, Artificial Intelligence, and Academic Research. Reviewer (BIM 2025), Participant (ICCCT 2025). Published IEEE papers: Moonshot (academic integrity & wellbeing app) and Blueprint (cybercrime & police assistant app).","Lecturer, CUET (Nov 2023–present); Lecturer, UIU (Jul–Nov 2023); Lecturer, Green University of Bangladesh (Nov 2022–Jul 2023); Academic Intern, Data Head Pvt Ltd (Feb–Mar 2022).",Entry-level,Sheet1,254,CareerCorpus-xlsx-raw,norm-v1.0-esco-careercorpus,true
3,Research Assistant,"PhD in Computer Science, UMass Lowell (2025–present); B.Sc. in CSE, KUET (CGPA 3.86/4.00, 2020)","Skilled in Python, C/C++, ML/DL (PyTorch, TensorFlow, HuggingFace, Langchain, FastAPI, Docker). Published in EMNLP, CLEF, SoftwareX, Data in Brief. Dean’s List (4 yrs), National Scholarship, 2nd Runner-Up Poster (KUET 2017), AAAI 2024 reviewer","Graduate RA, BioNLP Lab, UMass Lowell (2025–); Lecturer, KUET (2022–24); Lecturer, Uttara Univ. (2021–22). Research in NLP, ML, MT, LLMs, summarization, uncertainty modeling.",Entry-level,Sheet1,255,CareerCorpus-xlsx-raw,norm-v1.0-esco-careercorpus,true
4,Research Assistant,"B.Sc. in CSE, East West University (2017–2022); specialized in ML, NLP, Data Mining, and Computer Vision; thesis on Bengali social media sentiment classification","Expert in Python, SQL, C++, ML/DL (PyTorch, TensorFlow), NLP, CV, Explainable AI. Published 15+ IEEE papers; 6 Best Paper Awards (2023–24); Reviewer for Information Fusion, Heliyon, EAAI. Invited speaker at 10+ global conferences on AI, vision, and health tech","Research Asst., AI Lab EWU (2024–); Research Engr., Dataxense UK (2023–); Research Asst., Bahari Big Data (2022–23). Led projects in cancer imaging, NLP, IoT safety, federated learning, and multimodal AI",Entry-level,Sheet1,256,CareerCorpus-xlsx-raw,norm-v1.0-esco-careercorpus,true
5,Research Assistant,"PhD in Computer Science, University at Albany (2025–); B.Sc. in CSE, Chittagong University of Engineering & Technology (2018–2023)","Expert in ML, DL, NLP, Python, TensorFlow, PyTorch, and Sentiment Analysis. Published 40+ papers; top ranks in ACL & EACL shared tasks (1st in Malayalam-BERT, top-15 multilingual STR). Certified in Transformer Models & BERT. Research in AI, language modeling, and text generation","Lecturer (Study Leave), UAP (2025–); Lecturer, DIU (2024–25); Research Coordinator, CUET NLP Lab (2023–); Research Asst., CUET (2023–24); Supervisor, DIU NLP & ML Lab. Focus on ML, NLP & research mentoring",Entry-level,Sheet1,257,CareerCorpus-xlsx-raw,norm-v1.0-esco-careercorpus,true
6,Research Assistant,"M.Sc. in Computer Science, University of Manitoba (2025–27); B.Sc. in CSE, Chittagong University of Engineering & Technology (CGPA 3.91/4.0, 2nd position)","Skilled in ReactJS, PHP, MySQL, TensorFlow, Keras, Scikit-learn. IEEE author — paper on Deep Learning–based cricket video action categorization (90% accuracy). UMGF & IGSES scholarships, ICPC’23 Regionalist, Champion—Girls in ICT 2023, 2nd—BdOSN CodeRace 2022","Graduate RA, SQM Lab (2025–); Lecturer, CUET (2025); Lecturer, East Delta Univ. (2025); Teaching Assistant (2024); Intern at RedDot Digital & Markopolo.ai. Projects in ML, data scraping & web dev",Entry-level,Sheet1,258,CareerCorpus-xlsx-raw,norm-v1.0-esco-careercorpus,true
7,Research Assistant,"B.Sc. in Computer Science & Engineering (2020–2025), Bangladesh; CGPA 3.43/4.0. Coursework: Software Engineering, System Analysis, Software Development","Skilled in Figma, Adobe Creative Suite, Framer Motion, HTML, CSS, JavaScript. Expertise in UX research, prototyping, usability testing, and responsive UI design. Designed systems improving engagement by 35%. Projects: Bazarpay App, Lumere Redesign, Modular Design System","Jr. UI/UX Designer, Autobizz (2025–); UI/UX Designer, The Tork Inc. (2024–25); Intern, InterRated (2024–25). Led UX design, usability testing, and responsive prototyping for apps and web platforms",Entry-level,Sheet1,259,CareerCorpus-xlsx-raw,norm-v1.0-esco-careercorpus,true
8,Research Assistant,"B.Sc. in Computer Science & Engineering, Bangladesh University of Engineering and Technology (2017–2022), CGPA 3.80/4.00, Major CGPA 3.95/4.00","Skilled in Python, C++, TypeScript, FastAPI, React, Node, Docker, Kubernetes, GCP, Terraform, CI/CD. Top 4% Codeforces (900+ solves). 9th in ICPC Asia Dhaka 2020. H&M AI Microdegree Scholar. Dean’s List (BUET). Certified in Deep Learning & Advanced Problem Solving","Software Engineer II, Optimizely (2024–); SE I (2022–23); Intern (2022). Developed microservices, migrated Postgres→Spanner, built Experiment Collaboration & Scheduling using FastAPI, GCP, Docker, Terraform",Entry-level,Sheet1,260,CareerCorpus-xlsx-raw,norm-v1.0-esco-careercorpus,true
9,Research Assistant,"PhD in Computer Science, University of Kentucky (2023–); M.S. & B.S. in CSE, University of Dhaka (2016–2023); research in multimodal AI, text summarization, and medical imaging","Skilled in Python, PyTorch, TensorFlow, C++, JavaScript, MySQL, Flask. Published at CVPR, EMBC, ISBI, MICCAI (Top 13%). IEEE & MICCAI member. Awards: UKY Fellowship, ICT Fellowship (BD), Bracathon 3.0 Champion, ISBI Travel Grant. Focus on fairness & generative models","Graduate RA, Univ. of Kentucky (2023–); Software Eng., TigerIT (2021–23); GTA for CS-216. Research in multimodal crisis analysis, dermatology AI, translation, and bias mitigation in medical imaging",Entry-level,Sheet1,261,CareerCorpus-xlsx-raw,norm-v1.0-esco-careercorpus,true
10,Research Assistant,"B.A. in Psychology (Summa Cum Laude, GPA 3.94), Minor in Entrepreneurship, American University (2022–2024); Purdue University (2021); coursework in Cognitive & Health Psychology, CBT, and Stress Management","Skilled in Excel, SPSS, Tableau, Canva, Google Workspace. Grassroots Health Certified; US Soccer National D License. Dean’s List, Eagle Club Athletic Scholar. Former Division I soccer player (AU & Purdue). Founder, Highland Soccer Camp; U.S. Soccer National Training Center select (2017–18)","Pro Player, Knattspyrnudeild Keflavíkur (2025–); Coach, DC Soccer Club (2023–24); Intern, Valley Oaks Mental Health (2023); Co-founder, Up Your Game Training (2020–22); Intern, Next Level Training (2021)",Entry-level,Sheet1,262,CareerCorpus-xlsx-raw,norm-v1.0-esco-careercorpus,true
11,Research Assistant,"B.Sc. in Software Engineering, Shahjalal University of Science & Technology (2018–2023), CGPA 3.63/4.0; HSC, Notre Dame College (2017), GPA 5.00","Skilled in Java, Python, Django, Spring, SQL, Vue, Angular, Docker, CI/CD, RabbitMQ. Published “Verse-Based Emotion Analysis of Bengali Music” (IJCDS 2024). Leetcode Data Structure-1, LinkedIn OOP badges; honors in Neural Networks & Deep Learning","Software Engineer, Tallykhata (2023–); Software Eng. Intern, Tallykhata (2021–22). Improved CI/CD, database pooling, payment integrations, and API throttling; built Vue UI & optimized notification systems",Entry-level,Sheet1,263,CareerCorpus-xlsx-raw,norm-v1.0-esco-careercorpus,true
12,Research Assistant,"M.A. in Experimental Psychology (2024–2025), B.A. in Psychology with minors in Neuroscience & Philosophy, Iona University; research intern for international ASD study","Skilled in fNIRS, SuperLab, QEEG, data analysis, project coordination, and scientific writing. Presented research at national conferences. Experienced in IRB formation, study design, and lab management; active in psychology, neuroscience & philosophy clubs","Head Research Asst. & Lab Tech, Iona Univ. (2023–); Graduate Asst., Center for Student Engagement (2024–25); Clinical Research Asst., Brain Wellness Center (2024). Leads cognitive and behavioral research studies",Entry-level,Sheet1,264,CareerCorpus-xlsx-raw,norm-v1.0-esco-careercorpus,true
13,Research Assistant,"B.A. in Africana Studies, California State University–Dominguez Hills; focused on Cultural & Critical Theory. President, Poetry Club; Peer Health Educator; Women of Color Club Outreach","Skilled in Program Coordination, Conflict Resolution, Community Engagement, Cultural Responsiveness, and Leadership. Certified in Youth Mental Health First Aid (2023–26). Recipient of Dr. William A. Little Memorial Scholarships (2018, 2019)","Program Analyst, Coachman Moore & Associates (2023–24); Coordinator & Fellow, Peer Health Exchange (2022–23); Community Health Advocate, Black Women for Wellness (2021–22); Resident Assistant, CSUDH (2018–20)",Entry-level,Sheet1,265,CareerCorpus-xlsx-raw,norm-v1.0-esco-careercorpus,true
14,Research Assistant,"PhD Student in Mechanical & Robotics Engineering, University of Toronto (2024–28); MSc in Neuroscience, Carleton University (2022–24, GPA 3.8)","Skilled in Robotics, Neuroscience, Project Mgmt, User Experience Design, Data Analysis, AI, Jupyter. IBET Momentum Fellow, Junior Fellow at Massey College. Winner of Morris Wayman Prize & OSOTF Bursary (2025). Certified in AI for Robotics & Mechanical Engineers (Univ. of Michigan)","Doctoral Researcher, SickKids (2025–); Software Eng. Intern, UofT Hatchery; Research Consultant, Quansah Consulting; Peer Mentor, Temerty Med (2021–); Co-President, Human Factors Group, UofT (2025–)",Entry-level,Sheet1,266,CareerCorpus-xlsx-raw,norm-v1.0-esco-careercorpus,true
15,Research Assistant,"MSc in Child Development (Merit, BPS Accredited), UCL (2023–24); BSc in International Tourism Management (1st Class Honours), Macau University of Science & Technology (2019–23)","Skilled in CBT, psychological assessment (SAS, GAD-7, PSQI), counselling, data analysis, Canva, and Python. BPS Graduate Member (2025), Enhanced DBS Certified. Projects on ADHD & Sleep, Co-branding with La Mer. Honors: First Class Degree, merit MSc, UCL","Wellbeing Advisor, CUHKSZ Mingde High School (2024–); Trainee, Sleep Medicine Dept., Kangning Hospital (2024); Intern, Anxiety Disorder Dept. (2022); Marketing Intern, Marriott–La Mer Project (2023); English Tutor (2022–24)",Entry-level,Sheet1,267,CareerCorpus-xlsx-raw,norm-v1.0-esco-careercorpus,true
16,Research Assistant,"MSci Neuroscience (expected First Class), University of Manchester (2022–26); A-Levels in Biology, Chemistry, Mathematics (A*, A, A), The King’s School","Skilled in molecular labelling, confocal imaging, viral tracing, ImageJ, GraphPad Prism, and data analysis. Research in SCN→PVN neural circuits and RAC1 variants. Strong teamwork, communication, and leadership skills; Peer Study Leader, First-Class track","Senior Student Ambassador, University of Manchester (2025–); Academic Tutor, Explore Learning (2023–); Junior Ambassador (2024–25). Delivered presentations, mentoring, and teaching for diverse learners",Entry-level,Sheet1,268,CareerCorpus-xlsx-raw,norm-v1.0-esco-careercorpus,true
17,Research Assistant,"B.Sc. in Applied Psychology, SVKM’s NMIMS (expected 2028); certified in Introduction to Psychology (Yale, 2024)","Skilled in counseling, clinical & applied psychology, art therapy, research, PR management, and academic writing. Researcher at Soul Yatri (AI & psychology). Head of PR, NMIMS Psychology Committee. Volunteer at Psych Serve & ConnectFor. Published academic writer","Psychology Intern, Parindey Foundation (2025–); Researcher, Soul Yatri (2025–); Psychology Tutor, Girlsphere; PR Head, NMIMS Committee; Teaching Asst., Hope Academy; Art Therapy Intern; Volunteer, Psych Serve & ConnectFor",Entry-level,Sheet1,269,CareerCorpus-xlsx-raw,norm-v1.0-esco-careercorpus,true
18,Research Assistant,"MSc in Neuropharmacology (Commendation), Nottingham Trent University (2024–25); MSc in Computational Neuroscience, Cognition & AI (Merit), Univ. of Nottingham (2020–21); BSc in Human Biology (1st Class), Univ. of South Wales","Skilled in neuropharmacology, MATLAB, Python, R, confocal microscopy, molecular biology, MRI & clinical trial data. Presented at Auditory Cortex Conf. 2022. GCP & ACT certified; OSCE & AI modeling expertise. Interest in psychedelics & neural plasticity research","Clinical Trial Database Manager, Nottingham Hospitals (2023–24); Research Assistant, Univ. of Nottingham (2021–22); Student Mentor & Course Rep, Univ. of South Wales; Volunteer, Princess Alice Hospice & NCS participant",Entry-level,Sheet1,270,CareerCorpus-xlsx-raw,norm-v1.0-esco-careercorpus,true
19,Research Assistant,"PhD in Biological Sciences, University of Cambridge (2014–17, BBSRC Scholar); MRes in Biological Sciences, Cambridge (2013–14); MPharm, University of London","Expert in digital biomarkers, AI in neurology, clinical innovation, and biotech leadership. Co-author of 10 publications (e.g., Frontiers in Neurology 2024). Awards: BBSRC PhD Scholarship (£70k), CUTEC100 Prize. Speaker at Gordon and BioPhysChrom conferences. BIA PULSE & NVIDIA Inception Fellow","Co-Founder & COO, Solvemed (2020–); Adj. Professor, IE University (2022–); Hon. Lecturer, UCL (2020–); Mentor, UCL School of Management (2018–); ex-Principal at Cambridge Innovation Consulting (2018–20)",Entry-level,Sheet1,271,CareerCorpus-xlsx-raw,norm-v1.0-esco-careercorpus,true
20,Research Assistant,"M.Sc. in Medical Biotechnology, Calcutta School of Tropical Medicine (2023–25); B.Sc. (Hons) in Biotechnology, St. Xavier’s College, Burdwan (A+ grade, 2020–23)","Skilled in PCR, RFLP, neurogenetics, immunology, molecular biology, and data analysis. Co-author of review Expert Reviews in Molecular Medicine (Cambridge Univ. Press, 2025) on dengue immunopathogenesis. Research on BDNF Val66Met polymorphism in Alzheimer’s disease","Co-author, Cambridge Univ. Press (2024–25); Dissertee, Bangur Institute of Neurosciences (2025). Conducted Alzheimer’s genetics research using PCR-RFLP and contributed to dengue immunology review with conceptual figures and analysis",Entry-level,Sheet1,272,CareerCorpus-xlsx-raw,norm-v1.0-esco-careercorpus,true
21,Research Assistant,"Ph.D. in Electrical & Computer Engineering, Univ. of Missouri–Columbia (ongoing); B.Sc. in Electrical & Electronic Engineering, Chittagong Univ. of Engineering & Technology (2017–2022)","Skilled in flexible electronics, quantum materials, VLSI design (Cadence), COMSOL, MATLAB, ESP32, Python, and photonic fabrication. Expertise in graphene quantum dot devices, BLE sensor modules, and semiconductor processing tools. Academic excellence & lab research awards","Graduate Research Asst., Univ. of Missouri (2024–); Lecturer, Military Institute of Science & Tech (2022–24). Worked on GQD-based sensors, printed electronics, and wireless device prototyping using Cadence & Python automation",Entry-level,Sheet1,273,CareerCorpus-xlsx-raw,norm-v1.0-esco-careercorpus,true
22,Research Assistant,"Ph.D. in Civil Engineering, Oklahoma State University (2021–26); M.Sc. in Civil Engineering, CUET (2021); B.Sc. in Civil Engineering, Chittagong University of Engineering & Technology","Skilled in Geotechnical Engineering, Slope Stability, and SPH numerical modeling. Published in Innovative Infrastructure Solutions: “Seismic Slope Failures” (2021) and “Large Deformation in SPH” (2020). Experienced in teaching, simulation, and infrastructure research","Graduate Research & Teaching Asst., Oklahoma State Univ. (2021–); Assistant Professor, CUET (2019–); Lecturer, CUET (2015–19). Focused on slope failure modeling, SPH simulations, and seismic stability analysis",Entry-level,Sheet1,274,CareerCorpus-xlsx-raw,norm-v1.0-esco-careercorpus,true
23,Research Assistant,"Ph.D. in Computer Science, Washington State University (2025–); B.Sc. in Computer Science & Engineering, Islamic University of Technology (2018–2022)","Skilled in Web Security, Risk-Based Authentication, Browser Fingerprinting, QA Automation, and Python. 7th place in Dhaka AI Traffic Detection Challenge (2020). City Highest in Cambridge IGCSE Accounting (2015). Research in privacy, bot detection, and secure web systems","Graduate RA & TA, Washington State Univ. (2025–); Software Engineer (QA), Therap BD Ltd. (2022–24); Intern, Masleap Inc. (2021). Focused on web security, risk-based auth, and automation testing",Entry-level,Sheet1,275,CareerCorpus-xlsx-raw,norm-v1.0-esco-careercorpus,true
24,Research Assistant,"M.Sc. in Computer Science, Missouri Univ. of Science & Technology (2025–); B.Sc. in CSE, Khulna Univ. of Engineering & Technology (CGPA 3.51/4.0, 2022)","Skilled in Java, Spring Boot, REST APIs, PostgreSQL, Python, and Deep Learning. Publications: Expert Systems with Applications (2022) on Bangla Sign Language, IIETA (2019) on fall detection. 1st Runner-up, KonaSL Coding Combat 2023; KUET Programming Contest Best Performer 2020","Graduate RA, Missouri S&T (2025–); SWE-II, Kona Software Lab (2022–25). Led Token Trade & Card Personalization projects; trained at Kona HQ Seoul on VISA, EMV, and smart card tech",Entry-level,Sheet1,276,CareerCorpus-xlsx-raw,norm-v1.0-esco-careercorpus,true
25,Research Assistant,"Ph.D. in Computer Science, Univ. of Texas at El Paso (2025–); B.Sc. in CSE, Shahjalal Univ. of Science & Tech (2019–24, CGPA 3.81/4, Distinction)","Skilled in ML, AI, ReactJS, Python, TensorFlow, and QA. Published “Road Object Detection for Visually Impaired People in Bangladesh” (Springer, 2024). Ranked 7th in Ada Lovelace & 9th in NGPC (2021–22). TOEFL 104, GRE 307. Certified in ML Explainability & Kaggle ML","Graduate Research Asst., UTEP (2025–); Lecturer, UITS (2025); Assoc. QA Engr. & Trainee, ShellBeeHaken Ltd. (2024–25). Worked on web apps, SQA, and AI-based computer vision research",Entry-level,Sheet1,277,CareerCorpus-xlsx-raw,norm-v1.0-esco-careercorpus,true
26,Research Assistant,"M.L.A. in Landscape Architecture, North Dakota State Univ. (2024–26); B.Arch in Architecture, Chittagong Univ. of Engineering & Technology (2016–22)","Skilled in GIS, CAD, InfoWorks, 3D visualization, stormwater mgmt., and landscape ecology. Research on climate resilience, green infrastructure & livability. Publications: J. Contemporary Urban Affairs (2024) and ICCAUA Proc. (2024) on urban regeneration & pedestrian safety","Graduate RA & TA, NDSU LADREM (2024–); Architect, Plato & Associates (2022–24); Intern, Grayscale Architecture (2020). Worked on resilient design, GIS-based modeling, and ecological landscape systems",Entry-level,Sheet1,278,CareerCorpus-xlsx-raw,norm-v1.0-esco-careercorpus,true
27,Research Assistant,"Ph.D. in Electrical & Computer Engineering, Rowan University (2024–29); B.Sc. in EEE, Chittagong University of Engineering & Technology (CGPA 3.42/4.0, 2013–17)","Skilled in Machine Learning, Photonics, Neurotechnology, and Hardware Systems. Certified in BCI & Neurotechnology (g.tec, 2024) and WES verification. Winner, Microsoft Student Intern Competition (2018). Ex-member, Mongol Ovizatrik-71 Mars Rover Team","Graduate RA, Rowan Univ. (2024–); Asst. Hardware Engr., Univ. of Chittagong (2018–24); Adjunct Faculty, East Delta Univ. (2023–24); Lecturer, Feni Univ. (2018); Intern, Microsoft BD (2017–18",Entry-level,Sheet1,279,CareerCorpus-xlsx-raw,norm-v1.0-esco-careercorpus,true
28,Research Assistant,"Ph.D. in Computer Science, Louisiana Tech University (2025–); B.Sc. in Computer Science & Engineering, Khulna Univ. of Engineering & Technology (2017–2023)","Skilled in Android Development, .NET Framework, C#, and software design. Certified in C# Best Practices (LinkedIn, 2024). Experienced in mobile and backend system development, research-driven programming, and scalable software engineering","Graduate Research Asst., Louisiana Tech Univ. (2025–); Senior Software Engr. & Software Engr., Samsung R&D Bangladesh (2023–25). Worked on Android and .NET app development",Entry-level,Sheet1,280,CareerCorpus-xlsx-raw,norm-v1.0-esco-careercorpus,true
29,Research Assistant,"B.URP in Urban & Regional Planning, Chittagong Univ. of Engineering & Technology (2019–24, GPA 5.00 in HSC, Science)","Skilled in GIS, Remote Sensing, SPSS, ERDAS Imagine, AutoCAD, and Spatial Modeling. Published in Computational Urban Science (Springer, 2024) and ICWFM-2023. Gold Award in Intl. Poster Competition on SDGs (2021). Member, Bangladesh Institute of Planners (BIP)","Research Asst., CUET–IEER (2024–25, projects on seismic & multi-hazard resilience); Intern, Chittagong Development Authority (2023). Focused on spatial risk analysis using GIS & MCDM",Entry-level,Sheet1,281,CareerCorpus-xlsx-raw,norm-v1.0-esco-careercorpus,true
30,Research Assistant,"M.Sc. in Food Processing & Preservation (2025–), B.Eng. in Food & Process Engineering, Hajee Mohammad Danesh Science & Tech University (1st Class, 2019–24)","Skilled in Food Microbiology, Product Development, QA/QC, Machine Learning, and AI in food systems. Research in microbial safety and process optimization. Hands-on with lab analysis, data interpretation, and product innovation for sustainable food processing","Research Asst., HSTU (2023–); QA/QC Intern, Transcom Beverages Ltd. (2024). Worked on food microbiology, product development, quality control, and analytical testing in production labs",Entry-level,Sheet1,282,CareerCorpus-xlsx-raw,norm-v1.0-esco-careercorpus,true
31,Research Assistant,"B.Sc. in Biomedical Engineering, Chittagong University of Engineering & Technology (CUET)","Skilled in biomedical signal processing, ECG/EEG/EMG analysis, data filtering, and real-time health monitoring. Conducted workshops on biomedical signal processing. Active in CUET Biomedical Engineering Society and IEEE EMBS CUET Chapter","Research Assistant, Biomedical Engg., CUET (2025–); Advisor, CUET Biomedical Engineering Society. Works on signal acquisition, processing, and research in healthcare innovation",Entry-level,Sheet1,283,CareerCorpus-xlsx-raw,norm-v1.0-esco-careercorpus,true
32,Research Assistant,"B.Sc. in Computer Science & Engineering, BRAC University (2019–23); HSC, Notre Dame College (2018). Certified in CI/CD for ML and Docker (DataCamp, 2024)","Skilled in ML, DL, Computer Vision, MLOps, Docker, and QA automation. Published in Nature Scientific Reports (VICReg, 2024) and ICECCME 2023 (Corn Leaf Disease CNN). AWSome Day attendee. Honourable Mention, Notre Dame Science Club (2018)","Graduate RA, BRAC Univ. (2024–); Research Associate, MASTER WiZR (2023–24); SWE Trainee, Medina Tech (2023); QA Tester, MASTER WiZR (2021–24); Tutor, BRAC Univ. (2022); Web Dev Intern, Parallaxlogic (2021)",Entry-level,Sheet1,284,CareerCorpus-xlsx-raw,norm-v1.0-esco-careercorpus,true
33,Research Assistant,"M.S. in Computer Science, Univ. of Nebraska at Omaha (2025–27); B.Sc. in CSE, Chittagong Univ. of Engineering & Technology (2019–24)","Skilled in ML, DL, Cloud Computing, MERN Stack, React, Git, and Data Analysis. 3-time ICPC Regionalist, ICPC AlgoQueen Silver Medalist (Global 9th). Certified in ML (Coursera) & GitHub. Research in AI-driven web apps & deep learning systems","Graduate RA, Univ. of Nebraska Omaha (2025–); SWE I, Samsung R&D Bangladesh (2025); SWE Trainee, Neural Semiconductor (2024); CUET CSE Student (2019–24). Projects in ML, cloud & full-stack dev",Entry-level,Sheet1,285,CareerCorpus-xlsx-raw,norm-v1.0-esco-careercorpus,true
34,Research Assistant,"Ph.D. in Design & Built Environment (Architecture + Health), Clemson University (2025–); B.Arch in Architecture, Chittagong University of Engineering & Technology (2012–18)","Skilled in AutoCAD, SimaPro, sustainability, and low-carbon architecture. Publications: Built Environment Project & Asset Management (2021) on carbon footprint in dwellings; COSVARD 2019 on traditional mud houses. Research in healthcare design & environmental adaptability","Graduate RA, Clemson Univ. (2025–); Assistant Professor, CUET (2021–); Research Asst., CUET (2019–21). Projects: lightweight RCC roofs, carbon footprint analysis, sustainable dwelling design",Entry-level,Sheet1,286,CareerCorpus-xlsx-raw,norm-v1.0-esco-careercorpus,true
35,Research Assistant,"Ph.D. in Civil & Environmental Engineering, Rice University (2025–); B.Sc. in Water Resources Engineering, Bangladesh Univ. of Engineering & Technology (2015–20)","Skilled in HEC-RAS, ADCIRC, AutoCAD, GIS, hydrodynamic modeling, and flood resilience. Attended ADCIRC Week 2025. Certified in Microsoft Excel & GIS Mapping (Coursera). Research focus: coastal hydrodynamics, flood modeling, and resilient infrastructure","Graduate RA, Rice Univ. (2025–); RA, LSU (2023–25); Intern, LSU Coastal Ecosystem Design Studio (2024–25); Lecturer, MIST (2021–23). Worked on coastal resilience and environmental modeling",Entry-level,Sheet1,287,CareerCorpus-xlsx-raw,norm-v1.0-esco-careercorpus,true
36,Research Assistant,"B.Sc. in CSE, United International Univ. (CGPA 3.99/4.0, 2020–24); Study in Canada Scholar, Concordia Univ. of Edmonton (Winter 2022, GPA 3.8)","Skilled in AI, ML, CV, Research Design, Technical Writing, and Svelte-Kit. Publications in IEEE Access (EEG Motor Imagery, 2025), Elsevier CBM (GBDTSVM model), and ICCV 2025 Workshop (MLLM safety). Study in Canada Scholar; 2nd Runner-Up, UIU CSE Project Show","Research Asst., BRAC Univ. (2025–); Teaching Asst., UIU (2023–25). Contributed to ML & biomedical signal research, data analysis, and course mentoring; developed award-winning AI software projects",Entry-level,Sheet1,288,CareerCorpus-xlsx-raw,norm-v1.0-esco-careercorpus,true
37,Research Assistant,"B.Arch in Architecture, Chittagong Univ. of Engineering & Technology (2018–24); thesis on “Children Development Center” focusing on design for rehabilitation and well-being","Skilled in Environmental & Architectural Design, SPSS, AutoCAD, 3D Visualization, and Data Analysis. Research on thermal perception, climate adaptability & occupant behavior. Experienced in visual communication & sustainability-driven design","Research Asst., CUET (2024–); Intern, PRONAYON (2023). Projects on thermal comfort, environmental experience design, and sustainable community architecture",Entry-level,Sheet1,289,CareerCorpus-xlsx-raw,norm-v1.0-esco-careercorpus,true
38,Research Assistant,"Ph.D. in Computer Science, Univ. of Kentucky (2025–29); M.Eng. in CSE, BRAC Univ. (2018–21)","Skilled in Go, Python, Java, Node.js, Django, React, GCP, Kubernetes, and microservices. Certified Kubernetes App Developer (CNCF, 2024) and Google Widevine Partner (2024). Expertise in OTT, DRM, and scalable backend systems handling 1M+ concurrent users","Graduate RA, Univ. of Kentucky (2024–); Backend Chartered Engr., Banglalink (2023–24); Lead Engr., MyBL App (2021–23); Lead Dev., RedDot Digital (2020–21); SWE, Dotlines (2015–18). Built OTT, DRM, and fintech systems",Entry-level,Sheet1,290,CareerCorpus-xlsx-raw,norm-v1.0-esco-careercorpus,true
39,Research Assistant,"B.Sc. in Electronics & Telecommunication Engineering, International Islamic Univ. Chittagong (CGPA 3.59/4.0, 2020–24)","Skilled in MATLAB, HFSS, FEM, Analog Communication, and Product Management. Published in EPJ Plus (2025) on toxic gas detection via photonic crystal fiber and IEEE ECCE 2025 on 5G metamaterial absorbers. Certified Product Manager (Ostad, 2025); IELTS Band 7","Teaching Asst., IIUC (2024–25); Vice Chair, IEEE IIUC SB (2023–25); Chair, IEEE ComSoc IIUC (2023–24); Graphic Designer, ETE Research Society. Research in RF metamaterials and photonic sensors",Entry-level,Sheet1,291,CareerCorpus-xlsx-raw,norm-v1.0-esco-careercorpus,true
40,Research Assistant,"B.Eng. in Mechanical Engineering, Manipal International University (CGPA 3.30/4.0, 2015–20); HSC, Hazi Muhammad Mohsin College (GPA 5.00, 2012)","Skilled in SolidWorks, Magmasoft, Mold Design, Product Simulation, and Quality Management. Certified SolidWorks Professional in Mold Making, Sheet Metal, Surfacing, and Drawing Tools. Developed 6 molds for ACC compressors, boosting output by 18%","Graduate RA, Georgia Southern Univ. (2024–); Assistant Director, Walton Hi-Tech (2021–24); Asst. Mech. Engr., MAG Industries (2020); Customer Support, Augmedix (2021). R&D in compressor mold and quality systems",Entry-level,Sheet1,292,CareerCorpus-xlsx-raw,norm-v1.0-esco-careercorpus,true
41,Research Assistant,"M.Sc. in EEE (2025–26) & B.Sc. in EEE (2019–24), Chittagong Univ. of Engineering & Technology; coursework in photonics, COMSOL & signal processing","Skilled in ML, signal processing, COMSOL, Lumerical FDTD, SQL & data analysis. Research on AI-driven cardiac detection & solar energy optimization. Champion—IEEE & Top-4 RMA Article Competitions. Co-author of 2 conference papers on photonics & renewable energy","Research Asst., CUET (2025–); Data Analyst, Huawei (2024–25); Maintenance Intern, Reckitt (2024); Gen. Sec., IEEE-EMBS & CUET MUN Club. Work on solar cleaning robotics & telecom data analytics",Entry-level,Sheet1,293,CareerCorpus-xlsx-raw,norm-v1.0-esco-careercorpus,true
42,Research Assistant,"Ph.D. in Electrical Engineering, South Dakota Mines (2025–); B.Sc. in EEE, Ahsanullah Univ. of Science & Tech (2020–24)","Skilled in Antenna Design, RF Simulation, CST, HFSS, and COMSOL. Published in Elsevier Results in Engineering (2025, 2024) on dual-band X-band and Sub-6 GHz 5G antennas. Research in metamaterials, biomedical instrumentation, and terahertz devices","Graduate RA, South Dakota Mines (2025–); Research Asst., AUST (2024–25). Led project on 6G polarization converter and electrically small antennas. Chairperson, IEEE PES AUST (2023–24",Entry-level,Sheet1,294,CareerCorpus-xlsx-raw,norm-v1.0-esco-careercorpus,true
43,Research Assistant,"Ph.D. in Electrical Engineering, South Dakota Mines (2025–); B.Sc. in EEE, Ahsanullah Univ. of Science & Technology (2020–24)","Skilled in CST, HFSS, COMSOL, RF circuit design, and antenna simulation. Research in small antennas, metamaterials & terahertz devices. Published in Elsevier Results in Engineering (2025, 2024) on X-band and 5G antennas. IEEE PES leader; focus on biomedical & EM design","Graduate RA, South Dakota Mines (2025–); Research Asst., AUST (2024–25). Led 6G polarization converter project; Chair, IEEE PES AUST (2023–24); Treasurer (2022–23). Work in RF & antenna development",Entry-level,Sheet1,295,CareerCorpus-xlsx-raw,norm-v1.0-esco-careercorpus,true
44,Research Assistant,"Ph.D. Fellow in Applied Science & Technology, North Carolina A&T State Univ. (2024–); M.Pharm (Thesis), State Univ. of Bangladesh; B.Pharm, BGC Trust Univ. Bangladesh","Skilled in pharmaceutical formulation, SOP, QC, GMP, and drug delivery systems. Supervised 5+ student research projects. Publications in BGC Univ. Journal (2024) and poster at RMSTU Bioscience Conf. (2025). Research on mucoadhesive buccal films & controlled drug release","Graduate RA & TA, North Carolina A&T (2024–); Asst. Prof. (Study Leave) & Lecturer, BGC Trust Univ. (2014–present); Production Pharmacist, Albion Labs (2012–14). Focus on formulation & pharma teaching",Entry-level,Sheet1,296,CareerCorpus-xlsx-raw,norm-v1.0-esco-careercorpus,true
45,Research Assistant,"B.Sc. in Computer Science & Engineering, East West University (2020–25, First Class); HSC in Science, Satkhira Govt. College (2019)","Skilled in Python, TensorFlow, PyTorch, Hugging Face, NLP, ML, DL, RAG, and Data Analysis. Developed BanglaFinGPT (finance LLM). Best Paper, ICDMIS 2024 (Springer LNNS). Research in multimodal AI, LLMs, cybersecurity, and medical diagnostics","AI Engineer Intern, Mondaysys (2025–); RA, Chowdhury AI & Cybersecurity Lab (2025–); RA, RMIT Univ. (2025); Thesis on BanglaFinGPT at EWU; Data Analyst, EWU Research Collab (2024). Research in ML & LLM apps",Entry-level,Sheet1,297,CareerCorpus-xlsx-raw,norm-v1.0-esco-careercorpus,true
46,Research Assistant,"B.URP in Urban & Regional Planning, Chittagong Univ. of Engineering & Technology (2019–24, GPA 5.00 in HSC)","Skilled in GIS, Remote Sensing, SPSS, ERDAS Imagine, AutoCAD & Spatial Analysis. Published in Computational Urban Science (Springer, 2024) & ICWFM 2023. Gold Award in Intl. Poster Comp. on SDGs (2021). Certified in Python, PowerPoint, and GIS Apps","Research Asst., CUET-IEER (2024–25, projects on seismic & multi-hazard resilience); Intern, Chittagong Development Authority (2023). Works on spatial risk modeling & urban heat analysis",Entry-level,Sheet1,298,CareerCorpus-xlsx-raw,norm-v1.0-esco-careercorpus,true
47,Research Assistant,"M.Sc. in CSE (CGPA 3.97/4.0) & B.Sc. in CSE (CGPA 3.24/4.0), North South University","Skilled in Cybersecurity, Cloud Computing (OCI), DevOps, Linux, NS-3, HELICS, and Blockchain. Certified Ethical Hacker (Master, CEH). Published 6 papers incl. IEEE ICCCNT 2024 (ML in AHU), ICSGSC 2024 (Smart Grid Security), and Springer 2024 (Blockchain for Healthcare)","Asst. Manager (Cloud), BDCCL (2024–); Grad RA, NSU (2022–); RA, UIU (2024–); GTA, NSU (2023–24); Lab Instructor, Ethics Advance Tech (2023); Solution Engr., OneWorld InfoTech (2020–21). Cybersecurity R&D",Entry-level,Sheet1,299,CareerCorpus-xlsx-raw,norm-v1.0-esco-careercorpus,true
48,Research Assistant,"B.Sc. in Electronics & Telecommunication Engineering (CGPA 3.99/4.0), Chittagong Univ. of Engineering & Technology (2017–22); HSC, RAJUK Uttara Model College (GPA 5.00)","Skilled in Deep Learning, CNN, Computer Vision, Medical Image Analysis, Python, NI Multisim, Git, and Data Structures. Published in IEEE (2023) and JISEBI (2022) on MRI brain tumor classification. UGC Merit Scholarship (1st position), CUET ETE Merit Award","Graduate Research Assistant, Univ. of Iowa (2024–); works on deep learning-based medical imaging and AI-driven multimodal analysis for diagnostic applications",Entry-level,Sheet1,300,CareerCorpus-xlsx-raw,norm-v1.0-esco-careercorpus,true
49,Research Assistant,"Ph.D. in Engineering (Cybersecurity & Medical Informatics), Texas A&M Univ.–Kingsville (2025–28); M.Sc. in CSE (CGPA 4.00), MBSTU (2022–24)","Skilled in ML, DL, IoT, Blockchain, Python, and Medical Image Analysis. Published in IEEE CARS’25, Springer 2022 (COVID-19 Diagnosis), Tech Science Press 2022 (Diabetes Detection). Founder, Wahid’s Research Lab; researcher at TRI. Awarded for academic & research excellence","Graduate RA, Texas A&M Univ.–Kingsville (2025–); Asst. Prof., Uttara Univ. (2025–); Sr. Lecturer & Lecturer (2022–25); Lecturer, Bangladesh Univ. (2022–); Researcher, MBSTU (2018–24); Founder & CEO, Wahid’s Research Lab",Entry-level,Sheet1,301,CareerCorpus-xlsx-raw,norm-v1.0-esco-careercorpus,true
50,Research Assistant,"B.Sc. in Computer Science & Engineering (CGPA 3.82/4.0), Chittagong Univ. of Engineering & Technology (2018–23)","Skilled in NLP, Computer Vision, Deep Learning, and Go. Published in ACL 2024 (Aggression Detection in Memes) and IEEE 2023 (Sentiment Classification with BERT). ICPC Asia West Finalist (22nd, 2022); 2nd in Nat’l Girls’ Programming Contest 2022; Candidate Master on Codeforces","Research Assistant, CUET (2023–); Intern, AppsCode (2022); Programming Sub-Coordinator, CUET Computer Club (2022–23). Works on multimodal aggression detection & NLP",Entry-level,Sheet1,302,CareerCorpus-xlsx-raw,norm-v1.0-esco-careercorpus,true
51,Research Assistant,"B.Sc. in Computer Science & Engineering (CGPA 3.75, Honors), Chittagong Univ. of Engineering & Technology (2019–24); Thesis: Bangla Text-to-Speech & Voice Cloning","Skilled in Python, C++, TensorFlow, PyTorch, React, Node, MongoDB. Published in EMNLP 2023 (Best Paper), NAACL 2025, ECCE 2025, CLEF 2024. Champion—CLBLP’23; 2nd Runner-up—ETE ML Contest; 6th Multimodal SA. Developed BnVITS & SentimentFusion models","Lecturer, East Delta Univ. (2025–); TA, EDU (2024–25); Mentor, CUET ML Group (2023–). Taught AI, ML, LLM fine-tuning, Transformer architectures, and shared task participation",Entry-level,Sheet1,303,CareerCorpus-xlsx-raw,norm-v1.0-esco-careercorpus,true
