automation_record_id,automation_occupation,historical_system,historical_code,historical_title,modern_onet_soc_code,modern_onet_title,mapping_status,relationship_type,evidence_strength,evidence_source,adjudication_reason,crosswalk_version
1,"Chief executives, public administrators, and legislators",OCC1990DD,4,"Chief executives, public administrators, and legislators",,,UNRESOLVED,UNRESOLVED,NOT_ADJUDICATED_MODERN_SCOPE,"{""historical"":{""file"":""source_taxonomy_provenance.csv"",""automation_record_id"":""1"",""verification_status"":""VERIFIED"",""references"":""https://www.ddorn.net/data/Dorn_Thesis_Appendix.pdf#page=5 ; https://data.mendeley.com/datasets/czbvhmzwm3/1""},""adjudication_authority"":""No completed modern adjudication"",""step_2b"":{""file"":""automation_onet_crosswalk_candidates.csv"",""csv_rows"":[2,3,4,5,6,7],""candidate_statuses"":[""PENDING_REVIEW""],""accepted_as_final"":false}}",Historical label correspondence does not prove OCC1990DD is Wocke canonical taxonomy. Taxonomy only; exposure propagation remains undefined. Outside explicit priority adjudication rules; no completed human decision exists. Step 2B AUTO_EXACT/fuzzy/ambiguous candidates are not promoted to frozen taxonomy mappings.,v1.0
2,Financial managers,OCC1990DD,7,Financial managers,,,UNRESOLVED,UNRESOLVED,NOT_ADJUDICATED_MODERN_SCOPE,"{""historical"":{""file"":""source_taxonomy_provenance.csv"",""automation_record_id"":""2"",""verification_status"":""VERIFIED"",""references"":""https://www.ddorn.net/data/Dorn_Thesis_Appendix.pdf#page=5 ; https://data.mendeley.com/datasets/czbvhmzwm3/1""},""adjudication_authority"":""No completed modern adjudication"",""step_2b"":{""file"":""automation_onet_crosswalk_candidates.csv"",""csv_rows"":[8],""candidate_statuses"":[""AUTO_EXACT""],""accepted_as_final"":false}}",Historical label correspondence does not prove OCC1990DD is Wocke canonical taxonomy. Taxonomy only; exposure propagation remains undefined. Outside explicit priority adjudication rules; no completed human decision exists. Step 2B AUTO_EXACT/fuzzy/ambiguous candidates are not promoted to frozen taxonomy mappings.,v1.0
3,Human resources and labour relations managers,OCC1990DD,8,Human resources and labor relations managers,11-3121.00,Human Resources Managers,FROZEN,EQUIVALENT,STRONG_MODERN_EVIDENCE,"{""historical"":{""file"":""source_taxonomy_provenance.csv"",""automation_record_id"":""3"",""verification_status"":""PARTIALLY_VERIFIED"",""references"":""https://www.ddorn.net/data/Dorn_Thesis_Appendix.pdf#page=5 ; https://data.mendeley.com/datasets/czbvhmzwm3/1""},""adjudication_authority"":""User Step 2F rules"",""official_onet"":{""file"":""Occupation Data.xlsx"",""excel_row"":28,""title"":""Human Resources Managers"",""description"":""Plan, direct, or coordinate human resources activities and staff of an organization."",""release"":""UNKNOWN""},""step_2d"":[{""file"":""crosswalk_disputed_verification.csv"",""csv_row"":19,""recommendation"":""RECOMMEND_ACCEPT"",""evidence_strength"":""STRONG"",""alternate_title_evidence"":""[{\""column\"":\""Job Title\"",\""title\"":\""HR Manager (Human Resources Manager)\"",\""excel_row\"":953},{\""column\"":\""Job Title\"",\""title\"":\""HR Director (Human Resources Director)\"",\""excel_row\"":952},{\""column\"":\""Job Title\"",\""title\"":\""HR VP (Human Resources Vice President)\"",\""excel_row\"":956},{\""column\"":\""Job Title\"",\""title\"":\""HR Supervisor (Human Resources Supervisor)\"",\""excel_row\"":955}]"",""reported_title_evidence"":""[{\""column\"":\""Reported Job Title\"",\""title\"":\""HR Manager (Human Resources Manager)\"",\""excel_row\"":219},{\""column\"":\""Reported Job Title\"",\""title\"":\""HR Director (Human Resources Director)\"",\""excel_row\"":218},{\""column\"":\""Reported Job Title\"",\""title\"":\""HR VP (Human Resources Vice President)\"",\""excel_row\"":221},{\""column\"":\""Reported Job Title\"",\""title\"":\""HR Ops Manager (Human Resources Operations Manager)\"",\""excel_row\"":220}]"",""original_evidence_rows"":""[{\""file\"":\""Occupation Data.xlsx\"",\""column\"":\""Title / Description\"",\""excel_row\"":28},{\""file\"":\""Job Titles.xlsx\"",\""column\"":\""Job Title\"",\""excel_row\"":953},{\""file\"":\""Job Titles.xlsx\"",\""column\"":\""Job Title\"",\""excel_row\"":952},{\""file\"":\""Job Titles.xlsx\"",\""column\"":\""Job Title\"",\""excel_row\"":956},{\""file\"":\""Job Titles.xlsx\"",\""column\"":\""Job Title\"",\""excel_row\"":955},{\""file\"":\""Sample of Reported Titles.xlsx\"",\""column\"":\""Reported Job Title\"",\""excel_row\"":219},{\""file\"":\""Sample of Reported Titles.xlsx\"",\""column\"":\""Reported Job Title\"",\""excel_row\"":218},{\""file\"":\""Sample of Reported Titles.xlsx\"",\""column\"":\""Reported Job Title\"",\""excel_row\"":221},{\""file\"":\""Sample of Reported Titles.xlsx\"",\""column\"":\""Reported Job Title\"",\""excel_row\"":220}]"",""scope_status"":""SOURCE_SCOPE_NOT_VERIFIED""},{""file"":""crosswalk_disputed_verification.csv"",""csv_row"":20,""recommendation"":""RECOMMEND_ACCEPT"",""evidence_strength"":""STRONG"",""alternate_title_evidence"":""[{\""column\"":\""Job Title\"",\""title\"":\""Labor Relations Director\"",\""excel_row\"":960},{\""column\"":\""Job Title\"",\""title\"":\""Labor Relations Manager\"",\""excel_row\"":961},{\""column\"":\""Job Title\"",\""title\"":\""Employee Relations Manager\"",\""excel_row\"":946},{\""column\"":\""Job Title\"",\""title\"":\""Industrial Relations Manager\"",\""excel_row\"":959}]"",""reported_title_evidence"":""[{\""column\"":\""Reported Job Title\"",\""title\"":\""Employee Relations Manager\"",\""excel_row\"":216},{\""column\"":\""Reported Job Title\"",\""title\"":\""Recruitment Director\"",\""excel_row\"":222},{\""column\"":\""Reported Job Title\"",\""title\"":\""HR Manager (Human Resources Manager)\"",\""excel_row\"":219},{\""column\"":\""Reported Job Title\"",\""title\"":\""HR Director (Human Resources Director)\"",\""excel_row\"":218}]"",""original_evidence_rows"":""[{\""file\"":\""Occupation Data.xlsx\"",\""column\"":\""Title / Description\"",\""excel_row\"":28},{\""file\"":\""Job Titles.xlsx\"",\""column\"":\""Job Title\"",\""excel_row\"":960},{\""file\"":\""Job Titles.xlsx\"",\""column\"":\""Job Title\"",\""excel_row\"":961},{\""file\"":\""Job Titles.xlsx\"",\""column\"":\""Job Title\"",\""excel_row\"":946},{\""file\"":\""Job Titles.xlsx\"",\""column\"":\""Job Title\"",\""excel_row\"":959},{\""file\"":\""Sample of Reported Titles.xlsx\"",\""column\"":\""Reported Job Title\"",\""excel_row\"":216},{\""file\"":\""Sample of Reported Titles.xlsx\"",\""column\"":\""Reported Job Title\"",\""excel_row\"":222},{\""file\"":\""Sample of Reported Titles.xlsx\"",\""column\"":\""Reported Job Title\"",\""excel_row\"":219},{\""file\"":\""Sample of Reported Titles.xlsx\"",\""column\"":\""Reported Job Title\"",\""excel_row\"":218}]"",""scope_status"":""SOURCE_SCOPE_NOT_VERIFIED""}],""step_2c"":[{""file"":""crosswalk_review_priority_provenance.csv"",""csv_row"":31,""evidence_quote"":""Plan, direct, or coordinate human resources activities and staff of an organization."",""provenance"":""{\""review_source_filename\"":\""crosswalk_review_priority.csv\"",\""review_source_csv_row\"":31,\""candidate_origin\"":\""STEP_2B_CANDIDATE\"",\""origin_filename\"":\""automation_onet_crosswalk_candidates.csv\"",\""origin_csv_rows\"":[10],\""official_description_excel_row\"":28,\""supporting_titles\"":[{\""filename\"":\""Job Titles.xlsx\"",\""column\"":\""Job Title\"",\""title\"":\""HR Manager (Human Resources Manager)\"",\""quote\"":\""HR Manager (Human Resources Manager)\"",\""excel_rows\"":[953]},{\""filename\"":\""Job Titles.xlsx\"",\""column\"":\""Job Title\"",\""title\"":\""HR Director (Human Resources Director)\"",\""quote\"":\""HR Director (Human Resources Director)\"",\""excel_rows\"":[952]},{\""filename\"":\""Job Titles.xlsx\"",\""column\"":\""Job Title\"",\""title\"":\""HR VP (Human Resources Vice President)\"",\""quote\"":\""HR VP (Human Resources Vice President)\"",\""excel_rows\"":[956]},{\""filename\"":\""Sample of Reported Titles.xlsx\"",\""column\"":\""Reported Job Title\"",\""title\"":\""HR Manager (Human Resources Manager)\"",\""quote\"":\""HR Manager (Human Resources Manager)\"",\""excel_rows\"":[219]},{\""filename\"":\""Sample of Reported Titles.xlsx\"",\""column\"":\""Reported Job Title\"",\""title\"":\""HR Director (Human Resources Director)\"",\""quote\"":\""HR Director (Human Resources Director)\"",\""excel_rows\"":[218]},{\""filename\"":\""Sample of Reported Titles.xlsx\"",\""column\"":\""Reported Job Title\"",\""title\"":\""HR VP (Human Resources Vice President)\"",\""quote\"":\""HR VP (Human Resources Vice President)\"",\""excel_rows\"":[221]}],\""review_context\"":[\""REVIEW PREPARATION ONLY; no approval or rejection\"",\""Step 2B: 2B-v1; candidate only; fragment='Human resources'; shared qualifiers not reconstructed\""],\""limitations\"":[]}""}]}",Historical label correspondence does not prove OCC1990DD is Wocke canonical taxonomy. Taxonomy only; exposure propagation remains undefined. Single modern equivalent explicitly adjudicated by user Step 2F rules; official title/description and completed evidence retained. Labor Relations Manager and Labor Relations Director aliases retained from Step 2D Job Titles evidence (Excel rows 961 and 960).,v1.0
4,"Managers and specialists in marketing, advert., PR",OCC1990DD,13,"Managers and specialists in marketing, advert., PR",11-2021.00,Marketing Managers,FROZEN,SOURCE_BROADER_THAN_ONET,STRONG_COMPONENT_EVIDENCE,"{""historical"":{""file"":""source_taxonomy_provenance.csv"",""automation_record_id"":""4"",""verification_status"":""VERIFIED"",""references"":""https://www.ddorn.net/data/Dorn_Thesis_Appendix.pdf#page=5 ; https://data.mendeley.com/datasets/czbvhmzwm3/1""},""adjudication_authority"":""User Step 2F rules"",""official_onet"":{""file"":""Occupation Data.xlsx"",""excel_row"":7,""title"":""Marketing Managers"",""description"":""Plan, direct, or coordinate marketing policies and programs, such as determining the demand for products and services offered by a firm and its competitors, and identify potential customers. Develop pricing strategies with the goal of maximizing the firm's profits or share of the market while ensuring the firm's customers are satisfied. Oversee product development or monitor trends that indicate the need for new products and services."",""release"":""UNKNOWN""},""step_2d"":[{""file"":""crosswalk_disputed_verification.csv"",""csv_row"":26,""recommendation"":""RECOMMEND_ACCEPT"",""evidence_strength"":""STRONG"",""alternate_title_evidence"":""[{\""column\"":\""Short Title\"",\""title\"":\""Marketing Admin\"",\""excel_row\"":247},{\""column\"":\""Job Title\"",\""title\"":\""Marketing Officer\"",\""excel_row\"":252},{\""column\"":\""Job Title\"",\""title\"":\""Marketing Director\"",\""excel_row\"":250},{\""column\"":\""Job Title\"",\""title\"":\""Marketing Executive\"",\""excel_row\"":251}]"",""reported_title_evidence"":""[{\""column\"":\""Reported Job Title\"",\""title\"":\""Marketing Director\"",\""excel_row\"":49},{\""column\"":\""Reported Job Title\"",\""title\"":\""Marketing Coordinator\"",\""excel_row\"":48},{\""column\"":\""Reported Job Title\"",\""title\"":\""Product Marketing Manager\"",\""excel_row\"":51},{\""column\"":\""Reported Job Title\"",\""title\"":\""Marketing Communications Manager\"",\""excel_row\"":47}]"",""original_evidence_rows"":""[{\""file\"":\""Occupation Data.xlsx\"",\""column\"":\""Title / Description\"",\""excel_row\"":7},{\""file\"":\""Job Titles.xlsx\"",\""column\"":\""Short Title\"",\""excel_row\"":247},{\""file\"":\""Job Titles.xlsx\"",\""column\"":\""Job Title\"",\""excel_row\"":252},{\""file\"":\""Job Titles.xlsx\"",\""column\"":\""Job Title\"",\""excel_row\"":250},{\""file\"":\""Job Titles.xlsx\"",\""column\"":\""Job Title\"",\""excel_row\"":251},{\""file\"":\""Sample of Reported Titles.xlsx\"",\""column\"":\""Reported Job Title\"",\""excel_row\"":49},{\""file\"":\""Sample of Reported Titles.xlsx\"",\""column\"":\""Reported Job Title\"",\""excel_row\"":48},{\""file\"":\""Sample of Reported Titles.xlsx\"",\""column\"":\""Reported Job Title\"",\""excel_row\"":51},{\""file\"":\""Sample of Reported Titles.xlsx\"",\""column\"":\""Reported Job Title\"",\""excel_row\"":47}]"",""scope_status"":""SOURCE_SCOPE_NOT_VERIFIED""}],""step_2c"":[]}",Historical label correspondence does not prove OCC1990DD is Wocke canonical taxonomy. Taxonomy only; exposure propagation remains undefined. MULTI_SOC: user-adjudicated component relationship; historical label spans multiple narrower modern occupations. Component set is not proof of exhaustive source scope. Historical label combines manager and specialist concepts.,v1.0
4,"Managers and specialists in marketing, advert., PR",OCC1990DD,13,"Managers and specialists in marketing, advert., PR",11-2011.00,Advertising and Promotions Managers,FROZEN,SOURCE_BROADER_THAN_ONET,STRONG_COMPONENT_EVIDENCE,"{""historical"":{""file"":""source_taxonomy_provenance.csv"",""automation_record_id"":""4"",""verification_status"":""VERIFIED"",""references"":""https://www.ddorn.net/data/Dorn_Thesis_Appendix.pdf#page=5 ; https://data.mendeley.com/datasets/czbvhmzwm3/1""},""adjudication_authority"":""User Step 2F rules"",""official_onet"":{""file"":""Occupation Data.xlsx"",""excel_row"":6,""title"":""Advertising and Promotions Managers"",""description"":""Plan, direct, or coordinate advertising policies and programs or produce collateral materials, such as posters, contests, coupons, or giveaways, to create extra interest in the purchase of a product or service for a department, an entire organization, or on an account basis."",""release"":""UNKNOWN""},""step_2d"":[{""file"":""crosswalk_disputed_verification.csv"",""csv_row"":27,""recommendation"":""RECOMMEND_ACCEPT"",""evidence_strength"":""STRONG"",""alternate_title_evidence"":""[{\""column\"":\""Job Title\"",\""title\"":\""Digital Advertising Director\"",\""excel_row\"":223},{\""column\"":\""Job Title\"",\""title\"":\""Ad Manager (Advertising Manager)\"",\""excel_row\"":212},{\""column\"":\""Job Title\"",\""title\"":\""Ad Director (Advertising Director)\"",\""excel_row\"":210},{\""column\"":\""Job Title\"",\""title\"":\""Ad Executive (Advertising Executive)\"",\""excel_row\"":211}]"",""reported_title_evidence"":""[{\""column\"":\""Reported Job Title\"",\""title\"":\""Ad Manager (Advertising Manager)\"",\""excel_row\"":35},{\""column\"":\""Reported Job Title\"",\""title\"":\""Ad Director (Advertising Director)\"",\""excel_row\"":34},{\""column\"":\""Reported Job Title\"",\""title\"":\""Ad Sales Manager (Advertising Sales Manager)\"",\""excel_row\"":37},{\""column\"":\""Reported Job Title\"",\""title\"":\""Ad Sales Director (Advertising Sales Director)\"",\""excel_row\"":36}]"",""original_evidence_rows"":""[{\""file\"":\""Occupation Data.xlsx\"",\""column\"":\""Title / Description\"",\""excel_row\"":6},{\""file\"":\""Job Titles.xlsx\"",\""column\"":\""Job Title\"",\""excel_row\"":223},{\""file\"":\""Job Titles.xlsx\"",\""column\"":\""Job Title\"",\""excel_row\"":212},{\""file\"":\""Job Titles.xlsx\"",\""column\"":\""Job Title\"",\""excel_row\"":210},{\""file\"":\""Job Titles.xlsx\"",\""column\"":\""Job Title\"",\""excel_row\"":211},{\""file\"":\""Sample of Reported Titles.xlsx\"",\""column\"":\""Reported Job Title\"",\""excel_row\"":35},{\""file\"":\""Sample of Reported Titles.xlsx\"",\""column\"":\""Reported Job Title\"",\""excel_row\"":34},{\""file\"":\""Sample of Reported Titles.xlsx\"",\""column\"":\""Reported Job Title\"",\""excel_row\"":37},{\""file\"":\""Sample of Reported Titles.xlsx\"",\""column\"":\""Reported Job Title\"",\""excel_row\"":36}]"",""scope_status"":""SOURCE_SCOPE_NOT_VERIFIED""}],""step_2c"":[]}",Historical label correspondence does not prove OCC1990DD is Wocke canonical taxonomy. Taxonomy only; exposure propagation remains undefined. MULTI_SOC: user-adjudicated component relationship; historical label spans multiple narrower modern occupations. Component set is not proof of exhaustive source scope. Historical label combines manager and specialist concepts.,v1.0
4,"Managers and specialists in marketing, advert., PR",OCC1990DD,13,"Managers and specialists in marketing, advert., PR",11-2032.00,Public Relations Managers,FROZEN,SOURCE_BROADER_THAN_ONET,STRONG_COMPONENT_EVIDENCE,"{""historical"":{""file"":""source_taxonomy_provenance.csv"",""automation_record_id"":""4"",""verification_status"":""VERIFIED"",""references"":""https://www.ddorn.net/data/Dorn_Thesis_Appendix.pdf#page=5 ; https://data.mendeley.com/datasets/czbvhmzwm3/1""},""adjudication_authority"":""User Step 2F rules"",""official_onet"":{""file"":""Occupation Data.xlsx"",""excel_row"":9,""title"":""Public Relations Managers"",""description"":""Plan, direct, or coordinate activities designed to create or maintain a favorable public image or raise issue awareness for their organization or client."",""release"":""UNKNOWN""},""step_2d"":[{""file"":""crosswalk_disputed_verification.csv"",""csv_row"":28,""recommendation"":""RECOMMEND_ACCEPT"",""evidence_strength"":""STRONG"",""alternate_title_evidence"":""[{\""column\"":\""Job Title\"",\""title\"":\""Public Information Relations Manager\"",\""excel_row\"":327},{\""column\"":\""Job Title\"",\""title\"":\""PR Director (Public Relations Director)\"",\""excel_row\"":323},{\""column\"":\""Job Title\"",\""title\"":\""PR Supervisor (Public Relations Supervisor)\"",\""excel_row\"":324},{\""column\"":\""Job Title\"",\""title\"":\""Public Affairs Director\"",\""excel_row\"":325}]"",""reported_title_evidence"":""[{\""column\"":\""Reported Job Title\"",\""title\"":\""PR Director (Public Relations Director)\"",\""excel_row\"":65},{\""column\"":\""Reported Job Title\"",\""title\"":\""Public Affairs Director\"",\""excel_row\"":66},{\""column\"":\""Reported Job Title\"",\""title\"":\""Community Relations Director\"",\""excel_row\"":64},{\""column\"":\""Reported Job Title\"",\""title\"":\""Communications Manager\"",\""excel_row\"":63}]"",""original_evidence_rows"":""[{\""file\"":\""Occupation Data.xlsx\"",\""column\"":\""Title / Description\"",\""excel_row\"":9},{\""file\"":\""Job Titles.xlsx\"",\""column\"":\""Job Title\"",\""excel_row\"":327},{\""file\"":\""Job Titles.xlsx\"",\""column\"":\""Job Title\"",\""excel_row\"":323},{\""file\"":\""Job Titles.xlsx\"",\""column\"":\""Job Title\"",\""excel_row\"":324},{\""file\"":\""Job Titles.xlsx\"",\""column\"":\""Job Title\"",\""excel_row\"":325},{\""file\"":\""Sample of Reported Titles.xlsx\"",\""column\"":\""Reported Job Title\"",\""excel_row\"":65},{\""file\"":\""Sample of Reported Titles.xlsx\"",\""column\"":\""Reported Job Title\"",\""excel_row\"":66},{\""file\"":\""Sample of Reported Titles.xlsx\"",\""column\"":\""Reported Job Title\"",\""excel_row\"":64},{\""file\"":\""Sample of Reported Titles.xlsx\"",\""column\"":\""Reported Job Title\"",\""excel_row\"":63}]"",""scope_status"":""SOURCE_SCOPE_NOT_VERIFIED""}],""step_2c"":[]}",Historical label correspondence does not prove OCC1990DD is Wocke canonical taxonomy. Taxonomy only; exposure propagation remains undefined. MULTI_SOC: user-adjudicated component relationship; historical label spans multiple narrower modern occupations. Component set is not proof of exhaustive source scope. Historical label combines manager and specialist concepts.,v1.0
4,"Managers and specialists in marketing, advert., PR",OCC1990DD,13,"Managers and specialists in marketing, advert., PR",13-1161.00,Market Research Analysts and Marketing Specialists,FROZEN,SOURCE_BROADER_THAN_ONET,STRONG_COMPONENT_EVIDENCE,"{""historical"":{""file"":""source_taxonomy_provenance.csv"",""automation_record_id"":""4"",""verification_status"":""VERIFIED"",""references"":""https://www.ddorn.net/data/Dorn_Thesis_Appendix.pdf#page=5 ; https://data.mendeley.com/datasets/czbvhmzwm3/1""},""adjudication_authority"":""User Step 2F rules"",""official_onet"":{""file"":""Occupation Data.xlsx"",""excel_row"":87,""title"":""Market Research Analysts and Marketing Specialists"",""description"":""Research conditions in local, regional, national, or online markets. Gather information to determine potential sales of a product or service, or plan a marketing or advertising campaign. May gather information on competitors, prices, sales, and methods of marketing and distribution. May employ search marketing tactics, analyze web metrics, and develop recommendations to increase search engine ranking and visibility to target markets."",""release"":""UNKNOWN""},""step_2d"":[{""file"":""crosswalk_disputed_verification.csv"",""csv_row"":29,""recommendation"":""RECOMMEND_ACCEPT"",""evidence_strength"":""STRONG"",""alternate_title_evidence"":""[{\""column\"":\""Job Title\"",\""title\"":\""Marketing Analyst\"",\""excel_row\"":3241},{\""column\"":\""Job Title\"",\""title\"":\""Marketing Assistant\"",\""excel_row\"":3242},{\""column\"":\""Job Title\"",\""title\"":\""Marketing Associate\"",\""excel_row\"":3243},{\""column\"":\""Job Title\"",\""title\"":\""Marketing Consultant\"",\""excel_row\"":3244}]"",""reported_title_evidence"":""[{\""column\"":\""Reported Job Title\"",\""title\"":\""Marketing Research Coordinator\"",\""excel_row\"":706},{\""column\"":\""Reported Job Title\"",\""title\"":\""Market Analyst\"",\""excel_row\"":701},{\""column\"":\""Reported Job Title\"",\""title\"":\""Market Researcher\"",\""excel_row\"":705},{\""column\"":\""Reported Job Title\"",\""title\"":\""Content Strategist\"",\""excel_row\"":700}]"",""original_evidence_rows"":""[{\""file\"":\""Occupation Data.xlsx\"",\""column\"":\""Title / Description\"",\""excel_row\"":87},{\""file\"":\""Job Titles.xlsx\"",\""column\"":\""Job Title\"",\""excel_row\"":3241},{\""file\"":\""Job Titles.xlsx\"",\""column\"":\""Job Title\"",\""excel_row\"":3242},{\""file\"":\""Job Titles.xlsx\"",\""column\"":\""Job Title\"",\""excel_row\"":3243},{\""file\"":\""Job Titles.xlsx\"",\""column\"":\""Job Title\"",\""excel_row\"":3244},{\""file\"":\""Sample of Reported Titles.xlsx\"",\""column\"":\""Reported Job Title\"",\""excel_row\"":706},{\""file\"":\""Sample of Reported Titles.xlsx\"",\""column\"":\""Reported Job Title\"",\""excel_row\"":701},{\""file\"":\""Sample of Reported Titles.xlsx\"",\""column\"":\""Reported Job Title\"",\""excel_row\"":705},{\""file\"":\""Sample of Reported Titles.xlsx\"",\""column\"":\""Reported Job Title\"",\""excel_row\"":700}]"",""scope_status"":""SOURCE_SCOPE_NOT_VERIFIED""},{""file"":""crosswalk_disputed_verification.csv"",""csv_row"":30,""recommendation"":""POSSIBLE"",""evidence_strength"":""MODERATE"",""alternate_title_evidence"":""[{\""column\"":\""Job Title\"",\""title\"":\""Ad Analyst (Advertising Analyst)\"",\""excel_row\"":3223},{\""column\"":\""Short Title\"",\""title\"":\""Ad Analyst\"",\""excel_row\"":3223},{\""column\"":\""Job Title\"",\""title\"":\""Market Analyst\"",\""excel_row\"":3235},{\""column\"":\""Job Title\"",\""title\"":\""Marketing Analyst\"",\""excel_row\"":3241}]"",""reported_title_evidence"":""[{\""column\"":\""Reported Job Title\"",\""title\"":\""Market Analyst\"",\""excel_row\"":701},{\""column\"":\""Reported Job Title\"",\""title\"":\""Market Research Analyst\"",\""excel_row\"":702},{\""column\"":\""Reported Job Title\"",\""title\"":\""Market Researcher\"",\""excel_row\"":705},{\""column\"":\""Reported Job Title\"",\""title\"":\""Content Strategist\"",\""excel_row\"":700}]"",""original_evidence_rows"":""[{\""file\"":\""Occupation Data.xlsx\"",\""column\"":\""Title / Description\"",\""excel_row\"":87},{\""file\"":\""Job Titles.xlsx\"",\""column\"":\""Job Title\"",\""excel_row\"":3223},{\""file\"":\""Job Titles.xlsx\"",\""column\"":\""Short Title\"",\""excel_row\"":3223},{\""file\"":\""Job Titles.xlsx\"",\""column\"":\""Job Title\"",\""excel_row\"":3235},{\""file\"":\""Job Titles.xlsx\"",\""column\"":\""Job Title\"",\""excel_row\"":3241},{\""file\"":\""Sample of Reported Titles.xlsx\"",\""column\"":\""Reported Job Title\"",\""excel_row\"":701},{\""file\"":\""Sample of Reported Titles.xlsx\"",\""column\"":\""Reported Job Title\"",\""excel_row\"":702},{\""file\"":\""Sample of Reported Titles.xlsx\"",\""column\"":\""Reported Job Title\"",\""excel_row\"":705},{\""file\"":\""Sample of Reported Titles.xlsx\"",\""column\"":\""Reported Job Title\"",\""excel_row\"":700}]"",""scope_status"":""SOURCE_SCOPE_NOT_VERIFIED""}],""step_2c"":[]}",Historical label correspondence does not prove OCC1990DD is Wocke canonical taxonomy. Taxonomy only; exposure propagation remains undefined. MULTI_SOC: user-adjudicated component relationship; historical label spans multiple narrower modern occupations. Component set is not proof of exhaustive source scope. Historical label combines manager and specialist concepts.,v1.0
4,"Managers and specialists in marketing, advert., PR",OCC1990DD,13,"Managers and specialists in marketing, advert., PR",27-3031.00,Public Relations Specialists,FROZEN,SOURCE_BROADER_THAN_ONET,STRONG_COMPONENT_EVIDENCE,"{""historical"":{""file"":""source_taxonomy_provenance.csv"",""automation_record_id"":""4"",""verification_status"":""VERIFIED"",""references"":""https://www.ddorn.net/data/Dorn_Thesis_Appendix.pdf#page=5 ; https://data.mendeley.com/datasets/czbvhmzwm3/1""},""adjudication_authority"":""User Step 2F rules"",""official_onet"":{""file"":""Occupation Data.xlsx"",""excel_row"":397,""title"":""Public Relations Specialists"",""description"":""Promote or create an intended public image for individuals, groups, or organizations. May write or select material for release to various communications media. May specialize in using social media."",""release"":""UNKNOWN""},""step_2d"":[{""file"":""crosswalk_disputed_verification.csv"",""csv_row"":31,""recommendation"":""RECOMMEND_ACCEPT"",""evidence_strength"":""STRONG"",""alternate_title_evidence"":""[{\""column\"":\""Job Title\"",\""title\"":\""Public Relations Officer (PR Officer)\"",\""excel_row\"":15402},{\""column\"":\""Job Title\"",\""title\"":\""Public Relations Representative (PR Rep)\"",\""excel_row\"":15403},{\""column\"":\""Job Title\"",\""title\"":\""Public Relations Counselor (PR Counselor)\"",\""excel_row\"":15401},{\""column\"":\""Job Title\"",\""title\"":\""Public Relations Consultant (PR Consultant)\"",\""excel_row\"":15399}]"",""reported_title_evidence"":""[{\""column\"":\""Reported Job Title\"",\""title\"":\""Public Relations Specialist (PR Specialist)\"",\""excel_row\"":3196},{\""column\"":\""Reported Job Title\"",\""title\"":\""Public Relations Coordinator (PR Coordinator)\"",\""excel_row\"":3195},{\""column\"":\""Reported Job Title\"",\""title\"":\""Public Affairs Specialist\"",\""excel_row\"":3192},{\""column\"":\""Reported Job Title\"",\""title\"":\""Media Relations Specialist\"",\""excel_row\"":3191}]"",""original_evidence_rows"":""[{\""file\"":\""Occupation Data.xlsx\"",\""column\"":\""Title / Description\"",\""excel_row\"":397},{\""file\"":\""Job Titles.xlsx\"",\""column\"":\""Job Title\"",\""excel_row\"":15402},{\""file\"":\""Job Titles.xlsx\"",\""column\"":\""Job Title\"",\""excel_row\"":15403},{\""file\"":\""Job Titles.xlsx\"",\""column\"":\""Job Title\"",\""excel_row\"":15401},{\""file\"":\""Job Titles.xlsx\"",\""column\"":\""Job Title\"",\""excel_row\"":15399},{\""file\"":\""Sample of Reported Titles.xlsx\"",\""column\"":\""Reported Job Title\"",\""excel_row\"":3196},{\""file\"":\""Sample of Reported Titles.xlsx\"",\""column\"":\""Reported Job Title\"",\""excel_row\"":3195},{\""file\"":\""Sample of Reported Titles.xlsx\"",\""column\"":\""Reported Job Title\"",\""excel_row\"":3192},{\""file\"":\""Sample of Reported Titles.xlsx\"",\""column\"":\""Reported Job Title\"",\""excel_row\"":3191}]"",""scope_status"":""SOURCE_SCOPE_NOT_VERIFIED""}],""step_2c"":[]}",Historical label correspondence does not prove OCC1990DD is Wocke canonical taxonomy. Taxonomy only; exposure propagation remains undefined. MULTI_SOC: user-adjudicated component relationship; historical label spans multiple narrower modern occupations. Component set is not proof of exhaustive source scope. Historical label combines manager and specialist concepts.,v1.0
5,Managers in education and related fields,OCC1990DD,14,Managers in education and related fields,11-9031.00,"Education and Childcare Administrators, Preschool and Daycare",FROZEN,SOURCE_BROADER_THAN_ONET,STRONG_COMPONENT_EVIDENCE,"{""historical"":{""file"":""source_taxonomy_provenance.csv"",""automation_record_id"":""5"",""verification_status"":""VERIFIED"",""references"":""https://www.ddorn.net/data/Dorn_Thesis_Appendix.pdf#page=5 ; https://data.mendeley.com/datasets/czbvhmzwm3/1""},""adjudication_authority"":""User Step 2F rules"",""official_onet"":{""file"":""Occupation Data.xlsx"",""excel_row"":32,""title"":""Education and Childcare Administrators, Preschool and Daycare"",""description"":""Plan, direct, or coordinate academic or nonacademic activities of preschools or childcare centers and programs, including before- and after-school care."",""release"":""UNKNOWN""},""step_2d"":[{""file"":""crosswalk_disputed_verification.csv"",""csv_row"":15,""recommendation"":""RECOMMEND_ACCEPT"",""evidence_strength"":""STRONG"",""alternate_title_evidence"":""[{\""column\"":\""Job Title\"",\""title\"":\""Daycare Manager\"",\""excel_row\"":1132},{\""column\"":\""Job Title\"",\""title\"":\""Daycare Director\"",\""excel_row\"":1131},{\""column\"":\""Job Title\"",\""title\"":\""Preschool Director\"",\""excel_row\"":1143},{\""column\"":\""Job Title\"",\""title\"":\""Preschool Program Director\"",\""excel_row\"":1144}]"",""reported_title_evidence"":""[{\""column\"":\""Reported Job Title\"",\""title\"":\""Preschool Program Director\"",\""excel_row\"":262},{\""column\"":\""Reported Job Title\"",\""title\"":\""Day Care Director\"",\""excel_row\"":256},{\""column\"":\""Reported Job Title\"",\""title\"":\""Childcare Director\"",\""excel_row\"":255},{\""column\"":\""Reported Job Title\"",\""title\"":\""Education Director\"",\""excel_row\"":260}]"",""original_evidence_rows"":""[{\""file\"":\""Occupation Data.xlsx\"",\""column\"":\""Title / Description\"",\""excel_row\"":32},{\""file\"":\""Job Titles.xlsx\"",\""column\"":\""Job Title\"",\""excel_row\"":1132},{\""file\"":\""Job Titles.xlsx\"",\""column\"":\""Job Title\"",\""excel_row\"":1131},{\""file\"":\""Job Titles.xlsx\"",\""column\"":\""Job Title\"",\""excel_row\"":1143},{\""file\"":\""Job Titles.xlsx\"",\""column\"":\""Job Title\"",\""excel_row\"":1144},{\""file\"":\""Sample of Reported Titles.xlsx\"",\""column\"":\""Reported Job Title\"",\""excel_row\"":262},{\""file\"":\""Sample of Reported Titles.xlsx\"",\""column\"":\""Reported Job Title\"",\""excel_row\"":256},{\""file\"":\""Sample of Reported Titles.xlsx\"",\""column\"":\""Reported Job Title\"",\""excel_row\"":255},{\""file\"":\""Sample of Reported Titles.xlsx\"",\""column\"":\""Reported Job Title\"",\""excel_row\"":260}]"",""scope_status"":""SOURCE_SCOPE_NOT_VERIFIED""}],""step_2c"":[{""file"":""crosswalk_review_priority_provenance.csv"",""csv_row"":26,""evidence_quote"":""Plan, direct, or coordinate academic or nonacademic activities of preschools or childcare centers and programs, including before- and after-school care."",""provenance"":""{\""review_source_filename\"":\""crosswalk_review_priority.csv\"",\""review_source_csv_row\"":26,\""candidate_origin\"":\""OFFICIAL_REVIEW_DISCOVERY\"",\""origin_filename\"":\""crosswalk_review_priority.csv\"",\""origin_csv_rows\"":[26],\""official_description_excel_row\"":32,\""supporting_titles\"":[{\""filename\"":\""Job Titles.xlsx\"",\""column\"":\""Job Title\"",\""title\"":\""Education Director\"",\""quote\"":\""Education Director\"",\""excel_rows\"":[1137]},{\""filename\"":\""Job Titles.xlsx\"",\""column\"":\""Job Title\"",\""title\"":\""Education Coordinator\"",\""quote\"":\""Education Coordinator\"",\""excel_rows\"":[1136]},{\""filename\"":\""Job Titles.xlsx\"",\""column\"":\""Job Title\"",\""title\"":\""Education Site Manager\"",\""quote\"":\""Education Site Manager\"",\""excel_rows\"":[1138]},{\""filename\"":\""Sample of Reported Titles.xlsx\"",\""column\"":\""Reported Job Title\"",\""title\"":\""Education Director\"",\""quote\"":\""Education Director\"",\""excel_rows\"":[260]},{\""filename\"":\""Sample of Reported Titles.xlsx\"",\""column\"":\""Reported Job Title\"",\""title\"":\""Education Coordinator\"",\""quote\"":\""Education Coordinator\"",\""excel_rows\"":[259]},{\""filename\"":\""Sample of Reported Titles.xlsx\"",\""column\"":\""Reported Job Title\"",\""title\"":\""Education Site Manager\"",\""quote\"":\""Education Site Manager\"",\""excel_rows\"":[261]}],\""review_context\"":[\""REVIEW PREPARATION ONLY; no approval or rejection\"",\""Education administration candidate; school level and related-fields scope require review\""],\""limitations\"":[\""Original discovery query, execution timestamp, and discovery log were not recorded; provenance reconstructed from supplied review artifact and validated local official evidence.\""]}""}]}",Historical label correspondence does not prove OCC1990DD is Wocke canonical taxonomy. Taxonomy only; exposure propagation remains undefined. MULTI_SOC: user-adjudicated component relationship; historical label spans multiple narrower modern occupations. Component set is not proof of exhaustive source scope.,v1.0
5,Managers in education and related fields,OCC1990DD,14,Managers in education and related fields,11-9032.00,"Education Administrators, Kindergarten through Secondary",FROZEN,SOURCE_BROADER_THAN_ONET,STRONG_COMPONENT_EVIDENCE,"{""historical"":{""file"":""source_taxonomy_provenance.csv"",""automation_record_id"":""5"",""verification_status"":""VERIFIED"",""references"":""https://www.ddorn.net/data/Dorn_Thesis_Appendix.pdf#page=5 ; https://data.mendeley.com/datasets/czbvhmzwm3/1""},""adjudication_authority"":""User Step 2F rules"",""official_onet"":{""file"":""Occupation Data.xlsx"",""excel_row"":33,""title"":""Education Administrators, Kindergarten through Secondary"",""description"":""Plan, direct, or coordinate the academic, administrative, or auxiliary activities of kindergarten, elementary, or secondary schools."",""release"":""UNKNOWN""},""step_2d"":[{""file"":""crosswalk_disputed_verification.csv"",""csv_row"":16,""recommendation"":""RECOMMEND_ACCEPT"",""evidence_strength"":""STRONG"",""alternate_title_evidence"":""[{\""column\"":\""Short Title\"",\""title\"":\""School Admin\"",\""excel_row\"":1166},{\""column\"":\""Job Title\"",\""title\"":\""School Coordinator\"",\""excel_row\"":1167},{\""column\"":\""Short Title\"",\""title\"":\""K-8 School Principal\"",\""excel_row\"":1161},{\""column\"":\""Short Title\"",\""title\"":\""K-12 School Principal\"",\""excel_row\"":1160}]"",""reported_title_evidence"":""[{\""column\"":\""Reported Job Title\"",\""title\"":\""School Superintendent\"",\""excel_row\"":270},{\""column\"":\""Reported Job Title\"",\""title\"":\""School Administrator (School Admin)\"",\""excel_row\"":269},{\""column\"":\""Reported Job Title\"",\""title\"":\""MS Principal (Middle School Principal)\"",\""excel_row\"":268},{\""column\"":\""Reported Job Title\"",\""title\"":\""Superintendent\"",\""excel_row\"":272}]"",""original_evidence_rows"":""[{\""file\"":\""Occupation Data.xlsx\"",\""column\"":\""Title / Description\"",\""excel_row\"":33},{\""file\"":\""Job Titles.xlsx\"",\""column\"":\""Short Title\"",\""excel_row\"":1166},{\""file\"":\""Job Titles.xlsx\"",\""column\"":\""Job Title\"",\""excel_row\"":1167},{\""file\"":\""Job Titles.xlsx\"",\""column\"":\""Short Title\"",\""excel_row\"":1161},{\""file\"":\""Job Titles.xlsx\"",\""column\"":\""Short Title\"",\""excel_row\"":1160},{\""file\"":\""Sample of Reported Titles.xlsx\"",\""column\"":\""Reported Job Title\"",\""excel_row\"":270},{\""file\"":\""Sample of Reported Titles.xlsx\"",\""column\"":\""Reported Job Title\"",\""excel_row\"":269},{\""file\"":\""Sample of Reported Titles.xlsx\"",\""column\"":\""Reported Job Title\"",\""excel_row\"":268},{\""file\"":\""Sample of Reported Titles.xlsx\"",\""column\"":\""Reported Job Title\"",\""excel_row\"":272}]"",""scope_status"":""SOURCE_SCOPE_NOT_VERIFIED""}],""step_2c"":[{""file"":""crosswalk_review_priority_provenance.csv"",""csv_row"":27,""evidence_quote"":""Plan, direct, or coordinate the academic, administrative, or auxiliary activities of kindergarten, elementary, or secondary schools."",""provenance"":""{\""review_source_filename\"":\""crosswalk_review_priority.csv\"",\""review_source_csv_row\"":27,\""candidate_origin\"":\""OFFICIAL_REVIEW_DISCOVERY\"",\""origin_filename\"":\""crosswalk_review_priority.csv\"",\""origin_csv_rows\"":[27],\""official_description_excel_row\"":33,\""supporting_titles\"":[{\""filename\"":\""Job Titles.xlsx\"",\""column\"":\""Job Title\"",\""title\"":\""PE Director (Physical Education Director)\"",\""quote\"":\""PE Director (Physical Education Director)\"",\""excel_rows\"":[1163]},{\""filename\"":\""Job Titles.xlsx\"",\""column\"":\""Job Title\"",\""title\"":\""SPED Director (Special Education Director)\"",\""quote\"":\""SPED Director (Special Education Director)\"",\""excel_rows\"":[1173]},{\""filename\"":\""Job Titles.xlsx\"",\""column\"":\""Job Title\"",\""title\"":\""SPED Admin (Special Education Administrator)\"",\""quote\"":\""SPED Admin (Special Education Administrator)\"",\""excel_rows\"":[1171]},{\""filename\"":\""Sample of Reported Titles.xlsx\"",\""column\"":\""Reported Job Title\"",\""title\"":\""SPED Director (Special Education Director)\"",\""quote\"":\""SPED Director (Special Education Director)\"",\""excel_rows\"":[271]},{\""filename\"":\""Sample of Reported Titles.xlsx\"",\""column\"":\""Reported Job Title\"",\""title\"":\""Superintendent\"",\""quote\"":\""Superintendent\"",\""excel_rows\"":[272]},{\""filename\"":\""Sample of Reported Titles.xlsx\"",\""column\"":\""Reported Job Title\"",\""title\"":\""Athletic Director\"",\""quote\"":\""Athletic Director\"",\""excel_rows\"":[263]}],\""review_context\"":[\""REVIEW PREPARATION ONLY; no approval or rejection\"",\""Education administration candidate; school level and related-fields scope require review\""],\""limitations\"":[\""Original discovery query, execution timestamp, and discovery log were not recorded; provenance reconstructed from supplied review artifact and validated local official evidence.\""]}""}]}",Historical label correspondence does not prove OCC1990DD is Wocke canonical taxonomy. Taxonomy only; exposure propagation remains undefined. MULTI_SOC: user-adjudicated component relationship; historical label spans multiple narrower modern occupations. Component set is not proof of exhaustive source scope.,v1.0
5,Managers in education and related fields,OCC1990DD,14,Managers in education and related fields,11-9033.00,"Education Administrators, Postsecondary",FROZEN,SOURCE_BROADER_THAN_ONET,STRONG_COMPONENT_EVIDENCE,"{""historical"":{""file"":""source_taxonomy_provenance.csv"",""automation_record_id"":""5"",""verification_status"":""VERIFIED"",""references"":""https://www.ddorn.net/data/Dorn_Thesis_Appendix.pdf#page=5 ; https://data.mendeley.com/datasets/czbvhmzwm3/1""},""adjudication_authority"":""User Step 2F rules"",""official_onet"":{""file"":""Occupation Data.xlsx"",""excel_row"":34,""title"":""Education Administrators, Postsecondary"",""description"":""Plan, direct, or coordinate student instruction, administration, and services, as well as other research and educational activities, at postsecondary institutions, including universities, colleges, and junior and community colleges."",""release"":""UNKNOWN""},""step_2d"":[{""file"":""crosswalk_disputed_verification.csv"",""csv_row"":17,""recommendation"":""RECOMMEND_ACCEPT"",""evidence_strength"":""STRONG"",""alternate_title_evidence"":""[{\""column\"":\""Job Title\"",\""title\"":\""Administration Dean\"",\""excel_row\"":1183},{\""column\"":\""Job Title\"",\""title\"":\""Dean\"",\""excel_row\"":1201},{\""column\"":\""Job Title\"",\""title\"":\""Provost\"",\""excel_row\"":1223},{\""column\"":\""Job Title\"",\""title\"":\""Registrar\"",\""excel_row\"":1224}]"",""reported_title_evidence"":""[{\""column\"":\""Reported Job Title\"",\""title\"":\""Dean\"",\""excel_row\"":277},{\""column\"":\""Reported Job Title\"",\""title\"":\""Provost\"",\""excel_row\"":280},{\""column\"":\""Reported Job Title\"",\""title\"":\""Registrar\"",\""excel_row\"":281},{\""column\"":\""Reported Job Title\"",\""title\"":\""Academic Dean\"",\""excel_row\"":274}]"",""original_evidence_rows"":""[{\""file\"":\""Occupation Data.xlsx\"",\""column\"":\""Title / Description\"",\""excel_row\"":34},{\""file\"":\""Job Titles.xlsx\"",\""column\"":\""Job Title\"",\""excel_row\"":1183},{\""file\"":\""Job Titles.xlsx\"",\""column\"":\""Job Title\"",\""excel_row\"":1201},{\""file\"":\""Job Titles.xlsx\"",\""column\"":\""Job Title\"",\""excel_row\"":1223},{\""file\"":\""Job Titles.xlsx\"",\""column\"":\""Job Title\"",\""excel_row\"":1224},{\""file\"":\""Sample of Reported Titles.xlsx\"",\""column\"":\""Reported Job Title\"",\""excel_row\"":277},{\""file\"":\""Sample of Reported Titles.xlsx\"",\""column\"":\""Reported Job Title\"",\""excel_row\"":280},{\""file\"":\""Sample of Reported Titles.xlsx\"",\""column\"":\""Reported Job Title\"",\""excel_row\"":281},{\""file\"":\""Sample of Reported Titles.xlsx\"",\""column\"":\""Reported Job Title\"",\""excel_row\"":274}]"",""scope_status"":""SOURCE_SCOPE_NOT_VERIFIED""}],""step_2c"":[{""file"":""crosswalk_review_priority_provenance.csv"",""csv_row"":28,""evidence_quote"":""Plan, direct, or coordinate student instruction, administration, and services, as well as other research and educational activities, at postsecondary institutio"",""provenance"":""{\""review_source_filename\"":\""crosswalk_review_priority.csv\"",\""review_source_csv_row\"":28,\""candidate_origin\"":\""OFFICIAL_REVIEW_DISCOVERY\"",\""origin_filename\"":\""crosswalk_review_priority.csv\"",\""origin_csv_rows\"":[28],\""official_description_excel_row\"":34,\""supporting_titles\"":[{\""filename\"":\""Job Titles.xlsx\"",\""column\"":\""Job Title\"",\""title\"":\""Education Dean\"",\""quote\"":\""Education Dean\"",\""excel_rows\"":[1204]},{\""filename\"":\""Job Titles.xlsx\"",\""column\"":\""Job Title\"",\""title\"":\""Education Director\"",\""quote\"":\""Education Director\"",\""excel_rows\"":[1205]},{\""filename\"":\""Job Titles.xlsx\"",\""column\"":\""Job Title\"",\""title\"":\""Education College Dean\"",\""quote\"":\""Education College Dean\"",\""excel_rows\"":[1203]},{\""filename\"":\""Sample of Reported Titles.xlsx\"",\""column\"":\""Reported Job Title\"",\""title\"":\""Dean\"",\""quote\"":\""Dean\"",\""excel_rows\"":[277]},{\""filename\"":\""Sample of Reported Titles.xlsx\"",\""column\"":\""Reported Job Title\"",\""title\"":\""Provost\"",\""quote\"":\""Provost\"",\""excel_rows\"":[280]},{\""filename\"":\""Sample of Reported Titles.xlsx\"",\""column\"":\""Reported Job Title\"",\""title\"":\""Registrar\"",\""quote\"":\""Registrar\"",\""excel_rows\"":[281]}],\""review_context\"":[\""REVIEW PREPARATION ONLY; no approval or rejection\"",\""Education administration candidate; school level and related-fields scope require review\""],\""limitations\"":[\""Original discovery query, execution timestamp, and discovery log were not recorded; provenance reconstructed from supplied review artifact and validated local official evidence.\""]}""}]}",Historical label correspondence does not prove OCC1990DD is Wocke canonical taxonomy. Taxonomy only; exposure propagation remains undefined. MULTI_SOC: user-adjudicated component relationship; historical label spans multiple narrower modern occupations. Component set is not proof of exhaustive source scope.,v1.0
5,Managers in education and related fields,OCC1990DD,14,Managers in education and related fields,11-9039.00,"Education Administrators, All Other",HELD_OUT,HELD_OUT_PENDING_SCOPE,MODERATE,"{""historical"":{""file"":""source_taxonomy_provenance.csv"",""automation_record_id"":""5"",""verification_status"":""VERIFIED"",""references"":""https://www.ddorn.net/data/Dorn_Thesis_Appendix.pdf#page=5 ; https://data.mendeley.com/datasets/czbvhmzwm3/1""},""adjudication_authority"":""User Step 2F rules"",""official_onet"":{""file"":""Occupation Data.xlsx"",""excel_row"":35,""title"":""Education Administrators, All Other"",""description"":""All education administrators not listed separately."",""release"":""UNKNOWN""},""step_2d"":[{""file"":""crosswalk_disputed_verification.csv"",""csv_row"":18,""recommendation"":""POSSIBLE"",""evidence_strength"":""MODERATE"",""alternate_title_evidence"":""[{\""column\"":\""Job Title\"",\""title\"":\""Education Director\"",\""excel_row\"":1260},{\""column\"":\""Job Title\"",\""title\"":\""Education Supervisor\"",\""excel_row\"":1261},{\""column\"":\""Job Title\"",\""title\"":\""Health Education Director\"",\""excel_row\"":1268},{\""column\"":\""Job Title\"",\""title\"":\""Director of Health Education\"",\""excel_row\"":1253}]"",""reported_title_evidence"":""[]"",""original_evidence_rows"":""[{\""file\"":\""Occupation Data.xlsx\"",\""column\"":\""Title / Description\"",\""excel_row\"":35},{\""file\"":\""Job Titles.xlsx\"",\""column\"":\""Job Title\"",\""excel_row\"":1260},{\""file\"":\""Job Titles.xlsx\"",\""column\"":\""Job Title\"",\""excel_row\"":1261},{\""file\"":\""Job Titles.xlsx\"",\""column\"":\""Job Title\"",\""excel_row\"":1268},{\""file\"":\""Job Titles.xlsx\"",\""column\"":\""Job Title\"",\""excel_row\"":1253}]"",""scope_status"":""SOURCE_SCOPE_NOT_VERIFIED""}],""step_2c"":[{""file"":""crosswalk_review_priority_provenance.csv"",""csv_row"":29,""evidence_quote"":""All education administrators not listed separately."",""provenance"":""{\""review_source_filename\"":\""crosswalk_review_priority.csv\"",\""review_source_csv_row\"":29,\""candidate_origin\"":\""OFFICIAL_REVIEW_DISCOVERY\"",\""origin_filename\"":\""crosswalk_review_priority.csv\"",\""origin_csv_rows\"":[29],\""official_description_excel_row\"":35,\""supporting_titles\"":[{\""filename\"":\""Job Titles.xlsx\"",\""column\"":\""Job Title\"",\""title\"":\""Education Director\"",\""quote\"":\""Education Director\"",\""excel_rows\"":[1260]},{\""filename\"":\""Job Titles.xlsx\"",\""column\"":\""Job Title\"",\""title\"":\""Education Supervisor\"",\""quote\"":\""Education Supervisor\"",\""excel_rows\"":[1261]},{\""filename\"":\""Job Titles.xlsx\"",\""column\"":\""Job Title\"",\""title\"":\""Health Education Director\"",\""quote\"":\""Health Education Director\"",\""excel_rows\"":[1268]}],\""review_context\"":[\""REVIEW PREPARATION ONLY; no approval or rejection\"",\""Education administration candidate; school level and related-fields scope require review\""],\""limitations\"":[\""Original discovery query, execution timestamp, and discovery log were not recorded; provenance reconstructed from supplied review artifact and validated local official evidence.\""]}""}]}",Historical label correspondence does not prove OCC1990DD is Wocke canonical taxonomy. Taxonomy only; exposure propagation remains undefined. Explicitly excluded from frozen v1 by user; source inclusion/scope awaits resolution.,v1.0
6,Managers of medicine and health occupations,OCC1990DD,15,Managers of medicine and health occupations,11-9111.00,Medical and Health Services Managers,FROZEN,EQUIVALENT,STRONG_MODERN_EVIDENCE,"{""historical"":{""file"":""source_taxonomy_provenance.csv"",""automation_record_id"":""6"",""verification_status"":""VERIFIED"",""references"":""https://www.ddorn.net/data/Dorn_Thesis_Appendix.pdf#page=5 ; https://data.mendeley.com/datasets/czbvhmzwm3/1""},""adjudication_authority"":""User Step 2F rules"",""official_onet"":{""file"":""Occupation Data.xlsx"",""excel_row"":42,""title"":""Medical and Health Services Managers"",""description"":""Plan, direct, or coordinate medical and health services in hospitals, clinics, managed care organizations, public health agencies, or similar organizations."",""release"":""UNKNOWN""},""step_2d"":[{""file"":""crosswalk_disputed_verification.csv"",""csv_row"":39,""recommendation"":""RECOMMEND_ACCEPT"",""evidence_strength"":""STRONG"",""alternate_title_evidence"":""[{\""column\"":\""Job Title\"",\""title\"":\""Health Services Director\"",\""excel_row\"":1526},{\""column\"":\""Job Title\"",\""title\"":\""Health Services Administrator\"",\""excel_row\"":1525},{\""column\"":\""Job Title\"",\""title\"":\""Health Information Services Manager\"",\""excel_row\"":1523},{\""column\"":\""Job Title\"",\""title\"":\""Medicine and Health Services Manager\"",\""excel_row\"":1564}]"",""reported_title_evidence"":""[{\""column\"":\""Reported Job Title\"",\""title\"":\""Medical Records Manager\"",\""excel_row\"":344},{\""column\"":\""Reported Job Title\"",\""title\"":\""Medical Records Director\"",\""excel_row\"":343},{\""column\"":\""Reported Job Title\"",\""title\"":\""Mental Health Program Manager\"",\""excel_row\"":345},{\""column\"":\""Reported Job Title\"",\""title\"":\""Health Information Manager (HIM Manager)\"",\""excel_row\"":341}]"",""original_evidence_rows"":""[{\""file\"":\""Occupation Data.xlsx\"",\""column\"":\""Title / Description\"",\""excel_row\"":42},{\""file\"":\""Job Titles.xlsx\"",\""column\"":\""Job Title\"",\""excel_row\"":1526},{\""file\"":\""Job Titles.xlsx\"",\""column\"":\""Job Title\"",\""excel_row\"":1525},{\""file\"":\""Job Titles.xlsx\"",\""column\"":\""Job Title\"",\""excel_row\"":1523},{\""file\"":\""Job Titles.xlsx\"",\""column\"":\""Job Title\"",\""excel_row\"":1564},{\""file\"":\""Sample of Reported Titles.xlsx\"",\""column\"":\""Reported Job Title\"",\""excel_row\"":344},{\""file\"":\""Sample of Reported Titles.xlsx\"",\""column\"":\""Reported Job Title\"",\""excel_row\"":343},{\""file\"":\""Sample of Reported Titles.xlsx\"",\""column\"":\""Reported Job Title\"",\""excel_row\"":345},{\""file\"":\""Sample of Reported Titles.xlsx\"",\""column\"":\""Reported Job Title\"",\""excel_row\"":341}]"",""scope_status"":""SOURCE_SCOPE_NOT_VERIFIED""}],""step_2c"":[]}",Historical label correspondence does not prove OCC1990DD is Wocke canonical taxonomy. Taxonomy only; exposure propagation remains undefined. Single modern equivalent explicitly adjudicated by user Step 2F rules; official title/description and completed evidence retained.,v1.0
7,Managers of properties and real estate,OCC1990DD,18,Managers of properties and real estate,11-9141.00,"Property, Real Estate, and Community Association Managers",FROZEN,EQUIVALENT,STRONG_MODERN_EVIDENCE,"{""historical"":{""file"":""source_taxonomy_provenance.csv"",""automation_record_id"":""7"",""verification_status"":""VERIFIED"",""references"":""https://www.ddorn.net/data/Dorn_Thesis_Appendix.pdf#page=5 ; https://data.mendeley.com/datasets/czbvhmzwm3/1""},""adjudication_authority"":""User Step 2F rules"",""official_onet"":{""file"":""Occupation Data.xlsx"",""excel_row"":47,""title"":""Property, Real Estate, and Community Association Managers"",""description"":""Plan, direct, or coordinate the selling, buying, leasing, or governance activities of commercial, industrial, or residential real estate properties. Includes managers of homeowner and condominium associations, rented or leased housing units, buildings, or land (including rights-of-way)."",""release"":""UNKNOWN""},""step_2d"":[{""file"":""crosswalk_disputed_verification.csv"",""csv_row"":41,""recommendation"":""RECOMMEND_ACCEPT"",""evidence_strength"":""STRONG"",""alternate_title_evidence"":""[{\""column\"":\""Job Title\"",\""title\"":\""Real Estate Manager\"",\""excel_row\"":1718},{\""column\"":\""Short Title\"",\""title\"":\""Property Admin\"",\""excel_row\"":1714},{\""column\"":\""Job Title\"",\""title\"":\""Property Manager\"",\""excel_row\"":1715},{\""column\"":\""Job Title\"",\""title\"":\""Leasing Property Manager\"",\""excel_row\"":1708}]"",""reported_title_evidence"":""[{\""column\"":\""Reported Job Title\"",\""title\"":\""Real Estate Manager\"",\""excel_row\"":387},{\""column\"":\""Reported Job Title\"",\""title\"":\""Property Manager\"",\""excel_row\"":386},{\""column\"":\""Reported Job Title\"",\""title\"":\""Commercial Property Manager\"",\""excel_row\"":380},{\""column\"":\""Reported Job Title\"",\""title\"":\""Onsite Manager\"",\""excel_row\"":385}]"",""original_evidence_rows"":""[{\""file\"":\""Occupation Data.xlsx\"",\""column\"":\""Title / Description\"",\""excel_row\"":47},{\""file\"":\""Job Titles.xlsx\"",\""column\"":\""Job Title\"",\""excel_row\"":1718},{\""file\"":\""Job Titles.xlsx\"",\""column\"":\""Short Title\"",\""excel_row\"":1714},{\""file\"":\""Job Titles.xlsx\"",\""column\"":\""Job Title\"",\""excel_row\"":1715},{\""file\"":\""Job Titles.xlsx\"",\""column\"":\""Job Title\"",\""excel_row\"":1708},{\""file\"":\""Sample of Reported Titles.xlsx\"",\""column\"":\""Reported Job Title\"",\""excel_row\"":387},{\""file\"":\""Sample of Reported Titles.xlsx\"",\""column\"":\""Reported Job Title\"",\""excel_row\"":386},{\""file\"":\""Sample of Reported Titles.xlsx\"",\""column\"":\""Reported Job Title\"",\""excel_row\"":380},{\""file\"":\""Sample of Reported Titles.xlsx\"",\""column\"":\""Reported Job Title\"",\""excel_row\"":385}]"",""scope_status"":""SOURCE_SCOPE_NOT_VERIFIED""}],""step_2c"":[]}",Historical label correspondence does not prove OCC1990DD is Wocke canonical taxonomy. Taxonomy only; exposure propagation remains undefined. Single modern equivalent explicitly adjudicated by user Step 2F rules; official title/description and completed evidence retained.,v1.0
8,Funeral directors,OCC1990DD,19,Funeral directors,,,UNRESOLVED,UNRESOLVED,NOT_ADJUDICATED_MODERN_SCOPE,"{""historical"":{""file"":""source_taxonomy_provenance.csv"",""automation_record_id"":""8"",""verification_status"":""VERIFIED"",""references"":""https://www.ddorn.net/data/Dorn_Thesis_Appendix.pdf#page=5 ; https://data.mendeley.com/datasets/czbvhmzwm3/1""},""adjudication_authority"":""No completed modern adjudication"",""step_2b"":{""file"":""automation_onet_crosswalk_candidates.csv"",""csv_rows"":[27,28,29,30,31],""candidate_statuses"":[""PENDING_REVIEW""],""accepted_as_final"":false}}",Historical label correspondence does not prove OCC1990DD is Wocke canonical taxonomy. Taxonomy only; exposure propagation remains undefined. Outside explicit priority adjudication rules; no completed human decision exists. Step 2B AUTO_EXACT/fuzzy/ambiguous candidates are not promoted to frozen taxonomy mappings.,v1.0
9,"Managers and administrators, n.e.c.",OCC1990DD,22,"Managers and administrators, n.e.c.",,,RESIDUAL_UNMAPPED,RESIDUAL_UNMAPPED,NOT_ADJUDICATED_MODERN_SCOPE,"{""historical"":{""file"":""source_taxonomy_provenance.csv"",""automation_record_id"":""9"",""verification_status"":""VERIFIED"",""references"":""https://www.ddorn.net/data/Dorn_Thesis_Appendix.pdf#page=5 ; https://data.mendeley.com/datasets/czbvhmzwm3/1""},""adjudication_authority"":""User Step 2F rules"",""step_2b"":{""file"":""automation_onet_crosswalk_candidates.csv"",""csv_rows"":[32,33,34,35,36,37,38,39],""candidate_statuses"":[""PENDING_REVIEW""],""accepted_as_final"":false}}",Historical label correspondence does not prove OCC1990DD is Wocke canonical taxonomy. Taxonomy only; exposure propagation remains undefined. User explicitly retains residual n.e.c. source category without a modern mapping.,v1.0
10,Accountants and auditors,OCC1990DD,23,Accountants and auditors,,,UNRESOLVED,UNRESOLVED,NOT_ADJUDICATED_MODERN_SCOPE,"{""historical"":{""file"":""source_taxonomy_provenance.csv"",""automation_record_id"":""10"",""verification_status"":""VERIFIED"",""references"":""https://www.ddorn.net/data/Dorn_Thesis_Appendix.pdf#page=5 ; https://data.mendeley.com/datasets/czbvhmzwm3/1""},""adjudication_authority"":""No completed modern adjudication"",""step_2b"":{""file"":""automation_onet_crosswalk_candidates.csv"",""csv_rows"":[40],""candidate_statuses"":[""AUTO_EXACT""],""accepted_as_final"":false}}",Historical label correspondence does not prove OCC1990DD is Wocke canonical taxonomy. Taxonomy only; exposure propagation remains undefined. Outside explicit priority adjudication rules; no completed human decision exists. Step 2B AUTO_EXACT/fuzzy/ambiguous candidates are not promoted to frozen taxonomy mappings.,v1.0
11,Insurance underwriters,OCC1990DD,24,Insurance underwriters,,,UNRESOLVED,UNRESOLVED,NOT_ADJUDICATED_MODERN_SCOPE,"{""historical"":{""file"":""source_taxonomy_provenance.csv"",""automation_record_id"":""11"",""verification_status"":""VERIFIED"",""references"":""https://www.ddorn.net/data/Dorn_Thesis_Appendix.pdf#page=5 ; https://data.mendeley.com/datasets/czbvhmzwm3/1""},""adjudication_authority"":""No completed modern adjudication"",""step_2b"":{""file"":""automation_onet_crosswalk_candidates.csv"",""csv_rows"":[41],""candidate_statuses"":[""AUTO_EXACT""],""accepted_as_final"":false}}",Historical label correspondence does not prove OCC1990DD is Wocke canonical taxonomy. Taxonomy only; exposure propagation remains undefined. Outside explicit priority adjudication rules; no completed human decision exists. Step 2B AUTO_EXACT/fuzzy/ambiguous candidates are not promoted to frozen taxonomy mappings.,v1.0
12,Other financial specialists,OCC1990DD,25,Other financial specialists,,,UNRESOLVED,UNRESOLVED,NOT_ADJUDICATED_MODERN_SCOPE,"{""historical"":{""file"":""source_taxonomy_provenance.csv"",""automation_record_id"":""12"",""verification_status"":""VERIFIED"",""references"":""https://www.ddorn.net/data/Dorn_Thesis_Appendix.pdf#page=5 ; https://data.mendeley.com/datasets/czbvhmzwm3/1""},""adjudication_authority"":""No completed modern adjudication"",""step_2b"":{""file"":""automation_onet_crosswalk_candidates.csv"",""csv_rows"":[42,43,44,45,46],""candidate_statuses"":[""PENDING_REVIEW""],""accepted_as_final"":false}}",Historical label correspondence does not prove OCC1990DD is Wocke canonical taxonomy. Taxonomy only; exposure propagation remains undefined. Outside explicit priority adjudication rules; no completed human decision exists. Step 2B AUTO_EXACT/fuzzy/ambiguous candidates are not promoted to frozen taxonomy mappings.,v1.0
13,Management analysts,OCC1990DD,26,Management analysts,,,UNRESOLVED,UNRESOLVED,NOT_ADJUDICATED_MODERN_SCOPE,"{""historical"":{""file"":""source_taxonomy_provenance.csv"",""automation_record_id"":""13"",""verification_status"":""VERIFIED"",""references"":""https://www.ddorn.net/data/Dorn_Thesis_Appendix.pdf#page=5 ; https://data.mendeley.com/datasets/czbvhmzwm3/1""},""adjudication_authority"":""No completed modern adjudication"",""step_2b"":{""file"":""automation_onet_crosswalk_candidates.csv"",""csv_rows"":[47],""candidate_statuses"":[""AUTO_EXACT""],""accepted_as_final"":false}}",Historical label correspondence does not prove OCC1990DD is Wocke canonical taxonomy. Taxonomy only; exposure propagation remains undefined. Outside explicit priority adjudication rules; no completed human decision exists. Step 2B AUTO_EXACT/fuzzy/ambiguous candidates are not promoted to frozen taxonomy mappings.,v1.0
14,"Personnel, HR, training, and labour rel. specialists",OCC1990DD,27,"Personnel, HR, training, and labor rel. specialists",,,UNRESOLVED,UNRESOLVED,NOT_ADJUDICATED_MODERN_SCOPE,"{""historical"":{""file"":""source_taxonomy_provenance.csv"",""automation_record_id"":""14"",""verification_status"":""PARTIALLY_VERIFIED"",""references"":""https://www.ddorn.net/data/Dorn_Thesis_Appendix.pdf#page=5 ; https://data.mendeley.com/datasets/czbvhmzwm3/1""},""adjudication_authority"":""No completed modern adjudication"",""step_2b"":{""file"":""automation_onet_crosswalk_candidates.csv"",""csv_rows"":[48,49,50,51,52,53],""candidate_statuses"":[""PENDING_REVIEW""],""accepted_as_final"":false}}",Historical label correspondence does not prove OCC1990DD is Wocke canonical taxonomy. Taxonomy only; exposure propagation remains undefined. Outside explicit priority adjudication rules; no completed human decision exists. Step 2B AUTO_EXACT/fuzzy/ambiguous candidates are not promoted to frozen taxonomy mappings.,v1.0
15,Purchasing agents and buyers of farm products,OCC1990DD,28,Purchasing agents and buyers of farm products,,,UNRESOLVED,UNRESOLVED,NOT_ADJUDICATED_MODERN_SCOPE,"{""historical"":{""file"":""source_taxonomy_provenance.csv"",""automation_record_id"":""15"",""verification_status"":""VERIFIED"",""references"":""https://www.ddorn.net/data/Dorn_Thesis_Appendix.pdf#page=5 ; https://data.mendeley.com/datasets/czbvhmzwm3/1""},""adjudication_authority"":""No completed modern adjudication"",""step_2b"":{""file"":""automation_onet_crosswalk_candidates.csv"",""csv_rows"":[54,55,56,57,58,59,60,61],""candidate_statuses"":[""PENDING_REVIEW""],""accepted_as_final"":false}}",Historical label correspondence does not prove OCC1990DD is Wocke canonical taxonomy. Taxonomy only; exposure propagation remains undefined. Outside explicit priority adjudication rules; no completed human decision exists. Step 2B AUTO_EXACT/fuzzy/ambiguous candidates are not promoted to frozen taxonomy mappings.,v1.0
16,"Buyers, wholesale and retail trade",OCC1990DD,29,"Buyers, wholesale and retail trade",,,UNRESOLVED,UNRESOLVED,NOT_ADJUDICATED_MODERN_SCOPE,"{""historical"":{""file"":""source_taxonomy_provenance.csv"",""automation_record_id"":""16"",""verification_status"":""VERIFIED"",""references"":""https://www.ddorn.net/data/Dorn_Thesis_Appendix.pdf#page=5 ; https://data.mendeley.com/datasets/czbvhmzwm3/1""},""adjudication_authority"":""No completed modern adjudication"",""step_2b"":{""file"":""automation_onet_crosswalk_candidates.csv"",""csv_rows"":[62,63,64],""candidate_statuses"":[""PENDING_REVIEW""],""accepted_as_final"":false}}",Historical label correspondence does not prove OCC1990DD is Wocke canonical taxonomy. Taxonomy only; exposure propagation remains undefined. Outside explicit priority adjudication rules; no completed human decision exists. Step 2B AUTO_EXACT/fuzzy/ambiguous candidates are not promoted to frozen taxonomy mappings.,v1.0
17,"Purchasing managers, agents, and buyers, n.e.c.",OCC1990DD,33,"Purchasing managers, agents, and buyers, n.e.c.",,,RESIDUAL_UNMAPPED,RESIDUAL_UNMAPPED,NOT_ADJUDICATED_MODERN_SCOPE,"{""historical"":{""file"":""source_taxonomy_provenance.csv"",""automation_record_id"":""17"",""verification_status"":""VERIFIED"",""references"":""https://www.ddorn.net/data/Dorn_Thesis_Appendix.pdf#page=5 ; https://data.mendeley.com/datasets/czbvhmzwm3/1""},""adjudication_authority"":""User Step 2F rules"",""step_2b"":{""file"":""automation_onet_crosswalk_candidates.csv"",""csv_rows"":[65,66,67,68,69,70],""candidate_statuses"":[""PENDING_REVIEW""],""accepted_as_final"":false}}",Historical label correspondence does not prove OCC1990DD is Wocke canonical taxonomy. Taxonomy only; exposure propagation remains undefined. User explicitly retains residual n.e.c. source category without a modern mapping.,v1.0
18,Business and promotion agents,OCC1990DD,34,Business and promotion agents,,,UNRESOLVED,UNRESOLVED,NOT_ADJUDICATED_MODERN_SCOPE,"{""historical"":{""file"":""source_taxonomy_provenance.csv"",""automation_record_id"":""18"",""verification_status"":""VERIFIED"",""references"":""https://www.ddorn.net/data/Dorn_Thesis_Appendix.pdf#page=5 ; https://data.mendeley.com/datasets/czbvhmzwm3/1""},""adjudication_authority"":""No completed modern adjudication"",""step_2b"":{""file"":""automation_onet_crosswalk_candidates.csv"",""csv_rows"":[71,72,73],""candidate_statuses"":[""PENDING_REVIEW""],""accepted_as_final"":false}}",Historical label correspondence does not prove OCC1990DD is Wocke canonical taxonomy. Taxonomy only; exposure propagation remains undefined. Outside explicit priority adjudication rules; no completed human decision exists. Step 2B AUTO_EXACT/fuzzy/ambiguous candidates are not promoted to frozen taxonomy mappings.,v1.0
19,Construction inspectors,OCC1990DD,35,Construction inspectors,,,UNRESOLVED,UNRESOLVED,NOT_ADJUDICATED_MODERN_SCOPE,"{""historical"":{""file"":""source_taxonomy_provenance.csv"",""automation_record_id"":""19"",""verification_status"":""VERIFIED"",""references"":""https://www.ddorn.net/data/Dorn_Thesis_Appendix.pdf#page=5 ; https://data.mendeley.com/datasets/czbvhmzwm3/1""},""adjudication_authority"":""No completed modern adjudication"",""step_2b"":{""file"":""automation_onet_crosswalk_candidates.csv"",""csv_rows"":[74,75,76,77,78],""candidate_statuses"":[""PENDING_REVIEW""],""accepted_as_final"":false}}",Historical label correspondence does not prove OCC1990DD is Wocke canonical taxonomy. Taxonomy only; exposure propagation remains undefined. Outside explicit priority adjudication rules; no completed human decision exists. Step 2B AUTO_EXACT/fuzzy/ambiguous candidates are not promoted to frozen taxonomy mappings.,v1.0
20,"Inspectors and compliance officers, outside",UNKNOWN,,,,,UNRESOLVED,UNRESOLVED,NOT_ADJUDICATED_MODERN_SCOPE,"{""historical"":{""file"":""source_taxonomy_provenance.csv"",""automation_record_id"":""20"",""verification_status"":""NOT_VERIFIED"",""references"":""https://www.ddorn.net/data/Dorn_Thesis_Appendix.pdf ; https://data.mendeley.com/datasets/czbvhmzwm3/1""},""adjudication_authority"":""No completed modern adjudication"",""step_2b"":{""file"":""automation_onet_crosswalk_candidates.csv"",""csv_rows"":[79,80,81,82,83,84],""candidate_statuses"":[""PENDING_REVIEW""],""accepted_as_final"":false}}",Historical label correspondence does not prove OCC1990DD is Wocke canonical taxonomy. Taxonomy only; exposure propagation remains undefined. Outside explicit priority adjudication rules; no completed human decision exists. Step 2B AUTO_EXACT/fuzzy/ambiguous candidates are not promoted to frozen taxonomy mappings.,v1.0
21,Architects,OCC1990DD,43,Architects,,,UNRESOLVED,UNRESOLVED,NOT_ADJUDICATED_MODERN_SCOPE,"{""historical"":{""file"":""source_taxonomy_provenance.csv"",""automation_record_id"":""21"",""verification_status"":""VERIFIED"",""references"":""https://www.ddorn.net/data/Dorn_Thesis_Appendix.pdf#page=5 ; https://data.mendeley.com/datasets/czbvhmzwm3/1""},""adjudication_authority"":""No completed modern adjudication"",""step_2b"":{""file"":""automation_onet_crosswalk_candidates.csv"",""csv_rows"":[85,86,87,88,89],""candidate_statuses"":[""PENDING_REVIEW""],""accepted_as_final"":false}}",Historical label correspondence does not prove OCC1990DD is Wocke canonical taxonomy. Taxonomy only; exposure propagation remains undefined. Outside explicit priority adjudication rules; no completed human decision exists. Step 2B AUTO_EXACT/fuzzy/ambiguous candidates are not promoted to frozen taxonomy mappings.,v1.0
22,Aerospace engineers,OCC1990DD,44,Aerospace engineers,,,UNRESOLVED,UNRESOLVED,NOT_ADJUDICATED_MODERN_SCOPE,"{""historical"":{""file"":""source_taxonomy_provenance.csv"",""automation_record_id"":""22"",""verification_status"":""VERIFIED"",""references"":""https://www.ddorn.net/data/Dorn_Thesis_Appendix.pdf#page=5 ; https://data.mendeley.com/datasets/czbvhmzwm3/1""},""adjudication_authority"":""No completed modern adjudication"",""step_2b"":{""file"":""automation_onet_crosswalk_candidates.csv"",""csv_rows"":[90],""candidate_statuses"":[""AUTO_EXACT""],""accepted_as_final"":false}}",Historical label correspondence does not prove OCC1990DD is Wocke canonical taxonomy. Taxonomy only; exposure propagation remains undefined. Outside explicit priority adjudication rules; no completed human decision exists. Step 2B AUTO_EXACT/fuzzy/ambiguous candidates are not promoted to frozen taxonomy mappings.,v1.0
23,Metallurgical and materials engineers,OCC1990DD,45,Metallurgical and materials engineers,,,UNRESOLVED,UNRESOLVED,NOT_ADJUDICATED_MODERN_SCOPE,"{""historical"":{""file"":""source_taxonomy_provenance.csv"",""automation_record_id"":""23"",""verification_status"":""VERIFIED"",""references"":""https://www.ddorn.net/data/Dorn_Thesis_Appendix.pdf#page=5 ; https://data.mendeley.com/datasets/czbvhmzwm3/1""},""adjudication_authority"":""No completed modern adjudication"",""step_2b"":{""file"":""automation_onet_crosswalk_candidates.csv"",""csv_rows"":[91,92,93],""candidate_statuses"":[""PENDING_REVIEW""],""accepted_as_final"":false}}",Historical label correspondence does not prove OCC1990DD is Wocke canonical taxonomy. Taxonomy only; exposure propagation remains undefined. Outside explicit priority adjudication rules; no completed human decision exists. Step 2B AUTO_EXACT/fuzzy/ambiguous candidates are not promoted to frozen taxonomy mappings.,v1.0
24,"Petroleum, mining, and geological engineers",OCC1990DD,47,"Petroleum, mining, and geological engineers",,,UNRESOLVED,UNRESOLVED,NOT_ADJUDICATED_MODERN_SCOPE,"{""historical"":{""file"":""source_taxonomy_provenance.csv"",""automation_record_id"":""24"",""verification_status"":""VERIFIED"",""references"":""https://www.ddorn.net/data/Dorn_Thesis_Appendix.pdf#page=5 ; https://data.mendeley.com/datasets/czbvhmzwm3/1""},""adjudication_authority"":""No completed modern adjudication"",""step_2b"":{""file"":""automation_onet_crosswalk_candidates.csv"",""csv_rows"":[94,95,96,97,98,99],""candidate_statuses"":[""PENDING_REVIEW""],""accepted_as_final"":false}}",Historical label correspondence does not prove OCC1990DD is Wocke canonical taxonomy. Taxonomy only; exposure propagation remains undefined. Outside explicit priority adjudication rules; no completed human decision exists. Step 2B AUTO_EXACT/fuzzy/ambiguous candidates are not promoted to frozen taxonomy mappings.,v1.0
25,Chemical engineers,OCC1990DD,48,Chemical engineers,,,UNRESOLVED,UNRESOLVED,NOT_ADJUDICATED_MODERN_SCOPE,"{""historical"":{""file"":""source_taxonomy_provenance.csv"",""automation_record_id"":""25"",""verification_status"":""VERIFIED"",""references"":""https://www.ddorn.net/data/Dorn_Thesis_Appendix.pdf#page=5 ; https://data.mendeley.com/datasets/czbvhmzwm3/1""},""adjudication_authority"":""No completed modern adjudication"",""step_2b"":{""file"":""automation_onet_crosswalk_candidates.csv"",""csv_rows"":[100],""candidate_statuses"":[""AUTO_EXACT""],""accepted_as_final"":false}}",Historical label correspondence does not prove OCC1990DD is Wocke canonical taxonomy. Taxonomy only; exposure propagation remains undefined. Outside explicit priority adjudication rules; no completed human decision exists. Step 2B AUTO_EXACT/fuzzy/ambiguous candidates are not promoted to frozen taxonomy mappings.,v1.0
26,Civil engineers,OCC1990DD,53,Civil engineers,,,UNRESOLVED,UNRESOLVED,NOT_ADJUDICATED_MODERN_SCOPE,"{""historical"":{""file"":""source_taxonomy_provenance.csv"",""automation_record_id"":""26"",""verification_status"":""VERIFIED"",""references"":""https://www.ddorn.net/data/Dorn_Thesis_Appendix.pdf#page=5 ; https://data.mendeley.com/datasets/czbvhmzwm3/1""},""adjudication_authority"":""No completed modern adjudication"",""step_2b"":{""file"":""automation_onet_crosswalk_candidates.csv"",""csv_rows"":[101],""candidate_statuses"":[""AUTO_EXACT""],""accepted_as_final"":false}}",Historical label correspondence does not prove OCC1990DD is Wocke canonical taxonomy. Taxonomy only; exposure propagation remains undefined. Outside explicit priority adjudication rules; no completed human decision exists. Step 2B AUTO_EXACT/fuzzy/ambiguous candidates are not promoted to frozen taxonomy mappings.,v1.0
27,Electrical engineers,OCC1990DD,55,Electrical engineers,,,UNRESOLVED,UNRESOLVED,NOT_ADJUDICATED_MODERN_SCOPE,"{""historical"":{""file"":""source_taxonomy_provenance.csv"",""automation_record_id"":""27"",""verification_status"":""VERIFIED"",""references"":""https://www.ddorn.net/data/Dorn_Thesis_Appendix.pdf#page=5 ; https://data.mendeley.com/datasets/czbvhmzwm3/1""},""adjudication_authority"":""No completed modern adjudication"",""step_2b"":{""file"":""automation_onet_crosswalk_candidates.csv"",""csv_rows"":[102],""candidate_statuses"":[""AUTO_EXACT""],""accepted_as_final"":false}}",Historical label correspondence does not prove OCC1990DD is Wocke canonical taxonomy. Taxonomy only; exposure propagation remains undefined. Outside explicit priority adjudication rules; no completed human decision exists. Step 2B AUTO_EXACT/fuzzy/ambiguous candidates are not promoted to frozen taxonomy mappings.,v1.0
28,Industrial engineers,OCC1990DD,56,Industrial engineers,,,UNRESOLVED,UNRESOLVED,NOT_ADJUDICATED_MODERN_SCOPE,"{""historical"":{""file"":""source_taxonomy_provenance.csv"",""automation_record_id"":""28"",""verification_status"":""VERIFIED"",""references"":""https://www.ddorn.net/data/Dorn_Thesis_Appendix.pdf#page=5 ; https://data.mendeley.com/datasets/czbvhmzwm3/1""},""adjudication_authority"":""No completed modern adjudication"",""step_2b"":{""file"":""automation_onet_crosswalk_candidates.csv"",""csv_rows"":[103],""candidate_statuses"":[""AUTO_EXACT""],""accepted_as_final"":false}}",Historical label correspondence does not prove OCC1990DD is Wocke canonical taxonomy. Taxonomy only; exposure propagation remains undefined. Outside explicit priority adjudication rules; no completed human decision exists. Step 2B AUTO_EXACT/fuzzy/ambiguous candidates are not promoted to frozen taxonomy mappings.,v1.0
29,Mechanical engineers,OCC1990DD,57,Mechanical engineers,,,UNRESOLVED,UNRESOLVED,NOT_ADJUDICATED_MODERN_SCOPE,"{""historical"":{""file"":""source_taxonomy_provenance.csv"",""automation_record_id"":""29"",""verification_status"":""VERIFIED"",""references"":""https://www.ddorn.net/data/Dorn_Thesis_Appendix.pdf#page=5 ; https://data.mendeley.com/datasets/czbvhmzwm3/1""},""adjudication_authority"":""No completed modern adjudication"",""step_2b"":{""file"":""automation_onet_crosswalk_candidates.csv"",""csv_rows"":[104],""candidate_statuses"":[""AUTO_EXACT""],""accepted_as_final"":false}}",Historical label correspondence does not prove OCC1990DD is Wocke canonical taxonomy. Taxonomy only; exposure propagation remains undefined. Outside explicit priority adjudication rules; no completed human decision exists. Step 2B AUTO_EXACT/fuzzy/ambiguous candidates are not promoted to frozen taxonomy mappings.,v1.0
30,"Engineers and other professionals, n.e.c.",OCC1990DD,59,"Engineers and other professionals, n.e.c.",,,UNRESOLVED,UNRESOLVED,NOT_ADJUDICATED_MODERN_SCOPE,"{""historical"":{""file"":""source_taxonomy_provenance.csv"",""automation_record_id"":""30"",""verification_status"":""VERIFIED"",""references"":""https://www.ddorn.net/data/Dorn_Thesis_Appendix.pdf#page=5 ; https://data.mendeley.com/datasets/czbvhmzwm3/1""},""adjudication_authority"":""No completed modern adjudication"",""step_2b"":{""file"":""automation_onet_crosswalk_candidates.csv"",""csv_rows"":[105,106,107,108,109],""candidate_statuses"":[""PENDING_REVIEW""],""accepted_as_final"":false}}",Historical label correspondence does not prove OCC1990DD is Wocke canonical taxonomy. Taxonomy only; exposure propagation remains undefined. Outside explicit priority adjudication rules; no completed human decision exists. Step 2B AUTO_EXACT/fuzzy/ambiguous candidates are not promoted to frozen taxonomy mappings.,v1.0
31,Computer systems analysts and computer scientists,OCC1990DD,64,Computer systems analysts and computer scientists,15-1211.00,Computer Systems Analysts,FROZEN,SOURCE_BROADER_THAN_ONET,STRONG_COMPONENT_EVIDENCE,"{""historical"":{""file"":""source_taxonomy_provenance.csv"",""automation_record_id"":""31"",""verification_status"":""VERIFIED"",""references"":""https://www.ddorn.net/data/Dorn_Thesis_Appendix.pdf#page=6 ; https://data.mendeley.com/datasets/czbvhmzwm3/1""},""adjudication_authority"":""User Step 2F rules"",""official_onet"":{""file"":""Occupation Data.xlsx"",""excel_row"":111,""title"":""Computer Systems Analysts"",""description"":""Analyze science, engineering, business, and other data processing problems to develop and implement solutions to complex applications problems, system administration issues, or network concerns. Perform systems management and integration functions, improve existing computer systems, and review computer system capabilities, workflow, and schedule limitations. May analyze or recommend commercially available software."",""release"":""UNKNOWN""},""step_2d"":[],""step_2c"":[{""file"":""crosswalk_review_priority_provenance.csv"",""csv_row"":4,""evidence_quote"":""Analyze science, engineering, business, and other data processing problems to develop and implement solutions to complex applications problems, system administr"",""provenance"":""{\""review_source_filename\"":\""crosswalk_review_priority.csv\"",\""review_source_csv_row\"":4,\""candidate_origin\"":\""STEP_2B_CANDIDATE\"",\""origin_filename\"":\""automation_onet_crosswalk_candidates.csv\"",\""origin_csv_rows\"":[110],\""official_description_excel_row\"":111,\""supporting_titles\"":[{\""filename\"":\""Job Titles.xlsx\"",\""column\"":\""Job Title\"",\""title\"":\""Computer Systems Analyst\"",\""quote\"":\""Computer Systems Analyst\"",\""excel_rows\"":[4247]},{\""filename\"":\""Job Titles.xlsx\"",\""column\"":\""Job Title\"",\""title\"":\""Computer Systems Designer\"",\""quote\"":\""Computer Systems Designer\"",\""excel_rows\"":[4250]},{\""filename\"":\""Job Titles.xlsx\"",\""column\"":\""Job Title\"",\""title\"":\""Computer Systems Consultant\"",\""quote\"":\""Computer Systems Consultant\"",\""excel_rows\"":[4248]},{\""filename\"":\""Sample of Reported Titles.xlsx\"",\""column\"":\""Reported Job Title\"",\""title\"":\""Computer Systems Analyst\"",\""quote\"":\""Computer Systems Analyst\"",\""excel_rows\"":[894]},{\""filename\"":\""Sample of Reported Titles.xlsx\"",\""column\"":\""Reported Job Title\"",\""title\"":\""Computer Systems Consultant\"",\""quote\"":\""Computer Systems Consultant\"",\""excel_rows\"":[895]},{\""filename\"":\""Sample of Reported Titles.xlsx\"",\""column\"":\""Reported Job Title\"",\""title\"":\""Systems Analyst\"",\""quote\"":\""Systems Analyst\"",\""excel_rows\"":[900]}],\""review_context\"":[\""REVIEW PREPARATION ONLY; no approval or rejection\"",\""Step 2B: 2B-v1; candidate only; fragment='Computer systems analysts'; shared qualifiers not reconstructed; fragment='computer scientists'; shared qualifiers not reconstructed\""],\""limitations\"":[]}""}]}",Historical label correspondence does not prove OCC1990DD is Wocke canonical taxonomy. Taxonomy only; exposure propagation remains undefined. MULTI_SOC: user-adjudicated component relationship; historical label spans multiple narrower modern occupations. Component set is not proof of exhaustive source scope.,v1.0
31,Computer systems analysts and computer scientists,OCC1990DD,64,Computer systems analysts and computer scientists,15-1221.00,Computer and Information Research Scientists,FROZEN,SOURCE_BROADER_THAN_ONET,STRONG_COMPONENT_EVIDENCE,"{""historical"":{""file"":""source_taxonomy_provenance.csv"",""automation_record_id"":""31"",""verification_status"":""VERIFIED"",""references"":""https://www.ddorn.net/data/Dorn_Thesis_Appendix.pdf#page=6 ; https://data.mendeley.com/datasets/czbvhmzwm3/1""},""adjudication_authority"":""User Step 2F rules"",""official_onet"":{""file"":""Occupation Data.xlsx"",""excel_row"":114,""title"":""Computer and Information Research Scientists"",""description"":""Conduct research into fundamental computer and information science as theorists, designers, or inventors. Develop solutions to problems in the field of computer hardware and software."",""release"":""UNKNOWN""},""step_2d"":[],""step_2c"":[{""file"":""crosswalk_review_priority_provenance.csv"",""csv_row"":9,""evidence_quote"":""Conduct research into fundamental computer and information science as theorists, designers, or inventors. Develop solutions to problems in the field of computer"",""provenance"":""{\""review_source_filename\"":\""crosswalk_review_priority.csv\"",\""review_source_csv_row\"":9,\""candidate_origin\"":\""OFFICIAL_REVIEW_DISCOVERY\"",\""origin_filename\"":\""crosswalk_review_priority.csv\"",\""origin_csv_rows\"":[9],\""official_description_excel_row\"":114,\""supporting_titles\"":[{\""filename\"":\""Job Titles.xlsx\"",\""column\"":\""Job Title\"",\""title\"":\""Computer Scientist\"",\""quote\"":\""Computer Scientist\"",\""excel_rows\"":[4447]},{\""filename\"":\""Job Titles.xlsx\"",\""column\"":\""Job Title\"",\""title\"":\""Computer Specialist\"",\""quote\"":\""Computer Specialist\"",\""excel_rows\"":[4448]},{\""filename\"":\""Job Titles.xlsx\"",\""column\"":\""Job Title\"",\""title\"":\""Computer Vision Scientist\"",\""quote\"":\""Computer Vision Scientist\"",\""excel_rows\"":[4449]},{\""filename\"":\""Sample of Reported Titles.xlsx\"",\""column\"":\""Reported Job Title\"",\""title\"":\""Computer Scientist\"",\""quote\"":\""Computer Scientist\"",\""excel_rows\"":[919]},{\""filename\"":\""Sample of Reported Titles.xlsx\"",\""column\"":\""Reported Job Title\"",\""title\"":\""Computer Specialist\"",\""quote\"":\""Computer Specialist\"",\""excel_rows\"":[920]},{\""filename\"":\""Sample of Reported Titles.xlsx\"",\""column\"":\""Reported Job Title\"",\""title\"":\""Control System Computer Scientist\"",\""quote\"":\""Control System Computer Scientist\"",\""excel_rows\"":[921]}],\""review_context\"":[\""REVIEW PREPARATION ONLY; no approval or rejection\"",\""Computer scientists conceptual part; official Computer Scientist alias\""],\""limitations\"":[\""Original discovery query, execution timestamp, and discovery log were not recorded; provenance reconstructed from supplied review artifact and validated local official evidence.\""]}""}]}",Historical label correspondence does not prove OCC1990DD is Wocke canonical taxonomy. Taxonomy only; exposure propagation remains undefined. MULTI_SOC: user-adjudicated component relationship; historical label spans multiple narrower modern occupations. Component set is not proof of exhaustive source scope.,v1.0
32,Operations and systems researchers and analysts,OCC1990DD,65,Operations and systems researchers and analysts,,,UNRESOLVED,UNRESOLVED,NOT_ADJUDICATED_MODERN_SCOPE,"{""historical"":{""file"":""source_taxonomy_provenance.csv"",""automation_record_id"":""32"",""verification_status"":""VERIFIED"",""references"":""https://www.ddorn.net/data/Dorn_Thesis_Appendix.pdf#page=6 ; https://data.mendeley.com/datasets/czbvhmzwm3/1""},""adjudication_authority"":""No completed modern adjudication"",""step_2b"":{""file"":""automation_onet_crosswalk_candidates.csv"",""csv_rows"":[116,117,118,119,120,121,122,123,124,125],""candidate_statuses"":[""AMBIGUOUS"",""PENDING_REVIEW""],""accepted_as_final"":false}}",Historical label correspondence does not prove OCC1990DD is Wocke canonical taxonomy. Taxonomy only; exposure propagation remains undefined. Outside explicit priority adjudication rules; no completed human decision exists. Step 2B AUTO_EXACT/fuzzy/ambiguous candidates are not promoted to frozen taxonomy mappings.,v1.0
33,Actuaries,OCC1990DD,66,Actuaries,,,UNRESOLVED,UNRESOLVED,NOT_ADJUDICATED_MODERN_SCOPE,"{""historical"":{""file"":""source_taxonomy_provenance.csv"",""automation_record_id"":""33"",""verification_status"":""VERIFIED"",""references"":""https://www.ddorn.net/data/Dorn_Thesis_Appendix.pdf#page=6 ; https://data.mendeley.com/datasets/czbvhmzwm3/1""},""adjudication_authority"":""No completed modern adjudication"",""step_2b"":{""file"":""automation_onet_crosswalk_candidates.csv"",""csv_rows"":[126],""candidate_statuses"":[""AUTO_EXACT""],""accepted_as_final"":false}}",Historical label correspondence does not prove OCC1990DD is Wocke canonical taxonomy. Taxonomy only; exposure propagation remains undefined. Outside explicit priority adjudication rules; no completed human decision exists. Step 2B AUTO_EXACT/fuzzy/ambiguous candidates are not promoted to frozen taxonomy mappings.,v1.0
34,Mathematicians and statisticians,OCC1990DD,68,Mathematicians and statisticians,,,UNRESOLVED,UNRESOLVED,NOT_ADJUDICATED_MODERN_SCOPE,"{""historical"":{""file"":""source_taxonomy_provenance.csv"",""automation_record_id"":""34"",""verification_status"":""VERIFIED"",""references"":""https://www.ddorn.net/data/Dorn_Thesis_Appendix.pdf#page=6 ; https://data.mendeley.com/datasets/czbvhmzwm3/1""},""adjudication_authority"":""No completed modern adjudication"",""step_2b"":{""file"":""automation_onet_crosswalk_candidates.csv"",""csv_rows"":[127,128,129],""candidate_statuses"":[""PENDING_REVIEW""],""accepted_as_final"":false}}",Historical label correspondence does not prove OCC1990DD is Wocke canonical taxonomy. Taxonomy only; exposure propagation remains undefined. Outside explicit priority adjudication rules; no completed human decision exists. Step 2B AUTO_EXACT/fuzzy/ambiguous candidates are not promoted to frozen taxonomy mappings.,v1.0
35,Physicists and astronomists,OCC1990DD,69,Physicists and astronomists,,,UNRESOLVED,UNRESOLVED,NOT_ADJUDICATED_MODERN_SCOPE,"{""historical"":{""file"":""source_taxonomy_provenance.csv"",""automation_record_id"":""35"",""verification_status"":""VERIFIED"",""references"":""https://www.ddorn.net/data/Dorn_Thesis_Appendix.pdf#page=6 ; https://data.mendeley.com/datasets/czbvhmzwm3/1""},""adjudication_authority"":""No completed modern adjudication"",""step_2b"":{""file"":""automation_onet_crosswalk_candidates.csv"",""csv_rows"":[130,131,132,133,134,135,136,137,138,139,140],""candidate_statuses"":[""PENDING_REVIEW""],""accepted_as_final"":false}}",Historical label correspondence does not prove OCC1990DD is Wocke canonical taxonomy. Taxonomy only; exposure propagation remains undefined. Outside explicit priority adjudication rules; no completed human decision exists. Step 2B AUTO_EXACT/fuzzy/ambiguous candidates are not promoted to frozen taxonomy mappings.,v1.0
36,Chemists,OCC1990DD,73,Chemists,,,UNRESOLVED,UNRESOLVED,NOT_ADJUDICATED_MODERN_SCOPE,"{""historical"":{""file"":""source_taxonomy_provenance.csv"",""automation_record_id"":""36"",""verification_status"":""VERIFIED"",""references"":""https://www.ddorn.net/data/Dorn_Thesis_Appendix.pdf#page=6 ; https://data.mendeley.com/datasets/czbvhmzwm3/1""},""adjudication_authority"":""No completed modern adjudication"",""step_2b"":{""file"":""automation_onet_crosswalk_candidates.csv"",""csv_rows"":[141],""candidate_statuses"":[""AUTO_EXACT""],""accepted_as_final"":false}}",Historical label correspondence does not prove OCC1990DD is Wocke canonical taxonomy. Taxonomy only; exposure propagation remains undefined. Outside explicit priority adjudication rules; no completed human decision exists. Step 2B AUTO_EXACT/fuzzy/ambiguous candidates are not promoted to frozen taxonomy mappings.,v1.0
37,Atmospheric and space scientists,OCC1990DD,74,Atmospheric and space scientists,,,UNRESOLVED,UNRESOLVED,NOT_ADJUDICATED_MODERN_SCOPE,"{""historical"":{""file"":""source_taxonomy_provenance.csv"",""automation_record_id"":""37"",""verification_status"":""VERIFIED"",""references"":""https://www.ddorn.net/data/Dorn_Thesis_Appendix.pdf#page=6 ; https://data.mendeley.com/datasets/czbvhmzwm3/1""},""adjudication_authority"":""No completed modern adjudication"",""step_2b"":{""file"":""automation_onet_crosswalk_candidates.csv"",""csv_rows"":[142],""candidate_statuses"":[""AUTO_EXACT""],""accepted_as_final"":false}}",Historical label correspondence does not prove OCC1990DD is Wocke canonical taxonomy. Taxonomy only; exposure propagation remains undefined. Outside explicit priority adjudication rules; no completed human decision exists. Step 2B AUTO_EXACT/fuzzy/ambiguous candidates are not promoted to frozen taxonomy mappings.,v1.0
38,Geologists,OCC1990DD,75,Geologists,,,UNRESOLVED,UNRESOLVED,NOT_ADJUDICATED_MODERN_SCOPE,"{""historical"":{""file"":""source_taxonomy_provenance.csv"",""automation_record_id"":""38"",""verification_status"":""VERIFIED"",""references"":""https://www.ddorn.net/data/Dorn_Thesis_Appendix.pdf#page=6 ; https://data.mendeley.com/datasets/czbvhmzwm3/1""},""adjudication_authority"":""No completed modern adjudication"",""step_2b"":{""file"":""automation_onet_crosswalk_candidates.csv"",""csv_rows"":[143,144,145,146,147],""candidate_statuses"":[""PENDING_REVIEW""],""accepted_as_final"":false}}",Historical label correspondence does not prove OCC1990DD is Wocke canonical taxonomy. Taxonomy only; exposure propagation remains undefined. Outside explicit priority adjudication rules; no completed human decision exists. Step 2B AUTO_EXACT/fuzzy/ambiguous candidates are not promoted to frozen taxonomy mappings.,v1.0
39,"Physical scientists, n.e.c.",OCC1990DD,76,"Physical scientists, n.e.c.",,,UNRESOLVED,UNRESOLVED,NOT_ADJUDICATED_MODERN_SCOPE,"{""historical"":{""file"":""source_taxonomy_provenance.csv"",""automation_record_id"":""39"",""verification_status"":""VERIFIED"",""references"":""https://www.ddorn.net/data/Dorn_Thesis_Appendix.pdf#page=6 ; https://data.mendeley.com/datasets/czbvhmzwm3/1""},""adjudication_authority"":""No completed modern adjudication"",""step_2b"":{""file"":""automation_onet_crosswalk_candidates.csv"",""csv_rows"":[148,149,150,151,152],""candidate_statuses"":[""PENDING_REVIEW""],""accepted_as_final"":false}}",Historical label correspondence does not prove OCC1990DD is Wocke canonical taxonomy. Taxonomy only; exposure propagation remains undefined. Outside explicit priority adjudication rules; no completed human decision exists. Step 2B AUTO_EXACT/fuzzy/ambiguous candidates are not promoted to frozen taxonomy mappings.,v1.0
40,Agricultural and food scientists,OCC1990DD,77,Agricultural and food scientists,,,UNRESOLVED,UNRESOLVED,NOT_ADJUDICATED_MODERN_SCOPE,"{""historical"":{""file"":""source_taxonomy_provenance.csv"",""automation_record_id"":""40"",""verification_status"":""VERIFIED"",""references"":""https://www.ddorn.net/data/Dorn_Thesis_Appendix.pdf#page=6 ; https://data.mendeley.com/datasets/czbvhmzwm3/1""},""adjudication_authority"":""No completed modern adjudication"",""step_2b"":{""file"":""automation_onet_crosswalk_candidates.csv"",""csv_rows"":[153,154,155,156,157,158,159,160,161,162,163],""candidate_statuses"":[""PENDING_REVIEW""],""accepted_as_final"":false}}",Historical label correspondence does not prove OCC1990DD is Wocke canonical taxonomy. Taxonomy only; exposure propagation remains undefined. Outside explicit priority adjudication rules; no completed human decision exists. Step 2B AUTO_EXACT/fuzzy/ambiguous candidates are not promoted to frozen taxonomy mappings.,v1.0
41,Biological scientists,OCC1990DD,78,Biological scientists,,,UNRESOLVED,UNRESOLVED,NOT_ADJUDICATED_MODERN_SCOPE,"{""historical"":{""file"":""source_taxonomy_provenance.csv"",""automation_record_id"":""41"",""verification_status"":""VERIFIED"",""references"":""https://www.ddorn.net/data/Dorn_Thesis_Appendix.pdf#page=6 ; https://data.mendeley.com/datasets/czbvhmzwm3/1""},""adjudication_authority"":""No completed modern adjudication"",""step_2b"":{""file"":""automation_onet_crosswalk_candidates.csv"",""csv_rows"":[164,165,166,167,168],""candidate_statuses"":[""PENDING_REVIEW""],""accepted_as_final"":false}}",Historical label correspondence does not prove OCC1990DD is Wocke canonical taxonomy. Taxonomy only; exposure propagation remains undefined. Outside explicit priority adjudication rules; no completed human decision exists. Step 2B AUTO_EXACT/fuzzy/ambiguous candidates are not promoted to frozen taxonomy mappings.,v1.0
42,Foresters and conservation scientists,OCC1990DD,79,Foresters and conservation scientists,,,UNRESOLVED,UNRESOLVED,NOT_ADJUDICATED_MODERN_SCOPE,"{""historical"":{""file"":""source_taxonomy_provenance.csv"",""automation_record_id"":""42"",""verification_status"":""VERIFIED"",""references"":""https://www.ddorn.net/data/Dorn_Thesis_Appendix.pdf#page=6 ; https://data.mendeley.com/datasets/czbvhmzwm3/1""},""adjudication_authority"":""No completed modern adjudication"",""step_2b"":{""file"":""automation_onet_crosswalk_candidates.csv"",""csv_rows"":[169,170,171,172,173,174],""candidate_statuses"":[""PENDING_REVIEW""],""accepted_as_final"":false}}",Historical label correspondence does not prove OCC1990DD is Wocke canonical taxonomy. Taxonomy only; exposure propagation remains undefined. Outside explicit priority adjudication rules; no completed human decision exists. Step 2B AUTO_EXACT/fuzzy/ambiguous candidates are not promoted to frozen taxonomy mappings.,v1.0
43,Medical scientists,OCC1990DD,83,Medical scientists,,,UNRESOLVED,UNRESOLVED,NOT_ADJUDICATED_MODERN_SCOPE,"{""historical"":{""file"":""source_taxonomy_provenance.csv"",""automation_record_id"":""43"",""verification_status"":""VERIFIED"",""references"":""https://www.ddorn.net/data/Dorn_Thesis_Appendix.pdf#page=6 ; https://data.mendeley.com/datasets/czbvhmzwm3/1""},""adjudication_authority"":""No completed modern adjudication"",""step_2b"":{""file"":""automation_onet_crosswalk_candidates.csv"",""csv_rows"":[175,176,177,178,179],""candidate_statuses"":[""AMBIGUOUS""],""accepted_as_final"":false}}",Historical label correspondence does not prove OCC1990DD is Wocke canonical taxonomy. Taxonomy only; exposure propagation remains undefined. Outside explicit priority adjudication rules; no completed human decision exists. Step 2B AUTO_EXACT/fuzzy/ambiguous candidates are not promoted to frozen taxonomy mappings.,v1.0
44,Physicians,OCC1990DD,84,Physicians,,,UNRESOLVED,UNRESOLVED,NOT_ADJUDICATED_MODERN_SCOPE,"{""historical"":{""file"":""source_taxonomy_provenance.csv"",""automation_record_id"":""44"",""verification_status"":""VERIFIED"",""references"":""https://www.ddorn.net/data/Dorn_Thesis_Appendix.pdf#page=6 ; https://data.mendeley.com/datasets/czbvhmzwm3/1""},""adjudication_authority"":""No completed modern adjudication"",""step_2b"":{""file"":""automation_onet_crosswalk_candidates.csv"",""csv_rows"":[180,181,182,183,184],""candidate_statuses"":[""PENDING_REVIEW""],""accepted_as_final"":false}}",Historical label correspondence does not prove OCC1990DD is Wocke canonical taxonomy. Taxonomy only; exposure propagation remains undefined. Outside explicit priority adjudication rules; no completed human decision exists. Step 2B AUTO_EXACT/fuzzy/ambiguous candidates are not promoted to frozen taxonomy mappings.,v1.0
45,Dentists,OCC1990DD,85,Dentists,,,UNRESOLVED,UNRESOLVED,NOT_ADJUDICATED_MODERN_SCOPE,"{""historical"":{""file"":""source_taxonomy_provenance.csv"",""automation_record_id"":""45"",""verification_status"":""VERIFIED"",""references"":""https://www.ddorn.net/data/Dorn_Thesis_Appendix.pdf#page=6 ; https://data.mendeley.com/datasets/czbvhmzwm3/1""},""adjudication_authority"":""No completed modern adjudication"",""step_2b"":{""file"":""automation_onet_crosswalk_candidates.csv"",""csv_rows"":[185,186,187,188,189],""candidate_statuses"":[""PENDING_REVIEW""],""accepted_as_final"":false}}",Historical label correspondence does not prove OCC1990DD is Wocke canonical taxonomy. Taxonomy only; exposure propagation remains undefined. Outside explicit priority adjudication rules; no completed human decision exists. Step 2B AUTO_EXACT/fuzzy/ambiguous candidates are not promoted to frozen taxonomy mappings.,v1.0
46,Veterinarians,OCC1990DD,86,Veterinarians,,,UNRESOLVED,UNRESOLVED,NOT_ADJUDICATED_MODERN_SCOPE,"{""historical"":{""file"":""source_taxonomy_provenance.csv"",""automation_record_id"":""46"",""verification_status"":""VERIFIED"",""references"":""https://www.ddorn.net/data/Dorn_Thesis_Appendix.pdf#page=6 ; https://data.mendeley.com/datasets/czbvhmzwm3/1""},""adjudication_authority"":""No completed modern adjudication"",""step_2b"":{""file"":""automation_onet_crosswalk_candidates.csv"",""csv_rows"":[190],""candidate_statuses"":[""AUTO_EXACT""],""accepted_as_final"":false}}",Historical label correspondence does not prove OCC1990DD is Wocke canonical taxonomy. Taxonomy only; exposure propagation remains undefined. Outside explicit priority adjudication rules; no completed human decision exists. Step 2B AUTO_EXACT/fuzzy/ambiguous candidates are not promoted to frozen taxonomy mappings.,v1.0
47,Optometrists,OCC1990DD,87,Optometrists,,,UNRESOLVED,UNRESOLVED,NOT_ADJUDICATED_MODERN_SCOPE,"{""historical"":{""file"":""source_taxonomy_provenance.csv"",""automation_record_id"":""47"",""verification_status"":""VERIFIED"",""references"":""https://www.ddorn.net/data/Dorn_Thesis_Appendix.pdf#page=6 ; https://data.mendeley.com/datasets/czbvhmzwm3/1""},""adjudication_authority"":""No completed modern adjudication"",""step_2b"":{""file"":""automation_onet_crosswalk_candidates.csv"",""csv_rows"":[191],""candidate_statuses"":[""AUTO_EXACT""],""accepted_as_final"":false}}",Historical label correspondence does not prove OCC1990DD is Wocke canonical taxonomy. Taxonomy only; exposure propagation remains undefined. Outside explicit priority adjudication rules; no completed human decision exists. Step 2B AUTO_EXACT/fuzzy/ambiguous candidates are not promoted to frozen taxonomy mappings.,v1.0
48,Podiatrists,OCC1990DD,88,Podiatrists,,,UNRESOLVED,UNRESOLVED,NOT_ADJUDICATED_MODERN_SCOPE,"{""historical"":{""file"":""source_taxonomy_provenance.csv"",""automation_record_id"":""48"",""verification_status"":""VERIFIED"",""references"":""https://www.ddorn.net/data/Dorn_Thesis_Appendix.pdf#page=6 ; https://data.mendeley.com/datasets/czbvhmzwm3/1""},""adjudication_authority"":""No completed modern adjudication"",""step_2b"":{""file"":""automation_onet_crosswalk_candidates.csv"",""csv_rows"":[192],""candidate_statuses"":[""AUTO_EXACT""],""accepted_as_final"":false}}",Historical label correspondence does not prove OCC1990DD is Wocke canonical taxonomy. Taxonomy only; exposure propagation remains undefined. Outside explicit priority adjudication rules; no completed human decision exists. Step 2B AUTO_EXACT/fuzzy/ambiguous candidates are not promoted to frozen taxonomy mappings.,v1.0
49,Registered nurses,OCC1990DD,95,Registered nurses,,,UNRESOLVED,UNRESOLVED,NOT_ADJUDICATED_MODERN_SCOPE,"{""historical"":{""file"":""source_taxonomy_provenance.csv"",""automation_record_id"":""49"",""verification_status"":""VERIFIED"",""references"":""https://www.ddorn.net/data/Dorn_Thesis_Appendix.pdf#page=6 ; https://data.mendeley.com/datasets/czbvhmzwm3/1""},""adjudication_authority"":""No completed modern adjudication"",""step_2b"":{""file"":""automation_onet_crosswalk_candidates.csv"",""csv_rows"":[193],""candidate_statuses"":[""AUTO_EXACT""],""accepted_as_final"":false}}",Historical label correspondence does not prove OCC1990DD is Wocke canonical taxonomy. Taxonomy only; exposure propagation remains undefined. Outside explicit priority adjudication rules; no completed human decision exists. Step 2B AUTO_EXACT/fuzzy/ambiguous candidates are not promoted to frozen taxonomy mappings.,v1.0
50,Pharmacists,OCC1990DD,96,Pharmacists,,,UNRESOLVED,UNRESOLVED,NOT_ADJUDICATED_MODERN_SCOPE,"{""historical"":{""file"":""source_taxonomy_provenance.csv"",""automation_record_id"":""50"",""verification_status"":""VERIFIED"",""references"":""https://www.ddorn.net/data/Dorn_Thesis_Appendix.pdf#page=6 ; https://data.mendeley.com/datasets/czbvhmzwm3/1""},""adjudication_authority"":""No completed modern adjudication"",""step_2b"":{""file"":""automation_onet_crosswalk_candidates.csv"",""csv_rows"":[194],""candidate_statuses"":[""AUTO_EXACT""],""accepted_as_final"":false}}",Historical label correspondence does not prove OCC1990DD is Wocke canonical taxonomy. Taxonomy only; exposure propagation remains undefined. Outside explicit priority adjudication rules; no completed human decision exists. Step 2B AUTO_EXACT/fuzzy/ambiguous candidates are not promoted to frozen taxonomy mappings.,v1.0
51,Dieticians and nutritionists,OCC1990DD,97,Dieticians and nutritionists,,,UNRESOLVED,UNRESOLVED,NOT_ADJUDICATED_MODERN_SCOPE,"{""historical"":{""file"":""source_taxonomy_provenance.csv"",""automation_record_id"":""51"",""verification_status"":""VERIFIED"",""references"":""https://www.ddorn.net/data/Dorn_Thesis_Appendix.pdf#page=6 ; https://data.mendeley.com/datasets/czbvhmzwm3/1""},""adjudication_authority"":""No completed modern adjudication"",""step_2b"":{""file"":""automation_onet_crosswalk_candidates.csv"",""csv_rows"":[195,196,197,198,199,200,201,202,203,204,205,206],""candidate_statuses"":[""AMBIGUOUS"",""PENDING_REVIEW""],""accepted_as_final"":false}}",Historical label correspondence does not prove OCC1990DD is Wocke canonical taxonomy. Taxonomy only; exposure propagation remains undefined. Outside explicit priority adjudication rules; no completed human decision exists. Step 2B AUTO_EXACT/fuzzy/ambiguous candidates are not promoted to frozen taxonomy mappings.,v1.0
52,Respiratory therapists,OCC1990DD,98,Respiratory therapists,,,UNRESOLVED,UNRESOLVED,NOT_ADJUDICATED_MODERN_SCOPE,"{""historical"":{""file"":""source_taxonomy_provenance.csv"",""automation_record_id"":""52"",""verification_status"":""VERIFIED"",""references"":""https://www.ddorn.net/data/Dorn_Thesis_Appendix.pdf#page=6 ; https://data.mendeley.com/datasets/czbvhmzwm3/1""},""adjudication_authority"":""No completed modern adjudication"",""step_2b"":{""file"":""automation_onet_crosswalk_candidates.csv"",""csv_rows"":[207],""candidate_statuses"":[""AUTO_EXACT""],""accepted_as_final"":false}}",Historical label correspondence does not prove OCC1990DD is Wocke canonical taxonomy. Taxonomy only; exposure propagation remains undefined. Outside explicit priority adjudication rules; no completed human decision exists. Step 2B AUTO_EXACT/fuzzy/ambiguous candidates are not promoted to frozen taxonomy mappings.,v1.0
53,Occupational therapists,OCC1990DD,99,Occupational therapists,,,UNRESOLVED,UNRESOLVED,NOT_ADJUDICATED_MODERN_SCOPE,"{""historical"":{""file"":""source_taxonomy_provenance.csv"",""automation_record_id"":""53"",""verification_status"":""VERIFIED"",""references"":""https://www.ddorn.net/data/Dorn_Thesis_Appendix.pdf#page=6 ; https://data.mendeley.com/datasets/czbvhmzwm3/1""},""adjudication_authority"":""No completed modern adjudication"",""step_2b"":{""file"":""automation_onet_crosswalk_candidates.csv"",""csv_rows"":[208],""candidate_statuses"":[""AUTO_EXACT""],""accepted_as_final"":false}}",Historical label correspondence does not prove OCC1990DD is Wocke canonical taxonomy. Taxonomy only; exposure propagation remains undefined. Outside explicit priority adjudication rules; no completed human decision exists. Step 2B AUTO_EXACT/fuzzy/ambiguous candidates are not promoted to frozen taxonomy mappings.,v1.0
54,Physical therapists,OCC1990DD,103,Physical therapists,,,UNRESOLVED,UNRESOLVED,NOT_ADJUDICATED_MODERN_SCOPE,"{""historical"":{""file"":""source_taxonomy_provenance.csv"",""automation_record_id"":""54"",""verification_status"":""VERIFIED"",""references"":""https://www.ddorn.net/data/Dorn_Thesis_Appendix.pdf#page=6 ; https://data.mendeley.com/datasets/czbvhmzwm3/1""},""adjudication_authority"":""No completed modern adjudication"",""step_2b"":{""file"":""automation_onet_crosswalk_candidates.csv"",""csv_rows"":[209],""candidate_statuses"":[""AUTO_EXACT""],""accepted_as_final"":false}}",Historical label correspondence does not prove OCC1990DD is Wocke canonical taxonomy. Taxonomy only; exposure propagation remains undefined. Outside explicit priority adjudication rules; no completed human decision exists. Step 2B AUTO_EXACT/fuzzy/ambiguous candidates are not promoted to frozen taxonomy mappings.,v1.0
55,Speech therapists,OCC1990DD,104,Speech therapists,,,UNRESOLVED,UNRESOLVED,NOT_ADJUDICATED_MODERN_SCOPE,"{""historical"":{""file"":""source_taxonomy_provenance.csv"",""automation_record_id"":""55"",""verification_status"":""VERIFIED"",""references"":""https://www.ddorn.net/data/Dorn_Thesis_Appendix.pdf#page=6 ; https://data.mendeley.com/datasets/czbvhmzwm3/1""},""adjudication_authority"":""No completed modern adjudication"",""step_2b"":{""file"":""automation_onet_crosswalk_candidates.csv"",""csv_rows"":[210,211,212,213,214],""candidate_statuses"":[""PENDING_REVIEW""],""accepted_as_final"":false}}",Historical label correspondence does not prove OCC1990DD is Wocke canonical taxonomy. Taxonomy only; exposure propagation remains undefined. Outside explicit priority adjudication rules; no completed human decision exists. Step 2B AUTO_EXACT/fuzzy/ambiguous candidates are not promoted to frozen taxonomy mappings.,v1.0
56,Physicians' assistants,OCC1990DD,106,Physicians' assistants,,,UNRESOLVED,UNRESOLVED,NOT_ADJUDICATED_MODERN_SCOPE,"{""historical"":{""file"":""source_taxonomy_provenance.csv"",""automation_record_id"":""56"",""verification_status"":""VERIFIED"",""references"":""https://www.ddorn.net/data/Dorn_Thesis_Appendix.pdf#page=6 ; https://data.mendeley.com/datasets/czbvhmzwm3/1""},""adjudication_authority"":""No completed modern adjudication"",""step_2b"":{""file"":""automation_onet_crosswalk_candidates.csv"",""csv_rows"":[215,216,217,218,219],""candidate_statuses"":[""PENDING_REVIEW""],""accepted_as_final"":false}}",Historical label correspondence does not prove OCC1990DD is Wocke canonical taxonomy. Taxonomy only; exposure propagation remains undefined. Outside explicit priority adjudication rules; no completed human decision exists. Step 2B AUTO_EXACT/fuzzy/ambiguous candidates are not promoted to frozen taxonomy mappings.,v1.0
57,Kindergarten and earlier school teachers,OCC1990DD,155,Kindergarten and earlier school teachers,25-2012.00,"Kindergarten Teachers, Except Special Education",FROZEN,SOURCE_BROADER_THAN_ONET,STRONG_COMPONENT_EVIDENCE,"{""historical"":{""file"":""source_taxonomy_provenance.csv"",""automation_record_id"":""57"",""verification_status"":""VERIFIED"",""references"":""https://www.ddorn.net/data/Dorn_Thesis_Appendix.pdf#page=6 ; https://data.mendeley.com/datasets/czbvhmzwm3/1""},""adjudication_authority"":""User Step 2F rules"",""official_onet"":{""file"":""Occupation Data.xlsx"",""excel_row"":338,""title"":""Kindergarten Teachers, Except Special Education"",""description"":""Teach academic and social skills to kindergarten students."",""release"":""UNKNOWN""},""step_2d"":[{""file"":""crosswalk_disputed_verification.csv"",""csv_row"":13,""recommendation"":""RECOMMEND_ACCEPT"",""evidence_strength"":""STRONG"",""alternate_title_evidence"":""[{\""column\"":\""Job Title\"",\""title\"":\""Private Kindergarten Teacher\"",\""excel_row\"":12797},{\""column\"":\""Job Title\"",\""title\"":\""Bilingual Kindergarten Teacher\"",\""excel_row\"":12786},{\""column\"":\""Job Title\"",\""title\"":\""Kindergarten Classroom Teacher\"",\""excel_row\"":12792},{\""column\"":\""Job Title\"",\""title\"":\""Title One Kindergarten Teacher\"",\""excel_row\"":12799}]"",""reported_title_evidence"":""[{\""column\"":\""Reported Job Title\"",\""title\"":\""Bilingual Kindergarten Teacher\"",\""excel_row\"":2696},{\""column\"":\""Reported Job Title\"",\""title\"":\""Kindergarten Classroom Teacher\"",\""excel_row\"":2701},{\""column\"":\""Reported Job Title\"",\""title\"":\""Title One Kindergarten Teacher\"",\""excel_row\"":2703},{\""column\"":\""Reported Job Title\"",\""title\"":\""Transitional Kindergarten Teacher\"",\""excel_row\"":2704}]"",""original_evidence_rows"":""[{\""file\"":\""Occupation Data.xlsx\"",\""column\"":\""Title / Description\"",\""excel_row\"":338},{\""file\"":\""Job Titles.xlsx\"",\""column\"":\""Job Title\"",\""excel_row\"":12797},{\""file\"":\""Job Titles.xlsx\"",\""column\"":\""Job Title\"",\""excel_row\"":12786},{\""file\"":\""Job Titles.xlsx\"",\""column\"":\""Job Title\"",\""excel_row\"":12792},{\""file\"":\""Job Titles.xlsx\"",\""column\"":\""Job Title\"",\""excel_row\"":12799},{\""file\"":\""Sample of Reported Titles.xlsx\"",\""column\"":\""Reported Job Title\"",\""excel_row\"":2696},{\""file\"":\""Sample of Reported Titles.xlsx\"",\""column\"":\""Reported Job Title\"",\""excel_row\"":2701},{\""file\"":\""Sample of Reported Titles.xlsx\"",\""column\"":\""Reported Job Title\"",\""excel_row\"":2703},{\""file\"":\""Sample of Reported Titles.xlsx\"",\""column\"":\""Reported Job Title\"",\""excel_row\"":2704}]"",""scope_status"":""SOURCE_SCOPE_NOT_VERIFIED""}],""step_2c"":[{""file"":""crosswalk_review_priority_provenance.csv"",""csv_row"":18,""evidence_quote"":""Teach academic and social skills to kindergarten students."",""provenance"":""{\""review_source_filename\"":\""crosswalk_review_priority.csv\"",\""review_source_csv_row\"":18,\""candidate_origin\"":\""OFFICIAL_REVIEW_DISCOVERY\"",\""origin_filename\"":\""crosswalk_review_priority.csv\"",\""origin_csv_rows\"":[18],\""official_description_excel_row\"":338,\""supporting_titles\"":[{\""filename\"":\""Job Titles.xlsx\"",\""column\"":\""Job Title\"",\""title\"":\""Private Kindergarten Teacher\"",\""quote\"":\""Private Kindergarten Teacher\"",\""excel_rows\"":[12797]},{\""filename\"":\""Job Titles.xlsx\"",\""column\"":\""Job Title\"",\""title\"":\""Bilingual Kindergarten Teacher\"",\""quote\"":\""Bilingual Kindergarten Teacher\"",\""excel_rows\"":[12786]},{\""filename\"":\""Job Titles.xlsx\"",\""column\"":\""Job Title\"",\""title\"":\""Kindergarten Classroom Teacher\"",\""quote\"":\""Kindergarten Classroom Teacher\"",\""excel_rows\"":[12792]},{\""filename\"":\""Sample of Reported Titles.xlsx\"",\""column\"":\""Reported Job Title\"",\""title\"":\""Bilingual Kindergarten Teacher\"",\""quote\"":\""Bilingual Kindergarten Teacher\"",\""excel_rows\"":[2696]},{\""filename\"":\""Sample of Reported Titles.xlsx\"",\""column\"":\""Reported Job Title\"",\""title\"":\""Kindergarten Classroom Teacher\"",\""quote\"":\""Kindergarten Classroom Teacher\"",\""excel_rows\"":[2701]},{\""filename\"":\""Sample of Reported Titles.xlsx\"",\""column\"":\""Reported Job Title\"",\""title\"":\""Title One Kindergarten Teacher\"",\""quote\"":\""Title One Kindergarten Teacher\"",\""excel_rows\"":[2703]}],\""review_context\"":[\""REVIEW PREPARATION ONLY; no approval or rejection\"",\""Kindergarten conceptual part; excludes special education\""],\""limitations\"":[\""Original discovery query, execution timestamp, and discovery log were not recorded; provenance reconstructed from supplied review artifact and validated local official evidence.\""]}""}]}",Historical label correspondence does not prove OCC1990DD is Wocke canonical taxonomy. Taxonomy only; exposure propagation remains undefined. MULTI_SOC: user-adjudicated component relationship; historical label spans multiple narrower modern occupations. Component set is not proof of exhaustive source scope.,v1.0
57,Kindergarten and earlier school teachers,OCC1990DD,155,Kindergarten and earlier school teachers,25-2011.00,"Preschool Teachers, Except Special Education",FROZEN,SOURCE_BROADER_THAN_ONET,STRONG_COMPONENT_EVIDENCE,"{""historical"":{""file"":""source_taxonomy_provenance.csv"",""automation_record_id"":""57"",""verification_status"":""VERIFIED"",""references"":""https://www.ddorn.net/data/Dorn_Thesis_Appendix.pdf#page=6 ; https://data.mendeley.com/datasets/czbvhmzwm3/1""},""adjudication_authority"":""User Step 2F rules"",""official_onet"":{""file"":""Occupation Data.xlsx"",""excel_row"":337,""title"":""Preschool Teachers, Except Special Education"",""description"":""Instruct preschool-aged students, following curricula or lesson plans, in activities designed to promote social, physical, and intellectual growth."",""release"":""UNKNOWN""},""step_2d"":[{""file"":""crosswalk_disputed_verification.csv"",""csv_row"":14,""recommendation"":""RECOMMEND_ACCEPT"",""evidence_strength"":""STRONG"",""alternate_title_evidence"":""[{\""column\"":\""Job Title\"",\""title\"":\""Preschool Teacher\"",\""excel_row\"":12779},{\""column\"":\""Job Title\"",\""title\"":\""Pre-School Teacher\"",\""excel_row\"":12777},{\""column\"":\""Job Title\"",\""title\"":\""After School Teacher\"",\""excel_row\"":12759},{\""column\"":\""Job Title\"",\""title\"":\""Nursery School Teacher\"",\""excel_row\"":12774}]"",""reported_title_evidence"":""[{\""column\"":\""Reported Job Title\"",\""title\"":\""Montessori Preschool Teacher\"",\""excel_row\"":2691},{\""column\"":\""Reported Job Title\"",\""title\"":\""Teacher\"",\""excel_row\"":2694},{\""column\"":\""Reported Job Title\"",\""title\"":\""Group Teacher\"",\""excel_row\"":2689},{\""column\"":\""Reported Job Title\"",\""title\"":\""Infant Teacher\"",\""excel_row\"":2690}]"",""original_evidence_rows"":""[{\""file\"":\""Occupation Data.xlsx\"",\""column\"":\""Title / Description\"",\""excel_row\"":337},{\""file\"":\""Job Titles.xlsx\"",\""column\"":\""Job Title\"",\""excel_row\"":12779},{\""file\"":\""Job Titles.xlsx\"",\""column\"":\""Job Title\"",\""excel_row\"":12777},{\""file\"":\""Job Titles.xlsx\"",\""column\"":\""Job Title\"",\""excel_row\"":12759},{\""file\"":\""Job Titles.xlsx\"",\""column\"":\""Job Title\"",\""excel_row\"":12774},{\""file\"":\""Sample of Reported Titles.xlsx\"",\""column\"":\""Reported Job Title\"",\""excel_row\"":2691},{\""file\"":\""Sample of Reported Titles.xlsx\"",\""column\"":\""Reported Job Title\"",\""excel_row\"":2694},{\""file\"":\""Sample of Reported Titles.xlsx\"",\""column\"":\""Reported Job Title\"",\""excel_row\"":2689},{\""file\"":\""Sample of Reported Titles.xlsx\"",\""column\"":\""Reported Job Title\"",\""excel_row\"":2690}]"",""scope_status"":""SOURCE_SCOPE_NOT_VERIFIED""}],""step_2c"":[{""file"":""crosswalk_review_priority_provenance.csv"",""csv_row"":19,""evidence_quote"":""Instruct preschool-aged students, following curricula or lesson plans, in activities designed to promote social, physical, and intellectual growth."",""provenance"":""{\""review_source_filename\"":\""crosswalk_review_priority.csv\"",\""review_source_csv_row\"":19,\""candidate_origin\"":\""OFFICIAL_REVIEW_DISCOVERY\"",\""origin_filename\"":\""crosswalk_review_priority.csv\"",\""origin_csv_rows\"":[19],\""official_description_excel_row\"":337,\""supporting_titles\"":[{\""filename\"":\""Job Titles.xlsx\"",\""column\"":\""Job Title\"",\""title\"":\""Pre-Kindergarten Teacher (Pre-K Teacher)\"",\""quote\"":\""Pre-Kindergarten Teacher (Pre-K Teacher)\"",\""excel_rows\"":[12776]},{\""filename\"":\""Job Titles.xlsx\"",\""column\"":\""Job Title\"",\""title\"":\""Teacher\"",\""quote\"":\""Teacher\"",\""excel_rows\"":[12782]},{\""filename\"":\""Job Titles.xlsx\"",\""column\"":\""Job Title\"",\""title\"":\""Group Teacher\"",\""quote\"":\""Group Teacher\"",\""excel_rows\"":[12768]},{\""filename\"":\""Sample of Reported Titles.xlsx\"",\""column\"":\""Reported Job Title\"",\""title\"":\""Pre-Kindergarten Teacher (Pre-K Teacher)\"",\""quote\"":\""Pre-Kindergarten Teacher (Pre-K Teacher)\"",\""excel_rows\"":[2693]},{\""filename\"":\""Sample of Reported Titles.xlsx\"",\""column\"":\""Reported Job Title\"",\""title\"":\""Teacher\"",\""quote\"":\""Teacher\"",\""excel_rows\"":[2694]},{\""filename\"":\""Sample of Reported Titles.xlsx\"",\""column\"":\""Reported Job Title\"",\""title\"":\""Group Teacher\"",\""quote\"":\""Group Teacher\"",\""excel_rows\"":[2689]}],\""review_context\"":[\""REVIEW PREPARATION ONLY; no approval or rejection\"",\""Earlier-school conceptual part; preschool scope requires review\""],\""limitations\"":[\""Original discovery query, execution timestamp, and discovery log were not recorded; provenance reconstructed from supplied review artifact and validated local official evidence.\""]}""}]}",Historical label correspondence does not prove OCC1990DD is Wocke canonical taxonomy. Taxonomy only; exposure propagation remains undefined. MULTI_SOC: user-adjudicated component relationship; historical label spans multiple narrower modern occupations. Component set is not proof of exhaustive source scope.,v1.0
58,Primary school teachers,OCC1990DD,156,Primary school teachers,25-2021.00,"Elementary School Teachers, Except Special Education",FROZEN,EQUIVALENT,STRONG_MODERN_EVIDENCE,"{""historical"":{""file"":""source_taxonomy_provenance.csv"",""automation_record_id"":""58"",""verification_status"":""VERIFIED"",""references"":""https://www.ddorn.net/data/Dorn_Thesis_Appendix.pdf#page=6 ; https://data.mendeley.com/datasets/czbvhmzwm3/1""},""adjudication_authority"":""User Step 2F rules"",""official_onet"":{""file"":""Occupation Data.xlsx"",""excel_row"":339,""title"":""Elementary School Teachers, Except Special Education"",""description"":""Teach academic and social skills to students at the elementary school level."",""release"":""UNKNOWN""},""step_2d"":[],""step_2c"":[{""file"":""crosswalk_review_priority_provenance.csv"",""csv_row"":20,""evidence_quote"":""Teach academic and social skills to students at the elementary school level."",""provenance"":""{\""review_source_filename\"":\""crosswalk_review_priority.csv\"",\""review_source_csv_row\"":20,\""candidate_origin\"":\""OFFICIAL_REVIEW_DISCOVERY\"",\""origin_filename\"":\""crosswalk_review_priority.csv\"",\""origin_csv_rows\"":[20],\""official_description_excel_row\"":339,\""supporting_titles\"":[{\""filename\"":\""Job Titles.xlsx\"",\""column\"":\""Job Title\"",\""title\"":\""Primary Teacher\"",\""quote\"":\""Primary Teacher\"",\""excel_rows\"":[12833]},{\""filename\"":\""Job Titles.xlsx\"",\""column\"":\""Job Title\"",\""title\"":\""Teacher\"",\""quote\"":\""Teacher\"",\""excel_rows\"":[12839]},{\""filename\"":\""Job Titles.xlsx\"",\""column\"":\""Job Title\"",\""title\"":\""Educator\"",\""quote\"":\""Educator\"",\""excel_rows\"":[12809]},{\""filename\"":\""Sample of Reported Titles.xlsx\"",\""column\"":\""Reported Job Title\"",\""title\"":\""Primary Teacher\"",\""quote\"":\""Primary Teacher\"",\""excel_rows\"":[2712]},{\""filename\"":\""Sample of Reported Titles.xlsx\"",\""column\"":\""Reported Job Title\"",\""title\"":\""Teacher\"",\""quote\"":\""Teacher\"",\""excel_rows\"":[2714]},{\""filename\"":\""Sample of Reported Titles.xlsx\"",\""column\"":\""Reported Job Title\"",\""title\"":\""Art Teacher\"",\""quote\"":\""Art Teacher\"",\""excel_rows\"":[2705]}],\""review_context\"":[\""REVIEW PREPARATION ONLY; no approval or rejection\"",\""Description supports elementary-level teaching; no Primary School alias found; primary/elementary equivalence requires review\""],\""limitations\"":[\""Original discovery query, execution timestamp, and discovery log were not recorded; provenance reconstructed from supplied review artifact and validated local official evidence.\""]}""}]}",Historical label correspondence does not prove OCC1990DD is Wocke canonical taxonomy. Taxonomy only; exposure propagation remains undefined. Single modern equivalent explicitly adjudicated by user Step 2F rules; official title/description and completed evidence retained.,v1.0
59,Secondary school teachers,OCC1990DD,157,Secondary school teachers,25-2031.00,"Secondary School Teachers, Except Special and Career/Technical Education",FROZEN,EQUIVALENT,STRONG_MODERN_EVIDENCE,"{""historical"":{""file"":""source_taxonomy_provenance.csv"",""automation_record_id"":""59"",""verification_status"":""VERIFIED"",""references"":""https://www.ddorn.net/data/Dorn_Thesis_Appendix.pdf#page=6 ; https://data.mendeley.com/datasets/czbvhmzwm3/1""},""adjudication_authority"":""User Step 2F rules"",""official_onet"":{""file"":""Occupation Data.xlsx"",""excel_row"":342,""title"":""Secondary School Teachers, Except Special and Career/Technical Education"",""description"":""Teach one or more subjects to students at the secondary school level."",""release"":""UNKNOWN""},""step_2d"":[{""file"":""crosswalk_disputed_verification.csv"",""csv_row"":8,""recommendation"":""RECOMMEND_ACCEPT"",""evidence_strength"":""STRONG"",""alternate_title_evidence"":""[{\""column\"":\""Job Title\"",\""title\"":\""Secondary Teacher\"",\""excel_row\"":12999},{\""column\"":\""Job Title\"",\""title\"":\""Secondary History Teacher\"",\""excel_row\"":12997},{\""column\"":\""Job Title\"",\""title\"":\""Secondary Science Teacher\"",\""excel_row\"":12998},{\""column\"":\""Job Title\"",\""title\"":\""Coach\"",\""excel_row\"":12947}]"",""reported_title_evidence"":""[{\""column\"":\""Reported Job Title\"",\""title\"":\""Secondary Teacher\"",\""excel_row\"":2741},{\""column\"":\""Reported Job Title\"",\""title\"":\""Teacher\"",\""excel_row\"":2744},{\""column\"":\""Reported Job Title\"",\""title\"":\""Art Teacher\"",\""excel_row\"":2735},{\""column\"":\""Reported Job Title\"",\""title\"":\""Music Teacher\"",\""excel_row\"":2738}]"",""original_evidence_rows"":""[{\""file\"":\""Occupation Data.xlsx\"",\""column\"":\""Title / Description\"",\""excel_row\"":342},{\""file\"":\""Job Titles.xlsx\"",\""column\"":\""Job Title\"",\""excel_row\"":12999},{\""file\"":\""Job Titles.xlsx\"",\""column\"":\""Job Title\"",\""excel_row\"":12997},{\""file\"":\""Job Titles.xlsx\"",\""column\"":\""Job Title\"",\""excel_row\"":12998},{\""file\"":\""Job Titles.xlsx\"",\""column\"":\""Job Title\"",\""excel_row\"":12947},{\""file\"":\""Sample of Reported Titles.xlsx\"",\""column\"":\""Reported Job Title\"",\""excel_row\"":2741},{\""file\"":\""Sample of Reported Titles.xlsx\"",\""column\"":\""Reported Job Title\"",\""excel_row\"":2744},{\""file\"":\""Sample of Reported Titles.xlsx\"",\""column\"":\""Reported Job Title\"",\""excel_row\"":2735},{\""file\"":\""Sample of Reported Titles.xlsx\"",\""column\"":\""Reported Job Title\"",\""excel_row\"":2738}]"",""scope_status"":""SOURCE_SCOPE_NOT_VERIFIED""}],""step_2c"":[]}",Historical label correspondence does not prove OCC1990DD is Wocke canonical taxonomy. Taxonomy only; exposure propagation remains undefined. Single modern equivalent explicitly adjudicated by user Step 2F rules; official title/description and completed evidence retained.,v1.0
60,Special education teachers,OCC1990DD,158,Special education teachers,25-2051.00,"Special Education Teachers, Preschool",FROZEN,SOURCE_BROADER_THAN_ONET,STRONG_COMPONENT_EVIDENCE,"{""historical"":{""file"":""source_taxonomy_provenance.csv"",""automation_record_id"":""60"",""verification_status"":""VERIFIED"",""references"":""https://www.ddorn.net/data/Dorn_Thesis_Appendix.pdf#page=6 ; https://data.mendeley.com/datasets/czbvhmzwm3/1""},""adjudication_authority"":""User Step 2F rules"",""official_onet"":{""file"":""Occupation Data.xlsx"",""excel_row"":344,""title"":""Special Education Teachers, Preschool"",""description"":""Teach academic, social, and life skills to preschool-aged students with learning, emotional, or physical disabilities. Includes teachers who specialize and work with students who are blind or have visual impairments; students who are deaf or have hearing impairments; and students with intellectual disabilities."",""release"":""UNKNOWN""},""step_2d"":[{""file"":""crosswalk_disputed_verification.csv"",""csv_row"":2,""recommendation"":""RECOMMEND_ACCEPT"",""evidence_strength"":""STRONG"",""alternate_title_evidence"":""[{\""column\"":\""Job Title\"",\""title\"":\""Preschool SPED Teacher (Preschool Special Education Teacher)\"",\""excel_row\"":13125},{\""column\"":\""Job Title\"",\""title\"":\""SPED Preschool Teacher (Special Education Preschool Teacher)\"",\""excel_row\"":13136},{\""column\"":\""Job Title\"",\""title\"":\""Special Education Teacher\"",\""excel_row\"":13133},{\""column\"":\""Job Title\"",\""title\"":\""Special Education Paraprofessional\"",\""excel_row\"":13131}]"",""reported_title_evidence"":""[{\""column\"":\""Reported Job Title\"",\""title\"":\""Preschool SPED Teacher (Preschool Special Education Teacher)\"",\""excel_row\"":2758},{\""column\"":\""Reported Job Title\"",\""title\"":\""SPED Preschool Teacher (Special Education Preschool Teacher)\"",\""excel_row\"":2764},{\""column\"":\""Reported Job Title\"",\""title\"":\""Special Education Teacher\"",\""excel_row\"":2762},{\""column\"":\""Reported Job Title\"",\""title\"":\""Special Education Resource Teacher\"",\""excel_row\"":2761}]"",""original_evidence_rows"":""[{\""file\"":\""Occupation Data.xlsx\"",\""column\"":\""Title / Description\"",\""excel_row\"":344},{\""file\"":\""Job Titles.xlsx\"",\""column\"":\""Job Title\"",\""excel_row\"":13125},{\""file\"":\""Job Titles.xlsx\"",\""column\"":\""Job Title\"",\""excel_row\"":13136},{\""file\"":\""Job Titles.xlsx\"",\""column\"":\""Job Title\"",\""excel_row\"":13133},{\""file\"":\""Job Titles.xlsx\"",\""column\"":\""Job Title\"",\""excel_row\"":13131},{\""file\"":\""Sample of Reported Titles.xlsx\"",\""column\"":\""Reported Job Title\"",\""excel_row\"":2758},{\""file\"":\""Sample of Reported Titles.xlsx\"",\""column\"":\""Reported Job Title\"",\""excel_row\"":2764},{\""file\"":\""Sample of Reported Titles.xlsx\"",\""column\"":\""Reported Job Title\"",\""excel_row\"":2762},{\""file\"":\""Sample of Reported Titles.xlsx\"",\""column\"":\""Reported Job Title\"",\""excel_row\"":2761}]"",""scope_status"":""SOURCE_SCOPE_NOT_VERIFIED""}],""step_2c"":[{""file"":""crosswalk_review_priority_provenance.csv"",""csv_row"":11,""evidence_quote"":""Teach academic, social, and life skills to preschool-aged students with learning, emotional, or physical disabilities. Includes teachers who specialize and work"",""provenance"":""{\""review_source_filename\"":\""crosswalk_review_priority.csv\"",\""review_source_csv_row\"":11,\""candidate_origin\"":\""STEP_2B_CANDIDATE\"",\""origin_filename\"":\""automation_onet_crosswalk_candidates.csv\"",\""origin_csv_rows\"":[224],\""official_description_excel_row\"":344,\""supporting_titles\"":[{\""filename\"":\""Job Titles.xlsx\"",\""column\"":\""Job Title\"",\""title\"":\""Special Education Teacher\"",\""quote\"":\""Special Education Teacher\"",\""excel_rows\"":[13133]},{\""filename\"":\""Job Titles.xlsx\"",\""column\"":\""Job Title\"",\""title\"":\""Special Education Paraprofessional\"",\""quote\"":\""Special Education Paraprofessional\"",\""excel_rows\"":[13131]},{\""filename\"":\""Job Titles.xlsx\"",\""column\"":\""Job Title\"",\""title\"":\""Special Education Resource Teacher\"",\""quote\"":\""Special Education Resource Teacher\"",\""excel_rows\"":[13132]},{\""filename\"":\""Sample of Reported Titles.xlsx\"",\""column\"":\""Reported Job Title\"",\""title\"":\""Special Education Teacher\"",\""quote\"":\""Special Education Teacher\"",\""excel_rows\"":[2762]},{\""filename\"":\""Sample of Reported Titles.xlsx\"",\""column\"":\""Reported Job Title\"",\""title\"":\""Special Education Resource Teacher\"",\""quote\"":\""Special Education Resource Teacher\"",\""excel_rows\"":[2761]},{\""filename\"":\""Sample of Reported Titles.xlsx\"",\""column\"":\""Reported Job Title\"",\""title\"":\""Early Childhood Special Education Teacher (ECSE Teacher)\"",\""quote\"":\""Early Childhood Special Education Teacher (ECSE Teacher)\"",\""excel_rows\"":[2755]}],\""review_context\"":[\""REVIEW PREPARATION ONLY; no approval or rejection\"",\""Step 2B: 2B-v1; candidate only; whole-title lexical candidate\""],\""limitations\"":[]}""}]}",Historical label correspondence does not prove OCC1990DD is Wocke canonical taxonomy. Taxonomy only; exposure propagation remains undefined. MULTI_SOC: user-adjudicated component relationship; historical label spans multiple narrower modern occupations. Component set is not proof of exhaustive source scope.,v1.0
60,Special education teachers,OCC1990DD,158,Special education teachers,25-2055.00,"Special Education Teachers, Kindergarten",FROZEN,SOURCE_BROADER_THAN_ONET,STRONG_COMPONENT_EVIDENCE,"{""historical"":{""file"":""source_taxonomy_provenance.csv"",""automation_record_id"":""60"",""verification_status"":""VERIFIED"",""references"":""https://www.ddorn.net/data/Dorn_Thesis_Appendix.pdf#page=6 ; https://data.mendeley.com/datasets/czbvhmzwm3/1""},""adjudication_authority"":""User Step 2F rules"",""official_onet"":{""file"":""Occupation Data.xlsx"",""excel_row"":345,""title"":""Special Education Teachers, Kindergarten"",""description"":""Teach academic, social, and life skills to kindergarten students with learning, emotional, or physical disabilities. Includes teachers who specialize and work with students who are blind or have visual impairments; students who are deaf or have hearing impairments; and students with intellectual disabilities."",""release"":""UNKNOWN""},""step_2d"":[{""file"":""crosswalk_disputed_verification.csv"",""csv_row"":3,""recommendation"":""RECOMMEND_ACCEPT"",""evidence_strength"":""STRONG"",""alternate_title_evidence"":""[{\""column\"":\""Job Title\"",\""title\"":\""Special Education Kindergarten Teacher\"",\""excel_row\"":13173},{\""column\"":\""Job Title\"",\""title\"":\""Kindergarten SPED Teacher (Kindergarten Special Education Teacher)\"",\""excel_row\"":13155},{\""column\"":\""Job Title\"",\""title\"":\""K-1 SPED Teacher (Kindergarten through First Grade Special Education Teacher)\"",\""excel_row\"":13154},{\""column\"":\""Short Title\"",\""title\"":\""DD Special Education Teacher\"",\""excel_row\"":13145}]"",""reported_title_evidence"":""[{\""column\"":\""Reported Job Title\"",\""title\"":\""Special Education Kindergarten Teacher\"",\""excel_row\"":2772},{\""column\"":\""Reported Job Title\"",\""title\"":\""Kindergarten SPED Teacher (Kindergarten Special Education Teacher)\"",\""excel_row\"":2769},{\""column\"":\""Reported Job Title\"",\""title\"":\""K-1 SPED Teacher (Kindergarten through First Grade Special Education Teacher)\"",\""excel_row\"":2768},{\""column\"":\""Reported Job Title\"",\""title\"":\""Special Education Resource Teacher\"",\""excel_row\"":2773}]"",""original_evidence_rows"":""[{\""file\"":\""Occupation Data.xlsx\"",\""column\"":\""Title / Description\"",\""excel_row\"":345},{\""file\"":\""Job Titles.xlsx\"",\""column\"":\""Job Title\"",\""excel_row\"":13173},{\""file\"":\""Job Titles.xlsx\"",\""column\"":\""Job Title\"",\""excel_row\"":13155},{\""file\"":\""Job Titles.xlsx\"",\""column\"":\""Job Title\"",\""excel_row\"":13154},{\""file\"":\""Job Titles.xlsx\"",\""column\"":\""Short Title\"",\""excel_row\"":13145},{\""file\"":\""Sample of Reported Titles.xlsx\"",\""column\"":\""Reported Job Title\"",\""excel_row\"":2772},{\""file\"":\""Sample of Reported Titles.xlsx\"",\""column\"":\""Reported Job Title\"",\""excel_row\"":2769},{\""file\"":\""Sample of Reported Titles.xlsx\"",\""column\"":\""Reported Job Title\"",\""excel_row\"":2768},{\""file\"":\""Sample of Reported Titles.xlsx\"",\""column\"":\""Reported Job Title\"",\""excel_row\"":2773}]"",""scope_status"":""SOURCE_SCOPE_NOT_VERIFIED""}],""step_2c"":[{""file"":""crosswalk_review_priority_provenance.csv"",""csv_row"":13,""evidence_quote"":""Teach academic, social, and life skills to kindergarten students with learning, emotional, or physical disabilities. Includes teachers who specialize and work w"",""provenance"":""{\""review_source_filename\"":\""crosswalk_review_priority.csv\"",\""review_source_csv_row\"":13,\""candidate_origin\"":\""STEP_2B_CANDIDATE\"",\""origin_filename\"":\""automation_onet_crosswalk_candidates.csv\"",\""origin_csv_rows\"":[226],\""official_description_excel_row\"":345,\""supporting_titles\"":[{\""filename\"":\""Job Titles.xlsx\"",\""column\"":\""Short Title\"",\""title\"":\""DD Special Education Teacher\"",\""quote\"":\""DD Special Education Teacher\"",\""excel_rows\"":[13145]},{\""filename\"":\""Job Titles.xlsx\"",\""column\"":\""Job Title\"",\""title\"":\""Primary Special Education Teacher\"",\""quote\"":\""Primary Special Education Teacher\"",\""excel_rows\"":[13164]},{\""filename\"":\""Job Titles.xlsx\"",\""column\"":\""Job Title\"",\""title\"":\""Special Education Resource Teacher\"",\""quote\"":\""Special Education Resource Teacher\"",\""excel_rows\"":[13174]},{\""filename\"":\""Sample of Reported Titles.xlsx\"",\""column\"":\""Reported Job Title\"",\""title\"":\""Special Education Resource Teacher\"",\""quote\"":\""Special Education Resource Teacher\"",\""excel_rows\"":[2773]},{\""filename\"":\""Sample of Reported Titles.xlsx\"",\""column\"":\""Reported Job Title\"",\""title\"":\""Special Education Inclusion Teacher\"",\""quote\"":\""Special Education Inclusion Teacher\"",\""excel_rows\"":[2771]},{\""filename\"":\""Sample of Reported Titles.xlsx\"",\""column\"":\""Reported Job Title\"",\""title\"":\""Special Education Kindergarten Teacher\"",\""quote\"":\""Special Education Kindergarten Teacher\"",\""excel_rows\"":[2772]}],\""review_context\"":[\""REVIEW PREPARATION ONLY; no approval or rejection\"",\""Step 2B: 2B-v1; candidate only; whole-title lexical candidate\""],\""limitations\"":[]}""}]}",Historical label correspondence does not prove OCC1990DD is Wocke canonical taxonomy. Taxonomy only; exposure propagation remains undefined. MULTI_SOC: user-adjudicated component relationship; historical label spans multiple narrower modern occupations. Component set is not proof of exhaustive source scope.,v1.0
60,Special education teachers,OCC1990DD,158,Special education teachers,25-2056.00,"Special Education Teachers, Elementary School",FROZEN,SOURCE_BROADER_THAN_ONET,STRONG_COMPONENT_EVIDENCE,"{""historical"":{""file"":""source_taxonomy_provenance.csv"",""automation_record_id"":""60"",""verification_status"":""VERIFIED"",""references"":""https://www.ddorn.net/data/Dorn_Thesis_Appendix.pdf#page=6 ; https://data.mendeley.com/datasets/czbvhmzwm3/1""},""adjudication_authority"":""User Step 2F rules"",""official_onet"":{""file"":""Occupation Data.xlsx"",""excel_row"":346,""title"":""Special Education Teachers, Elementary School"",""description"":""Teach academic, social, and life skills to elementary school students with learning, emotional, or physical disabilities. Includes teachers who specialize and work with students who are blind or have visual impairments; students who are deaf or have hearing impairments; and students with intellectual disabilities."",""release"":""UNKNOWN""},""step_2d"":[{""file"":""crosswalk_disputed_verification.csv"",""csv_row"":4,""recommendation"":""RECOMMEND_ACCEPT"",""evidence_strength"":""STRONG"",""alternate_title_evidence"":""[{\""column\"":\""Job Title\"",\""title\"":\""Elementary SPED Teacher (Elementary Special Education Teacher)\"",\""excel_row\"":13191},{\""column\"":\""Job Title\"",\""title\"":\""Elementary School SPED Teacher (Elementary School Special Education Teacher)\"",\""excel_row\"":13190},{\""column\"":\""Short Title\"",\""title\"":\""DD Special Education Teacher\"",\""excel_row\"":13185},{\""column\"":\""Job Title\"",\""title\"":\""Inclusion Special Education Teacher\"",\""excel_row\"":13199}]"",""reported_title_evidence"":""[{\""column\"":\""Reported Job Title\"",\""title\"":\""SPED Teacher (Special Education Teacher)\"",\""excel_row\"":2784},{\""column\"":\""Reported Job Title\"",\""title\"":\""SPED Resource Teacher (Special Education Resource Teacher)\"",\""excel_row\"":2783},{\""column\"":\""Reported Job Title\"",\""title\"":\""SPED Inclusion Teacher (Special Education Inclusion Teacher)\"",\""excel_row\"":2782},{\""column\"":\""Reported Job Title\"",\""title\"":\""Special Educator\"",\""excel_row\"":2781}]"",""original_evidence_rows"":""[{\""file\"":\""Occupation Data.xlsx\"",\""column\"":\""Title / Description\"",\""excel_row\"":346},{\""file\"":\""Job Titles.xlsx\"",\""column\"":\""Job Title\"",\""excel_row\"":13191},{\""file\"":\""Job Titles.xlsx\"",\""column\"":\""Job Title\"",\""excel_row\"":13190},{\""file\"":\""Job Titles.xlsx\"",\""column\"":\""Short Title\"",\""excel_row\"":13185},{\""file\"":\""Job Titles.xlsx\"",\""column\"":\""Job Title\"",\""excel_row\"":13199},{\""file\"":\""Sample of Reported Titles.xlsx\"",\""column\"":\""Reported Job Title\"",\""excel_row\"":2784},{\""file\"":\""Sample of Reported Titles.xlsx\"",\""column\"":\""Reported Job Title\"",\""excel_row\"":2783},{\""file\"":\""Sample of Reported Titles.xlsx\"",\""column\"":\""Reported Job Title\"",\""excel_row\"":2782},{\""file\"":\""Sample of Reported Titles.xlsx\"",\""column\"":\""Reported Job Title\"",\""excel_row\"":2781}]"",""scope_status"":""SOURCE_SCOPE_NOT_VERIFIED""}],""step_2c"":[]}",Historical label correspondence does not prove OCC1990DD is Wocke canonical taxonomy. Taxonomy only; exposure propagation remains undefined. MULTI_SOC: user-adjudicated component relationship; historical label spans multiple narrower modern occupations. Component set is not proof of exhaustive source scope.,v1.0
60,Special education teachers,OCC1990DD,158,Special education teachers,25-2057.00,"Special Education Teachers, Middle School",FROZEN,SOURCE_BROADER_THAN_ONET,STRONG_COMPONENT_EVIDENCE,"{""historical"":{""file"":""source_taxonomy_provenance.csv"",""automation_record_id"":""60"",""verification_status"":""VERIFIED"",""references"":""https://www.ddorn.net/data/Dorn_Thesis_Appendix.pdf#page=6 ; https://data.mendeley.com/datasets/czbvhmzwm3/1""},""adjudication_authority"":""User Step 2F rules"",""official_onet"":{""file"":""Occupation Data.xlsx"",""excel_row"":347,""title"":""Special Education Teachers, Middle School"",""description"":""Teach academic, social, and life skills to middle school students with learning, emotional, or physical disabilities. Includes teachers who specialize and work with students who are blind or have visual impairments; students who are deaf or have hearing impairments; and students with intellectual disabilities."",""release"":""UNKNOWN""},""step_2d"":[{""file"":""crosswalk_disputed_verification.csv"",""csv_row"":5,""recommendation"":""RECOMMEND_ACCEPT"",""evidence_strength"":""STRONG"",""alternate_title_evidence"":""[{\""column\"":\""Job Title\"",\""title\"":\""MS SPED Teacher (Middle School Special Education Teacher)\"",\""excel_row\"":13259},{\""column\"":\""Job Title\"",\""title\"":\""SPED Middle School Teacher (Special Education Middle School Teacher)\"",\""excel_row\"":13274},{\""column\"":\""Job Title\"",\""title\"":\""School SPED Teacher (School Special Education Teacher)\"",\""excel_row\"":13265},{\""column\"":\""Short Title\"",\""title\"":\""SED Middle School Teacher\"",\""excel_row\"":13266}]"",""reported_title_evidence"":""[{\""column\"":\""Reported Job Title\"",\""title\"":\""MS SPED Teacher (Middle School Special Education Teacher)\"",\""excel_row\"":2790},{\""column\"":\""Reported Job Title\"",\""title\"":\""Middle School Resource Teacher\"",\""excel_row\"":2789},{\""column\"":\""Reported Job Title\"",\""title\"":\""SPED Teacher (Special Education Teacher)\"",\""excel_row\"":2794},{\""column\"":\""Reported Job Title\"",\""title\"":\""SPED Resource Teacher (Special Education Resource Teacher)\"",\""excel_row\"":2793}]"",""original_evidence_rows"":""[{\""file\"":\""Occupation Data.xlsx\"",\""column\"":\""Title / Description\"",\""excel_row\"":347},{\""file\"":\""Job Titles.xlsx\"",\""column\"":\""Job Title\"",\""excel_row\"":13259},{\""file\"":\""Job Titles.xlsx\"",\""column\"":\""Job Title\"",\""excel_row\"":13274},{\""file\"":\""Job Titles.xlsx\"",\""column\"":\""Job Title\"",\""excel_row\"":13265},{\""file\"":\""Job Titles.xlsx\"",\""column\"":\""Short Title\"",\""excel_row\"":13266},{\""file\"":\""Sample of Reported Titles.xlsx\"",\""column\"":\""Reported Job Title\"",\""excel_row\"":2790},{\""file\"":\""Sample of Reported Titles.xlsx\"",\""column\"":\""Reported Job Title\"",\""excel_row\"":2789},{\""file\"":\""Sample of Reported Titles.xlsx\"",\""column\"":\""Reported Job Title\"",\""excel_row\"":2794},{\""file\"":\""Sample of Reported Titles.xlsx\"",\""column\"":\""Reported Job Title\"",\""excel_row\"":2793}]"",""scope_status"":""SOURCE_SCOPE_NOT_VERIFIED""}],""step_2c"":[{""file"":""crosswalk_review_priority_provenance.csv"",""csv_row"":14,""evidence_quote"":""Teach academic, social, and life skills to middle school students with learning, emotional, or physical disabilities. Includes teachers who specialize and work "",""provenance"":""{\""review_source_filename\"":\""crosswalk_review_priority.csv\"",\""review_source_csv_row\"":14,\""candidate_origin\"":\""STEP_2B_CANDIDATE\"",\""origin_filename\"":\""automation_onet_crosswalk_candidates.csv\"",\""origin_csv_rows\"":[227],\""official_description_excel_row\"":347,\""supporting_titles\"":[{\""filename\"":\""Job Titles.xlsx\"",\""column\"":\""Job Title\"",\""title\"":\""SPED Teacher (Special Education Teacher)\"",\""quote\"":\""SPED Teacher (Special Education Teacher)\"",\""excel_rows\"":[13276]},{\""filename\"":\""Job Titles.xlsx\"",\""column\"":\""Job Title\"",\""title\"":\""School SPED Teacher (School Special Education Teacher)\"",\""quote\"":\""School SPED Teacher (School Special Education Teacher)\"",\""excel_rows\"":[13265]},{\""filename\"":\""Job Titles.xlsx\"",\""column\"":\""Job Title\"",\""title\"":\""MS SPED Teacher (Middle School Special Education Teacher)\"",\""quote\"":\""MS SPED Teacher (Middle School Special Education Teacher)\"",\""excel_rows\"":[13259]},{\""filename\"":\""Sample of Reported Titles.xlsx\"",\""column\"":\""Reported Job Title\"",\""title\"":\""SPED Teacher (Special Education Teacher)\"",\""quote\"":\""SPED Teacher (Special Education Teacher)\"",\""excel_rows\"":[2794]},{\""filename\"":\""Sample of Reported Titles.xlsx\"",\""column\"":\""Reported Job Title\"",\""title\"":\""MS SPED Teacher (Middle School Special Education Teacher)\"",\""quote\"":\""MS SPED Teacher (Middle School Special Education Teacher)\"",\""excel_rows\"":[2790]},{\""filename\"":\""Sample of Reported Titles.xlsx\"",\""column\"":\""Reported Job Title\"",\""title\"":\""SPED Resource Teacher (Special Education Resource Teacher)\"",\""quote\"":\""SPED Resource Teacher (Special Education Resource Teacher)\"",\""excel_rows\"":[2793]}],\""review_context\"":[\""REVIEW PREPARATION ONLY; no approval or rejection\"",\""Step 2B: 2B-v1; candidate only; whole-title lexical candidate\""],\""limitations\"":[]}""}]}",Historical label correspondence does not prove OCC1990DD is Wocke canonical taxonomy. Taxonomy only; exposure propagation remains undefined. MULTI_SOC: user-adjudicated component relationship; historical label spans multiple narrower modern occupations. Component set is not proof of exhaustive source scope.,v1.0
60,Special education teachers,OCC1990DD,158,Special education teachers,25-2058.00,"Special Education Teachers, Secondary School",FROZEN,SOURCE_BROADER_THAN_ONET,STRONG_COMPONENT_EVIDENCE,"{""historical"":{""file"":""source_taxonomy_provenance.csv"",""automation_record_id"":""60"",""verification_status"":""VERIFIED"",""references"":""https://www.ddorn.net/data/Dorn_Thesis_Appendix.pdf#page=6 ; https://data.mendeley.com/datasets/czbvhmzwm3/1""},""adjudication_authority"":""User Step 2F rules"",""official_onet"":{""file"":""Occupation Data.xlsx"",""excel_row"":348,""title"":""Special Education Teachers, Secondary School"",""description"":""Teach academic, social, and life skills to secondary school students with learning, emotional, or physical disabilities. Includes teachers who specialize and work with students who are blind or have visual impairments; students who are deaf or have hearing impairments; and students with intellectual disabilities."",""release"":""UNKNOWN""},""step_2d"":[{""file"":""crosswalk_disputed_verification.csv"",""csv_row"":6,""recommendation"":""RECOMMEND_ACCEPT"",""evidence_strength"":""STRONG"",""alternate_title_evidence"":""[{\""column\"":\""Job Title\"",\""title\"":\""Secondary SPED Teacher (Secondary Special Education Teacher)\"",\""excel_row\"":13313},{\""column\"":\""Job Title\"",\""title\"":\""Secondary School SPED Teacher (Secondary School Special Education Teacher)\"",\""excel_row\"":13312},{\""column\"":\""Short Title\"",\""title\"":\""LD Special Education Teacher\"",\""excel_row\"":13296},{\""column\"":\""Job Title\"",\""title\"":\""SPED Teacher (Special Education Teacher)\"",\""excel_row\"":13325}]"",""reported_title_evidence"":""[{\""column\"":\""Reported Job Title\"",\""title\"":\""SPED Teacher (Special Education Teacher)\"",\""excel_row\"":2804},{\""column\"":\""Reported Job Title\"",\""title\"":\""HS SPED Teacher (High School Special Education Teacher)\"",\""excel_row\"":2799},{\""column\"":\""Reported Job Title\"",\""title\"":\""SPED Resource Teacher (Special Education Resource Teacher)\"",\""excel_row\"":2803},{\""column\"":\""Reported Job Title\"",\""title\"":\""Emotional Disability Special Education Teacher (ED SPED Teacher)\"",\""excel_row\"":2796}]"",""original_evidence_rows"":""[{\""file\"":\""Occupation Data.xlsx\"",\""column\"":\""Title / Description\"",\""excel_row\"":348},{\""file\"":\""Job Titles.xlsx\"",\""column\"":\""Job Title\"",\""excel_row\"":13313},{\""file\"":\""Job Titles.xlsx\"",\""column\"":\""Job Title\"",\""excel_row\"":13312},{\""file\"":\""Job Titles.xlsx\"",\""column\"":\""Short Title\"",\""excel_row\"":13296},{\""file\"":\""Job Titles.xlsx\"",\""column\"":\""Job Title\"",\""excel_row\"":13325},{\""file\"":\""Sample of Reported Titles.xlsx\"",\""column\"":\""Reported Job Title\"",\""excel_row\"":2804},{\""file\"":\""Sample of Reported Titles.xlsx\"",\""column\"":\""Reported Job Title\"",\""excel_row\"":2799},{\""file\"":\""Sample of Reported Titles.xlsx\"",\""column\"":\""Reported Job Title\"",\""excel_row\"":2803},{\""file\"":\""Sample of Reported Titles.xlsx\"",\""column\"":\""Reported Job Title\"",\""excel_row\"":2796}]"",""scope_status"":""SOURCE_SCOPE_NOT_VERIFIED""}],""step_2c"":[{""file"":""crosswalk_review_priority_provenance.csv"",""csv_row"":15,""evidence_quote"":""Teach academic, social, and life skills to secondary school students with learning, emotional, or physical disabilities. Includes teachers who specialize and wo"",""provenance"":""{\""review_source_filename\"":\""crosswalk_review_priority.csv\"",\""review_source_csv_row\"":15,\""candidate_origin\"":\""STEP_2B_CANDIDATE\"",\""origin_filename\"":\""automation_onet_crosswalk_candidates.csv\"",\""origin_csv_rows\"":[228],\""official_description_excel_row\"":348,\""supporting_titles\"":[{\""filename\"":\""Job Titles.xlsx\"",\""column\"":\""Short Title\"",\""title\"":\""LD Special Education Teacher\"",\""quote\"":\""LD Special Education Teacher\"",\""excel_rows\"":[13296]},{\""filename\"":\""Job Titles.xlsx\"",\""column\"":\""Job Title\"",\""title\"":\""SPED Teacher (Special Education Teacher)\"",\""quote\"":\""SPED Teacher (Special Education Teacher)\"",\""excel_rows\"":[13325]},{\""filename\"":\""Job Titles.xlsx\"",\""column\"":\""Job Title\"",\""title\"":\""SPED Instructor (Special Education Instructor)\"",\""quote\"":\""SPED Instructor (Special Education Instructor)\"",\""excel_rows\"":[13321]},{\""filename\"":\""Sample of Reported Titles.xlsx\"",\""column\"":\""Reported Job Title\"",\""title\"":\""SPED Teacher (Special Education Teacher)\"",\""quote\"":\""SPED Teacher (Special Education Teacher)\"",\""excel_rows\"":[2804]},{\""filename\"":\""Sample of Reported Titles.xlsx\"",\""column\"":\""Reported Job Title\"",\""title\"":\""HS SPED Teacher (High School Special Education Teacher)\"",\""quote\"":\""HS SPED Teacher (High School Special Education Teacher)\"",\""excel_rows\"":[2799]},{\""filename\"":\""Sample of Reported Titles.xlsx\"",\""column\"":\""Reported Job Title\"",\""title\"":\""SPED Resource Teacher (Special Education Resource Teacher)\"",\""quote\"":\""SPED Resource Teacher (Special Education Resource Teacher)\"",\""excel_rows\"":[2803]}],\""review_context\"":[\""REVIEW PREPARATION ONLY; no approval or rejection\"",\""Step 2B: 2B-v1; candidate only; whole-title lexical candidate\""],\""limitations\"":[]}""}]}",Historical label correspondence does not prove OCC1990DD is Wocke canonical taxonomy. Taxonomy only; exposure propagation remains undefined. MULTI_SOC: user-adjudicated component relationship; historical label spans multiple narrower modern occupations. Component set is not proof of exhaustive source scope.,v1.0
60,Special education teachers,OCC1990DD,158,Special education teachers,25-2059.00,"Special Education Teachers, All Other",HELD_OUT,HELD_OUT_PENDING_SCOPE,MODERATE,"{""historical"":{""file"":""source_taxonomy_provenance.csv"",""automation_record_id"":""60"",""verification_status"":""VERIFIED"",""references"":""https://www.ddorn.net/data/Dorn_Thesis_Appendix.pdf#page=6 ; https://data.mendeley.com/datasets/czbvhmzwm3/1""},""adjudication_authority"":""User Step 2F rules"",""official_onet"":{""file"":""Occupation Data.xlsx"",""excel_row"":349,""title"":""Special Education Teachers, All Other"",""description"":""All special education teachers not listed separately."",""release"":""UNKNOWN""},""step_2d"":[{""file"":""crosswalk_disputed_verification.csv"",""csv_row"":7,""recommendation"":""POSSIBLE"",""evidence_strength"":""MODERATE"",""alternate_title_evidence"":""[{\""column\"":\""Job Title\"",\""title\"":\""Special Education Teacher\"",\""excel_row\"":13331},{\""column\"":\""Job Title\"",\""title\"":\""Special Education Preschool Teacher\"",\""excel_row\"":13330},{\""column\"":\""Job Title\"",\""title\"":\""Special Education Teacher for Adults with Disabilities\"",\""excel_row\"":13332},{\""column\"":\""Job Title\"",\""title\"":\""Autism Tutor\"",\""excel_row\"":13329}]"",""reported_title_evidence"":""[]"",""original_evidence_rows"":""[{\""file\"":\""Occupation Data.xlsx\"",\""column\"":\""Title / Description\"",\""excel_row\"":349},{\""file\"":\""Job Titles.xlsx\"",\""column\"":\""Job Title\"",\""excel_row\"":13331},{\""file\"":\""Job Titles.xlsx\"",\""column\"":\""Job Title\"",\""excel_row\"":13330},{\""file\"":\""Job Titles.xlsx\"",\""column\"":\""Job Title\"",\""excel_row\"":13332},{\""file\"":\""Job Titles.xlsx\"",\""column\"":\""Job Title\"",\""excel_row\"":13329}]"",""scope_status"":""SOURCE_SCOPE_NOT_VERIFIED""}],""step_2c"":[{""file"":""crosswalk_review_priority_provenance.csv"",""csv_row"":12,""evidence_quote"":""All special education teachers not listed separately."",""provenance"":""{\""review_source_filename\"":\""crosswalk_review_priority.csv\"",\""review_source_csv_row\"":12,\""candidate_origin\"":\""STEP_2B_CANDIDATE\"",\""origin_filename\"":\""automation_onet_crosswalk_candidates.csv\"",\""origin_csv_rows\"":[225],\""official_description_excel_row\"":349,\""supporting_titles\"":[{\""filename\"":\""Job Titles.xlsx\"",\""column\"":\""Job Title\"",\""title\"":\""Special Education Teacher\"",\""quote\"":\""Special Education Teacher\"",\""excel_rows\"":[13331]},{\""filename\"":\""Job Titles.xlsx\"",\""column\"":\""Job Title\"",\""title\"":\""Special Education Preschool Teacher\"",\""quote\"":\""Special Education Preschool Teacher\"",\""excel_rows\"":[13330]},{\""filename\"":\""Job Titles.xlsx\"",\""column\"":\""Job Title\"",\""title\"":\""Special Education Teacher for Adults with Disabilities\"",\""quote\"":\""Special Education Teacher for Adults with Disabilities\"",\""excel_rows\"":[13332]}],\""review_context\"":[\""REVIEW PREPARATION ONLY; no approval or rejection\"",\""Step 2B: 2B-v1; candidate only; whole-title lexical candidate\""],\""limitations\"":[]}""}]}",Historical label correspondence does not prove OCC1990DD is Wocke canonical taxonomy. Taxonomy only; exposure propagation remains undefined. Explicitly excluded from frozen v1 by user; source inclusion/scope awaits resolution.,v1.0
61,"Teachers, n.e.c.",OCC1990DD,159,"Teachers, n.e.c.",,,RESIDUAL_UNMAPPED,RESIDUAL_UNMAPPED,NOT_ADJUDICATED_MODERN_SCOPE,"{""historical"":{""file"":""source_taxonomy_provenance.csv"",""automation_record_id"":""61"",""verification_status"":""VERIFIED"",""references"":""https://www.ddorn.net/data/Dorn_Thesis_Appendix.pdf#page=6 ; https://data.mendeley.com/datasets/czbvhmzwm3/1""},""adjudication_authority"":""User Step 2F rules"",""step_2b"":{""file"":""automation_onet_crosswalk_candidates.csv"",""csv_rows"":[229],""candidate_statuses"":[""PENDING_REVIEW""],""accepted_as_final"":false}}",Historical label correspondence does not prove OCC1990DD is Wocke canonical taxonomy. Taxonomy only; exposure propagation remains undefined. User explicitly retains residual n.e.c. source category without a modern mapping.,v1.0
62,Vocational and educational counselors,OCC1990DD,163,Vocational and educational counselors,,,UNRESOLVED,UNRESOLVED,NOT_ADJUDICATED_MODERN_SCOPE,"{""historical"":{""file"":""source_taxonomy_provenance.csv"",""automation_record_id"":""62"",""verification_status"":""VERIFIED"",""references"":""https://www.ddorn.net/data/Dorn_Thesis_Appendix.pdf#page=6 ; https://data.mendeley.com/datasets/czbvhmzwm3/1""},""adjudication_authority"":""No completed modern adjudication"",""step_2b"":{""file"":""automation_onet_crosswalk_candidates.csv"",""csv_rows"":[230,231,232,233,234],""candidate_statuses"":[""PENDING_REVIEW""],""accepted_as_final"":false}}",Historical label correspondence does not prove OCC1990DD is Wocke canonical taxonomy. Taxonomy only; exposure propagation remains undefined. Outside explicit priority adjudication rules; no completed human decision exists. Step 2B AUTO_EXACT/fuzzy/ambiguous candidates are not promoted to frozen taxonomy mappings.,v1.0
63,Librarians,OCC1990DD,164,Librarians,,,UNRESOLVED,UNRESOLVED,NOT_ADJUDICATED_MODERN_SCOPE,"{""historical"":{""file"":""source_taxonomy_provenance.csv"",""automation_record_id"":""63"",""verification_status"":""VERIFIED"",""references"":""https://www.ddorn.net/data/Dorn_Thesis_Appendix.pdf#page=6 ; https://data.mendeley.com/datasets/czbvhmzwm3/1""},""adjudication_authority"":""No completed modern adjudication"",""step_2b"":{""file"":""automation_onet_crosswalk_candidates.csv"",""csv_rows"":[235,236,237,238],""candidate_statuses"":[""PENDING_REVIEW""],""accepted_as_final"":false}}",Historical label correspondence does not prove OCC1990DD is Wocke canonical taxonomy. Taxonomy only; exposure propagation remains undefined. Outside explicit priority adjudication rules; no completed human decision exists. Step 2B AUTO_EXACT/fuzzy/ambiguous candidates are not promoted to frozen taxonomy mappings.,v1.0
64,Archivists and curators,OCC1990DD,165,Archivists and curators,,,UNRESOLVED,UNRESOLVED,NOT_ADJUDICATED_MODERN_SCOPE,"{""historical"":{""file"":""source_taxonomy_provenance.csv"",""automation_record_id"":""64"",""verification_status"":""VERIFIED"",""references"":""https://www.ddorn.net/data/Dorn_Thesis_Appendix.pdf#page=6 ; https://data.mendeley.com/datasets/czbvhmzwm3/1""},""adjudication_authority"":""No completed modern adjudication"",""step_2b"":{""file"":""automation_onet_crosswalk_candidates.csv"",""csv_rows"":[239,240,241,242,243,244,245],""candidate_statuses"":[""AMBIGUOUS"",""PENDING_REVIEW""],""accepted_as_final"":false}}",Historical label correspondence does not prove OCC1990DD is Wocke canonical taxonomy. Taxonomy only; exposure propagation remains undefined. Outside explicit priority adjudication rules; no completed human decision exists. Step 2B AUTO_EXACT/fuzzy/ambiguous candidates are not promoted to frozen taxonomy mappings.,v1.0
65,"Economists, market and survey researchers",OCC1990DD,166,"Economists, market and survey researchers",,,UNRESOLVED,UNRESOLVED,NOT_ADJUDICATED_MODERN_SCOPE,"{""historical"":{""file"":""source_taxonomy_provenance.csv"",""automation_record_id"":""65"",""verification_status"":""VERIFIED"",""references"":""https://www.ddorn.net/data/Dorn_Thesis_Appendix.pdf#page=6 ; https://data.mendeley.com/datasets/czbvhmzwm3/1""},""adjudication_authority"":""No completed modern adjudication"",""step_2b"":{""file"":""automation_onet_crosswalk_candidates.csv"",""csv_rows"":[246,247,248],""candidate_statuses"":[""PENDING_REVIEW""],""accepted_as_final"":false}}",Historical label correspondence does not prove OCC1990DD is Wocke canonical taxonomy. Taxonomy only; exposure propagation remains undefined. Outside explicit priority adjudication rules; no completed human decision exists. Step 2B AUTO_EXACT/fuzzy/ambiguous candidates are not promoted to frozen taxonomy mappings.,v1.0
66,Psychologists,OCC1990DD,167,Psychologists,,,UNRESOLVED,UNRESOLVED,NOT_ADJUDICATED_MODERN_SCOPE,"{""historical"":{""file"":""source_taxonomy_provenance.csv"",""automation_record_id"":""66"",""verification_status"":""VERIFIED"",""references"":""https://www.ddorn.net/data/Dorn_Thesis_Appendix.pdf#page=6 ; https://data.mendeley.com/datasets/czbvhmzwm3/1""},""adjudication_authority"":""No completed modern adjudication"",""step_2b"":{""file"":""automation_onet_crosswalk_candidates.csv"",""csv_rows"":[249,250,251,252,253],""candidate_statuses"":[""PENDING_REVIEW""],""accepted_as_final"":false}}",Historical label correspondence does not prove OCC1990DD is Wocke canonical taxonomy. Taxonomy only; exposure propagation remains undefined. Outside explicit priority adjudication rules; no completed human decision exists. Step 2B AUTO_EXACT/fuzzy/ambiguous candidates are not promoted to frozen taxonomy mappings.,v1.0
67,"Social scientists and sociologists, n.e.c.",OCC1990DD,169,"Social scientists and sociologists, n.e.c.",,,UNRESOLVED,UNRESOLVED,NOT_ADJUDICATED_MODERN_SCOPE,"{""historical"":{""file"":""source_taxonomy_provenance.csv"",""automation_record_id"":""67"",""verification_status"":""VERIFIED"",""references"":""https://www.ddorn.net/data/Dorn_Thesis_Appendix.pdf#page=6 ; https://data.mendeley.com/datasets/czbvhmzwm3/1""},""adjudication_authority"":""No completed modern adjudication"",""step_2b"":{""file"":""automation_onet_crosswalk_candidates.csv"",""csv_rows"":[254,255,256,257,258,259,260,261,262,263,264],""candidate_statuses"":[""PENDING_REVIEW""],""accepted_as_final"":false}}",Historical label correspondence does not prove OCC1990DD is Wocke canonical taxonomy. Taxonomy only; exposure propagation remains undefined. Outside explicit priority adjudication rules; no completed human decision exists. Step 2B AUTO_EXACT/fuzzy/ambiguous candidates are not promoted to frozen taxonomy mappings.,v1.0
68,Urban and regional planners,OCC1990DD,173,Urban and regional planners,,,UNRESOLVED,UNRESOLVED,NOT_ADJUDICATED_MODERN_SCOPE,"{""historical"":{""file"":""source_taxonomy_provenance.csv"",""automation_record_id"":""68"",""verification_status"":""VERIFIED"",""references"":""https://www.ddorn.net/data/Dorn_Thesis_Appendix.pdf#page=6 ; https://data.mendeley.com/datasets/czbvhmzwm3/1""},""adjudication_authority"":""No completed modern adjudication"",""step_2b"":{""file"":""automation_onet_crosswalk_candidates.csv"",""csv_rows"":[265],""candidate_statuses"":[""AUTO_EXACT""],""accepted_as_final"":false}}",Historical label correspondence does not prove OCC1990DD is Wocke canonical taxonomy. Taxonomy only; exposure propagation remains undefined. Outside explicit priority adjudication rules; no completed human decision exists. Step 2B AUTO_EXACT/fuzzy/ambiguous candidates are not promoted to frozen taxonomy mappings.,v1.0
69,Social workers,OCC1990DD,174,Social workers,,,UNRESOLVED,UNRESOLVED,NOT_ADJUDICATED_MODERN_SCOPE,"{""historical"":{""file"":""source_taxonomy_provenance.csv"",""automation_record_id"":""69"",""verification_status"":""VERIFIED"",""references"":""https://www.ddorn.net/data/Dorn_Thesis_Appendix.pdf#page=6 ; https://data.mendeley.com/datasets/czbvhmzwm3/1""},""adjudication_authority"":""No completed modern adjudication"",""step_2b"":{""file"":""automation_onet_crosswalk_candidates.csv"",""csv_rows"":[266,267,268,269,270],""candidate_statuses"":[""PENDING_REVIEW""],""accepted_as_final"":false}}",Historical label correspondence does not prove OCC1990DD is Wocke canonical taxonomy. Taxonomy only; exposure propagation remains undefined. Outside explicit priority adjudication rules; no completed human decision exists. Step 2B AUTO_EXACT/fuzzy/ambiguous candidates are not promoted to frozen taxonomy mappings.,v1.0
70,Clergy and religious workers,OCC1990DD,176,Clergy and religious workers,,,UNRESOLVED,UNRESOLVED,NOT_ADJUDICATED_MODERN_SCOPE,"{""historical"":{""file"":""source_taxonomy_provenance.csv"",""automation_record_id"":""70"",""verification_status"":""VERIFIED"",""references"":""https://www.ddorn.net/data/Dorn_Thesis_Appendix.pdf#page=6 ; https://data.mendeley.com/datasets/czbvhmzwm3/1""},""adjudication_authority"":""No completed modern adjudication"",""step_2b"":{""file"":""automation_onet_crosswalk_candidates.csv"",""csv_rows"":[271,272,273,274,275,276,277,278],""candidate_statuses"":[""PENDING_REVIEW""],""accepted_as_final"":false}}",Historical label correspondence does not prove OCC1990DD is Wocke canonical taxonomy. Taxonomy only; exposure propagation remains undefined. Outside explicit priority adjudication rules; no completed human decision exists. Step 2B AUTO_EXACT/fuzzy/ambiguous candidates are not promoted to frozen taxonomy mappings.,v1.0
71,Welfare service workers,OCC1990DD,177,Welfare service workers,,,UNRESOLVED,UNRESOLVED,NOT_ADJUDICATED_MODERN_SCOPE,"{""historical"":{""file"":""source_taxonomy_provenance.csv"",""automation_record_id"":""71"",""verification_status"":""VERIFIED"",""references"":""https://www.ddorn.net/data/Dorn_Thesis_Appendix.pdf#page=6 ; https://data.mendeley.com/datasets/czbvhmzwm3/1""},""adjudication_authority"":""No completed modern adjudication"",""step_2b"":{""file"":""automation_onet_crosswalk_candidates.csv"",""csv_rows"":[279,280,281,282,283],""candidate_statuses"":[""PENDING_REVIEW""],""accepted_as_final"":false}}",Historical label correspondence does not prove OCC1990DD is Wocke canonical taxonomy. Taxonomy only; exposure propagation remains undefined. Outside explicit priority adjudication rules; no completed human decision exists. Step 2B AUTO_EXACT/fuzzy/ambiguous candidates are not promoted to frozen taxonomy mappings.,v1.0
72,Lawyers and judges,OCC1990DD,178,Lawyers and judges,23-1011.00,Lawyers,FROZEN,SOURCE_BROADER_THAN_ONET,STRONG_COMPONENT_EVIDENCE,"{""historical"":{""file"":""source_taxonomy_provenance.csv"",""automation_record_id"":""72"",""verification_status"":""VERIFIED"",""references"":""https://www.ddorn.net/data/Dorn_Thesis_Appendix.pdf#page=6 ; https://data.mendeley.com/datasets/czbvhmzwm3/1""},""adjudication_authority"":""User Step 2F rules"",""official_onet"":{""file"":""Occupation Data.xlsx"",""excel_row"":292,""title"":""Lawyers"",""description"":""Represent clients in criminal and civil litigation and other legal proceedings, draw up legal documents, or manage or advise clients on legal transactions. May specialize in a single area or may practice broadly in many areas of law."",""release"":""UNKNOWN""},""step_2d"":[{""file"":""crosswalk_disputed_verification.csv"",""csv_row"":53,""recommendation"":""RECOMMEND_ACCEPT"",""evidence_strength"":""STRONG"",""alternate_title_evidence"":""[{\""column\"":\""Job Title\"",\""title\"":\""Lawyer\"",\""excel_row\"":10980},{\""column\"":\""Job Title\"",\""title\"":\""Counsel\"",\""excel_row\"":10945},{\""column\"":\""Job Title\"",\""title\"":\""Attorney\"",\""excel_row\"":10924},{\""column\"":\""Job Title\"",\""title\"":\""Barrister\"",\""excel_row\"":10927}]"",""reported_title_evidence"":""[{\""column\"":\""Reported Job Title\"",\""title\"":\""Lawyer\"",\""excel_row\"":2275},{\""column\"":\""Reported Job Title\"",\""title\"":\""Counsel\"",\""excel_row\"":2271},{\""column\"":\""Reported Job Title\"",\""title\"":\""Attorney\"",\""excel_row\"":2268},{\""column\"":\""Reported Job Title\"",\""title\"":\""Prosecutor\"",\""excel_row\"":2277}]"",""original_evidence_rows"":""[{\""file\"":\""Occupation Data.xlsx\"",\""column\"":\""Title / Description\"",\""excel_row\"":292},{\""file\"":\""Job Titles.xlsx\"",\""column\"":\""Job Title\"",\""excel_row\"":10980},{\""file\"":\""Job Titles.xlsx\"",\""column\"":\""Job Title\"",\""excel_row\"":10945},{\""file\"":\""Job Titles.xlsx\"",\""column\"":\""Job Title\"",\""excel_row\"":10924},{\""file\"":\""Job Titles.xlsx\"",\""column\"":\""Job Title\"",\""excel_row\"":10927},{\""file\"":\""Sample of Reported Titles.xlsx\"",\""column\"":\""Reported Job Title\"",\""excel_row\"":2275},{\""file\"":\""Sample of Reported Titles.xlsx\"",\""column\"":\""Reported Job Title\"",\""excel_row\"":2271},{\""file\"":\""Sample of Reported Titles.xlsx\"",\""column\"":\""Reported Job Title\"",\""excel_row\"":2268},{\""file\"":\""Sample of Reported Titles.xlsx\"",\""column\"":\""Reported Job Title\"",\""excel_row\"":2277}]"",""scope_status"":""SOURCE_SCOPE_NOT_VERIFIED""}],""step_2c"":[{""file"":""crosswalk_review_priority_provenance.csv"",""csv_row"":49,""evidence_quote"":""Represent clients in criminal and civil litigation and other legal proceedings, draw up legal documents, or manage or advise clients on legal transactions. May "",""provenance"":""{\""review_source_filename\"":\""crosswalk_review_priority.csv\"",\""review_source_csv_row\"":49,\""candidate_origin\"":\""STEP_2B_CANDIDATE\"",\""origin_filename\"":\""automation_onet_crosswalk_candidates.csv\"",\""origin_csv_rows\"":[284],\""official_description_excel_row\"":292,\""supporting_titles\"":[{\""filename\"":\""Job Titles.xlsx\"",\""column\"":\""Job Title\"",\""title\"":\""Lawyer\"",\""quote\"":\""Lawyer\"",\""excel_rows\"":[10980]},{\""filename\"":\""Job Titles.xlsx\"",\""column\"":\""Job Title\"",\""title\"":\""Counsel\"",\""quote\"":\""Counsel\"",\""excel_rows\"":[10945]},{\""filename\"":\""Job Titles.xlsx\"",\""column\"":\""Job Title\"",\""title\"":\""Attorney\"",\""quote\"":\""Attorney\"",\""excel_rows\"":[10924]},{\""filename\"":\""Sample of Reported Titles.xlsx\"",\""column\"":\""Reported Job Title\"",\""title\"":\""Lawyer\"",\""quote\"":\""Lawyer\"",\""excel_rows\"":[2275]},{\""filename\"":\""Sample of Reported Titles.xlsx\"",\""column\"":\""Reported Job Title\"",\""title\"":\""Counsel\"",\""quote\"":\""Counsel\"",\""excel_rows\"":[2271]},{\""filename\"":\""Sample of Reported Titles.xlsx\"",\""column\"":\""Reported Job Title\"",\""title\"":\""Attorney\"",\""quote\"":\""Attorney\"",\""excel_rows\"":[2268]}],\""review_context\"":[\""REVIEW PREPARATION ONLY; no approval or rejection\"",\""Step 2B: 2B-v1; candidate only; fragment='Lawyers'; shared qualifiers not reconstructed\""],\""limitations\"":[]}""}]}",Historical label correspondence does not prove OCC1990DD is Wocke canonical taxonomy. Taxonomy only; exposure propagation remains undefined. MULTI_SOC: user-adjudicated component relationship; historical label spans multiple narrower modern occupations. Component set is not proof of exhaustive source scope.,v1.0
72,Lawyers and judges,OCC1990DD,178,Lawyers and judges,23-1023.00,"Judges, Magistrate Judges, and Magistrates",FROZEN,SOURCE_BROADER_THAN_ONET,STRONG_COMPONENT_EVIDENCE,"{""historical"":{""file"":""source_taxonomy_provenance.csv"",""automation_record_id"":""72"",""verification_status"":""VERIFIED"",""references"":""https://www.ddorn.net/data/Dorn_Thesis_Appendix.pdf#page=6 ; https://data.mendeley.com/datasets/czbvhmzwm3/1""},""adjudication_authority"":""User Step 2F rules"",""official_onet"":{""file"":""Occupation Data.xlsx"",""excel_row"":296,""title"":""Judges, Magistrate Judges, and Magistrates"",""description"":""Arbitrate, advise, adjudicate, or administer justice in a court of law. May sentence defendant in criminal cases according to government statutes or sentencing guidelines. May determine liability of defendant in civil cases. May perform wedding ceremonies."",""release"":""UNKNOWN""},""step_2d"":[{""file"":""crosswalk_disputed_verification.csv"",""csv_row"":54,""recommendation"":""RECOMMEND_ACCEPT"",""evidence_strength"":""STRONG"",""alternate_title_evidence"":""[{\""column\"":\""Job Title\"",\""title\"":\""Trial Court Judge\"",\""excel_row\"":11131},{\""column\"":\""Job Title\"",\""title\"":\""County Court Judge\"",\""excel_row\"":11101},{\""column\"":\""Job Title\"",\""title\"":\""Circuit Court Judge\"",\""excel_row\"":11099},{\""column\"":\""Job Title\"",\""title\"":\""Criminal Court Judge\"",\""excel_row\"":11104}]"",""reported_title_evidence"":""[{\""column\"":\""Reported Job Title\"",\""title\"":\""Circuit Court Judge\"",\""excel_row\"":2308},{\""column\"":\""Reported Job Title\"",\""title\"":\""District Court Judge\"",\""excel_row\"":2312},{\""column\"":\""Reported Job Title\"",\""title\"":\""Superior Court Judge\"",\""excel_row\"":2317},{\""column\"":\""Reported Job Title\"",\""title\"":\""Court of Appeals Judge\"",\""excel_row\"":2311}]"",""original_evidence_rows"":""[{\""file\"":\""Occupation Data.xlsx\"",\""column\"":\""Title / Description\"",\""excel_row\"":296},{\""file\"":\""Job Titles.xlsx\"",\""column\"":\""Job Title\"",\""excel_row\"":11131},{\""file\"":\""Job Titles.xlsx\"",\""column\"":\""Job Title\"",\""excel_row\"":11101},{\""file\"":\""Job Titles.xlsx\"",\""column\"":\""Job Title\"",\""excel_row\"":11099},{\""file\"":\""Job Titles.xlsx\"",\""column\"":\""Job Title\"",\""excel_row\"":11104},{\""file\"":\""Sample of Reported Titles.xlsx\"",\""column\"":\""Reported Job Title\"",\""excel_row\"":2308},{\""file\"":\""Sample of Reported Titles.xlsx\"",\""column\"":\""Reported Job Title\"",\""excel_row\"":2312},{\""file\"":\""Sample of Reported Titles.xlsx\"",\""column\"":\""Reported Job Title\"",\""excel_row\"":2317},{\""file\"":\""Sample of Reported Titles.xlsx\"",\""column\"":\""Reported Job Title\"",\""excel_row\"":2311}]"",""scope_status"":""SOURCE_SCOPE_NOT_VERIFIED""}],""step_2c"":[{""file"":""crosswalk_review_priority_provenance.csv"",""csv_row"":50,""evidence_quote"":""Arbitrate, advise, adjudicate, or administer justice in a court of law. May sentence defendant in criminal cases according to government statutes or sentencing "",""provenance"":""{\""review_source_filename\"":\""crosswalk_review_priority.csv\"",\""review_source_csv_row\"":50,\""candidate_origin\"":\""OFFICIAL_REVIEW_DISCOVERY\"",\""origin_filename\"":\""crosswalk_review_priority.csv\"",\""origin_csv_rows\"":[50],\""official_description_excel_row\"":296,\""supporting_titles\"":[{\""filename\"":\""Job Titles.xlsx\"",\""column\"":\""Job Title\"",\""title\"":\""Judge\"",\""quote\"":\""Judge\"",\""excel_rows\"":[11111]},{\""filename\"":\""Job Titles.xlsx\"",\""column\"":\""Job Title\"",\""title\"":\""Jurist\"",\""quote\"":\""Jurist\"",\""excel_rows\"":[11112]},{\""filename\"":\""Job Titles.xlsx\"",\""column\"":\""Job Title\"",\""title\"":\""Justice\"",\""quote\"":\""Justice\"",\""excel_rows\"":[11113]},{\""filename\"":\""Sample of Reported Titles.xlsx\"",\""column\"":\""Reported Job Title\"",\""title\"":\""Judge\"",\""quote\"":\""Judge\"",\""excel_rows\"":[2313]},{\""filename\"":\""Sample of Reported Titles.xlsx\"",\""column\"":\""Reported Job Title\"",\""title\"":\""Magistrate\"",\""quote\"":\""Magistrate\"",\""excel_rows\"":[2316]},{\""filename\"":\""Sample of Reported Titles.xlsx\"",\""column\"":\""Reported Job Title\"",\""title\"":\""County Judge\"",\""quote\"":\""County Judge\"",\""excel_rows\"":[2310]}],\""review_context\"":[\""REVIEW PREPARATION ONLY; no approval or rejection\"",\""Judges conceptual part; official Judge alias\""],\""limitations\"":[\""Original discovery query, execution timestamp, and discovery log were not recorded; provenance reconstructed from supplied review artifact and validated local official evidence.\""]}""}]}",Historical label correspondence does not prove OCC1990DD is Wocke canonical taxonomy. Taxonomy only; exposure propagation remains undefined. MULTI_SOC: user-adjudicated component relationship; historical label spans multiple narrower modern occupations. Component set is not proof of exhaustive source scope.,v1.0
72,Lawyers and judges,OCC1990DD,178,Lawyers and judges,23-1021.00,"Administrative Law Judges, Adjudicators, and Hearing Officers",HELD_OUT,HELD_OUT_PENDING_SCOPE,MODERATE,"{""historical"":{""file"":""source_taxonomy_provenance.csv"",""automation_record_id"":""72"",""verification_status"":""VERIFIED"",""references"":""https://www.ddorn.net/data/Dorn_Thesis_Appendix.pdf#page=6 ; https://data.mendeley.com/datasets/czbvhmzwm3/1""},""adjudication_authority"":""User Step 2F rules"",""official_onet"":{""file"":""Occupation Data.xlsx"",""excel_row"":294,""title"":""Administrative Law Judges, Adjudicators, and Hearing Officers"",""description"":""Conduct hearings to recommend or make decisions on claims concerning government programs or other government-related matters. Determine liability, sanctions, or penalties, or recommend the acceptance or rejection of claims or settlements."",""release"":""UNKNOWN""},""step_2d"":[{""file"":""crosswalk_disputed_verification.csv"",""csv_row"":55,""recommendation"":""POSSIBLE"",""evidence_strength"":""MODERATE"",""alternate_title_evidence"":""[{\""column\"":\""Job Title\"",\""title\"":\""Administrative Law Judge\"",\""excel_row\"":11046},{\""column\"":\""Job Title\"",\""title\"":\""Administrative Judge\"",\""excel_row\"":11045},{\""column\"":\""Job Title\"",\""title\"":\""Administrative Hearing Officer\"",\""excel_row\"":11043},{\""column\"":\""Job Title\"",\""title\"":\""Administrative Hearings Officer\"",\""excel_row\"":11044}]"",""reported_title_evidence"":""[{\""column\"":\""Reported Job Title\"",\""title\"":\""Administrative Law Judge\"",\""excel_row\"":2292},{\""column\"":\""Reported Job Title\"",\""title\"":\""Administrative Judge\"",\""excel_row\"":2291},{\""column\"":\""Reported Job Title\"",\""title\"":\""Administrative Hearings Officer\"",\""excel_row\"":2290},{\""column\"":\""Reported Job Title\"",\""title\"":\""Adjudicator\"",\""excel_row\"":2289}]"",""original_evidence_rows"":""[{\""file\"":\""Occupation Data.xlsx\"",\""column\"":\""Title / Description\"",\""excel_row\"":294},{\""file\"":\""Job Titles.xlsx\"",\""column\"":\""Job Title\"",\""excel_row\"":11046},{\""file\"":\""Job Titles.xlsx\"",\""column\"":\""Job Title\"",\""excel_row\"":11045},{\""file\"":\""Job Titles.xlsx\"",\""column\"":\""Job Title\"",\""excel_row\"":11043},{\""file\"":\""Job Titles.xlsx\"",\""column\"":\""Job Title\"",\""excel_row\"":11044},{\""file\"":\""Sample of Reported Titles.xlsx\"",\""column\"":\""Reported Job Title\"",\""excel_row\"":2292},{\""file\"":\""Sample of Reported Titles.xlsx\"",\""column\"":\""Reported Job Title\"",\""excel_row\"":2291},{\""file\"":\""Sample of Reported Titles.xlsx\"",\""column\"":\""Reported Job Title\"",\""excel_row\"":2290},{\""file\"":\""Sample of Reported Titles.xlsx\"",\""column\"":\""Reported Job Title\"",\""excel_row\"":2289}]"",""scope_status"":""SOURCE_SCOPE_NOT_VERIFIED""}],""step_2c"":[{""file"":""crosswalk_review_priority_provenance.csv"",""csv_row"":51,""evidence_quote"":""Conduct hearings to recommend or make decisions on claims concerning government programs or other government-related matters. Determine liability, sanctions, or"",""provenance"":""{\""review_source_filename\"":\""crosswalk_review_priority.csv\"",\""review_source_csv_row\"":51,\""candidate_origin\"":\""OFFICIAL_REVIEW_DISCOVERY\"",\""origin_filename\"":\""crosswalk_review_priority.csv\"",\""origin_csv_rows\"":[51],\""official_description_excel_row\"":294,\""supporting_titles\"":[{\""filename\"":\""Job Titles.xlsx\"",\""column\"":\""Job Title\"",\""title\"":\""Adjudicator\"",\""quote\"":\""Adjudicator\"",\""excel_rows\"":[11042]},{\""filename\"":\""Job Titles.xlsx\"",\""column\"":\""Job Title\"",\""title\"":\""Appeals Officer\"",\""quote\"":\""Appeals Officer\"",\""excel_rows\"":[11048]},{\""filename\"":\""Job Titles.xlsx\"",\""column\"":\""Job Title\"",\""title\"":\""Appeals Referee\"",\""quote\"":\""Appeals Referee\"",\""excel_rows\"":[11049]},{\""filename\"":\""Sample of Reported Titles.xlsx\"",\""column\"":\""Reported Job Title\"",\""title\"":\""Adjudicator\"",\""quote\"":\""Adjudicator\"",\""excel_rows\"":[2289]},{\""filename\"":\""Sample of Reported Titles.xlsx\"",\""column\"":\""Reported Job Title\"",\""title\"":\""Appeals Referee\"",\""quote\"":\""Appeals Referee\"",\""excel_rows\"":[2294]},{\""filename\"":\""Sample of Reported Titles.xlsx\"",\""column\"":\""Reported Job Title\"",\""title\"":\""Appeals Examiner\"",\""quote\"":\""Appeals Examiner\"",\""excel_rows\"":[2293]}],\""review_context\"":[\""REVIEW PREPARATION ONLY; no approval or rejection\"",\""Judges conceptual part; administrative adjudication scope requires review\""],\""limitations\"":[\""Original discovery query, execution timestamp, and discovery log were not recorded; provenance reconstructed from supplied review artifact and validated local official evidence.\""]}""}]}",Historical label correspondence does not prove OCC1990DD is Wocke canonical taxonomy. Taxonomy only; exposure propagation remains undefined. Explicitly excluded from frozen v1 by user; source inclusion/scope awaits resolution.,v1.0
73,Writers and authors,OCC1990DD,183,Writers and authors,,,UNRESOLVED,UNRESOLVED,NOT_ADJUDICATED_MODERN_SCOPE,"{""historical"":{""file"":""source_taxonomy_provenance.csv"",""automation_record_id"":""73"",""verification_status"":""VERIFIED"",""references"":""https://www.ddorn.net/data/Dorn_Thesis_Appendix.pdf#page=6 ; https://data.mendeley.com/datasets/czbvhmzwm3/1""},""adjudication_authority"":""No completed modern adjudication"",""step_2b"":{""file"":""automation_onet_crosswalk_candidates.csv"",""csv_rows"":[285],""candidate_statuses"":[""AUTO_EXACT""],""accepted_as_final"":false}}",Historical label correspondence does not prove OCC1990DD is Wocke canonical taxonomy. Taxonomy only; exposure propagation remains undefined. Outside explicit priority adjudication rules; no completed human decision exists. Step 2B AUTO_EXACT/fuzzy/ambiguous candidates are not promoted to frozen taxonomy mappings.,v1.0
74,Technical writers,OCC1990DD,184,Technical writers,,,UNRESOLVED,UNRESOLVED,NOT_ADJUDICATED_MODERN_SCOPE,"{""historical"":{""file"":""source_taxonomy_provenance.csv"",""automation_record_id"":""74"",""verification_status"":""VERIFIED"",""references"":""https://www.ddorn.net/data/Dorn_Thesis_Appendix.pdf#page=6 ; https://data.mendeley.com/datasets/czbvhmzwm3/1""},""adjudication_authority"":""No completed modern adjudication"",""step_2b"":{""file"":""automation_onet_crosswalk_candidates.csv"",""csv_rows"":[286],""candidate_statuses"":[""AUTO_EXACT""],""accepted_as_final"":false}}",Historical label correspondence does not prove OCC1990DD is Wocke canonical taxonomy. Taxonomy only; exposure propagation remains undefined. Outside explicit priority adjudication rules; no completed human decision exists. Step 2B AUTO_EXACT/fuzzy/ambiguous candidates are not promoted to frozen taxonomy mappings.,v1.0
75,Designers,OCC1990DD,185,Designers,,,UNRESOLVED,UNRESOLVED,NOT_ADJUDICATED_MODERN_SCOPE,"{""historical"":{""file"":""source_taxonomy_provenance.csv"",""automation_record_id"":""75"",""verification_status"":""VERIFIED"",""references"":""https://www.ddorn.net/data/Dorn_Thesis_Appendix.pdf#page=7 ; https://data.mendeley.com/datasets/czbvhmzwm3/1""},""adjudication_authority"":""User Step 2F rules"",""step_2b"":{""file"":""automation_onet_crosswalk_candidates.csv"",""csv_rows"":[287,288,289,290,291],""candidate_statuses"":[""PENDING_REVIEW""],""accepted_as_final"":false}}",Historical label correspondence does not prove OCC1990DD is Wocke canonical taxonomy. Taxonomy only; exposure propagation remains undefined. User explicitly marks broad designer category UNRESOLVED; specialty boundaries remain insufficiently established.,v1.0
76,Musicians and composers,OCC1990DD,186,Musicians and composers,,,UNRESOLVED,UNRESOLVED,NOT_ADJUDICATED_MODERN_SCOPE,"{""historical"":{""file"":""source_taxonomy_provenance.csv"",""automation_record_id"":""76"",""verification_status"":""VERIFIED"",""references"":""https://www.ddorn.net/data/Dorn_Thesis_Appendix.pdf#page=7 ; https://data.mendeley.com/datasets/czbvhmzwm3/1""},""adjudication_authority"":""No completed modern adjudication"",""step_2b"":{""file"":""automation_onet_crosswalk_candidates.csv"",""csv_rows"":[292,293,294,295,296,297,298,299,300,301,302],""candidate_statuses"":[""PENDING_REVIEW""],""accepted_as_final"":false}}",Historical label correspondence does not prove OCC1990DD is Wocke canonical taxonomy. Taxonomy only; exposure propagation remains undefined. Outside explicit priority adjudication rules; no completed human decision exists. Step 2B AUTO_EXACT/fuzzy/ambiguous candidates are not promoted to frozen taxonomy mappings.,v1.0
77,"Actors, directors, and producers",OCC1990DD,187,"Actors, directors, and producers",,,UNRESOLVED,UNRESOLVED,NOT_ADJUDICATED_MODERN_SCOPE,"{""historical"":{""file"":""source_taxonomy_provenance.csv"",""automation_record_id"":""77"",""verification_status"":""VERIFIED"",""references"":""https://www.ddorn.net/data/Dorn_Thesis_Appendix.pdf#page=7 ; https://data.mendeley.com/datasets/czbvhmzwm3/1""},""adjudication_authority"":""No completed modern adjudication"",""step_2b"":{""file"":""automation_onet_crosswalk_candidates.csv"",""csv_rows"":[303,304,305,306,307,308,309,310,311,312,313,314],""candidate_statuses"":[""AMBIGUOUS"",""PENDING_REVIEW""],""accepted_as_final"":false}}",Historical label correspondence does not prove OCC1990DD is Wocke canonical taxonomy. Taxonomy only; exposure propagation remains undefined. Outside explicit priority adjudication rules; no completed human decision exists. Step 2B AUTO_EXACT/fuzzy/ambiguous candidates are not promoted to frozen taxonomy mappings.,v1.0
78,"Painters, sculptors, craft-artists, and print-makers",OCC1990DD,188,"Painters, sculptors, craft-artists, and print-makers",,,UNRESOLVED,UNRESOLVED,NOT_ADJUDICATED_MODERN_SCOPE,"{""historical"":{""file"":""source_taxonomy_provenance.csv"",""automation_record_id"":""78"",""verification_status"":""VERIFIED"",""references"":""https://www.ddorn.net/data/Dorn_Thesis_Appendix.pdf#page=7 ; https://data.mendeley.com/datasets/czbvhmzwm3/1""},""adjudication_authority"":""No completed modern adjudication"",""step_2b"":{""file"":""automation_onet_crosswalk_candidates.csv"",""csv_rows"":[315,316,317,318,319,320,321,322,323,324,325,326,327,328,329],""candidate_statuses"":[""AMBIGUOUS"",""PENDING_REVIEW""],""accepted_as_final"":false}}",Historical label correspondence does not prove OCC1990DD is Wocke canonical taxonomy. Taxonomy only; exposure propagation remains undefined. Outside explicit priority adjudication rules; no completed human decision exists. Step 2B AUTO_EXACT/fuzzy/ambiguous candidates are not promoted to frozen taxonomy mappings.,v1.0
79,Photographers,OCC1990DD,189,Photographers,,,UNRESOLVED,UNRESOLVED,NOT_ADJUDICATED_MODERN_SCOPE,"{""historical"":{""file"":""source_taxonomy_provenance.csv"",""automation_record_id"":""79"",""verification_status"":""VERIFIED"",""references"":""https://www.ddorn.net/data/Dorn_Thesis_Appendix.pdf#page=7 ; https://data.mendeley.com/datasets/czbvhmzwm3/1""},""adjudication_authority"":""No completed modern adjudication"",""step_2b"":{""file"":""automation_onet_crosswalk_candidates.csv"",""csv_rows"":[330],""candidate_statuses"":[""AUTO_EXACT""],""accepted_as_final"":false}}",Historical label correspondence does not prove OCC1990DD is Wocke canonical taxonomy. Taxonomy only; exposure propagation remains undefined. Outside explicit priority adjudication rules; no completed human decision exists. Step 2B AUTO_EXACT/fuzzy/ambiguous candidates are not promoted to frozen taxonomy mappings.,v1.0
80,Dancers,OCC1990DD,193,Dancers,,,UNRESOLVED,UNRESOLVED,NOT_ADJUDICATED_MODERN_SCOPE,"{""historical"":{""file"":""source_taxonomy_provenance.csv"",""automation_record_id"":""80"",""verification_status"":""VERIFIED"",""references"":""https://www.ddorn.net/data/Dorn_Thesis_Appendix.pdf#page=7 ; https://data.mendeley.com/datasets/czbvhmzwm3/1""},""adjudication_authority"":""No completed modern adjudication"",""step_2b"":{""file"":""automation_onet_crosswalk_candidates.csv"",""csv_rows"":[331],""candidate_statuses"":[""AUTO_EXACT""],""accepted_as_final"":false}}",Historical label correspondence does not prove OCC1990DD is Wocke canonical taxonomy. Taxonomy only; exposure propagation remains undefined. Outside explicit priority adjudication rules; no completed human decision exists. Step 2B AUTO_EXACT/fuzzy/ambiguous candidates are not promoted to frozen taxonomy mappings.,v1.0
81,Editors and reporters,OCC1990DD,195,Editors and reporters,,,UNRESOLVED,UNRESOLVED,NOT_ADJUDICATED_MODERN_SCOPE,"{""historical"":{""file"":""source_taxonomy_provenance.csv"",""automation_record_id"":""81"",""verification_status"":""VERIFIED"",""references"":""https://www.ddorn.net/data/Dorn_Thesis_Appendix.pdf#page=7 ; https://data.mendeley.com/datasets/czbvhmzwm3/1""},""adjudication_authority"":""No completed modern adjudication"",""step_2b"":{""file"":""automation_onet_crosswalk_candidates.csv"",""csv_rows"":[332,333,334,335,336,337,338,339,340,341],""candidate_statuses"":[""PENDING_REVIEW""],""accepted_as_final"":false}}",Historical label correspondence does not prove OCC1990DD is Wocke canonical taxonomy. Taxonomy only; exposure propagation remains undefined. Outside explicit priority adjudication rules; no completed human decision exists. Step 2B AUTO_EXACT/fuzzy/ambiguous candidates are not promoted to frozen taxonomy mappings.,v1.0
82,Announcers,OCC1990DD,198,Announcers,,,UNRESOLVED,UNRESOLVED,NOT_ADJUDICATED_MODERN_SCOPE,"{""historical"":{""file"":""source_taxonomy_provenance.csv"",""automation_record_id"":""82"",""verification_status"":""VERIFIED"",""references"":""https://www.ddorn.net/data/Dorn_Thesis_Appendix.pdf#page=7 ; https://data.mendeley.com/datasets/czbvhmzwm3/1""},""adjudication_authority"":""No completed modern adjudication"",""step_2b"":{""file"":""automation_onet_crosswalk_candidates.csv"",""csv_rows"":[342,343,344],""candidate_statuses"":[""PENDING_REVIEW""],""accepted_as_final"":false}}",Historical label correspondence does not prove OCC1990DD is Wocke canonical taxonomy. Taxonomy only; exposure propagation remains undefined. Outside explicit priority adjudication rules; no completed human decision exists. Step 2B AUTO_EXACT/fuzzy/ambiguous candidates are not promoted to frozen taxonomy mappings.,v1.0
83,"Athletes, sports instructors, and officials",OCC1990DD,199,"Athletes, sports instructors, and officials",,,UNRESOLVED,UNRESOLVED,NOT_ADJUDICATED_MODERN_SCOPE,"{""historical"":{""file"":""source_taxonomy_provenance.csv"",""automation_record_id"":""83"",""verification_status"":""VERIFIED"",""references"":""https://www.ddorn.net/data/Dorn_Thesis_Appendix.pdf#page=7 ; https://data.mendeley.com/datasets/czbvhmzwm3/1""},""adjudication_authority"":""No completed modern adjudication"",""step_2b"":{""file"":""automation_onet_crosswalk_candidates.csv"",""csv_rows"":[345,346,347],""candidate_statuses"":[""PENDING_REVIEW""],""accepted_as_final"":false}}",Historical label correspondence does not prove OCC1990DD is Wocke canonical taxonomy. Taxonomy only; exposure propagation remains undefined. Outside explicit priority adjudication rules; no completed human decision exists. Step 2B AUTO_EXACT/fuzzy/ambiguous candidates are not promoted to frozen taxonomy mappings.,v1.0
84,Clinical laboratory technologies and technicians,OCC1990DD,203,Clinical laboratory technologies and technicians,,,UNRESOLVED,UNRESOLVED,NOT_ADJUDICATED_MODERN_SCOPE,"{""historical"":{""file"":""source_taxonomy_provenance.csv"",""automation_record_id"":""84"",""verification_status"":""VERIFIED"",""references"":""https://www.ddorn.net/data/Dorn_Thesis_Appendix.pdf#page=7 ; https://data.mendeley.com/datasets/czbvhmzwm3/1""},""adjudication_authority"":""No completed modern adjudication"",""step_2b"":{""file"":""automation_onet_crosswalk_candidates.csv"",""csv_rows"":[348,349,350,351,352,353,354,355,356,357,358,359,360,361],""candidate_statuses"":[""AMBIGUOUS"",""PENDING_REVIEW""],""accepted_as_final"":false}}",Historical label correspondence does not prove OCC1990DD is Wocke canonical taxonomy. Taxonomy only; exposure propagation remains undefined. Outside explicit priority adjudication rules; no completed human decision exists. Step 2B AUTO_EXACT/fuzzy/ambiguous candidates are not promoted to frozen taxonomy mappings.,v1.0
85,Dental hygienists,OCC1990DD,204,Dental hygienists,,,UNRESOLVED,UNRESOLVED,NOT_ADJUDICATED_MODERN_SCOPE,"{""historical"":{""file"":""source_taxonomy_provenance.csv"",""automation_record_id"":""85"",""verification_status"":""VERIFIED"",""references"":""https://www.ddorn.net/data/Dorn_Thesis_Appendix.pdf#page=7 ; https://data.mendeley.com/datasets/czbvhmzwm3/1""},""adjudication_authority"":""No completed modern adjudication"",""step_2b"":{""file"":""automation_onet_crosswalk_candidates.csv"",""csv_rows"":[362],""candidate_statuses"":[""AUTO_EXACT""],""accepted_as_final"":false}}",Historical label correspondence does not prove OCC1990DD is Wocke canonical taxonomy. Taxonomy only; exposure propagation remains undefined. Outside explicit priority adjudication rules; no completed human decision exists. Step 2B AUTO_EXACT/fuzzy/ambiguous candidates are not promoted to frozen taxonomy mappings.,v1.0
86,Health record technologists and technicians,OCC1990DD,205,Health record technologists and technicians,,,UNRESOLVED,UNRESOLVED,NOT_ADJUDICATED_MODERN_SCOPE,"{""historical"":{""file"":""source_taxonomy_provenance.csv"",""automation_record_id"":""86"",""verification_status"":""VERIFIED"",""references"":""https://www.ddorn.net/data/Dorn_Thesis_Appendix.pdf#page=7 ; https://data.mendeley.com/datasets/czbvhmzwm3/1""},""adjudication_authority"":""No completed modern adjudication"",""step_2b"":{""file"":""automation_onet_crosswalk_candidates.csv"",""csv_rows"":[363,364,365,366,367,368,369,370,371,372,373,374,375,376,377],""candidate_statuses"":[""AMBIGUOUS"",""PENDING_REVIEW""],""accepted_as_final"":false}}",Historical label correspondence does not prove OCC1990DD is Wocke canonical taxonomy. Taxonomy only; exposure propagation remains undefined. Outside explicit priority adjudication rules; no completed human decision exists. Step 2B AUTO_EXACT/fuzzy/ambiguous candidates are not promoted to frozen taxonomy mappings.,v1.0
87,Radiologic technologists and technicians,OCC1990DD,206,Radiologic technologists and technicians,,,UNRESOLVED,UNRESOLVED,NOT_ADJUDICATED_MODERN_SCOPE,"{""historical"":{""file"":""source_taxonomy_provenance.csv"",""automation_record_id"":""87"",""verification_status"":""VERIFIED"",""references"":""https://www.ddorn.net/data/Dorn_Thesis_Appendix.pdf#page=7 ; https://data.mendeley.com/datasets/czbvhmzwm3/1""},""adjudication_authority"":""No completed modern adjudication"",""step_2b"":{""file"":""automation_onet_crosswalk_candidates.csv"",""csv_rows"":[378],""candidate_statuses"":[""AUTO_EXACT""],""accepted_as_final"":false}}",Historical label correspondence does not prove OCC1990DD is Wocke canonical taxonomy. Taxonomy only; exposure propagation remains undefined. Outside explicit priority adjudication rules; no completed human decision exists. Step 2B AUTO_EXACT/fuzzy/ambiguous candidates are not promoted to frozen taxonomy mappings.,v1.0
88,Licensed practical nurses,OCC1990DD,207,Licensed practical nurses,,,UNRESOLVED,UNRESOLVED,NOT_ADJUDICATED_MODERN_SCOPE,"{""historical"":{""file"":""source_taxonomy_provenance.csv"",""automation_record_id"":""88"",""verification_status"":""VERIFIED"",""references"":""https://www.ddorn.net/data/Dorn_Thesis_Appendix.pdf#page=7 ; https://data.mendeley.com/datasets/czbvhmzwm3/1""},""adjudication_authority"":""No completed modern adjudication"",""step_2b"":{""file"":""automation_onet_crosswalk_candidates.csv"",""csv_rows"":[379,380],""candidate_statuses"":[""PENDING_REVIEW""],""accepted_as_final"":false}}",Historical label correspondence does not prove OCC1990DD is Wocke canonical taxonomy. Taxonomy only; exposure propagation remains undefined. Outside explicit priority adjudication rules; no completed human decision exists. Step 2B AUTO_EXACT/fuzzy/ambiguous candidates are not promoted to frozen taxonomy mappings.,v1.0
89,"Health technologists and technicians, n.e.c.",OCC1990DD,208,"Health technologists and technicians, n.e.c.",,,UNRESOLVED,UNRESOLVED,NOT_ADJUDICATED_MODERN_SCOPE,"{""historical"":{""file"":""source_taxonomy_provenance.csv"",""automation_record_id"":""89"",""verification_status"":""VERIFIED"",""references"":""https://www.ddorn.net/data/Dorn_Thesis_Appendix.pdf#page=7 ; https://data.mendeley.com/datasets/czbvhmzwm3/1""},""adjudication_authority"":""No completed modern adjudication"",""step_2b"":{""file"":""automation_onet_crosswalk_candidates.csv"",""csv_rows"":[381,382,383,384,385,386,387,388,389,390,391,392,393,394,395],""candidate_statuses"":[""AMBIGUOUS"",""PENDING_REVIEW""],""accepted_as_final"":false}}",Historical label correspondence does not prove OCC1990DD is Wocke canonical taxonomy. Taxonomy only; exposure propagation remains undefined. Outside explicit priority adjudication rules; no completed human decision exists. Step 2B AUTO_EXACT/fuzzy/ambiguous candidates are not promoted to frozen taxonomy mappings.,v1.0
90,Engineering technicians,OCC1990DD,214,Engineering technicians,,,UNRESOLVED,UNRESOLVED,NOT_ADJUDICATED_MODERN_SCOPE,"{""historical"":{""file"":""source_taxonomy_provenance.csv"",""automation_record_id"":""90"",""verification_status"":""VERIFIED"",""references"":""https://www.ddorn.net/data/Dorn_Thesis_Appendix.pdf#page=7 ; https://data.mendeley.com/datasets/czbvhmzwm3/1""},""adjudication_authority"":""No completed modern adjudication"",""step_2b"":{""file"":""automation_onet_crosswalk_candidates.csv"",""csv_rows"":[396,397,398,399,400],""candidate_statuses"":[""PENDING_REVIEW""],""accepted_as_final"":false}}",Historical label correspondence does not prove OCC1990DD is Wocke canonical taxonomy. Taxonomy only; exposure propagation remains undefined. Outside explicit priority adjudication rules; no completed human decision exists. Step 2B AUTO_EXACT/fuzzy/ambiguous candidates are not promoted to frozen taxonomy mappings.,v1.0
91,Drafters,OCC1990DD,217,Drafters,,,UNRESOLVED,UNRESOLVED,NOT_ADJUDICATED_MODERN_SCOPE,"{""historical"":{""file"":""source_taxonomy_provenance.csv"",""automation_record_id"":""91"",""verification_status"":""VERIFIED"",""references"":""https://www.ddorn.net/data/Dorn_Thesis_Appendix.pdf#page=7 ; https://data.mendeley.com/datasets/czbvhmzwm3/1""},""adjudication_authority"":""No completed modern adjudication"",""step_2b"":{""file"":""automation_onet_crosswalk_candidates.csv"",""csv_rows"":[401,402,403,404,405],""candidate_statuses"":[""AMBIGUOUS""],""accepted_as_final"":false}}",Historical label correspondence does not prove OCC1990DD is Wocke canonical taxonomy. Taxonomy only; exposure propagation remains undefined. Outside explicit priority adjudication rules; no completed human decision exists. Step 2B AUTO_EXACT/fuzzy/ambiguous candidates are not promoted to frozen taxonomy mappings.,v1.0
92,"Surveyors, cartographers, mapping scientists/techs",OCC1990DD,218,"Surveryors, cartographers, mapping scientists/techs",,,UNRESOLVED,UNRESOLVED,NOT_ADJUDICATED_MODERN_SCOPE,"{""historical"":{""file"":""source_taxonomy_provenance.csv"",""automation_record_id"":""92"",""verification_status"":""PARTIALLY_VERIFIED"",""references"":""https://www.ddorn.net/data/Dorn_Thesis_Appendix.pdf#page=7 ; https://data.mendeley.com/datasets/czbvhmzwm3/1""},""adjudication_authority"":""No completed modern adjudication"",""step_2b"":{""file"":""automation_onet_crosswalk_candidates.csv"",""csv_rows"":[406,407,408,409,410,411,412,413,414,415,416],""candidate_statuses"":[""PENDING_REVIEW""],""accepted_as_final"":false}}",Historical label correspondence does not prove OCC1990DD is Wocke canonical taxonomy. Taxonomy only; exposure propagation remains undefined. Outside explicit priority adjudication rules; no completed human decision exists. Step 2B AUTO_EXACT/fuzzy/ambiguous candidates are not promoted to frozen taxonomy mappings.,v1.0
93,Biological technicians,OCC1990DD,223,Biological technicians,,,UNRESOLVED,UNRESOLVED,NOT_ADJUDICATED_MODERN_SCOPE,"{""historical"":{""file"":""source_taxonomy_provenance.csv"",""automation_record_id"":""93"",""verification_status"":""VERIFIED"",""references"":""https://www.ddorn.net/data/Dorn_Thesis_Appendix.pdf#page=7 ; https://data.mendeley.com/datasets/czbvhmzwm3/1""},""adjudication_authority"":""No completed modern adjudication"",""step_2b"":{""file"":""automation_onet_crosswalk_candidates.csv"",""csv_rows"":[417],""candidate_statuses"":[""AUTO_EXACT""],""accepted_as_final"":false}}",Historical label correspondence does not prove OCC1990DD is Wocke canonical taxonomy. Taxonomy only; exposure propagation remains undefined. Outside explicit priority adjudication rules; no completed human decision exists. Step 2B AUTO_EXACT/fuzzy/ambiguous candidates are not promoted to frozen taxonomy mappings.,v1.0
94,Chemical technicians,OCC1990DD,224,Chemical technicians,,,UNRESOLVED,UNRESOLVED,NOT_ADJUDICATED_MODERN_SCOPE,"{""historical"":{""file"":""source_taxonomy_provenance.csv"",""automation_record_id"":""94"",""verification_status"":""VERIFIED"",""references"":""https://www.ddorn.net/data/Dorn_Thesis_Appendix.pdf#page=7 ; https://data.mendeley.com/datasets/czbvhmzwm3/1""},""adjudication_authority"":""No completed modern adjudication"",""step_2b"":{""file"":""automation_onet_crosswalk_candidates.csv"",""csv_rows"":[418],""candidate_statuses"":[""AUTO_EXACT""],""accepted_as_final"":false}}",Historical label correspondence does not prove OCC1990DD is Wocke canonical taxonomy. Taxonomy only; exposure propagation remains undefined. Outside explicit priority adjudication rules; no completed human decision exists. Step 2B AUTO_EXACT/fuzzy/ambiguous candidates are not promoted to frozen taxonomy mappings.,v1.0
95,Other science technicians,OCC1990DD,225,Other science technicians,,,UNRESOLVED,UNRESOLVED,NOT_ADJUDICATED_MODERN_SCOPE,"{""historical"":{""file"":""source_taxonomy_provenance.csv"",""automation_record_id"":""95"",""verification_status"":""VERIFIED"",""references"":""https://www.ddorn.net/data/Dorn_Thesis_Appendix.pdf#page=7 ; https://data.mendeley.com/datasets/czbvhmzwm3/1""},""adjudication_authority"":""No completed modern adjudication"",""step_2b"":{""file"":""automation_onet_crosswalk_candidates.csv"",""csv_rows"":[419,420,421,422,423],""candidate_statuses"":[""PENDING_REVIEW""],""accepted_as_final"":false}}",Historical label correspondence does not prove OCC1990DD is Wocke canonical taxonomy. Taxonomy only; exposure propagation remains undefined. Outside explicit priority adjudication rules; no completed human decision exists. Step 2B AUTO_EXACT/fuzzy/ambiguous candidates are not promoted to frozen taxonomy mappings.,v1.0
96,Airplane pilots and navigators,OCC1990DD,226,Airplane pilots and navigators,,,UNRESOLVED,UNRESOLVED,NOT_ADJUDICATED_MODERN_SCOPE,"{""historical"":{""file"":""source_taxonomy_provenance.csv"",""automation_record_id"":""96"",""verification_status"":""VERIFIED"",""references"":""https://www.ddorn.net/data/Dorn_Thesis_Appendix.pdf#page=7 ; https://data.mendeley.com/datasets/czbvhmzwm3/1""},""adjudication_authority"":""No completed modern adjudication"",""step_2b"":{""file"":""automation_onet_crosswalk_candidates.csv"",""csv_rows"":[424,425,426],""candidate_statuses"":[""PENDING_REVIEW""],""accepted_as_final"":false}}",Historical label correspondence does not prove OCC1990DD is Wocke canonical taxonomy. Taxonomy only; exposure propagation remains undefined. Outside explicit priority adjudication rules; no completed human decision exists. Step 2B AUTO_EXACT/fuzzy/ambiguous candidates are not promoted to frozen taxonomy mappings.,v1.0
97,Air traffic controllers,OCC1990DD,227,Air traffic controllers,,,UNRESOLVED,UNRESOLVED,NOT_ADJUDICATED_MODERN_SCOPE,"{""historical"":{""file"":""source_taxonomy_provenance.csv"",""automation_record_id"":""97"",""verification_status"":""VERIFIED"",""references"":""https://www.ddorn.net/data/Dorn_Thesis_Appendix.pdf#page=7 ; https://data.mendeley.com/datasets/czbvhmzwm3/1""},""adjudication_authority"":""No completed modern adjudication"",""step_2b"":{""file"":""automation_onet_crosswalk_candidates.csv"",""csv_rows"":[427],""candidate_statuses"":[""AUTO_EXACT""],""accepted_as_final"":false}}",Historical label correspondence does not prove OCC1990DD is Wocke canonical taxonomy. Taxonomy only; exposure propagation remains undefined. Outside explicit priority adjudication rules; no completed human decision exists. Step 2B AUTO_EXACT/fuzzy/ambiguous candidates are not promoted to frozen taxonomy mappings.,v1.0
98,Broadcast equipment operators,OCC1990DD,228,Broadcast equipment operators,,,UNRESOLVED,UNRESOLVED,NOT_ADJUDICATED_MODERN_SCOPE,"{""historical"":{""file"":""source_taxonomy_provenance.csv"",""automation_record_id"":""98"",""verification_status"":""VERIFIED"",""references"":""https://www.ddorn.net/data/Dorn_Thesis_Appendix.pdf#page=7 ; https://data.mendeley.com/datasets/czbvhmzwm3/1""},""adjudication_authority"":""No completed modern adjudication"",""step_2b"":{""file"":""automation_onet_crosswalk_candidates.csv"",""csv_rows"":[428,429,430,431,432],""candidate_statuses"":[""PENDING_REVIEW""],""accepted_as_final"":false}}",Historical label correspondence does not prove OCC1990DD is Wocke canonical taxonomy. Taxonomy only; exposure propagation remains undefined. Outside explicit priority adjudication rules; no completed human decision exists. Step 2B AUTO_EXACT/fuzzy/ambiguous candidates are not promoted to frozen taxonomy mappings.,v1.0
99,Computer software developers,OCC1990DD,229,Computer software developers,15-1252.00,Software Developers,FROZEN,EQUIVALENT,STRONG_MODERN_EVIDENCE,"{""historical"":{""file"":""source_taxonomy_provenance.csv"",""automation_record_id"":""99"",""verification_status"":""VERIFIED"",""references"":""https://www.ddorn.net/data/Dorn_Thesis_Appendix.pdf#page=7 ; https://data.mendeley.com/datasets/czbvhmzwm3/1""},""adjudication_authority"":""User Step 2F rules"",""official_onet"":{""file"":""Occupation Data.xlsx"",""excel_row"":124,""title"":""Software Developers"",""description"":""Research, design, and develop computer and network software or specialized utility programs. Analyze user needs and develop software solutions, applying principles and techniques of computer science, engineering, and mathematical analysis. Update software or enhance existing software capabilities. May work with computer hardware engineers to integrate hardware and software systems, and develop specifications and performance requirements. May maintain databases within an application area, working individually or coordinating database development as part of a team."",""release"":""UNKNOWN""},""step_2d"":[],""step_2c"":[{""file"":""crosswalk_review_priority_provenance.csv"",""csv_row"":2,""evidence_quote"":""Research, design, and develop computer and network software or specialized utility programs. Analyze user needs and develop software solutions, applying princip"",""provenance"":""{\""review_source_filename\"":\""crosswalk_review_priority.csv\"",\""review_source_csv_row\"":2,\""candidate_origin\"":\""STEP_2B_CANDIDATE\"",\""origin_filename\"":\""automation_onet_crosswalk_candidates.csv\"",\""origin_csv_rows\"":[433],\""official_description_excel_row\"":124,\""supporting_titles\"":[{\""filename\"":\""Job Titles.xlsx\"",\""column\"":\""Job Title\"",\""title\"":\""Computer Software Engineer\"",\""quote\"":\""Computer Software Engineer\"",\""excel_rows\"":[4931]},{\""filename\"":\""Job Titles.xlsx\"",\""column\"":\""Job Title\"",\""title\"":\""Software Computer Specialist\"",\""quote\"":\""Software Computer Specialist\"",\""excel_rows\"":[4975]},{\""filename\"":\""Job Titles.xlsx\"",\""column\"":\""Job Title\"",\""title\"":\""Computer Systems Software Engineer\"",\""quote\"":\""Computer Systems Software Engineer\"",\""excel_rows\"":[4933]},{\""filename\"":\""Sample of Reported Titles.xlsx\"",\""column\"":\""Reported Job Title\"",\""title\"":\""Software Engineer\"",\""quote\"":\""Software Engineer\"",\""excel_rows\"":[1010]},{\""filename\"":\""Sample of Reported Titles.xlsx\"",\""column\"":\""Reported Job Title\"",\""title\"":\""Software Architect\"",\""quote\"":\""Software Architect\"",\""excel_rows\"":[1007]},{\""filename\"":\""Sample of Reported Titles.xlsx\"",\""column\"":\""Reported Job Title\"",\""title\"":\""Software Developer\"",\""quote\"":\""Software Developer\"",\""excel_rows\"":[1008]}],\""review_context\"":[\""REVIEW PREPARATION ONLY; no approval or rejection\"",\""Step 2B: 2B-v1; candidate only; whole-title lexical candidate\""],\""limitations\"":[]}""}]}",Historical label correspondence does not prove OCC1990DD is Wocke canonical taxonomy. Taxonomy only; exposure propagation remains undefined. Single modern equivalent explicitly adjudicated by user Step 2F rules; official title/description and completed evidence retained.,v1.0
100,Programmers of numerically controlled machine tools,OCC1990DD,233,Programmers of numerically controlled machine tools,,,UNRESOLVED,UNRESOLVED,NOT_ADJUDICATED_MODERN_SCOPE,"{""historical"":{""file"":""source_taxonomy_provenance.csv"",""automation_record_id"":""100"",""verification_status"":""VERIFIED"",""references"":""https://www.ddorn.net/data/Dorn_Thesis_Appendix.pdf#page=7 ; https://data.mendeley.com/datasets/czbvhmzwm3/1""},""adjudication_authority"":""No completed modern adjudication"",""step_2b"":{""file"":""automation_onet_crosswalk_candidates.csv"",""csv_rows"":[435,436],""candidate_statuses"":[""PENDING_REVIEW""],""accepted_as_final"":false}}",Historical label correspondence does not prove OCC1990DD is Wocke canonical taxonomy. Taxonomy only; exposure propagation remains undefined. Outside explicit priority adjudication rules; no completed human decision exists. Step 2B AUTO_EXACT/fuzzy/ambiguous candidates are not promoted to frozen taxonomy mappings.,v1.0
101,Legal assistants and paralegals,OCC1990DD,234,Legal assistants and paralegals,,,UNRESOLVED,UNRESOLVED,NOT_ADJUDICATED_MODERN_SCOPE,"{""historical"":{""file"":""source_taxonomy_provenance.csv"",""automation_record_id"":""101"",""verification_status"":""VERIFIED"",""references"":""https://www.ddorn.net/data/Dorn_Thesis_Appendix.pdf#page=7 ; https://data.mendeley.com/datasets/czbvhmzwm3/1""},""adjudication_authority"":""No completed modern adjudication"",""step_2b"":{""file"":""automation_onet_crosswalk_candidates.csv"",""csv_rows"":[437,438,439,440,441,442],""candidate_statuses"":[""PENDING_REVIEW""],""accepted_as_final"":false}}",Historical label correspondence does not prove OCC1990DD is Wocke canonical taxonomy. Taxonomy only; exposure propagation remains undefined. Outside explicit priority adjudication rules; no completed human decision exists. Step 2B AUTO_EXACT/fuzzy/ambiguous candidates are not promoted to frozen taxonomy mappings.,v1.0
102,Sales supervisors and proprietors,OCC1990DD,243,Sales supervisors and proprietors,,,UNRESOLVED,UNRESOLVED,NOT_ADJUDICATED_MODERN_SCOPE,"{""historical"":{""file"":""source_taxonomy_provenance.csv"",""automation_record_id"":""102"",""verification_status"":""VERIFIED"",""references"":""https://www.ddorn.net/data/Dorn_Thesis_Appendix.pdf#page=7 ; https://data.mendeley.com/datasets/czbvhmzwm3/1""},""adjudication_authority"":""No completed modern adjudication"",""step_2b"":{""file"":""automation_onet_crosswalk_candidates.csv"",""csv_rows"":[443,444,445,446,447],""candidate_statuses"":[""PENDING_REVIEW""],""accepted_as_final"":false}}",Historical label correspondence does not prove OCC1990DD is Wocke canonical taxonomy. Taxonomy only; exposure propagation remains undefined. Outside explicit priority adjudication rules; no completed human decision exists. Step 2B AUTO_EXACT/fuzzy/ambiguous candidates are not promoted to frozen taxonomy mappings.,v1.0
103,Insurance sales occupations,OCC1990DD,253,Insurance sales occupations,,,UNRESOLVED,UNRESOLVED,NOT_ADJUDICATED_MODERN_SCOPE,"{""historical"":{""file"":""source_taxonomy_provenance.csv"",""automation_record_id"":""103"",""verification_status"":""VERIFIED"",""references"":""https://www.ddorn.net/data/Dorn_Thesis_Appendix.pdf#page=7 ; https://data.mendeley.com/datasets/czbvhmzwm3/1""},""adjudication_authority"":""No completed modern adjudication"",""step_2b"":{""file"":""automation_onet_crosswalk_candidates.csv"",""csv_rows"":[448],""candidate_statuses"":[""PENDING_REVIEW""],""accepted_as_final"":false}}",Historical label correspondence does not prove OCC1990DD is Wocke canonical taxonomy. Taxonomy only; exposure propagation remains undefined. Outside explicit priority adjudication rules; no completed human decision exists. Step 2B AUTO_EXACT/fuzzy/ambiguous candidates are not promoted to frozen taxonomy mappings.,v1.0
104,Real estate sales occupations,OCC1990DD,254,Real estate sales occupations,,,UNRESOLVED,UNRESOLVED,NOT_ADJUDICATED_MODERN_SCOPE,"{""historical"":{""file"":""source_taxonomy_provenance.csv"",""automation_record_id"":""104"",""verification_status"":""VERIFIED"",""references"":""https://www.ddorn.net/data/Dorn_Thesis_Appendix.pdf#page=7 ; https://data.mendeley.com/datasets/czbvhmzwm3/1""},""adjudication_authority"":""No completed modern adjudication"",""step_2b"":{""file"":""automation_onet_crosswalk_candidates.csv"",""csv_rows"":[449],""candidate_statuses"":[""PENDING_REVIEW""],""accepted_as_final"":false}}",Historical label correspondence does not prove OCC1990DD is Wocke canonical taxonomy. Taxonomy only; exposure propagation remains undefined. Outside explicit priority adjudication rules; no completed human decision exists. Step 2B AUTO_EXACT/fuzzy/ambiguous candidates are not promoted to frozen taxonomy mappings.,v1.0
105,Financial service sales occupations,OCC1990DD,255,Financial service sales occupations,,,UNRESOLVED,UNRESOLVED,NOT_ADJUDICATED_MODERN_SCOPE,"{""historical"":{""file"":""source_taxonomy_provenance.csv"",""automation_record_id"":""105"",""verification_status"":""VERIFIED"",""references"":""https://www.ddorn.net/data/Dorn_Thesis_Appendix.pdf#page=7 ; https://data.mendeley.com/datasets/czbvhmzwm3/1""},""adjudication_authority"":""No completed modern adjudication"",""step_2b"":{""file"":""automation_onet_crosswalk_candidates.csv"",""csv_rows"":[450],""candidate_statuses"":[""UNMATCHED""],""accepted_as_final"":false}}",Historical label correspondence does not prove OCC1990DD is Wocke canonical taxonomy. Taxonomy only; exposure propagation remains undefined. Outside explicit priority adjudication rules; no completed human decision exists. Step 2B AUTO_EXACT/fuzzy/ambiguous candidates are not promoted to frozen taxonomy mappings.,v1.0
106,Advertising and related sales jobs,OCC1990DD,256,Advertising and related sales jobs,,,UNRESOLVED,UNRESOLVED,NOT_ADJUDICATED_MODERN_SCOPE,"{""historical"":{""file"":""source_taxonomy_provenance.csv"",""automation_record_id"":""106"",""verification_status"":""VERIFIED"",""references"":""https://www.ddorn.net/data/Dorn_Thesis_Appendix.pdf#page=7 ; https://data.mendeley.com/datasets/czbvhmzwm3/1""},""adjudication_authority"":""No completed modern adjudication"",""step_2b"":{""file"":""automation_onet_crosswalk_candidates.csv"",""csv_rows"":[451,452,453,454],""candidate_statuses"":[""PENDING_REVIEW""],""accepted_as_final"":false}}",Historical label correspondence does not prove OCC1990DD is Wocke canonical taxonomy. Taxonomy only; exposure propagation remains undefined. Outside explicit priority adjudication rules; no completed human decision exists. Step 2B AUTO_EXACT/fuzzy/ambiguous candidates are not promoted to frozen taxonomy mappings.,v1.0
107,Sales engineers,OCC1990DD,258,Sales engineers,,,UNRESOLVED,UNRESOLVED,NOT_ADJUDICATED_MODERN_SCOPE,"{""historical"":{""file"":""source_taxonomy_provenance.csv"",""automation_record_id"":""107"",""verification_status"":""VERIFIED"",""references"":""https://www.ddorn.net/data/Dorn_Thesis_Appendix.pdf#page=7 ; https://data.mendeley.com/datasets/czbvhmzwm3/1""},""adjudication_authority"":""No completed modern adjudication"",""step_2b"":{""file"":""automation_onet_crosswalk_candidates.csv"",""csv_rows"":[455],""candidate_statuses"":[""AUTO_EXACT""],""accepted_as_final"":false}}",Historical label correspondence does not prove OCC1990DD is Wocke canonical taxonomy. Taxonomy only; exposure propagation remains undefined. Outside explicit priority adjudication rules; no completed human decision exists. Step 2B AUTO_EXACT/fuzzy/ambiguous candidates are not promoted to frozen taxonomy mappings.,v1.0
108,Retail salespersons and sales clerks,OCC1990DD,275,Retail salespersons and sales clerks,,,UNRESOLVED,UNRESOLVED,NOT_ADJUDICATED_MODERN_SCOPE,"{""historical"":{""file"":""source_taxonomy_provenance.csv"",""automation_record_id"":""108"",""verification_status"":""VERIFIED"",""references"":""https://www.ddorn.net/data/Dorn_Thesis_Appendix.pdf#page=7 ; https://data.mendeley.com/datasets/czbvhmzwm3/1""},""adjudication_authority"":""No completed modern adjudication"",""step_2b"":{""file"":""automation_onet_crosswalk_candidates.csv"",""csv_rows"":[456,457,458,459,460,461,462],""candidate_statuses"":[""PENDING_REVIEW""],""accepted_as_final"":false}}",Historical label correspondence does not prove OCC1990DD is Wocke canonical taxonomy. Taxonomy only; exposure propagation remains undefined. Outside explicit priority adjudication rules; no completed human decision exists. Step 2B AUTO_EXACT/fuzzy/ambiguous candidates are not promoted to frozen taxonomy mappings.,v1.0
109,Cashiers,OCC1990DD,276,Cashiers,,,UNRESOLVED,UNRESOLVED,NOT_ADJUDICATED_MODERN_SCOPE,"{""historical"":{""file"":""source_taxonomy_provenance.csv"",""automation_record_id"":""109"",""verification_status"":""VERIFIED"",""references"":""https://www.ddorn.net/data/Dorn_Thesis_Appendix.pdf#page=7 ; https://data.mendeley.com/datasets/czbvhmzwm3/1""},""adjudication_authority"":""No completed modern adjudication"",""step_2b"":{""file"":""automation_onet_crosswalk_candidates.csv"",""csv_rows"":[463],""candidate_statuses"":[""AUTO_EXACT""],""accepted_as_final"":false}}",Historical label correspondence does not prove OCC1990DD is Wocke canonical taxonomy. Taxonomy only; exposure propagation remains undefined. Outside explicit priority adjudication rules; no completed human decision exists. Step 2B AUTO_EXACT/fuzzy/ambiguous candidates are not promoted to frozen taxonomy mappings.,v1.0
110,"Door-to-door sales, street sales, and news vendors",OCC1990DD,277,"Door-to-door sales, street sales, and news vendors",,,UNRESOLVED,UNRESOLVED,NOT_ADJUDICATED_MODERN_SCOPE,"{""historical"":{""file"":""source_taxonomy_provenance.csv"",""automation_record_id"":""110"",""verification_status"":""VERIFIED"",""references"":""https://www.ddorn.net/data/Dorn_Thesis_Appendix.pdf#page=7 ; https://data.mendeley.com/datasets/czbvhmzwm3/1""},""adjudication_authority"":""No completed modern adjudication"",""step_2b"":{""file"":""automation_onet_crosswalk_candidates.csv"",""csv_rows"":[464],""candidate_statuses"":[""PENDING_REVIEW""],""accepted_as_final"":false}}",Historical label correspondence does not prove OCC1990DD is Wocke canonical taxonomy. Taxonomy only; exposure propagation remains undefined. Outside explicit priority adjudication rules; no completed human decision exists. Step 2B AUTO_EXACT/fuzzy/ambiguous candidates are not promoted to frozen taxonomy mappings.,v1.0
111,"Sales demonstrators, promoters, and models",OCC1990DD,283,"Sales demonstrators, promoters, and models",,,UNRESOLVED,UNRESOLVED,NOT_ADJUDICATED_MODERN_SCOPE,"{""historical"":{""file"":""source_taxonomy_provenance.csv"",""automation_record_id"":""111"",""verification_status"":""VERIFIED"",""references"":""https://www.ddorn.net/data/Dorn_Thesis_Appendix.pdf#page=7 ; https://data.mendeley.com/datasets/czbvhmzwm3/1""},""adjudication_authority"":""No completed modern adjudication"",""step_2b"":{""file"":""automation_onet_crosswalk_candidates.csv"",""csv_rows"":[465,466,467,468,469,470,471,472],""candidate_statuses"":[""PENDING_REVIEW""],""accepted_as_final"":false}}",Historical label correspondence does not prove OCC1990DD is Wocke canonical taxonomy. Taxonomy only; exposure propagation remains undefined. Outside explicit priority adjudication rules; no completed human decision exists. Step 2B AUTO_EXACT/fuzzy/ambiguous candidates are not promoted to frozen taxonomy mappings.,v1.0
112,Office supervisors,OCC1990DD,303,Office supervisors,,,UNRESOLVED,UNRESOLVED,NOT_ADJUDICATED_MODERN_SCOPE,"{""historical"":{""file"":""source_taxonomy_provenance.csv"",""automation_record_id"":""112"",""verification_status"":""VERIFIED"",""references"":""https://www.ddorn.net/data/Dorn_Thesis_Appendix.pdf#page=8 ; https://data.mendeley.com/datasets/czbvhmzwm3/1""},""adjudication_authority"":""No completed modern adjudication"",""step_2b"":{""file"":""automation_onet_crosswalk_candidates.csv"",""csv_rows"":[473],""candidate_statuses"":[""PENDING_REVIEW""],""accepted_as_final"":false}}",Historical label correspondence does not prove OCC1990DD is Wocke canonical taxonomy. Taxonomy only; exposure propagation remains undefined. Outside explicit priority adjudication rules; no completed human decision exists. Step 2B AUTO_EXACT/fuzzy/ambiguous candidates are not promoted to frozen taxonomy mappings.,v1.0
113,Computer and peripheral equipment operators,OCC1990DD,308,Computer and peripheral equipment operators,,,UNRESOLVED,UNRESOLVED,NOT_ADJUDICATED_MODERN_SCOPE,"{""historical"":{""file"":""source_taxonomy_provenance.csv"",""automation_record_id"":""113"",""verification_status"":""VERIFIED"",""references"":""https://www.ddorn.net/data/Dorn_Thesis_Appendix.pdf#page=8 ; https://data.mendeley.com/datasets/czbvhmzwm3/1""},""adjudication_authority"":""No completed modern adjudication"",""step_2b"":{""file"":""automation_onet_crosswalk_candidates.csv"",""csv_rows"":[474,475,476,477,478,479,480,481],""candidate_statuses"":[""PENDING_REVIEW""],""accepted_as_final"":false}}",Historical label correspondence does not prove OCC1990DD is Wocke canonical taxonomy. Taxonomy only; exposure propagation remains undefined. Outside explicit priority adjudication rules; no completed human decision exists. Step 2B AUTO_EXACT/fuzzy/ambiguous candidates are not promoted to frozen taxonomy mappings.,v1.0
114,Secretaries and stenographers,OCC1990DD,313,Secretaries and stenographers,,,UNRESOLVED,UNRESOLVED,NOT_ADJUDICATED_MODERN_SCOPE,"{""historical"":{""file"":""source_taxonomy_provenance.csv"",""automation_record_id"":""114"",""verification_status"":""VERIFIED"",""references"":""https://www.ddorn.net/data/Dorn_Thesis_Appendix.pdf#page=8 ; https://data.mendeley.com/datasets/czbvhmzwm3/1""},""adjudication_authority"":""No completed modern adjudication"",""step_2b"":{""file"":""automation_onet_crosswalk_candidates.csv"",""csv_rows"":[482,483,484,485,486,487,488,489,490],""candidate_statuses"":[""PENDING_REVIEW""],""accepted_as_final"":false}}",Historical label correspondence does not prove OCC1990DD is Wocke canonical taxonomy. Taxonomy only; exposure propagation remains undefined. Outside explicit priority adjudication rules; no completed human decision exists. Step 2B AUTO_EXACT/fuzzy/ambiguous candidates are not promoted to frozen taxonomy mappings.,v1.0
115,Typists,OCC1990DD,315,Typists,,,UNRESOLVED,UNRESOLVED,NOT_ADJUDICATED_MODERN_SCOPE,"{""historical"":{""file"":""source_taxonomy_provenance.csv"",""automation_record_id"":""115"",""verification_status"":""VERIFIED"",""references"":""https://www.ddorn.net/data/Dorn_Thesis_Appendix.pdf#page=8 ; https://data.mendeley.com/datasets/czbvhmzwm3/1""},""adjudication_authority"":""No completed modern adjudication"",""step_2b"":{""file"":""automation_onet_crosswalk_candidates.csv"",""csv_rows"":[491],""candidate_statuses"":[""PENDING_REVIEW""],""accepted_as_final"":false}}",Historical label correspondence does not prove OCC1990DD is Wocke canonical taxonomy. Taxonomy only; exposure propagation remains undefined. Outside explicit priority adjudication rules; no completed human decision exists. Step 2B AUTO_EXACT/fuzzy/ambiguous candidates are not promoted to frozen taxonomy mappings.,v1.0
116,"Interviewers, enumerators, and surveyors",OCC1990DD,316,"Interviewers, enumerators, and surveyors",,,UNRESOLVED,UNRESOLVED,NOT_ADJUDICATED_MODERN_SCOPE,"{""historical"":{""file"":""source_taxonomy_provenance.csv"",""automation_record_id"":""116"",""verification_status"":""VERIFIED"",""references"":""https://www.ddorn.net/data/Dorn_Thesis_Appendix.pdf#page=8 ; https://data.mendeley.com/datasets/czbvhmzwm3/1""},""adjudication_authority"":""No completed modern adjudication"",""step_2b"":{""file"":""automation_onet_crosswalk_candidates.csv"",""csv_rows"":[492,493,494,495,496,497,498,499],""candidate_statuses"":[""PENDING_REVIEW""],""accepted_as_final"":false}}",Historical label correspondence does not prove OCC1990DD is Wocke canonical taxonomy. Taxonomy only; exposure propagation remains undefined. Outside explicit priority adjudication rules; no completed human decision exists. Step 2B AUTO_EXACT/fuzzy/ambiguous candidates are not promoted to frozen taxonomy mappings.,v1.0
117,Hotel clerks,OCC1990DD,317,Hotel clerks,,,UNRESOLVED,UNRESOLVED,NOT_ADJUDICATED_MODERN_SCOPE,"{""historical"":{""file"":""source_taxonomy_provenance.csv"",""automation_record_id"":""117"",""verification_status"":""VERIFIED"",""references"":""https://www.ddorn.net/data/Dorn_Thesis_Appendix.pdf#page=8 ; https://data.mendeley.com/datasets/czbvhmzwm3/1""},""adjudication_authority"":""No completed modern adjudication"",""step_2b"":{""file"":""automation_onet_crosswalk_candidates.csv"",""csv_rows"":[500,501,502,503,504],""candidate_statuses"":[""PENDING_REVIEW""],""accepted_as_final"":false}}",Historical label correspondence does not prove OCC1990DD is Wocke canonical taxonomy. Taxonomy only; exposure propagation remains undefined. Outside explicit priority adjudication rules; no completed human decision exists. Step 2B AUTO_EXACT/fuzzy/ambiguous candidates are not promoted to frozen taxonomy mappings.,v1.0
118,Transportation ticket and reservation agents,OCC1990DD,318,Transportation ticket and reservation agents,,,UNRESOLVED,UNRESOLVED,NOT_ADJUDICATED_MODERN_SCOPE,"{""historical"":{""file"":""source_taxonomy_provenance.csv"",""automation_record_id"":""118"",""verification_status"":""VERIFIED"",""references"":""https://www.ddorn.net/data/Dorn_Thesis_Appendix.pdf#page=8 ; https://data.mendeley.com/datasets/czbvhmzwm3/1""},""adjudication_authority"":""No completed modern adjudication"",""step_2b"":{""file"":""automation_onet_crosswalk_candidates.csv"",""csv_rows"":[505,506,507,508,509,510,511,512],""candidate_statuses"":[""PENDING_REVIEW""],""accepted_as_final"":false}}",Historical label correspondence does not prove OCC1990DD is Wocke canonical taxonomy. Taxonomy only; exposure propagation remains undefined. Outside explicit priority adjudication rules; no completed human decision exists. Step 2B AUTO_EXACT/fuzzy/ambiguous candidates are not promoted to frozen taxonomy mappings.,v1.0
119,Receptionists and other information clerks,OCC1990DD,319,Receptionists and other information clerks,,,UNRESOLVED,UNRESOLVED,NOT_ADJUDICATED_MODERN_SCOPE,"{""historical"":{""file"":""source_taxonomy_provenance.csv"",""automation_record_id"":""119"",""verification_status"":""VERIFIED"",""references"":""https://www.ddorn.net/data/Dorn_Thesis_Appendix.pdf#page=8 ; https://data.mendeley.com/datasets/czbvhmzwm3/1""},""adjudication_authority"":""No completed modern adjudication"",""step_2b"":{""file"":""automation_onet_crosswalk_candidates.csv"",""csv_rows"":[513,514,515,516,517,518,519,520,521],""candidate_statuses"":[""PENDING_REVIEW""],""accepted_as_final"":false}}",Historical label correspondence does not prove OCC1990DD is Wocke canonical taxonomy. Taxonomy only; exposure propagation remains undefined. Outside explicit priority adjudication rules; no completed human decision exists. Step 2B AUTO_EXACT/fuzzy/ambiguous candidates are not promoted to frozen taxonomy mappings.,v1.0
120,Correspondence and order clerks,OCC1990DD,326,Correspondence and order clerks,,,UNRESOLVED,UNRESOLVED,NOT_ADJUDICATED_MODERN_SCOPE,"{""historical"":{""file"":""source_taxonomy_provenance.csv"",""automation_record_id"":""120"",""verification_status"":""VERIFIED"",""references"":""https://www.ddorn.net/data/Dorn_Thesis_Appendix.pdf#page=8 ; https://data.mendeley.com/datasets/czbvhmzwm3/1""},""adjudication_authority"":""No completed modern adjudication"",""step_2b"":{""file"":""automation_onet_crosswalk_candidates.csv"",""csv_rows"":[522,523,524,525,526],""candidate_statuses"":[""PENDING_REVIEW""],""accepted_as_final"":false}}",Historical label correspondence does not prove OCC1990DD is Wocke canonical taxonomy. Taxonomy only; exposure propagation remains undefined. Outside explicit priority adjudication rules; no completed human decision exists. Step 2B AUTO_EXACT/fuzzy/ambiguous candidates are not promoted to frozen taxonomy mappings.,v1.0
121,"Human resources clerks, excl payroll and timekeeping",OCC1990DD,328,"Human resources clerks, excl payroll and timekeeping",,,UNRESOLVED,UNRESOLVED,NOT_ADJUDICATED_MODERN_SCOPE,"{""historical"":{""file"":""source_taxonomy_provenance.csv"",""automation_record_id"":""121"",""verification_status"":""VERIFIED"",""references"":""https://www.ddorn.net/data/Dorn_Thesis_Appendix.pdf#page=8 ; https://data.mendeley.com/datasets/czbvhmzwm3/1""},""adjudication_authority"":""No completed modern adjudication"",""step_2b"":{""file"":""automation_onet_crosswalk_candidates.csv"",""csv_rows"":[527,528,529,530,531],""candidate_statuses"":[""PENDING_REVIEW""],""accepted_as_final"":false}}",Historical label correspondence does not prove OCC1990DD is Wocke canonical taxonomy. Taxonomy only; exposure propagation remains undefined. Outside explicit priority adjudication rules; no completed human decision exists. Step 2B AUTO_EXACT/fuzzy/ambiguous candidates are not promoted to frozen taxonomy mappings.,v1.0
122,Library assistants,OCC1990DD,329,Library assistants,,,UNRESOLVED,UNRESOLVED,NOT_ADJUDICATED_MODERN_SCOPE,"{""historical"":{""file"":""source_taxonomy_provenance.csv"",""automation_record_id"":""122"",""verification_status"":""VERIFIED"",""references"":""https://www.ddorn.net/data/Dorn_Thesis_Appendix.pdf#page=8 ; https://data.mendeley.com/datasets/czbvhmzwm3/1""},""adjudication_authority"":""No completed modern adjudication"",""step_2b"":{""file"":""automation_onet_crosswalk_candidates.csv"",""csv_rows"":[532,533,534,535,536],""candidate_statuses"":[""PENDING_REVIEW""],""accepted_as_final"":false}}",Historical label correspondence does not prove OCC1990DD is Wocke canonical taxonomy. Taxonomy only; exposure propagation remains undefined. Outside explicit priority adjudication rules; no completed human decision exists. Step 2B AUTO_EXACT/fuzzy/ambiguous candidates are not promoted to frozen taxonomy mappings.,v1.0
123,File clerks,OCC1990DD,335,File clerks,,,UNRESOLVED,UNRESOLVED,NOT_ADJUDICATED_MODERN_SCOPE,"{""historical"":{""file"":""source_taxonomy_provenance.csv"",""automation_record_id"":""123"",""verification_status"":""VERIFIED"",""references"":""https://www.ddorn.net/data/Dorn_Thesis_Appendix.pdf#page=8 ; https://data.mendeley.com/datasets/czbvhmzwm3/1""},""adjudication_authority"":""No completed modern adjudication"",""step_2b"":{""file"":""automation_onet_crosswalk_candidates.csv"",""csv_rows"":[537],""candidate_statuses"":[""AUTO_EXACT""],""accepted_as_final"":false}}",Historical label correspondence does not prove OCC1990DD is Wocke canonical taxonomy. Taxonomy only; exposure propagation remains undefined. Outside explicit priority adjudication rules; no completed human decision exists. Step 2B AUTO_EXACT/fuzzy/ambiguous candidates are not promoted to frozen taxonomy mappings.,v1.0
124,Bookkeepers and accounting and auditing clerks,OCC1990DD,337,Bookkeepers and accounting and auditing clerks,,,UNRESOLVED,UNRESOLVED,NOT_ADJUDICATED_MODERN_SCOPE,"{""historical"":{""file"":""source_taxonomy_provenance.csv"",""automation_record_id"":""124"",""verification_status"":""VERIFIED"",""references"":""https://www.ddorn.net/data/Dorn_Thesis_Appendix.pdf#page=8 ; https://data.mendeley.com/datasets/czbvhmzwm3/1""},""adjudication_authority"":""No completed modern adjudication"",""step_2b"":{""file"":""automation_onet_crosswalk_candidates.csv"",""csv_rows"":[538,539,540,541,542],""candidate_statuses"":[""PENDING_REVIEW""],""accepted_as_final"":false}}",Historical label correspondence does not prove OCC1990DD is Wocke canonical taxonomy. Taxonomy only; exposure propagation remains undefined. Outside explicit priority adjudication rules; no completed human decision exists. Step 2B AUTO_EXACT/fuzzy/ambiguous candidates are not promoted to frozen taxonomy mappings.,v1.0
125,Payroll and timekeeping clerks,OCC1990DD,338,Payroll and timekeeping clerks,,,UNRESOLVED,UNRESOLVED,NOT_ADJUDICATED_MODERN_SCOPE,"{""historical"":{""file"":""source_taxonomy_provenance.csv"",""automation_record_id"":""125"",""verification_status"":""VERIFIED"",""references"":""https://www.ddorn.net/data/Dorn_Thesis_Appendix.pdf#page=8 ; https://data.mendeley.com/datasets/czbvhmzwm3/1""},""adjudication_authority"":""No completed modern adjudication"",""step_2b"":{""file"":""automation_onet_crosswalk_candidates.csv"",""csv_rows"":[543],""candidate_statuses"":[""AUTO_EXACT""],""accepted_as_final"":false}}",Historical label correspondence does not prove OCC1990DD is Wocke canonical taxonomy. Taxonomy only; exposure propagation remains undefined. Outside explicit priority adjudication rules; no completed human decision exists. Step 2B AUTO_EXACT/fuzzy/ambiguous candidates are not promoted to frozen taxonomy mappings.,v1.0
126,Billing clerks and related financial records processing,OCC1990DD,344,Billing clerks and related financial records processing,,,UNRESOLVED,UNRESOLVED,NOT_ADJUDICATED_MODERN_SCOPE,"{""historical"":{""file"":""source_taxonomy_provenance.csv"",""automation_record_id"":""126"",""verification_status"":""VERIFIED"",""references"":""https://www.ddorn.net/data/Dorn_Thesis_Appendix.pdf#page=8 ; https://data.mendeley.com/datasets/czbvhmzwm3/1""},""adjudication_authority"":""No completed modern adjudication"",""step_2b"":{""file"":""automation_onet_crosswalk_candidates.csv"",""csv_rows"":[544,545,546,547,548,549],""candidate_statuses"":[""PENDING_REVIEW""],""accepted_as_final"":false}}",Historical label correspondence does not prove OCC1990DD is Wocke canonical taxonomy. Taxonomy only; exposure propagation remains undefined. Outside explicit priority adjudication rules; no completed human decision exists. Step 2B AUTO_EXACT/fuzzy/ambiguous candidates are not promoted to frozen taxonomy mappings.,v1.0
127,Mail and paper handlers,OCC1990DD,346,Mail and paper handlers,,,UNRESOLVED,UNRESOLVED,NOT_ADJUDICATED_MODERN_SCOPE,"{""historical"":{""file"":""source_taxonomy_provenance.csv"",""automation_record_id"":""127"",""verification_status"":""VERIFIED"",""references"":""https://www.ddorn.net/data/Dorn_Thesis_Appendix.pdf#page=8 ; https://data.mendeley.com/datasets/czbvhmzwm3/1""},""adjudication_authority"":""No completed modern adjudication"",""step_2b"":{""file"":""automation_onet_crosswalk_candidates.csv"",""csv_rows"":[550,551,552,553],""candidate_statuses"":[""PENDING_REVIEW""],""accepted_as_final"":false}}",Historical label correspondence does not prove OCC1990DD is Wocke canonical taxonomy. Taxonomy only; exposure propagation remains undefined. Outside explicit priority adjudication rules; no completed human decision exists. Step 2B AUTO_EXACT/fuzzy/ambiguous candidates are not promoted to frozen taxonomy mappings.,v1.0
128,"Office machine operators, n.e.c.",OCC1990DD,347,"Office machine operators, n.e.c.",,,UNRESOLVED,UNRESOLVED,NOT_ADJUDICATED_MODERN_SCOPE,"{""historical"":{""file"":""source_taxonomy_provenance.csv"",""automation_record_id"":""128"",""verification_status"":""VERIFIED"",""references"":""https://www.ddorn.net/data/Dorn_Thesis_Appendix.pdf#page=8 ; https://data.mendeley.com/datasets/czbvhmzwm3/1""},""adjudication_authority"":""No completed modern adjudication"",""step_2b"":{""file"":""automation_onet_crosswalk_candidates.csv"",""csv_rows"":[554,555,556,557,558],""candidate_statuses"":[""PENDING_REVIEW""],""accepted_as_final"":false}}",Historical label correspondence does not prove OCC1990DD is Wocke canonical taxonomy. Taxonomy only; exposure propagation remains undefined. Outside explicit priority adjudication rules; no completed human decision exists. Step 2B AUTO_EXACT/fuzzy/ambiguous candidates are not promoted to frozen taxonomy mappings.,v1.0
129,Telephone operators,OCC1990DD,348,Telephone operators,,,UNRESOLVED,UNRESOLVED,NOT_ADJUDICATED_MODERN_SCOPE,"{""historical"":{""file"":""source_taxonomy_provenance.csv"",""automation_record_id"":""129"",""verification_status"":""VERIFIED"",""references"":""https://www.ddorn.net/data/Dorn_Thesis_Appendix.pdf#page=8 ; https://data.mendeley.com/datasets/czbvhmzwm3/1""},""adjudication_authority"":""No completed modern adjudication"",""step_2b"":{""file"":""automation_onet_crosswalk_candidates.csv"",""csv_rows"":[559],""candidate_statuses"":[""AUTO_EXACT""],""accepted_as_final"":false}}",Historical label correspondence does not prove OCC1990DD is Wocke canonical taxonomy. Taxonomy only; exposure propagation remains undefined. Outside explicit priority adjudication rules; no completed human decision exists. Step 2B AUTO_EXACT/fuzzy/ambiguous candidates are not promoted to frozen taxonomy mappings.,v1.0
130,"Postal clerks, exluding mail carriers",OCC1990DD,354,"Postal clerks, exluding mail carriers",,,UNRESOLVED,UNRESOLVED,NOT_ADJUDICATED_MODERN_SCOPE,"{""historical"":{""file"":""source_taxonomy_provenance.csv"",""automation_record_id"":""130"",""verification_status"":""VERIFIED"",""references"":""https://www.ddorn.net/data/Dorn_Thesis_Appendix.pdf#page=8 ; https://data.mendeley.com/datasets/czbvhmzwm3/1""},""adjudication_authority"":""No completed modern adjudication"",""step_2b"":{""file"":""automation_onet_crosswalk_candidates.csv"",""csv_rows"":[560,561,562,563,564,565,566,567],""candidate_statuses"":[""PENDING_REVIEW""],""accepted_as_final"":false}}",Historical label correspondence does not prove OCC1990DD is Wocke canonical taxonomy. Taxonomy only; exposure propagation remains undefined. Outside explicit priority adjudication rules; no completed human decision exists. Step 2B AUTO_EXACT/fuzzy/ambiguous candidates are not promoted to frozen taxonomy mappings.,v1.0
131,Mail carriers for postal service,OCC1990DD,355,Mail carriers for postal service,,,UNRESOLVED,UNRESOLVED,NOT_ADJUDICATED_MODERN_SCOPE,"{""historical"":{""file"":""source_taxonomy_provenance.csv"",""automation_record_id"":""131"",""verification_status"":""VERIFIED"",""references"":""https://www.ddorn.net/data/Dorn_Thesis_Appendix.pdf#page=8 ; https://data.mendeley.com/datasets/czbvhmzwm3/1""},""adjudication_authority"":""No completed modern adjudication"",""step_2b"":{""file"":""automation_onet_crosswalk_candidates.csv"",""csv_rows"":[568],""candidate_statuses"":[""UNMATCHED""],""accepted_as_final"":false}}",Historical label correspondence does not prove OCC1990DD is Wocke canonical taxonomy. Taxonomy only; exposure propagation remains undefined. Outside explicit priority adjudication rules; no completed human decision exists. Step 2B AUTO_EXACT/fuzzy/ambiguous candidates are not promoted to frozen taxonomy mappings.,v1.0
132,"Mail clerks, outside of post office",OCC1990DD,356,"Mail clerks, outside of post office",,,UNRESOLVED,UNRESOLVED,NOT_ADJUDICATED_MODERN_SCOPE,"{""historical"":{""file"":""source_taxonomy_provenance.csv"",""automation_record_id"":""132"",""verification_status"":""VERIFIED"",""references"":""https://www.ddorn.net/data/Dorn_Thesis_Appendix.pdf#page=8 ; https://data.mendeley.com/datasets/czbvhmzwm3/1""},""adjudication_authority"":""No completed modern adjudication"",""step_2b"":{""file"":""automation_onet_crosswalk_candidates.csv"",""csv_rows"":[569,570,571,572,573],""candidate_statuses"":[""PENDING_REVIEW""],""accepted_as_final"":false}}",Historical label correspondence does not prove OCC1990DD is Wocke canonical taxonomy. Taxonomy only; exposure propagation remains undefined. Outside explicit priority adjudication rules; no completed human decision exists. Step 2B AUTO_EXACT/fuzzy/ambiguous candidates are not promoted to frozen taxonomy mappings.,v1.0
133,Messengers,OCC1990DD,357,Messengers,,,UNRESOLVED,UNRESOLVED,NOT_ADJUDICATED_MODERN_SCOPE,"{""historical"":{""file"":""source_taxonomy_provenance.csv"",""automation_record_id"":""133"",""verification_status"":""VERIFIED"",""references"":""https://www.ddorn.net/data/Dorn_Thesis_Appendix.pdf#page=8 ; https://data.mendeley.com/datasets/czbvhmzwm3/1""},""adjudication_authority"":""No completed modern adjudication"",""step_2b"":{""file"":""automation_onet_crosswalk_candidates.csv"",""csv_rows"":[574,575,576],""candidate_statuses"":[""PENDING_REVIEW""],""accepted_as_final"":false}}",Historical label correspondence does not prove OCC1990DD is Wocke canonical taxonomy. Taxonomy only; exposure propagation remains undefined. Outside explicit priority adjudication rules; no completed human decision exists. Step 2B AUTO_EXACT/fuzzy/ambiguous candidates are not promoted to frozen taxonomy mappings.,v1.0
134,Dispatchers,OCC1990DD,359,Dispatchers,,,UNRESOLVED,UNRESOLVED,NOT_ADJUDICATED_MODERN_SCOPE,"{""historical"":{""file"":""source_taxonomy_provenance.csv"",""automation_record_id"":""134"",""verification_status"":""VERIFIED"",""references"":""https://www.ddorn.net/data/Dorn_Thesis_Appendix.pdf#page=8 ; https://data.mendeley.com/datasets/czbvhmzwm3/1""},""adjudication_authority"":""No completed modern adjudication"",""step_2b"":{""file"":""automation_onet_crosswalk_candidates.csv"",""csv_rows"":[577,578],""candidate_statuses"":[""PENDING_REVIEW""],""accepted_as_final"":false}}",Historical label correspondence does not prove OCC1990DD is Wocke canonical taxonomy. Taxonomy only; exposure propagation remains undefined. Outside explicit priority adjudication rules; no completed human decision exists. Step 2B AUTO_EXACT/fuzzy/ambiguous candidates are not promoted to frozen taxonomy mappings.,v1.0
135,Shipping and receiving clerks,OCC1990DD,364,Shipping and receiving clerks,,,UNRESOLVED,UNRESOLVED,NOT_ADJUDICATED_MODERN_SCOPE,"{""historical"":{""file"":""source_taxonomy_provenance.csv"",""automation_record_id"":""135"",""verification_status"":""VERIFIED"",""references"":""https://www.ddorn.net/data/Dorn_Thesis_Appendix.pdf#page=8 ; https://data.mendeley.com/datasets/czbvhmzwm3/1""},""adjudication_authority"":""No completed modern adjudication"",""step_2b"":{""file"":""automation_onet_crosswalk_candidates.csv"",""csv_rows"":[579,580,581,582,583,584,585,586],""candidate_statuses"":[""PENDING_REVIEW""],""accepted_as_final"":false}}",Historical label correspondence does not prove OCC1990DD is Wocke canonical taxonomy. Taxonomy only; exposure propagation remains undefined. Outside explicit priority adjudication rules; no completed human decision exists. Step 2B AUTO_EXACT/fuzzy/ambiguous candidates are not promoted to frozen taxonomy mappings.,v1.0
136,Stock and inventory clerks,OCC1990DD,365,Stock and inventory clerks,,,UNRESOLVED,UNRESOLVED,NOT_ADJUDICATED_MODERN_SCOPE,"{""historical"":{""file"":""source_taxonomy_provenance.csv"",""automation_record_id"":""136"",""verification_status"":""VERIFIED"",""references"":""https://www.ddorn.net/data/Dorn_Thesis_Appendix.pdf#page=8 ; https://data.mendeley.com/datasets/czbvhmzwm3/1""},""adjudication_authority"":""No completed modern adjudication"",""step_2b"":{""file"":""automation_onet_crosswalk_candidates.csv"",""csv_rows"":[587,588,589,590,591,592,593],""candidate_statuses"":[""AMBIGUOUS"",""PENDING_REVIEW""],""accepted_as_final"":false}}",Historical label correspondence does not prove OCC1990DD is Wocke canonical taxonomy. Taxonomy only; exposure propagation remains undefined. Outside explicit priority adjudication rules; no completed human decision exists. Step 2B AUTO_EXACT/fuzzy/ambiguous candidates are not promoted to frozen taxonomy mappings.,v1.0
137,Meter readers,OCC1990DD,366,Meter readers,,,UNRESOLVED,UNRESOLVED,NOT_ADJUDICATED_MODERN_SCOPE,"{""historical"":{""file"":""source_taxonomy_provenance.csv"",""automation_record_id"":""137"",""verification_status"":""VERIFIED"",""references"":""https://www.ddorn.net/data/Dorn_Thesis_Appendix.pdf#page=8 ; https://data.mendeley.com/datasets/czbvhmzwm3/1""},""adjudication_authority"":""No completed modern adjudication"",""step_2b"":{""file"":""automation_onet_crosswalk_candidates.csv"",""csv_rows"":[594,595,596],""candidate_statuses"":[""PENDING_REVIEW""],""accepted_as_final"":false}}",Historical label correspondence does not prove OCC1990DD is Wocke canonical taxonomy. Taxonomy only; exposure propagation remains undefined. Outside explicit priority adjudication rules; no completed human decision exists. Step 2B AUTO_EXACT/fuzzy/ambiguous candidates are not promoted to frozen taxonomy mappings.,v1.0
138,"Weighers, measurers, and checkers",OCC1990DD,368,"Weighers, measurers, and checkers",,,UNRESOLVED,UNRESOLVED,NOT_ADJUDICATED_MODERN_SCOPE,"{""historical"":{""file"":""source_taxonomy_provenance.csv"",""automation_record_id"":""138"",""verification_status"":""VERIFIED"",""references"":""https://www.ddorn.net/data/Dorn_Thesis_Appendix.pdf#page=8 ; https://data.mendeley.com/datasets/czbvhmzwm3/1""},""adjudication_authority"":""No completed modern adjudication"",""step_2b"":{""file"":""automation_onet_crosswalk_candidates.csv"",""csv_rows"":[597,598,599,600,601,602,603,604,605,606],""candidate_statuses"":[""PENDING_REVIEW""],""accepted_as_final"":false}}",Historical label correspondence does not prove OCC1990DD is Wocke canonical taxonomy. Taxonomy only; exposure propagation remains undefined. Outside explicit priority adjudication rules; no completed human decision exists. Step 2B AUTO_EXACT/fuzzy/ambiguous candidates are not promoted to frozen taxonomy mappings.,v1.0
139,"Material recording, sched., prod., plan., expediting cl.",OCC1990DD,373,"Material recording, sched., prod., plan., expediting cl.",,,UNRESOLVED,UNRESOLVED,NOT_ADJUDICATED_MODERN_SCOPE,"{""historical"":{""file"":""source_taxonomy_provenance.csv"",""automation_record_id"":""139"",""verification_status"":""VERIFIED"",""references"":""https://www.ddorn.net/data/Dorn_Thesis_Appendix.pdf#page=8 ; https://data.mendeley.com/datasets/czbvhmzwm3/1""},""adjudication_authority"":""No completed modern adjudication"",""step_2b"":{""file"":""automation_onet_crosswalk_candidates.csv"",""csv_rows"":[607],""candidate_statuses"":[""PENDING_REVIEW""],""accepted_as_final"":false}}",Historical label correspondence does not prove OCC1990DD is Wocke canonical taxonomy. Taxonomy only; exposure propagation remains undefined. Outside explicit priority adjudication rules; no completed human decision exists. Step 2B AUTO_EXACT/fuzzy/ambiguous candidates are not promoted to frozen taxonomy mappings.,v1.0
140,"Insurance adjusters, examiners, and investigators",OCC1990DD,375,"Insurance adjusters, examiners, and investigators",,,UNRESOLVED,UNRESOLVED,NOT_ADJUDICATED_MODERN_SCOPE,"{""historical"":{""file"":""source_taxonomy_provenance.csv"",""automation_record_id"":""140"",""verification_status"":""VERIFIED"",""references"":""https://www.ddorn.net/data/Dorn_Thesis_Appendix.pdf#page=8 ; https://data.mendeley.com/datasets/czbvhmzwm3/1""},""adjudication_authority"":""No completed modern adjudication"",""step_2b"":{""file"":""automation_onet_crosswalk_candidates.csv"",""csv_rows"":[608,609,610,611,612,613,614,615,616,617,618],""candidate_statuses"":[""PENDING_REVIEW""],""accepted_as_final"":false}}",Historical label correspondence does not prove OCC1990DD is Wocke canonical taxonomy. Taxonomy only; exposure propagation remains undefined. Outside explicit priority adjudication rules; no completed human decision exists. Step 2B AUTO_EXACT/fuzzy/ambiguous candidates are not promoted to frozen taxonomy mappings.,v1.0
141,"Customer service reps, invest., adjusters, excl. insur.",OCC1990DD,376,"Customer service reps, invest., adjusters, excl. insur.",,,UNRESOLVED,UNRESOLVED,NOT_ADJUDICATED_MODERN_SCOPE,"{""historical"":{""file"":""source_taxonomy_provenance.csv"",""automation_record_id"":""141"",""verification_status"":""VERIFIED"",""references"":""https://www.ddorn.net/data/Dorn_Thesis_Appendix.pdf#page=8 ; https://data.mendeley.com/datasets/czbvhmzwm3/1""},""adjudication_authority"":""No completed modern adjudication"",""step_2b"":{""file"":""automation_onet_crosswalk_candidates.csv"",""csv_rows"":[619,620,621],""candidate_statuses"":[""PENDING_REVIEW""],""accepted_as_final"":false}}",Historical label correspondence does not prove OCC1990DD is Wocke canonical taxonomy. Taxonomy only; exposure propagation remains undefined. Outside explicit priority adjudication rules; no completed human decision exists. Step 2B AUTO_EXACT/fuzzy/ambiguous candidates are not promoted to frozen taxonomy mappings.,v1.0
142,"Eligibility clerks for government prog., social welfare",OCC1990DD,377,"Eligibility clerks for government prog., social welfare",,,UNRESOLVED,UNRESOLVED,NOT_ADJUDICATED_MODERN_SCOPE,"{""historical"":{""file"":""source_taxonomy_provenance.csv"",""automation_record_id"":""142"",""verification_status"":""VERIFIED"",""references"":""https://www.ddorn.net/data/Dorn_Thesis_Appendix.pdf#page=8 ; https://data.mendeley.com/datasets/czbvhmzwm3/1""},""adjudication_authority"":""No completed modern adjudication"",""step_2b"":{""file"":""automation_onet_crosswalk_candidates.csv"",""csv_rows"":[622],""candidate_statuses"":[""PENDING_REVIEW""],""accepted_as_final"":false}}",Historical label correspondence does not prove OCC1990DD is Wocke canonical taxonomy. Taxonomy only; exposure propagation remains undefined. Outside explicit priority adjudication rules; no completed human decision exists. Step 2B AUTO_EXACT/fuzzy/ambiguous candidates are not promoted to frozen taxonomy mappings.,v1.0
143,Bill and account collectors,OCC1990DD,378,Bill and account collectors,,,UNRESOLVED,UNRESOLVED,NOT_ADJUDICATED_MODERN_SCOPE,"{""historical"":{""file"":""source_taxonomy_provenance.csv"",""automation_record_id"":""143"",""verification_status"":""VERIFIED"",""references"":""https://www.ddorn.net/data/Dorn_Thesis_Appendix.pdf#page=8 ; https://data.mendeley.com/datasets/czbvhmzwm3/1""},""adjudication_authority"":""No completed modern adjudication"",""step_2b"":{""file"":""automation_onet_crosswalk_candidates.csv"",""csv_rows"":[623],""candidate_statuses"":[""AUTO_EXACT""],""accepted_as_final"":false}}",Historical label correspondence does not prove OCC1990DD is Wocke canonical taxonomy. Taxonomy only; exposure propagation remains undefined. Outside explicit priority adjudication rules; no completed human decision exists. Step 2B AUTO_EXACT/fuzzy/ambiguous candidates are not promoted to frozen taxonomy mappings.,v1.0
144,General office clerks,OCC1990DD,379,General office clerks,,,UNRESOLVED,UNRESOLVED,NOT_ADJUDICATED_MODERN_SCOPE,"{""historical"":{""file"":""source_taxonomy_provenance.csv"",""automation_record_id"":""144"",""verification_status"":""VERIFIED"",""references"":""https://www.ddorn.net/data/Dorn_Thesis_Appendix.pdf#page=8 ; https://data.mendeley.com/datasets/czbvhmzwm3/1""},""adjudication_authority"":""No completed modern adjudication"",""step_2b"":{""file"":""automation_onet_crosswalk_candidates.csv"",""csv_rows"":[624,625,626],""candidate_statuses"":[""PENDING_REVIEW""],""accepted_as_final"":false}}",Historical label correspondence does not prove OCC1990DD is Wocke canonical taxonomy. Taxonomy only; exposure propagation remains undefined. Outside explicit priority adjudication rules; no completed human decision exists. Step 2B AUTO_EXACT/fuzzy/ambiguous candidates are not promoted to frozen taxonomy mappings.,v1.0
145,Bank tellers,OCC1990DD,383,Bank tellers,,,UNRESOLVED,UNRESOLVED,NOT_ADJUDICATED_MODERN_SCOPE,"{""historical"":{""file"":""source_taxonomy_provenance.csv"",""automation_record_id"":""145"",""verification_status"":""VERIFIED"",""references"":""https://www.ddorn.net/data/Dorn_Thesis_Appendix.pdf#page=8 ; https://data.mendeley.com/datasets/czbvhmzwm3/1""},""adjudication_authority"":""No completed modern adjudication"",""step_2b"":{""file"":""automation_onet_crosswalk_candidates.csv"",""csv_rows"":[627,628,629,630],""candidate_statuses"":[""PENDING_REVIEW""],""accepted_as_final"":false}}",Historical label correspondence does not prove OCC1990DD is Wocke canonical taxonomy. Taxonomy only; exposure propagation remains undefined. Outside explicit priority adjudication rules; no completed human decision exists. Step 2B AUTO_EXACT/fuzzy/ambiguous candidates are not promoted to frozen taxonomy mappings.,v1.0
146,Proofreaders,OCC1990DD,384,Proofreaders,,,UNRESOLVED,UNRESOLVED,NOT_ADJUDICATED_MODERN_SCOPE,"{""historical"":{""file"":""source_taxonomy_provenance.csv"",""automation_record_id"":""146"",""verification_status"":""VERIFIED"",""references"":""https://www.ddorn.net/data/Dorn_Thesis_Appendix.pdf#page=8 ; https://data.mendeley.com/datasets/czbvhmzwm3/1""},""adjudication_authority"":""No completed modern adjudication"",""step_2b"":{""file"":""automation_onet_crosswalk_candidates.csv"",""csv_rows"":[631],""candidate_statuses"":[""PENDING_REVIEW""],""accepted_as_final"":false}}",Historical label correspondence does not prove OCC1990DD is Wocke canonical taxonomy. Taxonomy only; exposure propagation remains undefined. Outside explicit priority adjudication rules; no completed human decision exists. Step 2B AUTO_EXACT/fuzzy/ambiguous candidates are not promoted to frozen taxonomy mappings.,v1.0
147,Data entry keyers,OCC1990DD,385,Data entry keyers,,,UNRESOLVED,UNRESOLVED,NOT_ADJUDICATED_MODERN_SCOPE,"{""historical"":{""file"":""source_taxonomy_provenance.csv"",""automation_record_id"":""147"",""verification_status"":""VERIFIED"",""references"":""https://www.ddorn.net/data/Dorn_Thesis_Appendix.pdf#page=8 ; https://data.mendeley.com/datasets/czbvhmzwm3/1""},""adjudication_authority"":""No completed modern adjudication"",""step_2b"":{""file"":""automation_onet_crosswalk_candidates.csv"",""csv_rows"":[632],""candidate_statuses"":[""AUTO_EXACT""],""accepted_as_final"":false}}",Historical label correspondence does not prove OCC1990DD is Wocke canonical taxonomy. Taxonomy only; exposure propagation remains undefined. Outside explicit priority adjudication rules; no completed human decision exists. Step 2B AUTO_EXACT/fuzzy/ambiguous candidates are not promoted to frozen taxonomy mappings.,v1.0
148,Statistical clerks,OCC1990DD,386,Statistical clerks,,,UNRESOLVED,UNRESOLVED,NOT_ADJUDICATED_MODERN_SCOPE,"{""historical"":{""file"":""source_taxonomy_provenance.csv"",""automation_record_id"":""148"",""verification_status"":""VERIFIED"",""references"":""https://www.ddorn.net/data/Dorn_Thesis_Appendix.pdf#page=8 ; https://data.mendeley.com/datasets/czbvhmzwm3/1""},""adjudication_authority"":""No completed modern adjudication"",""step_2b"":{""file"":""automation_onet_crosswalk_candidates.csv"",""csv_rows"":[633,634,635,636,637],""candidate_statuses"":[""PENDING_REVIEW""],""accepted_as_final"":false}}",Historical label correspondence does not prove OCC1990DD is Wocke canonical taxonomy. Taxonomy only; exposure propagation remains undefined. Outside explicit priority adjudication rules; no completed human decision exists. Step 2B AUTO_EXACT/fuzzy/ambiguous candidates are not promoted to frozen taxonomy mappings.,v1.0
149,Teacher's aides,OCC1990DD,387,Teacher's aides,,,UNRESOLVED,UNRESOLVED,NOT_ADJUDICATED_MODERN_SCOPE,"{""historical"":{""file"":""source_taxonomy_provenance.csv"",""automation_record_id"":""149"",""verification_status"":""VERIFIED"",""references"":""https://www.ddorn.net/data/Dorn_Thesis_Appendix.pdf#page=8 ; https://data.mendeley.com/datasets/czbvhmzwm3/1""},""adjudication_authority"":""No completed modern adjudication"",""step_2b"":{""file"":""automation_onet_crosswalk_candidates.csv"",""csv_rows"":[638],""candidate_statuses"":[""PENDING_REVIEW""],""accepted_as_final"":false}}",Historical label correspondence does not prove OCC1990DD is Wocke canonical taxonomy. Taxonomy only; exposure propagation remains undefined. Outside explicit priority adjudication rules; no completed human decision exists. Step 2B AUTO_EXACT/fuzzy/ambiguous candidates are not promoted to frozen taxonomy mappings.,v1.0
150,"Housekeepers, maids, butlers, and cleaners",OCC1990DD,405,"Housekeepers, maids, butlers, and cleaners",,,UNRESOLVED,UNRESOLVED,NOT_ADJUDICATED_MODERN_SCOPE,"{""historical"":{""file"":""source_taxonomy_provenance.csv"",""automation_record_id"":""150"",""verification_status"":""VERIFIED"",""references"":""https://www.ddorn.net/data/Dorn_Thesis_Appendix.pdf#page=9 ; https://data.mendeley.com/datasets/czbvhmzwm3/1""},""adjudication_authority"":""No completed modern adjudication"",""step_2b"":{""file"":""automation_onet_crosswalk_candidates.csv"",""csv_rows"":[639,640,641,642,643,644,645,646,647,648,649],""candidate_statuses"":[""AMBIGUOUS"",""PENDING_REVIEW""],""accepted_as_final"":false}}",Historical label correspondence does not prove OCC1990DD is Wocke canonical taxonomy. Taxonomy only; exposure propagation remains undefined. Outside explicit priority adjudication rules; no completed human decision exists. Step 2B AUTO_EXACT/fuzzy/ambiguous candidates are not promoted to frozen taxonomy mappings.,v1.0
151,Laundry and dry cleaning workers,OCC1990DD,408,Laundry and dry cleaning workers,,,UNRESOLVED,UNRESOLVED,NOT_ADJUDICATED_MODERN_SCOPE,"{""historical"":{""file"":""source_taxonomy_provenance.csv"",""automation_record_id"":""151"",""verification_status"":""VERIFIED"",""references"":""https://www.ddorn.net/data/Dorn_Thesis_Appendix.pdf#page=9 ; https://data.mendeley.com/datasets/czbvhmzwm3/1""},""adjudication_authority"":""No completed modern adjudication"",""step_2b"":{""file"":""automation_onet_crosswalk_candidates.csv"",""csv_rows"":[650],""candidate_statuses"":[""AUTO_EXACT""],""accepted_as_final"":false}}",Historical label correspondence does not prove OCC1990DD is Wocke canonical taxonomy. Taxonomy only; exposure propagation remains undefined. Outside explicit priority adjudication rules; no completed human decision exists. Step 2B AUTO_EXACT/fuzzy/ambiguous candidates are not promoted to frozen taxonomy mappings.,v1.0
152,"Fire fighting, fire prevention, and fire inspection occs",OCC1990DD,417,"Fire fighting, fire prevention, and fire inspection occs",,,UNRESOLVED,UNRESOLVED,NOT_ADJUDICATED_MODERN_SCOPE,"{""historical"":{""file"":""source_taxonomy_provenance.csv"",""automation_record_id"":""152"",""verification_status"":""VERIFIED"",""references"":""https://www.ddorn.net/data/Dorn_Thesis_Appendix.pdf#page=9 ; https://data.mendeley.com/datasets/czbvhmzwm3/1""},""adjudication_authority"":""No completed modern adjudication"",""step_2b"":{""file"":""automation_onet_crosswalk_candidates.csv"",""csv_rows"":[651,652],""candidate_statuses"":[""PENDING_REVIEW""],""accepted_as_final"":false}}",Historical label correspondence does not prove OCC1990DD is Wocke canonical taxonomy. Taxonomy only; exposure propagation remains undefined. Outside explicit priority adjudication rules; no completed human decision exists. Step 2B AUTO_EXACT/fuzzy/ambiguous candidates are not promoted to frozen taxonomy mappings.,v1.0
153,"Police and detectives, public service",OCC1990DD,418,"Police and detectives, public service",,,UNRESOLVED,UNRESOLVED,NOT_ADJUDICATED_MODERN_SCOPE,"{""historical"":{""file"":""source_taxonomy_provenance.csv"",""automation_record_id"":""153"",""verification_status"":""VERIFIED"",""references"":""https://www.ddorn.net/data/Dorn_Thesis_Appendix.pdf#page=9 ; https://data.mendeley.com/datasets/czbvhmzwm3/1""},""adjudication_authority"":""No completed modern adjudication"",""step_2b"":{""file"":""automation_onet_crosswalk_candidates.csv"",""csv_rows"":[653,654],""candidate_statuses"":[""PENDING_REVIEW""],""accepted_as_final"":false}}",Historical label correspondence does not prove OCC1990DD is Wocke canonical taxonomy. Taxonomy only; exposure propagation remains undefined. Outside explicit priority adjudication rules; no completed human decision exists. Step 2B AUTO_EXACT/fuzzy/ambiguous candidates are not promoted to frozen taxonomy mappings.,v1.0
154,"Sheriffs, bailiffs, correctional institution officers",OCC1990DD,423,"Sheriffs, bailiffs, correctional institution officers",,,UNRESOLVED,UNRESOLVED,NOT_ADJUDICATED_MODERN_SCOPE,"{""historical"":{""file"":""source_taxonomy_provenance.csv"",""automation_record_id"":""154"",""verification_status"":""VERIFIED"",""references"":""https://www.ddorn.net/data/Dorn_Thesis_Appendix.pdf#page=9 ; https://data.mendeley.com/datasets/czbvhmzwm3/1""},""adjudication_authority"":""No completed modern adjudication"",""step_2b"":{""file"":""automation_onet_crosswalk_candidates.csv"",""csv_rows"":[655,656,657],""candidate_statuses"":[""PENDING_REVIEW""],""accepted_as_final"":false}}",Historical label correspondence does not prove OCC1990DD is Wocke canonical taxonomy. Taxonomy only; exposure propagation remains undefined. Outside explicit priority adjudication rules; no completed human decision exists. Step 2B AUTO_EXACT/fuzzy/ambiguous candidates are not promoted to frozen taxonomy mappings.,v1.0
155,Crossing guards,OCC1990DD,425,Crossing guards,,,UNRESOLVED,UNRESOLVED,NOT_ADJUDICATED_MODERN_SCOPE,"{""historical"":{""file"":""source_taxonomy_provenance.csv"",""automation_record_id"":""155"",""verification_status"":""VERIFIED"",""references"":""https://www.ddorn.net/data/Dorn_Thesis_Appendix.pdf#page=9 ; https://data.mendeley.com/datasets/czbvhmzwm3/1""},""adjudication_authority"":""No completed modern adjudication"",""step_2b"":{""file"":""automation_onet_crosswalk_candidates.csv"",""csv_rows"":[658,659],""candidate_statuses"":[""PENDING_REVIEW""],""accepted_as_final"":false}}",Historical label correspondence does not prove OCC1990DD is Wocke canonical taxonomy. Taxonomy only; exposure propagation remains undefined. Outside explicit priority adjudication rules; no completed human decision exists. Step 2B AUTO_EXACT/fuzzy/ambiguous candidates are not promoted to frozen taxonomy mappings.,v1.0
156,"Guards and police, except public service",OCC1990DD,426,"Guards and police, except public service",,,UNRESOLVED,UNRESOLVED,NOT_ADJUDICATED_MODERN_SCOPE,"{""historical"":{""file"":""source_taxonomy_provenance.csv"",""automation_record_id"":""156"",""verification_status"":""VERIFIED"",""references"":""https://www.ddorn.net/data/Dorn_Thesis_Appendix.pdf#page=9 ; https://data.mendeley.com/datasets/czbvhmzwm3/1""},""adjudication_authority"":""No completed modern adjudication"",""step_2b"":{""file"":""automation_onet_crosswalk_candidates.csv"",""csv_rows"":[660],""candidate_statuses"":[""PENDING_REVIEW""],""accepted_as_final"":false}}",Historical label correspondence does not prove OCC1990DD is Wocke canonical taxonomy. Taxonomy only; exposure propagation remains undefined. Outside explicit priority adjudication rules; no completed human decision exists. Step 2B AUTO_EXACT/fuzzy/ambiguous candidates are not promoted to frozen taxonomy mappings.,v1.0
157,"Protective service, n.e.c.",OCC1990DD,427,"Protective service, n.e.c.",,,UNRESOLVED,UNRESOLVED,NOT_ADJUDICATED_MODERN_SCOPE,"{""historical"":{""file"":""source_taxonomy_provenance.csv"",""automation_record_id"":""157"",""verification_status"":""VERIFIED"",""references"":""https://www.ddorn.net/data/Dorn_Thesis_Appendix.pdf#page=9 ; https://data.mendeley.com/datasets/czbvhmzwm3/1""},""adjudication_authority"":""No completed modern adjudication"",""step_2b"":{""file"":""automation_onet_crosswalk_candidates.csv"",""csv_rows"":[661],""candidate_statuses"":[""PENDING_REVIEW""],""accepted_as_final"":false}}",Historical label correspondence does not prove OCC1990DD is Wocke canonical taxonomy. Taxonomy only; exposure propagation remains undefined. Outside explicit priority adjudication rules; no completed human decision exists. Step 2B AUTO_EXACT/fuzzy/ambiguous candidates are not promoted to frozen taxonomy mappings.,v1.0
158,Bartenders,OCC1990DD,434,Bartenders,,,UNRESOLVED,UNRESOLVED,NOT_ADJUDICATED_MODERN_SCOPE,"{""historical"":{""file"":""source_taxonomy_provenance.csv"",""automation_record_id"":""158"",""verification_status"":""VERIFIED"",""references"":""https://www.ddorn.net/data/Dorn_Thesis_Appendix.pdf#page=9 ; https://data.mendeley.com/datasets/czbvhmzwm3/1""},""adjudication_authority"":""No completed modern adjudication"",""step_2b"":{""file"":""automation_onet_crosswalk_candidates.csv"",""csv_rows"":[662],""candidate_statuses"":[""AUTO_EXACT""],""accepted_as_final"":false}}",Historical label correspondence does not prove OCC1990DD is Wocke canonical taxonomy. Taxonomy only; exposure propagation remains undefined. Outside explicit priority adjudication rules; no completed human decision exists. Step 2B AUTO_EXACT/fuzzy/ambiguous candidates are not promoted to frozen taxonomy mappings.,v1.0
159,Waiters and waitresses,OCC1990DD,435,Waiters and waitresses,,,UNRESOLVED,UNRESOLVED,NOT_ADJUDICATED_MODERN_SCOPE,"{""historical"":{""file"":""source_taxonomy_provenance.csv"",""automation_record_id"":""159"",""verification_status"":""VERIFIED"",""references"":""https://www.ddorn.net/data/Dorn_Thesis_Appendix.pdf#page=9 ; https://data.mendeley.com/datasets/czbvhmzwm3/1""},""adjudication_authority"":""No completed modern adjudication"",""step_2b"":{""file"":""automation_onet_crosswalk_candidates.csv"",""csv_rows"":[663],""candidate_statuses"":[""AUTO_EXACT""],""accepted_as_final"":false}}",Historical label correspondence does not prove OCC1990DD is Wocke canonical taxonomy. Taxonomy only; exposure propagation remains undefined. Outside explicit priority adjudication rules; no completed human decision exists. Step 2B AUTO_EXACT/fuzzy/ambiguous candidates are not promoted to frozen taxonomy mappings.,v1.0
160,Cooks,OCC1990DD,436,Cooks,,,UNRESOLVED,UNRESOLVED,NOT_ADJUDICATED_MODERN_SCOPE,"{""historical"":{""file"":""source_taxonomy_provenance.csv"",""automation_record_id"":""160"",""verification_status"":""VERIFIED"",""references"":""https://www.ddorn.net/data/Dorn_Thesis_Appendix.pdf#page=9 ; https://data.mendeley.com/datasets/czbvhmzwm3/1""},""adjudication_authority"":""No completed modern adjudication"",""step_2b"":{""file"":""automation_onet_crosswalk_candidates.csv"",""csv_rows"":[664],""candidate_statuses"":[""PENDING_REVIEW""],""accepted_as_final"":false}}",Historical label correspondence does not prove OCC1990DD is Wocke canonical taxonomy. Taxonomy only; exposure propagation remains undefined. Outside explicit priority adjudication rules; no completed human decision exists. Step 2B AUTO_EXACT/fuzzy/ambiguous candidates are not promoted to frozen taxonomy mappings.,v1.0
161,Food preparation workers,OCC1990DD,439,Food preparation workers,,,UNRESOLVED,UNRESOLVED,NOT_ADJUDICATED_MODERN_SCOPE,"{""historical"":{""file"":""source_taxonomy_provenance.csv"",""automation_record_id"":""161"",""verification_status"":""VERIFIED"",""references"":""https://www.ddorn.net/data/Dorn_Thesis_Appendix.pdf#page=9 ; https://data.mendeley.com/datasets/czbvhmzwm3/1""},""adjudication_authority"":""No completed modern adjudication"",""step_2b"":{""file"":""automation_onet_crosswalk_candidates.csv"",""csv_rows"":[665],""candidate_statuses"":[""AUTO_EXACT""],""accepted_as_final"":false}}",Historical label correspondence does not prove OCC1990DD is Wocke canonical taxonomy. Taxonomy only; exposure propagation remains undefined. Outside explicit priority adjudication rules; no completed human decision exists. Step 2B AUTO_EXACT/fuzzy/ambiguous candidates are not promoted to frozen taxonomy mappings.,v1.0
162,Miscellanious food preparation and service workers,OCC1990DD,444,Miscellanious food preparation and service workers,,,UNRESOLVED,UNRESOLVED,NOT_ADJUDICATED_MODERN_SCOPE,"{""historical"":{""file"":""source_taxonomy_provenance.csv"",""automation_record_id"":""162"",""verification_status"":""VERIFIED"",""references"":""https://www.ddorn.net/data/Dorn_Thesis_Appendix.pdf#page=9 ; https://data.mendeley.com/datasets/czbvhmzwm3/1""},""adjudication_authority"":""No completed modern adjudication"",""step_2b"":{""file"":""automation_onet_crosswalk_candidates.csv"",""csv_rows"":[666,667,668,669,670,671,672,673],""candidate_statuses"":[""PENDING_REVIEW""],""accepted_as_final"":false}}",Historical label correspondence does not prove OCC1990DD is Wocke canonical taxonomy. Taxonomy only; exposure propagation remains undefined. Outside explicit priority adjudication rules; no completed human decision exists. Step 2B AUTO_EXACT/fuzzy/ambiguous candidates are not promoted to frozen taxonomy mappings.,v1.0
163,Dental Assistants,OCC1990DD,445,Dental Assistants,,,UNRESOLVED,UNRESOLVED,NOT_ADJUDICATED_MODERN_SCOPE,"{""historical"":{""file"":""source_taxonomy_provenance.csv"",""automation_record_id"":""163"",""verification_status"":""VERIFIED"",""references"":""https://www.ddorn.net/data/Dorn_Thesis_Appendix.pdf#page=9 ; https://data.mendeley.com/datasets/czbvhmzwm3/1""},""adjudication_authority"":""No completed modern adjudication"",""step_2b"":{""file"":""automation_onet_crosswalk_candidates.csv"",""csv_rows"":[674],""candidate_statuses"":[""AUTO_EXACT""],""accepted_as_final"":false}}",Historical label correspondence does not prove OCC1990DD is Wocke canonical taxonomy. Taxonomy only; exposure propagation remains undefined. Outside explicit priority adjudication rules; no completed human decision exists. Step 2B AUTO_EXACT/fuzzy/ambiguous candidates are not promoted to frozen taxonomy mappings.,v1.0
164,Health and nursing aides,OCC1990DD,447,Health and nursing aides,,,UNRESOLVED,UNRESOLVED,NOT_ADJUDICATED_MODERN_SCOPE,"{""historical"":{""file"":""source_taxonomy_provenance.csv"",""automation_record_id"":""164"",""verification_status"":""VERIFIED"",""references"":""https://www.ddorn.net/data/Dorn_Thesis_Appendix.pdf#page=9 ; https://data.mendeley.com/datasets/czbvhmzwm3/1""},""adjudication_authority"":""No completed modern adjudication"",""step_2b"":{""file"":""automation_onet_crosswalk_candidates.csv"",""csv_rows"":[675,676,677,678],""candidate_statuses"":[""PENDING_REVIEW""],""accepted_as_final"":false}}",Historical label correspondence does not prove OCC1990DD is Wocke canonical taxonomy. Taxonomy only; exposure propagation remains undefined. Outside explicit priority adjudication rules; no completed human decision exists. Step 2B AUTO_EXACT/fuzzy/ambiguous candidates are not promoted to frozen taxonomy mappings.,v1.0
165,Supervisors of cleaning and building service,OCC1990DD,448,Supervisors of cleaning and building service,,,UNRESOLVED,UNRESOLVED,NOT_ADJUDICATED_MODERN_SCOPE,"{""historical"":{""file"":""source_taxonomy_provenance.csv"",""automation_record_id"":""165"",""verification_status"":""VERIFIED"",""references"":""https://www.ddorn.net/data/Dorn_Thesis_Appendix.pdf#page=9 ; https://data.mendeley.com/datasets/czbvhmzwm3/1""},""adjudication_authority"":""No completed modern adjudication"",""step_2b"":{""file"":""automation_onet_crosswalk_candidates.csv"",""csv_rows"":[679],""candidate_statuses"":[""UNMATCHED""],""accepted_as_final"":false}}",Historical label correspondence does not prove OCC1990DD is Wocke canonical taxonomy. Taxonomy only; exposure propagation remains undefined. Outside explicit priority adjudication rules; no completed human decision exists. Step 2B AUTO_EXACT/fuzzy/ambiguous candidates are not promoted to frozen taxonomy mappings.,v1.0
166,"Superv. of landscaping, lawn service, groundskeeping",OCC1990DD,450,"Superv. of landscaping, lawn service, groundskeeping",,,UNRESOLVED,UNRESOLVED,NOT_ADJUDICATED_MODERN_SCOPE,"{""historical"":{""file"":""source_taxonomy_provenance.csv"",""automation_record_id"":""166"",""verification_status"":""VERIFIED"",""references"":""https://www.ddorn.net/data/Dorn_Thesis_Appendix.pdf#page=9 ; https://data.mendeley.com/datasets/czbvhmzwm3/1""},""adjudication_authority"":""No completed modern adjudication"",""step_2b"":{""file"":""automation_onet_crosswalk_candidates.csv"",""csv_rows"":[680,681],""candidate_statuses"":[""PENDING_REVIEW""],""accepted_as_final"":false}}",Historical label correspondence does not prove OCC1990DD is Wocke canonical taxonomy. Taxonomy only; exposure propagation remains undefined. Outside explicit priority adjudication rules; no completed human decision exists. Step 2B AUTO_EXACT/fuzzy/ambiguous candidates are not promoted to frozen taxonomy mappings.,v1.0
167,Gardeners and groundskeepers,OCC1990DD,451,Gardeners and groundskeepers,,,UNRESOLVED,UNRESOLVED,NOT_ADJUDICATED_MODERN_SCOPE,"{""historical"":{""file"":""source_taxonomy_provenance.csv"",""automation_record_id"":""167"",""verification_status"":""VERIFIED"",""references"":""https://www.ddorn.net/data/Dorn_Thesis_Appendix.pdf#page=9 ; https://data.mendeley.com/datasets/czbvhmzwm3/1""},""adjudication_authority"":""No completed modern adjudication"",""step_2b"":{""file"":""automation_onet_crosswalk_candidates.csv"",""csv_rows"":[682,683,684,685,686,687,688,689],""candidate_statuses"":[""AMBIGUOUS"",""PENDING_REVIEW""],""accepted_as_final"":false}}",Historical label correspondence does not prove OCC1990DD is Wocke canonical taxonomy. Taxonomy only; exposure propagation remains undefined. Outside explicit priority adjudication rules; no completed human decision exists. Step 2B AUTO_EXACT/fuzzy/ambiguous candidates are not promoted to frozen taxonomy mappings.,v1.0
168,Janitors,OCC1990DD,453,Janitors,,,UNRESOLVED,UNRESOLVED,NOT_ADJUDICATED_MODERN_SCOPE,"{""historical"":{""file"":""source_taxonomy_provenance.csv"",""automation_record_id"":""168"",""verification_status"":""VERIFIED"",""references"":""https://www.ddorn.net/data/Dorn_Thesis_Appendix.pdf#page=9 ; https://data.mendeley.com/datasets/czbvhmzwm3/1""},""adjudication_authority"":""No completed modern adjudication"",""step_2b"":{""file"":""automation_onet_crosswalk_candidates.csv"",""csv_rows"":[690,691,692],""candidate_statuses"":[""PENDING_REVIEW""],""accepted_as_final"":false}}",Historical label correspondence does not prove OCC1990DD is Wocke canonical taxonomy. Taxonomy only; exposure propagation remains undefined. Outside explicit priority adjudication rules; no completed human decision exists. Step 2B AUTO_EXACT/fuzzy/ambiguous candidates are not promoted to frozen taxonomy mappings.,v1.0
169,Pest control occupations,OCC1990DD,455,Pest control occupations,,,UNRESOLVED,UNRESOLVED,NOT_ADJUDICATED_MODERN_SCOPE,"{""historical"":{""file"":""source_taxonomy_provenance.csv"",""automation_record_id"":""169"",""verification_status"":""VERIFIED"",""references"":""https://www.ddorn.net/data/Dorn_Thesis_Appendix.pdf#page=9 ; https://data.mendeley.com/datasets/czbvhmzwm3/1""},""adjudication_authority"":""No completed modern adjudication"",""step_2b"":{""file"":""automation_onet_crosswalk_candidates.csv"",""csv_rows"":[693],""candidate_statuses"":[""PENDING_REVIEW""],""accepted_as_final"":false}}",Historical label correspondence does not prove OCC1990DD is Wocke canonical taxonomy. Taxonomy only; exposure propagation remains undefined. Outside explicit priority adjudication rules; no completed human decision exists. Step 2B AUTO_EXACT/fuzzy/ambiguous candidates are not promoted to frozen taxonomy mappings.,v1.0
170,Barbers,OCC1990DD,457,Barbers,,,UNRESOLVED,UNRESOLVED,NOT_ADJUDICATED_MODERN_SCOPE,"{""historical"":{""file"":""source_taxonomy_provenance.csv"",""automation_record_id"":""170"",""verification_status"":""VERIFIED"",""references"":""https://www.ddorn.net/data/Dorn_Thesis_Appendix.pdf#page=9 ; https://data.mendeley.com/datasets/czbvhmzwm3/1""},""adjudication_authority"":""No completed modern adjudication"",""step_2b"":{""file"":""automation_onet_crosswalk_candidates.csv"",""csv_rows"":[694],""candidate_statuses"":[""AUTO_EXACT""],""accepted_as_final"":false}}",Historical label correspondence does not prove OCC1990DD is Wocke canonical taxonomy. Taxonomy only; exposure propagation remains undefined. Outside explicit priority adjudication rules; no completed human decision exists. Step 2B AUTO_EXACT/fuzzy/ambiguous candidates are not promoted to frozen taxonomy mappings.,v1.0
171,Hairdressers and cosmetologists,OCC1990DD,458,Hairdressers and cosmetologists,,,UNRESOLVED,UNRESOLVED,NOT_ADJUDICATED_MODERN_SCOPE,"{""historical"":{""file"":""source_taxonomy_provenance.csv"",""automation_record_id"":""171"",""verification_status"":""VERIFIED"",""references"":""https://www.ddorn.net/data/Dorn_Thesis_Appendix.pdf#page=9 ; https://data.mendeley.com/datasets/czbvhmzwm3/1""},""adjudication_authority"":""No completed modern adjudication"",""step_2b"":{""file"":""automation_onet_crosswalk_candidates.csv"",""csv_rows"":[695,696,697,698,699,700,701,702,703],""candidate_statuses"":[""PENDING_REVIEW""],""accepted_as_final"":false}}",Historical label correspondence does not prove OCC1990DD is Wocke canonical taxonomy. Taxonomy only; exposure propagation remains undefined. Outside explicit priority adjudication rules; no completed human decision exists. Step 2B AUTO_EXACT/fuzzy/ambiguous candidates are not promoted to frozen taxonomy mappings.,v1.0
172,Recreation facility attendants,OCC1990DD,459,Recreation facility attendants,,,UNRESOLVED,UNRESOLVED,NOT_ADJUDICATED_MODERN_SCOPE,"{""historical"":{""file"":""source_taxonomy_provenance.csv"",""automation_record_id"":""172"",""verification_status"":""VERIFIED"",""references"":""https://www.ddorn.net/data/Dorn_Thesis_Appendix.pdf#page=9 ; https://data.mendeley.com/datasets/czbvhmzwm3/1""},""adjudication_authority"":""No completed modern adjudication"",""step_2b"":{""file"":""automation_onet_crosswalk_candidates.csv"",""csv_rows"":[704,705],""candidate_statuses"":[""PENDING_REVIEW""],""accepted_as_final"":false}}",Historical label correspondence does not prove OCC1990DD is Wocke canonical taxonomy. Taxonomy only; exposure propagation remains undefined. Outside explicit priority adjudication rules; no completed human decision exists. Step 2B AUTO_EXACT/fuzzy/ambiguous candidates are not promoted to frozen taxonomy mappings.,v1.0
173,Guides,OCC1990DD,461,Guides,,,UNRESOLVED,UNRESOLVED,NOT_ADJUDICATED_MODERN_SCOPE,"{""historical"":{""file"":""source_taxonomy_provenance.csv"",""automation_record_id"":""173"",""verification_status"":""VERIFIED"",""references"":""https://www.ddorn.net/data/Dorn_Thesis_Appendix.pdf#page=9 ; https://data.mendeley.com/datasets/czbvhmzwm3/1""},""adjudication_authority"":""No completed modern adjudication"",""step_2b"":{""file"":""automation_onet_crosswalk_candidates.csv"",""csv_rows"":[706],""candidate_statuses"":[""PENDING_REVIEW""],""accepted_as_final"":false}}",Historical label correspondence does not prove OCC1990DD is Wocke canonical taxonomy. Taxonomy only; exposure propagation remains undefined. Outside explicit priority adjudication rules; no completed human decision exists. Step 2B AUTO_EXACT/fuzzy/ambiguous candidates are not promoted to frozen taxonomy mappings.,v1.0
174,Ushers,OCC1990DD,462,Ushers,,,UNRESOLVED,UNRESOLVED,NOT_ADJUDICATED_MODERN_SCOPE,"{""historical"":{""file"":""source_taxonomy_provenance.csv"",""automation_record_id"":""174"",""verification_status"":""VERIFIED"",""references"":""https://www.ddorn.net/data/Dorn_Thesis_Appendix.pdf#page=9 ; https://data.mendeley.com/datasets/czbvhmzwm3/1""},""adjudication_authority"":""No completed modern adjudication"",""step_2b"":{""file"":""automation_onet_crosswalk_candidates.csv"",""csv_rows"":[707,708],""candidate_statuses"":[""PENDING_REVIEW""],""accepted_as_final"":false}}",Historical label correspondence does not prove OCC1990DD is Wocke canonical taxonomy. Taxonomy only; exposure propagation remains undefined. Outside explicit priority adjudication rules; no completed human decision exists. Step 2B AUTO_EXACT/fuzzy/ambiguous candidates are not promoted to frozen taxonomy mappings.,v1.0
175,"Baggage porters, bellhops and concierges",OCC1990DD,464,"Baggage porters, bellhops and concierges",,,UNRESOLVED,UNRESOLVED,NOT_ADJUDICATED_MODERN_SCOPE,"{""historical"":{""file"":""source_taxonomy_provenance.csv"",""automation_record_id"":""175"",""verification_status"":""VERIFIED"",""references"":""https://www.ddorn.net/data/Dorn_Thesis_Appendix.pdf#page=9 ; https://data.mendeley.com/datasets/czbvhmzwm3/1""},""adjudication_authority"":""No completed modern adjudication"",""step_2b"":{""file"":""automation_onet_crosswalk_candidates.csv"",""csv_rows"":[709,710,711],""candidate_statuses"":[""PENDING_REVIEW""],""accepted_as_final"":false}}",Historical label correspondence does not prove OCC1990DD is Wocke canonical taxonomy. Taxonomy only; exposure propagation remains undefined. Outside explicit priority adjudication rules; no completed human decision exists. Step 2B AUTO_EXACT/fuzzy/ambiguous candidates are not promoted to frozen taxonomy mappings.,v1.0
176,Recreation and fitness workers,OCC1990DD,466,Recreation and fitness workers,,,UNRESOLVED,UNRESOLVED,NOT_ADJUDICATED_MODERN_SCOPE,"{""historical"":{""file"":""source_taxonomy_provenance.csv"",""automation_record_id"":""176"",""verification_status"":""VERIFIED"",""references"":""https://www.ddorn.net/data/Dorn_Thesis_Appendix.pdf#page=9 ; https://data.mendeley.com/datasets/czbvhmzwm3/1""},""adjudication_authority"":""No completed modern adjudication"",""step_2b"":{""file"":""automation_onet_crosswalk_candidates.csv"",""csv_rows"":[712,713,714,715,716,717,718,719,720],""candidate_statuses"":[""PENDING_REVIEW""],""accepted_as_final"":false}}",Historical label correspondence does not prove OCC1990DD is Wocke canonical taxonomy. Taxonomy only; exposure propagation remains undefined. Outside explicit priority adjudication rules; no completed human decision exists. Step 2B AUTO_EXACT/fuzzy/ambiguous candidates are not promoted to frozen taxonomy mappings.,v1.0
177,Motion picture projectionists,OCC1990DD,467,Motion picture projectionists,,,UNRESOLVED,UNRESOLVED,NOT_ADJUDICATED_MODERN_SCOPE,"{""historical"":{""file"":""source_taxonomy_provenance.csv"",""automation_record_id"":""177"",""verification_status"":""VERIFIED"",""references"":""https://www.ddorn.net/data/Dorn_Thesis_Appendix.pdf#page=9 ; https://data.mendeley.com/datasets/czbvhmzwm3/1""},""adjudication_authority"":""No completed modern adjudication"",""step_2b"":{""file"":""automation_onet_crosswalk_candidates.csv"",""csv_rows"":[721],""candidate_statuses"":[""AUTO_EXACT""],""accepted_as_final"":false}}",Historical label correspondence does not prove OCC1990DD is Wocke canonical taxonomy. Taxonomy only; exposure propagation remains undefined. Outside explicit priority adjudication rules; no completed human decision exists. Step 2B AUTO_EXACT/fuzzy/ambiguous candidates are not promoted to frozen taxonomy mappings.,v1.0
178,Child care workers,OCC1990DD,468,Child care workers,,,UNRESOLVED,UNRESOLVED,NOT_ADJUDICATED_MODERN_SCOPE,"{""historical"":{""file"":""source_taxonomy_provenance.csv"",""automation_record_id"":""178"",""verification_status"":""VERIFIED"",""references"":""https://www.ddorn.net/data/Dorn_Thesis_Appendix.pdf#page=10 ; https://data.mendeley.com/datasets/czbvhmzwm3/1""},""adjudication_authority"":""No completed modern adjudication"",""step_2b"":{""file"":""automation_onet_crosswalk_candidates.csv"",""csv_rows"":[722,723,724,725,726],""candidate_statuses"":[""PENDING_REVIEW""],""accepted_as_final"":false}}",Historical label correspondence does not prove OCC1990DD is Wocke canonical taxonomy. Taxonomy only; exposure propagation remains undefined. Outside explicit priority adjudication rules; no completed human decision exists. Step 2B AUTO_EXACT/fuzzy/ambiguous candidates are not promoted to frozen taxonomy mappings.,v1.0
179,"Supervisors of personal service jobs, n.e.c",OCC1990DD,470,"Supervisors of personal service jobs, n.e.c",,,UNRESOLVED,UNRESOLVED,NOT_ADJUDICATED_MODERN_SCOPE,"{""historical"":{""file"":""source_taxonomy_provenance.csv"",""automation_record_id"":""179"",""verification_status"":""VERIFIED"",""references"":""https://www.ddorn.net/data/Dorn_Thesis_Appendix.pdf#page=10 ; https://data.mendeley.com/datasets/czbvhmzwm3/1""},""adjudication_authority"":""No completed modern adjudication"",""step_2b"":{""file"":""automation_onet_crosswalk_candidates.csv"",""csv_rows"":[727],""candidate_statuses"":[""PENDING_REVIEW""],""accepted_as_final"":false}}",Historical label correspondence does not prove OCC1990DD is Wocke canonical taxonomy. Taxonomy only; exposure propagation remains undefined. Outside explicit priority adjudication rules; no completed human decision exists. Step 2B AUTO_EXACT/fuzzy/ambiguous candidates are not promoted to frozen taxonomy mappings.,v1.0
180,Public transportation attendants and inspectors,OCC1990DD,471,Public transportation attendants and inspectors,,,UNRESOLVED,UNRESOLVED,NOT_ADJUDICATED_MODERN_SCOPE,"{""historical"":{""file"":""source_taxonomy_provenance.csv"",""automation_record_id"":""180"",""verification_status"":""VERIFIED"",""references"":""https://www.ddorn.net/data/Dorn_Thesis_Appendix.pdf#page=10 ; https://data.mendeley.com/datasets/czbvhmzwm3/1""},""adjudication_authority"":""No completed modern adjudication"",""step_2b"":{""file"":""automation_onet_crosswalk_candidates.csv"",""csv_rows"":[728,729,730,731,732,733,734,735,736],""candidate_statuses"":[""PENDING_REVIEW""],""accepted_as_final"":false}}",Historical label correspondence does not prove OCC1990DD is Wocke canonical taxonomy. Taxonomy only; exposure propagation remains undefined. Outside explicit priority adjudication rules; no completed human decision exists. Step 2B AUTO_EXACT/fuzzy/ambiguous candidates are not promoted to frozen taxonomy mappings.,v1.0
181,"Animal caretakers, except farm",OCC1990DD,472,"Animal caretakers, except farm",,,UNRESOLVED,UNRESOLVED,NOT_ADJUDICATED_MODERN_SCOPE,"{""historical"":{""file"":""source_taxonomy_provenance.csv"",""automation_record_id"":""181"",""verification_status"":""VERIFIED"",""references"":""https://www.ddorn.net/data/Dorn_Thesis_Appendix.pdf#page=10 ; https://data.mendeley.com/datasets/czbvhmzwm3/1""},""adjudication_authority"":""No completed modern adjudication"",""step_2b"":{""file"":""automation_onet_crosswalk_candidates.csv"",""csv_rows"":[737],""candidate_statuses"":[""PENDING_REVIEW""],""accepted_as_final"":false}}",Historical label correspondence does not prove OCC1990DD is Wocke canonical taxonomy. Taxonomy only; exposure propagation remains undefined. Outside explicit priority adjudication rules; no completed human decision exists. Step 2B AUTO_EXACT/fuzzy/ambiguous candidates are not promoted to frozen taxonomy mappings.,v1.0
182,Supervisors of mechanics and repairers,OCC1990DD,503,Supervisors of mechanics and repairers,,,UNRESOLVED,UNRESOLVED,NOT_ADJUDICATED_MODERN_SCOPE,"{""historical"":{""file"":""source_taxonomy_provenance.csv"",""automation_record_id"":""182"",""verification_status"":""VERIFIED"",""references"":""https://www.ddorn.net/data/Dorn_Thesis_Appendix.pdf#page=10 ; https://data.mendeley.com/datasets/czbvhmzwm3/1""},""adjudication_authority"":""No completed modern adjudication"",""step_2b"":{""file"":""automation_onet_crosswalk_candidates.csv"",""csv_rows"":[738,739,740,741,742,743,744,745,746,747],""candidate_statuses"":[""PENDING_REVIEW""],""accepted_as_final"":false}}",Historical label correspondence does not prove OCC1990DD is Wocke canonical taxonomy. Taxonomy only; exposure propagation remains undefined. Outside explicit priority adjudication rules; no completed human decision exists. Step 2B AUTO_EXACT/fuzzy/ambiguous candidates are not promoted to frozen taxonomy mappings.,v1.0
183,Automobile mechanics and repairers,OCC1990DD,505,Automobile mechanics and repairers,,,UNRESOLVED,UNRESOLVED,NOT_ADJUDICATED_MODERN_SCOPE,"{""historical"":{""file"":""source_taxonomy_provenance.csv"",""automation_record_id"":""183"",""verification_status"":""VERIFIED"",""references"":""https://www.ddorn.net/data/Dorn_Thesis_Appendix.pdf#page=10 ; https://data.mendeley.com/datasets/czbvhmzwm3/1""},""adjudication_authority"":""No completed modern adjudication"",""step_2b"":{""file"":""automation_onet_crosswalk_candidates.csv"",""csv_rows"":[748,749,750,751,752,753,754,755,756,757,758],""candidate_statuses"":[""PENDING_REVIEW""],""accepted_as_final"":false}}",Historical label correspondence does not prove OCC1990DD is Wocke canonical taxonomy. Taxonomy only; exposure propagation remains undefined. Outside explicit priority adjudication rules; no completed human decision exists. Step 2B AUTO_EXACT/fuzzy/ambiguous candidates are not promoted to frozen taxonomy mappings.,v1.0
184,"Bus, truck, and stationary engine mechanics",OCC1990DD,507,"Bus, truck, and stationary engine mechanics",,,UNRESOLVED,UNRESOLVED,NOT_ADJUDICATED_MODERN_SCOPE,"{""historical"":{""file"":""source_taxonomy_provenance.csv"",""automation_record_id"":""184"",""verification_status"":""VERIFIED"",""references"":""https://www.ddorn.net/data/Dorn_Thesis_Appendix.pdf#page=10 ; https://data.mendeley.com/datasets/czbvhmzwm3/1""},""adjudication_authority"":""No completed modern adjudication"",""step_2b"":{""file"":""automation_onet_crosswalk_candidates.csv"",""csv_rows"":[759,760,761,762,763],""candidate_statuses"":[""PENDING_REVIEW""],""accepted_as_final"":false}}",Historical label correspondence does not prove OCC1990DD is Wocke canonical taxonomy. Taxonomy only; exposure propagation remains undefined. Outside explicit priority adjudication rules; no completed human decision exists. Step 2B AUTO_EXACT/fuzzy/ambiguous candidates are not promoted to frozen taxonomy mappings.,v1.0
185,Aircraft mechanics,OCC1990DD,508,Aircraft mechanics,,,UNRESOLVED,UNRESOLVED,NOT_ADJUDICATED_MODERN_SCOPE,"{""historical"":{""file"":""source_taxonomy_provenance.csv"",""automation_record_id"":""185"",""verification_status"":""VERIFIED"",""references"":""https://www.ddorn.net/data/Dorn_Thesis_Appendix.pdf#page=10 ; https://data.mendeley.com/datasets/czbvhmzwm3/1""},""adjudication_authority"":""No completed modern adjudication"",""step_2b"":{""file"":""automation_onet_crosswalk_candidates.csv"",""csv_rows"":[764,765,766,767,768],""candidate_statuses"":[""PENDING_REVIEW""],""accepted_as_final"":false}}",Historical label correspondence does not prove OCC1990DD is Wocke canonical taxonomy. Taxonomy only; exposure propagation remains undefined. Outside explicit priority adjudication rules; no completed human decision exists. Step 2B AUTO_EXACT/fuzzy/ambiguous candidates are not promoted to frozen taxonomy mappings.,v1.0
186,Small engine repairers,OCC1990DD,509,Small engine repairers,,,UNRESOLVED,UNRESOLVED,NOT_ADJUDICATED_MODERN_SCOPE,"{""historical"":{""file"":""source_taxonomy_provenance.csv"",""automation_record_id"":""186"",""verification_status"":""VERIFIED"",""references"":""https://www.ddorn.net/data/Dorn_Thesis_Appendix.pdf#page=10 ; https://data.mendeley.com/datasets/czbvhmzwm3/1""},""adjudication_authority"":""No completed modern adjudication"",""step_2b"":{""file"":""automation_onet_crosswalk_candidates.csv"",""csv_rows"":[769,770,771,772,773],""candidate_statuses"":[""PENDING_REVIEW""],""accepted_as_final"":false}}",Historical label correspondence does not prove OCC1990DD is Wocke canonical taxonomy. Taxonomy only; exposure propagation remains undefined. Outside explicit priority adjudication rules; no completed human decision exists. Step 2B AUTO_EXACT/fuzzy/ambiguous candidates are not promoted to frozen taxonomy mappings.,v1.0
187,Auto body repairers,OCC1990DD,514,Auto body repairers,,,UNRESOLVED,UNRESOLVED,NOT_ADJUDICATED_MODERN_SCOPE,"{""historical"":{""file"":""source_taxonomy_provenance.csv"",""automation_record_id"":""187"",""verification_status"":""VERIFIED"",""references"":""https://www.ddorn.net/data/Dorn_Thesis_Appendix.pdf#page=10 ; https://data.mendeley.com/datasets/czbvhmzwm3/1""},""adjudication_authority"":""No completed modern adjudication"",""step_2b"":{""file"":""automation_onet_crosswalk_candidates.csv"",""csv_rows"":[774,775,776,777,778],""candidate_statuses"":[""PENDING_REVIEW""],""accepted_as_final"":false}}",Historical label correspondence does not prove OCC1990DD is Wocke canonical taxonomy. Taxonomy only; exposure propagation remains undefined. Outside explicit priority adjudication rules; no completed human decision exists. Step 2B AUTO_EXACT/fuzzy/ambiguous candidates are not promoted to frozen taxonomy mappings.,v1.0
188,Heavy equipement and farm equipment mechanics,OCC1990DD,516,Heavy equipement and farm equipment mechanics,,,UNRESOLVED,UNRESOLVED,NOT_ADJUDICATED_MODERN_SCOPE,"{""historical"":{""file"":""source_taxonomy_provenance.csv"",""automation_record_id"":""188"",""verification_status"":""VERIFIED"",""references"":""https://www.ddorn.net/data/Dorn_Thesis_Appendix.pdf#page=10 ; https://data.mendeley.com/datasets/czbvhmzwm3/1""},""adjudication_authority"":""No completed modern adjudication"",""step_2b"":{""file"":""automation_onet_crosswalk_candidates.csv"",""csv_rows"":[779,780],""candidate_statuses"":[""PENDING_REVIEW""],""accepted_as_final"":false}}",Historical label correspondence does not prove OCC1990DD is Wocke canonical taxonomy. Taxonomy only; exposure propagation remains undefined. Outside explicit priority adjudication rules; no completed human decision exists. Step 2B AUTO_EXACT/fuzzy/ambiguous candidates are not promoted to frozen taxonomy mappings.,v1.0
189,Industrial machinery repairers,OCC1990DD,518,Industrial machinery repairers,,,UNRESOLVED,UNRESOLVED,NOT_ADJUDICATED_MODERN_SCOPE,"{""historical"":{""file"":""source_taxonomy_provenance.csv"",""automation_record_id"":""189"",""verification_status"":""VERIFIED"",""references"":""https://www.ddorn.net/data/Dorn_Thesis_Appendix.pdf#page=10 ; https://data.mendeley.com/datasets/czbvhmzwm3/1""},""adjudication_authority"":""No completed modern adjudication"",""step_2b"":{""file"":""automation_onet_crosswalk_candidates.csv"",""csv_rows"":[781,782,783,784],""candidate_statuses"":[""PENDING_REVIEW""],""accepted_as_final"":false}}",Historical label correspondence does not prove OCC1990DD is Wocke canonical taxonomy. Taxonomy only; exposure propagation remains undefined. Outside explicit priority adjudication rules; no completed human decision exists. Step 2B AUTO_EXACT/fuzzy/ambiguous candidates are not promoted to frozen taxonomy mappings.,v1.0
190,Machinery maintenance occupations,OCC1990DD,519,Machinery maintenance occupations,,,UNRESOLVED,UNRESOLVED,NOT_ADJUDICATED_MODERN_SCOPE,"{""historical"":{""file"":""source_taxonomy_provenance.csv"",""automation_record_id"":""190"",""verification_status"":""VERIFIED"",""references"":""https://www.ddorn.net/data/Dorn_Thesis_Appendix.pdf#page=10 ; https://data.mendeley.com/datasets/czbvhmzwm3/1""},""adjudication_authority"":""No completed modern adjudication"",""step_2b"":{""file"":""automation_onet_crosswalk_candidates.csv"",""csv_rows"":[785,786],""candidate_statuses"":[""PENDING_REVIEW""],""accepted_as_final"":false}}",Historical label correspondence does not prove OCC1990DD is Wocke canonical taxonomy. Taxonomy only; exposure propagation remains undefined. Outside explicit priority adjudication rules; no completed human decision exists. Step 2B AUTO_EXACT/fuzzy/ambiguous candidates are not promoted to frozen taxonomy mappings.,v1.0
191,Repairers of industrial electrical equipment,OCC1990DD,523,Repairers of industrial electrical equipment,,,UNRESOLVED,UNRESOLVED,NOT_ADJUDICATED_MODERN_SCOPE,"{""historical"":{""file"":""source_taxonomy_provenance.csv"",""automation_record_id"":""191"",""verification_status"":""VERIFIED"",""references"":""https://www.ddorn.net/data/Dorn_Thesis_Appendix.pdf#page=10 ; https://data.mendeley.com/datasets/czbvhmzwm3/1""},""adjudication_authority"":""No completed modern adjudication"",""step_2b"":{""file"":""automation_onet_crosswalk_candidates.csv"",""csv_rows"":[787],""candidate_statuses"":[""UNMATCHED""],""accepted_as_final"":false}}",Historical label correspondence does not prove OCC1990DD is Wocke canonical taxonomy. Taxonomy only; exposure propagation remains undefined. Outside explicit priority adjudication rules; no completed human decision exists. Step 2B AUTO_EXACT/fuzzy/ambiguous candidates are not promoted to frozen taxonomy mappings.,v1.0
192,Repairers of data processing equipment,OCC1990DD,525,Repairers of data processing equipment,,,UNRESOLVED,UNRESOLVED,NOT_ADJUDICATED_MODERN_SCOPE,"{""historical"":{""file"":""source_taxonomy_provenance.csv"",""automation_record_id"":""192"",""verification_status"":""VERIFIED"",""references"":""https://www.ddorn.net/data/Dorn_Thesis_Appendix.pdf#page=10 ; https://data.mendeley.com/datasets/czbvhmzwm3/1""},""adjudication_authority"":""No completed modern adjudication"",""step_2b"":{""file"":""automation_onet_crosswalk_candidates.csv"",""csv_rows"":[788],""candidate_statuses"":[""PENDING_REVIEW""],""accepted_as_final"":false}}",Historical label correspondence does not prove OCC1990DD is Wocke canonical taxonomy. Taxonomy only; exposure propagation remains undefined. Outside explicit priority adjudication rules; no completed human decision exists. Step 2B AUTO_EXACT/fuzzy/ambiguous candidates are not promoted to frozen taxonomy mappings.,v1.0
193,Repairers of household appliances and power tools,OCC1990DD,526,Repairers of household appliances and power tools,,,UNRESOLVED,UNRESOLVED,NOT_ADJUDICATED_MODERN_SCOPE,"{""historical"":{""file"":""source_taxonomy_provenance.csv"",""automation_record_id"":""193"",""verification_status"":""VERIFIED"",""references"":""https://www.ddorn.net/data/Dorn_Thesis_Appendix.pdf#page=10 ; https://data.mendeley.com/datasets/czbvhmzwm3/1""},""adjudication_authority"":""No completed modern adjudication"",""step_2b"":{""file"":""automation_onet_crosswalk_candidates.csv"",""csv_rows"":[789],""candidate_statuses"":[""UNMATCHED""],""accepted_as_final"":false}}",Historical label correspondence does not prove OCC1990DD is Wocke canonical taxonomy. Taxonomy only; exposure propagation remains undefined. Outside explicit priority adjudication rules; no completed human decision exists. Step 2B AUTO_EXACT/fuzzy/ambiguous candidates are not promoted to frozen taxonomy mappings.,v1.0
194,Telecom and line installers and repairers,OCC1990DD,527,Telecom and line installers and repairers,,,UNRESOLVED,UNRESOLVED,NOT_ADJUDICATED_MODERN_SCOPE,"{""historical"":{""file"":""source_taxonomy_provenance.csv"",""automation_record_id"":""194"",""verification_status"":""VERIFIED"",""references"":""https://www.ddorn.net/data/Dorn_Thesis_Appendix.pdf#page=10 ; https://data.mendeley.com/datasets/czbvhmzwm3/1""},""adjudication_authority"":""No completed modern adjudication"",""step_2b"":{""file"":""automation_onet_crosswalk_candidates.csv"",""csv_rows"":[790,791,792,793,794,795,796,797,798,799,800,801,802],""candidate_statuses"":[""PENDING_REVIEW""],""accepted_as_final"":false}}",Historical label correspondence does not prove OCC1990DD is Wocke canonical taxonomy. Taxonomy only; exposure propagation remains undefined. Outside explicit priority adjudication rules; no completed human decision exists. Step 2B AUTO_EXACT/fuzzy/ambiguous candidates are not promoted to frozen taxonomy mappings.,v1.0
195,"Repairers of electrical equipment, n.e.c.",OCC1990DD,533,"Repairers of electrical equipment, n.e.c.",,,UNRESOLVED,UNRESOLVED,NOT_ADJUDICATED_MODERN_SCOPE,"{""historical"":{""file"":""source_taxonomy_provenance.csv"",""automation_record_id"":""195"",""verification_status"":""VERIFIED"",""references"":""https://www.ddorn.net/data/Dorn_Thesis_Appendix.pdf#page=10 ; https://data.mendeley.com/datasets/czbvhmzwm3/1""},""adjudication_authority"":""No completed modern adjudication"",""step_2b"":{""file"":""automation_onet_crosswalk_candidates.csv"",""csv_rows"":[803],""candidate_statuses"":[""PENDING_REVIEW""],""accepted_as_final"":false}}",Historical label correspondence does not prove OCC1990DD is Wocke canonical taxonomy. Taxonomy only; exposure propagation remains undefined. Outside explicit priority adjudication rules; no completed human decision exists. Step 2B AUTO_EXACT/fuzzy/ambiguous candidates are not promoted to frozen taxonomy mappings.,v1.0
196,"Heating, air conditioning, and refrigeration mechanics",OCC1990DD,534,"Heating, air conditioning, and refrigeration mechanics",,,UNRESOLVED,UNRESOLVED,NOT_ADJUDICATED_MODERN_SCOPE,"{""historical"":{""file"":""source_taxonomy_provenance.csv"",""automation_record_id"":""196"",""verification_status"":""VERIFIED"",""references"":""https://www.ddorn.net/data/Dorn_Thesis_Appendix.pdf#page=10 ; https://data.mendeley.com/datasets/czbvhmzwm3/1""},""adjudication_authority"":""No completed modern adjudication"",""step_2b"":{""file"":""automation_onet_crosswalk_candidates.csv"",""csv_rows"":[804,805,806],""candidate_statuses"":[""PENDING_REVIEW""],""accepted_as_final"":false}}",Historical label correspondence does not prove OCC1990DD is Wocke canonical taxonomy. Taxonomy only; exposure propagation remains undefined. Outside explicit priority adjudication rules; no completed human decision exists. Step 2B AUTO_EXACT/fuzzy/ambiguous candidates are not promoted to frozen taxonomy mappings.,v1.0
197,"Precision makers, repairers, and smiths",OCC1990DD,535,"Precision makers, repairers, and smiths",,,UNRESOLVED,UNRESOLVED,NOT_ADJUDICATED_MODERN_SCOPE,"{""historical"":{""file"":""source_taxonomy_provenance.csv"",""automation_record_id"":""197"",""verification_status"":""VERIFIED"",""references"":""https://www.ddorn.net/data/Dorn_Thesis_Appendix.pdf#page=10 ; https://data.mendeley.com/datasets/czbvhmzwm3/1""},""adjudication_authority"":""No completed modern adjudication"",""step_2b"":{""file"":""automation_onet_crosswalk_candidates.csv"",""csv_rows"":[807,808,809,810,811,812,813,814,815,816],""candidate_statuses"":[""PENDING_REVIEW""],""accepted_as_final"":false}}",Historical label correspondence does not prove OCC1990DD is Wocke canonical taxonomy. Taxonomy only; exposure propagation remains undefined. Outside explicit priority adjudication rules; no completed human decision exists. Step 2B AUTO_EXACT/fuzzy/ambiguous candidates are not promoted to frozen taxonomy mappings.,v1.0
198,Locksmiths and safe repairers,OCC1990DD,536,Locksmiths and safe repairers,,,UNRESOLVED,UNRESOLVED,NOT_ADJUDICATED_MODERN_SCOPE,"{""historical"":{""file"":""source_taxonomy_provenance.csv"",""automation_record_id"":""198"",""verification_status"":""VERIFIED"",""references"":""https://www.ddorn.net/data/Dorn_Thesis_Appendix.pdf#page=10 ; https://data.mendeley.com/datasets/czbvhmzwm3/1""},""adjudication_authority"":""No completed modern adjudication"",""step_2b"":{""file"":""automation_onet_crosswalk_candidates.csv"",""csv_rows"":[817],""candidate_statuses"":[""AUTO_EXACT""],""accepted_as_final"":false}}",Historical label correspondence does not prove OCC1990DD is Wocke canonical taxonomy. Taxonomy only; exposure propagation remains undefined. Outside explicit priority adjudication rules; no completed human decision exists. Step 2B AUTO_EXACT/fuzzy/ambiguous candidates are not promoted to frozen taxonomy mappings.,v1.0
199,Repairers of mechanical controls and valves,OCC1990DD,539,Repairers of mechanical controls and valves,,,UNRESOLVED,UNRESOLVED,NOT_ADJUDICATED_MODERN_SCOPE,"{""historical"":{""file"":""source_taxonomy_provenance.csv"",""automation_record_id"":""199"",""verification_status"":""VERIFIED"",""references"":""https://www.ddorn.net/data/Dorn_Thesis_Appendix.pdf#page=10 ; https://data.mendeley.com/datasets/czbvhmzwm3/1""},""adjudication_authority"":""No completed modern adjudication"",""step_2b"":{""file"":""automation_onet_crosswalk_candidates.csv"",""csv_rows"":[818,819,820],""candidate_statuses"":[""PENDING_REVIEW""],""accepted_as_final"":false}}",Historical label correspondence does not prove OCC1990DD is Wocke canonical taxonomy. Taxonomy only; exposure propagation remains undefined. Outside explicit priority adjudication rules; no completed human decision exists. Step 2B AUTO_EXACT/fuzzy/ambiguous candidates are not promoted to frozen taxonomy mappings.,v1.0
200,Elevator installers and repairers,OCC1990DD,543,Elevator installers and repairers,,,UNRESOLVED,UNRESOLVED,NOT_ADJUDICATED_MODERN_SCOPE,"{""historical"":{""file"":""source_taxonomy_provenance.csv"",""automation_record_id"":""200"",""verification_status"":""VERIFIED"",""references"":""https://www.ddorn.net/data/Dorn_Thesis_Appendix.pdf#page=10 ; https://data.mendeley.com/datasets/czbvhmzwm3/1""},""adjudication_authority"":""No completed modern adjudication"",""step_2b"":{""file"":""automation_onet_crosswalk_candidates.csv"",""csv_rows"":[821,822,823,824,825,826,827,828,829,830,831,832],""candidate_statuses"":[""PENDING_REVIEW""],""accepted_as_final"":false}}",Historical label correspondence does not prove OCC1990DD is Wocke canonical taxonomy. Taxonomy only; exposure propagation remains undefined. Outside explicit priority adjudication rules; no completed human decision exists. Step 2B AUTO_EXACT/fuzzy/ambiguous candidates are not promoted to frozen taxonomy mappings.,v1.0
201,Millwrights,OCC1990DD,544,Millwrights,,,UNRESOLVED,UNRESOLVED,NOT_ADJUDICATED_MODERN_SCOPE,"{""historical"":{""file"":""source_taxonomy_provenance.csv"",""automation_record_id"":""201"",""verification_status"":""VERIFIED"",""references"":""https://www.ddorn.net/data/Dorn_Thesis_Appendix.pdf#page=10 ; https://data.mendeley.com/datasets/czbvhmzwm3/1""},""adjudication_authority"":""No completed modern adjudication"",""step_2b"":{""file"":""automation_onet_crosswalk_candidates.csv"",""csv_rows"":[833],""candidate_statuses"":[""AUTO_EXACT""],""accepted_as_final"":false}}",Historical label correspondence does not prove OCC1990DD is Wocke canonical taxonomy. Taxonomy only; exposure propagation remains undefined. Outside explicit priority adjudication rules; no completed human decision exists. Step 2B AUTO_EXACT/fuzzy/ambiguous candidates are not promoted to frozen taxonomy mappings.,v1.0
202,"Mechanics and repairers, n.e.c.",OCC1990DD,549,"Mechanics and repairers, n.e.c.",,,UNRESOLVED,UNRESOLVED,NOT_ADJUDICATED_MODERN_SCOPE,"{""historical"":{""file"":""source_taxonomy_provenance.csv"",""automation_record_id"":""202"",""verification_status"":""VERIFIED"",""references"":""https://www.ddorn.net/data/Dorn_Thesis_Appendix.pdf#page=10 ; https://data.mendeley.com/datasets/czbvhmzwm3/1""},""adjudication_authority"":""No completed modern adjudication"",""step_2b"":{""file"":""automation_onet_crosswalk_candidates.csv"",""csv_rows"":[834,835,836,837,838,839,840,841,842,843,844],""candidate_statuses"":[""PENDING_REVIEW""],""accepted_as_final"":false}}",Historical label correspondence does not prove OCC1990DD is Wocke canonical taxonomy. Taxonomy only; exposure propagation remains undefined. Outside explicit priority adjudication rules; no completed human decision exists. Step 2B AUTO_EXACT/fuzzy/ambiguous candidates are not promoted to frozen taxonomy mappings.,v1.0
203,Supervisors of construction work,OCC1990DD,558,Supervisors of construction work,,,UNRESOLVED,UNRESOLVED,NOT_ADJUDICATED_MODERN_SCOPE,"{""historical"":{""file"":""source_taxonomy_provenance.csv"",""automation_record_id"":""203"",""verification_status"":""VERIFIED"",""references"":""https://www.ddorn.net/data/Dorn_Thesis_Appendix.pdf#page=11 ; https://data.mendeley.com/datasets/czbvhmzwm3/1""},""adjudication_authority"":""No completed modern adjudication"",""step_2b"":{""file"":""automation_onet_crosswalk_candidates.csv"",""csv_rows"":[845,846,847,848,849],""candidate_statuses"":[""PENDING_REVIEW""],""accepted_as_final"":false}}",Historical label correspondence does not prove OCC1990DD is Wocke canonical taxonomy. Taxonomy only; exposure propagation remains undefined. Outside explicit priority adjudication rules; no completed human decision exists. Step 2B AUTO_EXACT/fuzzy/ambiguous candidates are not promoted to frozen taxonomy mappings.,v1.0
204,"Masons, tilers, and carpet installers",OCC1990DD,563,"Masons, tilers, and carpet installers",,,UNRESOLVED,UNRESOLVED,NOT_ADJUDICATED_MODERN_SCOPE,"{""historical"":{""file"":""source_taxonomy_provenance.csv"",""automation_record_id"":""204"",""verification_status"":""VERIFIED"",""references"":""https://www.ddorn.net/data/Dorn_Thesis_Appendix.pdf#page=11 ; https://data.mendeley.com/datasets/czbvhmzwm3/1""},""adjudication_authority"":""No completed modern adjudication"",""step_2b"":{""file"":""automation_onet_crosswalk_candidates.csv"",""csv_rows"":[850,851,852,853,854,855,856,857,858,859,860],""candidate_statuses"":[""PENDING_REVIEW""],""accepted_as_final"":false}}",Historical label correspondence does not prove OCC1990DD is Wocke canonical taxonomy. Taxonomy only; exposure propagation remains undefined. Outside explicit priority adjudication rules; no completed human decision exists. Step 2B AUTO_EXACT/fuzzy/ambiguous candidates are not promoted to frozen taxonomy mappings.,v1.0
205,Carpenters,OCC1990DD,567,Carpenters,,,UNRESOLVED,UNRESOLVED,NOT_ADJUDICATED_MODERN_SCOPE,"{""historical"":{""file"":""source_taxonomy_provenance.csv"",""automation_record_id"":""205"",""verification_status"":""VERIFIED"",""references"":""https://www.ddorn.net/data/Dorn_Thesis_Appendix.pdf#page=11 ; https://data.mendeley.com/datasets/czbvhmzwm3/1""},""adjudication_authority"":""No completed modern adjudication"",""step_2b"":{""file"":""automation_onet_crosswalk_candidates.csv"",""csv_rows"":[861],""candidate_statuses"":[""AUTO_EXACT""],""accepted_as_final"":false}}",Historical label correspondence does not prove OCC1990DD is Wocke canonical taxonomy. Taxonomy only; exposure propagation remains undefined. Outside explicit priority adjudication rules; no completed human decision exists. Step 2B AUTO_EXACT/fuzzy/ambiguous candidates are not promoted to frozen taxonomy mappings.,v1.0
206,Drywall installers,OCC1990DD,573,Drywall installers,,,UNRESOLVED,UNRESOLVED,NOT_ADJUDICATED_MODERN_SCOPE,"{""historical"":{""file"":""source_taxonomy_provenance.csv"",""automation_record_id"":""206"",""verification_status"":""VERIFIED"",""references"":""https://www.ddorn.net/data/Dorn_Thesis_Appendix.pdf#page=11 ; https://data.mendeley.com/datasets/czbvhmzwm3/1""},""adjudication_authority"":""No completed modern adjudication"",""step_2b"":{""file"":""automation_onet_crosswalk_candidates.csv"",""csv_rows"":[862,863],""candidate_statuses"":[""PENDING_REVIEW""],""accepted_as_final"":false}}",Historical label correspondence does not prove OCC1990DD is Wocke canonical taxonomy. Taxonomy only; exposure propagation remains undefined. Outside explicit priority adjudication rules; no completed human decision exists. Step 2B AUTO_EXACT/fuzzy/ambiguous candidates are not promoted to frozen taxonomy mappings.,v1.0
207,Electricians,OCC1990DD,575,Electricians,,,UNRESOLVED,UNRESOLVED,NOT_ADJUDICATED_MODERN_SCOPE,"{""historical"":{""file"":""source_taxonomy_provenance.csv"",""automation_record_id"":""207"",""verification_status"":""VERIFIED"",""references"":""https://www.ddorn.net/data/Dorn_Thesis_Appendix.pdf#page=11 ; https://data.mendeley.com/datasets/czbvhmzwm3/1""},""adjudication_authority"":""No completed modern adjudication"",""step_2b"":{""file"":""automation_onet_crosswalk_candidates.csv"",""csv_rows"":[864],""candidate_statuses"":[""AUTO_EXACT""],""accepted_as_final"":false}}",Historical label correspondence does not prove OCC1990DD is Wocke canonical taxonomy. Taxonomy only; exposure propagation remains undefined. Outside explicit priority adjudication rules; no completed human decision exists. Step 2B AUTO_EXACT/fuzzy/ambiguous candidates are not promoted to frozen taxonomy mappings.,v1.0
208,Electric power installers and repairers,OCC1990DD,577,Electric power installers and repairers,,,UNRESOLVED,UNRESOLVED,NOT_ADJUDICATED_MODERN_SCOPE,"{""historical"":{""file"":""source_taxonomy_provenance.csv"",""automation_record_id"":""208"",""verification_status"":""VERIFIED"",""references"":""https://www.ddorn.net/data/Dorn_Thesis_Appendix.pdf#page=11 ; https://data.mendeley.com/datasets/czbvhmzwm3/1""},""adjudication_authority"":""No completed modern adjudication"",""step_2b"":{""file"":""automation_onet_crosswalk_candidates.csv"",""csv_rows"":[865,866,867,868,869,870,871,872,873,874,875,876],""candidate_statuses"":[""PENDING_REVIEW""],""accepted_as_final"":false}}",Historical label correspondence does not prove OCC1990DD is Wocke canonical taxonomy. Taxonomy only; exposure propagation remains undefined. Outside explicit priority adjudication rules; no completed human decision exists. Step 2B AUTO_EXACT/fuzzy/ambiguous candidates are not promoted to frozen taxonomy mappings.,v1.0
209,"Painters, construction and maintenance",OCC1990DD,579,"Painters, construction and maintenance",,,UNRESOLVED,UNRESOLVED,NOT_ADJUDICATED_MODERN_SCOPE,"{""historical"":{""file"":""source_taxonomy_provenance.csv"",""automation_record_id"":""209"",""verification_status"":""VERIFIED"",""references"":""https://www.ddorn.net/data/Dorn_Thesis_Appendix.pdf#page=11 ; https://data.mendeley.com/datasets/czbvhmzwm3/1""},""adjudication_authority"":""No completed modern adjudication"",""step_2b"":{""file"":""automation_onet_crosswalk_candidates.csv"",""csv_rows"":[877],""candidate_statuses"":[""AUTO_EXACT""],""accepted_as_final"":false}}",Historical label correspondence does not prove OCC1990DD is Wocke canonical taxonomy. Taxonomy only; exposure propagation remains undefined. Outside explicit priority adjudication rules; no completed human decision exists. Step 2B AUTO_EXACT/fuzzy/ambiguous candidates are not promoted to frozen taxonomy mappings.,v1.0
210,Paperhangers,OCC1990DD,583,Paperhangers,,,UNRESOLVED,UNRESOLVED,NOT_ADJUDICATED_MODERN_SCOPE,"{""historical"":{""file"":""source_taxonomy_provenance.csv"",""automation_record_id"":""210"",""verification_status"":""VERIFIED"",""references"":""https://www.ddorn.net/data/Dorn_Thesis_Appendix.pdf#page=11 ; https://data.mendeley.com/datasets/czbvhmzwm3/1""},""adjudication_authority"":""No completed modern adjudication"",""step_2b"":{""file"":""automation_onet_crosswalk_candidates.csv"",""csv_rows"":[878],""candidate_statuses"":[""AUTO_EXACT""],""accepted_as_final"":false}}",Historical label correspondence does not prove OCC1990DD is Wocke canonical taxonomy. Taxonomy only; exposure propagation remains undefined. Outside explicit priority adjudication rules; no completed human decision exists. Step 2B AUTO_EXACT/fuzzy/ambiguous candidates are not promoted to frozen taxonomy mappings.,v1.0
211,Plasterers,OCC1990DD,584,Plasterers,,,UNRESOLVED,UNRESOLVED,NOT_ADJUDICATED_MODERN_SCOPE,"{""historical"":{""file"":""source_taxonomy_provenance.csv"",""automation_record_id"":""211"",""verification_status"":""VERIFIED"",""references"":""https://www.ddorn.net/data/Dorn_Thesis_Appendix.pdf#page=11 ; https://data.mendeley.com/datasets/czbvhmzwm3/1""},""adjudication_authority"":""No completed modern adjudication"",""step_2b"":{""file"":""automation_onet_crosswalk_candidates.csv"",""csv_rows"":[879,880,881,882,883],""candidate_statuses"":[""PENDING_REVIEW""],""accepted_as_final"":false}}",Historical label correspondence does not prove OCC1990DD is Wocke canonical taxonomy. Taxonomy only; exposure propagation remains undefined. Outside explicit priority adjudication rules; no completed human decision exists. Step 2B AUTO_EXACT/fuzzy/ambiguous candidates are not promoted to frozen taxonomy mappings.,v1.0
212,"Plumbers, pipe fitters, and steamfitters",OCC1990DD,585,"Plumbers, pipe fitters, and steamfitters",,,UNRESOLVED,UNRESOLVED,NOT_ADJUDICATED_MODERN_SCOPE,"{""historical"":{""file"":""source_taxonomy_provenance.csv"",""automation_record_id"":""212"",""verification_status"":""VERIFIED"",""references"":""https://www.ddorn.net/data/Dorn_Thesis_Appendix.pdf#page=11 ; https://data.mendeley.com/datasets/czbvhmzwm3/1""},""adjudication_authority"":""No completed modern adjudication"",""step_2b"":{""file"":""automation_onet_crosswalk_candidates.csv"",""csv_rows"":[884,885,886],""candidate_statuses"":[""PENDING_REVIEW""],""accepted_as_final"":false}}",Historical label correspondence does not prove OCC1990DD is Wocke canonical taxonomy. Taxonomy only; exposure propagation remains undefined. Outside explicit priority adjudication rules; no completed human decision exists. Step 2B AUTO_EXACT/fuzzy/ambiguous candidates are not promoted to frozen taxonomy mappings.,v1.0
213,Concrete and cement workers,OCC1990DD,588,Concrete and cement workers,,,UNRESOLVED,UNRESOLVED,NOT_ADJUDICATED_MODERN_SCOPE,"{""historical"":{""file"":""source_taxonomy_provenance.csv"",""automation_record_id"":""213"",""verification_status"":""VERIFIED"",""references"":""https://www.ddorn.net/data/Dorn_Thesis_Appendix.pdf#page=11 ; https://data.mendeley.com/datasets/czbvhmzwm3/1""},""adjudication_authority"":""No completed modern adjudication"",""step_2b"":{""file"":""automation_onet_crosswalk_candidates.csv"",""csv_rows"":[887,888,889,890,891,892,893,894,895,896],""candidate_statuses"":[""PENDING_REVIEW""],""accepted_as_final"":false}}",Historical label correspondence does not prove OCC1990DD is Wocke canonical taxonomy. Taxonomy only; exposure propagation remains undefined. Outside explicit priority adjudication rules; no completed human decision exists. Step 2B AUTO_EXACT/fuzzy/ambiguous candidates are not promoted to frozen taxonomy mappings.,v1.0
214,Glaziers,OCC1990DD,589,Glaziers,,,UNRESOLVED,UNRESOLVED,NOT_ADJUDICATED_MODERN_SCOPE,"{""historical"":{""file"":""source_taxonomy_provenance.csv"",""automation_record_id"":""214"",""verification_status"":""VERIFIED"",""references"":""https://www.ddorn.net/data/Dorn_Thesis_Appendix.pdf#page=11 ; https://data.mendeley.com/datasets/czbvhmzwm3/1""},""adjudication_authority"":""No completed modern adjudication"",""step_2b"":{""file"":""automation_onet_crosswalk_candidates.csv"",""csv_rows"":[897],""candidate_statuses"":[""AUTO_EXACT""],""accepted_as_final"":false}}",Historical label correspondence does not prove OCC1990DD is Wocke canonical taxonomy. Taxonomy only; exposure propagation remains undefined. Outside explicit priority adjudication rules; no completed human decision exists. Step 2B AUTO_EXACT/fuzzy/ambiguous candidates are not promoted to frozen taxonomy mappings.,v1.0
215,Insulation workers,OCC1990DD,593,Insulation workers,,,UNRESOLVED,UNRESOLVED,NOT_ADJUDICATED_MODERN_SCOPE,"{""historical"":{""file"":""source_taxonomy_provenance.csv"",""automation_record_id"":""215"",""verification_status"":""VERIFIED"",""references"":""https://www.ddorn.net/data/Dorn_Thesis_Appendix.pdf#page=11 ; https://data.mendeley.com/datasets/czbvhmzwm3/1""},""adjudication_authority"":""No completed modern adjudication"",""step_2b"":{""file"":""automation_onet_crosswalk_candidates.csv"",""csv_rows"":[898,899,900,901,902],""candidate_statuses"":[""PENDING_REVIEW""],""accepted_as_final"":false}}",Historical label correspondence does not prove OCC1990DD is Wocke canonical taxonomy. Taxonomy only; exposure propagation remains undefined. Outside explicit priority adjudication rules; no completed human decision exists. Step 2B AUTO_EXACT/fuzzy/ambiguous candidates are not promoted to frozen taxonomy mappings.,v1.0
216,"Paving, surfacing, and tamping equipment operators",OCC1990DD,594,"Paving, surfacing, and tamping equipment operators",,,UNRESOLVED,UNRESOLVED,NOT_ADJUDICATED_MODERN_SCOPE,"{""historical"":{""file"":""source_taxonomy_provenance.csv"",""automation_record_id"":""216"",""verification_status"":""VERIFIED"",""references"":""https://www.ddorn.net/data/Dorn_Thesis_Appendix.pdf#page=11 ; https://data.mendeley.com/datasets/czbvhmzwm3/1""},""adjudication_authority"":""No completed modern adjudication"",""step_2b"":{""file"":""automation_onet_crosswalk_candidates.csv"",""csv_rows"":[903],""candidate_statuses"":[""AUTO_EXACT""],""accepted_as_final"":false}}",Historical label correspondence does not prove OCC1990DD is Wocke canonical taxonomy. Taxonomy only; exposure propagation remains undefined. Outside explicit priority adjudication rules; no completed human decision exists. Step 2B AUTO_EXACT/fuzzy/ambiguous candidates are not promoted to frozen taxonomy mappings.,v1.0
217,Roofers and slaters,OCC1990DD,595,Roofers and slaters,,,UNRESOLVED,UNRESOLVED,NOT_ADJUDICATED_MODERN_SCOPE,"{""historical"":{""file"":""source_taxonomy_provenance.csv"",""automation_record_id"":""217"",""verification_status"":""VERIFIED"",""references"":""https://www.ddorn.net/data/Dorn_Thesis_Appendix.pdf#page=11 ; https://data.mendeley.com/datasets/czbvhmzwm3/1""},""adjudication_authority"":""No completed modern adjudication"",""step_2b"":{""file"":""automation_onet_crosswalk_candidates.csv"",""csv_rows"":[904,905,906,907,908,909,910,911,912,913,914],""candidate_statuses"":[""PENDING_REVIEW""],""accepted_as_final"":false}}",Historical label correspondence does not prove OCC1990DD is Wocke canonical taxonomy. Taxonomy only; exposure propagation remains undefined. Outside explicit priority adjudication rules; no completed human decision exists. Step 2B AUTO_EXACT/fuzzy/ambiguous candidates are not promoted to frozen taxonomy mappings.,v1.0
218,Structural metal workers,OCC1990DD,597,Structural metal workers,,,UNRESOLVED,UNRESOLVED,NOT_ADJUDICATED_MODERN_SCOPE,"{""historical"":{""file"":""source_taxonomy_provenance.csv"",""automation_record_id"":""218"",""verification_status"":""VERIFIED"",""references"":""https://www.ddorn.net/data/Dorn_Thesis_Appendix.pdf#page=11 ; https://data.mendeley.com/datasets/czbvhmzwm3/1""},""adjudication_authority"":""No completed modern adjudication"",""step_2b"":{""file"":""automation_onet_crosswalk_candidates.csv"",""csv_rows"":[915,916,917,918],""candidate_statuses"":[""PENDING_REVIEW""],""accepted_as_final"":false}}",Historical label correspondence does not prove OCC1990DD is Wocke canonical taxonomy. Taxonomy only; exposure propagation remains undefined. Outside explicit priority adjudication rules; no completed human decision exists. Step 2B AUTO_EXACT/fuzzy/ambiguous candidates are not promoted to frozen taxonomy mappings.,v1.0
219,Drillers of earth,OCC1990DD,598,Drillers of earth,,,UNRESOLVED,UNRESOLVED,NOT_ADJUDICATED_MODERN_SCOPE,"{""historical"":{""file"":""source_taxonomy_provenance.csv"",""automation_record_id"":""219"",""verification_status"":""VERIFIED"",""references"":""https://www.ddorn.net/data/Dorn_Thesis_Appendix.pdf#page=11 ; https://data.mendeley.com/datasets/czbvhmzwm3/1""},""adjudication_authority"":""No completed modern adjudication"",""step_2b"":{""file"":""automation_onet_crosswalk_candidates.csv"",""csv_rows"":[919],""candidate_statuses"":[""UNMATCHED""],""accepted_as_final"":false}}",Historical label correspondence does not prove OCC1990DD is Wocke canonical taxonomy. Taxonomy only; exposure propagation remains undefined. Outside explicit priority adjudication rules; no completed human decision exists. Step 2B AUTO_EXACT/fuzzy/ambiguous candidates are not promoted to frozen taxonomy mappings.,v1.0
220,Misc. construction and related occupations,OCC1990DD,599,Misc. construction and related occupations,,,UNRESOLVED,UNRESOLVED,NOT_ADJUDICATED_MODERN_SCOPE,"{""historical"":{""file"":""source_taxonomy_provenance.csv"",""automation_record_id"":""220"",""verification_status"":""VERIFIED"",""references"":""https://www.ddorn.net/data/Dorn_Thesis_Appendix.pdf#page=11 ; https://data.mendeley.com/datasets/czbvhmzwm3/1""},""adjudication_authority"":""No completed modern adjudication"",""step_2b"":{""file"":""automation_onet_crosswalk_candidates.csv"",""csv_rows"":[920,921,922,923],""candidate_statuses"":[""AMBIGUOUS"",""PENDING_REVIEW""],""accepted_as_final"":false}}",Historical label correspondence does not prove OCC1990DD is Wocke canonical taxonomy. Taxonomy only; exposure propagation remains undefined. Outside explicit priority adjudication rules; no completed human decision exists. Step 2B AUTO_EXACT/fuzzy/ambiguous candidates are not promoted to frozen taxonomy mappings.,v1.0
221,Drillers of oil wells,OCC1990DD,614,Drillers of oil wells,,,UNRESOLVED,UNRESOLVED,NOT_ADJUDICATED_MODERN_SCOPE,"{""historical"":{""file"":""source_taxonomy_provenance.csv"",""automation_record_id"":""221"",""verification_status"":""VERIFIED"",""references"":""https://www.ddorn.net/data/Dorn_Thesis_Appendix.pdf#page=11 ; https://data.mendeley.com/datasets/czbvhmzwm3/1""},""adjudication_authority"":""No completed modern adjudication"",""step_2b"":{""file"":""automation_onet_crosswalk_candidates.csv"",""csv_rows"":[924],""candidate_statuses"":[""UNMATCHED""],""accepted_as_final"":false}}",Historical label correspondence does not prove OCC1990DD is Wocke canonical taxonomy. Taxonomy only; exposure propagation remains undefined. Outside explicit priority adjudication rules; no completed human decision exists. Step 2B AUTO_EXACT/fuzzy/ambiguous candidates are not promoted to frozen taxonomy mappings.,v1.0
222,Explosives workers,OCC1990DD,615,Explosives workers,,,UNRESOLVED,UNRESOLVED,NOT_ADJUDICATED_MODERN_SCOPE,"{""historical"":{""file"":""source_taxonomy_provenance.csv"",""automation_record_id"":""222"",""verification_status"":""VERIFIED"",""references"":""https://www.ddorn.net/data/Dorn_Thesis_Appendix.pdf#page=11 ; https://data.mendeley.com/datasets/czbvhmzwm3/1""},""adjudication_authority"":""No completed modern adjudication"",""step_2b"":{""file"":""automation_onet_crosswalk_candidates.csv"",""csv_rows"":[925],""candidate_statuses"":[""PENDING_REVIEW""],""accepted_as_final"":false}}",Historical label correspondence does not prove OCC1990DD is Wocke canonical taxonomy. Taxonomy only; exposure propagation remains undefined. Outside explicit priority adjudication rules; no completed human decision exists. Step 2B AUTO_EXACT/fuzzy/ambiguous candidates are not promoted to frozen taxonomy mappings.,v1.0
223,Miners,OCC1990DD,616,Miners,,,UNRESOLVED,UNRESOLVED,NOT_ADJUDICATED_MODERN_SCOPE,"{""historical"":{""file"":""source_taxonomy_provenance.csv"",""automation_record_id"":""223"",""verification_status"":""VERIFIED"",""references"":""https://www.ddorn.net/data/Dorn_Thesis_Appendix.pdf#page=11 ; https://data.mendeley.com/datasets/czbvhmzwm3/1""},""adjudication_authority"":""No completed modern adjudication"",""step_2b"":{""file"":""automation_onet_crosswalk_candidates.csv"",""csv_rows"":[926,927],""candidate_statuses"":[""AMBIGUOUS""],""accepted_as_final"":false}}",Historical label correspondence does not prove OCC1990DD is Wocke canonical taxonomy. Taxonomy only; exposure propagation remains undefined. Outside explicit priority adjudication rules; no completed human decision exists. Step 2B AUTO_EXACT/fuzzy/ambiguous candidates are not promoted to frozen taxonomy mappings.,v1.0
224,Other mining occupations,OCC1990DD,617,Other mining occupations,,,UNRESOLVED,UNRESOLVED,NOT_ADJUDICATED_MODERN_SCOPE,"{""historical"":{""file"":""source_taxonomy_provenance.csv"",""automation_record_id"":""224"",""verification_status"":""VERIFIED"",""references"":""https://www.ddorn.net/data/Dorn_Thesis_Appendix.pdf#page=11 ; https://data.mendeley.com/datasets/czbvhmzwm3/1""},""adjudication_authority"":""No completed modern adjudication"",""step_2b"":{""file"":""automation_onet_crosswalk_candidates.csv"",""csv_rows"":[928],""candidate_statuses"":[""UNMATCHED""],""accepted_as_final"":false}}",Historical label correspondence does not prove OCC1990DD is Wocke canonical taxonomy. Taxonomy only; exposure propagation remains undefined. Outside explicit priority adjudication rules; no completed human decision exists. Step 2B AUTO_EXACT/fuzzy/ambiguous candidates are not promoted to frozen taxonomy mappings.,v1.0
225,Production supervisors or foremen,OCC1990DD,628,Production supervisors or foremen,,,UNRESOLVED,UNRESOLVED,NOT_ADJUDICATED_MODERN_SCOPE,"{""historical"":{""file"":""source_taxonomy_provenance.csv"",""automation_record_id"":""225"",""verification_status"":""VERIFIED"",""references"":""https://www.ddorn.net/data/Dorn_Thesis_Appendix.pdf#page=11 ; https://data.mendeley.com/datasets/czbvhmzwm3/1""},""adjudication_authority"":""No completed modern adjudication"",""step_2b"":{""file"":""automation_onet_crosswalk_candidates.csv"",""csv_rows"":[929,930],""candidate_statuses"":[""PENDING_REVIEW""],""accepted_as_final"":false}}",Historical label correspondence does not prove OCC1990DD is Wocke canonical taxonomy. Taxonomy only; exposure propagation remains undefined. Outside explicit priority adjudication rules; no completed human decision exists. Step 2B AUTO_EXACT/fuzzy/ambiguous candidates are not promoted to frozen taxonomy mappings.,v1.0
226,Tool and die makers and die setters,OCC1990DD,634,Tool and die makers and die setters,,,UNRESOLVED,UNRESOLVED,NOT_ADJUDICATED_MODERN_SCOPE,"{""historical"":{""file"":""source_taxonomy_provenance.csv"",""automation_record_id"":""226"",""verification_status"":""VERIFIED"",""references"":""https://www.ddorn.net/data/Dorn_Thesis_Appendix.pdf#page=11 ; https://data.mendeley.com/datasets/czbvhmzwm3/1""},""adjudication_authority"":""No completed modern adjudication"",""step_2b"":{""file"":""automation_onet_crosswalk_candidates.csv"",""csv_rows"":[931,932,933,934,935,936,937,938,939,940],""candidate_statuses"":[""PENDING_REVIEW""],""accepted_as_final"":false}}",Historical label correspondence does not prove OCC1990DD is Wocke canonical taxonomy. Taxonomy only; exposure propagation remains undefined. Outside explicit priority adjudication rules; no completed human decision exists. Step 2B AUTO_EXACT/fuzzy/ambiguous candidates are not promoted to frozen taxonomy mappings.,v1.0
227,Machinists,OCC1990DD,637,Machinists,,,UNRESOLVED,UNRESOLVED,NOT_ADJUDICATED_MODERN_SCOPE,"{""historical"":{""file"":""source_taxonomy_provenance.csv"",""automation_record_id"":""227"",""verification_status"":""VERIFIED"",""references"":""https://www.ddorn.net/data/Dorn_Thesis_Appendix.pdf#page=11 ; https://data.mendeley.com/datasets/czbvhmzwm3/1""},""adjudication_authority"":""No completed modern adjudication"",""step_2b"":{""file"":""automation_onet_crosswalk_candidates.csv"",""csv_rows"":[941],""candidate_statuses"":[""AUTO_EXACT""],""accepted_as_final"":false}}",Historical label correspondence does not prove OCC1990DD is Wocke canonical taxonomy. Taxonomy only; exposure propagation remains undefined. Outside explicit priority adjudication rules; no completed human decision exists. Step 2B AUTO_EXACT/fuzzy/ambiguous candidates are not promoted to frozen taxonomy mappings.,v1.0
228,Boilermakers,OCC1990DD,643,Boilermakers,,,UNRESOLVED,UNRESOLVED,NOT_ADJUDICATED_MODERN_SCOPE,"{""historical"":{""file"":""source_taxonomy_provenance.csv"",""automation_record_id"":""228"",""verification_status"":""VERIFIED"",""references"":""https://www.ddorn.net/data/Dorn_Thesis_Appendix.pdf#page=11 ; https://data.mendeley.com/datasets/czbvhmzwm3/1""},""adjudication_authority"":""No completed modern adjudication"",""step_2b"":{""file"":""automation_onet_crosswalk_candidates.csv"",""csv_rows"":[942],""candidate_statuses"":[""AUTO_EXACT""],""accepted_as_final"":false}}",Historical label correspondence does not prove OCC1990DD is Wocke canonical taxonomy. Taxonomy only; exposure propagation remains undefined. Outside explicit priority adjudication rules; no completed human decision exists. Step 2B AUTO_EXACT/fuzzy/ambiguous candidates are not promoted to frozen taxonomy mappings.,v1.0
229,Patternmakers and model makers,OCC1990DD,645,Patternmakers and model makers,,,UNRESOLVED,UNRESOLVED,NOT_ADJUDICATED_MODERN_SCOPE,"{""historical"":{""file"":""source_taxonomy_provenance.csv"",""automation_record_id"":""229"",""verification_status"":""VERIFIED"",""references"":""https://www.ddorn.net/data/Dorn_Thesis_Appendix.pdf#page=11 ; https://data.mendeley.com/datasets/czbvhmzwm3/1""},""adjudication_authority"":""No completed modern adjudication"",""step_2b"":{""file"":""automation_onet_crosswalk_candidates.csv"",""csv_rows"":[943,944,945,946,947,948,949,950,951,952,953,954],""candidate_statuses"":[""PENDING_REVIEW""],""accepted_as_final"":false}}",Historical label correspondence does not prove OCC1990DD is Wocke canonical taxonomy. Taxonomy only; exposure propagation remains undefined. Outside explicit priority adjudication rules; no completed human decision exists. Step 2B AUTO_EXACT/fuzzy/ambiguous candidates are not promoted to frozen taxonomy mappings.,v1.0
230,Engravers,OCC1990DD,649,Engravers,,,UNRESOLVED,UNRESOLVED,NOT_ADJUDICATED_MODERN_SCOPE,"{""historical"":{""file"":""source_taxonomy_provenance.csv"",""automation_record_id"":""230"",""verification_status"":""VERIFIED"",""references"":""https://www.ddorn.net/data/Dorn_Thesis_Appendix.pdf#page=11 ; https://data.mendeley.com/datasets/czbvhmzwm3/1""},""adjudication_authority"":""No completed modern adjudication"",""step_2b"":{""file"":""automation_onet_crosswalk_candidates.csv"",""csv_rows"":[955,956,957,958],""candidate_statuses"":[""PENDING_REVIEW""],""accepted_as_final"":false}}",Historical label correspondence does not prove OCC1990DD is Wocke canonical taxonomy. Taxonomy only; exposure propagation remains undefined. Outside explicit priority adjudication rules; no completed human decision exists. Step 2B AUTO_EXACT/fuzzy/ambiguous candidates are not promoted to frozen taxonomy mappings.,v1.0
231,Cabinetmakers and bench carpeters,OCC1990DD,657,Cabinetmakers and bench carpeters,,,UNRESOLVED,UNRESOLVED,NOT_ADJUDICATED_MODERN_SCOPE,"{""historical"":{""file"":""source_taxonomy_provenance.csv"",""automation_record_id"":""231"",""verification_status"":""VERIFIED"",""references"":""https://www.ddorn.net/data/Dorn_Thesis_Appendix.pdf#page=11 ; https://data.mendeley.com/datasets/czbvhmzwm3/1""},""adjudication_authority"":""No completed modern adjudication"",""step_2b"":{""file"":""automation_onet_crosswalk_candidates.csv"",""csv_rows"":[959,960,961,962,963,964,965,966,967,968],""candidate_statuses"":[""PENDING_REVIEW""],""accepted_as_final"":false}}",Historical label correspondence does not prove OCC1990DD is Wocke canonical taxonomy. Taxonomy only; exposure propagation remains undefined. Outside explicit priority adjudication rules; no completed human decision exists. Step 2B AUTO_EXACT/fuzzy/ambiguous candidates are not promoted to frozen taxonomy mappings.,v1.0
232,"Furniture/wood finishers, other prec. wood workers",OCC1990DD,658,"Furniture/wood finishers, other prec. wood workers",,,UNRESOLVED,UNRESOLVED,NOT_ADJUDICATED_MODERN_SCOPE,"{""historical"":{""file"":""source_taxonomy_provenance.csv"",""automation_record_id"":""232"",""verification_status"":""VERIFIED"",""references"":""https://www.ddorn.net/data/Dorn_Thesis_Appendix.pdf#page=11 ; https://data.mendeley.com/datasets/czbvhmzwm3/1""},""adjudication_authority"":""No completed modern adjudication"",""step_2b"":{""file"":""automation_onet_crosswalk_candidates.csv"",""csv_rows"":[969,970,971],""candidate_statuses"":[""PENDING_REVIEW""],""accepted_as_final"":false}}",Historical label correspondence does not prove OCC1990DD is Wocke canonical taxonomy. Taxonomy only; exposure propagation remains undefined. Outside explicit priority adjudication rules; no completed human decision exists. Step 2B AUTO_EXACT/fuzzy/ambiguous candidates are not promoted to frozen taxonomy mappings.,v1.0
233,"Dressmakers, seamstresses, and tailors",OCC1990DD,666,"Dressmakers, seamstresses, and tailors",,,UNRESOLVED,UNRESOLVED,NOT_ADJUDICATED_MODERN_SCOPE,"{""historical"":{""file"":""source_taxonomy_provenance.csv"",""automation_record_id"":""233"",""verification_status"":""VERIFIED"",""references"":""https://www.ddorn.net/data/Dorn_Thesis_Appendix.pdf#page=11 ; https://data.mendeley.com/datasets/czbvhmzwm3/1""},""adjudication_authority"":""No completed modern adjudication"",""step_2b"":{""file"":""automation_onet_crosswalk_candidates.csv"",""csv_rows"":[972,973,974,975,976,977],""candidate_statuses"":[""AMBIGUOUS"",""PENDING_REVIEW""],""accepted_as_final"":false}}",Historical label correspondence does not prove OCC1990DD is Wocke canonical taxonomy. Taxonomy only; exposure propagation remains undefined. Outside explicit priority adjudication rules; no completed human decision exists. Step 2B AUTO_EXACT/fuzzy/ambiguous candidates are not promoted to frozen taxonomy mappings.,v1.0
234,Upholsterers,OCC1990DD,668,Upholsterers,,,UNRESOLVED,UNRESOLVED,NOT_ADJUDICATED_MODERN_SCOPE,"{""historical"":{""file"":""source_taxonomy_provenance.csv"",""automation_record_id"":""234"",""verification_status"":""VERIFIED"",""references"":""https://www.ddorn.net/data/Dorn_Thesis_Appendix.pdf#page=11 ; https://data.mendeley.com/datasets/czbvhmzwm3/1""},""adjudication_authority"":""No completed modern adjudication"",""step_2b"":{""file"":""automation_onet_crosswalk_candidates.csv"",""csv_rows"":[978],""candidate_statuses"":[""AUTO_EXACT""],""accepted_as_final"":false}}",Historical label correspondence does not prove OCC1990DD is Wocke canonical taxonomy. Taxonomy only; exposure propagation remains undefined. Outside explicit priority adjudication rules; no completed human decision exists. Step 2B AUTO_EXACT/fuzzy/ambiguous candidates are not promoted to frozen taxonomy mappings.,v1.0
235,"Hand molders and shapers, except jewelers",OCC1990DD,675,"Hand molders and shapers, except jewelers",,,UNRESOLVED,UNRESOLVED,NOT_ADJUDICATED_MODERN_SCOPE,"{""historical"":{""file"":""source_taxonomy_provenance.csv"",""automation_record_id"":""235"",""verification_status"":""VERIFIED"",""references"":""https://www.ddorn.net/data/Dorn_Thesis_Appendix.pdf#page=11 ; https://data.mendeley.com/datasets/czbvhmzwm3/1""},""adjudication_authority"":""No completed modern adjudication"",""step_2b"":{""file"":""automation_onet_crosswalk_candidates.csv"",""csv_rows"":[979,980,981,982,983],""candidate_statuses"":[""PENDING_REVIEW""],""accepted_as_final"":false}}",Historical label correspondence does not prove OCC1990DD is Wocke canonical taxonomy. Taxonomy only; exposure propagation remains undefined. Outside explicit priority adjudication rules; no completed human decision exists. Step 2B AUTO_EXACT/fuzzy/ambiguous candidates are not promoted to frozen taxonomy mappings.,v1.0
236,Bookbinders,OCC1990DD,679,Bookbinders,,,UNRESOLVED,UNRESOLVED,NOT_ADJUDICATED_MODERN_SCOPE,"{""historical"":{""file"":""source_taxonomy_provenance.csv"",""automation_record_id"":""236"",""verification_status"":""VERIFIED"",""references"":""https://www.ddorn.net/data/Dorn_Thesis_Appendix.pdf#page=11 ; https://data.mendeley.com/datasets/czbvhmzwm3/1""},""adjudication_authority"":""No completed modern adjudication"",""step_2b"":{""file"":""automation_onet_crosswalk_candidates.csv"",""csv_rows"":[984],""candidate_statuses"":[""PENDING_REVIEW""],""accepted_as_final"":false}}",Historical label correspondence does not prove OCC1990DD is Wocke canonical taxonomy. Taxonomy only; exposure propagation remains undefined. Outside explicit priority adjudication rules; no completed human decision exists. Step 2B AUTO_EXACT/fuzzy/ambiguous candidates are not promoted to frozen taxonomy mappings.,v1.0
237,Butchers and meat cutters,OCC1990DD,686,Butchers and meat cutters,,,UNRESOLVED,UNRESOLVED,NOT_ADJUDICATED_MODERN_SCOPE,"{""historical"":{""file"":""source_taxonomy_provenance.csv"",""automation_record_id"":""237"",""verification_status"":""VERIFIED"",""references"":""https://www.ddorn.net/data/Dorn_Thesis_Appendix.pdf#page=12 ; https://data.mendeley.com/datasets/czbvhmzwm3/1""},""adjudication_authority"":""No completed modern adjudication"",""step_2b"":{""file"":""automation_onet_crosswalk_candidates.csv"",""csv_rows"":[985],""candidate_statuses"":[""AUTO_EXACT""],""accepted_as_final"":false}}",Historical label correspondence does not prove OCC1990DD is Wocke canonical taxonomy. Taxonomy only; exposure propagation remains undefined. Outside explicit priority adjudication rules; no completed human decision exists. Step 2B AUTO_EXACT/fuzzy/ambiguous candidates are not promoted to frozen taxonomy mappings.,v1.0
238,Bakers,OCC1990DD,687,Bakers,,,UNRESOLVED,UNRESOLVED,NOT_ADJUDICATED_MODERN_SCOPE,"{""historical"":{""file"":""source_taxonomy_provenance.csv"",""automation_record_id"":""238"",""verification_status"":""VERIFIED"",""references"":""https://www.ddorn.net/data/Dorn_Thesis_Appendix.pdf#page=12 ; https://data.mendeley.com/datasets/czbvhmzwm3/1""},""adjudication_authority"":""No completed modern adjudication"",""step_2b"":{""file"":""automation_onet_crosswalk_candidates.csv"",""csv_rows"":[986],""candidate_statuses"":[""AUTO_EXACT""],""accepted_as_final"":false}}",Historical label correspondence does not prove OCC1990DD is Wocke canonical taxonomy. Taxonomy only; exposure propagation remains undefined. Outside explicit priority adjudication rules; no completed human decision exists. Step 2B AUTO_EXACT/fuzzy/ambiguous candidates are not promoted to frozen taxonomy mappings.,v1.0
239,Batch food makers,OCC1990DD,688,Batch food makers,,,UNRESOLVED,UNRESOLVED,NOT_ADJUDICATED_MODERN_SCOPE,"{""historical"":{""file"":""source_taxonomy_provenance.csv"",""automation_record_id"":""239"",""verification_status"":""VERIFIED"",""references"":""https://www.ddorn.net/data/Dorn_Thesis_Appendix.pdf#page=12 ; https://data.mendeley.com/datasets/czbvhmzwm3/1""},""adjudication_authority"":""No completed modern adjudication"",""step_2b"":{""file"":""automation_onet_crosswalk_candidates.csv"",""csv_rows"":[987,988],""candidate_statuses"":[""PENDING_REVIEW""],""accepted_as_final"":false}}",Historical label correspondence does not prove OCC1990DD is Wocke canonical taxonomy. Taxonomy only; exposure propagation remains undefined. Outside explicit priority adjudication rules; no completed human decision exists. Step 2B AUTO_EXACT/fuzzy/ambiguous candidates are not promoted to frozen taxonomy mappings.,v1.0
240,Water and sewage treatment plant operators,OCC1990DD,694,Water and sewage treatment plant operators,,,UNRESOLVED,UNRESOLVED,NOT_ADJUDICATED_MODERN_SCOPE,"{""historical"":{""file"":""source_taxonomy_provenance.csv"",""automation_record_id"":""240"",""verification_status"":""VERIFIED"",""references"":""https://www.ddorn.net/data/Dorn_Thesis_Appendix.pdf#page=12 ; https://data.mendeley.com/datasets/czbvhmzwm3/1""},""adjudication_authority"":""No completed modern adjudication"",""step_2b"":{""file"":""automation_onet_crosswalk_candidates.csv"",""csv_rows"":[989,990,991,992],""candidate_statuses"":[""PENDING_REVIEW""],""accepted_as_final"":false}}",Historical label correspondence does not prove OCC1990DD is Wocke canonical taxonomy. Taxonomy only; exposure propagation remains undefined. Outside explicit priority adjudication rules; no completed human decision exists. Step 2B AUTO_EXACT/fuzzy/ambiguous candidates are not promoted to frozen taxonomy mappings.,v1.0
241,Power plant operators,OCC1990DD,695,Power plant operators,,,UNRESOLVED,UNRESOLVED,NOT_ADJUDICATED_MODERN_SCOPE,"{""historical"":{""file"":""source_taxonomy_provenance.csv"",""automation_record_id"":""241"",""verification_status"":""VERIFIED"",""references"":""https://www.ddorn.net/data/Dorn_Thesis_Appendix.pdf#page=12 ; https://data.mendeley.com/datasets/czbvhmzwm3/1""},""adjudication_authority"":""No completed modern adjudication"",""step_2b"":{""file"":""automation_onet_crosswalk_candidates.csv"",""csv_rows"":[993],""candidate_statuses"":[""AUTO_EXACT""],""accepted_as_final"":false}}",Historical label correspondence does not prove OCC1990DD is Wocke canonical taxonomy. Taxonomy only; exposure propagation remains undefined. Outside explicit priority adjudication rules; no completed human decision exists. Step 2B AUTO_EXACT/fuzzy/ambiguous candidates are not promoted to frozen taxonomy mappings.,v1.0
242,"Plant and system operators, stationary engineers",OCC1990DD,696,"Plant and system operators, stationary engineers",,,UNRESOLVED,UNRESOLVED,NOT_ADJUDICATED_MODERN_SCOPE,"{""historical"":{""file"":""source_taxonomy_provenance.csv"",""automation_record_id"":""242"",""verification_status"":""VERIFIED"",""references"":""https://www.ddorn.net/data/Dorn_Thesis_Appendix.pdf#page=12 ; https://data.mendeley.com/datasets/czbvhmzwm3/1""},""adjudication_authority"":""No completed modern adjudication"",""step_2b"":{""file"":""automation_onet_crosswalk_candidates.csv"",""csv_rows"":[994,995,996,997,998,999,1000,1001,1002,1003,1004,1005],""candidate_statuses"":[""PENDING_REVIEW""],""accepted_as_final"":false}}",Historical label correspondence does not prove OCC1990DD is Wocke canonical taxonomy. Taxonomy only; exposure propagation remains undefined. Outside explicit priority adjudication rules; no completed human decision exists. Step 2B AUTO_EXACT/fuzzy/ambiguous candidates are not promoted to frozen taxonomy mappings.,v1.0
243,Other plant and system operators,OCC1990DD,699,Other plant and system operators,,,UNRESOLVED,UNRESOLVED,NOT_ADJUDICATED_MODERN_SCOPE,"{""historical"":{""file"":""source_taxonomy_provenance.csv"",""automation_record_id"":""243"",""verification_status"":""VERIFIED"",""references"":""https://www.ddorn.net/data/Dorn_Thesis_Appendix.pdf#page=12 ; https://data.mendeley.com/datasets/czbvhmzwm3/1""},""adjudication_authority"":""No completed modern adjudication"",""step_2b"":{""file"":""automation_onet_crosswalk_candidates.csv"",""csv_rows"":[1006,1007,1008,1009,1010,1011,1012,1013,1014,1015],""candidate_statuses"":[""PENDING_REVIEW""],""accepted_as_final"":false}}",Historical label correspondence does not prove OCC1990DD is Wocke canonical taxonomy. Taxonomy only; exposure propagation remains undefined. Outside explicit priority adjudication rules; no completed human decision exists. Step 2B AUTO_EXACT/fuzzy/ambiguous candidates are not promoted to frozen taxonomy mappings.,v1.0
244,"Lathe, milling, and turning machine operatives",OCC1990DD,703,"Lathe, milling, and turning machine operatives",,,UNRESOLVED,UNRESOLVED,NOT_ADJUDICATED_MODERN_SCOPE,"{""historical"":{""file"":""source_taxonomy_provenance.csv"",""automation_record_id"":""244"",""verification_status"":""VERIFIED"",""references"":""https://www.ddorn.net/data/Dorn_Thesis_Appendix.pdf#page=12 ; https://data.mendeley.com/datasets/czbvhmzwm3/1""},""adjudication_authority"":""No completed modern adjudication"",""step_2b"":{""file"":""automation_onet_crosswalk_candidates.csv"",""csv_rows"":[1016,1017,1018,1019,1020,1021,1022],""candidate_statuses"":[""PENDING_REVIEW""],""accepted_as_final"":false}}",Historical label correspondence does not prove OCC1990DD is Wocke canonical taxonomy. Taxonomy only; exposure propagation remains undefined. Outside explicit priority adjudication rules; no completed human decision exists. Step 2B AUTO_EXACT/fuzzy/ambiguous candidates are not promoted to frozen taxonomy mappings.,v1.0
245,"Rollers, roll hands, and finishers of metal",OCC1990DD,707,"Rollers, roll hands, and finishers of metal",,,UNRESOLVED,UNRESOLVED,NOT_ADJUDICATED_MODERN_SCOPE,"{""historical"":{""file"":""source_taxonomy_provenance.csv"",""automation_record_id"":""245"",""verification_status"":""VERIFIED"",""references"":""https://www.ddorn.net/data/Dorn_Thesis_Appendix.pdf#page=12 ; https://data.mendeley.com/datasets/czbvhmzwm3/1""},""adjudication_authority"":""No completed modern adjudication"",""step_2b"":{""file"":""automation_onet_crosswalk_candidates.csv"",""csv_rows"":[1023,1024,1025,1026],""candidate_statuses"":[""AMBIGUOUS""],""accepted_as_final"":false}}",Historical label correspondence does not prove OCC1990DD is Wocke canonical taxonomy. Taxonomy only; exposure propagation remains undefined. Outside explicit priority adjudication rules; no completed human decision exists. Step 2B AUTO_EXACT/fuzzy/ambiguous candidates are not promoted to frozen taxonomy mappings.,v1.0
246,Drilling and boring machine operators,OCC1990DD,708,Drilling and boring machine operators,,,UNRESOLVED,UNRESOLVED,NOT_ADJUDICATED_MODERN_SCOPE,"{""historical"":{""file"":""source_taxonomy_provenance.csv"",""automation_record_id"":""246"",""verification_status"":""VERIFIED"",""references"":""https://www.ddorn.net/data/Dorn_Thesis_Appendix.pdf#page=12 ; https://data.mendeley.com/datasets/czbvhmzwm3/1""},""adjudication_authority"":""No completed modern adjudication"",""step_2b"":{""file"":""automation_onet_crosswalk_candidates.csv"",""csv_rows"":[1027,1028,1029,1030,1031,1032,1033,1034],""candidate_statuses"":[""PENDING_REVIEW""],""accepted_as_final"":false}}",Historical label correspondence does not prove OCC1990DD is Wocke canonical taxonomy. Taxonomy only; exposure propagation remains undefined. Outside explicit priority adjudication rules; no completed human decision exists. Step 2B AUTO_EXACT/fuzzy/ambiguous candidates are not promoted to frozen taxonomy mappings.,v1.0
247,"Grinding, abrading, buffing, and polishing workers",OCC1990DD,709,"Grinding, abrading, buffing, and polishing workers",,,UNRESOLVED,UNRESOLVED,NOT_ADJUDICATED_MODERN_SCOPE,"{""historical"":{""file"":""source_taxonomy_provenance.csv"",""automation_record_id"":""247"",""verification_status"":""VERIFIED"",""references"":""https://www.ddorn.net/data/Dorn_Thesis_Appendix.pdf#page=12 ; https://data.mendeley.com/datasets/czbvhmzwm3/1""},""adjudication_authority"":""No completed modern adjudication"",""step_2b"":{""file"":""automation_onet_crosswalk_candidates.csv"",""csv_rows"":[1035,1036,1037,1038,1039],""candidate_statuses"":[""PENDING_REVIEW""],""accepted_as_final"":false}}",Historical label correspondence does not prove OCC1990DD is Wocke canonical taxonomy. Taxonomy only; exposure propagation remains undefined. Outside explicit priority adjudication rules; no completed human decision exists. Step 2B AUTO_EXACT/fuzzy/ambiguous candidates are not promoted to frozen taxonomy mappings.,v1.0
248,Molders and casting machine operators,OCC1990DD,719,Molders and casting machine operators,,,UNRESOLVED,UNRESOLVED,NOT_ADJUDICATED_MODERN_SCOPE,"{""historical"":{""file"":""source_taxonomy_provenance.csv"",""automation_record_id"":""248"",""verification_status"":""VERIFIED"",""references"":""https://www.ddorn.net/data/Dorn_Thesis_Appendix.pdf#page=12 ; https://data.mendeley.com/datasets/czbvhmzwm3/1""},""adjudication_authority"":""No completed modern adjudication"",""step_2b"":{""file"":""automation_onet_crosswalk_candidates.csv"",""csv_rows"":[1040,1041,1042,1043,1044,1045,1046,1047,1048,1049,1050],""candidate_statuses"":[""PENDING_REVIEW""],""accepted_as_final"":false}}",Historical label correspondence does not prove OCC1990DD is Wocke canonical taxonomy. Taxonomy only; exposure propagation remains undefined. Outside explicit priority adjudication rules; no completed human decision exists. Step 2B AUTO_EXACT/fuzzy/ambiguous candidates are not promoted to frozen taxonomy mappings.,v1.0
249,Heat treating equipment operators,OCC1990DD,724,Heat treating equipment operators,,,UNRESOLVED,UNRESOLVED,NOT_ADJUDICATED_MODERN_SCOPE,"{""historical"":{""file"":""source_taxonomy_provenance.csv"",""automation_record_id"":""249"",""verification_status"":""VERIFIED"",""references"":""https://www.ddorn.net/data/Dorn_Thesis_Appendix.pdf#page=12 ; https://data.mendeley.com/datasets/czbvhmzwm3/1""},""adjudication_authority"":""No completed modern adjudication"",""step_2b"":{""file"":""automation_onet_crosswalk_candidates.csv"",""csv_rows"":[1051,1052,1053,1054,1055],""candidate_statuses"":[""PENDING_REVIEW""],""accepted_as_final"":false}}",Historical label correspondence does not prove OCC1990DD is Wocke canonical taxonomy. Taxonomy only; exposure propagation remains undefined. Outside explicit priority adjudication rules; no completed human decision exists. Step 2B AUTO_EXACT/fuzzy/ambiguous candidates are not promoted to frozen taxonomy mappings.,v1.0
250,Sawing machine operators and sawyers,OCC1990DD,727,Sawing machine operators and sawyers,,,UNRESOLVED,UNRESOLVED,NOT_ADJUDICATED_MODERN_SCOPE,"{""historical"":{""file"":""source_taxonomy_provenance.csv"",""automation_record_id"":""250"",""verification_status"":""VERIFIED"",""references"":""https://www.ddorn.net/data/Dorn_Thesis_Appendix.pdf#page=12 ; https://data.mendeley.com/datasets/czbvhmzwm3/1""},""adjudication_authority"":""No completed modern adjudication"",""step_2b"":{""file"":""automation_onet_crosswalk_candidates.csv"",""csv_rows"":[1056,1057,1058,1059,1060,1061,1062,1063,1064,1065],""candidate_statuses"":[""PENDING_REVIEW""],""accepted_as_final"":false}}",Historical label correspondence does not prove OCC1990DD is Wocke canonical taxonomy. Taxonomy only; exposure propagation remains undefined. Outside explicit priority adjudication rules; no completed human decision exists. Step 2B AUTO_EXACT/fuzzy/ambiguous candidates are not promoted to frozen taxonomy mappings.,v1.0
251,"Nail, tacking, shaping and joining mach ops (wood)",OCC1990DD,729,"Nail, tacking, shaping and joining mach ops (wood)",,,UNRESOLVED,UNRESOLVED,NOT_ADJUDICATED_MODERN_SCOPE,"{""historical"":{""file"":""source_taxonomy_provenance.csv"",""automation_record_id"":""251"",""verification_status"":""VERIFIED"",""references"":""https://www.ddorn.net/data/Dorn_Thesis_Appendix.pdf#page=12 ; https://data.mendeley.com/datasets/czbvhmzwm3/1""},""adjudication_authority"":""No completed modern adjudication"",""step_2b"":{""file"":""automation_onet_crosswalk_candidates.csv"",""csv_rows"":[1066],""candidate_statuses"":[""UNMATCHED""],""accepted_as_final"":false}}",Historical label correspondence does not prove OCC1990DD is Wocke canonical taxonomy. Taxonomy only; exposure propagation remains undefined. Outside explicit priority adjudication rules; no completed human decision exists. Step 2B AUTO_EXACT/fuzzy/ambiguous candidates are not promoted to frozen taxonomy mappings.,v1.0
252,Winding and twisting textile and apparel operatives,OCC1990DD,738,Winding and twisting textile and apparel operatives,,,UNRESOLVED,UNRESOLVED,NOT_ADJUDICATED_MODERN_SCOPE,"{""historical"":{""file"":""source_taxonomy_provenance.csv"",""automation_record_id"":""252"",""verification_status"":""VERIFIED"",""references"":""https://www.ddorn.net/data/Dorn_Thesis_Appendix.pdf#page=12 ; https://data.mendeley.com/datasets/czbvhmzwm3/1""},""adjudication_authority"":""No completed modern adjudication"",""step_2b"":{""file"":""automation_onet_crosswalk_candidates.csv"",""csv_rows"":[1067],""candidate_statuses"":[""UNMATCHED""],""accepted_as_final"":false}}",Historical label correspondence does not prove OCC1990DD is Wocke canonical taxonomy. Taxonomy only; exposure propagation remains undefined. Outside explicit priority adjudication rules; no completed human decision exists. Step 2B AUTO_EXACT/fuzzy/ambiguous candidates are not promoted to frozen taxonomy mappings.,v1.0
253,"Knitters, loopers, and toppers textile operatives",OCC1990DD,739,"Knitters, loopers, and toppers textile operatives",,,UNRESOLVED,UNRESOLVED,NOT_ADJUDICATED_MODERN_SCOPE,"{""historical"":{""file"":""source_taxonomy_provenance.csv"",""automation_record_id"":""253"",""verification_status"":""VERIFIED"",""references"":""https://www.ddorn.net/data/Dorn_Thesis_Appendix.pdf#page=12 ; https://data.mendeley.com/datasets/czbvhmzwm3/1""},""adjudication_authority"":""No completed modern adjudication"",""step_2b"":{""file"":""automation_onet_crosswalk_candidates.csv"",""csv_rows"":[1068,1069,1070,1071,1072],""candidate_statuses"":[""PENDING_REVIEW""],""accepted_as_final"":false}}",Historical label correspondence does not prove OCC1990DD is Wocke canonical taxonomy. Taxonomy only; exposure propagation remains undefined. Outside explicit priority adjudication rules; no completed human decision exists. Step 2B AUTO_EXACT/fuzzy/ambiguous candidates are not promoted to frozen taxonomy mappings.,v1.0
254,Textile cutting and dyeing machine operators,OCC1990DD,743,Textile cutting and dyeing machine operators,,,UNRESOLVED,UNRESOLVED,NOT_ADJUDICATED_MODERN_SCOPE,"{""historical"":{""file"":""source_taxonomy_provenance.csv"",""automation_record_id"":""254"",""verification_status"":""VERIFIED"",""references"":""https://www.ddorn.net/data/Dorn_Thesis_Appendix.pdf#page=12 ; https://data.mendeley.com/datasets/czbvhmzwm3/1""},""adjudication_authority"":""No completed modern adjudication"",""step_2b"":{""file"":""automation_onet_crosswalk_candidates.csv"",""csv_rows"":[1073,1074,1075,1076,1077,1078,1079,1080,1081],""candidate_statuses"":[""PENDING_REVIEW""],""accepted_as_final"":false}}",Historical label correspondence does not prove OCC1990DD is Wocke canonical taxonomy. Taxonomy only; exposure propagation remains undefined. Outside explicit priority adjudication rules; no completed human decision exists. Step 2B AUTO_EXACT/fuzzy/ambiguous candidates are not promoted to frozen taxonomy mappings.,v1.0
255,Textile sewing machine operators,OCC1990DD,744,Textile sewing machine operators,,,UNRESOLVED,UNRESOLVED,NOT_ADJUDICATED_MODERN_SCOPE,"{""historical"":{""file"":""source_taxonomy_provenance.csv"",""automation_record_id"":""255"",""verification_status"":""VERIFIED"",""references"":""https://www.ddorn.net/data/Dorn_Thesis_Appendix.pdf#page=12 ; https://data.mendeley.com/datasets/czbvhmzwm3/1""},""adjudication_authority"":""No completed modern adjudication"",""step_2b"":{""file"":""automation_onet_crosswalk_candidates.csv"",""csv_rows"":[1082,1083,1084,1085,1086],""candidate_statuses"":[""PENDING_REVIEW""],""accepted_as_final"":false}}",Historical label correspondence does not prove OCC1990DD is Wocke canonical taxonomy. Taxonomy only; exposure propagation remains undefined. Outside explicit priority adjudication rules; no completed human decision exists. Step 2B AUTO_EXACT/fuzzy/ambiguous candidates are not promoted to frozen taxonomy mappings.,v1.0
256,Shoemaking machine operators,OCC1990DD,745,Shoemaking machine operators,,,UNRESOLVED,UNRESOLVED,NOT_ADJUDICATED_MODERN_SCOPE,"{""historical"":{""file"":""source_taxonomy_provenance.csv"",""automation_record_id"":""256"",""verification_status"":""VERIFIED"",""references"":""https://www.ddorn.net/data/Dorn_Thesis_Appendix.pdf#page=12 ; https://data.mendeley.com/datasets/czbvhmzwm3/1""},""adjudication_authority"":""No completed modern adjudication"",""step_2b"":{""file"":""automation_onet_crosswalk_candidates.csv"",""csv_rows"":[1087,1088,1089,1090,1091],""candidate_statuses"":[""PENDING_REVIEW""],""accepted_as_final"":false}}",Historical label correspondence does not prove OCC1990DD is Wocke canonical taxonomy. Taxonomy only; exposure propagation remains undefined. Outside explicit priority adjudication rules; no completed human decision exists. Step 2B AUTO_EXACT/fuzzy/ambiguous candidates are not promoted to frozen taxonomy mappings.,v1.0
257,Clothing pressing machine operators,OCC1990DD,747,Clothing pressing machine operators,,,UNRESOLVED,UNRESOLVED,NOT_ADJUDICATED_MODERN_SCOPE,"{""historical"":{""file"":""source_taxonomy_provenance.csv"",""automation_record_id"":""257"",""verification_status"":""VERIFIED"",""references"":""https://www.ddorn.net/data/Dorn_Thesis_Appendix.pdf#page=12 ; https://data.mendeley.com/datasets/czbvhmzwm3/1""},""adjudication_authority"":""No completed modern adjudication"",""step_2b"":{""file"":""automation_onet_crosswalk_candidates.csv"",""csv_rows"":[1092,1093,1094,1095,1096],""candidate_statuses"":[""PENDING_REVIEW""],""accepted_as_final"":false}}",Historical label correspondence does not prove OCC1990DD is Wocke canonical taxonomy. Taxonomy only; exposure propagation remains undefined. Outside explicit priority adjudication rules; no completed human decision exists. Step 2B AUTO_EXACT/fuzzy/ambiguous candidates are not promoted to frozen taxonomy mappings.,v1.0
258,"Packers, fillers, and wrappers",OCC1990DD,754,"Packers, fillers, and wrappers",,,UNRESOLVED,UNRESOLVED,NOT_ADJUDICATED_MODERN_SCOPE,"{""historical"":{""file"":""source_taxonomy_provenance.csv"",""automation_record_id"":""258"",""verification_status"":""VERIFIED"",""references"":""https://www.ddorn.net/data/Dorn_Thesis_Appendix.pdf#page=12 ; https://data.mendeley.com/datasets/czbvhmzwm3/1""},""adjudication_authority"":""No completed modern adjudication"",""step_2b"":{""file"":""automation_onet_crosswalk_candidates.csv"",""csv_rows"":[1097,1098,1099,1100,1101,1102,1103,1104,1105],""candidate_statuses"":[""PENDING_REVIEW""],""accepted_as_final"":false}}",Historical label correspondence does not prove OCC1990DD is Wocke canonical taxonomy. Taxonomy only; exposure propagation remains undefined. Outside explicit priority adjudication rules; no completed human decision exists. Step 2B AUTO_EXACT/fuzzy/ambiguous candidates are not promoted to frozen taxonomy mappings.,v1.0
259,Extruding and forming machine operators,OCC1990DD,755,Extruding and forming machine operators,,,UNRESOLVED,UNRESOLVED,NOT_ADJUDICATED_MODERN_SCOPE,"{""historical"":{""file"":""source_taxonomy_provenance.csv"",""automation_record_id"":""259"",""verification_status"":""VERIFIED"",""references"":""https://www.ddorn.net/data/Dorn_Thesis_Appendix.pdf#page=12 ; https://data.mendeley.com/datasets/czbvhmzwm3/1""},""adjudication_authority"":""No completed modern adjudication"",""step_2b"":{""file"":""automation_onet_crosswalk_candidates.csv"",""csv_rows"":[1106,1107,1108,1109,1110,1111,1112,1113],""candidate_statuses"":[""PENDING_REVIEW""],""accepted_as_final"":false}}",Historical label correspondence does not prove OCC1990DD is Wocke canonical taxonomy. Taxonomy only; exposure propagation remains undefined. Outside explicit priority adjudication rules; no completed human decision exists. Step 2B AUTO_EXACT/fuzzy/ambiguous candidates are not promoted to frozen taxonomy mappings.,v1.0
260,Mixing and blending machine operators,OCC1990DD,756,Mixing and blending machine operators,,,UNRESOLVED,UNRESOLVED,NOT_ADJUDICATED_MODERN_SCOPE,"{""historical"":{""file"":""source_taxonomy_provenance.csv"",""automation_record_id"":""260"",""verification_status"":""VERIFIED"",""references"":""https://www.ddorn.net/data/Dorn_Thesis_Appendix.pdf#page=12 ; https://data.mendeley.com/datasets/czbvhmzwm3/1""},""adjudication_authority"":""No completed modern adjudication"",""step_2b"":{""file"":""automation_onet_crosswalk_candidates.csv"",""csv_rows"":[1114,1115,1116,1117,1118,1119,1120,1121],""candidate_statuses"":[""PENDING_REVIEW""],""accepted_as_final"":false}}",Historical label correspondence does not prove OCC1990DD is Wocke canonical taxonomy. Taxonomy only; exposure propagation remains undefined. Outside explicit priority adjudication rules; no completed human decision exists. Step 2B AUTO_EXACT/fuzzy/ambiguous candidates are not promoted to frozen taxonomy mappings.,v1.0
261,"Separating, filtering, and clarifying machine operators",OCC1990DD,757,"Separating, filtering, and clarifying machine operators",,,UNRESOLVED,UNRESOLVED,NOT_ADJUDICATED_MODERN_SCOPE,"{""historical"":{""file"":""source_taxonomy_provenance.csv"",""automation_record_id"":""261"",""verification_status"":""VERIFIED"",""references"":""https://www.ddorn.net/data/Dorn_Thesis_Appendix.pdf#page=12 ; https://data.mendeley.com/datasets/czbvhmzwm3/1""},""adjudication_authority"":""No completed modern adjudication"",""step_2b"":{""file"":""automation_onet_crosswalk_candidates.csv"",""csv_rows"":[1122,1123,1124,1125,1126,1127,1128,1129,1130,1131],""candidate_statuses"":[""PENDING_REVIEW""],""accepted_as_final"":false}}",Historical label correspondence does not prove OCC1990DD is Wocke canonical taxonomy. Taxonomy only; exposure propagation remains undefined. Outside explicit priority adjudication rules; no completed human decision exists. Step 2B AUTO_EXACT/fuzzy/ambiguous candidates are not promoted to frozen taxonomy mappings.,v1.0
262,Food roasting and baking machine operators,OCC1990DD,763,Food roasting and baking machine operators,,,UNRESOLVED,UNRESOLVED,NOT_ADJUDICATED_MODERN_SCOPE,"{""historical"":{""file"":""source_taxonomy_provenance.csv"",""automation_record_id"":""262"",""verification_status"":""VERIFIED"",""references"":""https://www.ddorn.net/data/Dorn_Thesis_Appendix.pdf#page=12 ; https://data.mendeley.com/datasets/czbvhmzwm3/1""},""adjudication_authority"":""No completed modern adjudication"",""step_2b"":{""file"":""automation_onet_crosswalk_candidates.csv"",""csv_rows"":[1132,1133,1134,1135,1136,1137,1138],""candidate_statuses"":[""PENDING_REVIEW""],""accepted_as_final"":false}}",Historical label correspondence does not prove OCC1990DD is Wocke canonical taxonomy. Taxonomy only; exposure propagation remains undefined. Outside explicit priority adjudication rules; no completed human decision exists. Step 2B AUTO_EXACT/fuzzy/ambiguous candidates are not promoted to frozen taxonomy mappings.,v1.0
263,"Washing, cleaning, and pickling machine operators",OCC1990DD,764,"Washing, cleaning, and pickling machine operators",,,UNRESOLVED,UNRESOLVED,NOT_ADJUDICATED_MODERN_SCOPE,"{""historical"":{""file"":""source_taxonomy_provenance.csv"",""automation_record_id"":""263"",""verification_status"":""VERIFIED"",""references"":""https://www.ddorn.net/data/Dorn_Thesis_Appendix.pdf#page=12 ; https://data.mendeley.com/datasets/czbvhmzwm3/1""},""adjudication_authority"":""No completed modern adjudication"",""step_2b"":{""file"":""automation_onet_crosswalk_candidates.csv"",""csv_rows"":[1139,1140,1141,1142,1143,1144,1145,1146,1147],""candidate_statuses"":[""PENDING_REVIEW""],""accepted_as_final"":false}}",Historical label correspondence does not prove OCC1990DD is Wocke canonical taxonomy. Taxonomy only; exposure propagation remains undefined. Outside explicit priority adjudication rules; no completed human decision exists. Step 2B AUTO_EXACT/fuzzy/ambiguous candidates are not promoted to frozen taxonomy mappings.,v1.0
264,Paper folding machine operators,OCC1990DD,765,Paper folding machine operators,,,UNRESOLVED,UNRESOLVED,NOT_ADJUDICATED_MODERN_SCOPE,"{""historical"":{""file"":""source_taxonomy_provenance.csv"",""automation_record_id"":""264"",""verification_status"":""VERIFIED"",""references"":""https://www.ddorn.net/data/Dorn_Thesis_Appendix.pdf#page=12 ; https://data.mendeley.com/datasets/czbvhmzwm3/1""},""adjudication_authority"":""No completed modern adjudication"",""step_2b"":{""file"":""automation_onet_crosswalk_candidates.csv"",""csv_rows"":[1148,1149,1150,1151,1152],""candidate_statuses"":[""PENDING_REVIEW""],""accepted_as_final"":false}}",Historical label correspondence does not prove OCC1990DD is Wocke canonical taxonomy. Taxonomy only; exposure propagation remains undefined. Outside explicit priority adjudication rules; no completed human decision exists. Step 2B AUTO_EXACT/fuzzy/ambiguous candidates are not promoted to frozen taxonomy mappings.,v1.0
265,"Furnace, kiln, and oven operators, apart from food",OCC1990DD,766,"Furnance, kiln, and oven operators, apart from food",,,UNRESOLVED,UNRESOLVED,NOT_ADJUDICATED_MODERN_SCOPE,"{""historical"":{""file"":""source_taxonomy_provenance.csv"",""automation_record_id"":""265"",""verification_status"":""PARTIALLY_VERIFIED"",""references"":""https://www.ddorn.net/data/Dorn_Thesis_Appendix.pdf#page=12 ; https://data.mendeley.com/datasets/czbvhmzwm3/1""},""adjudication_authority"":""No completed modern adjudication"",""step_2b"":{""file"":""automation_onet_crosswalk_candidates.csv"",""csv_rows"":[1153,1154,1155,1156,1157,1158],""candidate_statuses"":[""PENDING_REVIEW""],""accepted_as_final"":false}}",Historical label correspondence does not prove OCC1990DD is Wocke canonical taxonomy. Taxonomy only; exposure propagation remains undefined. Outside explicit priority adjudication rules; no completed human decision exists. Step 2B AUTO_EXACT/fuzzy/ambiguous candidates are not promoted to frozen taxonomy mappings.,v1.0
266,"Slicing, cutting, crushing and grinding machine",UNKNOWN,,,,,UNRESOLVED,UNRESOLVED,NOT_ADJUDICATED_MODERN_SCOPE,"{""historical"":{""file"":""source_taxonomy_provenance.csv"",""automation_record_id"":""266"",""verification_status"":""NOT_VERIFIED"",""references"":""https://www.ddorn.net/data/Dorn_Thesis_Appendix.pdf ; https://data.mendeley.com/datasets/czbvhmzwm3/1""},""adjudication_authority"":""No completed modern adjudication"",""step_2b"":{""file"":""automation_onet_crosswalk_candidates.csv"",""csv_rows"":[1159],""candidate_statuses"":[""UNMATCHED""],""accepted_as_final"":false}}",Historical label correspondence does not prove OCC1990DD is Wocke canonical taxonomy. Taxonomy only; exposure propagation remains undefined. Outside explicit priority adjudication rules; no completed human decision exists. Step 2B AUTO_EXACT/fuzzy/ambiguous candidates are not promoted to frozen taxonomy mappings.,v1.0
267,Photographic process workers,OCC1990DD,774,Photographic process workers,,,UNRESOLVED,UNRESOLVED,NOT_ADJUDICATED_MODERN_SCOPE,"{""historical"":{""file"":""source_taxonomy_provenance.csv"",""automation_record_id"":""267"",""verification_status"":""VERIFIED"",""references"":""https://www.ddorn.net/data/Dorn_Thesis_Appendix.pdf#page=12 ; https://data.mendeley.com/datasets/czbvhmzwm3/1""},""adjudication_authority"":""No completed modern adjudication"",""step_2b"":{""file"":""automation_onet_crosswalk_candidates.csv"",""csv_rows"":[1160,1161],""candidate_statuses"":[""PENDING_REVIEW""],""accepted_as_final"":false}}",Historical label correspondence does not prove OCC1990DD is Wocke canonical taxonomy. Taxonomy only; exposure propagation remains undefined. Outside explicit priority adjudication rules; no completed human decision exists. Step 2B AUTO_EXACT/fuzzy/ambiguous candidates are not promoted to frozen taxonomy mappings.,v1.0
268,"Welders, solderers, and metal cutters",OCC1990DD,783,"Welders, solderers, and metal cutters",,,UNRESOLVED,UNRESOLVED,NOT_ADJUDICATED_MODERN_SCOPE,"{""historical"":{""file"":""source_taxonomy_provenance.csv"",""automation_record_id"":""268"",""verification_status"":""VERIFIED"",""references"":""https://www.ddorn.net/data/Dorn_Thesis_Appendix.pdf#page=13 ; https://data.mendeley.com/datasets/czbvhmzwm3/1""},""adjudication_authority"":""No completed modern adjudication"",""step_2b"":{""file"":""automation_onet_crosswalk_candidates.csv"",""csv_rows"":[1162,1163,1164,1165,1166,1167,1168,1169,1170,1171,1172,1173,1174],""candidate_statuses"":[""AMBIGUOUS"",""PENDING_REVIEW""],""accepted_as_final"":false}}",Historical label correspondence does not prove OCC1990DD is Wocke canonical taxonomy. Taxonomy only; exposure propagation remains undefined. Outside explicit priority adjudication rules; no completed human decision exists. Step 2B AUTO_EXACT/fuzzy/ambiguous candidates are not promoted to frozen taxonomy mappings.,v1.0
269,Assemblers of electrical equipment,OCC1990DD,785,Assemblers of electrical equipment,,,UNRESOLVED,UNRESOLVED,NOT_ADJUDICATED_MODERN_SCOPE,"{""historical"":{""file"":""source_taxonomy_provenance.csv"",""automation_record_id"":""269"",""verification_status"":""VERIFIED"",""references"":""https://www.ddorn.net/data/Dorn_Thesis_Appendix.pdf#page=13 ; https://data.mendeley.com/datasets/czbvhmzwm3/1""},""adjudication_authority"":""No completed modern adjudication"",""step_2b"":{""file"":""automation_onet_crosswalk_candidates.csv"",""csv_rows"":[1175],""candidate_statuses"":[""PENDING_REVIEW""],""accepted_as_final"":false}}",Historical label correspondence does not prove OCC1990DD is Wocke canonical taxonomy. Taxonomy only; exposure propagation remains undefined. Outside explicit priority adjudication rules; no completed human decision exists. Step 2B AUTO_EXACT/fuzzy/ambiguous candidates are not promoted to frozen taxonomy mappings.,v1.0
270,Painting and decoration occupations,OCC1990DD,789,Painting and decoration occupations,,,UNRESOLVED,UNRESOLVED,NOT_ADJUDICATED_MODERN_SCOPE,"{""historical"":{""file"":""source_taxonomy_provenance.csv"",""automation_record_id"":""270"",""verification_status"":""VERIFIED"",""references"":""https://www.ddorn.net/data/Dorn_Thesis_Appendix.pdf#page=13 ; https://data.mendeley.com/datasets/czbvhmzwm3/1""},""adjudication_authority"":""No completed modern adjudication"",""step_2b"":{""file"":""automation_onet_crosswalk_candidates.csv"",""csv_rows"":[1176,1177],""candidate_statuses"":[""PENDING_REVIEW""],""accepted_as_final"":false}}",Historical label correspondence does not prove OCC1990DD is Wocke canonical taxonomy. Taxonomy only; exposure propagation remains undefined. Outside explicit priority adjudication rules; no completed human decision exists. Step 2B AUTO_EXACT/fuzzy/ambiguous candidates are not promoted to frozen taxonomy mappings.,v1.0
271,Supervisors of motor vehicle transportation,OCC1990DD,803,Supervisors of motor vehicle transportation,,,UNRESOLVED,UNRESOLVED,NOT_ADJUDICATED_MODERN_SCOPE,"{""historical"":{""file"":""source_taxonomy_provenance.csv"",""automation_record_id"":""271"",""verification_status"":""VERIFIED"",""references"":""https://www.ddorn.net/data/Dorn_Thesis_Appendix.pdf#page=13 ; https://data.mendeley.com/datasets/czbvhmzwm3/1""},""adjudication_authority"":""No completed modern adjudication"",""step_2b"":{""file"":""automation_onet_crosswalk_candidates.csv"",""csv_rows"":[1178],""candidate_statuses"":[""UNMATCHED""],""accepted_as_final"":false}}",Historical label correspondence does not prove OCC1990DD is Wocke canonical taxonomy. Taxonomy only; exposure propagation remains undefined. Outside explicit priority adjudication rules; no completed human decision exists. Step 2B AUTO_EXACT/fuzzy/ambiguous candidates are not promoted to frozen taxonomy mappings.,v1.0
272,"Truck, delivery, and tractor drivers",OCC1990DD,804,"Truck, delivery, and tractor drivers",,,UNRESOLVED,UNRESOLVED,NOT_ADJUDICATED_MODERN_SCOPE,"{""historical"":{""file"":""source_taxonomy_provenance.csv"",""automation_record_id"":""272"",""verification_status"":""VERIFIED"",""references"":""https://www.ddorn.net/data/Dorn_Thesis_Appendix.pdf#page=13 ; https://data.mendeley.com/datasets/czbvhmzwm3/1""},""adjudication_authority"":""No completed modern adjudication"",""step_2b"":{""file"":""automation_onet_crosswalk_candidates.csv"",""csv_rows"":[1179,1180,1181,1182,1183],""candidate_statuses"":[""PENDING_REVIEW""],""accepted_as_final"":false}}",Historical label correspondence does not prove OCC1990DD is Wocke canonical taxonomy. Taxonomy only; exposure propagation remains undefined. Outside explicit priority adjudication rules; no completed human decision exists. Step 2B AUTO_EXACT/fuzzy/ambiguous candidates are not promoted to frozen taxonomy mappings.,v1.0
273,Bus drivers,OCC1990DD,808,Bus drivers,,,UNRESOLVED,UNRESOLVED,NOT_ADJUDICATED_MODERN_SCOPE,"{""historical"":{""file"":""source_taxonomy_provenance.csv"",""automation_record_id"":""273"",""verification_status"":""VERIFIED"",""references"":""https://www.ddorn.net/data/Dorn_Thesis_Appendix.pdf#page=13 ; https://data.mendeley.com/datasets/czbvhmzwm3/1""},""adjudication_authority"":""No completed modern adjudication"",""step_2b"":{""file"":""automation_onet_crosswalk_candidates.csv"",""csv_rows"":[1184,1185,1186,1187,1188],""candidate_statuses"":[""PENDING_REVIEW""],""accepted_as_final"":false}}",Historical label correspondence does not prove OCC1990DD is Wocke canonical taxonomy. Taxonomy only; exposure propagation remains undefined. Outside explicit priority adjudication rules; no completed human decision exists. Step 2B AUTO_EXACT/fuzzy/ambiguous candidates are not promoted to frozen taxonomy mappings.,v1.0
274,Taxi cab drivers and chauffeurs,OCC1990DD,809,Taxi cab drivers and chauffeurs,,,UNRESOLVED,UNRESOLVED,NOT_ADJUDICATED_MODERN_SCOPE,"{""historical"":{""file"":""source_taxonomy_provenance.csv"",""automation_record_id"":""274"",""verification_status"":""VERIFIED"",""references"":""https://www.ddorn.net/data/Dorn_Thesis_Appendix.pdf#page=13 ; https://data.mendeley.com/datasets/czbvhmzwm3/1""},""adjudication_authority"":""No completed modern adjudication"",""step_2b"":{""file"":""automation_onet_crosswalk_candidates.csv"",""csv_rows"":[1189,1190,1191,1192,1193,1194,1195],""candidate_statuses"":[""PENDING_REVIEW""],""accepted_as_final"":false}}",Historical label correspondence does not prove OCC1990DD is Wocke canonical taxonomy. Taxonomy only; exposure propagation remains undefined. Outside explicit priority adjudication rules; no completed human decision exists. Step 2B AUTO_EXACT/fuzzy/ambiguous candidates are not promoted to frozen taxonomy mappings.,v1.0
275,Parking lot attendants,OCC1990DD,813,Parking lot attendants,,,UNRESOLVED,UNRESOLVED,NOT_ADJUDICATED_MODERN_SCOPE,"{""historical"":{""file"":""source_taxonomy_provenance.csv"",""automation_record_id"":""275"",""verification_status"":""VERIFIED"",""references"":""https://www.ddorn.net/data/Dorn_Thesis_Appendix.pdf#page=13 ; https://data.mendeley.com/datasets/czbvhmzwm3/1""},""adjudication_authority"":""No completed modern adjudication"",""step_2b"":{""file"":""automation_onet_crosswalk_candidates.csv"",""csv_rows"":[1196,1197,1198,1199,1200],""candidate_statuses"":[""PENDING_REVIEW""],""accepted_as_final"":false}}",Historical label correspondence does not prove OCC1990DD is Wocke canonical taxonomy. Taxonomy only; exposure propagation remains undefined. Outside explicit priority adjudication rules; no completed human decision exists. Step 2B AUTO_EXACT/fuzzy/ambiguous candidates are not promoted to frozen taxonomy mappings.,v1.0
276,Railroad conductors and yardmasters,OCC1990DD,823,Railroad conductors and yardmasters,,,UNRESOLVED,UNRESOLVED,NOT_ADJUDICATED_MODERN_SCOPE,"{""historical"":{""file"":""source_taxonomy_provenance.csv"",""automation_record_id"":""276"",""verification_status"":""VERIFIED"",""references"":""https://www.ddorn.net/data/Dorn_Thesis_Appendix.pdf#page=13 ; https://data.mendeley.com/datasets/czbvhmzwm3/1""},""adjudication_authority"":""No completed modern adjudication"",""step_2b"":{""file"":""automation_onet_crosswalk_candidates.csv"",""csv_rows"":[1201],""candidate_statuses"":[""AUTO_EXACT""],""accepted_as_final"":false}}",Historical label correspondence does not prove OCC1990DD is Wocke canonical taxonomy. Taxonomy only; exposure propagation remains undefined. Outside explicit priority adjudication rules; no completed human decision exists. Step 2B AUTO_EXACT/fuzzy/ambiguous candidates are not promoted to frozen taxonomy mappings.,v1.0
277,Locomotive operators: engineers and firemen,OCC1990DD,824,Locomotive operators: engineers and firemen,,,UNRESOLVED,UNRESOLVED,NOT_ADJUDICATED_MODERN_SCOPE,"{""historical"":{""file"":""source_taxonomy_provenance.csv"",""automation_record_id"":""277"",""verification_status"":""VERIFIED"",""references"":""https://www.ddorn.net/data/Dorn_Thesis_Appendix.pdf#page=13 ; https://data.mendeley.com/datasets/czbvhmzwm3/1""},""adjudication_authority"":""No completed modern adjudication"",""step_2b"":{""file"":""automation_onet_crosswalk_candidates.csv"",""csv_rows"":[1202,1203,1204,1205,1206,1207],""candidate_statuses"":[""PENDING_REVIEW""],""accepted_as_final"":false}}",Historical label correspondence does not prove OCC1990DD is Wocke canonical taxonomy. Taxonomy only; exposure propagation remains undefined. Outside explicit priority adjudication rules; no completed human decision exists. Step 2B AUTO_EXACT/fuzzy/ambiguous candidates are not promoted to frozen taxonomy mappings.,v1.0
278,"Railroad brake, coupler, and switch operators",OCC1990DD,825,"Railroad brake, coupler, and switch operators",,,UNRESOLVED,UNRESOLVED,NOT_ADJUDICATED_MODERN_SCOPE,"{""historical"":{""file"":""source_taxonomy_provenance.csv"",""automation_record_id"":""278"",""verification_status"":""VERIFIED"",""references"":""https://www.ddorn.net/data/Dorn_Thesis_Appendix.pdf#page=13 ; https://data.mendeley.com/datasets/czbvhmzwm3/1""},""adjudication_authority"":""No completed modern adjudication"",""step_2b"":{""file"":""automation_onet_crosswalk_candidates.csv"",""csv_rows"":[1208,1209,1210,1211,1212,1213,1214],""candidate_statuses"":[""AMBIGUOUS"",""PENDING_REVIEW""],""accepted_as_final"":false}}",Historical label correspondence does not prove OCC1990DD is Wocke canonical taxonomy. Taxonomy only; exposure propagation remains undefined. Outside explicit priority adjudication rules; no completed human decision exists. Step 2B AUTO_EXACT/fuzzy/ambiguous candidates are not promoted to frozen taxonomy mappings.,v1.0
279,Ship crews and marine engineers,OCC1990DD,829,Ship crews and marine engineers,,,UNRESOLVED,UNRESOLVED,NOT_ADJUDICATED_MODERN_SCOPE,"{""historical"":{""file"":""source_taxonomy_provenance.csv"",""automation_record_id"":""279"",""verification_status"":""VERIFIED"",""references"":""https://www.ddorn.net/data/Dorn_Thesis_Appendix.pdf#page=13 ; https://data.mendeley.com/datasets/czbvhmzwm3/1""},""adjudication_authority"":""No completed modern adjudication"",""step_2b"":{""file"":""automation_onet_crosswalk_candidates.csv"",""csv_rows"":[1215,1216,1217,1218,1219,1220,1221,1222],""candidate_statuses"":[""PENDING_REVIEW""],""accepted_as_final"":false}}",Historical label correspondence does not prove OCC1990DD is Wocke canonical taxonomy. Taxonomy only; exposure propagation remains undefined. Outside explicit priority adjudication rules; no completed human decision exists. Step 2B AUTO_EXACT/fuzzy/ambiguous candidates are not promoted to frozen taxonomy mappings.,v1.0
280,Operating engineers of construction equipment,OCC1990DD,844,Operating engineers of construction equipment,,,UNRESOLVED,UNRESOLVED,NOT_ADJUDICATED_MODERN_SCOPE,"{""historical"":{""file"":""source_taxonomy_provenance.csv"",""automation_record_id"":""280"",""verification_status"":""VERIFIED"",""references"":""https://www.ddorn.net/data/Dorn_Thesis_Appendix.pdf#page=13 ; https://data.mendeley.com/datasets/czbvhmzwm3/1""},""adjudication_authority"":""No completed modern adjudication"",""step_2b"":{""file"":""automation_onet_crosswalk_candidates.csv"",""csv_rows"":[1223],""candidate_statuses"":[""PENDING_REVIEW""],""accepted_as_final"":false}}",Historical label correspondence does not prove OCC1990DD is Wocke canonical taxonomy. Taxonomy only; exposure propagation remains undefined. Outside explicit priority adjudication rules; no completed human decision exists. Step 2B AUTO_EXACT/fuzzy/ambiguous candidates are not promoted to frozen taxonomy mappings.,v1.0
281,"Crane, derrick, winch, hoist, longshore operators",OCC1990DD,848,"Crane, derrick, winch, hoist, longshore operators",,,UNRESOLVED,UNRESOLVED,NOT_ADJUDICATED_MODERN_SCOPE,"{""historical"":{""file"":""source_taxonomy_provenance.csv"",""automation_record_id"":""281"",""verification_status"":""VERIFIED"",""references"":""https://www.ddorn.net/data/Dorn_Thesis_Appendix.pdf#page=13 ; https://data.mendeley.com/datasets/czbvhmzwm3/1""},""adjudication_authority"":""No completed modern adjudication"",""step_2b"":{""file"":""automation_onet_crosswalk_candidates.csv"",""csv_rows"":[1224,1225,1226,1227,1228,1229,1230,1231],""candidate_statuses"":[""PENDING_REVIEW""],""accepted_as_final"":false}}",Historical label correspondence does not prove OCC1990DD is Wocke canonical taxonomy. Taxonomy only; exposure propagation remains undefined. Outside explicit priority adjudication rules; no completed human decision exists. Step 2B AUTO_EXACT/fuzzy/ambiguous candidates are not promoted to frozen taxonomy mappings.,v1.0
282,Excavating and loading machine operators,OCC1990DD,853,Excavating and loading machine operators,,,UNRESOLVED,UNRESOLVED,NOT_ADJUDICATED_MODERN_SCOPE,"{""historical"":{""file"":""source_taxonomy_provenance.csv"",""automation_record_id"":""282"",""verification_status"":""VERIFIED"",""references"":""https://www.ddorn.net/data/Dorn_Thesis_Appendix.pdf#page=13 ; https://data.mendeley.com/datasets/czbvhmzwm3/1""},""adjudication_authority"":""No completed modern adjudication"",""step_2b"":{""file"":""automation_onet_crosswalk_candidates.csv"",""csv_rows"":[1232,1233,1234,1235,1236,1237,1238,1239],""candidate_statuses"":[""PENDING_REVIEW""],""accepted_as_final"":false}}",Historical label correspondence does not prove OCC1990DD is Wocke canonical taxonomy. Taxonomy only; exposure propagation remains undefined. Outside explicit priority adjudication rules; no completed human decision exists. Step 2B AUTO_EXACT/fuzzy/ambiguous candidates are not promoted to frozen taxonomy mappings.,v1.0
283,"Helpers, constructions",OCC1990DD,865,"Helpers, constructions",,,UNRESOLVED,UNRESOLVED,NOT_ADJUDICATED_MODERN_SCOPE,"{""historical"":{""file"":""source_taxonomy_provenance.csv"",""automation_record_id"":""283"",""verification_status"":""VERIFIED"",""references"":""https://www.ddorn.net/data/Dorn_Thesis_Appendix.pdf#page=13 ; https://data.mendeley.com/datasets/czbvhmzwm3/1""},""adjudication_authority"":""No completed modern adjudication"",""step_2b"":{""file"":""automation_onet_crosswalk_candidates.csv"",""csv_rows"":[1240,1241,1242,1243,1244,1245,1246,1247,1248],""candidate_statuses"":[""AMBIGUOUS"",""PENDING_REVIEW""],""accepted_as_final"":false}}",Historical label correspondence does not prove OCC1990DD is Wocke canonical taxonomy. Taxonomy only; exposure propagation remains undefined. Outside explicit priority adjudication rules; no completed human decision exists. Step 2B AUTO_EXACT/fuzzy/ambiguous candidates are not promoted to frozen taxonomy mappings.,v1.0
284,Construction laborers,OCC1990DD,869,Construction laborers,,,UNRESOLVED,UNRESOLVED,NOT_ADJUDICATED_MODERN_SCOPE,"{""historical"":{""file"":""source_taxonomy_provenance.csv"",""automation_record_id"":""284"",""verification_status"":""VERIFIED"",""references"":""https://www.ddorn.net/data/Dorn_Thesis_Appendix.pdf#page=13 ; https://data.mendeley.com/datasets/czbvhmzwm3/1""},""adjudication_authority"":""No completed modern adjudication"",""step_2b"":{""file"":""automation_onet_crosswalk_candidates.csv"",""csv_rows"":[1249],""candidate_statuses"":[""AUTO_EXACT""],""accepted_as_final"":false}}",Historical label correspondence does not prove OCC1990DD is Wocke canonical taxonomy. Taxonomy only; exposure propagation remains undefined. Outside explicit priority adjudication rules; no completed human decision exists. Step 2B AUTO_EXACT/fuzzy/ambiguous candidates are not promoted to frozen taxonomy mappings.,v1.0
285,Production helpers,OCC1990DD,873,Production helpers,,,UNRESOLVED,UNRESOLVED,NOT_ADJUDICATED_MODERN_SCOPE,"{""historical"":{""file"":""source_taxonomy_provenance.csv"",""automation_record_id"":""285"",""verification_status"":""VERIFIED"",""references"":""https://www.ddorn.net/data/Dorn_Thesis_Appendix.pdf#page=13 ; https://data.mendeley.com/datasets/czbvhmzwm3/1""},""adjudication_authority"":""No completed modern adjudication"",""step_2b"":{""file"":""automation_onet_crosswalk_candidates.csv"",""csv_rows"":[1250,1251,1252,1253],""candidate_statuses"":[""PENDING_REVIEW""],""accepted_as_final"":false}}",Historical label correspondence does not prove OCC1990DD is Wocke canonical taxonomy. Taxonomy only; exposure propagation remains undefined. Outside explicit priority adjudication rules; no completed human decision exists. Step 2B AUTO_EXACT/fuzzy/ambiguous candidates are not promoted to frozen taxonomy mappings.,v1.0
286,Garbage and recyclable material collectors,OCC1990DD,875,Garbage and recyclable material collectors,,,UNRESOLVED,UNRESOLVED,NOT_ADJUDICATED_MODERN_SCOPE,"{""historical"":{""file"":""source_taxonomy_provenance.csv"",""automation_record_id"":""286"",""verification_status"":""VERIFIED"",""references"":""https://www.ddorn.net/data/Dorn_Thesis_Appendix.pdf#page=13 ; https://data.mendeley.com/datasets/czbvhmzwm3/1""},""adjudication_authority"":""No completed modern adjudication"",""step_2b"":{""file"":""automation_onet_crosswalk_candidates.csv"",""csv_rows"":[1254],""candidate_statuses"":[""PENDING_REVIEW""],""accepted_as_final"":false}}",Historical label correspondence does not prove OCC1990DD is Wocke canonical taxonomy. Taxonomy only; exposure propagation remains undefined. Outside explicit priority adjudication rules; no completed human decision exists. Step 2B AUTO_EXACT/fuzzy/ambiguous candidates are not promoted to frozen taxonomy mappings.,v1.0
287,Machine feeders and offbearers,OCC1990DD,878,Machine feeders and offbearers,,,UNRESOLVED,UNRESOLVED,NOT_ADJUDICATED_MODERN_SCOPE,"{""historical"":{""file"":""source_taxonomy_provenance.csv"",""automation_record_id"":""287"",""verification_status"":""VERIFIED"",""references"":""https://www.ddorn.net/data/Dorn_Thesis_Appendix.pdf#page=13 ; https://data.mendeley.com/datasets/czbvhmzwm3/1""},""adjudication_authority"":""No completed modern adjudication"",""step_2b"":{""file"":""automation_onet_crosswalk_candidates.csv"",""csv_rows"":[1255],""candidate_statuses"":[""AUTO_EXACT""],""accepted_as_final"":false}}",Historical label correspondence does not prove OCC1990DD is Wocke canonical taxonomy. Taxonomy only; exposure propagation remains undefined. Outside explicit priority adjudication rules; no completed human decision exists. Step 2B AUTO_EXACT/fuzzy/ambiguous candidates are not promoted to frozen taxonomy mappings.,v1.0
288,Garage and service station related occupations,OCC1990DD,885,Garage and service station related occupations,,,UNRESOLVED,UNRESOLVED,NOT_ADJUDICATED_MODERN_SCOPE,"{""historical"":{""file"":""source_taxonomy_provenance.csv"",""automation_record_id"":""288"",""verification_status"":""VERIFIED"",""references"":""https://www.ddorn.net/data/Dorn_Thesis_Appendix.pdf#page=13 ; https://data.mendeley.com/datasets/czbvhmzwm3/1""},""adjudication_authority"":""No completed modern adjudication"",""step_2b"":{""file"":""automation_onet_crosswalk_candidates.csv"",""csv_rows"":[1256],""candidate_statuses"":[""UNMATCHED""],""accepted_as_final"":false}}",Historical label correspondence does not prove OCC1990DD is Wocke canonical taxonomy. Taxonomy only; exposure propagation remains undefined. Outside explicit priority adjudication rules; no completed human decision exists. Step 2B AUTO_EXACT/fuzzy/ambiguous candidates are not promoted to frozen taxonomy mappings.,v1.0
289,Vehicle washers and equipment cleaners,OCC1990DD,887,Vehicle washers and equipment cleaners,,,UNRESOLVED,UNRESOLVED,NOT_ADJUDICATED_MODERN_SCOPE,"{""historical"":{""file"":""source_taxonomy_provenance.csv"",""automation_record_id"":""289"",""verification_status"":""VERIFIED"",""references"":""https://www.ddorn.net/data/Dorn_Thesis_Appendix.pdf#page=13 ; https://data.mendeley.com/datasets/czbvhmzwm3/1""},""adjudication_authority"":""No completed modern adjudication"",""step_2b"":{""file"":""automation_onet_crosswalk_candidates.csv"",""csv_rows"":[1257,1258,1259,1260,1261,1262,1263,1264],""candidate_statuses"":[""AMBIGUOUS"",""PENDING_REVIEW""],""accepted_as_final"":false}}",Historical label correspondence does not prove OCC1990DD is Wocke canonical taxonomy. Taxonomy only; exposure propagation remains undefined. Outside explicit priority adjudication rules; no completed human decision exists. Step 2B AUTO_EXACT/fuzzy/ambiguous candidates are not promoted to frozen taxonomy mappings.,v1.0
290,Packers and packagers by hand,OCC1990DD,888,Packers and packagers by hand,,,UNRESOLVED,UNRESOLVED,NOT_ADJUDICATED_MODERN_SCOPE,"{""historical"":{""file"":""source_taxonomy_provenance.csv"",""automation_record_id"":""290"",""verification_status"":""VERIFIED"",""references"":""https://www.ddorn.net/data/Dorn_Thesis_Appendix.pdf#page=13 ; https://data.mendeley.com/datasets/czbvhmzwm3/1""},""adjudication_authority"":""No completed modern adjudication"",""step_2b"":{""file"":""automation_onet_crosswalk_candidates.csv"",""csv_rows"":[1265,1266,1267,1268,1269,1270],""candidate_statuses"":[""PENDING_REVIEW""],""accepted_as_final"":false}}",Historical label correspondence does not prove OCC1990DD is Wocke canonical taxonomy. Taxonomy only; exposure propagation remains undefined. Outside explicit priority adjudication rules; no completed human decision exists. Step 2B AUTO_EXACT/fuzzy/ambiguous candidates are not promoted to frozen taxonomy mappings.,v1.0
291,"Laborers, freight, stock, and material handlers, n.e.c.",OCC1990DD,889,"Laborers, freight, stock, and material handlers, n.e.c.",,,UNRESOLVED,UNRESOLVED,NOT_ADJUDICATED_MODERN_SCOPE,"{""historical"":{""file"":""source_taxonomy_provenance.csv"",""automation_record_id"":""291"",""verification_status"":""VERIFIED"",""references"":""https://www.ddorn.net/data/Dorn_Thesis_Appendix.pdf#page=13 ; https://data.mendeley.com/datasets/czbvhmzwm3/1""},""adjudication_authority"":""No completed modern adjudication"",""step_2b"":{""file"":""automation_onet_crosswalk_candidates.csv"",""csv_rows"":[1271,1272,1273,1274,1275,1276,1277,1278,1279,1280],""candidate_statuses"":[""AMBIGUOUS"",""PENDING_REVIEW""],""accepted_as_final"":false}}",Historical label correspondence does not prove OCC1990DD is Wocke canonical taxonomy. Taxonomy only; exposure propagation remains undefined. Outside explicit priority adjudication rules; no completed human decision exists. Step 2B AUTO_EXACT/fuzzy/ambiguous candidates are not promoted to frozen taxonomy mappings.,v1.0
10,Accountants and auditors,OCC1990DD,23,Accountants and auditors,13-2011.00,Accountants and Auditors,FROZEN,EQUIVALENT,CONSENSUS_ACCEPT_WITH_SCOPE_LIMITATION,"{""modern_soc"": ""13-2011.00"", ""modern_title"": ""Accountants and Auditors"", ""source_record_id"": ""10"", ""source_title"": ""Accountants and auditors"", ""relationship"": ""EQUIVALENT"", ""decision"": ""ACCEPT_WITH_SCOPE_LIMITATION"", ""scope_limitation"": ""Historical/source inclusion boundaries and duties were not independently established beyond the available title/provenance evidence."", ""review_basis"": ""PRIORITY_1_CONSENSUS"", ""adjudication_status"": ""FROZEN"", ""review_provenance"": ""User-supplied Step 7A.3 authorization states three independent reviewers selected the same six mappings; individual review reports were not supplied."", ""historical_code"": ""23"", ""historical_title"": ""Accountants and auditors"", ""historical_scope_evidence"": ""Dorn (2009), Appendix Table 2, printed p. 124: OCC1990DD code 23 has the recorded title. Balanced 1980-2005 panel. Label correspondence does not establish Wocke inclusion boundaries."", ""historical_reference"": ""https://www.ddorn.net/data/Dorn_Thesis_Appendix.pdf#page=5 ; https://data.mendeley.com/datasets/czbvhmzwm3/1"", ""canonical_lineage_limitation"": ""Wocke V1 DOI 10.17632/czbvhmzwm3.1 documents multi-source cross-referencing (DOT, 2010 SOC/OES, Frey-Osborne, Autor-Dorn, Caines). Canonical OCC1990DD taxonomy and local extraction lineage are NOT PROVEN. Historical code is reference evidence, not a source-assigned code or modern SOC mapping."", ""modern_evidence_file"": ""data/Occupation Data.xlsx"", ""review_packet"": ""data/automation_exposure_integration/step7a2/priority1_candidate_adjudication.csv""}","PRIORITY_1_CONSENSUS; ACCEPT_WITH_SCOPE_LIMITATION. Historical/source inclusion boundaries and duties were not independently established beyond the available title/provenance evidence. Operational equivalence does not prove identical inclusion boundaries. Wocke V1 DOI 10.17632/czbvhmzwm3.1 documents multi-source cross-referencing (DOT, 2010 SOC/OES, Frey-Osborne, Autor-Dorn, Caines). Canonical OCC1990DD taxonomy and local extraction lineage are NOT PROVEN. Historical code is reference evidence, not a source-assigned code or modern SOC mapping.",v2.0
29,Mechanical engineers,OCC1990DD,57,Mechanical engineers,17-2141.00,Mechanical Engineers,FROZEN,EQUIVALENT,CONSENSUS_ACCEPT_WITH_SCOPE_LIMITATION,"{""modern_soc"": ""17-2141.00"", ""modern_title"": ""Mechanical Engineers"", ""source_record_id"": ""29"", ""source_title"": ""Mechanical engineers"", ""relationship"": ""EQUIVALENT"", ""decision"": ""ACCEPT_WITH_SCOPE_LIMITATION"", ""scope_limitation"": ""Historical specialty boundaries/source duties remain incompletely verified."", ""review_basis"": ""PRIORITY_1_CONSENSUS"", ""adjudication_status"": ""FROZEN"", ""review_provenance"": ""User-supplied Step 7A.3 authorization states three independent reviewers selected the same six mappings; individual review reports were not supplied."", ""historical_code"": ""57"", ""historical_title"": ""Mechanical engineers"", ""historical_scope_evidence"": ""Dorn (2009), Appendix Table 2, printed p. 124: OCC1990DD code 57 has the recorded title. Balanced 1980-2005 panel. Label correspondence does not establish Wocke inclusion boundaries."", ""historical_reference"": ""https://www.ddorn.net/data/Dorn_Thesis_Appendix.pdf#page=5 ; https://data.mendeley.com/datasets/czbvhmzwm3/1"", ""canonical_lineage_limitation"": ""Wocke V1 DOI 10.17632/czbvhmzwm3.1 documents multi-source cross-referencing (DOT, 2010 SOC/OES, Frey-Osborne, Autor-Dorn, Caines). Canonical OCC1990DD taxonomy and local extraction lineage are NOT PROVEN. Historical code is reference evidence, not a source-assigned code or modern SOC mapping."", ""modern_evidence_file"": ""data/Occupation Data.xlsx"", ""review_packet"": ""data/automation_exposure_integration/step7a2/priority1_candidate_adjudication.csv""}","PRIORITY_1_CONSENSUS; ACCEPT_WITH_SCOPE_LIMITATION. Historical specialty boundaries/source duties remain incompletely verified. Operational equivalence does not prove identical inclusion boundaries. Wocke V1 DOI 10.17632/czbvhmzwm3.1 documents multi-source cross-referencing (DOT, 2010 SOC/OES, Frey-Osborne, Autor-Dorn, Caines). Canonical OCC1990DD taxonomy and local extraction lineage are NOT PROVEN. Historical code is reference evidence, not a source-assigned code or modern SOC mapping.",v2.0
2,Financial managers,OCC1990DD,7,Financial managers,11-3031.00,Financial Managers,FROZEN,EQUIVALENT,CONSENSUS_ACCEPT_WITH_SCOPE_LIMITATION,"{""modern_soc"": ""11-3031.00"", ""modern_title"": ""Financial Managers"", ""source_record_id"": ""2"", ""source_title"": ""Financial managers"", ""relationship"": ""EQUIVALENT"", ""decision"": ""ACCEPT_WITH_SCOPE_LIMITATION"", ""scope_limitation"": ""Historical managerial inclusion boundaries remain incompletely verified."", ""review_basis"": ""PRIORITY_1_CONSENSUS"", ""adjudication_status"": ""FROZEN"", ""review_provenance"": ""User-supplied Step 7A.3 authorization states three independent reviewers selected the same six mappings; individual review reports were not supplied."", ""historical_code"": ""7"", ""historical_title"": ""Financial managers"", ""historical_scope_evidence"": ""Dorn (2009), Appendix Table 2, printed p. 124: OCC1990DD code 7 has the recorded title. Balanced 1980-2005 panel. Label correspondence does not establish Wocke inclusion boundaries."", ""historical_reference"": ""https://www.ddorn.net/data/Dorn_Thesis_Appendix.pdf#page=5 ; https://data.mendeley.com/datasets/czbvhmzwm3/1"", ""canonical_lineage_limitation"": ""Wocke V1 DOI 10.17632/czbvhmzwm3.1 documents multi-source cross-referencing (DOT, 2010 SOC/OES, Frey-Osborne, Autor-Dorn, Caines). Canonical OCC1990DD taxonomy and local extraction lineage are NOT PROVEN. Historical code is reference evidence, not a source-assigned code or modern SOC mapping."", ""modern_evidence_file"": ""data/Occupation Data.xlsx"", ""review_packet"": ""data/automation_exposure_integration/step7a2/priority1_candidate_adjudication.csv""}","PRIORITY_1_CONSENSUS; ACCEPT_WITH_SCOPE_LIMITATION. Historical managerial inclusion boundaries remain incompletely verified. Operational equivalence does not prove identical inclusion boundaries. Wocke V1 DOI 10.17632/czbvhmzwm3.1 documents multi-source cross-referencing (DOT, 2010 SOC/OES, Frey-Osborne, Autor-Dorn, Caines). Canonical OCC1990DD taxonomy and local extraction lineage are NOT PROVEN. Historical code is reference evidence, not a source-assigned code or modern SOC mapping.",v2.0
207,Electricians,OCC1990DD,575,Electricians,47-2111.00,Electricians,FROZEN,EQUIVALENT,CONSENSUS_ACCEPT_WITH_SCOPE_LIMITATION,"{""modern_soc"": ""47-2111.00"", ""modern_title"": ""Electricians"", ""source_record_id"": ""207"", ""source_title"": ""Electricians"", ""relationship"": ""EQUIVALENT"", ""decision"": ""ACCEPT_WITH_SCOPE_LIMITATION"", ""scope_limitation"": ""Historical source inclusion boundaries remain incompletely verified."", ""review_basis"": ""PRIORITY_1_CONSENSUS"", ""adjudication_status"": ""FROZEN"", ""review_provenance"": ""User-supplied Step 7A.3 authorization states three independent reviewers selected the same six mappings; individual review reports were not supplied."", ""historical_code"": ""575"", ""historical_title"": ""Electricians"", ""historical_scope_evidence"": ""Dorn (2009), Appendix Table 2, printed p. 130: OCC1990DD code 575 has the recorded title. Balanced 1980-2005 panel. Label correspondence does not establish Wocke inclusion boundaries."", ""historical_reference"": ""https://www.ddorn.net/data/Dorn_Thesis_Appendix.pdf#page=11 ; https://data.mendeley.com/datasets/czbvhmzwm3/1"", ""canonical_lineage_limitation"": ""Wocke V1 DOI 10.17632/czbvhmzwm3.1 documents multi-source cross-referencing (DOT, 2010 SOC/OES, Frey-Osborne, Autor-Dorn, Caines). Canonical OCC1990DD taxonomy and local extraction lineage are NOT PROVEN. Historical code is reference evidence, not a source-assigned code or modern SOC mapping."", ""modern_evidence_file"": ""data/Occupation Data.xlsx"", ""review_packet"": ""data/automation_exposure_integration/step7a2/priority1_candidate_adjudication.csv""}","PRIORITY_1_CONSENSUS; ACCEPT_WITH_SCOPE_LIMITATION. Historical source inclusion boundaries remain incompletely verified. Operational equivalence does not prove identical inclusion boundaries. Wocke V1 DOI 10.17632/czbvhmzwm3.1 documents multi-source cross-referencing (DOT, 2010 SOC/OES, Frey-Osborne, Autor-Dorn, Caines). Canonical OCC1990DD taxonomy and local extraction lineage are NOT PROVEN. Historical code is reference evidence, not a source-assigned code or modern SOC mapping.",v2.0
158,Bartenders,OCC1990DD,434,Bartenders,35-3011.00,Bartenders,FROZEN,EQUIVALENT,CONSENSUS_ACCEPT_WITH_SCOPE_LIMITATION,"{""modern_soc"": ""35-3011.00"", ""modern_title"": ""Bartenders"", ""source_record_id"": ""158"", ""source_title"": ""Bartenders"", ""relationship"": ""EQUIVALENT"", ""decision"": ""ACCEPT_WITH_SCOPE_LIMITATION"", ""scope_limitation"": ""Historical source inclusion boundaries remain incompletely verified."", ""review_basis"": ""PRIORITY_1_CONSENSUS"", ""adjudication_status"": ""FROZEN"", ""review_provenance"": ""User-supplied Step 7A.3 authorization states three independent reviewers selected the same six mappings; individual review reports were not supplied."", ""historical_code"": ""434"", ""historical_title"": ""Bartenders"", ""historical_scope_evidence"": ""Dorn (2009), Appendix Table 2, printed p. 128: OCC1990DD code 434 has the recorded title. Balanced 1980-2005 panel. Label correspondence does not establish Wocke inclusion boundaries."", ""historical_reference"": ""https://www.ddorn.net/data/Dorn_Thesis_Appendix.pdf#page=9 ; https://data.mendeley.com/datasets/czbvhmzwm3/1"", ""canonical_lineage_limitation"": ""Wocke V1 DOI 10.17632/czbvhmzwm3.1 documents multi-source cross-referencing (DOT, 2010 SOC/OES, Frey-Osborne, Autor-Dorn, Caines). Canonical OCC1990DD taxonomy and local extraction lineage are NOT PROVEN. Historical code is reference evidence, not a source-assigned code or modern SOC mapping."", ""modern_evidence_file"": ""data/Occupation Data.xlsx"", ""review_packet"": ""data/automation_exposure_integration/step7a2/priority1_candidate_adjudication.csv""}","PRIORITY_1_CONSENSUS; ACCEPT_WITH_SCOPE_LIMITATION. Historical source inclusion boundaries remain incompletely verified. Operational equivalence does not prove identical inclusion boundaries. Wocke V1 DOI 10.17632/czbvhmzwm3.1 documents multi-source cross-referencing (DOT, 2010 SOC/OES, Frey-Osborne, Autor-Dorn, Caines). Canonical OCC1990DD taxonomy and local extraction lineage are NOT PROVEN. Historical code is reference evidence, not a source-assigned code or modern SOC mapping.",v2.0
144,General office clerks,OCC1990DD,379,General office clerks,43-9061.00,"Office Clerks, General",FROZEN,EQUIVALENT,CONSENSUS_ACCEPT_WITH_SCOPE_LIMITATION,"{""modern_soc"": ""43-9061.00"", ""modern_title"": ""Office Clerks, General"", ""source_record_id"": ""144"", ""source_title"": ""General office clerks"", ""relationship"": ""EQUIVALENT"", ""decision"": ""ACCEPT_WITH_SCOPE_LIMITATION"", ""scope_limitation"": ""Historical \""general\"" category boundary remains incompletely verified."", ""review_basis"": ""PRIORITY_1_CONSENSUS"", ""adjudication_status"": ""FROZEN"", ""review_provenance"": ""User-supplied Step 7A.3 authorization states three independent reviewers selected the same six mappings; individual review reports were not supplied."", ""historical_code"": ""379"", ""historical_title"": ""General office clerks"", ""historical_scope_evidence"": ""Dorn (2009), Appendix Table 2, printed p. 127: OCC1990DD code 379 has the recorded title. Balanced 1980-2005 panel. Label correspondence does not establish Wocke inclusion boundaries."", ""historical_reference"": ""https://www.ddorn.net/data/Dorn_Thesis_Appendix.pdf#page=8 ; https://data.mendeley.com/datasets/czbvhmzwm3/1"", ""canonical_lineage_limitation"": ""Wocke V1 DOI 10.17632/czbvhmzwm3.1 documents multi-source cross-referencing (DOT, 2010 SOC/OES, Frey-Osborne, Autor-Dorn, Caines). Canonical OCC1990DD taxonomy and local extraction lineage are NOT PROVEN. Historical code is reference evidence, not a source-assigned code or modern SOC mapping."", ""modern_evidence_file"": ""data/Occupation Data.xlsx"", ""review_packet"": ""data/automation_exposure_integration/step7a2/priority1_candidate_adjudication.csv""}","PRIORITY_1_CONSENSUS; ACCEPT_WITH_SCOPE_LIMITATION. Historical ""general"" category boundary remains incompletely verified. Operational equivalence does not prove identical inclusion boundaries. Wocke V1 DOI 10.17632/czbvhmzwm3.1 documents multi-source cross-referencing (DOT, 2010 SOC/OES, Frey-Osborne, Autor-Dorn, Caines). Canonical OCC1990DD taxonomy and local extraction lineage are NOT PROVEN. Historical code is reference evidence, not a source-assigned code or modern SOC mapping.",v2.0
27,Electrical engineers,OCC1990DD,55,Electrical engineers,17-2071.00,Electrical Engineers,FROZEN,EQUIVALENT,HIGH_CONFIDENCE_CONSENSUS,"{""modern_soc"": ""17-2071.00"", ""modern_title"": ""Electrical Engineers"", ""source_record_id"": ""27"", ""source_title"": ""Electrical engineers"", ""decision"": ""ACCEPT"", ""relationship"": ""EQUIVALENT"", ""confidence_basis"": ""HIGH-confidence consensus"", ""rationale"": ""Direct/exact normalized title correspondence and matching occupational engineering domain."", ""scope_limitation"": ""Historical duties text and complete source-taxonomy inclusion boundaries remain incompletely verified."", ""crosswalk_version"": ""v3.0"", ""adjudication_status"": ""FROZEN"", ""review_basis"": ""PRIORITY_2_INDEPENDENT_CONSENSUS"", ""review_provenance"": ""User-supplied Step 7A.5 authorization attests two independent blind/evidence-based reviews. Individual review reports and reviewer identities were not supplied; no independent wording is invented."", ""modern_evidence_file"": ""data/Occupation Data.xlsx"", ""modern_evidence_quote"": ""Electrical Engineers"", ""historical_evidence"": {""automation_record_id"": ""27"", ""automation_occupation"": ""Electrical engineers"", ""historical_system"": ""OCC1990DD"", ""historical_code"": ""55"", ""historical_title"": ""Electrical engineers"", ""label_match_type"": ""EXACT_LABEL"", ""historical_scope_evidence"": ""Dorn (2009), Appendix Table 2, printed p. 124: OCC1990DD code 55 has the recorded title. Balanced 1980-2005 panel. Label correspondence does not establish Wocke inclusion boundaries."", ""source_reference"": ""https://www.ddorn.net/data/Dorn_Thesis_Appendix.pdf#page=5 ; https://data.mendeley.com/datasets/czbvhmzwm3/1"", ""source_reference_type"": ""AUTHOR_PRIMARY_TAXONOMY_DOCUMENTATION; ORIGINAL_DATASET_DOCUMENTATION"", ""source_verification_status"": ""VERIFIED"", ""wocke_taxonomy_status"": ""LABEL_CORRESPONDENCE_ONLY"", ""notes"": ""Wocke V1 DOI 10.17632/czbvhmzwm3.1 documents multi-source cross-referencing (DOT, 2010 SOC/OES, Frey-Osborne, Autor-Dorn, Caines). Canonical OCC1990DD taxonomy and local extraction lineage are NOT PROVEN. Historical code is reference evidence, not a source-assigned code or modern SOC mapping.""}, ""automation_value_present"": true}",Direct/exact normalized title correspondence and matching occupational engineering domain. Historical duties text and complete source-taxonomy inclusion boundaries remain incompletely verified. Historical label/code correspondence does not prove canonical Wocke taxonomy or complete local extraction lineage. Taxonomy/path availability only; exposure propagation remains undefined.,v3.0
13,Management analysts,OCC1990DD,26,Management analysts,13-1111.00,Management Analysts,FROZEN,EQUIVALENT,HIGH_CONFIDENCE_CONSENSUS,"{""modern_soc"": ""13-1111.00"", ""modern_title"": ""Management Analysts"", ""source_record_id"": ""13"", ""source_title"": ""Management analysts"", ""decision"": ""ACCEPT"", ""relationship"": ""EQUIVALENT"", ""confidence_basis"": ""HIGH-confidence consensus"", ""rationale"": ""Direct exact-title correspondence and matching management-analysis domain."", ""scope_limitation"": ""Historical duties and complete inclusion boundaries remain incompletely verified."", ""crosswalk_version"": ""v3.0"", ""adjudication_status"": ""FROZEN"", ""review_basis"": ""PRIORITY_2_INDEPENDENT_CONSENSUS"", ""review_provenance"": ""User-supplied Step 7A.5 authorization attests two independent blind/evidence-based reviews. Individual review reports and reviewer identities were not supplied; no independent wording is invented."", ""modern_evidence_file"": ""data/Occupation Data.xlsx"", ""modern_evidence_quote"": ""Management Analysts"", ""historical_evidence"": {""automation_record_id"": ""13"", ""automation_occupation"": ""Management analysts"", ""historical_system"": ""OCC1990DD"", ""historical_code"": ""26"", ""historical_title"": ""Management analysts"", ""label_match_type"": ""EXACT_LABEL"", ""historical_scope_evidence"": ""Dorn (2009), Appendix Table 2, printed p. 124: OCC1990DD code 26 has the recorded title. Balanced 1980-2005 panel. Label correspondence does not establish Wocke inclusion boundaries."", ""source_reference"": ""https://www.ddorn.net/data/Dorn_Thesis_Appendix.pdf#page=5 ; https://data.mendeley.com/datasets/czbvhmzwm3/1"", ""source_reference_type"": ""AUTHOR_PRIMARY_TAXONOMY_DOCUMENTATION; ORIGINAL_DATASET_DOCUMENTATION"", ""source_verification_status"": ""VERIFIED"", ""wocke_taxonomy_status"": ""LABEL_CORRESPONDENCE_ONLY"", ""notes"": ""Wocke V1 DOI 10.17632/czbvhmzwm3.1 documents multi-source cross-referencing (DOT, 2010 SOC/OES, Frey-Osborne, Autor-Dorn, Caines). Canonical OCC1990DD taxonomy and local extraction lineage are NOT PROVEN. Historical code is reference evidence, not a source-assigned code or modern SOC mapping.""}, ""automation_value_present"": true}",Direct exact-title correspondence and matching management-analysis domain. Historical duties and complete inclusion boundaries remain incompletely verified. Historical label/code correspondence does not prove canonical Wocke taxonomy or complete local extraction lineage. Taxonomy/path availability only; exposure propagation remains undefined.,v3.0
147,Data entry keyers,OCC1990DD,385,Data entry keyers,43-9021.00,Data Entry Keyers,FROZEN,EQUIVALENT,HIGH_CONFIDENCE_CONSENSUS,"{""modern_soc"": ""43-9021.00"", ""modern_title"": ""Data Entry Keyers"", ""source_record_id"": ""147"", ""source_title"": ""Data entry keyers"", ""decision"": ""ACCEPT"", ""relationship"": ""EQUIVALENT"", ""confidence_basis"": ""HIGH-confidence consensus"", ""rationale"": ""Direct exact-title correspondence and matching data-entry occupational function."", ""scope_limitation"": ""Historical duties text and complete taxonomy lineage remain incompletely verified."", ""crosswalk_version"": ""v3.0"", ""adjudication_status"": ""FROZEN"", ""review_basis"": ""PRIORITY_2_INDEPENDENT_CONSENSUS"", ""review_provenance"": ""User-supplied Step 7A.5 authorization attests two independent blind/evidence-based reviews. Individual review reports and reviewer identities were not supplied; no independent wording is invented."", ""modern_evidence_file"": ""data/Occupation Data.xlsx"", ""modern_evidence_quote"": ""Data Entry Keyers"", ""historical_evidence"": {""automation_record_id"": ""147"", ""automation_occupation"": ""Data entry keyers"", ""historical_system"": ""OCC1990DD"", ""historical_code"": ""385"", ""historical_title"": ""Data entry keyers"", ""label_match_type"": ""EXACT_LABEL"", ""historical_scope_evidence"": ""Dorn (2009), Appendix Table 2, printed p. 127: OCC1990DD code 385 has the recorded title. Balanced 1980-2005 panel. Label correspondence does not establish Wocke inclusion boundaries."", ""source_reference"": ""https://www.ddorn.net/data/Dorn_Thesis_Appendix.pdf#page=8 ; https://data.mendeley.com/datasets/czbvhmzwm3/1"", ""source_reference_type"": ""AUTHOR_PRIMARY_TAXONOMY_DOCUMENTATION; ORIGINAL_DATASET_DOCUMENTATION"", ""source_verification_status"": ""VERIFIED"", ""wocke_taxonomy_status"": ""LABEL_CORRESPONDENCE_ONLY"", ""notes"": ""Wocke V1 DOI 10.17632/czbvhmzwm3.1 documents multi-source cross-referencing (DOT, 2010 SOC/OES, Frey-Osborne, Autor-Dorn, Caines). Canonical OCC1990DD taxonomy and local extraction lineage are NOT PROVEN. Historical code is reference evidence, not a source-assigned code or modern SOC mapping.""}, ""automation_value_present"": true}",Direct exact-title correspondence and matching data-entry occupational function. Historical duties text and complete taxonomy lineage remain incompletely verified. Historical label/code correspondence does not prove canonical Wocke taxonomy or complete local extraction lineage. Taxonomy/path availability only; exposure propagation remains undefined.,v3.0
32,Operations and systems researchers and analysts,OCC1990DD,65,Operations and systems researchers and analysts,15-2031.00,Operations Research Analysts,FROZEN,SOURCE_BROADER_THAN_ONET,MEDIUM_CONFIDENCE_CONSENSUS,"{""modern_soc"": ""15-2031.00"", ""modern_title"": ""Operations Research Analysts"", ""source_record_id"": ""32"", ""source_title"": ""Operations and systems researchers and analysts"", ""decision"": ""ACCEPT_WITH_SCOPE_LIMITATION"", ""relationship"": ""SOURCE_BROADER_THAN_ONET"", ""confidence_basis"": ""MEDIUM-confidence consensus"", ""rationale"": ""Domain and occupational function align, but the historical/source occupation combines operations and systems researchers/analysts."", ""scope_limitation"": ""Historical source boundaries and duties are not sufficiently documented to claim strict equivalence."", ""crosswalk_version"": ""v3.0"", ""adjudication_status"": ""FROZEN"", ""review_basis"": ""PRIORITY_2_INDEPENDENT_CONSENSUS"", ""review_provenance"": ""User-supplied Step 7A.5 authorization attests two independent blind/evidence-based reviews. Individual review reports and reviewer identities were not supplied; no independent wording is invented."", ""modern_evidence_file"": ""data/Occupation Data.xlsx"", ""modern_evidence_quote"": ""Operations Research Analysts"", ""historical_evidence"": {""automation_record_id"": ""32"", ""automation_occupation"": ""Operations and systems researchers and analysts"", ""historical_system"": ""OCC1990DD"", ""historical_code"": ""65"", ""historical_title"": ""Operations and systems researchers and analysts"", ""label_match_type"": ""EXACT_LABEL"", ""historical_scope_evidence"": ""Dorn (2009), Appendix Table 2, printed p. 125: OCC1990DD code 65 has the recorded title. Balanced 1980-2005 panel. Label correspondence does not establish Wocke inclusion boundaries."", ""source_reference"": ""https://www.ddorn.net/data/Dorn_Thesis_Appendix.pdf#page=6 ; https://data.mendeley.com/datasets/czbvhmzwm3/1"", ""source_reference_type"": ""AUTHOR_PRIMARY_TAXONOMY_DOCUMENTATION; ORIGINAL_DATASET_DOCUMENTATION"", ""source_verification_status"": ""VERIFIED"", ""wocke_taxonomy_status"": ""LABEL_CORRESPONDENCE_ONLY"", ""notes"": ""Wocke V1 DOI 10.17632/czbvhmzwm3.1 documents multi-source cross-referencing (DOT, 2010 SOC/OES, Frey-Osborne, Autor-Dorn, Caines). Canonical OCC1990DD taxonomy and local extraction lineage are NOT PROVEN. Historical code is reference evidence, not a source-assigned code or modern SOC mapping.""}, ""automation_value_present"": true}","Domain and occupational function align, but the historical/source occupation combines operations and systems researchers/analysts. Historical source boundaries and duties are not sufficiently documented to claim strict equivalence. Historical label/code correspondence does not prove canonical Wocke taxonomy or complete local extraction lineage. Taxonomy/path availability only; exposure propagation remains undefined.",v3.0
112,Office supervisors,OCC1990DD,303,Office supervisors,43-1011.00,First-Line Supervisors of Office and Administrative Support Workers,FROZEN,OVERLAP,MEDIUM_CONFIDENCE_CONSENSUS,"{""modern_soc"": ""43-1011.00"", ""modern_title"": ""First-Line Supervisors of Office and Administrative Support Workers"", ""source_record_id"": ""112"", ""source_title"": ""Office supervisors"", ""decision"": ""ACCEPT_WITH_SCOPE_LIMITATION"", ""relationship"": ""OVERLAP"", ""confidence_basis"": ""MEDIUM-confidence consensus"", ""rationale"": ""Both represent supervision of office/clerical work."", ""scope_limitation"": ""Historical source coverage of the full modern administrative-support supervisory scope remains unverified."", ""crosswalk_version"": ""v3.0"", ""adjudication_status"": ""FROZEN"", ""review_basis"": ""PRIORITY_2_INDEPENDENT_CONSENSUS"", ""review_provenance"": ""User-supplied Step 7A.5 authorization attests two independent blind/evidence-based reviews. Individual review reports and reviewer identities were not supplied; no independent wording is invented."", ""modern_evidence_file"": ""data/Job Titles.xlsx"", ""modern_evidence_quote"": ""Office Supervisor"", ""historical_evidence"": {""automation_record_id"": ""112"", ""automation_occupation"": ""Office supervisors"", ""historical_system"": ""OCC1990DD"", ""historical_code"": ""303"", ""historical_title"": ""Office supervisors"", ""label_match_type"": ""EXACT_LABEL"", ""historical_scope_evidence"": ""Dorn (2009), Appendix Table 2, printed p. 127: OCC1990DD code 303 has the recorded title. Balanced 1980-2005 panel. Label correspondence does not establish Wocke inclusion boundaries."", ""source_reference"": ""https://www.ddorn.net/data/Dorn_Thesis_Appendix.pdf#page=8 ; https://data.mendeley.com/datasets/czbvhmzwm3/1"", ""source_reference_type"": ""AUTHOR_PRIMARY_TAXONOMY_DOCUMENTATION; ORIGINAL_DATASET_DOCUMENTATION"", ""source_verification_status"": ""VERIFIED"", ""wocke_taxonomy_status"": ""LABEL_CORRESPONDENCE_ONLY"", ""notes"": ""Wocke V1 DOI 10.17632/czbvhmzwm3.1 documents multi-source cross-referencing (DOT, 2010 SOC/OES, Frey-Osborne, Autor-Dorn, Caines). Canonical OCC1990DD taxonomy and local extraction lineage are NOT PROVEN. Historical code is reference evidence, not a source-assigned code or modern SOC mapping.""}, ""automation_value_present"": true}",Both represent supervision of office/clerical work. Historical source coverage of the full modern administrative-support supervisory scope remains unverified. Historical label/code correspondence does not prove canonical Wocke taxonomy or complete local extraction lineage. Taxonomy/path availability only; exposure propagation remains undefined.,v3.0
119,Receptionists and other information clerks,OCC1990DD,319,Receptionists and other information clerks,43-4171.00,Receptionists and Information Clerks,FROZEN,SOURCE_BROADER_THAN_ONET,MEDIUM_CONFIDENCE_CONSENSUS,"{""modern_soc"": ""43-4171.00"", ""modern_title"": ""Receptionists and Information Clerks"", ""source_record_id"": ""119"", ""source_title"": ""Receptionists and other information clerks"", ""decision"": ""ACCEPT_WITH_SCOPE_LIMITATION"", ""relationship"": ""SOURCE_BROADER_THAN_ONET"", ""confidence_basis"": ""MEDIUM-confidence consensus"", ""rationale"": ""Strong functional correspondence, while the historical/source category other information clerks element may include broader occupations."", ""scope_limitation"": ""Residual/broader source boundaries remain incompletely verified."", ""crosswalk_version"": ""v3.0"", ""adjudication_status"": ""FROZEN"", ""review_basis"": ""PRIORITY_2_INDEPENDENT_CONSENSUS"", ""review_provenance"": ""User-supplied Step 7A.5 authorization attests two independent blind/evidence-based reviews. Individual review reports and reviewer identities were not supplied; no independent wording is invented."", ""modern_evidence_file"": ""data/Occupation Data.xlsx"", ""modern_evidence_quote"": ""Receptionists and Information Clerks"", ""historical_evidence"": {""automation_record_id"": ""119"", ""automation_occupation"": ""Receptionists and other information clerks"", ""historical_system"": ""OCC1990DD"", ""historical_code"": ""319"", ""historical_title"": ""Receptionists and other information clerks"", ""label_match_type"": ""EXACT_LABEL"", ""historical_scope_evidence"": ""Dorn (2009), Appendix Table 2, printed p. 127: OCC1990DD code 319 has the recorded title. Balanced 1980-2005 panel. Label correspondence does not establish Wocke inclusion boundaries."", ""source_reference"": ""https://www.ddorn.net/data/Dorn_Thesis_Appendix.pdf#page=8 ; https://data.mendeley.com/datasets/czbvhmzwm3/1"", ""source_reference_type"": ""AUTHOR_PRIMARY_TAXONOMY_DOCUMENTATION; ORIGINAL_DATASET_DOCUMENTATION"", ""source_verification_status"": ""VERIFIED"", ""wocke_taxonomy_status"": ""LABEL_CORRESPONDENCE_ONLY"", ""notes"": ""Wocke V1 DOI 10.17632/czbvhmzwm3.1 documents multi-source cross-referencing (DOT, 2010 SOC/OES, Frey-Osborne, Autor-Dorn, Caines). Canonical OCC1990DD taxonomy and local extraction lineage are NOT PROVEN. Historical code is reference evidence, not a source-assigned code or modern SOC mapping.""}, ""automation_value_present"": true}","Strong functional correspondence, while the historical/source category other information clerks element may include broader occupations. Residual/broader source boundaries remain incompletely verified. Historical label/code correspondence does not prove canonical Wocke taxonomy or complete local extraction lineage. Taxonomy/path availability only; exposure propagation remains undefined.",v3.0
192,Repairers of data processing equipment,OCC1990DD,525,Repairers of data processing equipment,49-2011.00,"Computer, Automated Teller, and Office Machine Repairers",FROZEN,OVERLAP,MEDIUM_CONFIDENCE_CONSENSUS,"{""modern_soc"": ""49-2011.00"", ""modern_title"": ""Computer, Automated Teller, and Office Machine Repairers"", ""source_record_id"": ""192"", ""source_title"": ""Repairers of data processing equipment"", ""decision"": ""ACCEPT_WITH_SCOPE_LIMITATION"", ""relationship"": ""OVERLAP"", ""confidence_basis"": ""MEDIUM-confidence consensus"", ""rationale"": ""Substantial shared computer/data-processing equipment repair domain."", ""scope_limitation"": ""Modern SOC also includes ATMs and office machines; historical source may cover a narrower portion of the modern occupation."", ""crosswalk_version"": ""v3.0"", ""adjudication_status"": ""FROZEN"", ""review_basis"": ""PRIORITY_2_INDEPENDENT_CONSENSUS"", ""review_provenance"": ""User-supplied Step 7A.5 authorization attests two independent blind/evidence-based reviews. Individual review reports and reviewer identities were not supplied; no independent wording is invented."", ""modern_evidence_file"": ""data/Job Titles.xlsx"", ""modern_evidence_quote"": ""Data Processing Equipment Repairer"", ""historical_evidence"": {""automation_record_id"": ""192"", ""automation_occupation"": ""Repairers of data processing equipment"", ""historical_system"": ""OCC1990DD"", ""historical_code"": ""525"", ""historical_title"": ""Repairers of data processing equipment"", ""label_match_type"": ""EXACT_LABEL"", ""historical_scope_evidence"": ""Dorn (2009), Appendix Table 2, printed p. 129: OCC1990DD code 525 has the recorded title. Balanced 1980-2005 panel. Label correspondence does not establish Wocke inclusion boundaries."", ""source_reference"": ""https://www.ddorn.net/data/Dorn_Thesis_Appendix.pdf#page=10 ; https://data.mendeley.com/datasets/czbvhmzwm3/1"", ""source_reference_type"": ""AUTHOR_PRIMARY_TAXONOMY_DOCUMENTATION; ORIGINAL_DATASET_DOCUMENTATION"", ""source_verification_status"": ""VERIFIED"", ""wocke_taxonomy_status"": ""LABEL_CORRESPONDENCE_ONLY"", ""notes"": ""Wocke V1 DOI 10.17632/czbvhmzwm3.1 documents multi-source cross-referencing (DOT, 2010 SOC/OES, Frey-Osborne, Autor-Dorn, Caines). Canonical OCC1990DD taxonomy and local extraction lineage are NOT PROVEN. Historical code is reference evidence, not a source-assigned code or modern SOC mapping.""}, ""automation_value_present"": true}",Substantial shared computer/data-processing equipment repair domain. Modern SOC also includes ATMs and office machines; historical source may cover a narrower portion of the modern occupation. Historical label/code correspondence does not prove canonical Wocke taxonomy or complete local extraction lineage. Taxonomy/path availability only; exposure propagation remains undefined.,v3.0
12,Other financial specialists,OCC1990DD,25,Other financial specialists,13-2031.00,Budget Analysts,FROZEN,SOURCE_BROADER_THAN_ONET,MEDIUM,"{""modern_soc"": ""13-2031.00"", ""modern_title"": ""Budget Analysts"", ""source_record_id"": ""12"", ""source_title"": ""Other financial specialists"", ""decision"": ""ACCEPT_WITH_SCOPE_LIMITATION"", ""relationship"": ""SOURCE_BROADER_THAN_ONET"", ""consensus_confidence"": ""MEDIUM"", ""adjudication_status"": ""FROZEN"", ""review_basis"": ""STEP_7A6_TARGETED_RESEARCH_INDEPENDENT_CONSENSUS"", ""crosswalk_version"": ""v4.0"", ""research_focus_origin"": ""NEW_TARGETED_EVIDENCE_RESEARCH_LEAD_NOT_RETAINED"", ""evidence_basis_and_scope_limitations"": ""Historical budget/fiscal inclusion and Census conversion support broader financial correspondence. Residual financial scope; new Step 7A.6 lead outside original Step 7A.1 candidates; exact local boundaries unresolved."", ""provenance_limitation"": ""Reference historical scope/code-title correspondence does not prove Wocke canonical taxonomy, source-assigned codes, exact local inclusion boundaries or complete local extraction lineage."", ""evidence_ledger_file"": ""data\\automation_exposure_integration\\step7a6\\targeted_gap_evidence_ledger.csv"", ""evidence_ledger_ids"": [""E088"", ""E089"", ""E090"", ""E091"", ""E092"", ""E093""], ""source_value_present"": true, ""review_provenance"": ""User attests two independent evidence adjudications reached consensus; individual reviewer reports were not supplied."", ""external_evidence"": [{""evidence_item_id"": ""E088"", ""onet_soc_code"": ""13-2031.00"", ""onet_title"": ""Budget Analysts"", ""candidate_source_id"": ""12"", ""candidate_source_title"": ""Other financial specialists"", ""evidence_type"": ""TARGETED_NEW_HISTORICAL_SCOPE_LEAD"", ""evidence_direction"": ""SUPPORTS"", ""source_type"": ""AUTHORITATIVE_EXTERNAL"", ""source_title"": ""B025 Other Financial Officers"", ""source_author_or_publisher"": ""U.S. Bureau of Labor Statistics"", ""source_url_or_local_path"": ""https://www.bls.gov/ocs/additional-resources/b025-other-financial-officers.htm"", ""source_page_table_or_section"": ""B025 included occupations; last modified 2001-10-16"", ""access_date"": ""2026-10-02"", ""evidence_summary"": ""Historical code 025 names budget officer and fiscal analyst within the financial category."", ""scope_interpretation"": ""Plausible broad financial parent."", ""limitations"": ""Source 12 NOT retained for this SOC in Step 7A.1; research lead only.""}, {""evidence_item_id"": ""E089"", ""onet_soc_code"": ""13-2031.00"", ""onet_title"": ""Budget Analysts"", ""candidate_source_id"": ""12"", ""candidate_source_title"": ""Other financial specialists"", ""evidence_type"": ""HISTORICAL_EMPIRICAL_CODE_BRIDGE"", ""evidence_direction"": ""SUPPORTS"", ""source_type"": ""AUTHORITATIVE_EXTERNAL"", ""source_title"": ""1990 Census Occupations redistribution into Census 2000: Table 2"", ""source_author_or_publisher"": ""U.S. Census Bureau"", ""source_url_or_local_path"": ""https://www.census.gov/content/dam/Census/library/working-papers/2003/demo/techtab02.pdf"", ""source_page_table_or_section"": ""Table 2, printed p. 4 / PDF p. 4; 025, 026"", ""access_date"": ""2026-10-02"", ""evidence_summary"": ""1990 code 025 redistributes partly to 2000 Budget Analysts; 026 to Management Analysts."", ""scope_interpretation"": ""Budget/financial parent support rather than automatic management-analyst identity."", ""limitations"": ""Empirical conversion is not universal inclusion or Wocke mapping.""}, {""evidence_item_id"": ""E090"", ""onet_soc_code"": ""13-2031.00"", ""onet_title"": ""Budget Analysts"", ""candidate_source_id"": ""12"", ""candidate_source_title"": ""Other financial specialists"", ""evidence_type"": ""HISTORICAL_DUTIES"", ""evidence_direction"": ""SUPPORTS"", ""source_type"": ""AUTHORITATIVE_EXTERNAL"", ""source_title"": ""Occupational Compensation Survey Job Descriptions (SOC 1980 basis)"", ""source_author_or_publisher"": ""U.S. Bureau of Labor Statistics"", ""source_url_or_local_path"": ""https://www.bls.gov/ocs/additional-resources/occupational-descriptions-from-soc-1980.htm"", ""source_page_table_or_section"": ""Budget Analyst (141)"", ""access_date"": ""2026-10-02"", ""evidence_summary"": ""Budget analysts formulate, check and administer budgets; survey excludes distinct clerical and program-analysis roles."", ""scope_interpretation"": ""Duty correspondence."", ""limitations"": ""Survey SOC 141 definition is not Census 025 or Wocke boundary proof.""}, {""evidence_item_id"": ""E091"", ""onet_soc_code"": ""13-2031.00"", ""onet_title"": ""Budget Analysts"", ""candidate_source_id"": ""12"", ""candidate_source_title"": ""Other financial specialists"", ""evidence_type"": ""HISTORICAL_CODE_CONCORDANCE"", ""evidence_direction"": ""CONTEXT_ONLY"", ""source_type"": ""AUTHORITATIVE_EXTERNAL"", ""source_title"": ""Dorn (2009), dissertation Data Appendix"", ""source_author_or_publisher"": ""David Dorn"", ""source_url_or_local_path"": ""https://www.ddorn.net/data/Dorn_Thesis_Appendix.pdf"", ""source_page_table_or_section"": ""Appendix Table 2, printed p. 124 / PDF p. 5; 25, 26"", ""access_date"": ""2026-10-02"", ""evidence_summary"": ""Financial specialists recorded at 25; management analysts separately at 26."", ""scope_interpretation"": ""Financial parent code correspondence."", ""limitations"": ""Local source-assigned code/lineage unproven.""}, {""evidence_item_id"": ""E092"", ""onet_soc_code"": ""13-2031.00"", ""onet_title"": ""Budget Analysts"", ""candidate_source_id"": ""13"", ""candidate_source_title"": ""Management analysts"", ""evidence_type"": ""FUNCTION_BOUNDARY"", ""evidence_direction"": ""COUNTERS"", ""source_type"": ""AUTHORITATIVE_LOCAL"", ""source_title"": ""data/Occupation Data.xlsx"", ""source_author_or_publisher"": ""Project artifact / official O*NET where applicable"", ""source_url_or_local_path"": ""data/Occupation Data.xlsx"", ""source_page_table_or_section"": ""Budget Analysts / Management Analysts"", ""access_date"": ""2026-10-02"", ""evidence_summary"": ""Budget compliance and estimates differ from organizational-efficiency consulting; budget-management alias alone insufficient."", ""scope_interpretation"": ""Retained source 13 unproven."", ""limitations"": ""Shared analyst words are not functional evidence.""}, {""evidence_item_id"": ""E093"", ""onet_soc_code"": ""13-2031.00"", ""onet_title"": ""Budget Analysts"", ""candidate_source_id"": ""105"", ""candidate_source_title"": ""Financial service sales occupations"", ""evidence_type"": ""FUNCTION_BOUNDARY"", ""evidence_direction"": ""COUNTERS"", ""source_type"": ""AUTHORITATIVE_LOCAL"", ""source_title"": ""data/source_taxonomy_provenance.csv"", ""source_author_or_publisher"": ""Project artifact / official O*NET where applicable"", ""source_url_or_local_path"": ""data/source_taxonomy_provenance.csv"", ""source_page_table_or_section"": ""Target SOC row(s)"", ""access_date"": ""2026-10-02"", ""evidence_summary"": ""Financial-service selling differs from budget estimate examination."", ""scope_interpretation"": ""Retained sales alternative unsupported."", ""limitations"": ""No frozen rejection.""}]}","Historical budget/fiscal inclusion and Census conversion support broader financial correspondence. Residual financial scope; new Step 7A.6 lead outside original Step 7A.1 candidates; exact local boundaries unresolved. Reference historical scope/code-title correspondence does not prove Wocke canonical taxonomy, source-assigned codes, exact local inclusion boundaries or complete local extraction lineage.",v4.0
124,Bookkeepers and accounting and auditing clerks,OCC1990DD,337,Bookkeepers and accounting and auditing clerks,43-3031.00,"Bookkeeping, Accounting, and Auditing Clerks",FROZEN,EQUIVALENT,HIGH / MEDIUM-HIGH,"{""modern_soc"": ""43-3031.00"", ""modern_title"": ""Bookkeeping, Accounting, and Auditing Clerks"", ""source_record_id"": ""124"", ""source_title"": ""Bookkeepers and accounting and auditing clerks"", ""decision"": ""ACCEPT_WITH_SCOPE_LIMITATION"", ""relationship"": ""EQUIVALENT"", ""consensus_confidence"": ""HIGH / MEDIUM-HIGH"", ""adjudication_status"": ""FROZEN"", ""review_basis"": ""STEP_7A6_TARGETED_RESEARCH_INDEPENDENT_CONSENSUS"", ""crosswalk_version"": ""v4.0"", ""research_focus_origin"": ""RETAINED_STEP7A1_CANDIDATE"", ""evidence_basis_and_scope_limitations"": ""Near-exact title and historical clerical financial-record duties; professional accountants separately classified. Operational EQUIVALENT retains incomplete historical exclusions, other conversion destinations and unresolved local lineage."", ""provenance_limitation"": ""Reference historical scope/code-title correspondence does not prove Wocke canonical taxonomy, source-assigned codes, exact local inclusion boundaries or complete local extraction lineage."", ""evidence_ledger_file"": ""data\\automation_exposure_integration\\step7a6\\targeted_gap_evidence_ledger.csv"", ""evidence_ledger_ids"": [""E094"", ""E095"", ""E096"", ""E097"", ""E098"", ""E099"", ""E100""], ""source_value_present"": true, ""review_provenance"": ""User attests two independent evidence adjudications reached consensus; individual reviewer reports were not supplied."", ""external_evidence"": [{""evidence_item_id"": ""E094"", ""onet_soc_code"": ""43-3031.00"", ""onet_title"": ""Bookkeeping, Accounting, and Auditing Clerks"", ""candidate_source_id"": ""124"", ""candidate_source_title"": ""Bookkeepers and accounting and auditing clerks"", ""evidence_type"": ""HISTORICAL_CLERICAL_DUTIES"", ""evidence_direction"": ""SUPPORTS"", ""source_type"": ""AUTHORITATIVE_EXTERNAL"", ""source_title"": ""D337 Bookkeepers, Accounting, and Auditing Clerks"", ""source_author_or_publisher"": ""U.S. Bureau of Labor Statistics"", ""source_url_or_local_path"": ""https://www.bls.gov/ocs/additional-resources/d337-bookkeepers-accounting-and-auditing-clerks.htm"", ""source_page_table_or_section"": ""D337 definition; last modified 2001-10-16"", ""access_date"": ""2026-10-02"", ""evidence_summary"": ""D337 describes classifying, recording and summarizing financial data within clerical financial-record occupations."", ""scope_interpretation"": ""Direct clerical duty correspondence."", ""limitations"": ""Complete exclusions and local scope remain incomplete.""}, {""evidence_item_id"": ""E095"", ""onet_soc_code"": ""43-3031.00"", ""onet_title"": ""Bookkeeping, Accounting, and Auditing Clerks"", ""candidate_source_id"": ""124"", ""candidate_source_title"": ""Bookkeepers and accounting and auditing clerks"", ""evidence_type"": ""HISTORICAL_EMPIRICAL_CODE_BRIDGE"", ""evidence_direction"": ""SUPPORTS"", ""source_type"": ""AUTHORITATIVE_EXTERNAL"", ""source_title"": ""1990 Census Occupations redistribution into Census 2000: Table 2"", ""source_author_or_publisher"": ""U.S. Census Bureau"", ""source_url_or_local_path"": ""https://www.census.gov/content/dam/Census/library/working-papers/2003/demo/techtab02.pdf"", ""source_page_table_or_section"": ""Table 2, printed p. 21 / PDF p. 21; 337"", ""access_date"": ""2026-10-02"", ""evidence_summary"": ""1990 clerical 337 predominantly redistributes to 2000 bookkeeping clerks, with other destinations."", ""scope_interpretation"": ""Clerical continuity; not strict one-to-one proof."", ""limitations"": ""Population conversion not universal equivalence.""}, {""evidence_item_id"": ""E096"", ""onet_soc_code"": ""43-3031.00"", ""onet_title"": ""Bookkeeping, Accounting, and Auditing Clerks"", ""candidate_source_id"": ""124"", ""candidate_source_title"": ""Bookkeepers and accounting and auditing clerks"", ""evidence_type"": ""HISTORICAL_CODE_CONCORDANCE"", ""evidence_direction"": ""SUPPORTS"", ""source_type"": ""AUTHORITATIVE_EXTERNAL"", ""source_title"": ""Dorn (2009), dissertation Data Appendix"", ""source_author_or_publisher"": ""David Dorn"", ""source_url_or_local_path"": ""https://www.ddorn.net/data/Dorn_Thesis_Appendix.pdf"", ""source_page_table_or_section"": ""Appendix Table 2, printed pp. 124, 127 / PDF pp. 5, 8"", ""access_date"": ""2026-10-02"", ""evidence_summary"": ""337 bookkeeping clerks distinct from 23 professional accountants."", ""scope_interpretation"": ""Professional and clerical levels separated."", ""limitations"": ""Label continuity not complete source-duty proof.""}, {""evidence_item_id"": ""E097"", ""onet_soc_code"": ""43-3031.00"", ""onet_title"": ""Bookkeeping, Accounting, and Auditing Clerks"", ""candidate_source_id"": ""12"", ""candidate_source_title"": ""Other financial specialists"", ""evidence_type"": ""LEVEL_OR_FUNCTION_BOUNDARY"", ""evidence_direction"": ""COUNTERS"", ""source_type"": ""AUTHORITATIVE_LOCAL"", ""source_title"": ""data/source_taxonomy_provenance.csv"", ""source_author_or_publisher"": ""Project artifact / official O*NET where applicable"", ""source_url_or_local_path"": ""data/source_taxonomy_provenance.csv"", ""source_page_table_or_section"": ""Target SOC row(s)"", ""access_date"": ""2026-10-02"", ""evidence_summary"": ""Financial specialists are a different role level; full clerical bookkeeping inclusion not established."", ""scope_interpretation"": ""Alternative scope assessed independently."", ""limitations"": ""No final approval/rejection.""}, {""evidence_item_id"": ""E098"", ""onet_soc_code"": ""43-3031.00"", ""onet_title"": ""Bookkeeping, Accounting, and Auditing Clerks"", ""candidate_source_id"": ""126"", ""candidate_source_title"": ""Billing clerks and related financial records processing"", ""evidence_type"": ""LEVEL_OR_FUNCTION_BOUNDARY"", ""evidence_direction"": ""COUNTERS"", ""source_type"": ""AUTHORITATIVE_LOCAL"", ""source_title"": ""data/source_taxonomy_provenance.csv"", ""source_author_or_publisher"": ""Project artifact / official O*NET where applicable"", ""source_url_or_local_path"": ""data/source_taxonomy_provenance.csv"", ""source_page_table_or_section"": ""Target SOC row(s)"", ""access_date"": ""2026-10-02"", ""evidence_summary"": ""Billing processing overlaps selected tasks, not necessarily full bookkeeping scope."", ""scope_interpretation"": ""Alternative scope assessed independently."", ""limitations"": ""No final approval/rejection.""}, {""evidence_item_id"": ""E099"", ""onet_soc_code"": ""43-3031.00"", ""onet_title"": ""Bookkeeping, Accounting, and Auditing Clerks"", ""candidate_source_id"": ""136"", ""candidate_source_title"": ""Stock and inventory clerks"", ""evidence_type"": ""LEVEL_OR_FUNCTION_BOUNDARY"", ""evidence_direction"": ""COUNTERS"", ""source_type"": ""AUTHORITATIVE_LOCAL"", ""source_title"": ""data/source_taxonomy_provenance.csv"", ""source_author_or_publisher"": ""Project artifact / official O*NET where applicable"", ""source_url_or_local_path"": ""data/source_taxonomy_provenance.csv"", ""source_page_table_or_section"": ""Target SOC row(s)"", ""access_date"": ""2026-10-02"", ""evidence_summary"": ""Stock/inventory clerks are not general financial bookkeeping; stock-transfer alias insufficient."", ""scope_interpretation"": ""Alternative scope assessed independently."", ""limitations"": ""No final approval/rejection.""}, {""evidence_item_id"": ""E100"", ""onet_soc_code"": ""43-3031.00"", ""onet_title"": ""Bookkeeping, Accounting, and Auditing Clerks"", ""candidate_source_id"": ""10"", ""candidate_source_title"": ""Accountants and auditors"", ""evidence_type"": ""LEVEL_OR_FUNCTION_BOUNDARY"", ""evidence_direction"": ""COUNTERS"", ""source_type"": ""AUTHORITATIVE_LOCAL"", ""source_title"": ""data/source_taxonomy_provenance.csv"", ""source_author_or_publisher"": ""Project artifact / official O*NET where applicable"", ""source_url_or_local_path"": ""data/source_taxonomy_provenance.csv"", ""source_page_table_or_section"": ""Target SOC row(s)"", ""access_date"": ""2026-10-02"", ""evidence_summary"": ""Professional accountants/auditors are distinct from clerical financial recording."", ""scope_interpretation"": ""Alternative scope assessed independently."", ""limitations"": ""No final approval/rejection.""}]}","Near-exact title and historical clerical financial-record duties; professional accountants separately classified. Operational EQUIVALENT retains incomplete historical exclusions, other conversion destinations and unresolved local lineage. Reference historical scope/code-title correspondence does not prove Wocke canonical taxonomy, source-assigned codes, exact local inclusion boundaries or complete local extraction lineage.",v4.0
59,Secondary school teachers,OCC1990DD,157,Secondary school teachers,25-2032.00,"Career/Technical Education Teachers, Secondary School",FROZEN,SOURCE_BROADER_THAN_ONET,MEDIUM,"{""modern_soc"": ""25-2032.00"", ""modern_title"": ""Career/Technical Education Teachers, Secondary School"", ""source_record_id"": ""59"", ""source_title"": ""Secondary school teachers"", ""decision"": ""ACCEPT_WITH_SCOPE_LIMITATION"", ""relationship"": ""SOURCE_BROADER_THAN_ONET"", ""consensus_confidence"": ""MEDIUM"", ""adjudication_status"": ""FROZEN"", ""review_basis"": ""STEP_7A6_TARGETED_RESEARCH_INDEPENDENT_CONSENSUS"", ""crosswalk_version"": ""v4.0"", ""research_focus_origin"": ""RETAINED_STEP7A1_CANDIDATE"", ""evidence_basis_and_scope_limitations"": ""Explicit vocational-school teacher inclusion in historical secondary category. GOV 821 industry restriction makes inclusion conditional; not all modern CTE settings established; shared with 25-2031.00; local lineage unresolved."", ""provenance_limitation"": ""Reference historical scope/code-title correspondence does not prove Wocke canonical taxonomy, source-assigned codes, exact local inclusion boundaries or complete local extraction lineage."", ""evidence_ledger_file"": ""data\\automation_exposure_integration\\step7a6\\targeted_gap_evidence_ledger.csv"", ""evidence_ledger_ids"": [""E101"", ""E102"", ""E103"", ""E104"", ""E105"", ""E106"", ""E107""], ""source_value_present"": true, ""review_provenance"": ""User attests two independent evidence adjudications reached consensus; individual reviewer reports were not supplied."", ""external_evidence"": [{""evidence_item_id"": ""E101"", ""onet_soc_code"": ""25-2032.00"", ""onet_title"": ""Career/Technical Education Teachers, Secondary School"", ""candidate_source_id"": ""59"", ""candidate_source_title"": ""Secondary school teachers"", ""evidence_type"": ""EXPLICIT_VOCATIONAL_INCLUSION"", ""evidence_direction"": ""SUPPORTS"", ""source_type"": ""AUTHORITATIVE_EXTERNAL"", ""source_title"": ""Census Occupation Index: Teachers, elementary and secondary"", ""source_author_or_publisher"": ""U.S. Bureau of Labor Statistics"", ""source_url_or_local_path"": ""https://www.bls.gov/ocs/additional-resources/census-job-titles-teach1.htm"", ""source_page_table_or_section"": ""A157; vocational school GOV 821; last modified 2001-10-16"", ""access_date"": ""2026-10-02"", ""evidence_summary"": ""Vocational-school teacher entry assigned to A157 with GOV 821 industry restriction."", ""scope_interpretation"": ""At least conditional vocational inclusion in secondary category."", ""limitations"": ""Cannot extrapolate to every CTE institution or local source inclusion.""}, {""evidence_item_id"": ""E102"", ""onet_soc_code"": ""25-2032.00"", ""onet_title"": ""Career/Technical Education Teachers, Secondary School"", ""candidate_source_id"": ""59"", ""candidate_source_title"": ""Secondary school teachers"", ""evidence_type"": ""HISTORICAL_SECONDARY_DUTIES"", ""evidence_direction"": ""SUPPORTS"", ""source_type"": ""AUTHORITATIVE_EXTERNAL"", ""source_title"": ""A157 Secondary School Teachers"", ""source_author_or_publisher"": ""U.S. Bureau of Labor Statistics"", ""source_url_or_local_path"": ""https://www.bls.gov/ocs/additional-resources/a157-secondary-school-teachers.htm"", ""source_page_table_or_section"": ""A157 definition; last modified 2001-10-16"", ""access_date"": ""2026-10-02"", ""evidence_summary"": ""Category includes junior and senior high teaching across subjects."", ""scope_interpretation"": ""Level/role consistent; broader than vocational specialty."", ""limitations"": ""Generic definition weaker than vocational index evidence.""}, {""evidence_item_id"": ""E103"", ""onet_soc_code"": ""25-2032.00"", ""onet_title"": ""Career/Technical Education Teachers, Secondary School"", ""candidate_source_id"": ""59"", ""candidate_source_title"": ""Secondary school teachers"", ""evidence_type"": ""HISTORICAL_CODE_CONCORDANCE"", ""evidence_direction"": ""CONTEXT_ONLY"", ""source_type"": ""AUTHORITATIVE_EXTERNAL"", ""source_title"": ""Dorn (2009), dissertation Data Appendix"", ""source_author_or_publisher"": ""David Dorn"", ""source_url_or_local_path"": ""https://www.ddorn.net/data/Dorn_Thesis_Appendix.pdf"", ""source_page_table_or_section"": ""Appendix Table 2, printed p. 125 / PDF p. 6; 157"", ""access_date"": ""2026-10-02"", ""evidence_summary"": ""Secondary teachers retained at reference code 157."", ""scope_interpretation"": ""Reference code link to source label."", ""limitations"": ""Not Wocke source membership proof.""}, {""evidence_item_id"": ""E104"", ""onet_soc_code"": ""25-2032.00"", ""onet_title"": ""Career/Technical Education Teachers, Secondary School"", ""candidate_source_id"": ""58"", ""candidate_source_title"": ""Primary school teachers"", ""evidence_type"": ""LEVEL_OR_FUNCTION_BOUNDARY"", ""evidence_direction"": ""COUNTERS"", ""source_type"": ""AUTHORITATIVE_LOCAL"", ""source_title"": ""data/source_taxonomy_provenance.csv"", ""source_author_or_publisher"": ""Project artifact / official O*NET where applicable"", ""source_url_or_local_path"": ""data/source_taxonomy_provenance.csv"", ""source_page_table_or_section"": ""Target SOC row(s)"", ""access_date"": ""2026-10-02"", ""evidence_summary"": ""Primary teaching differs from secondary CTE level."", ""scope_interpretation"": ""Retained alternative unsupported by subject words."", ""limitations"": ""No final adjudication.""}, {""evidence_item_id"": ""E105"", ""onet_soc_code"": ""25-2032.00"", ""onet_title"": ""Career/Technical Education Teachers, Secondary School"", ""candidate_source_id"": ""60"", ""candidate_source_title"": ""Special education teachers"", ""evidence_type"": ""LEVEL_OR_FUNCTION_BOUNDARY"", ""evidence_direction"": ""COUNTERS"", ""source_type"": ""AUTHORITATIVE_LOCAL"", ""source_title"": ""data/source_taxonomy_provenance.csv"", ""source_author_or_publisher"": ""Project artifact / official O*NET where applicable"", ""source_url_or_local_path"": ""data/source_taxonomy_provenance.csv"", ""source_page_table_or_section"": ""Target SOC row(s)"", ""access_date"": ""2026-10-02"", ""evidence_summary"": ""Special education is a distinct specialization, not technical education by token overlap."", ""scope_interpretation"": ""Retained alternative unsupported by subject words."", ""limitations"": ""No final adjudication.""}, {""evidence_item_id"": ""E106"", ""onet_soc_code"": ""25-2032.00"", ""onet_title"": ""Career/Technical Education Teachers, Secondary School"", ""candidate_source_id"": ""151"", ""candidate_source_title"": ""Laundry and dry cleaning workers"", ""evidence_type"": ""LEVEL_OR_FUNCTION_BOUNDARY"", ""evidence_direction"": ""COUNTERS"", ""source_type"": ""AUTHORITATIVE_LOCAL"", ""source_title"": ""data/source_taxonomy_provenance.csv"", ""source_author_or_publisher"": ""Project artifact / official O*NET where applicable"", ""source_url_or_local_path"": ""data/source_taxonomy_provenance.csv"", ""source_page_table_or_section"": ""Target SOC row(s)"", ""access_date"": ""2026-10-02"", ""evidence_summary"": ""Laundry/dry-cleaning work differs from secondary teaching of that trade."", ""scope_interpretation"": ""Retained alternative unsupported by subject words."", ""limitations"": ""No final adjudication.""}, {""evidence_item_id"": ""E107"", ""onet_soc_code"": ""25-2032.00"", ""onet_title"": ""Career/Technical Education Teachers, Secondary School"", ""candidate_source_id"": ""59"", ""candidate_source_title"": ""Secondary school teachers"", ""evidence_type"": ""INDEX_METHOD_CONSTRAINT"", ""evidence_direction"": ""COUNTERS"", ""source_type"": ""AUTHORITATIVE_EXTERNAL"", ""source_title"": ""Using the Census Occupation Index"", ""source_author_or_publisher"": ""U.S. Bureau of Labor Statistics"", ""source_url_or_local_path"": ""https://www.bls.gov/ocs/additional-resources/census-job-titles-see-index.htm"", ""source_page_table_or_section"": ""Introduction; BLS modifications; industry restrictions"", ""access_date"": ""2026-10-02"", ""evidence_summary"": ""BLS adapted the Census index; duties and industry restrictions matter."", ""scope_interpretation"": ""Vocational inclusion is conditional evidence."", ""limitations"": ""Industry restrictions must not be discarded.""}]}","Explicit vocational-school teacher inclusion in historical secondary category. GOV 821 industry restriction makes inclusion conditional; not all modern CTE settings established; shared with 25-2031.00; local lineage unresolved. Reference historical scope/code-title correspondence does not prove Wocke canonical taxonomy, source-assigned codes, exact local inclusion boundaries or complete local extraction lineage.",v4.0
