automation_record_id,automation_occupation,historical_system,historical_code,historical_title,label_match_type,historical_scope_evidence,source_reference,source_reference_type,source_verification_status,wocke_taxonomy_status,notes
1,"Chief executives, public administrators, and legislators",OCC1990DD,4,"Chief executives, public administrators, and legislators",EXACT_LABEL,"Dorn (2009), Appendix Table 2, printed p. 124: OCC1990DD code 4 has the recorded title. Balanced 1980-2005 panel. Label correspondence does not establish Wocke inclusion boundaries.",https://www.ddorn.net/data/Dorn_Thesis_Appendix.pdf#page=5 ; https://data.mendeley.com/datasets/czbvhmzwm3/1,AUTHOR_PRIMARY_TAXONOMY_DOCUMENTATION; ORIGINAL_DATASET_DOCUMENTATION,VERIFIED,LABEL_CORRESPONDENCE_ONLY,"Wocke V1 DOI 10.17632/czbvhmzwm3.1 documents multi-source cross-referencing (DOT, 2010 SOC/OES, Frey-Osborne, Autor-Dorn, Caines). Canonical OCC1990DD taxonomy and local extraction lineage are NOT PROVEN. Historical code is reference evidence, not a source-assigned code or modern SOC mapping."
2,Financial managers,OCC1990DD,7,Financial managers,EXACT_LABEL,"Dorn (2009), Appendix Table 2, printed p. 124: OCC1990DD code 7 has the recorded title. Balanced 1980-2005 panel. Label correspondence does not establish Wocke inclusion boundaries.",https://www.ddorn.net/data/Dorn_Thesis_Appendix.pdf#page=5 ; https://data.mendeley.com/datasets/czbvhmzwm3/1,AUTHOR_PRIMARY_TAXONOMY_DOCUMENTATION; ORIGINAL_DATASET_DOCUMENTATION,VERIFIED,LABEL_CORRESPONDENCE_ONLY,"Wocke V1 DOI 10.17632/czbvhmzwm3.1 documents multi-source cross-referencing (DOT, 2010 SOC/OES, Frey-Osborne, Autor-Dorn, Caines). Canonical OCC1990DD taxonomy and local extraction lineage are NOT PROVEN. Historical code is reference evidence, not a source-assigned code or modern SOC mapping."
3,Human resources and labour relations managers,OCC1990DD,8,Human resources and labor relations managers,CLOSE_VARIANT,"Dorn (2009), Appendix Table 2, printed p. 124: OCC1990DD code 8 has the recorded title. Balanced 1980-2005 panel. Label correspondence does not establish Wocke inclusion boundaries.",https://www.ddorn.net/data/Dorn_Thesis_Appendix.pdf#page=5 ; https://data.mendeley.com/datasets/czbvhmzwm3/1,AUTHOR_PRIMARY_TAXONOMY_DOCUMENTATION; ORIGINAL_DATASET_DOCUMENTATION,PARTIALLY_VERIFIED,LABEL_CORRESPONDENCE_ONLY,"Wocke V1 DOI 10.17632/czbvhmzwm3.1 documents multi-source cross-referencing (DOT, 2010 SOC/OES, Frey-Osborne, Autor-Dorn, Caines). Canonical OCC1990DD taxonomy and local extraction lineage are NOT PROVEN. Historical code is reference evidence, not a source-assigned code or modern SOC mapping. CLOSE_VARIANT documents a spelling difference only; correspondence is partially verified. No alias applied. Step 2C/2D candidates inspected for context only; unresolved source scope is not settled by title correspondence."
4,"Managers and specialists in marketing, advert., PR",OCC1990DD,13,"Managers and specialists in marketing, advert., PR",EXACT_LABEL,"Dorn (2009), Appendix Table 2, printed p. 124: OCC1990DD code 13 has the recorded title. Balanced 1980-2005 panel. Label correspondence does not establish Wocke inclusion boundaries.",https://www.ddorn.net/data/Dorn_Thesis_Appendix.pdf#page=5 ; https://data.mendeley.com/datasets/czbvhmzwm3/1,AUTHOR_PRIMARY_TAXONOMY_DOCUMENTATION; ORIGINAL_DATASET_DOCUMENTATION,VERIFIED,LABEL_CORRESPONDENCE_ONLY,"Wocke V1 DOI 10.17632/czbvhmzwm3.1 documents multi-source cross-referencing (DOT, 2010 SOC/OES, Frey-Osborne, Autor-Dorn, Caines). Canonical OCC1990DD taxonomy and local extraction lineage are NOT PROVEN. Historical code is reference evidence, not a source-assigned code or modern SOC mapping. Step 2C/2D candidates inspected for context only; unresolved source scope is not settled by title correspondence."
5,Managers in education and related fields,OCC1990DD,14,Managers in education and related fields,EXACT_LABEL,"Dorn (2009), Appendix Table 2, printed p. 124: OCC1990DD code 14 has the recorded title. Balanced 1980-2005 panel. Label correspondence does not establish Wocke inclusion boundaries.",https://www.ddorn.net/data/Dorn_Thesis_Appendix.pdf#page=5 ; https://data.mendeley.com/datasets/czbvhmzwm3/1,AUTHOR_PRIMARY_TAXONOMY_DOCUMENTATION; ORIGINAL_DATASET_DOCUMENTATION,VERIFIED,LABEL_CORRESPONDENCE_ONLY,"Wocke V1 DOI 10.17632/czbvhmzwm3.1 documents multi-source cross-referencing (DOT, 2010 SOC/OES, Frey-Osborne, Autor-Dorn, Caines). Canonical OCC1990DD taxonomy and local extraction lineage are NOT PROVEN. Historical code is reference evidence, not a source-assigned code or modern SOC mapping. Step 2C/2D candidates inspected for context only; unresolved source scope is not settled by title correspondence."
6,Managers of medicine and health occupations,OCC1990DD,15,Managers of medicine and health occupations,EXACT_LABEL,"Dorn (2009), Appendix Table 2, printed p. 124: OCC1990DD code 15 has the recorded title. Balanced 1980-2005 panel. Label correspondence does not establish Wocke inclusion boundaries.",https://www.ddorn.net/data/Dorn_Thesis_Appendix.pdf#page=5 ; https://data.mendeley.com/datasets/czbvhmzwm3/1,AUTHOR_PRIMARY_TAXONOMY_DOCUMENTATION; ORIGINAL_DATASET_DOCUMENTATION,VERIFIED,LABEL_CORRESPONDENCE_ONLY,"Wocke V1 DOI 10.17632/czbvhmzwm3.1 documents multi-source cross-referencing (DOT, 2010 SOC/OES, Frey-Osborne, Autor-Dorn, Caines). Canonical OCC1990DD taxonomy and local extraction lineage are NOT PROVEN. Historical code is reference evidence, not a source-assigned code or modern SOC mapping. Step 2C/2D candidates inspected for context only; unresolved source scope is not settled by title correspondence."
7,Managers of properties and real estate,OCC1990DD,18,Managers of properties and real estate,EXACT_LABEL,"Dorn (2009), Appendix Table 2, printed p. 124: OCC1990DD code 18 has the recorded title. Balanced 1980-2005 panel. Label correspondence does not establish Wocke inclusion boundaries.",https://www.ddorn.net/data/Dorn_Thesis_Appendix.pdf#page=5 ; https://data.mendeley.com/datasets/czbvhmzwm3/1,AUTHOR_PRIMARY_TAXONOMY_DOCUMENTATION; ORIGINAL_DATASET_DOCUMENTATION,VERIFIED,LABEL_CORRESPONDENCE_ONLY,"Wocke V1 DOI 10.17632/czbvhmzwm3.1 documents multi-source cross-referencing (DOT, 2010 SOC/OES, Frey-Osborne, Autor-Dorn, Caines). Canonical OCC1990DD taxonomy and local extraction lineage are NOT PROVEN. Historical code is reference evidence, not a source-assigned code or modern SOC mapping. Step 2C/2D candidates inspected for context only; unresolved source scope is not settled by title correspondence."
8,Funeral directors,OCC1990DD,19,Funeral directors,EXACT_LABEL,"Dorn (2009), Appendix Table 2, printed p. 124: OCC1990DD code 19 has the recorded title. Balanced 1980-2005 panel. Label correspondence does not establish Wocke inclusion boundaries.",https://www.ddorn.net/data/Dorn_Thesis_Appendix.pdf#page=5 ; https://data.mendeley.com/datasets/czbvhmzwm3/1,AUTHOR_PRIMARY_TAXONOMY_DOCUMENTATION; ORIGINAL_DATASET_DOCUMENTATION,VERIFIED,LABEL_CORRESPONDENCE_ONLY,"Wocke V1 DOI 10.17632/czbvhmzwm3.1 documents multi-source cross-referencing (DOT, 2010 SOC/OES, Frey-Osborne, Autor-Dorn, Caines). Canonical OCC1990DD taxonomy and local extraction lineage are NOT PROVEN. Historical code is reference evidence, not a source-assigned code or modern SOC mapping."
9,"Managers and administrators, n.e.c.",OCC1990DD,22,"Managers and administrators, n.e.c.",EXACT_LABEL,"Dorn (2009), Appendix Table 2, printed p. 124: OCC1990DD code 22 has the recorded title. Balanced 1980-2005 panel. Label correspondence does not establish Wocke inclusion boundaries. Residual category; precise exclusions and Wocke membership remain unresolved.",https://www.ddorn.net/data/Dorn_Thesis_Appendix.pdf#page=5 ; https://data.mendeley.com/datasets/czbvhmzwm3/1,AUTHOR_PRIMARY_TAXONOMY_DOCUMENTATION; ORIGINAL_DATASET_DOCUMENTATION,VERIFIED,LABEL_CORRESPONDENCE_ONLY,"Wocke V1 DOI 10.17632/czbvhmzwm3.1 documents multi-source cross-referencing (DOT, 2010 SOC/OES, Frey-Osborne, Autor-Dorn, Caines). Canonical OCC1990DD taxonomy and local extraction lineage are NOT PROVEN. Historical code is reference evidence, not a source-assigned code or modern SOC mapping. Step 2C/2D candidates inspected for context only; unresolved source scope is not settled by title correspondence."
10,Accountants and auditors,OCC1990DD,23,Accountants and auditors,EXACT_LABEL,"Dorn (2009), Appendix Table 2, printed p. 124: OCC1990DD code 23 has the recorded title. Balanced 1980-2005 panel. Label correspondence does not establish Wocke inclusion boundaries.",https://www.ddorn.net/data/Dorn_Thesis_Appendix.pdf#page=5 ; https://data.mendeley.com/datasets/czbvhmzwm3/1,AUTHOR_PRIMARY_TAXONOMY_DOCUMENTATION; ORIGINAL_DATASET_DOCUMENTATION,VERIFIED,LABEL_CORRESPONDENCE_ONLY,"Wocke V1 DOI 10.17632/czbvhmzwm3.1 documents multi-source cross-referencing (DOT, 2010 SOC/OES, Frey-Osborne, Autor-Dorn, Caines). Canonical OCC1990DD taxonomy and local extraction lineage are NOT PROVEN. Historical code is reference evidence, not a source-assigned code or modern SOC mapping."
11,Insurance underwriters,OCC1990DD,24,Insurance underwriters,EXACT_LABEL,"Dorn (2009), Appendix Table 2, printed p. 124: OCC1990DD code 24 has the recorded title. Balanced 1980-2005 panel. Label correspondence does not establish Wocke inclusion boundaries.",https://www.ddorn.net/data/Dorn_Thesis_Appendix.pdf#page=5 ; https://data.mendeley.com/datasets/czbvhmzwm3/1,AUTHOR_PRIMARY_TAXONOMY_DOCUMENTATION; ORIGINAL_DATASET_DOCUMENTATION,VERIFIED,LABEL_CORRESPONDENCE_ONLY,"Wocke V1 DOI 10.17632/czbvhmzwm3.1 documents multi-source cross-referencing (DOT, 2010 SOC/OES, Frey-Osborne, Autor-Dorn, Caines). Canonical OCC1990DD taxonomy and local extraction lineage are NOT PROVEN. Historical code is reference evidence, not a source-assigned code or modern SOC mapping."
12,Other financial specialists,OCC1990DD,25,Other financial specialists,EXACT_LABEL,"Dorn (2009), Appendix Table 2, printed p. 124: OCC1990DD code 25 has the recorded title. Balanced 1980-2005 panel. Label correspondence does not establish Wocke inclusion boundaries.",https://www.ddorn.net/data/Dorn_Thesis_Appendix.pdf#page=5 ; https://data.mendeley.com/datasets/czbvhmzwm3/1,AUTHOR_PRIMARY_TAXONOMY_DOCUMENTATION; ORIGINAL_DATASET_DOCUMENTATION,VERIFIED,LABEL_CORRESPONDENCE_ONLY,"Wocke V1 DOI 10.17632/czbvhmzwm3.1 documents multi-source cross-referencing (DOT, 2010 SOC/OES, Frey-Osborne, Autor-Dorn, Caines). Canonical OCC1990DD taxonomy and local extraction lineage are NOT PROVEN. Historical code is reference evidence, not a source-assigned code or modern SOC mapping."
13,Management analysts,OCC1990DD,26,Management analysts,EXACT_LABEL,"Dorn (2009), Appendix Table 2, printed p. 124: OCC1990DD code 26 has the recorded title. Balanced 1980-2005 panel. Label correspondence does not establish Wocke inclusion boundaries.",https://www.ddorn.net/data/Dorn_Thesis_Appendix.pdf#page=5 ; https://data.mendeley.com/datasets/czbvhmzwm3/1,AUTHOR_PRIMARY_TAXONOMY_DOCUMENTATION; ORIGINAL_DATASET_DOCUMENTATION,VERIFIED,LABEL_CORRESPONDENCE_ONLY,"Wocke V1 DOI 10.17632/czbvhmzwm3.1 documents multi-source cross-referencing (DOT, 2010 SOC/OES, Frey-Osborne, Autor-Dorn, Caines). Canonical OCC1990DD taxonomy and local extraction lineage are NOT PROVEN. Historical code is reference evidence, not a source-assigned code or modern SOC mapping."
14,"Personnel, HR, training, and labour rel. specialists",OCC1990DD,27,"Personnel, HR, training, and labor rel. specialists",CLOSE_VARIANT,"Dorn (2009), Appendix Table 2, printed p. 124: OCC1990DD code 27 has the recorded title. Balanced 1980-2005 panel. Label correspondence does not establish Wocke inclusion boundaries.",https://www.ddorn.net/data/Dorn_Thesis_Appendix.pdf#page=5 ; https://data.mendeley.com/datasets/czbvhmzwm3/1,AUTHOR_PRIMARY_TAXONOMY_DOCUMENTATION; ORIGINAL_DATASET_DOCUMENTATION,PARTIALLY_VERIFIED,LABEL_CORRESPONDENCE_ONLY,"Wocke V1 DOI 10.17632/czbvhmzwm3.1 documents multi-source cross-referencing (DOT, 2010 SOC/OES, Frey-Osborne, Autor-Dorn, Caines). Canonical OCC1990DD taxonomy and local extraction lineage are NOT PROVEN. Historical code is reference evidence, not a source-assigned code or modern SOC mapping. CLOSE_VARIANT documents a spelling difference only; correspondence is partially verified. No alias applied."
15,Purchasing agents and buyers of farm products,OCC1990DD,28,Purchasing agents and buyers of farm products,EXACT_LABEL,"Dorn (2009), Appendix Table 2, printed p. 124: OCC1990DD code 28 has the recorded title. Balanced 1980-2005 panel. Label correspondence does not establish Wocke inclusion boundaries.",https://www.ddorn.net/data/Dorn_Thesis_Appendix.pdf#page=5 ; https://data.mendeley.com/datasets/czbvhmzwm3/1,AUTHOR_PRIMARY_TAXONOMY_DOCUMENTATION; ORIGINAL_DATASET_DOCUMENTATION,VERIFIED,LABEL_CORRESPONDENCE_ONLY,"Wocke V1 DOI 10.17632/czbvhmzwm3.1 documents multi-source cross-referencing (DOT, 2010 SOC/OES, Frey-Osborne, Autor-Dorn, Caines). Canonical OCC1990DD taxonomy and local extraction lineage are NOT PROVEN. Historical code is reference evidence, not a source-assigned code or modern SOC mapping."
16,"Buyers, wholesale and retail trade",OCC1990DD,29,"Buyers, wholesale and retail trade",EXACT_LABEL,"Dorn (2009), Appendix Table 2, printed p. 124: OCC1990DD code 29 has the recorded title. Balanced 1980-2005 panel. Label correspondence does not establish Wocke inclusion boundaries.",https://www.ddorn.net/data/Dorn_Thesis_Appendix.pdf#page=5 ; https://data.mendeley.com/datasets/czbvhmzwm3/1,AUTHOR_PRIMARY_TAXONOMY_DOCUMENTATION; ORIGINAL_DATASET_DOCUMENTATION,VERIFIED,LABEL_CORRESPONDENCE_ONLY,"Wocke V1 DOI 10.17632/czbvhmzwm3.1 documents multi-source cross-referencing (DOT, 2010 SOC/OES, Frey-Osborne, Autor-Dorn, Caines). Canonical OCC1990DD taxonomy and local extraction lineage are NOT PROVEN. Historical code is reference evidence, not a source-assigned code or modern SOC mapping."
17,"Purchasing managers, agents, and buyers, n.e.c.",OCC1990DD,33,"Purchasing managers, agents, and buyers, n.e.c.",EXACT_LABEL,"Dorn (2009), Appendix Table 2, printed p. 124: OCC1990DD code 33 has the recorded title. Balanced 1980-2005 panel. Label correspondence does not establish Wocke inclusion boundaries. Residual category; precise exclusions and Wocke membership remain unresolved.",https://www.ddorn.net/data/Dorn_Thesis_Appendix.pdf#page=5 ; https://data.mendeley.com/datasets/czbvhmzwm3/1,AUTHOR_PRIMARY_TAXONOMY_DOCUMENTATION; ORIGINAL_DATASET_DOCUMENTATION,VERIFIED,LABEL_CORRESPONDENCE_ONLY,"Wocke V1 DOI 10.17632/czbvhmzwm3.1 documents multi-source cross-referencing (DOT, 2010 SOC/OES, Frey-Osborne, Autor-Dorn, Caines). Canonical OCC1990DD taxonomy and local extraction lineage are NOT PROVEN. Historical code is reference evidence, not a source-assigned code or modern SOC mapping. Step 2C/2D candidates inspected for context only; unresolved source scope is not settled by title correspondence."
18,Business and promotion agents,OCC1990DD,34,Business and promotion agents,EXACT_LABEL,"Dorn (2009), Appendix Table 2, printed p. 124: OCC1990DD code 34 has the recorded title. Balanced 1980-2005 panel. Label correspondence does not establish Wocke inclusion boundaries.",https://www.ddorn.net/data/Dorn_Thesis_Appendix.pdf#page=5 ; https://data.mendeley.com/datasets/czbvhmzwm3/1,AUTHOR_PRIMARY_TAXONOMY_DOCUMENTATION; ORIGINAL_DATASET_DOCUMENTATION,VERIFIED,LABEL_CORRESPONDENCE_ONLY,"Wocke V1 DOI 10.17632/czbvhmzwm3.1 documents multi-source cross-referencing (DOT, 2010 SOC/OES, Frey-Osborne, Autor-Dorn, Caines). Canonical OCC1990DD taxonomy and local extraction lineage are NOT PROVEN. Historical code is reference evidence, not a source-assigned code or modern SOC mapping."
19,Construction inspectors,OCC1990DD,35,Construction inspectors,EXACT_LABEL,"Dorn (2009), Appendix Table 2, printed p. 124: OCC1990DD code 35 has the recorded title. Balanced 1980-2005 panel. Label correspondence does not establish Wocke inclusion boundaries.",https://www.ddorn.net/data/Dorn_Thesis_Appendix.pdf#page=5 ; https://data.mendeley.com/datasets/czbvhmzwm3/1,AUTHOR_PRIMARY_TAXONOMY_DOCUMENTATION; ORIGINAL_DATASET_DOCUMENTATION,VERIFIED,LABEL_CORRESPONDENCE_ONLY,"Wocke V1 DOI 10.17632/czbvhmzwm3.1 documents multi-source cross-referencing (DOT, 2010 SOC/OES, Frey-Osborne, Autor-Dorn, Caines). Canonical OCC1990DD taxonomy and local extraction lineage are NOT PROVEN. Historical code is reference evidence, not a source-assigned code or modern SOC mapping."
20,"Inspectors and compliance officers, outside",UNKNOWN,,,NO_VERIFIED_MATCH,Source label is truncated. Available PDF text extraction truncates the corresponding historical row; full code/title/scope correspondence not verified. No historical code assigned.,https://www.ddorn.net/data/Dorn_Thesis_Appendix.pdf ; https://data.mendeley.com/datasets/czbvhmzwm3/1,AUTHOR_PRIMARY_TAXONOMY_DOCUMENTATION; ORIGINAL_DATASET_DOCUMENTATION,NOT_VERIFIED,CANONICAL_TAXONOMY_NOT_PROVEN,"Wocke V1 DOI 10.17632/czbvhmzwm3.1 documents multi-source cross-referencing (DOT, 2010 SOC/OES, Frey-Osborne, Autor-Dorn, Caines). Canonical OCC1990DD taxonomy and local extraction lineage are NOT PROVEN. Historical code is reference evidence, not a source-assigned code or modern SOC mapping. NOT_VERIFIED denotes evidence limitation, not absence of a historical category."
21,Architects,OCC1990DD,43,Architects,EXACT_LABEL,"Dorn (2009), Appendix Table 2, printed p. 124: OCC1990DD code 43 has the recorded title. Balanced 1980-2005 panel. Label correspondence does not establish Wocke inclusion boundaries.",https://www.ddorn.net/data/Dorn_Thesis_Appendix.pdf#page=5 ; https://data.mendeley.com/datasets/czbvhmzwm3/1,AUTHOR_PRIMARY_TAXONOMY_DOCUMENTATION; ORIGINAL_DATASET_DOCUMENTATION,VERIFIED,LABEL_CORRESPONDENCE_ONLY,"Wocke V1 DOI 10.17632/czbvhmzwm3.1 documents multi-source cross-referencing (DOT, 2010 SOC/OES, Frey-Osborne, Autor-Dorn, Caines). Canonical OCC1990DD taxonomy and local extraction lineage are NOT PROVEN. Historical code is reference evidence, not a source-assigned code or modern SOC mapping."
22,Aerospace engineers,OCC1990DD,44,Aerospace engineers,EXACT_LABEL,"Dorn (2009), Appendix Table 2, printed p. 124: OCC1990DD code 44 has the recorded title. Balanced 1980-2005 panel. Label correspondence does not establish Wocke inclusion boundaries.",https://www.ddorn.net/data/Dorn_Thesis_Appendix.pdf#page=5 ; https://data.mendeley.com/datasets/czbvhmzwm3/1,AUTHOR_PRIMARY_TAXONOMY_DOCUMENTATION; ORIGINAL_DATASET_DOCUMENTATION,VERIFIED,LABEL_CORRESPONDENCE_ONLY,"Wocke V1 DOI 10.17632/czbvhmzwm3.1 documents multi-source cross-referencing (DOT, 2010 SOC/OES, Frey-Osborne, Autor-Dorn, Caines). Canonical OCC1990DD taxonomy and local extraction lineage are NOT PROVEN. Historical code is reference evidence, not a source-assigned code or modern SOC mapping."
23,Metallurgical and materials engineers,OCC1990DD,45,Metallurgical and materials engineers,EXACT_LABEL,"Dorn (2009), Appendix Table 2, printed p. 124: OCC1990DD code 45 has the recorded title. Balanced 1980-2005 panel. Label correspondence does not establish Wocke inclusion boundaries.",https://www.ddorn.net/data/Dorn_Thesis_Appendix.pdf#page=5 ; https://data.mendeley.com/datasets/czbvhmzwm3/1,AUTHOR_PRIMARY_TAXONOMY_DOCUMENTATION; ORIGINAL_DATASET_DOCUMENTATION,VERIFIED,LABEL_CORRESPONDENCE_ONLY,"Wocke V1 DOI 10.17632/czbvhmzwm3.1 documents multi-source cross-referencing (DOT, 2010 SOC/OES, Frey-Osborne, Autor-Dorn, Caines). Canonical OCC1990DD taxonomy and local extraction lineage are NOT PROVEN. Historical code is reference evidence, not a source-assigned code or modern SOC mapping."
24,"Petroleum, mining, and geological engineers",OCC1990DD,47,"Petroleum, mining, and geological engineers",EXACT_LABEL,"Dorn (2009), Appendix Table 2, printed p. 124: OCC1990DD code 47 has the recorded title. Balanced 1980-2005 panel. Label correspondence does not establish Wocke inclusion boundaries.",https://www.ddorn.net/data/Dorn_Thesis_Appendix.pdf#page=5 ; https://data.mendeley.com/datasets/czbvhmzwm3/1,AUTHOR_PRIMARY_TAXONOMY_DOCUMENTATION; ORIGINAL_DATASET_DOCUMENTATION,VERIFIED,LABEL_CORRESPONDENCE_ONLY,"Wocke V1 DOI 10.17632/czbvhmzwm3.1 documents multi-source cross-referencing (DOT, 2010 SOC/OES, Frey-Osborne, Autor-Dorn, Caines). Canonical OCC1990DD taxonomy and local extraction lineage are NOT PROVEN. Historical code is reference evidence, not a source-assigned code or modern SOC mapping."
25,Chemical engineers,OCC1990DD,48,Chemical engineers,EXACT_LABEL,"Dorn (2009), Appendix Table 2, printed p. 124: OCC1990DD code 48 has the recorded title. Balanced 1980-2005 panel. Label correspondence does not establish Wocke inclusion boundaries.",https://www.ddorn.net/data/Dorn_Thesis_Appendix.pdf#page=5 ; https://data.mendeley.com/datasets/czbvhmzwm3/1,AUTHOR_PRIMARY_TAXONOMY_DOCUMENTATION; ORIGINAL_DATASET_DOCUMENTATION,VERIFIED,LABEL_CORRESPONDENCE_ONLY,"Wocke V1 DOI 10.17632/czbvhmzwm3.1 documents multi-source cross-referencing (DOT, 2010 SOC/OES, Frey-Osborne, Autor-Dorn, Caines). Canonical OCC1990DD taxonomy and local extraction lineage are NOT PROVEN. Historical code is reference evidence, not a source-assigned code or modern SOC mapping."
26,Civil engineers,OCC1990DD,53,Civil engineers,EXACT_LABEL,"Dorn (2009), Appendix Table 2, printed p. 124: OCC1990DD code 53 has the recorded title. Balanced 1980-2005 panel. Label correspondence does not establish Wocke inclusion boundaries.",https://www.ddorn.net/data/Dorn_Thesis_Appendix.pdf#page=5 ; https://data.mendeley.com/datasets/czbvhmzwm3/1,AUTHOR_PRIMARY_TAXONOMY_DOCUMENTATION; ORIGINAL_DATASET_DOCUMENTATION,VERIFIED,LABEL_CORRESPONDENCE_ONLY,"Wocke V1 DOI 10.17632/czbvhmzwm3.1 documents multi-source cross-referencing (DOT, 2010 SOC/OES, Frey-Osborne, Autor-Dorn, Caines). Canonical OCC1990DD taxonomy and local extraction lineage are NOT PROVEN. Historical code is reference evidence, not a source-assigned code or modern SOC mapping."
27,Electrical engineers,OCC1990DD,55,Electrical engineers,EXACT_LABEL,"Dorn (2009), Appendix Table 2, printed p. 124: OCC1990DD code 55 has the recorded title. Balanced 1980-2005 panel. Label correspondence does not establish Wocke inclusion boundaries.",https://www.ddorn.net/data/Dorn_Thesis_Appendix.pdf#page=5 ; https://data.mendeley.com/datasets/czbvhmzwm3/1,AUTHOR_PRIMARY_TAXONOMY_DOCUMENTATION; ORIGINAL_DATASET_DOCUMENTATION,VERIFIED,LABEL_CORRESPONDENCE_ONLY,"Wocke V1 DOI 10.17632/czbvhmzwm3.1 documents multi-source cross-referencing (DOT, 2010 SOC/OES, Frey-Osborne, Autor-Dorn, Caines). Canonical OCC1990DD taxonomy and local extraction lineage are NOT PROVEN. Historical code is reference evidence, not a source-assigned code or modern SOC mapping."
28,Industrial engineers,OCC1990DD,56,Industrial engineers,EXACT_LABEL,"Dorn (2009), Appendix Table 2, printed p. 124: OCC1990DD code 56 has the recorded title. Balanced 1980-2005 panel. Label correspondence does not establish Wocke inclusion boundaries.",https://www.ddorn.net/data/Dorn_Thesis_Appendix.pdf#page=5 ; https://data.mendeley.com/datasets/czbvhmzwm3/1,AUTHOR_PRIMARY_TAXONOMY_DOCUMENTATION; ORIGINAL_DATASET_DOCUMENTATION,VERIFIED,LABEL_CORRESPONDENCE_ONLY,"Wocke V1 DOI 10.17632/czbvhmzwm3.1 documents multi-source cross-referencing (DOT, 2010 SOC/OES, Frey-Osborne, Autor-Dorn, Caines). Canonical OCC1990DD taxonomy and local extraction lineage are NOT PROVEN. Historical code is reference evidence, not a source-assigned code or modern SOC mapping."
29,Mechanical engineers,OCC1990DD,57,Mechanical engineers,EXACT_LABEL,"Dorn (2009), Appendix Table 2, printed p. 124: OCC1990DD code 57 has the recorded title. Balanced 1980-2005 panel. Label correspondence does not establish Wocke inclusion boundaries.",https://www.ddorn.net/data/Dorn_Thesis_Appendix.pdf#page=5 ; https://data.mendeley.com/datasets/czbvhmzwm3/1,AUTHOR_PRIMARY_TAXONOMY_DOCUMENTATION; ORIGINAL_DATASET_DOCUMENTATION,VERIFIED,LABEL_CORRESPONDENCE_ONLY,"Wocke V1 DOI 10.17632/czbvhmzwm3.1 documents multi-source cross-referencing (DOT, 2010 SOC/OES, Frey-Osborne, Autor-Dorn, Caines). Canonical OCC1990DD taxonomy and local extraction lineage are NOT PROVEN. Historical code is reference evidence, not a source-assigned code or modern SOC mapping."
30,"Engineers and other professionals, n.e.c.",OCC1990DD,59,"Engineers and other professionals, n.e.c.",EXACT_LABEL,"Dorn (2009), Appendix Table 2, printed p. 124: OCC1990DD code 59 has the recorded title. Balanced 1980-2005 panel. Label correspondence does not establish Wocke inclusion boundaries. Residual category; precise exclusions and Wocke membership remain unresolved.",https://www.ddorn.net/data/Dorn_Thesis_Appendix.pdf#page=5 ; https://data.mendeley.com/datasets/czbvhmzwm3/1,AUTHOR_PRIMARY_TAXONOMY_DOCUMENTATION; ORIGINAL_DATASET_DOCUMENTATION,VERIFIED,LABEL_CORRESPONDENCE_ONLY,"Wocke V1 DOI 10.17632/czbvhmzwm3.1 documents multi-source cross-referencing (DOT, 2010 SOC/OES, Frey-Osborne, Autor-Dorn, Caines). Canonical OCC1990DD taxonomy and local extraction lineage are NOT PROVEN. Historical code is reference evidence, not a source-assigned code or modern SOC mapping."
31,Computer systems analysts and computer scientists,OCC1990DD,64,Computer systems analysts and computer scientists,EXACT_LABEL,"Dorn (2009), Appendix Table 2, printed p. 125: OCC1990DD code 64 has the recorded title. Balanced 1980-2005 panel. Label correspondence does not establish Wocke inclusion boundaries. Combined systems-analyst/computer-scientist historical label; modern specialization boundaries unresolved.",https://www.ddorn.net/data/Dorn_Thesis_Appendix.pdf#page=6 ; https://data.mendeley.com/datasets/czbvhmzwm3/1,AUTHOR_PRIMARY_TAXONOMY_DOCUMENTATION; ORIGINAL_DATASET_DOCUMENTATION,VERIFIED,LABEL_CORRESPONDENCE_ONLY,"Wocke V1 DOI 10.17632/czbvhmzwm3.1 documents multi-source cross-referencing (DOT, 2010 SOC/OES, Frey-Osborne, Autor-Dorn, Caines). Canonical OCC1990DD taxonomy and local extraction lineage are NOT PROVEN. Historical code is reference evidence, not a source-assigned code or modern SOC mapping. Step 2C/2D candidates inspected for context only; unresolved source scope is not settled by title correspondence."
32,Operations and systems researchers and analysts,OCC1990DD,65,Operations and systems researchers and analysts,EXACT_LABEL,"Dorn (2009), Appendix Table 2, printed p. 125: OCC1990DD code 65 has the recorded title. Balanced 1980-2005 panel. Label correspondence does not establish Wocke inclusion boundaries.",https://www.ddorn.net/data/Dorn_Thesis_Appendix.pdf#page=6 ; https://data.mendeley.com/datasets/czbvhmzwm3/1,AUTHOR_PRIMARY_TAXONOMY_DOCUMENTATION; ORIGINAL_DATASET_DOCUMENTATION,VERIFIED,LABEL_CORRESPONDENCE_ONLY,"Wocke V1 DOI 10.17632/czbvhmzwm3.1 documents multi-source cross-referencing (DOT, 2010 SOC/OES, Frey-Osborne, Autor-Dorn, Caines). Canonical OCC1990DD taxonomy and local extraction lineage are NOT PROVEN. Historical code is reference evidence, not a source-assigned code or modern SOC mapping."
33,Actuaries,OCC1990DD,66,Actuaries,EXACT_LABEL,"Dorn (2009), Appendix Table 2, printed p. 125: OCC1990DD code 66 has the recorded title. Balanced 1980-2005 panel. Label correspondence does not establish Wocke inclusion boundaries.",https://www.ddorn.net/data/Dorn_Thesis_Appendix.pdf#page=6 ; https://data.mendeley.com/datasets/czbvhmzwm3/1,AUTHOR_PRIMARY_TAXONOMY_DOCUMENTATION; ORIGINAL_DATASET_DOCUMENTATION,VERIFIED,LABEL_CORRESPONDENCE_ONLY,"Wocke V1 DOI 10.17632/czbvhmzwm3.1 documents multi-source cross-referencing (DOT, 2010 SOC/OES, Frey-Osborne, Autor-Dorn, Caines). Canonical OCC1990DD taxonomy and local extraction lineage are NOT PROVEN. Historical code is reference evidence, not a source-assigned code or modern SOC mapping."
34,Mathematicians and statisticians,OCC1990DD,68,Mathematicians and statisticians,EXACT_LABEL,"Dorn (2009), Appendix Table 2, printed p. 125: OCC1990DD code 68 has the recorded title. Balanced 1980-2005 panel. Label correspondence does not establish Wocke inclusion boundaries.",https://www.ddorn.net/data/Dorn_Thesis_Appendix.pdf#page=6 ; https://data.mendeley.com/datasets/czbvhmzwm3/1,AUTHOR_PRIMARY_TAXONOMY_DOCUMENTATION; ORIGINAL_DATASET_DOCUMENTATION,VERIFIED,LABEL_CORRESPONDENCE_ONLY,"Wocke V1 DOI 10.17632/czbvhmzwm3.1 documents multi-source cross-referencing (DOT, 2010 SOC/OES, Frey-Osborne, Autor-Dorn, Caines). Canonical OCC1990DD taxonomy and local extraction lineage are NOT PROVEN. Historical code is reference evidence, not a source-assigned code or modern SOC mapping."
35,Physicists and astronomists,OCC1990DD,69,Physicists and astronomists,EXACT_LABEL,"Dorn (2009), Appendix Table 2, printed p. 125: OCC1990DD code 69 has the recorded title. Balanced 1980-2005 panel. Label correspondence does not establish Wocke inclusion boundaries.",https://www.ddorn.net/data/Dorn_Thesis_Appendix.pdf#page=6 ; https://data.mendeley.com/datasets/czbvhmzwm3/1,AUTHOR_PRIMARY_TAXONOMY_DOCUMENTATION; ORIGINAL_DATASET_DOCUMENTATION,VERIFIED,LABEL_CORRESPONDENCE_ONLY,"Wocke V1 DOI 10.17632/czbvhmzwm3.1 documents multi-source cross-referencing (DOT, 2010 SOC/OES, Frey-Osborne, Autor-Dorn, Caines). Canonical OCC1990DD taxonomy and local extraction lineage are NOT PROVEN. Historical code is reference evidence, not a source-assigned code or modern SOC mapping."
36,Chemists,OCC1990DD,73,Chemists,EXACT_LABEL,"Dorn (2009), Appendix Table 2, printed p. 125: OCC1990DD code 73 has the recorded title. Balanced 1980-2005 panel. Label correspondence does not establish Wocke inclusion boundaries.",https://www.ddorn.net/data/Dorn_Thesis_Appendix.pdf#page=6 ; https://data.mendeley.com/datasets/czbvhmzwm3/1,AUTHOR_PRIMARY_TAXONOMY_DOCUMENTATION; ORIGINAL_DATASET_DOCUMENTATION,VERIFIED,LABEL_CORRESPONDENCE_ONLY,"Wocke V1 DOI 10.17632/czbvhmzwm3.1 documents multi-source cross-referencing (DOT, 2010 SOC/OES, Frey-Osborne, Autor-Dorn, Caines). Canonical OCC1990DD taxonomy and local extraction lineage are NOT PROVEN. Historical code is reference evidence, not a source-assigned code or modern SOC mapping."
37,Atmospheric and space scientists,OCC1990DD,74,Atmospheric and space scientists,EXACT_LABEL,"Dorn (2009), Appendix Table 2, printed p. 125: OCC1990DD code 74 has the recorded title. Balanced 1980-2005 panel. Label correspondence does not establish Wocke inclusion boundaries.",https://www.ddorn.net/data/Dorn_Thesis_Appendix.pdf#page=6 ; https://data.mendeley.com/datasets/czbvhmzwm3/1,AUTHOR_PRIMARY_TAXONOMY_DOCUMENTATION; ORIGINAL_DATASET_DOCUMENTATION,VERIFIED,LABEL_CORRESPONDENCE_ONLY,"Wocke V1 DOI 10.17632/czbvhmzwm3.1 documents multi-source cross-referencing (DOT, 2010 SOC/OES, Frey-Osborne, Autor-Dorn, Caines). Canonical OCC1990DD taxonomy and local extraction lineage are NOT PROVEN. Historical code is reference evidence, not a source-assigned code or modern SOC mapping."
38,Geologists,OCC1990DD,75,Geologists,EXACT_LABEL,"Dorn (2009), Appendix Table 2, printed p. 125: OCC1990DD code 75 has the recorded title. Balanced 1980-2005 panel. Label correspondence does not establish Wocke inclusion boundaries.",https://www.ddorn.net/data/Dorn_Thesis_Appendix.pdf#page=6 ; https://data.mendeley.com/datasets/czbvhmzwm3/1,AUTHOR_PRIMARY_TAXONOMY_DOCUMENTATION; ORIGINAL_DATASET_DOCUMENTATION,VERIFIED,LABEL_CORRESPONDENCE_ONLY,"Wocke V1 DOI 10.17632/czbvhmzwm3.1 documents multi-source cross-referencing (DOT, 2010 SOC/OES, Frey-Osborne, Autor-Dorn, Caines). Canonical OCC1990DD taxonomy and local extraction lineage are NOT PROVEN. Historical code is reference evidence, not a source-assigned code or modern SOC mapping."
39,"Physical scientists, n.e.c.",OCC1990DD,76,"Physical scientists, n.e.c.",EXACT_LABEL,"Dorn (2009), Appendix Table 2, printed p. 125: OCC1990DD code 76 has the recorded title. Balanced 1980-2005 panel. Label correspondence does not establish Wocke inclusion boundaries. Residual category; precise exclusions and Wocke membership remain unresolved.",https://www.ddorn.net/data/Dorn_Thesis_Appendix.pdf#page=6 ; https://data.mendeley.com/datasets/czbvhmzwm3/1,AUTHOR_PRIMARY_TAXONOMY_DOCUMENTATION; ORIGINAL_DATASET_DOCUMENTATION,VERIFIED,LABEL_CORRESPONDENCE_ONLY,"Wocke V1 DOI 10.17632/czbvhmzwm3.1 documents multi-source cross-referencing (DOT, 2010 SOC/OES, Frey-Osborne, Autor-Dorn, Caines). Canonical OCC1990DD taxonomy and local extraction lineage are NOT PROVEN. Historical code is reference evidence, not a source-assigned code or modern SOC mapping."
40,Agricultural and food scientists,OCC1990DD,77,Agricultural and food scientists,EXACT_LABEL,"Dorn (2009), Appendix Table 2, printed p. 125: OCC1990DD code 77 has the recorded title. Balanced 1980-2005 panel. Label correspondence does not establish Wocke inclusion boundaries.",https://www.ddorn.net/data/Dorn_Thesis_Appendix.pdf#page=6 ; https://data.mendeley.com/datasets/czbvhmzwm3/1,AUTHOR_PRIMARY_TAXONOMY_DOCUMENTATION; ORIGINAL_DATASET_DOCUMENTATION,VERIFIED,LABEL_CORRESPONDENCE_ONLY,"Wocke V1 DOI 10.17632/czbvhmzwm3.1 documents multi-source cross-referencing (DOT, 2010 SOC/OES, Frey-Osborne, Autor-Dorn, Caines). Canonical OCC1990DD taxonomy and local extraction lineage are NOT PROVEN. Historical code is reference evidence, not a source-assigned code or modern SOC mapping."
41,Biological scientists,OCC1990DD,78,Biological scientists,EXACT_LABEL,"Dorn (2009), Appendix Table 2, printed p. 125: OCC1990DD code 78 has the recorded title. Balanced 1980-2005 panel. Label correspondence does not establish Wocke inclusion boundaries.",https://www.ddorn.net/data/Dorn_Thesis_Appendix.pdf#page=6 ; https://data.mendeley.com/datasets/czbvhmzwm3/1,AUTHOR_PRIMARY_TAXONOMY_DOCUMENTATION; ORIGINAL_DATASET_DOCUMENTATION,VERIFIED,LABEL_CORRESPONDENCE_ONLY,"Wocke V1 DOI 10.17632/czbvhmzwm3.1 documents multi-source cross-referencing (DOT, 2010 SOC/OES, Frey-Osborne, Autor-Dorn, Caines). Canonical OCC1990DD taxonomy and local extraction lineage are NOT PROVEN. Historical code is reference evidence, not a source-assigned code or modern SOC mapping."
42,Foresters and conservation scientists,OCC1990DD,79,Foresters and conservation scientists,EXACT_LABEL,"Dorn (2009), Appendix Table 2, printed p. 125: OCC1990DD code 79 has the recorded title. Balanced 1980-2005 panel. Label correspondence does not establish Wocke inclusion boundaries.",https://www.ddorn.net/data/Dorn_Thesis_Appendix.pdf#page=6 ; https://data.mendeley.com/datasets/czbvhmzwm3/1,AUTHOR_PRIMARY_TAXONOMY_DOCUMENTATION; ORIGINAL_DATASET_DOCUMENTATION,VERIFIED,LABEL_CORRESPONDENCE_ONLY,"Wocke V1 DOI 10.17632/czbvhmzwm3.1 documents multi-source cross-referencing (DOT, 2010 SOC/OES, Frey-Osborne, Autor-Dorn, Caines). Canonical OCC1990DD taxonomy and local extraction lineage are NOT PROVEN. Historical code is reference evidence, not a source-assigned code or modern SOC mapping."
43,Medical scientists,OCC1990DD,83,Medical scientists,EXACT_LABEL,"Dorn (2009), Appendix Table 2, printed p. 125: OCC1990DD code 83 has the recorded title. Balanced 1980-2005 panel. Label correspondence does not establish Wocke inclusion boundaries.",https://www.ddorn.net/data/Dorn_Thesis_Appendix.pdf#page=6 ; https://data.mendeley.com/datasets/czbvhmzwm3/1,AUTHOR_PRIMARY_TAXONOMY_DOCUMENTATION; ORIGINAL_DATASET_DOCUMENTATION,VERIFIED,LABEL_CORRESPONDENCE_ONLY,"Wocke V1 DOI 10.17632/czbvhmzwm3.1 documents multi-source cross-referencing (DOT, 2010 SOC/OES, Frey-Osborne, Autor-Dorn, Caines). Canonical OCC1990DD taxonomy and local extraction lineage are NOT PROVEN. Historical code is reference evidence, not a source-assigned code or modern SOC mapping."
44,Physicians,OCC1990DD,84,Physicians,EXACT_LABEL,"Dorn (2009), Appendix Table 2, printed p. 125: OCC1990DD code 84 has the recorded title. Balanced 1980-2005 panel. Label correspondence does not establish Wocke inclusion boundaries.",https://www.ddorn.net/data/Dorn_Thesis_Appendix.pdf#page=6 ; https://data.mendeley.com/datasets/czbvhmzwm3/1,AUTHOR_PRIMARY_TAXONOMY_DOCUMENTATION; ORIGINAL_DATASET_DOCUMENTATION,VERIFIED,LABEL_CORRESPONDENCE_ONLY,"Wocke V1 DOI 10.17632/czbvhmzwm3.1 documents multi-source cross-referencing (DOT, 2010 SOC/OES, Frey-Osborne, Autor-Dorn, Caines). Canonical OCC1990DD taxonomy and local extraction lineage are NOT PROVEN. Historical code is reference evidence, not a source-assigned code or modern SOC mapping."
45,Dentists,OCC1990DD,85,Dentists,EXACT_LABEL,"Dorn (2009), Appendix Table 2, printed p. 125: OCC1990DD code 85 has the recorded title. Balanced 1980-2005 panel. Label correspondence does not establish Wocke inclusion boundaries.",https://www.ddorn.net/data/Dorn_Thesis_Appendix.pdf#page=6 ; https://data.mendeley.com/datasets/czbvhmzwm3/1,AUTHOR_PRIMARY_TAXONOMY_DOCUMENTATION; ORIGINAL_DATASET_DOCUMENTATION,VERIFIED,LABEL_CORRESPONDENCE_ONLY,"Wocke V1 DOI 10.17632/czbvhmzwm3.1 documents multi-source cross-referencing (DOT, 2010 SOC/OES, Frey-Osborne, Autor-Dorn, Caines). Canonical OCC1990DD taxonomy and local extraction lineage are NOT PROVEN. Historical code is reference evidence, not a source-assigned code or modern SOC mapping."
46,Veterinarians,OCC1990DD,86,Veterinarians,EXACT_LABEL,"Dorn (2009), Appendix Table 2, printed p. 125: OCC1990DD code 86 has the recorded title. Balanced 1980-2005 panel. Label correspondence does not establish Wocke inclusion boundaries.",https://www.ddorn.net/data/Dorn_Thesis_Appendix.pdf#page=6 ; https://data.mendeley.com/datasets/czbvhmzwm3/1,AUTHOR_PRIMARY_TAXONOMY_DOCUMENTATION; ORIGINAL_DATASET_DOCUMENTATION,VERIFIED,LABEL_CORRESPONDENCE_ONLY,"Wocke V1 DOI 10.17632/czbvhmzwm3.1 documents multi-source cross-referencing (DOT, 2010 SOC/OES, Frey-Osborne, Autor-Dorn, Caines). Canonical OCC1990DD taxonomy and local extraction lineage are NOT PROVEN. Historical code is reference evidence, not a source-assigned code or modern SOC mapping."
47,Optometrists,OCC1990DD,87,Optometrists,EXACT_LABEL,"Dorn (2009), Appendix Table 2, printed p. 125: OCC1990DD code 87 has the recorded title. Balanced 1980-2005 panel. Label correspondence does not establish Wocke inclusion boundaries.",https://www.ddorn.net/data/Dorn_Thesis_Appendix.pdf#page=6 ; https://data.mendeley.com/datasets/czbvhmzwm3/1,AUTHOR_PRIMARY_TAXONOMY_DOCUMENTATION; ORIGINAL_DATASET_DOCUMENTATION,VERIFIED,LABEL_CORRESPONDENCE_ONLY,"Wocke V1 DOI 10.17632/czbvhmzwm3.1 documents multi-source cross-referencing (DOT, 2010 SOC/OES, Frey-Osborne, Autor-Dorn, Caines). Canonical OCC1990DD taxonomy and local extraction lineage are NOT PROVEN. Historical code is reference evidence, not a source-assigned code or modern SOC mapping."
48,Podiatrists,OCC1990DD,88,Podiatrists,EXACT_LABEL,"Dorn (2009), Appendix Table 2, printed p. 125: OCC1990DD code 88 has the recorded title. Balanced 1980-2005 panel. Label correspondence does not establish Wocke inclusion boundaries.",https://www.ddorn.net/data/Dorn_Thesis_Appendix.pdf#page=6 ; https://data.mendeley.com/datasets/czbvhmzwm3/1,AUTHOR_PRIMARY_TAXONOMY_DOCUMENTATION; ORIGINAL_DATASET_DOCUMENTATION,VERIFIED,LABEL_CORRESPONDENCE_ONLY,"Wocke V1 DOI 10.17632/czbvhmzwm3.1 documents multi-source cross-referencing (DOT, 2010 SOC/OES, Frey-Osborne, Autor-Dorn, Caines). Canonical OCC1990DD taxonomy and local extraction lineage are NOT PROVEN. Historical code is reference evidence, not a source-assigned code or modern SOC mapping."
49,Registered nurses,OCC1990DD,95,Registered nurses,EXACT_LABEL,"Dorn (2009), Appendix Table 2, printed p. 125: OCC1990DD code 95 has the recorded title. Balanced 1980-2005 panel. Label correspondence does not establish Wocke inclusion boundaries.",https://www.ddorn.net/data/Dorn_Thesis_Appendix.pdf#page=6 ; https://data.mendeley.com/datasets/czbvhmzwm3/1,AUTHOR_PRIMARY_TAXONOMY_DOCUMENTATION; ORIGINAL_DATASET_DOCUMENTATION,VERIFIED,LABEL_CORRESPONDENCE_ONLY,"Wocke V1 DOI 10.17632/czbvhmzwm3.1 documents multi-source cross-referencing (DOT, 2010 SOC/OES, Frey-Osborne, Autor-Dorn, Caines). Canonical OCC1990DD taxonomy and local extraction lineage are NOT PROVEN. Historical code is reference evidence, not a source-assigned code or modern SOC mapping."
50,Pharmacists,OCC1990DD,96,Pharmacists,EXACT_LABEL,"Dorn (2009), Appendix Table 2, printed p. 125: OCC1990DD code 96 has the recorded title. Balanced 1980-2005 panel. Label correspondence does not establish Wocke inclusion boundaries.",https://www.ddorn.net/data/Dorn_Thesis_Appendix.pdf#page=6 ; https://data.mendeley.com/datasets/czbvhmzwm3/1,AUTHOR_PRIMARY_TAXONOMY_DOCUMENTATION; ORIGINAL_DATASET_DOCUMENTATION,VERIFIED,LABEL_CORRESPONDENCE_ONLY,"Wocke V1 DOI 10.17632/czbvhmzwm3.1 documents multi-source cross-referencing (DOT, 2010 SOC/OES, Frey-Osborne, Autor-Dorn, Caines). Canonical OCC1990DD taxonomy and local extraction lineage are NOT PROVEN. Historical code is reference evidence, not a source-assigned code or modern SOC mapping."
51,Dieticians and nutritionists,OCC1990DD,97,Dieticians and nutritionists,EXACT_LABEL,"Dorn (2009), Appendix Table 2, printed p. 125: OCC1990DD code 97 has the recorded title. Balanced 1980-2005 panel. Label correspondence does not establish Wocke inclusion boundaries.",https://www.ddorn.net/data/Dorn_Thesis_Appendix.pdf#page=6 ; https://data.mendeley.com/datasets/czbvhmzwm3/1,AUTHOR_PRIMARY_TAXONOMY_DOCUMENTATION; ORIGINAL_DATASET_DOCUMENTATION,VERIFIED,LABEL_CORRESPONDENCE_ONLY,"Wocke V1 DOI 10.17632/czbvhmzwm3.1 documents multi-source cross-referencing (DOT, 2010 SOC/OES, Frey-Osborne, Autor-Dorn, Caines). Canonical OCC1990DD taxonomy and local extraction lineage are NOT PROVEN. Historical code is reference evidence, not a source-assigned code or modern SOC mapping."
52,Respiratory therapists,OCC1990DD,98,Respiratory therapists,EXACT_LABEL,"Dorn (2009), Appendix Table 2, printed p. 125: OCC1990DD code 98 has the recorded title. Balanced 1980-2005 panel. Label correspondence does not establish Wocke inclusion boundaries.",https://www.ddorn.net/data/Dorn_Thesis_Appendix.pdf#page=6 ; https://data.mendeley.com/datasets/czbvhmzwm3/1,AUTHOR_PRIMARY_TAXONOMY_DOCUMENTATION; ORIGINAL_DATASET_DOCUMENTATION,VERIFIED,LABEL_CORRESPONDENCE_ONLY,"Wocke V1 DOI 10.17632/czbvhmzwm3.1 documents multi-source cross-referencing (DOT, 2010 SOC/OES, Frey-Osborne, Autor-Dorn, Caines). Canonical OCC1990DD taxonomy and local extraction lineage are NOT PROVEN. Historical code is reference evidence, not a source-assigned code or modern SOC mapping."
53,Occupational therapists,OCC1990DD,99,Occupational therapists,EXACT_LABEL,"Dorn (2009), Appendix Table 2, printed p. 125: OCC1990DD code 99 has the recorded title. Balanced 1980-2005 panel. Label correspondence does not establish Wocke inclusion boundaries.",https://www.ddorn.net/data/Dorn_Thesis_Appendix.pdf#page=6 ; https://data.mendeley.com/datasets/czbvhmzwm3/1,AUTHOR_PRIMARY_TAXONOMY_DOCUMENTATION; ORIGINAL_DATASET_DOCUMENTATION,VERIFIED,LABEL_CORRESPONDENCE_ONLY,"Wocke V1 DOI 10.17632/czbvhmzwm3.1 documents multi-source cross-referencing (DOT, 2010 SOC/OES, Frey-Osborne, Autor-Dorn, Caines). Canonical OCC1990DD taxonomy and local extraction lineage are NOT PROVEN. Historical code is reference evidence, not a source-assigned code or modern SOC mapping."
54,Physical therapists,OCC1990DD,103,Physical therapists,EXACT_LABEL,"Dorn (2009), Appendix Table 2, printed p. 125: OCC1990DD code 103 has the recorded title. Balanced 1980-2005 panel. Label correspondence does not establish Wocke inclusion boundaries.",https://www.ddorn.net/data/Dorn_Thesis_Appendix.pdf#page=6 ; https://data.mendeley.com/datasets/czbvhmzwm3/1,AUTHOR_PRIMARY_TAXONOMY_DOCUMENTATION; ORIGINAL_DATASET_DOCUMENTATION,VERIFIED,LABEL_CORRESPONDENCE_ONLY,"Wocke V1 DOI 10.17632/czbvhmzwm3.1 documents multi-source cross-referencing (DOT, 2010 SOC/OES, Frey-Osborne, Autor-Dorn, Caines). Canonical OCC1990DD taxonomy and local extraction lineage are NOT PROVEN. Historical code is reference evidence, not a source-assigned code or modern SOC mapping."
55,Speech therapists,OCC1990DD,104,Speech therapists,EXACT_LABEL,"Dorn (2009), Appendix Table 2, printed p. 125: OCC1990DD code 104 has the recorded title. Balanced 1980-2005 panel. Label correspondence does not establish Wocke inclusion boundaries.",https://www.ddorn.net/data/Dorn_Thesis_Appendix.pdf#page=6 ; https://data.mendeley.com/datasets/czbvhmzwm3/1,AUTHOR_PRIMARY_TAXONOMY_DOCUMENTATION; ORIGINAL_DATASET_DOCUMENTATION,VERIFIED,LABEL_CORRESPONDENCE_ONLY,"Wocke V1 DOI 10.17632/czbvhmzwm3.1 documents multi-source cross-referencing (DOT, 2010 SOC/OES, Frey-Osborne, Autor-Dorn, Caines). Canonical OCC1990DD taxonomy and local extraction lineage are NOT PROVEN. Historical code is reference evidence, not a source-assigned code or modern SOC mapping."
56,Physicians' assistants,OCC1990DD,106,Physicians' assistants,EXACT_LABEL,"Dorn (2009), Appendix Table 2, printed p. 125: OCC1990DD code 106 has the recorded title. Balanced 1980-2005 panel. Label correspondence does not establish Wocke inclusion boundaries.",https://www.ddorn.net/data/Dorn_Thesis_Appendix.pdf#page=6 ; https://data.mendeley.com/datasets/czbvhmzwm3/1,AUTHOR_PRIMARY_TAXONOMY_DOCUMENTATION; ORIGINAL_DATASET_DOCUMENTATION,VERIFIED,LABEL_CORRESPONDENCE_ONLY,"Wocke V1 DOI 10.17632/czbvhmzwm3.1 documents multi-source cross-referencing (DOT, 2010 SOC/OES, Frey-Osborne, Autor-Dorn, Caines). Canonical OCC1990DD taxonomy and local extraction lineage are NOT PROVEN. Historical code is reference evidence, not a source-assigned code or modern SOC mapping."
57,Kindergarten and earlier school teachers,OCC1990DD,155,Kindergarten and earlier school teachers,EXACT_LABEL,"Dorn (2009), Appendix Table 2, printed p. 125: OCC1990DD code 155 has the recorded title. Balanced 1980-2005 panel. Label correspondence does not establish Wocke inclusion boundaries. Includes earlier-school teaching; age/institution boundaries unresolved.",https://www.ddorn.net/data/Dorn_Thesis_Appendix.pdf#page=6 ; https://data.mendeley.com/datasets/czbvhmzwm3/1,AUTHOR_PRIMARY_TAXONOMY_DOCUMENTATION; ORIGINAL_DATASET_DOCUMENTATION,VERIFIED,LABEL_CORRESPONDENCE_ONLY,"Wocke V1 DOI 10.17632/czbvhmzwm3.1 documents multi-source cross-referencing (DOT, 2010 SOC/OES, Frey-Osborne, Autor-Dorn, Caines). Canonical OCC1990DD taxonomy and local extraction lineage are NOT PROVEN. Historical code is reference evidence, not a source-assigned code or modern SOC mapping. Step 2C/2D candidates inspected for context only; unresolved source scope is not settled by title correspondence."
58,Primary school teachers,OCC1990DD,156,Primary school teachers,EXACT_LABEL,"Dorn (2009), Appendix Table 2, printed p. 125: OCC1990DD code 156 has the recorded title. Balanced 1980-2005 panel. Label correspondence does not establish Wocke inclusion boundaries.",https://www.ddorn.net/data/Dorn_Thesis_Appendix.pdf#page=6 ; https://data.mendeley.com/datasets/czbvhmzwm3/1,AUTHOR_PRIMARY_TAXONOMY_DOCUMENTATION; ORIGINAL_DATASET_DOCUMENTATION,VERIFIED,LABEL_CORRESPONDENCE_ONLY,"Wocke V1 DOI 10.17632/czbvhmzwm3.1 documents multi-source cross-referencing (DOT, 2010 SOC/OES, Frey-Osborne, Autor-Dorn, Caines). Canonical OCC1990DD taxonomy and local extraction lineage are NOT PROVEN. Historical code is reference evidence, not a source-assigned code or modern SOC mapping. Step 2C/2D candidates inspected for context only; unresolved source scope is not settled by title correspondence."
59,Secondary school teachers,OCC1990DD,157,Secondary school teachers,EXACT_LABEL,"Dorn (2009), Appendix Table 2, printed p. 125: OCC1990DD code 157 has the recorded title. Balanced 1980-2005 panel. Label correspondence does not establish Wocke inclusion boundaries.",https://www.ddorn.net/data/Dorn_Thesis_Appendix.pdf#page=6 ; https://data.mendeley.com/datasets/czbvhmzwm3/1,AUTHOR_PRIMARY_TAXONOMY_DOCUMENTATION; ORIGINAL_DATASET_DOCUMENTATION,VERIFIED,LABEL_CORRESPONDENCE_ONLY,"Wocke V1 DOI 10.17632/czbvhmzwm3.1 documents multi-source cross-referencing (DOT, 2010 SOC/OES, Frey-Osborne, Autor-Dorn, Caines). Canonical OCC1990DD taxonomy and local extraction lineage are NOT PROVEN. Historical code is reference evidence, not a source-assigned code or modern SOC mapping. Step 2C/2D candidates inspected for context only; unresolved source scope is not settled by title correspondence."
60,Special education teachers,OCC1990DD,158,Special education teachers,EXACT_LABEL,"Dorn (2009), Appendix Table 2, printed p. 125: OCC1990DD code 158 has the recorded title. Balanced 1980-2005 panel. Label correspondence does not establish Wocke inclusion boundaries.",https://www.ddorn.net/data/Dorn_Thesis_Appendix.pdf#page=6 ; https://data.mendeley.com/datasets/czbvhmzwm3/1,AUTHOR_PRIMARY_TAXONOMY_DOCUMENTATION; ORIGINAL_DATASET_DOCUMENTATION,VERIFIED,LABEL_CORRESPONDENCE_ONLY,"Wocke V1 DOI 10.17632/czbvhmzwm3.1 documents multi-source cross-referencing (DOT, 2010 SOC/OES, Frey-Osborne, Autor-Dorn, Caines). Canonical OCC1990DD taxonomy and local extraction lineage are NOT PROVEN. Historical code is reference evidence, not a source-assigned code or modern SOC mapping. Step 2C/2D candidates inspected for context only; unresolved source scope is not settled by title correspondence."
61,"Teachers, n.e.c.",OCC1990DD,159,"Teachers, n.e.c.",EXACT_LABEL,"Dorn (2009), Appendix Table 2, printed p. 125: OCC1990DD code 159 has the recorded title. Balanced 1980-2005 panel. Label correspondence does not establish Wocke inclusion boundaries. Residual category; precise exclusions and Wocke membership remain unresolved.",https://www.ddorn.net/data/Dorn_Thesis_Appendix.pdf#page=6 ; https://data.mendeley.com/datasets/czbvhmzwm3/1,AUTHOR_PRIMARY_TAXONOMY_DOCUMENTATION; ORIGINAL_DATASET_DOCUMENTATION,VERIFIED,LABEL_CORRESPONDENCE_ONLY,"Wocke V1 DOI 10.17632/czbvhmzwm3.1 documents multi-source cross-referencing (DOT, 2010 SOC/OES, Frey-Osborne, Autor-Dorn, Caines). Canonical OCC1990DD taxonomy and local extraction lineage are NOT PROVEN. Historical code is reference evidence, not a source-assigned code or modern SOC mapping. Step 2C/2D candidates inspected for context only; unresolved source scope is not settled by title correspondence."
62,Vocational and educational counselors,OCC1990DD,163,Vocational and educational counselors,EXACT_LABEL,"Dorn (2009), Appendix Table 2, printed p. 125: OCC1990DD code 163 has the recorded title. Balanced 1980-2005 panel. Label correspondence does not establish Wocke inclusion boundaries.",https://www.ddorn.net/data/Dorn_Thesis_Appendix.pdf#page=6 ; https://data.mendeley.com/datasets/czbvhmzwm3/1,AUTHOR_PRIMARY_TAXONOMY_DOCUMENTATION; ORIGINAL_DATASET_DOCUMENTATION,VERIFIED,LABEL_CORRESPONDENCE_ONLY,"Wocke V1 DOI 10.17632/czbvhmzwm3.1 documents multi-source cross-referencing (DOT, 2010 SOC/OES, Frey-Osborne, Autor-Dorn, Caines). Canonical OCC1990DD taxonomy and local extraction lineage are NOT PROVEN. Historical code is reference evidence, not a source-assigned code or modern SOC mapping."
63,Librarians,OCC1990DD,164,Librarians,EXACT_LABEL,"Dorn (2009), Appendix Table 2, printed p. 125: OCC1990DD code 164 has the recorded title. Balanced 1980-2005 panel. Label correspondence does not establish Wocke inclusion boundaries.",https://www.ddorn.net/data/Dorn_Thesis_Appendix.pdf#page=6 ; https://data.mendeley.com/datasets/czbvhmzwm3/1,AUTHOR_PRIMARY_TAXONOMY_DOCUMENTATION; ORIGINAL_DATASET_DOCUMENTATION,VERIFIED,LABEL_CORRESPONDENCE_ONLY,"Wocke V1 DOI 10.17632/czbvhmzwm3.1 documents multi-source cross-referencing (DOT, 2010 SOC/OES, Frey-Osborne, Autor-Dorn, Caines). Canonical OCC1990DD taxonomy and local extraction lineage are NOT PROVEN. Historical code is reference evidence, not a source-assigned code or modern SOC mapping."
64,Archivists and curators,OCC1990DD,165,Archivists and curators,EXACT_LABEL,"Dorn (2009), Appendix Table 2, printed p. 125: OCC1990DD code 165 has the recorded title. Balanced 1980-2005 panel. Label correspondence does not establish Wocke inclusion boundaries.",https://www.ddorn.net/data/Dorn_Thesis_Appendix.pdf#page=6 ; https://data.mendeley.com/datasets/czbvhmzwm3/1,AUTHOR_PRIMARY_TAXONOMY_DOCUMENTATION; ORIGINAL_DATASET_DOCUMENTATION,VERIFIED,LABEL_CORRESPONDENCE_ONLY,"Wocke V1 DOI 10.17632/czbvhmzwm3.1 documents multi-source cross-referencing (DOT, 2010 SOC/OES, Frey-Osborne, Autor-Dorn, Caines). Canonical OCC1990DD taxonomy and local extraction lineage are NOT PROVEN. Historical code is reference evidence, not a source-assigned code or modern SOC mapping."
65,"Economists, market and survey researchers",OCC1990DD,166,"Economists, market and survey researchers",EXACT_LABEL,"Dorn (2009), Appendix Table 2, printed p. 125: OCC1990DD code 166 has the recorded title. Balanced 1980-2005 panel. Label correspondence does not establish Wocke inclusion boundaries.",https://www.ddorn.net/data/Dorn_Thesis_Appendix.pdf#page=6 ; https://data.mendeley.com/datasets/czbvhmzwm3/1,AUTHOR_PRIMARY_TAXONOMY_DOCUMENTATION; ORIGINAL_DATASET_DOCUMENTATION,VERIFIED,LABEL_CORRESPONDENCE_ONLY,"Wocke V1 DOI 10.17632/czbvhmzwm3.1 documents multi-source cross-referencing (DOT, 2010 SOC/OES, Frey-Osborne, Autor-Dorn, Caines). Canonical OCC1990DD taxonomy and local extraction lineage are NOT PROVEN. Historical code is reference evidence, not a source-assigned code or modern SOC mapping."
66,Psychologists,OCC1990DD,167,Psychologists,EXACT_LABEL,"Dorn (2009), Appendix Table 2, printed p. 125: OCC1990DD code 167 has the recorded title. Balanced 1980-2005 panel. Label correspondence does not establish Wocke inclusion boundaries.",https://www.ddorn.net/data/Dorn_Thesis_Appendix.pdf#page=6 ; https://data.mendeley.com/datasets/czbvhmzwm3/1,AUTHOR_PRIMARY_TAXONOMY_DOCUMENTATION; ORIGINAL_DATASET_DOCUMENTATION,VERIFIED,LABEL_CORRESPONDENCE_ONLY,"Wocke V1 DOI 10.17632/czbvhmzwm3.1 documents multi-source cross-referencing (DOT, 2010 SOC/OES, Frey-Osborne, Autor-Dorn, Caines). Canonical OCC1990DD taxonomy and local extraction lineage are NOT PROVEN. Historical code is reference evidence, not a source-assigned code or modern SOC mapping."
67,"Social scientists and sociologists, n.e.c.",OCC1990DD,169,"Social scientists and sociologists, n.e.c.",EXACT_LABEL,"Dorn (2009), Appendix Table 2, printed p. 125: OCC1990DD code 169 has the recorded title. Balanced 1980-2005 panel. Label correspondence does not establish Wocke inclusion boundaries. Residual category; precise exclusions and Wocke membership remain unresolved.",https://www.ddorn.net/data/Dorn_Thesis_Appendix.pdf#page=6 ; https://data.mendeley.com/datasets/czbvhmzwm3/1,AUTHOR_PRIMARY_TAXONOMY_DOCUMENTATION; ORIGINAL_DATASET_DOCUMENTATION,VERIFIED,LABEL_CORRESPONDENCE_ONLY,"Wocke V1 DOI 10.17632/czbvhmzwm3.1 documents multi-source cross-referencing (DOT, 2010 SOC/OES, Frey-Osborne, Autor-Dorn, Caines). Canonical OCC1990DD taxonomy and local extraction lineage are NOT PROVEN. Historical code is reference evidence, not a source-assigned code or modern SOC mapping."
68,Urban and regional planners,OCC1990DD,173,Urban and regional planners,EXACT_LABEL,"Dorn (2009), Appendix Table 2, printed p. 125: OCC1990DD code 173 has the recorded title. Balanced 1980-2005 panel. Label correspondence does not establish Wocke inclusion boundaries.",https://www.ddorn.net/data/Dorn_Thesis_Appendix.pdf#page=6 ; https://data.mendeley.com/datasets/czbvhmzwm3/1,AUTHOR_PRIMARY_TAXONOMY_DOCUMENTATION; ORIGINAL_DATASET_DOCUMENTATION,VERIFIED,LABEL_CORRESPONDENCE_ONLY,"Wocke V1 DOI 10.17632/czbvhmzwm3.1 documents multi-source cross-referencing (DOT, 2010 SOC/OES, Frey-Osborne, Autor-Dorn, Caines). Canonical OCC1990DD taxonomy and local extraction lineage are NOT PROVEN. Historical code is reference evidence, not a source-assigned code or modern SOC mapping."
69,Social workers,OCC1990DD,174,Social workers,EXACT_LABEL,"Dorn (2009), Appendix Table 2, printed p. 125: OCC1990DD code 174 has the recorded title. Balanced 1980-2005 panel. Label correspondence does not establish Wocke inclusion boundaries.",https://www.ddorn.net/data/Dorn_Thesis_Appendix.pdf#page=6 ; https://data.mendeley.com/datasets/czbvhmzwm3/1,AUTHOR_PRIMARY_TAXONOMY_DOCUMENTATION; ORIGINAL_DATASET_DOCUMENTATION,VERIFIED,LABEL_CORRESPONDENCE_ONLY,"Wocke V1 DOI 10.17632/czbvhmzwm3.1 documents multi-source cross-referencing (DOT, 2010 SOC/OES, Frey-Osborne, Autor-Dorn, Caines). Canonical OCC1990DD taxonomy and local extraction lineage are NOT PROVEN. Historical code is reference evidence, not a source-assigned code or modern SOC mapping."
70,Clergy and religious workers,OCC1990DD,176,Clergy and religious workers,EXACT_LABEL,"Dorn (2009), Appendix Table 2, printed p. 125: OCC1990DD code 176 has the recorded title. Balanced 1980-2005 panel. Label correspondence does not establish Wocke inclusion boundaries.",https://www.ddorn.net/data/Dorn_Thesis_Appendix.pdf#page=6 ; https://data.mendeley.com/datasets/czbvhmzwm3/1,AUTHOR_PRIMARY_TAXONOMY_DOCUMENTATION; ORIGINAL_DATASET_DOCUMENTATION,VERIFIED,LABEL_CORRESPONDENCE_ONLY,"Wocke V1 DOI 10.17632/czbvhmzwm3.1 documents multi-source cross-referencing (DOT, 2010 SOC/OES, Frey-Osborne, Autor-Dorn, Caines). Canonical OCC1990DD taxonomy and local extraction lineage are NOT PROVEN. Historical code is reference evidence, not a source-assigned code or modern SOC mapping."
71,Welfare service workers,OCC1990DD,177,Welfare service workers,EXACT_LABEL,"Dorn (2009), Appendix Table 2, printed p. 125: OCC1990DD code 177 has the recorded title. Balanced 1980-2005 panel. Label correspondence does not establish Wocke inclusion boundaries.",https://www.ddorn.net/data/Dorn_Thesis_Appendix.pdf#page=6 ; https://data.mendeley.com/datasets/czbvhmzwm3/1,AUTHOR_PRIMARY_TAXONOMY_DOCUMENTATION; ORIGINAL_DATASET_DOCUMENTATION,VERIFIED,LABEL_CORRESPONDENCE_ONLY,"Wocke V1 DOI 10.17632/czbvhmzwm3.1 documents multi-source cross-referencing (DOT, 2010 SOC/OES, Frey-Osborne, Autor-Dorn, Caines). Canonical OCC1990DD taxonomy and local extraction lineage are NOT PROVEN. Historical code is reference evidence, not a source-assigned code or modern SOC mapping."
72,Lawyers and judges,OCC1990DD,178,Lawyers and judges,EXACT_LABEL,"Dorn (2009), Appendix Table 2, printed p. 125: OCC1990DD code 178 has the recorded title. Balanced 1980-2005 panel. Label correspondence does not establish Wocke inclusion boundaries. Table combines 1990 Census codes 178 and 179 (lawyers and judges).",https://www.ddorn.net/data/Dorn_Thesis_Appendix.pdf#page=6 ; https://data.mendeley.com/datasets/czbvhmzwm3/1,AUTHOR_PRIMARY_TAXONOMY_DOCUMENTATION; ORIGINAL_DATASET_DOCUMENTATION,VERIFIED,LABEL_CORRESPONDENCE_ONLY,"Wocke V1 DOI 10.17632/czbvhmzwm3.1 documents multi-source cross-referencing (DOT, 2010 SOC/OES, Frey-Osborne, Autor-Dorn, Caines). Canonical OCC1990DD taxonomy and local extraction lineage are NOT PROVEN. Historical code is reference evidence, not a source-assigned code or modern SOC mapping. Step 2C/2D candidates inspected for context only; unresolved source scope is not settled by title correspondence."
73,Writers and authors,OCC1990DD,183,Writers and authors,EXACT_LABEL,"Dorn (2009), Appendix Table 2, printed p. 125: OCC1990DD code 183 has the recorded title. Balanced 1980-2005 panel. Label correspondence does not establish Wocke inclusion boundaries.",https://www.ddorn.net/data/Dorn_Thesis_Appendix.pdf#page=6 ; https://data.mendeley.com/datasets/czbvhmzwm3/1,AUTHOR_PRIMARY_TAXONOMY_DOCUMENTATION; ORIGINAL_DATASET_DOCUMENTATION,VERIFIED,LABEL_CORRESPONDENCE_ONLY,"Wocke V1 DOI 10.17632/czbvhmzwm3.1 documents multi-source cross-referencing (DOT, 2010 SOC/OES, Frey-Osborne, Autor-Dorn, Caines). Canonical OCC1990DD taxonomy and local extraction lineage are NOT PROVEN. Historical code is reference evidence, not a source-assigned code or modern SOC mapping."
74,Technical writers,OCC1990DD,184,Technical writers,EXACT_LABEL,"Dorn (2009), Appendix Table 2, printed p. 125: OCC1990DD code 184 has the recorded title. Balanced 1980-2005 panel. Label correspondence does not establish Wocke inclusion boundaries.",https://www.ddorn.net/data/Dorn_Thesis_Appendix.pdf#page=6 ; https://data.mendeley.com/datasets/czbvhmzwm3/1,AUTHOR_PRIMARY_TAXONOMY_DOCUMENTATION; ORIGINAL_DATASET_DOCUMENTATION,VERIFIED,LABEL_CORRESPONDENCE_ONLY,"Wocke V1 DOI 10.17632/czbvhmzwm3.1 documents multi-source cross-referencing (DOT, 2010 SOC/OES, Frey-Osborne, Autor-Dorn, Caines). Canonical OCC1990DD taxonomy and local extraction lineage are NOT PROVEN. Historical code is reference evidence, not a source-assigned code or modern SOC mapping."
75,Designers,OCC1990DD,185,Designers,EXACT_LABEL,"Dorn (2009), Appendix Table 2, printed p. 126: OCC1990DD code 185 has the recorded title. Balanced 1980-2005 panel. Label correspondence does not establish Wocke inclusion boundaries. Generic designer category; individual design specialties unresolved.",https://www.ddorn.net/data/Dorn_Thesis_Appendix.pdf#page=7 ; https://data.mendeley.com/datasets/czbvhmzwm3/1,AUTHOR_PRIMARY_TAXONOMY_DOCUMENTATION; ORIGINAL_DATASET_DOCUMENTATION,VERIFIED,LABEL_CORRESPONDENCE_ONLY,"Wocke V1 DOI 10.17632/czbvhmzwm3.1 documents multi-source cross-referencing (DOT, 2010 SOC/OES, Frey-Osborne, Autor-Dorn, Caines). Canonical OCC1990DD taxonomy and local extraction lineage are NOT PROVEN. Historical code is reference evidence, not a source-assigned code or modern SOC mapping. Step 2C/2D candidates inspected for context only; unresolved source scope is not settled by title correspondence."
76,Musicians and composers,OCC1990DD,186,Musicians and composers,EXACT_LABEL,"Dorn (2009), Appendix Table 2, printed p. 126: OCC1990DD code 186 has the recorded title. Balanced 1980-2005 panel. Label correspondence does not establish Wocke inclusion boundaries.",https://www.ddorn.net/data/Dorn_Thesis_Appendix.pdf#page=7 ; https://data.mendeley.com/datasets/czbvhmzwm3/1,AUTHOR_PRIMARY_TAXONOMY_DOCUMENTATION; ORIGINAL_DATASET_DOCUMENTATION,VERIFIED,LABEL_CORRESPONDENCE_ONLY,"Wocke V1 DOI 10.17632/czbvhmzwm3.1 documents multi-source cross-referencing (DOT, 2010 SOC/OES, Frey-Osborne, Autor-Dorn, Caines). Canonical OCC1990DD taxonomy and local extraction lineage are NOT PROVEN. Historical code is reference evidence, not a source-assigned code or modern SOC mapping."
77,"Actors, directors, and producers",OCC1990DD,187,"Actors, directors, and producers",EXACT_LABEL,"Dorn (2009), Appendix Table 2, printed p. 126: OCC1990DD code 187 has the recorded title. Balanced 1980-2005 panel. Label correspondence does not establish Wocke inclusion boundaries.",https://www.ddorn.net/data/Dorn_Thesis_Appendix.pdf#page=7 ; https://data.mendeley.com/datasets/czbvhmzwm3/1,AUTHOR_PRIMARY_TAXONOMY_DOCUMENTATION; ORIGINAL_DATASET_DOCUMENTATION,VERIFIED,LABEL_CORRESPONDENCE_ONLY,"Wocke V1 DOI 10.17632/czbvhmzwm3.1 documents multi-source cross-referencing (DOT, 2010 SOC/OES, Frey-Osborne, Autor-Dorn, Caines). Canonical OCC1990DD taxonomy and local extraction lineage are NOT PROVEN. Historical code is reference evidence, not a source-assigned code or modern SOC mapping."
78,"Painters, sculptors, craft-artists, and print-makers",OCC1990DD,188,"Painters, sculptors, craft-artists, and print-makers",EXACT_LABEL,"Dorn (2009), Appendix Table 2, printed p. 126: OCC1990DD code 188 has the recorded title. Balanced 1980-2005 panel. Label correspondence does not establish Wocke inclusion boundaries.",https://www.ddorn.net/data/Dorn_Thesis_Appendix.pdf#page=7 ; https://data.mendeley.com/datasets/czbvhmzwm3/1,AUTHOR_PRIMARY_TAXONOMY_DOCUMENTATION; ORIGINAL_DATASET_DOCUMENTATION,VERIFIED,LABEL_CORRESPONDENCE_ONLY,"Wocke V1 DOI 10.17632/czbvhmzwm3.1 documents multi-source cross-referencing (DOT, 2010 SOC/OES, Frey-Osborne, Autor-Dorn, Caines). Canonical OCC1990DD taxonomy and local extraction lineage are NOT PROVEN. Historical code is reference evidence, not a source-assigned code or modern SOC mapping."
79,Photographers,OCC1990DD,189,Photographers,EXACT_LABEL,"Dorn (2009), Appendix Table 2, printed p. 126: OCC1990DD code 189 has the recorded title. Balanced 1980-2005 panel. Label correspondence does not establish Wocke inclusion boundaries.",https://www.ddorn.net/data/Dorn_Thesis_Appendix.pdf#page=7 ; https://data.mendeley.com/datasets/czbvhmzwm3/1,AUTHOR_PRIMARY_TAXONOMY_DOCUMENTATION; ORIGINAL_DATASET_DOCUMENTATION,VERIFIED,LABEL_CORRESPONDENCE_ONLY,"Wocke V1 DOI 10.17632/czbvhmzwm3.1 documents multi-source cross-referencing (DOT, 2010 SOC/OES, Frey-Osborne, Autor-Dorn, Caines). Canonical OCC1990DD taxonomy and local extraction lineage are NOT PROVEN. Historical code is reference evidence, not a source-assigned code or modern SOC mapping."
80,Dancers,OCC1990DD,193,Dancers,EXACT_LABEL,"Dorn (2009), Appendix Table 2, printed p. 126: OCC1990DD code 193 has the recorded title. Balanced 1980-2005 panel. Label correspondence does not establish Wocke inclusion boundaries.",https://www.ddorn.net/data/Dorn_Thesis_Appendix.pdf#page=7 ; https://data.mendeley.com/datasets/czbvhmzwm3/1,AUTHOR_PRIMARY_TAXONOMY_DOCUMENTATION; ORIGINAL_DATASET_DOCUMENTATION,VERIFIED,LABEL_CORRESPONDENCE_ONLY,"Wocke V1 DOI 10.17632/czbvhmzwm3.1 documents multi-source cross-referencing (DOT, 2010 SOC/OES, Frey-Osborne, Autor-Dorn, Caines). Canonical OCC1990DD taxonomy and local extraction lineage are NOT PROVEN. Historical code is reference evidence, not a source-assigned code or modern SOC mapping."
81,Editors and reporters,OCC1990DD,195,Editors and reporters,EXACT_LABEL,"Dorn (2009), Appendix Table 2, printed p. 126: OCC1990DD code 195 has the recorded title. Balanced 1980-2005 panel. Label correspondence does not establish Wocke inclusion boundaries.",https://www.ddorn.net/data/Dorn_Thesis_Appendix.pdf#page=7 ; https://data.mendeley.com/datasets/czbvhmzwm3/1,AUTHOR_PRIMARY_TAXONOMY_DOCUMENTATION; ORIGINAL_DATASET_DOCUMENTATION,VERIFIED,LABEL_CORRESPONDENCE_ONLY,"Wocke V1 DOI 10.17632/czbvhmzwm3.1 documents multi-source cross-referencing (DOT, 2010 SOC/OES, Frey-Osborne, Autor-Dorn, Caines). Canonical OCC1990DD taxonomy and local extraction lineage are NOT PROVEN. Historical code is reference evidence, not a source-assigned code or modern SOC mapping."
82,Announcers,OCC1990DD,198,Announcers,EXACT_LABEL,"Dorn (2009), Appendix Table 2, printed p. 126: OCC1990DD code 198 has the recorded title. Balanced 1980-2005 panel. Label correspondence does not establish Wocke inclusion boundaries.",https://www.ddorn.net/data/Dorn_Thesis_Appendix.pdf#page=7 ; https://data.mendeley.com/datasets/czbvhmzwm3/1,AUTHOR_PRIMARY_TAXONOMY_DOCUMENTATION; ORIGINAL_DATASET_DOCUMENTATION,VERIFIED,LABEL_CORRESPONDENCE_ONLY,"Wocke V1 DOI 10.17632/czbvhmzwm3.1 documents multi-source cross-referencing (DOT, 2010 SOC/OES, Frey-Osborne, Autor-Dorn, Caines). Canonical OCC1990DD taxonomy and local extraction lineage are NOT PROVEN. Historical code is reference evidence, not a source-assigned code or modern SOC mapping."
83,"Athletes, sports instructors, and officials",OCC1990DD,199,"Athletes, sports instructors, and officials",EXACT_LABEL,"Dorn (2009), Appendix Table 2, printed p. 126: OCC1990DD code 199 has the recorded title. Balanced 1980-2005 panel. Label correspondence does not establish Wocke inclusion boundaries.",https://www.ddorn.net/data/Dorn_Thesis_Appendix.pdf#page=7 ; https://data.mendeley.com/datasets/czbvhmzwm3/1,AUTHOR_PRIMARY_TAXONOMY_DOCUMENTATION; ORIGINAL_DATASET_DOCUMENTATION,VERIFIED,LABEL_CORRESPONDENCE_ONLY,"Wocke V1 DOI 10.17632/czbvhmzwm3.1 documents multi-source cross-referencing (DOT, 2010 SOC/OES, Frey-Osborne, Autor-Dorn, Caines). Canonical OCC1990DD taxonomy and local extraction lineage are NOT PROVEN. Historical code is reference evidence, not a source-assigned code or modern SOC mapping."
84,Clinical laboratory technologies and technicians,OCC1990DD,203,Clinical laboratory technologies and technicians,EXACT_LABEL,"Dorn (2009), Appendix Table 2, printed p. 126: OCC1990DD code 203 has the recorded title. Balanced 1980-2005 panel. Label correspondence does not establish Wocke inclusion boundaries.",https://www.ddorn.net/data/Dorn_Thesis_Appendix.pdf#page=7 ; https://data.mendeley.com/datasets/czbvhmzwm3/1,AUTHOR_PRIMARY_TAXONOMY_DOCUMENTATION; ORIGINAL_DATASET_DOCUMENTATION,VERIFIED,LABEL_CORRESPONDENCE_ONLY,"Wocke V1 DOI 10.17632/czbvhmzwm3.1 documents multi-source cross-referencing (DOT, 2010 SOC/OES, Frey-Osborne, Autor-Dorn, Caines). Canonical OCC1990DD taxonomy and local extraction lineage are NOT PROVEN. Historical code is reference evidence, not a source-assigned code or modern SOC mapping."
85,Dental hygienists,OCC1990DD,204,Dental hygienists,EXACT_LABEL,"Dorn (2009), Appendix Table 2, printed p. 126: OCC1990DD code 204 has the recorded title. Balanced 1980-2005 panel. Label correspondence does not establish Wocke inclusion boundaries.",https://www.ddorn.net/data/Dorn_Thesis_Appendix.pdf#page=7 ; https://data.mendeley.com/datasets/czbvhmzwm3/1,AUTHOR_PRIMARY_TAXONOMY_DOCUMENTATION; ORIGINAL_DATASET_DOCUMENTATION,VERIFIED,LABEL_CORRESPONDENCE_ONLY,"Wocke V1 DOI 10.17632/czbvhmzwm3.1 documents multi-source cross-referencing (DOT, 2010 SOC/OES, Frey-Osborne, Autor-Dorn, Caines). Canonical OCC1990DD taxonomy and local extraction lineage are NOT PROVEN. Historical code is reference evidence, not a source-assigned code or modern SOC mapping."
86,Health record technologists and technicians,OCC1990DD,205,Health record technologists and technicians,EXACT_LABEL,"Dorn (2009), Appendix Table 2, printed p. 126: OCC1990DD code 205 has the recorded title. Balanced 1980-2005 panel. Label correspondence does not establish Wocke inclusion boundaries.",https://www.ddorn.net/data/Dorn_Thesis_Appendix.pdf#page=7 ; https://data.mendeley.com/datasets/czbvhmzwm3/1,AUTHOR_PRIMARY_TAXONOMY_DOCUMENTATION; ORIGINAL_DATASET_DOCUMENTATION,VERIFIED,LABEL_CORRESPONDENCE_ONLY,"Wocke V1 DOI 10.17632/czbvhmzwm3.1 documents multi-source cross-referencing (DOT, 2010 SOC/OES, Frey-Osborne, Autor-Dorn, Caines). Canonical OCC1990DD taxonomy and local extraction lineage are NOT PROVEN. Historical code is reference evidence, not a source-assigned code or modern SOC mapping."
87,Radiologic technologists and technicians,OCC1990DD,206,Radiologic technologists and technicians,EXACT_LABEL,"Dorn (2009), Appendix Table 2, printed p. 126: OCC1990DD code 206 has the recorded title. Balanced 1980-2005 panel. Label correspondence does not establish Wocke inclusion boundaries.",https://www.ddorn.net/data/Dorn_Thesis_Appendix.pdf#page=7 ; https://data.mendeley.com/datasets/czbvhmzwm3/1,AUTHOR_PRIMARY_TAXONOMY_DOCUMENTATION; ORIGINAL_DATASET_DOCUMENTATION,VERIFIED,LABEL_CORRESPONDENCE_ONLY,"Wocke V1 DOI 10.17632/czbvhmzwm3.1 documents multi-source cross-referencing (DOT, 2010 SOC/OES, Frey-Osborne, Autor-Dorn, Caines). Canonical OCC1990DD taxonomy and local extraction lineage are NOT PROVEN. Historical code is reference evidence, not a source-assigned code or modern SOC mapping."
88,Licensed practical nurses,OCC1990DD,207,Licensed practical nurses,EXACT_LABEL,"Dorn (2009), Appendix Table 2, printed p. 126: OCC1990DD code 207 has the recorded title. Balanced 1980-2005 panel. Label correspondence does not establish Wocke inclusion boundaries.",https://www.ddorn.net/data/Dorn_Thesis_Appendix.pdf#page=7 ; https://data.mendeley.com/datasets/czbvhmzwm3/1,AUTHOR_PRIMARY_TAXONOMY_DOCUMENTATION; ORIGINAL_DATASET_DOCUMENTATION,VERIFIED,LABEL_CORRESPONDENCE_ONLY,"Wocke V1 DOI 10.17632/czbvhmzwm3.1 documents multi-source cross-referencing (DOT, 2010 SOC/OES, Frey-Osborne, Autor-Dorn, Caines). Canonical OCC1990DD taxonomy and local extraction lineage are NOT PROVEN. Historical code is reference evidence, not a source-assigned code or modern SOC mapping."
89,"Health technologists and technicians, n.e.c.",OCC1990DD,208,"Health technologists and technicians, n.e.c.",EXACT_LABEL,"Dorn (2009), Appendix Table 2, printed p. 126: OCC1990DD code 208 has the recorded title. Balanced 1980-2005 panel. Label correspondence does not establish Wocke inclusion boundaries. Residual category; precise exclusions and Wocke membership remain unresolved.",https://www.ddorn.net/data/Dorn_Thesis_Appendix.pdf#page=7 ; https://data.mendeley.com/datasets/czbvhmzwm3/1,AUTHOR_PRIMARY_TAXONOMY_DOCUMENTATION; ORIGINAL_DATASET_DOCUMENTATION,VERIFIED,LABEL_CORRESPONDENCE_ONLY,"Wocke V1 DOI 10.17632/czbvhmzwm3.1 documents multi-source cross-referencing (DOT, 2010 SOC/OES, Frey-Osborne, Autor-Dorn, Caines). Canonical OCC1990DD taxonomy and local extraction lineage are NOT PROVEN. Historical code is reference evidence, not a source-assigned code or modern SOC mapping."
90,Engineering technicians,OCC1990DD,214,Engineering technicians,EXACT_LABEL,"Dorn (2009), Appendix Table 2, printed p. 126: OCC1990DD code 214 has the recorded title. Balanced 1980-2005 panel. Label correspondence does not establish Wocke inclusion boundaries.",https://www.ddorn.net/data/Dorn_Thesis_Appendix.pdf#page=7 ; https://data.mendeley.com/datasets/czbvhmzwm3/1,AUTHOR_PRIMARY_TAXONOMY_DOCUMENTATION; ORIGINAL_DATASET_DOCUMENTATION,VERIFIED,LABEL_CORRESPONDENCE_ONLY,"Wocke V1 DOI 10.17632/czbvhmzwm3.1 documents multi-source cross-referencing (DOT, 2010 SOC/OES, Frey-Osborne, Autor-Dorn, Caines). Canonical OCC1990DD taxonomy and local extraction lineage are NOT PROVEN. Historical code is reference evidence, not a source-assigned code or modern SOC mapping."
91,Drafters,OCC1990DD,217,Drafters,EXACT_LABEL,"Dorn (2009), Appendix Table 2, printed p. 126: OCC1990DD code 217 has the recorded title. Balanced 1980-2005 panel. Label correspondence does not establish Wocke inclusion boundaries.",https://www.ddorn.net/data/Dorn_Thesis_Appendix.pdf#page=7 ; https://data.mendeley.com/datasets/czbvhmzwm3/1,AUTHOR_PRIMARY_TAXONOMY_DOCUMENTATION; ORIGINAL_DATASET_DOCUMENTATION,VERIFIED,LABEL_CORRESPONDENCE_ONLY,"Wocke V1 DOI 10.17632/czbvhmzwm3.1 documents multi-source cross-referencing (DOT, 2010 SOC/OES, Frey-Osborne, Autor-Dorn, Caines). Canonical OCC1990DD taxonomy and local extraction lineage are NOT PROVEN. Historical code is reference evidence, not a source-assigned code or modern SOC mapping."
92,"Surveyors, cartographers, mapping scientists/techs",OCC1990DD,218,"Surveryors, cartographers, mapping scientists/techs",CLOSE_VARIANT,"Dorn (2009), Appendix Table 2, printed p. 126: OCC1990DD code 218 has the recorded title. Balanced 1980-2005 panel. Label correspondence does not establish Wocke inclusion boundaries.",https://www.ddorn.net/data/Dorn_Thesis_Appendix.pdf#page=7 ; https://data.mendeley.com/datasets/czbvhmzwm3/1,AUTHOR_PRIMARY_TAXONOMY_DOCUMENTATION; ORIGINAL_DATASET_DOCUMENTATION,PARTIALLY_VERIFIED,LABEL_CORRESPONDENCE_ONLY,"Wocke V1 DOI 10.17632/czbvhmzwm3.1 documents multi-source cross-referencing (DOT, 2010 SOC/OES, Frey-Osborne, Autor-Dorn, Caines). Canonical OCC1990DD taxonomy and local extraction lineage are NOT PROVEN. Historical code is reference evidence, not a source-assigned code or modern SOC mapping. CLOSE_VARIANT documents a spelling difference only; correspondence is partially verified. No alias applied."
93,Biological technicians,OCC1990DD,223,Biological technicians,EXACT_LABEL,"Dorn (2009), Appendix Table 2, printed p. 126: OCC1990DD code 223 has the recorded title. Balanced 1980-2005 panel. Label correspondence does not establish Wocke inclusion boundaries.",https://www.ddorn.net/data/Dorn_Thesis_Appendix.pdf#page=7 ; https://data.mendeley.com/datasets/czbvhmzwm3/1,AUTHOR_PRIMARY_TAXONOMY_DOCUMENTATION; ORIGINAL_DATASET_DOCUMENTATION,VERIFIED,LABEL_CORRESPONDENCE_ONLY,"Wocke V1 DOI 10.17632/czbvhmzwm3.1 documents multi-source cross-referencing (DOT, 2010 SOC/OES, Frey-Osborne, Autor-Dorn, Caines). Canonical OCC1990DD taxonomy and local extraction lineage are NOT PROVEN. Historical code is reference evidence, not a source-assigned code or modern SOC mapping."
94,Chemical technicians,OCC1990DD,224,Chemical technicians,EXACT_LABEL,"Dorn (2009), Appendix Table 2, printed p. 126: OCC1990DD code 224 has the recorded title. Balanced 1980-2005 panel. Label correspondence does not establish Wocke inclusion boundaries.",https://www.ddorn.net/data/Dorn_Thesis_Appendix.pdf#page=7 ; https://data.mendeley.com/datasets/czbvhmzwm3/1,AUTHOR_PRIMARY_TAXONOMY_DOCUMENTATION; ORIGINAL_DATASET_DOCUMENTATION,VERIFIED,LABEL_CORRESPONDENCE_ONLY,"Wocke V1 DOI 10.17632/czbvhmzwm3.1 documents multi-source cross-referencing (DOT, 2010 SOC/OES, Frey-Osborne, Autor-Dorn, Caines). Canonical OCC1990DD taxonomy and local extraction lineage are NOT PROVEN. Historical code is reference evidence, not a source-assigned code or modern SOC mapping."
95,Other science technicians,OCC1990DD,225,Other science technicians,EXACT_LABEL,"Dorn (2009), Appendix Table 2, printed p. 126: OCC1990DD code 225 has the recorded title. Balanced 1980-2005 panel. Label correspondence does not establish Wocke inclusion boundaries.",https://www.ddorn.net/data/Dorn_Thesis_Appendix.pdf#page=7 ; https://data.mendeley.com/datasets/czbvhmzwm3/1,AUTHOR_PRIMARY_TAXONOMY_DOCUMENTATION; ORIGINAL_DATASET_DOCUMENTATION,VERIFIED,LABEL_CORRESPONDENCE_ONLY,"Wocke V1 DOI 10.17632/czbvhmzwm3.1 documents multi-source cross-referencing (DOT, 2010 SOC/OES, Frey-Osborne, Autor-Dorn, Caines). Canonical OCC1990DD taxonomy and local extraction lineage are NOT PROVEN. Historical code is reference evidence, not a source-assigned code or modern SOC mapping."
96,Airplane pilots and navigators,OCC1990DD,226,Airplane pilots and navigators,EXACT_LABEL,"Dorn (2009), Appendix Table 2, printed p. 126: OCC1990DD code 226 has the recorded title. Balanced 1980-2005 panel. Label correspondence does not establish Wocke inclusion boundaries.",https://www.ddorn.net/data/Dorn_Thesis_Appendix.pdf#page=7 ; https://data.mendeley.com/datasets/czbvhmzwm3/1,AUTHOR_PRIMARY_TAXONOMY_DOCUMENTATION; ORIGINAL_DATASET_DOCUMENTATION,VERIFIED,LABEL_CORRESPONDENCE_ONLY,"Wocke V1 DOI 10.17632/czbvhmzwm3.1 documents multi-source cross-referencing (DOT, 2010 SOC/OES, Frey-Osborne, Autor-Dorn, Caines). Canonical OCC1990DD taxonomy and local extraction lineage are NOT PROVEN. Historical code is reference evidence, not a source-assigned code or modern SOC mapping."
97,Air traffic controllers,OCC1990DD,227,Air traffic controllers,EXACT_LABEL,"Dorn (2009), Appendix Table 2, printed p. 126: OCC1990DD code 227 has the recorded title. Balanced 1980-2005 panel. Label correspondence does not establish Wocke inclusion boundaries.",https://www.ddorn.net/data/Dorn_Thesis_Appendix.pdf#page=7 ; https://data.mendeley.com/datasets/czbvhmzwm3/1,AUTHOR_PRIMARY_TAXONOMY_DOCUMENTATION; ORIGINAL_DATASET_DOCUMENTATION,VERIFIED,LABEL_CORRESPONDENCE_ONLY,"Wocke V1 DOI 10.17632/czbvhmzwm3.1 documents multi-source cross-referencing (DOT, 2010 SOC/OES, Frey-Osborne, Autor-Dorn, Caines). Canonical OCC1990DD taxonomy and local extraction lineage are NOT PROVEN. Historical code is reference evidence, not a source-assigned code or modern SOC mapping."
98,Broadcast equipment operators,OCC1990DD,228,Broadcast equipment operators,EXACT_LABEL,"Dorn (2009), Appendix Table 2, printed p. 126: OCC1990DD code 228 has the recorded title. Balanced 1980-2005 panel. Label correspondence does not establish Wocke inclusion boundaries.",https://www.ddorn.net/data/Dorn_Thesis_Appendix.pdf#page=7 ; https://data.mendeley.com/datasets/czbvhmzwm3/1,AUTHOR_PRIMARY_TAXONOMY_DOCUMENTATION; ORIGINAL_DATASET_DOCUMENTATION,VERIFIED,LABEL_CORRESPONDENCE_ONLY,"Wocke V1 DOI 10.17632/czbvhmzwm3.1 documents multi-source cross-referencing (DOT, 2010 SOC/OES, Frey-Osborne, Autor-Dorn, Caines). Canonical OCC1990DD taxonomy and local extraction lineage are NOT PROVEN. Historical code is reference evidence, not a source-assigned code or modern SOC mapping."
99,Computer software developers,OCC1990DD,229,Computer software developers,EXACT_LABEL,"Dorn (2009), Appendix Table 2, printed p. 126: OCC1990DD code 229 has the recorded title. Balanced 1980-2005 panel. Label correspondence does not establish Wocke inclusion boundaries.",https://www.ddorn.net/data/Dorn_Thesis_Appendix.pdf#page=7 ; https://data.mendeley.com/datasets/czbvhmzwm3/1,AUTHOR_PRIMARY_TAXONOMY_DOCUMENTATION; ORIGINAL_DATASET_DOCUMENTATION,VERIFIED,LABEL_CORRESPONDENCE_ONLY,"Wocke V1 DOI 10.17632/czbvhmzwm3.1 documents multi-source cross-referencing (DOT, 2010 SOC/OES, Frey-Osborne, Autor-Dorn, Caines). Canonical OCC1990DD taxonomy and local extraction lineage are NOT PROVEN. Historical code is reference evidence, not a source-assigned code or modern SOC mapping. Step 2C/2D candidates inspected for context only; unresolved source scope is not settled by title correspondence."
100,Programmers of numerically controlled machine tools,OCC1990DD,233,Programmers of numerically controlled machine tools,EXACT_LABEL,"Dorn (2009), Appendix Table 2, printed p. 126: OCC1990DD code 233 has the recorded title. Balanced 1980-2005 panel. Label correspondence does not establish Wocke inclusion boundaries.",https://www.ddorn.net/data/Dorn_Thesis_Appendix.pdf#page=7 ; https://data.mendeley.com/datasets/czbvhmzwm3/1,AUTHOR_PRIMARY_TAXONOMY_DOCUMENTATION; ORIGINAL_DATASET_DOCUMENTATION,VERIFIED,LABEL_CORRESPONDENCE_ONLY,"Wocke V1 DOI 10.17632/czbvhmzwm3.1 documents multi-source cross-referencing (DOT, 2010 SOC/OES, Frey-Osborne, Autor-Dorn, Caines). Canonical OCC1990DD taxonomy and local extraction lineage are NOT PROVEN. Historical code is reference evidence, not a source-assigned code or modern SOC mapping."
101,Legal assistants and paralegals,OCC1990DD,234,Legal assistants and paralegals,EXACT_LABEL,"Dorn (2009), Appendix Table 2, printed p. 126: OCC1990DD code 234 has the recorded title. Balanced 1980-2005 panel. Label correspondence does not establish Wocke inclusion boundaries.",https://www.ddorn.net/data/Dorn_Thesis_Appendix.pdf#page=7 ; https://data.mendeley.com/datasets/czbvhmzwm3/1,AUTHOR_PRIMARY_TAXONOMY_DOCUMENTATION; ORIGINAL_DATASET_DOCUMENTATION,VERIFIED,LABEL_CORRESPONDENCE_ONLY,"Wocke V1 DOI 10.17632/czbvhmzwm3.1 documents multi-source cross-referencing (DOT, 2010 SOC/OES, Frey-Osborne, Autor-Dorn, Caines). Canonical OCC1990DD taxonomy and local extraction lineage are NOT PROVEN. Historical code is reference evidence, not a source-assigned code or modern SOC mapping."
102,Sales supervisors and proprietors,OCC1990DD,243,Sales supervisors and proprietors,EXACT_LABEL,"Dorn (2009), Appendix Table 2, printed p. 126: OCC1990DD code 243 has the recorded title. Balanced 1980-2005 panel. Label correspondence does not establish Wocke inclusion boundaries.",https://www.ddorn.net/data/Dorn_Thesis_Appendix.pdf#page=7 ; https://data.mendeley.com/datasets/czbvhmzwm3/1,AUTHOR_PRIMARY_TAXONOMY_DOCUMENTATION; ORIGINAL_DATASET_DOCUMENTATION,VERIFIED,LABEL_CORRESPONDENCE_ONLY,"Wocke V1 DOI 10.17632/czbvhmzwm3.1 documents multi-source cross-referencing (DOT, 2010 SOC/OES, Frey-Osborne, Autor-Dorn, Caines). Canonical OCC1990DD taxonomy and local extraction lineage are NOT PROVEN. Historical code is reference evidence, not a source-assigned code or modern SOC mapping."
103,Insurance sales occupations,OCC1990DD,253,Insurance sales occupations,EXACT_LABEL,"Dorn (2009), Appendix Table 2, printed p. 126: OCC1990DD code 253 has the recorded title. Balanced 1980-2005 panel. Label correspondence does not establish Wocke inclusion boundaries.",https://www.ddorn.net/data/Dorn_Thesis_Appendix.pdf#page=7 ; https://data.mendeley.com/datasets/czbvhmzwm3/1,AUTHOR_PRIMARY_TAXONOMY_DOCUMENTATION; ORIGINAL_DATASET_DOCUMENTATION,VERIFIED,LABEL_CORRESPONDENCE_ONLY,"Wocke V1 DOI 10.17632/czbvhmzwm3.1 documents multi-source cross-referencing (DOT, 2010 SOC/OES, Frey-Osborne, Autor-Dorn, Caines). Canonical OCC1990DD taxonomy and local extraction lineage are NOT PROVEN. Historical code is reference evidence, not a source-assigned code or modern SOC mapping."
104,Real estate sales occupations,OCC1990DD,254,Real estate sales occupations,EXACT_LABEL,"Dorn (2009), Appendix Table 2, printed p. 126: OCC1990DD code 254 has the recorded title. Balanced 1980-2005 panel. Label correspondence does not establish Wocke inclusion boundaries.",https://www.ddorn.net/data/Dorn_Thesis_Appendix.pdf#page=7 ; https://data.mendeley.com/datasets/czbvhmzwm3/1,AUTHOR_PRIMARY_TAXONOMY_DOCUMENTATION; ORIGINAL_DATASET_DOCUMENTATION,VERIFIED,LABEL_CORRESPONDENCE_ONLY,"Wocke V1 DOI 10.17632/czbvhmzwm3.1 documents multi-source cross-referencing (DOT, 2010 SOC/OES, Frey-Osborne, Autor-Dorn, Caines). Canonical OCC1990DD taxonomy and local extraction lineage are NOT PROVEN. Historical code is reference evidence, not a source-assigned code or modern SOC mapping."
105,Financial service sales occupations,OCC1990DD,255,Financial service sales occupations,EXACT_LABEL,"Dorn (2009), Appendix Table 2, printed p. 126: OCC1990DD code 255 has the recorded title. Balanced 1980-2005 panel. Label correspondence does not establish Wocke inclusion boundaries.",https://www.ddorn.net/data/Dorn_Thesis_Appendix.pdf#page=7 ; https://data.mendeley.com/datasets/czbvhmzwm3/1,AUTHOR_PRIMARY_TAXONOMY_DOCUMENTATION; ORIGINAL_DATASET_DOCUMENTATION,VERIFIED,LABEL_CORRESPONDENCE_ONLY,"Wocke V1 DOI 10.17632/czbvhmzwm3.1 documents multi-source cross-referencing (DOT, 2010 SOC/OES, Frey-Osborne, Autor-Dorn, Caines). Canonical OCC1990DD taxonomy and local extraction lineage are NOT PROVEN. Historical code is reference evidence, not a source-assigned code or modern SOC mapping."
106,Advertising and related sales jobs,OCC1990DD,256,Advertising and related sales jobs,EXACT_LABEL,"Dorn (2009), Appendix Table 2, printed p. 126: OCC1990DD code 256 has the recorded title. Balanced 1980-2005 panel. Label correspondence does not establish Wocke inclusion boundaries.",https://www.ddorn.net/data/Dorn_Thesis_Appendix.pdf#page=7 ; https://data.mendeley.com/datasets/czbvhmzwm3/1,AUTHOR_PRIMARY_TAXONOMY_DOCUMENTATION; ORIGINAL_DATASET_DOCUMENTATION,VERIFIED,LABEL_CORRESPONDENCE_ONLY,"Wocke V1 DOI 10.17632/czbvhmzwm3.1 documents multi-source cross-referencing (DOT, 2010 SOC/OES, Frey-Osborne, Autor-Dorn, Caines). Canonical OCC1990DD taxonomy and local extraction lineage are NOT PROVEN. Historical code is reference evidence, not a source-assigned code or modern SOC mapping."
107,Sales engineers,OCC1990DD,258,Sales engineers,EXACT_LABEL,"Dorn (2009), Appendix Table 2, printed p. 126: OCC1990DD code 258 has the recorded title. Balanced 1980-2005 panel. Label correspondence does not establish Wocke inclusion boundaries.",https://www.ddorn.net/data/Dorn_Thesis_Appendix.pdf#page=7 ; https://data.mendeley.com/datasets/czbvhmzwm3/1,AUTHOR_PRIMARY_TAXONOMY_DOCUMENTATION; ORIGINAL_DATASET_DOCUMENTATION,VERIFIED,LABEL_CORRESPONDENCE_ONLY,"Wocke V1 DOI 10.17632/czbvhmzwm3.1 documents multi-source cross-referencing (DOT, 2010 SOC/OES, Frey-Osborne, Autor-Dorn, Caines). Canonical OCC1990DD taxonomy and local extraction lineage are NOT PROVEN. Historical code is reference evidence, not a source-assigned code or modern SOC mapping."
108,Retail salespersons and sales clerks,OCC1990DD,275,Retail salespersons and sales clerks,EXACT_LABEL,"Dorn (2009), Appendix Table 2, printed p. 126: OCC1990DD code 275 has the recorded title. Balanced 1980-2005 panel. Label correspondence does not establish Wocke inclusion boundaries.",https://www.ddorn.net/data/Dorn_Thesis_Appendix.pdf#page=7 ; https://data.mendeley.com/datasets/czbvhmzwm3/1,AUTHOR_PRIMARY_TAXONOMY_DOCUMENTATION; ORIGINAL_DATASET_DOCUMENTATION,VERIFIED,LABEL_CORRESPONDENCE_ONLY,"Wocke V1 DOI 10.17632/czbvhmzwm3.1 documents multi-source cross-referencing (DOT, 2010 SOC/OES, Frey-Osborne, Autor-Dorn, Caines). Canonical OCC1990DD taxonomy and local extraction lineage are NOT PROVEN. Historical code is reference evidence, not a source-assigned code or modern SOC mapping."
109,Cashiers,OCC1990DD,276,Cashiers,EXACT_LABEL,"Dorn (2009), Appendix Table 2, printed p. 126: OCC1990DD code 276 has the recorded title. Balanced 1980-2005 panel. Label correspondence does not establish Wocke inclusion boundaries.",https://www.ddorn.net/data/Dorn_Thesis_Appendix.pdf#page=7 ; https://data.mendeley.com/datasets/czbvhmzwm3/1,AUTHOR_PRIMARY_TAXONOMY_DOCUMENTATION; ORIGINAL_DATASET_DOCUMENTATION,VERIFIED,LABEL_CORRESPONDENCE_ONLY,"Wocke V1 DOI 10.17632/czbvhmzwm3.1 documents multi-source cross-referencing (DOT, 2010 SOC/OES, Frey-Osborne, Autor-Dorn, Caines). Canonical OCC1990DD taxonomy and local extraction lineage are NOT PROVEN. Historical code is reference evidence, not a source-assigned code or modern SOC mapping."
110,"Door-to-door sales, street sales, and news vendors",OCC1990DD,277,"Door-to-door sales, street sales, and news vendors",EXACT_LABEL,"Dorn (2009), Appendix Table 2, printed p. 126: OCC1990DD code 277 has the recorded title. Balanced 1980-2005 panel. Label correspondence does not establish Wocke inclusion boundaries.",https://www.ddorn.net/data/Dorn_Thesis_Appendix.pdf#page=7 ; https://data.mendeley.com/datasets/czbvhmzwm3/1,AUTHOR_PRIMARY_TAXONOMY_DOCUMENTATION; ORIGINAL_DATASET_DOCUMENTATION,VERIFIED,LABEL_CORRESPONDENCE_ONLY,"Wocke V1 DOI 10.17632/czbvhmzwm3.1 documents multi-source cross-referencing (DOT, 2010 SOC/OES, Frey-Osborne, Autor-Dorn, Caines). Canonical OCC1990DD taxonomy and local extraction lineage are NOT PROVEN. Historical code is reference evidence, not a source-assigned code or modern SOC mapping."
111,"Sales demonstrators, promoters, and models",OCC1990DD,283,"Sales demonstrators, promoters, and models",EXACT_LABEL,"Dorn (2009), Appendix Table 2, printed p. 126: OCC1990DD code 283 has the recorded title. Balanced 1980-2005 panel. Label correspondence does not establish Wocke inclusion boundaries.",https://www.ddorn.net/data/Dorn_Thesis_Appendix.pdf#page=7 ; https://data.mendeley.com/datasets/czbvhmzwm3/1,AUTHOR_PRIMARY_TAXONOMY_DOCUMENTATION; ORIGINAL_DATASET_DOCUMENTATION,VERIFIED,LABEL_CORRESPONDENCE_ONLY,"Wocke V1 DOI 10.17632/czbvhmzwm3.1 documents multi-source cross-referencing (DOT, 2010 SOC/OES, Frey-Osborne, Autor-Dorn, Caines). Canonical OCC1990DD taxonomy and local extraction lineage are NOT PROVEN. Historical code is reference evidence, not a source-assigned code or modern SOC mapping."
112,Office supervisors,OCC1990DD,303,Office supervisors,EXACT_LABEL,"Dorn (2009), Appendix Table 2, printed p. 127: OCC1990DD code 303 has the recorded title. Balanced 1980-2005 panel. Label correspondence does not establish Wocke inclusion boundaries.",https://www.ddorn.net/data/Dorn_Thesis_Appendix.pdf#page=8 ; https://data.mendeley.com/datasets/czbvhmzwm3/1,AUTHOR_PRIMARY_TAXONOMY_DOCUMENTATION; ORIGINAL_DATASET_DOCUMENTATION,VERIFIED,LABEL_CORRESPONDENCE_ONLY,"Wocke V1 DOI 10.17632/czbvhmzwm3.1 documents multi-source cross-referencing (DOT, 2010 SOC/OES, Frey-Osborne, Autor-Dorn, Caines). Canonical OCC1990DD taxonomy and local extraction lineage are NOT PROVEN. Historical code is reference evidence, not a source-assigned code or modern SOC mapping."
113,Computer and peripheral equipment operators,OCC1990DD,308,Computer and peripheral equipment operators,EXACT_LABEL,"Dorn (2009), Appendix Table 2, printed p. 127: OCC1990DD code 308 has the recorded title. Balanced 1980-2005 panel. Label correspondence does not establish Wocke inclusion boundaries.",https://www.ddorn.net/data/Dorn_Thesis_Appendix.pdf#page=8 ; https://data.mendeley.com/datasets/czbvhmzwm3/1,AUTHOR_PRIMARY_TAXONOMY_DOCUMENTATION; ORIGINAL_DATASET_DOCUMENTATION,VERIFIED,LABEL_CORRESPONDENCE_ONLY,"Wocke V1 DOI 10.17632/czbvhmzwm3.1 documents multi-source cross-referencing (DOT, 2010 SOC/OES, Frey-Osborne, Autor-Dorn, Caines). Canonical OCC1990DD taxonomy and local extraction lineage are NOT PROVEN. Historical code is reference evidence, not a source-assigned code or modern SOC mapping."
114,Secretaries and stenographers,OCC1990DD,313,Secretaries and stenographers,EXACT_LABEL,"Dorn (2009), Appendix Table 2, printed p. 127: OCC1990DD code 313 has the recorded title. Balanced 1980-2005 panel. Label correspondence does not establish Wocke inclusion boundaries.",https://www.ddorn.net/data/Dorn_Thesis_Appendix.pdf#page=8 ; https://data.mendeley.com/datasets/czbvhmzwm3/1,AUTHOR_PRIMARY_TAXONOMY_DOCUMENTATION; ORIGINAL_DATASET_DOCUMENTATION,VERIFIED,LABEL_CORRESPONDENCE_ONLY,"Wocke V1 DOI 10.17632/czbvhmzwm3.1 documents multi-source cross-referencing (DOT, 2010 SOC/OES, Frey-Osborne, Autor-Dorn, Caines). Canonical OCC1990DD taxonomy and local extraction lineage are NOT PROVEN. Historical code is reference evidence, not a source-assigned code or modern SOC mapping."
115,Typists,OCC1990DD,315,Typists,EXACT_LABEL,"Dorn (2009), Appendix Table 2, printed p. 127: OCC1990DD code 315 has the recorded title. Balanced 1980-2005 panel. Label correspondence does not establish Wocke inclusion boundaries.",https://www.ddorn.net/data/Dorn_Thesis_Appendix.pdf#page=8 ; https://data.mendeley.com/datasets/czbvhmzwm3/1,AUTHOR_PRIMARY_TAXONOMY_DOCUMENTATION; ORIGINAL_DATASET_DOCUMENTATION,VERIFIED,LABEL_CORRESPONDENCE_ONLY,"Wocke V1 DOI 10.17632/czbvhmzwm3.1 documents multi-source cross-referencing (DOT, 2010 SOC/OES, Frey-Osborne, Autor-Dorn, Caines). Canonical OCC1990DD taxonomy and local extraction lineage are NOT PROVEN. Historical code is reference evidence, not a source-assigned code or modern SOC mapping."
116,"Interviewers, enumerators, and surveyors",OCC1990DD,316,"Interviewers, enumerators, and surveyors",EXACT_LABEL,"Dorn (2009), Appendix Table 2, printed p. 127: OCC1990DD code 316 has the recorded title. Balanced 1980-2005 panel. Label correspondence does not establish Wocke inclusion boundaries.",https://www.ddorn.net/data/Dorn_Thesis_Appendix.pdf#page=8 ; https://data.mendeley.com/datasets/czbvhmzwm3/1,AUTHOR_PRIMARY_TAXONOMY_DOCUMENTATION; ORIGINAL_DATASET_DOCUMENTATION,VERIFIED,LABEL_CORRESPONDENCE_ONLY,"Wocke V1 DOI 10.17632/czbvhmzwm3.1 documents multi-source cross-referencing (DOT, 2010 SOC/OES, Frey-Osborne, Autor-Dorn, Caines). Canonical OCC1990DD taxonomy and local extraction lineage are NOT PROVEN. Historical code is reference evidence, not a source-assigned code or modern SOC mapping."
117,Hotel clerks,OCC1990DD,317,Hotel clerks,EXACT_LABEL,"Dorn (2009), Appendix Table 2, printed p. 127: OCC1990DD code 317 has the recorded title. Balanced 1980-2005 panel. Label correspondence does not establish Wocke inclusion boundaries.",https://www.ddorn.net/data/Dorn_Thesis_Appendix.pdf#page=8 ; https://data.mendeley.com/datasets/czbvhmzwm3/1,AUTHOR_PRIMARY_TAXONOMY_DOCUMENTATION; ORIGINAL_DATASET_DOCUMENTATION,VERIFIED,LABEL_CORRESPONDENCE_ONLY,"Wocke V1 DOI 10.17632/czbvhmzwm3.1 documents multi-source cross-referencing (DOT, 2010 SOC/OES, Frey-Osborne, Autor-Dorn, Caines). Canonical OCC1990DD taxonomy and local extraction lineage are NOT PROVEN. Historical code is reference evidence, not a source-assigned code or modern SOC mapping."
118,Transportation ticket and reservation agents,OCC1990DD,318,Transportation ticket and reservation agents,EXACT_LABEL,"Dorn (2009), Appendix Table 2, printed p. 127: OCC1990DD code 318 has the recorded title. Balanced 1980-2005 panel. Label correspondence does not establish Wocke inclusion boundaries.",https://www.ddorn.net/data/Dorn_Thesis_Appendix.pdf#page=8 ; https://data.mendeley.com/datasets/czbvhmzwm3/1,AUTHOR_PRIMARY_TAXONOMY_DOCUMENTATION; ORIGINAL_DATASET_DOCUMENTATION,VERIFIED,LABEL_CORRESPONDENCE_ONLY,"Wocke V1 DOI 10.17632/czbvhmzwm3.1 documents multi-source cross-referencing (DOT, 2010 SOC/OES, Frey-Osborne, Autor-Dorn, Caines). Canonical OCC1990DD taxonomy and local extraction lineage are NOT PROVEN. Historical code is reference evidence, not a source-assigned code or modern SOC mapping."
119,Receptionists and other information clerks,OCC1990DD,319,Receptionists and other information clerks,EXACT_LABEL,"Dorn (2009), Appendix Table 2, printed p. 127: OCC1990DD code 319 has the recorded title. Balanced 1980-2005 panel. Label correspondence does not establish Wocke inclusion boundaries.",https://www.ddorn.net/data/Dorn_Thesis_Appendix.pdf#page=8 ; https://data.mendeley.com/datasets/czbvhmzwm3/1,AUTHOR_PRIMARY_TAXONOMY_DOCUMENTATION; ORIGINAL_DATASET_DOCUMENTATION,VERIFIED,LABEL_CORRESPONDENCE_ONLY,"Wocke V1 DOI 10.17632/czbvhmzwm3.1 documents multi-source cross-referencing (DOT, 2010 SOC/OES, Frey-Osborne, Autor-Dorn, Caines). Canonical OCC1990DD taxonomy and local extraction lineage are NOT PROVEN. Historical code is reference evidence, not a source-assigned code or modern SOC mapping."
120,Correspondence and order clerks,OCC1990DD,326,Correspondence and order clerks,EXACT_LABEL,"Dorn (2009), Appendix Table 2, printed p. 127: OCC1990DD code 326 has the recorded title. Balanced 1980-2005 panel. Label correspondence does not establish Wocke inclusion boundaries.",https://www.ddorn.net/data/Dorn_Thesis_Appendix.pdf#page=8 ; https://data.mendeley.com/datasets/czbvhmzwm3/1,AUTHOR_PRIMARY_TAXONOMY_DOCUMENTATION; ORIGINAL_DATASET_DOCUMENTATION,VERIFIED,LABEL_CORRESPONDENCE_ONLY,"Wocke V1 DOI 10.17632/czbvhmzwm3.1 documents multi-source cross-referencing (DOT, 2010 SOC/OES, Frey-Osborne, Autor-Dorn, Caines). Canonical OCC1990DD taxonomy and local extraction lineage are NOT PROVEN. Historical code is reference evidence, not a source-assigned code or modern SOC mapping."
121,"Human resources clerks, excl payroll and timekeeping",OCC1990DD,328,"Human resources clerks, excl payroll and timekeeping",EXACT_LABEL,"Dorn (2009), Appendix Table 2, printed p. 127: OCC1990DD code 328 has the recorded title. Balanced 1980-2005 panel. Label correspondence does not establish Wocke inclusion boundaries.",https://www.ddorn.net/data/Dorn_Thesis_Appendix.pdf#page=8 ; https://data.mendeley.com/datasets/czbvhmzwm3/1,AUTHOR_PRIMARY_TAXONOMY_DOCUMENTATION; ORIGINAL_DATASET_DOCUMENTATION,VERIFIED,LABEL_CORRESPONDENCE_ONLY,"Wocke V1 DOI 10.17632/czbvhmzwm3.1 documents multi-source cross-referencing (DOT, 2010 SOC/OES, Frey-Osborne, Autor-Dorn, Caines). Canonical OCC1990DD taxonomy and local extraction lineage are NOT PROVEN. Historical code is reference evidence, not a source-assigned code or modern SOC mapping."
122,Library assistants,OCC1990DD,329,Library assistants,EXACT_LABEL,"Dorn (2009), Appendix Table 2, printed p. 127: OCC1990DD code 329 has the recorded title. Balanced 1980-2005 panel. Label correspondence does not establish Wocke inclusion boundaries.",https://www.ddorn.net/data/Dorn_Thesis_Appendix.pdf#page=8 ; https://data.mendeley.com/datasets/czbvhmzwm3/1,AUTHOR_PRIMARY_TAXONOMY_DOCUMENTATION; ORIGINAL_DATASET_DOCUMENTATION,VERIFIED,LABEL_CORRESPONDENCE_ONLY,"Wocke V1 DOI 10.17632/czbvhmzwm3.1 documents multi-source cross-referencing (DOT, 2010 SOC/OES, Frey-Osborne, Autor-Dorn, Caines). Canonical OCC1990DD taxonomy and local extraction lineage are NOT PROVEN. Historical code is reference evidence, not a source-assigned code or modern SOC mapping."
123,File clerks,OCC1990DD,335,File clerks,EXACT_LABEL,"Dorn (2009), Appendix Table 2, printed p. 127: OCC1990DD code 335 has the recorded title. Balanced 1980-2005 panel. Label correspondence does not establish Wocke inclusion boundaries.",https://www.ddorn.net/data/Dorn_Thesis_Appendix.pdf#page=8 ; https://data.mendeley.com/datasets/czbvhmzwm3/1,AUTHOR_PRIMARY_TAXONOMY_DOCUMENTATION; ORIGINAL_DATASET_DOCUMENTATION,VERIFIED,LABEL_CORRESPONDENCE_ONLY,"Wocke V1 DOI 10.17632/czbvhmzwm3.1 documents multi-source cross-referencing (DOT, 2010 SOC/OES, Frey-Osborne, Autor-Dorn, Caines). Canonical OCC1990DD taxonomy and local extraction lineage are NOT PROVEN. Historical code is reference evidence, not a source-assigned code or modern SOC mapping."
124,Bookkeepers and accounting and auditing clerks,OCC1990DD,337,Bookkeepers and accounting and auditing clerks,EXACT_LABEL,"Dorn (2009), Appendix Table 2, printed p. 127: OCC1990DD code 337 has the recorded title. Balanced 1980-2005 panel. Label correspondence does not establish Wocke inclusion boundaries.",https://www.ddorn.net/data/Dorn_Thesis_Appendix.pdf#page=8 ; https://data.mendeley.com/datasets/czbvhmzwm3/1,AUTHOR_PRIMARY_TAXONOMY_DOCUMENTATION; ORIGINAL_DATASET_DOCUMENTATION,VERIFIED,LABEL_CORRESPONDENCE_ONLY,"Wocke V1 DOI 10.17632/czbvhmzwm3.1 documents multi-source cross-referencing (DOT, 2010 SOC/OES, Frey-Osborne, Autor-Dorn, Caines). Canonical OCC1990DD taxonomy and local extraction lineage are NOT PROVEN. Historical code is reference evidence, not a source-assigned code or modern SOC mapping."
125,Payroll and timekeeping clerks,OCC1990DD,338,Payroll and timekeeping clerks,EXACT_LABEL,"Dorn (2009), Appendix Table 2, printed p. 127: OCC1990DD code 338 has the recorded title. Balanced 1980-2005 panel. Label correspondence does not establish Wocke inclusion boundaries.",https://www.ddorn.net/data/Dorn_Thesis_Appendix.pdf#page=8 ; https://data.mendeley.com/datasets/czbvhmzwm3/1,AUTHOR_PRIMARY_TAXONOMY_DOCUMENTATION; ORIGINAL_DATASET_DOCUMENTATION,VERIFIED,LABEL_CORRESPONDENCE_ONLY,"Wocke V1 DOI 10.17632/czbvhmzwm3.1 documents multi-source cross-referencing (DOT, 2010 SOC/OES, Frey-Osborne, Autor-Dorn, Caines). Canonical OCC1990DD taxonomy and local extraction lineage are NOT PROVEN. Historical code is reference evidence, not a source-assigned code or modern SOC mapping."
126,Billing clerks and related financial records processing,OCC1990DD,344,Billing clerks and related financial records processing,EXACT_LABEL,"Dorn (2009), Appendix Table 2, printed p. 127: OCC1990DD code 344 has the recorded title. Balanced 1980-2005 panel. Label correspondence does not establish Wocke inclusion boundaries.",https://www.ddorn.net/data/Dorn_Thesis_Appendix.pdf#page=8 ; https://data.mendeley.com/datasets/czbvhmzwm3/1,AUTHOR_PRIMARY_TAXONOMY_DOCUMENTATION; ORIGINAL_DATASET_DOCUMENTATION,VERIFIED,LABEL_CORRESPONDENCE_ONLY,"Wocke V1 DOI 10.17632/czbvhmzwm3.1 documents multi-source cross-referencing (DOT, 2010 SOC/OES, Frey-Osborne, Autor-Dorn, Caines). Canonical OCC1990DD taxonomy and local extraction lineage are NOT PROVEN. Historical code is reference evidence, not a source-assigned code or modern SOC mapping."
127,Mail and paper handlers,OCC1990DD,346,Mail and paper handlers,EXACT_LABEL,"Dorn (2009), Appendix Table 2, printed p. 127: OCC1990DD code 346 has the recorded title. Balanced 1980-2005 panel. Label correspondence does not establish Wocke inclusion boundaries.",https://www.ddorn.net/data/Dorn_Thesis_Appendix.pdf#page=8 ; https://data.mendeley.com/datasets/czbvhmzwm3/1,AUTHOR_PRIMARY_TAXONOMY_DOCUMENTATION; ORIGINAL_DATASET_DOCUMENTATION,VERIFIED,LABEL_CORRESPONDENCE_ONLY,"Wocke V1 DOI 10.17632/czbvhmzwm3.1 documents multi-source cross-referencing (DOT, 2010 SOC/OES, Frey-Osborne, Autor-Dorn, Caines). Canonical OCC1990DD taxonomy and local extraction lineage are NOT PROVEN. Historical code is reference evidence, not a source-assigned code or modern SOC mapping."
128,"Office machine operators, n.e.c.",OCC1990DD,347,"Office machine operators, n.e.c.",EXACT_LABEL,"Dorn (2009), Appendix Table 2, printed p. 127: OCC1990DD code 347 has the recorded title. Balanced 1980-2005 panel. Label correspondence does not establish Wocke inclusion boundaries. Residual category; precise exclusions and Wocke membership remain unresolved.",https://www.ddorn.net/data/Dorn_Thesis_Appendix.pdf#page=8 ; https://data.mendeley.com/datasets/czbvhmzwm3/1,AUTHOR_PRIMARY_TAXONOMY_DOCUMENTATION; ORIGINAL_DATASET_DOCUMENTATION,VERIFIED,LABEL_CORRESPONDENCE_ONLY,"Wocke V1 DOI 10.17632/czbvhmzwm3.1 documents multi-source cross-referencing (DOT, 2010 SOC/OES, Frey-Osborne, Autor-Dorn, Caines). Canonical OCC1990DD taxonomy and local extraction lineage are NOT PROVEN. Historical code is reference evidence, not a source-assigned code or modern SOC mapping."
129,Telephone operators,OCC1990DD,348,Telephone operators,EXACT_LABEL,"Dorn (2009), Appendix Table 2, printed p. 127: OCC1990DD code 348 has the recorded title. Balanced 1980-2005 panel. Label correspondence does not establish Wocke inclusion boundaries.",https://www.ddorn.net/data/Dorn_Thesis_Appendix.pdf#page=8 ; https://data.mendeley.com/datasets/czbvhmzwm3/1,AUTHOR_PRIMARY_TAXONOMY_DOCUMENTATION; ORIGINAL_DATASET_DOCUMENTATION,VERIFIED,LABEL_CORRESPONDENCE_ONLY,"Wocke V1 DOI 10.17632/czbvhmzwm3.1 documents multi-source cross-referencing (DOT, 2010 SOC/OES, Frey-Osborne, Autor-Dorn, Caines). Canonical OCC1990DD taxonomy and local extraction lineage are NOT PROVEN. Historical code is reference evidence, not a source-assigned code or modern SOC mapping."
130,"Postal clerks, exluding mail carriers",OCC1990DD,354,"Postal clerks, exluding mail carriers",EXACT_LABEL,"Dorn (2009), Appendix Table 2, printed p. 127: OCC1990DD code 354 has the recorded title. Balanced 1980-2005 panel. Label correspondence does not establish Wocke inclusion boundaries.",https://www.ddorn.net/data/Dorn_Thesis_Appendix.pdf#page=8 ; https://data.mendeley.com/datasets/czbvhmzwm3/1,AUTHOR_PRIMARY_TAXONOMY_DOCUMENTATION; ORIGINAL_DATASET_DOCUMENTATION,VERIFIED,LABEL_CORRESPONDENCE_ONLY,"Wocke V1 DOI 10.17632/czbvhmzwm3.1 documents multi-source cross-referencing (DOT, 2010 SOC/OES, Frey-Osborne, Autor-Dorn, Caines). Canonical OCC1990DD taxonomy and local extraction lineage are NOT PROVEN. Historical code is reference evidence, not a source-assigned code or modern SOC mapping."
131,Mail carriers for postal service,OCC1990DD,355,Mail carriers for postal service,EXACT_LABEL,"Dorn (2009), Appendix Table 2, printed p. 127: OCC1990DD code 355 has the recorded title. Balanced 1980-2005 panel. Label correspondence does not establish Wocke inclusion boundaries.",https://www.ddorn.net/data/Dorn_Thesis_Appendix.pdf#page=8 ; https://data.mendeley.com/datasets/czbvhmzwm3/1,AUTHOR_PRIMARY_TAXONOMY_DOCUMENTATION; ORIGINAL_DATASET_DOCUMENTATION,VERIFIED,LABEL_CORRESPONDENCE_ONLY,"Wocke V1 DOI 10.17632/czbvhmzwm3.1 documents multi-source cross-referencing (DOT, 2010 SOC/OES, Frey-Osborne, Autor-Dorn, Caines). Canonical OCC1990DD taxonomy and local extraction lineage are NOT PROVEN. Historical code is reference evidence, not a source-assigned code or modern SOC mapping."
132,"Mail clerks, outside of post office",OCC1990DD,356,"Mail clerks, outside of post office",EXACT_LABEL,"Dorn (2009), Appendix Table 2, printed p. 127: OCC1990DD code 356 has the recorded title. Balanced 1980-2005 panel. Label correspondence does not establish Wocke inclusion boundaries.",https://www.ddorn.net/data/Dorn_Thesis_Appendix.pdf#page=8 ; https://data.mendeley.com/datasets/czbvhmzwm3/1,AUTHOR_PRIMARY_TAXONOMY_DOCUMENTATION; ORIGINAL_DATASET_DOCUMENTATION,VERIFIED,LABEL_CORRESPONDENCE_ONLY,"Wocke V1 DOI 10.17632/czbvhmzwm3.1 documents multi-source cross-referencing (DOT, 2010 SOC/OES, Frey-Osborne, Autor-Dorn, Caines). Canonical OCC1990DD taxonomy and local extraction lineage are NOT PROVEN. Historical code is reference evidence, not a source-assigned code or modern SOC mapping."
133,Messengers,OCC1990DD,357,Messengers,EXACT_LABEL,"Dorn (2009), Appendix Table 2, printed p. 127: OCC1990DD code 357 has the recorded title. Balanced 1980-2005 panel. Label correspondence does not establish Wocke inclusion boundaries.",https://www.ddorn.net/data/Dorn_Thesis_Appendix.pdf#page=8 ; https://data.mendeley.com/datasets/czbvhmzwm3/1,AUTHOR_PRIMARY_TAXONOMY_DOCUMENTATION; ORIGINAL_DATASET_DOCUMENTATION,VERIFIED,LABEL_CORRESPONDENCE_ONLY,"Wocke V1 DOI 10.17632/czbvhmzwm3.1 documents multi-source cross-referencing (DOT, 2010 SOC/OES, Frey-Osborne, Autor-Dorn, Caines). Canonical OCC1990DD taxonomy and local extraction lineage are NOT PROVEN. Historical code is reference evidence, not a source-assigned code or modern SOC mapping."
134,Dispatchers,OCC1990DD,359,Dispatchers,EXACT_LABEL,"Dorn (2009), Appendix Table 2, printed p. 127: OCC1990DD code 359 has the recorded title. Balanced 1980-2005 panel. Label correspondence does not establish Wocke inclusion boundaries.",https://www.ddorn.net/data/Dorn_Thesis_Appendix.pdf#page=8 ; https://data.mendeley.com/datasets/czbvhmzwm3/1,AUTHOR_PRIMARY_TAXONOMY_DOCUMENTATION; ORIGINAL_DATASET_DOCUMENTATION,VERIFIED,LABEL_CORRESPONDENCE_ONLY,"Wocke V1 DOI 10.17632/czbvhmzwm3.1 documents multi-source cross-referencing (DOT, 2010 SOC/OES, Frey-Osborne, Autor-Dorn, Caines). Canonical OCC1990DD taxonomy and local extraction lineage are NOT PROVEN. Historical code is reference evidence, not a source-assigned code or modern SOC mapping."
135,Shipping and receiving clerks,OCC1990DD,364,Shipping and receiving clerks,EXACT_LABEL,"Dorn (2009), Appendix Table 2, printed p. 127: OCC1990DD code 364 has the recorded title. Balanced 1980-2005 panel. Label correspondence does not establish Wocke inclusion boundaries.",https://www.ddorn.net/data/Dorn_Thesis_Appendix.pdf#page=8 ; https://data.mendeley.com/datasets/czbvhmzwm3/1,AUTHOR_PRIMARY_TAXONOMY_DOCUMENTATION; ORIGINAL_DATASET_DOCUMENTATION,VERIFIED,LABEL_CORRESPONDENCE_ONLY,"Wocke V1 DOI 10.17632/czbvhmzwm3.1 documents multi-source cross-referencing (DOT, 2010 SOC/OES, Frey-Osborne, Autor-Dorn, Caines). Canonical OCC1990DD taxonomy and local extraction lineage are NOT PROVEN. Historical code is reference evidence, not a source-assigned code or modern SOC mapping."
136,Stock and inventory clerks,OCC1990DD,365,Stock and inventory clerks,EXACT_LABEL,"Dorn (2009), Appendix Table 2, printed p. 127: OCC1990DD code 365 has the recorded title. Balanced 1980-2005 panel. Label correspondence does not establish Wocke inclusion boundaries.",https://www.ddorn.net/data/Dorn_Thesis_Appendix.pdf#page=8 ; https://data.mendeley.com/datasets/czbvhmzwm3/1,AUTHOR_PRIMARY_TAXONOMY_DOCUMENTATION; ORIGINAL_DATASET_DOCUMENTATION,VERIFIED,LABEL_CORRESPONDENCE_ONLY,"Wocke V1 DOI 10.17632/czbvhmzwm3.1 documents multi-source cross-referencing (DOT, 2010 SOC/OES, Frey-Osborne, Autor-Dorn, Caines). Canonical OCC1990DD taxonomy and local extraction lineage are NOT PROVEN. Historical code is reference evidence, not a source-assigned code or modern SOC mapping."
137,Meter readers,OCC1990DD,366,Meter readers,EXACT_LABEL,"Dorn (2009), Appendix Table 2, printed p. 127: OCC1990DD code 366 has the recorded title. Balanced 1980-2005 panel. Label correspondence does not establish Wocke inclusion boundaries.",https://www.ddorn.net/data/Dorn_Thesis_Appendix.pdf#page=8 ; https://data.mendeley.com/datasets/czbvhmzwm3/1,AUTHOR_PRIMARY_TAXONOMY_DOCUMENTATION; ORIGINAL_DATASET_DOCUMENTATION,VERIFIED,LABEL_CORRESPONDENCE_ONLY,"Wocke V1 DOI 10.17632/czbvhmzwm3.1 documents multi-source cross-referencing (DOT, 2010 SOC/OES, Frey-Osborne, Autor-Dorn, Caines). Canonical OCC1990DD taxonomy and local extraction lineage are NOT PROVEN. Historical code is reference evidence, not a source-assigned code or modern SOC mapping."
138,"Weighers, measurers, and checkers",OCC1990DD,368,"Weighers, measurers, and checkers",EXACT_LABEL,"Dorn (2009), Appendix Table 2, printed p. 127: OCC1990DD code 368 has the recorded title. Balanced 1980-2005 panel. Label correspondence does not establish Wocke inclusion boundaries.",https://www.ddorn.net/data/Dorn_Thesis_Appendix.pdf#page=8 ; https://data.mendeley.com/datasets/czbvhmzwm3/1,AUTHOR_PRIMARY_TAXONOMY_DOCUMENTATION; ORIGINAL_DATASET_DOCUMENTATION,VERIFIED,LABEL_CORRESPONDENCE_ONLY,"Wocke V1 DOI 10.17632/czbvhmzwm3.1 documents multi-source cross-referencing (DOT, 2010 SOC/OES, Frey-Osborne, Autor-Dorn, Caines). Canonical OCC1990DD taxonomy and local extraction lineage are NOT PROVEN. Historical code is reference evidence, not a source-assigned code or modern SOC mapping."
139,"Material recording, sched., prod., plan., expediting cl.",OCC1990DD,373,"Material recording, sched., prod., plan., expediting cl.",EXACT_LABEL,"Dorn (2009), Appendix Table 2, printed p. 127: OCC1990DD code 373 has the recorded title. Balanced 1980-2005 panel. Label correspondence does not establish Wocke inclusion boundaries.",https://www.ddorn.net/data/Dorn_Thesis_Appendix.pdf#page=8 ; https://data.mendeley.com/datasets/czbvhmzwm3/1,AUTHOR_PRIMARY_TAXONOMY_DOCUMENTATION; ORIGINAL_DATASET_DOCUMENTATION,VERIFIED,LABEL_CORRESPONDENCE_ONLY,"Wocke V1 DOI 10.17632/czbvhmzwm3.1 documents multi-source cross-referencing (DOT, 2010 SOC/OES, Frey-Osborne, Autor-Dorn, Caines). Canonical OCC1990DD taxonomy and local extraction lineage are NOT PROVEN. Historical code is reference evidence, not a source-assigned code or modern SOC mapping."
140,"Insurance adjusters, examiners, and investigators",OCC1990DD,375,"Insurance adjusters, examiners, and investigators",EXACT_LABEL,"Dorn (2009), Appendix Table 2, printed p. 127: OCC1990DD code 375 has the recorded title. Balanced 1980-2005 panel. Label correspondence does not establish Wocke inclusion boundaries.",https://www.ddorn.net/data/Dorn_Thesis_Appendix.pdf#page=8 ; https://data.mendeley.com/datasets/czbvhmzwm3/1,AUTHOR_PRIMARY_TAXONOMY_DOCUMENTATION; ORIGINAL_DATASET_DOCUMENTATION,VERIFIED,LABEL_CORRESPONDENCE_ONLY,"Wocke V1 DOI 10.17632/czbvhmzwm3.1 documents multi-source cross-referencing (DOT, 2010 SOC/OES, Frey-Osborne, Autor-Dorn, Caines). Canonical OCC1990DD taxonomy and local extraction lineage are NOT PROVEN. Historical code is reference evidence, not a source-assigned code or modern SOC mapping."
141,"Customer service reps, invest., adjusters, excl. insur.",OCC1990DD,376,"Customer service reps, invest., adjusters, excl. insur.",EXACT_LABEL,"Dorn (2009), Appendix Table 2, printed p. 127: OCC1990DD code 376 has the recorded title. Balanced 1980-2005 panel. Label correspondence does not establish Wocke inclusion boundaries.",https://www.ddorn.net/data/Dorn_Thesis_Appendix.pdf#page=8 ; https://data.mendeley.com/datasets/czbvhmzwm3/1,AUTHOR_PRIMARY_TAXONOMY_DOCUMENTATION; ORIGINAL_DATASET_DOCUMENTATION,VERIFIED,LABEL_CORRESPONDENCE_ONLY,"Wocke V1 DOI 10.17632/czbvhmzwm3.1 documents multi-source cross-referencing (DOT, 2010 SOC/OES, Frey-Osborne, Autor-Dorn, Caines). Canonical OCC1990DD taxonomy and local extraction lineage are NOT PROVEN. Historical code is reference evidence, not a source-assigned code or modern SOC mapping."
142,"Eligibility clerks for government prog., social welfare",OCC1990DD,377,"Eligibility clerks for government prog., social welfare",EXACT_LABEL,"Dorn (2009), Appendix Table 2, printed p. 127: OCC1990DD code 377 has the recorded title. Balanced 1980-2005 panel. Label correspondence does not establish Wocke inclusion boundaries.",https://www.ddorn.net/data/Dorn_Thesis_Appendix.pdf#page=8 ; https://data.mendeley.com/datasets/czbvhmzwm3/1,AUTHOR_PRIMARY_TAXONOMY_DOCUMENTATION; ORIGINAL_DATASET_DOCUMENTATION,VERIFIED,LABEL_CORRESPONDENCE_ONLY,"Wocke V1 DOI 10.17632/czbvhmzwm3.1 documents multi-source cross-referencing (DOT, 2010 SOC/OES, Frey-Osborne, Autor-Dorn, Caines). Canonical OCC1990DD taxonomy and local extraction lineage are NOT PROVEN. Historical code is reference evidence, not a source-assigned code or modern SOC mapping."
143,Bill and account collectors,OCC1990DD,378,Bill and account collectors,EXACT_LABEL,"Dorn (2009), Appendix Table 2, printed p. 127: OCC1990DD code 378 has the recorded title. Balanced 1980-2005 panel. Label correspondence does not establish Wocke inclusion boundaries.",https://www.ddorn.net/data/Dorn_Thesis_Appendix.pdf#page=8 ; https://data.mendeley.com/datasets/czbvhmzwm3/1,AUTHOR_PRIMARY_TAXONOMY_DOCUMENTATION; ORIGINAL_DATASET_DOCUMENTATION,VERIFIED,LABEL_CORRESPONDENCE_ONLY,"Wocke V1 DOI 10.17632/czbvhmzwm3.1 documents multi-source cross-referencing (DOT, 2010 SOC/OES, Frey-Osborne, Autor-Dorn, Caines). Canonical OCC1990DD taxonomy and local extraction lineage are NOT PROVEN. Historical code is reference evidence, not a source-assigned code or modern SOC mapping."
144,General office clerks,OCC1990DD,379,General office clerks,EXACT_LABEL,"Dorn (2009), Appendix Table 2, printed p. 127: OCC1990DD code 379 has the recorded title. Balanced 1980-2005 panel. Label correspondence does not establish Wocke inclusion boundaries.",https://www.ddorn.net/data/Dorn_Thesis_Appendix.pdf#page=8 ; https://data.mendeley.com/datasets/czbvhmzwm3/1,AUTHOR_PRIMARY_TAXONOMY_DOCUMENTATION; ORIGINAL_DATASET_DOCUMENTATION,VERIFIED,LABEL_CORRESPONDENCE_ONLY,"Wocke V1 DOI 10.17632/czbvhmzwm3.1 documents multi-source cross-referencing (DOT, 2010 SOC/OES, Frey-Osborne, Autor-Dorn, Caines). Canonical OCC1990DD taxonomy and local extraction lineage are NOT PROVEN. Historical code is reference evidence, not a source-assigned code or modern SOC mapping."
145,Bank tellers,OCC1990DD,383,Bank tellers,EXACT_LABEL,"Dorn (2009), Appendix Table 2, printed p. 127: OCC1990DD code 383 has the recorded title. Balanced 1980-2005 panel. Label correspondence does not establish Wocke inclusion boundaries.",https://www.ddorn.net/data/Dorn_Thesis_Appendix.pdf#page=8 ; https://data.mendeley.com/datasets/czbvhmzwm3/1,AUTHOR_PRIMARY_TAXONOMY_DOCUMENTATION; ORIGINAL_DATASET_DOCUMENTATION,VERIFIED,LABEL_CORRESPONDENCE_ONLY,"Wocke V1 DOI 10.17632/czbvhmzwm3.1 documents multi-source cross-referencing (DOT, 2010 SOC/OES, Frey-Osborne, Autor-Dorn, Caines). Canonical OCC1990DD taxonomy and local extraction lineage are NOT PROVEN. Historical code is reference evidence, not a source-assigned code or modern SOC mapping."
146,Proofreaders,OCC1990DD,384,Proofreaders,EXACT_LABEL,"Dorn (2009), Appendix Table 2, printed p. 127: OCC1990DD code 384 has the recorded title. Balanced 1980-2005 panel. Label correspondence does not establish Wocke inclusion boundaries.",https://www.ddorn.net/data/Dorn_Thesis_Appendix.pdf#page=8 ; https://data.mendeley.com/datasets/czbvhmzwm3/1,AUTHOR_PRIMARY_TAXONOMY_DOCUMENTATION; ORIGINAL_DATASET_DOCUMENTATION,VERIFIED,LABEL_CORRESPONDENCE_ONLY,"Wocke V1 DOI 10.17632/czbvhmzwm3.1 documents multi-source cross-referencing (DOT, 2010 SOC/OES, Frey-Osborne, Autor-Dorn, Caines). Canonical OCC1990DD taxonomy and local extraction lineage are NOT PROVEN. Historical code is reference evidence, not a source-assigned code or modern SOC mapping."
147,Data entry keyers,OCC1990DD,385,Data entry keyers,EXACT_LABEL,"Dorn (2009), Appendix Table 2, printed p. 127: OCC1990DD code 385 has the recorded title. Balanced 1980-2005 panel. Label correspondence does not establish Wocke inclusion boundaries.",https://www.ddorn.net/data/Dorn_Thesis_Appendix.pdf#page=8 ; https://data.mendeley.com/datasets/czbvhmzwm3/1,AUTHOR_PRIMARY_TAXONOMY_DOCUMENTATION; ORIGINAL_DATASET_DOCUMENTATION,VERIFIED,LABEL_CORRESPONDENCE_ONLY,"Wocke V1 DOI 10.17632/czbvhmzwm3.1 documents multi-source cross-referencing (DOT, 2010 SOC/OES, Frey-Osborne, Autor-Dorn, Caines). Canonical OCC1990DD taxonomy and local extraction lineage are NOT PROVEN. Historical code is reference evidence, not a source-assigned code or modern SOC mapping."
148,Statistical clerks,OCC1990DD,386,Statistical clerks,EXACT_LABEL,"Dorn (2009), Appendix Table 2, printed p. 127: OCC1990DD code 386 has the recorded title. Balanced 1980-2005 panel. Label correspondence does not establish Wocke inclusion boundaries.",https://www.ddorn.net/data/Dorn_Thesis_Appendix.pdf#page=8 ; https://data.mendeley.com/datasets/czbvhmzwm3/1,AUTHOR_PRIMARY_TAXONOMY_DOCUMENTATION; ORIGINAL_DATASET_DOCUMENTATION,VERIFIED,LABEL_CORRESPONDENCE_ONLY,"Wocke V1 DOI 10.17632/czbvhmzwm3.1 documents multi-source cross-referencing (DOT, 2010 SOC/OES, Frey-Osborne, Autor-Dorn, Caines). Canonical OCC1990DD taxonomy and local extraction lineage are NOT PROVEN. Historical code is reference evidence, not a source-assigned code or modern SOC mapping."
149,Teacher's aides,OCC1990DD,387,Teacher's aides,EXACT_LABEL,"Dorn (2009), Appendix Table 2, printed p. 127: OCC1990DD code 387 has the recorded title. Balanced 1980-2005 panel. Label correspondence does not establish Wocke inclusion boundaries.",https://www.ddorn.net/data/Dorn_Thesis_Appendix.pdf#page=8 ; https://data.mendeley.com/datasets/czbvhmzwm3/1,AUTHOR_PRIMARY_TAXONOMY_DOCUMENTATION; ORIGINAL_DATASET_DOCUMENTATION,VERIFIED,LABEL_CORRESPONDENCE_ONLY,"Wocke V1 DOI 10.17632/czbvhmzwm3.1 documents multi-source cross-referencing (DOT, 2010 SOC/OES, Frey-Osborne, Autor-Dorn, Caines). Canonical OCC1990DD taxonomy and local extraction lineage are NOT PROVEN. Historical code is reference evidence, not a source-assigned code or modern SOC mapping."
150,"Housekeepers, maids, butlers, and cleaners",OCC1990DD,405,"Housekeepers, maids, butlers, and cleaners",EXACT_LABEL,"Dorn (2009), Appendix Table 2, printed p. 128: OCC1990DD code 405 has the recorded title. Balanced 1980-2005 panel. Label correspondence does not establish Wocke inclusion boundaries.",https://www.ddorn.net/data/Dorn_Thesis_Appendix.pdf#page=9 ; https://data.mendeley.com/datasets/czbvhmzwm3/1,AUTHOR_PRIMARY_TAXONOMY_DOCUMENTATION; ORIGINAL_DATASET_DOCUMENTATION,VERIFIED,LABEL_CORRESPONDENCE_ONLY,"Wocke V1 DOI 10.17632/czbvhmzwm3.1 documents multi-source cross-referencing (DOT, 2010 SOC/OES, Frey-Osborne, Autor-Dorn, Caines). Canonical OCC1990DD taxonomy and local extraction lineage are NOT PROVEN. Historical code is reference evidence, not a source-assigned code or modern SOC mapping."
151,Laundry and dry cleaning workers,OCC1990DD,408,Laundry and dry cleaning workers,EXACT_LABEL,"Dorn (2009), Appendix Table 2, printed p. 128: OCC1990DD code 408 has the recorded title. Balanced 1980-2005 panel. Label correspondence does not establish Wocke inclusion boundaries.",https://www.ddorn.net/data/Dorn_Thesis_Appendix.pdf#page=9 ; https://data.mendeley.com/datasets/czbvhmzwm3/1,AUTHOR_PRIMARY_TAXONOMY_DOCUMENTATION; ORIGINAL_DATASET_DOCUMENTATION,VERIFIED,LABEL_CORRESPONDENCE_ONLY,"Wocke V1 DOI 10.17632/czbvhmzwm3.1 documents multi-source cross-referencing (DOT, 2010 SOC/OES, Frey-Osborne, Autor-Dorn, Caines). Canonical OCC1990DD taxonomy and local extraction lineage are NOT PROVEN. Historical code is reference evidence, not a source-assigned code or modern SOC mapping."
152,"Fire fighting, fire prevention, and fire inspection occs",OCC1990DD,417,"Fire fighting, fire prevention, and fire inspection occs",EXACT_LABEL,"Dorn (2009), Appendix Table 2, printed p. 128: OCC1990DD code 417 has the recorded title. Balanced 1980-2005 panel. Label correspondence does not establish Wocke inclusion boundaries.",https://www.ddorn.net/data/Dorn_Thesis_Appendix.pdf#page=9 ; https://data.mendeley.com/datasets/czbvhmzwm3/1,AUTHOR_PRIMARY_TAXONOMY_DOCUMENTATION; ORIGINAL_DATASET_DOCUMENTATION,VERIFIED,LABEL_CORRESPONDENCE_ONLY,"Wocke V1 DOI 10.17632/czbvhmzwm3.1 documents multi-source cross-referencing (DOT, 2010 SOC/OES, Frey-Osborne, Autor-Dorn, Caines). Canonical OCC1990DD taxonomy and local extraction lineage are NOT PROVEN. Historical code is reference evidence, not a source-assigned code or modern SOC mapping."
153,"Police and detectives, public service",OCC1990DD,418,"Police and detectives, public service",EXACT_LABEL,"Dorn (2009), Appendix Table 2, printed p. 128: OCC1990DD code 418 has the recorded title. Balanced 1980-2005 panel. Label correspondence does not establish Wocke inclusion boundaries.",https://www.ddorn.net/data/Dorn_Thesis_Appendix.pdf#page=9 ; https://data.mendeley.com/datasets/czbvhmzwm3/1,AUTHOR_PRIMARY_TAXONOMY_DOCUMENTATION; ORIGINAL_DATASET_DOCUMENTATION,VERIFIED,LABEL_CORRESPONDENCE_ONLY,"Wocke V1 DOI 10.17632/czbvhmzwm3.1 documents multi-source cross-referencing (DOT, 2010 SOC/OES, Frey-Osborne, Autor-Dorn, Caines). Canonical OCC1990DD taxonomy and local extraction lineage are NOT PROVEN. Historical code is reference evidence, not a source-assigned code or modern SOC mapping."
154,"Sheriffs, bailiffs, correctional institution officers",OCC1990DD,423,"Sheriffs, bailiffs, correctional institution officers",EXACT_LABEL,"Dorn (2009), Appendix Table 2, printed p. 128: OCC1990DD code 423 has the recorded title. Balanced 1980-2005 panel. Label correspondence does not establish Wocke inclusion boundaries.",https://www.ddorn.net/data/Dorn_Thesis_Appendix.pdf#page=9 ; https://data.mendeley.com/datasets/czbvhmzwm3/1,AUTHOR_PRIMARY_TAXONOMY_DOCUMENTATION; ORIGINAL_DATASET_DOCUMENTATION,VERIFIED,LABEL_CORRESPONDENCE_ONLY,"Wocke V1 DOI 10.17632/czbvhmzwm3.1 documents multi-source cross-referencing (DOT, 2010 SOC/OES, Frey-Osborne, Autor-Dorn, Caines). Canonical OCC1990DD taxonomy and local extraction lineage are NOT PROVEN. Historical code is reference evidence, not a source-assigned code or modern SOC mapping."
155,Crossing guards,OCC1990DD,425,Crossing guards,EXACT_LABEL,"Dorn (2009), Appendix Table 2, printed p. 128: OCC1990DD code 425 has the recorded title. Balanced 1980-2005 panel. Label correspondence does not establish Wocke inclusion boundaries.",https://www.ddorn.net/data/Dorn_Thesis_Appendix.pdf#page=9 ; https://data.mendeley.com/datasets/czbvhmzwm3/1,AUTHOR_PRIMARY_TAXONOMY_DOCUMENTATION; ORIGINAL_DATASET_DOCUMENTATION,VERIFIED,LABEL_CORRESPONDENCE_ONLY,"Wocke V1 DOI 10.17632/czbvhmzwm3.1 documents multi-source cross-referencing (DOT, 2010 SOC/OES, Frey-Osborne, Autor-Dorn, Caines). Canonical OCC1990DD taxonomy and local extraction lineage are NOT PROVEN. Historical code is reference evidence, not a source-assigned code or modern SOC mapping."
156,"Guards and police, except public service",OCC1990DD,426,"Guards and police, except public service",EXACT_LABEL,"Dorn (2009), Appendix Table 2, printed p. 128: OCC1990DD code 426 has the recorded title. Balanced 1980-2005 panel. Label correspondence does not establish Wocke inclusion boundaries.",https://www.ddorn.net/data/Dorn_Thesis_Appendix.pdf#page=9 ; https://data.mendeley.com/datasets/czbvhmzwm3/1,AUTHOR_PRIMARY_TAXONOMY_DOCUMENTATION; ORIGINAL_DATASET_DOCUMENTATION,VERIFIED,LABEL_CORRESPONDENCE_ONLY,"Wocke V1 DOI 10.17632/czbvhmzwm3.1 documents multi-source cross-referencing (DOT, 2010 SOC/OES, Frey-Osborne, Autor-Dorn, Caines). Canonical OCC1990DD taxonomy and local extraction lineage are NOT PROVEN. Historical code is reference evidence, not a source-assigned code or modern SOC mapping."
157,"Protective service, n.e.c.",OCC1990DD,427,"Protective service, n.e.c.",EXACT_LABEL,"Dorn (2009), Appendix Table 2, printed p. 128: OCC1990DD code 427 has the recorded title. Balanced 1980-2005 panel. Label correspondence does not establish Wocke inclusion boundaries. Residual category; precise exclusions and Wocke membership remain unresolved.",https://www.ddorn.net/data/Dorn_Thesis_Appendix.pdf#page=9 ; https://data.mendeley.com/datasets/czbvhmzwm3/1,AUTHOR_PRIMARY_TAXONOMY_DOCUMENTATION; ORIGINAL_DATASET_DOCUMENTATION,VERIFIED,LABEL_CORRESPONDENCE_ONLY,"Wocke V1 DOI 10.17632/czbvhmzwm3.1 documents multi-source cross-referencing (DOT, 2010 SOC/OES, Frey-Osborne, Autor-Dorn, Caines). Canonical OCC1990DD taxonomy and local extraction lineage are NOT PROVEN. Historical code is reference evidence, not a source-assigned code or modern SOC mapping."
158,Bartenders,OCC1990DD,434,Bartenders,EXACT_LABEL,"Dorn (2009), Appendix Table 2, printed p. 128: OCC1990DD code 434 has the recorded title. Balanced 1980-2005 panel. Label correspondence does not establish Wocke inclusion boundaries.",https://www.ddorn.net/data/Dorn_Thesis_Appendix.pdf#page=9 ; https://data.mendeley.com/datasets/czbvhmzwm3/1,AUTHOR_PRIMARY_TAXONOMY_DOCUMENTATION; ORIGINAL_DATASET_DOCUMENTATION,VERIFIED,LABEL_CORRESPONDENCE_ONLY,"Wocke V1 DOI 10.17632/czbvhmzwm3.1 documents multi-source cross-referencing (DOT, 2010 SOC/OES, Frey-Osborne, Autor-Dorn, Caines). Canonical OCC1990DD taxonomy and local extraction lineage are NOT PROVEN. Historical code is reference evidence, not a source-assigned code or modern SOC mapping."
159,Waiters and waitresses,OCC1990DD,435,Waiters and waitresses,EXACT_LABEL,"Dorn (2009), Appendix Table 2, printed p. 128: OCC1990DD code 435 has the recorded title. Balanced 1980-2005 panel. Label correspondence does not establish Wocke inclusion boundaries.",https://www.ddorn.net/data/Dorn_Thesis_Appendix.pdf#page=9 ; https://data.mendeley.com/datasets/czbvhmzwm3/1,AUTHOR_PRIMARY_TAXONOMY_DOCUMENTATION; ORIGINAL_DATASET_DOCUMENTATION,VERIFIED,LABEL_CORRESPONDENCE_ONLY,"Wocke V1 DOI 10.17632/czbvhmzwm3.1 documents multi-source cross-referencing (DOT, 2010 SOC/OES, Frey-Osborne, Autor-Dorn, Caines). Canonical OCC1990DD taxonomy and local extraction lineage are NOT PROVEN. Historical code is reference evidence, not a source-assigned code or modern SOC mapping."
160,Cooks,OCC1990DD,436,Cooks,EXACT_LABEL,"Dorn (2009), Appendix Table 2, printed p. 128: OCC1990DD code 436 has the recorded title. Balanced 1980-2005 panel. Label correspondence does not establish Wocke inclusion boundaries.",https://www.ddorn.net/data/Dorn_Thesis_Appendix.pdf#page=9 ; https://data.mendeley.com/datasets/czbvhmzwm3/1,AUTHOR_PRIMARY_TAXONOMY_DOCUMENTATION; ORIGINAL_DATASET_DOCUMENTATION,VERIFIED,LABEL_CORRESPONDENCE_ONLY,"Wocke V1 DOI 10.17632/czbvhmzwm3.1 documents multi-source cross-referencing (DOT, 2010 SOC/OES, Frey-Osborne, Autor-Dorn, Caines). Canonical OCC1990DD taxonomy and local extraction lineage are NOT PROVEN. Historical code is reference evidence, not a source-assigned code or modern SOC mapping."
161,Food preparation workers,OCC1990DD,439,Food preparation workers,EXACT_LABEL,"Dorn (2009), Appendix Table 2, printed p. 128: OCC1990DD code 439 has the recorded title. Balanced 1980-2005 panel. Label correspondence does not establish Wocke inclusion boundaries.",https://www.ddorn.net/data/Dorn_Thesis_Appendix.pdf#page=9 ; https://data.mendeley.com/datasets/czbvhmzwm3/1,AUTHOR_PRIMARY_TAXONOMY_DOCUMENTATION; ORIGINAL_DATASET_DOCUMENTATION,VERIFIED,LABEL_CORRESPONDENCE_ONLY,"Wocke V1 DOI 10.17632/czbvhmzwm3.1 documents multi-source cross-referencing (DOT, 2010 SOC/OES, Frey-Osborne, Autor-Dorn, Caines). Canonical OCC1990DD taxonomy and local extraction lineage are NOT PROVEN. Historical code is reference evidence, not a source-assigned code or modern SOC mapping."
162,Miscellanious food preparation and service workers,OCC1990DD,444,Miscellanious food preparation and service workers,EXACT_LABEL,"Dorn (2009), Appendix Table 2, printed p. 128: OCC1990DD code 444 has the recorded title. Balanced 1980-2005 panel. Label correspondence does not establish Wocke inclusion boundaries.",https://www.ddorn.net/data/Dorn_Thesis_Appendix.pdf#page=9 ; https://data.mendeley.com/datasets/czbvhmzwm3/1,AUTHOR_PRIMARY_TAXONOMY_DOCUMENTATION; ORIGINAL_DATASET_DOCUMENTATION,VERIFIED,LABEL_CORRESPONDENCE_ONLY,"Wocke V1 DOI 10.17632/czbvhmzwm3.1 documents multi-source cross-referencing (DOT, 2010 SOC/OES, Frey-Osborne, Autor-Dorn, Caines). Canonical OCC1990DD taxonomy and local extraction lineage are NOT PROVEN. Historical code is reference evidence, not a source-assigned code or modern SOC mapping."
163,Dental Assistants,OCC1990DD,445,Dental Assistants,EXACT_LABEL,"Dorn (2009), Appendix Table 2, printed p. 128: OCC1990DD code 445 has the recorded title. Balanced 1980-2005 panel. Label correspondence does not establish Wocke inclusion boundaries.",https://www.ddorn.net/data/Dorn_Thesis_Appendix.pdf#page=9 ; https://data.mendeley.com/datasets/czbvhmzwm3/1,AUTHOR_PRIMARY_TAXONOMY_DOCUMENTATION; ORIGINAL_DATASET_DOCUMENTATION,VERIFIED,LABEL_CORRESPONDENCE_ONLY,"Wocke V1 DOI 10.17632/czbvhmzwm3.1 documents multi-source cross-referencing (DOT, 2010 SOC/OES, Frey-Osborne, Autor-Dorn, Caines). Canonical OCC1990DD taxonomy and local extraction lineage are NOT PROVEN. Historical code is reference evidence, not a source-assigned code or modern SOC mapping."
164,Health and nursing aides,OCC1990DD,447,Health and nursing aides,EXACT_LABEL,"Dorn (2009), Appendix Table 2, printed p. 128: OCC1990DD code 447 has the recorded title. Balanced 1980-2005 panel. Label correspondence does not establish Wocke inclusion boundaries.",https://www.ddorn.net/data/Dorn_Thesis_Appendix.pdf#page=9 ; https://data.mendeley.com/datasets/czbvhmzwm3/1,AUTHOR_PRIMARY_TAXONOMY_DOCUMENTATION; ORIGINAL_DATASET_DOCUMENTATION,VERIFIED,LABEL_CORRESPONDENCE_ONLY,"Wocke V1 DOI 10.17632/czbvhmzwm3.1 documents multi-source cross-referencing (DOT, 2010 SOC/OES, Frey-Osborne, Autor-Dorn, Caines). Canonical OCC1990DD taxonomy and local extraction lineage are NOT PROVEN. Historical code is reference evidence, not a source-assigned code or modern SOC mapping."
165,Supervisors of cleaning and building service,OCC1990DD,448,Supervisors of cleaning and building service,EXACT_LABEL,"Dorn (2009), Appendix Table 2, printed p. 128: OCC1990DD code 448 has the recorded title. Balanced 1980-2005 panel. Label correspondence does not establish Wocke inclusion boundaries.",https://www.ddorn.net/data/Dorn_Thesis_Appendix.pdf#page=9 ; https://data.mendeley.com/datasets/czbvhmzwm3/1,AUTHOR_PRIMARY_TAXONOMY_DOCUMENTATION; ORIGINAL_DATASET_DOCUMENTATION,VERIFIED,LABEL_CORRESPONDENCE_ONLY,"Wocke V1 DOI 10.17632/czbvhmzwm3.1 documents multi-source cross-referencing (DOT, 2010 SOC/OES, Frey-Osborne, Autor-Dorn, Caines). Canonical OCC1990DD taxonomy and local extraction lineage are NOT PROVEN. Historical code is reference evidence, not a source-assigned code or modern SOC mapping."
166,"Superv. of landscaping, lawn service, groundskeeping",OCC1990DD,450,"Superv. of landscaping, lawn service, groundskeeping",EXACT_LABEL,"Dorn (2009), Appendix Table 2, printed p. 128: OCC1990DD code 450 has the recorded title. Balanced 1980-2005 panel. Label correspondence does not establish Wocke inclusion boundaries.",https://www.ddorn.net/data/Dorn_Thesis_Appendix.pdf#page=9 ; https://data.mendeley.com/datasets/czbvhmzwm3/1,AUTHOR_PRIMARY_TAXONOMY_DOCUMENTATION; ORIGINAL_DATASET_DOCUMENTATION,VERIFIED,LABEL_CORRESPONDENCE_ONLY,"Wocke V1 DOI 10.17632/czbvhmzwm3.1 documents multi-source cross-referencing (DOT, 2010 SOC/OES, Frey-Osborne, Autor-Dorn, Caines). Canonical OCC1990DD taxonomy and local extraction lineage are NOT PROVEN. Historical code is reference evidence, not a source-assigned code or modern SOC mapping."
167,Gardeners and groundskeepers,OCC1990DD,451,Gardeners and groundskeepers,EXACT_LABEL,"Dorn (2009), Appendix Table 2, printed p. 128: OCC1990DD code 451 has the recorded title. Balanced 1980-2005 panel. Label correspondence does not establish Wocke inclusion boundaries.",https://www.ddorn.net/data/Dorn_Thesis_Appendix.pdf#page=9 ; https://data.mendeley.com/datasets/czbvhmzwm3/1,AUTHOR_PRIMARY_TAXONOMY_DOCUMENTATION; ORIGINAL_DATASET_DOCUMENTATION,VERIFIED,LABEL_CORRESPONDENCE_ONLY,"Wocke V1 DOI 10.17632/czbvhmzwm3.1 documents multi-source cross-referencing (DOT, 2010 SOC/OES, Frey-Osborne, Autor-Dorn, Caines). Canonical OCC1990DD taxonomy and local extraction lineage are NOT PROVEN. Historical code is reference evidence, not a source-assigned code or modern SOC mapping."
168,Janitors,OCC1990DD,453,Janitors,EXACT_LABEL,"Dorn (2009), Appendix Table 2, printed p. 128: OCC1990DD code 453 has the recorded title. Balanced 1980-2005 panel. Label correspondence does not establish Wocke inclusion boundaries.",https://www.ddorn.net/data/Dorn_Thesis_Appendix.pdf#page=9 ; https://data.mendeley.com/datasets/czbvhmzwm3/1,AUTHOR_PRIMARY_TAXONOMY_DOCUMENTATION; ORIGINAL_DATASET_DOCUMENTATION,VERIFIED,LABEL_CORRESPONDENCE_ONLY,"Wocke V1 DOI 10.17632/czbvhmzwm3.1 documents multi-source cross-referencing (DOT, 2010 SOC/OES, Frey-Osborne, Autor-Dorn, Caines). Canonical OCC1990DD taxonomy and local extraction lineage are NOT PROVEN. Historical code is reference evidence, not a source-assigned code or modern SOC mapping."
169,Pest control occupations,OCC1990DD,455,Pest control occupations,EXACT_LABEL,"Dorn (2009), Appendix Table 2, printed p. 128: OCC1990DD code 455 has the recorded title. Balanced 1980-2005 panel. Label correspondence does not establish Wocke inclusion boundaries.",https://www.ddorn.net/data/Dorn_Thesis_Appendix.pdf#page=9 ; https://data.mendeley.com/datasets/czbvhmzwm3/1,AUTHOR_PRIMARY_TAXONOMY_DOCUMENTATION; ORIGINAL_DATASET_DOCUMENTATION,VERIFIED,LABEL_CORRESPONDENCE_ONLY,"Wocke V1 DOI 10.17632/czbvhmzwm3.1 documents multi-source cross-referencing (DOT, 2010 SOC/OES, Frey-Osborne, Autor-Dorn, Caines). Canonical OCC1990DD taxonomy and local extraction lineage are NOT PROVEN. Historical code is reference evidence, not a source-assigned code or modern SOC mapping."
170,Barbers,OCC1990DD,457,Barbers,EXACT_LABEL,"Dorn (2009), Appendix Table 2, printed p. 128: OCC1990DD code 457 has the recorded title. Balanced 1980-2005 panel. Label correspondence does not establish Wocke inclusion boundaries.",https://www.ddorn.net/data/Dorn_Thesis_Appendix.pdf#page=9 ; https://data.mendeley.com/datasets/czbvhmzwm3/1,AUTHOR_PRIMARY_TAXONOMY_DOCUMENTATION; ORIGINAL_DATASET_DOCUMENTATION,VERIFIED,LABEL_CORRESPONDENCE_ONLY,"Wocke V1 DOI 10.17632/czbvhmzwm3.1 documents multi-source cross-referencing (DOT, 2010 SOC/OES, Frey-Osborne, Autor-Dorn, Caines). Canonical OCC1990DD taxonomy and local extraction lineage are NOT PROVEN. Historical code is reference evidence, not a source-assigned code or modern SOC mapping."
171,Hairdressers and cosmetologists,OCC1990DD,458,Hairdressers and cosmetologists,EXACT_LABEL,"Dorn (2009), Appendix Table 2, printed p. 128: OCC1990DD code 458 has the recorded title. Balanced 1980-2005 panel. Label correspondence does not establish Wocke inclusion boundaries.",https://www.ddorn.net/data/Dorn_Thesis_Appendix.pdf#page=9 ; https://data.mendeley.com/datasets/czbvhmzwm3/1,AUTHOR_PRIMARY_TAXONOMY_DOCUMENTATION; ORIGINAL_DATASET_DOCUMENTATION,VERIFIED,LABEL_CORRESPONDENCE_ONLY,"Wocke V1 DOI 10.17632/czbvhmzwm3.1 documents multi-source cross-referencing (DOT, 2010 SOC/OES, Frey-Osborne, Autor-Dorn, Caines). Canonical OCC1990DD taxonomy and local extraction lineage are NOT PROVEN. Historical code is reference evidence, not a source-assigned code or modern SOC mapping."
172,Recreation facility attendants,OCC1990DD,459,Recreation facility attendants,EXACT_LABEL,"Dorn (2009), Appendix Table 2, printed p. 128: OCC1990DD code 459 has the recorded title. Balanced 1980-2005 panel. Label correspondence does not establish Wocke inclusion boundaries.",https://www.ddorn.net/data/Dorn_Thesis_Appendix.pdf#page=9 ; https://data.mendeley.com/datasets/czbvhmzwm3/1,AUTHOR_PRIMARY_TAXONOMY_DOCUMENTATION; ORIGINAL_DATASET_DOCUMENTATION,VERIFIED,LABEL_CORRESPONDENCE_ONLY,"Wocke V1 DOI 10.17632/czbvhmzwm3.1 documents multi-source cross-referencing (DOT, 2010 SOC/OES, Frey-Osborne, Autor-Dorn, Caines). Canonical OCC1990DD taxonomy and local extraction lineage are NOT PROVEN. Historical code is reference evidence, not a source-assigned code or modern SOC mapping."
173,Guides,OCC1990DD,461,Guides,EXACT_LABEL,"Dorn (2009), Appendix Table 2, printed p. 128: OCC1990DD code 461 has the recorded title. Balanced 1980-2005 panel. Label correspondence does not establish Wocke inclusion boundaries.",https://www.ddorn.net/data/Dorn_Thesis_Appendix.pdf#page=9 ; https://data.mendeley.com/datasets/czbvhmzwm3/1,AUTHOR_PRIMARY_TAXONOMY_DOCUMENTATION; ORIGINAL_DATASET_DOCUMENTATION,VERIFIED,LABEL_CORRESPONDENCE_ONLY,"Wocke V1 DOI 10.17632/czbvhmzwm3.1 documents multi-source cross-referencing (DOT, 2010 SOC/OES, Frey-Osborne, Autor-Dorn, Caines). Canonical OCC1990DD taxonomy and local extraction lineage are NOT PROVEN. Historical code is reference evidence, not a source-assigned code or modern SOC mapping."
174,Ushers,OCC1990DD,462,Ushers,EXACT_LABEL,"Dorn (2009), Appendix Table 2, printed p. 128: OCC1990DD code 462 has the recorded title. Balanced 1980-2005 panel. Label correspondence does not establish Wocke inclusion boundaries.",https://www.ddorn.net/data/Dorn_Thesis_Appendix.pdf#page=9 ; https://data.mendeley.com/datasets/czbvhmzwm3/1,AUTHOR_PRIMARY_TAXONOMY_DOCUMENTATION; ORIGINAL_DATASET_DOCUMENTATION,VERIFIED,LABEL_CORRESPONDENCE_ONLY,"Wocke V1 DOI 10.17632/czbvhmzwm3.1 documents multi-source cross-referencing (DOT, 2010 SOC/OES, Frey-Osborne, Autor-Dorn, Caines). Canonical OCC1990DD taxonomy and local extraction lineage are NOT PROVEN. Historical code is reference evidence, not a source-assigned code or modern SOC mapping."
175,"Baggage porters, bellhops and concierges",OCC1990DD,464,"Baggage porters, bellhops and concierges",EXACT_LABEL,"Dorn (2009), Appendix Table 2, printed p. 128: OCC1990DD code 464 has the recorded title. Balanced 1980-2005 panel. Label correspondence does not establish Wocke inclusion boundaries.",https://www.ddorn.net/data/Dorn_Thesis_Appendix.pdf#page=9 ; https://data.mendeley.com/datasets/czbvhmzwm3/1,AUTHOR_PRIMARY_TAXONOMY_DOCUMENTATION; ORIGINAL_DATASET_DOCUMENTATION,VERIFIED,LABEL_CORRESPONDENCE_ONLY,"Wocke V1 DOI 10.17632/czbvhmzwm3.1 documents multi-source cross-referencing (DOT, 2010 SOC/OES, Frey-Osborne, Autor-Dorn, Caines). Canonical OCC1990DD taxonomy and local extraction lineage are NOT PROVEN. Historical code is reference evidence, not a source-assigned code or modern SOC mapping."
176,Recreation and fitness workers,OCC1990DD,466,Recreation and fitness workers,EXACT_LABEL,"Dorn (2009), Appendix Table 2, printed p. 128: OCC1990DD code 466 has the recorded title. Balanced 1980-2005 panel. Label correspondence does not establish Wocke inclusion boundaries.",https://www.ddorn.net/data/Dorn_Thesis_Appendix.pdf#page=9 ; https://data.mendeley.com/datasets/czbvhmzwm3/1,AUTHOR_PRIMARY_TAXONOMY_DOCUMENTATION; ORIGINAL_DATASET_DOCUMENTATION,VERIFIED,LABEL_CORRESPONDENCE_ONLY,"Wocke V1 DOI 10.17632/czbvhmzwm3.1 documents multi-source cross-referencing (DOT, 2010 SOC/OES, Frey-Osborne, Autor-Dorn, Caines). Canonical OCC1990DD taxonomy and local extraction lineage are NOT PROVEN. Historical code is reference evidence, not a source-assigned code or modern SOC mapping."
177,Motion picture projectionists,OCC1990DD,467,Motion picture projectionists,EXACT_LABEL,"Dorn (2009), Appendix Table 2, printed p. 128: OCC1990DD code 467 has the recorded title. Balanced 1980-2005 panel. Label correspondence does not establish Wocke inclusion boundaries.",https://www.ddorn.net/data/Dorn_Thesis_Appendix.pdf#page=9 ; https://data.mendeley.com/datasets/czbvhmzwm3/1,AUTHOR_PRIMARY_TAXONOMY_DOCUMENTATION; ORIGINAL_DATASET_DOCUMENTATION,VERIFIED,LABEL_CORRESPONDENCE_ONLY,"Wocke V1 DOI 10.17632/czbvhmzwm3.1 documents multi-source cross-referencing (DOT, 2010 SOC/OES, Frey-Osborne, Autor-Dorn, Caines). Canonical OCC1990DD taxonomy and local extraction lineage are NOT PROVEN. Historical code is reference evidence, not a source-assigned code or modern SOC mapping."
178,Child care workers,OCC1990DD,468,Child care workers,EXACT_LABEL,"Dorn (2009), Appendix Table 2, printed p. 129: OCC1990DD code 468 has the recorded title. Balanced 1980-2005 panel. Label correspondence does not establish Wocke inclusion boundaries.",https://www.ddorn.net/data/Dorn_Thesis_Appendix.pdf#page=10 ; https://data.mendeley.com/datasets/czbvhmzwm3/1,AUTHOR_PRIMARY_TAXONOMY_DOCUMENTATION; ORIGINAL_DATASET_DOCUMENTATION,VERIFIED,LABEL_CORRESPONDENCE_ONLY,"Wocke V1 DOI 10.17632/czbvhmzwm3.1 documents multi-source cross-referencing (DOT, 2010 SOC/OES, Frey-Osborne, Autor-Dorn, Caines). Canonical OCC1990DD taxonomy and local extraction lineage are NOT PROVEN. Historical code is reference evidence, not a source-assigned code or modern SOC mapping."
179,"Supervisors of personal service jobs, n.e.c",OCC1990DD,470,"Supervisors of personal service jobs, n.e.c",EXACT_LABEL,"Dorn (2009), Appendix Table 2, printed p. 129: OCC1990DD code 470 has the recorded title. Balanced 1980-2005 panel. Label correspondence does not establish Wocke inclusion boundaries. Residual category; precise exclusions and Wocke membership remain unresolved.",https://www.ddorn.net/data/Dorn_Thesis_Appendix.pdf#page=10 ; https://data.mendeley.com/datasets/czbvhmzwm3/1,AUTHOR_PRIMARY_TAXONOMY_DOCUMENTATION; ORIGINAL_DATASET_DOCUMENTATION,VERIFIED,LABEL_CORRESPONDENCE_ONLY,"Wocke V1 DOI 10.17632/czbvhmzwm3.1 documents multi-source cross-referencing (DOT, 2010 SOC/OES, Frey-Osborne, Autor-Dorn, Caines). Canonical OCC1990DD taxonomy and local extraction lineage are NOT PROVEN. Historical code is reference evidence, not a source-assigned code or modern SOC mapping."
180,Public transportation attendants and inspectors,OCC1990DD,471,Public transportation attendants and inspectors,EXACT_LABEL,"Dorn (2009), Appendix Table 2, printed p. 129: OCC1990DD code 471 has the recorded title. Balanced 1980-2005 panel. Label correspondence does not establish Wocke inclusion boundaries.",https://www.ddorn.net/data/Dorn_Thesis_Appendix.pdf#page=10 ; https://data.mendeley.com/datasets/czbvhmzwm3/1,AUTHOR_PRIMARY_TAXONOMY_DOCUMENTATION; ORIGINAL_DATASET_DOCUMENTATION,VERIFIED,LABEL_CORRESPONDENCE_ONLY,"Wocke V1 DOI 10.17632/czbvhmzwm3.1 documents multi-source cross-referencing (DOT, 2010 SOC/OES, Frey-Osborne, Autor-Dorn, Caines). Canonical OCC1990DD taxonomy and local extraction lineage are NOT PROVEN. Historical code is reference evidence, not a source-assigned code or modern SOC mapping."
181,"Animal caretakers, except farm",OCC1990DD,472,"Animal caretakers, except farm",EXACT_LABEL,"Dorn (2009), Appendix Table 2, printed p. 129: OCC1990DD code 472 has the recorded title. Balanced 1980-2005 panel. Label correspondence does not establish Wocke inclusion boundaries.",https://www.ddorn.net/data/Dorn_Thesis_Appendix.pdf#page=10 ; https://data.mendeley.com/datasets/czbvhmzwm3/1,AUTHOR_PRIMARY_TAXONOMY_DOCUMENTATION; ORIGINAL_DATASET_DOCUMENTATION,VERIFIED,LABEL_CORRESPONDENCE_ONLY,"Wocke V1 DOI 10.17632/czbvhmzwm3.1 documents multi-source cross-referencing (DOT, 2010 SOC/OES, Frey-Osborne, Autor-Dorn, Caines). Canonical OCC1990DD taxonomy and local extraction lineage are NOT PROVEN. Historical code is reference evidence, not a source-assigned code or modern SOC mapping."
182,Supervisors of mechanics and repairers,OCC1990DD,503,Supervisors of mechanics and repairers,EXACT_LABEL,"Dorn (2009), Appendix Table 2, printed p. 129: OCC1990DD code 503 has the recorded title. Balanced 1980-2005 panel. Label correspondence does not establish Wocke inclusion boundaries.",https://www.ddorn.net/data/Dorn_Thesis_Appendix.pdf#page=10 ; https://data.mendeley.com/datasets/czbvhmzwm3/1,AUTHOR_PRIMARY_TAXONOMY_DOCUMENTATION; ORIGINAL_DATASET_DOCUMENTATION,VERIFIED,LABEL_CORRESPONDENCE_ONLY,"Wocke V1 DOI 10.17632/czbvhmzwm3.1 documents multi-source cross-referencing (DOT, 2010 SOC/OES, Frey-Osborne, Autor-Dorn, Caines). Canonical OCC1990DD taxonomy and local extraction lineage are NOT PROVEN. Historical code is reference evidence, not a source-assigned code or modern SOC mapping."
183,Automobile mechanics and repairers,OCC1990DD,505,Automobile mechanics and repairers,EXACT_LABEL,"Dorn (2009), Appendix Table 2, printed p. 129: OCC1990DD code 505 has the recorded title. Balanced 1980-2005 panel. Label correspondence does not establish Wocke inclusion boundaries.",https://www.ddorn.net/data/Dorn_Thesis_Appendix.pdf#page=10 ; https://data.mendeley.com/datasets/czbvhmzwm3/1,AUTHOR_PRIMARY_TAXONOMY_DOCUMENTATION; ORIGINAL_DATASET_DOCUMENTATION,VERIFIED,LABEL_CORRESPONDENCE_ONLY,"Wocke V1 DOI 10.17632/czbvhmzwm3.1 documents multi-source cross-referencing (DOT, 2010 SOC/OES, Frey-Osborne, Autor-Dorn, Caines). Canonical OCC1990DD taxonomy and local extraction lineage are NOT PROVEN. Historical code is reference evidence, not a source-assigned code or modern SOC mapping."
184,"Bus, truck, and stationary engine mechanics",OCC1990DD,507,"Bus, truck, and stationary engine mechanics",EXACT_LABEL,"Dorn (2009), Appendix Table 2, printed p. 129: OCC1990DD code 507 has the recorded title. Balanced 1980-2005 panel. Label correspondence does not establish Wocke inclusion boundaries.",https://www.ddorn.net/data/Dorn_Thesis_Appendix.pdf#page=10 ; https://data.mendeley.com/datasets/czbvhmzwm3/1,AUTHOR_PRIMARY_TAXONOMY_DOCUMENTATION; ORIGINAL_DATASET_DOCUMENTATION,VERIFIED,LABEL_CORRESPONDENCE_ONLY,"Wocke V1 DOI 10.17632/czbvhmzwm3.1 documents multi-source cross-referencing (DOT, 2010 SOC/OES, Frey-Osborne, Autor-Dorn, Caines). Canonical OCC1990DD taxonomy and local extraction lineage are NOT PROVEN. Historical code is reference evidence, not a source-assigned code or modern SOC mapping."
185,Aircraft mechanics,OCC1990DD,508,Aircraft mechanics,EXACT_LABEL,"Dorn (2009), Appendix Table 2, printed p. 129: OCC1990DD code 508 has the recorded title. Balanced 1980-2005 panel. Label correspondence does not establish Wocke inclusion boundaries.",https://www.ddorn.net/data/Dorn_Thesis_Appendix.pdf#page=10 ; https://data.mendeley.com/datasets/czbvhmzwm3/1,AUTHOR_PRIMARY_TAXONOMY_DOCUMENTATION; ORIGINAL_DATASET_DOCUMENTATION,VERIFIED,LABEL_CORRESPONDENCE_ONLY,"Wocke V1 DOI 10.17632/czbvhmzwm3.1 documents multi-source cross-referencing (DOT, 2010 SOC/OES, Frey-Osborne, Autor-Dorn, Caines). Canonical OCC1990DD taxonomy and local extraction lineage are NOT PROVEN. Historical code is reference evidence, not a source-assigned code or modern SOC mapping."
186,Small engine repairers,OCC1990DD,509,Small engine repairers,EXACT_LABEL,"Dorn (2009), Appendix Table 2, printed p. 129: OCC1990DD code 509 has the recorded title. Balanced 1980-2005 panel. Label correspondence does not establish Wocke inclusion boundaries.",https://www.ddorn.net/data/Dorn_Thesis_Appendix.pdf#page=10 ; https://data.mendeley.com/datasets/czbvhmzwm3/1,AUTHOR_PRIMARY_TAXONOMY_DOCUMENTATION; ORIGINAL_DATASET_DOCUMENTATION,VERIFIED,LABEL_CORRESPONDENCE_ONLY,"Wocke V1 DOI 10.17632/czbvhmzwm3.1 documents multi-source cross-referencing (DOT, 2010 SOC/OES, Frey-Osborne, Autor-Dorn, Caines). Canonical OCC1990DD taxonomy and local extraction lineage are NOT PROVEN. Historical code is reference evidence, not a source-assigned code or modern SOC mapping."
187,Auto body repairers,OCC1990DD,514,Auto body repairers,EXACT_LABEL,"Dorn (2009), Appendix Table 2, printed p. 129: OCC1990DD code 514 has the recorded title. Balanced 1980-2005 panel. Label correspondence does not establish Wocke inclusion boundaries.",https://www.ddorn.net/data/Dorn_Thesis_Appendix.pdf#page=10 ; https://data.mendeley.com/datasets/czbvhmzwm3/1,AUTHOR_PRIMARY_TAXONOMY_DOCUMENTATION; ORIGINAL_DATASET_DOCUMENTATION,VERIFIED,LABEL_CORRESPONDENCE_ONLY,"Wocke V1 DOI 10.17632/czbvhmzwm3.1 documents multi-source cross-referencing (DOT, 2010 SOC/OES, Frey-Osborne, Autor-Dorn, Caines). Canonical OCC1990DD taxonomy and local extraction lineage are NOT PROVEN. Historical code is reference evidence, not a source-assigned code or modern SOC mapping."
188,Heavy equipement and farm equipment mechanics,OCC1990DD,516,Heavy equipement and farm equipment mechanics,EXACT_LABEL,"Dorn (2009), Appendix Table 2, printed p. 129: OCC1990DD code 516 has the recorded title. Balanced 1980-2005 panel. Label correspondence does not establish Wocke inclusion boundaries.",https://www.ddorn.net/data/Dorn_Thesis_Appendix.pdf#page=10 ; https://data.mendeley.com/datasets/czbvhmzwm3/1,AUTHOR_PRIMARY_TAXONOMY_DOCUMENTATION; ORIGINAL_DATASET_DOCUMENTATION,VERIFIED,LABEL_CORRESPONDENCE_ONLY,"Wocke V1 DOI 10.17632/czbvhmzwm3.1 documents multi-source cross-referencing (DOT, 2010 SOC/OES, Frey-Osborne, Autor-Dorn, Caines). Canonical OCC1990DD taxonomy and local extraction lineage are NOT PROVEN. Historical code is reference evidence, not a source-assigned code or modern SOC mapping."
189,Industrial machinery repairers,OCC1990DD,518,Industrial machinery repairers,EXACT_LABEL,"Dorn (2009), Appendix Table 2, printed p. 129: OCC1990DD code 518 has the recorded title. Balanced 1980-2005 panel. Label correspondence does not establish Wocke inclusion boundaries.",https://www.ddorn.net/data/Dorn_Thesis_Appendix.pdf#page=10 ; https://data.mendeley.com/datasets/czbvhmzwm3/1,AUTHOR_PRIMARY_TAXONOMY_DOCUMENTATION; ORIGINAL_DATASET_DOCUMENTATION,VERIFIED,LABEL_CORRESPONDENCE_ONLY,"Wocke V1 DOI 10.17632/czbvhmzwm3.1 documents multi-source cross-referencing (DOT, 2010 SOC/OES, Frey-Osborne, Autor-Dorn, Caines). Canonical OCC1990DD taxonomy and local extraction lineage are NOT PROVEN. Historical code is reference evidence, not a source-assigned code or modern SOC mapping."
190,Machinery maintenance occupations,OCC1990DD,519,Machinery maintenance occupations,EXACT_LABEL,"Dorn (2009), Appendix Table 2, printed p. 129: OCC1990DD code 519 has the recorded title. Balanced 1980-2005 panel. Label correspondence does not establish Wocke inclusion boundaries.",https://www.ddorn.net/data/Dorn_Thesis_Appendix.pdf#page=10 ; https://data.mendeley.com/datasets/czbvhmzwm3/1,AUTHOR_PRIMARY_TAXONOMY_DOCUMENTATION; ORIGINAL_DATASET_DOCUMENTATION,VERIFIED,LABEL_CORRESPONDENCE_ONLY,"Wocke V1 DOI 10.17632/czbvhmzwm3.1 documents multi-source cross-referencing (DOT, 2010 SOC/OES, Frey-Osborne, Autor-Dorn, Caines). Canonical OCC1990DD taxonomy and local extraction lineage are NOT PROVEN. Historical code is reference evidence, not a source-assigned code or modern SOC mapping."
191,Repairers of industrial electrical equipment,OCC1990DD,523,Repairers of industrial electrical equipment,EXACT_LABEL,"Dorn (2009), Appendix Table 2, printed p. 129: OCC1990DD code 523 has the recorded title. Balanced 1980-2005 panel. Label correspondence does not establish Wocke inclusion boundaries.",https://www.ddorn.net/data/Dorn_Thesis_Appendix.pdf#page=10 ; https://data.mendeley.com/datasets/czbvhmzwm3/1,AUTHOR_PRIMARY_TAXONOMY_DOCUMENTATION; ORIGINAL_DATASET_DOCUMENTATION,VERIFIED,LABEL_CORRESPONDENCE_ONLY,"Wocke V1 DOI 10.17632/czbvhmzwm3.1 documents multi-source cross-referencing (DOT, 2010 SOC/OES, Frey-Osborne, Autor-Dorn, Caines). Canonical OCC1990DD taxonomy and local extraction lineage are NOT PROVEN. Historical code is reference evidence, not a source-assigned code or modern SOC mapping."
192,Repairers of data processing equipment,OCC1990DD,525,Repairers of data processing equipment,EXACT_LABEL,"Dorn (2009), Appendix Table 2, printed p. 129: OCC1990DD code 525 has the recorded title. Balanced 1980-2005 panel. Label correspondence does not establish Wocke inclusion boundaries.",https://www.ddorn.net/data/Dorn_Thesis_Appendix.pdf#page=10 ; https://data.mendeley.com/datasets/czbvhmzwm3/1,AUTHOR_PRIMARY_TAXONOMY_DOCUMENTATION; ORIGINAL_DATASET_DOCUMENTATION,VERIFIED,LABEL_CORRESPONDENCE_ONLY,"Wocke V1 DOI 10.17632/czbvhmzwm3.1 documents multi-source cross-referencing (DOT, 2010 SOC/OES, Frey-Osborne, Autor-Dorn, Caines). Canonical OCC1990DD taxonomy and local extraction lineage are NOT PROVEN. Historical code is reference evidence, not a source-assigned code or modern SOC mapping."
193,Repairers of household appliances and power tools,OCC1990DD,526,Repairers of household appliances and power tools,EXACT_LABEL,"Dorn (2009), Appendix Table 2, printed p. 129: OCC1990DD code 526 has the recorded title. Balanced 1980-2005 panel. Label correspondence does not establish Wocke inclusion boundaries.",https://www.ddorn.net/data/Dorn_Thesis_Appendix.pdf#page=10 ; https://data.mendeley.com/datasets/czbvhmzwm3/1,AUTHOR_PRIMARY_TAXONOMY_DOCUMENTATION; ORIGINAL_DATASET_DOCUMENTATION,VERIFIED,LABEL_CORRESPONDENCE_ONLY,"Wocke V1 DOI 10.17632/czbvhmzwm3.1 documents multi-source cross-referencing (DOT, 2010 SOC/OES, Frey-Osborne, Autor-Dorn, Caines). Canonical OCC1990DD taxonomy and local extraction lineage are NOT PROVEN. Historical code is reference evidence, not a source-assigned code or modern SOC mapping."
194,Telecom and line installers and repairers,OCC1990DD,527,Telecom and line installers and repairers,EXACT_LABEL,"Dorn (2009), Appendix Table 2, printed p. 129: OCC1990DD code 527 has the recorded title. Balanced 1980-2005 panel. Label correspondence does not establish Wocke inclusion boundaries.",https://www.ddorn.net/data/Dorn_Thesis_Appendix.pdf#page=10 ; https://data.mendeley.com/datasets/czbvhmzwm3/1,AUTHOR_PRIMARY_TAXONOMY_DOCUMENTATION; ORIGINAL_DATASET_DOCUMENTATION,VERIFIED,LABEL_CORRESPONDENCE_ONLY,"Wocke V1 DOI 10.17632/czbvhmzwm3.1 documents multi-source cross-referencing (DOT, 2010 SOC/OES, Frey-Osborne, Autor-Dorn, Caines). Canonical OCC1990DD taxonomy and local extraction lineage are NOT PROVEN. Historical code is reference evidence, not a source-assigned code or modern SOC mapping."
195,"Repairers of electrical equipment, n.e.c.",OCC1990DD,533,"Repairers of electrical equipment, n.e.c.",EXACT_LABEL,"Dorn (2009), Appendix Table 2, printed p. 129: OCC1990DD code 533 has the recorded title. Balanced 1980-2005 panel. Label correspondence does not establish Wocke inclusion boundaries. Residual category; precise exclusions and Wocke membership remain unresolved.",https://www.ddorn.net/data/Dorn_Thesis_Appendix.pdf#page=10 ; https://data.mendeley.com/datasets/czbvhmzwm3/1,AUTHOR_PRIMARY_TAXONOMY_DOCUMENTATION; ORIGINAL_DATASET_DOCUMENTATION,VERIFIED,LABEL_CORRESPONDENCE_ONLY,"Wocke V1 DOI 10.17632/czbvhmzwm3.1 documents multi-source cross-referencing (DOT, 2010 SOC/OES, Frey-Osborne, Autor-Dorn, Caines). Canonical OCC1990DD taxonomy and local extraction lineage are NOT PROVEN. Historical code is reference evidence, not a source-assigned code or modern SOC mapping."
196,"Heating, air conditioning, and refrigeration mechanics",OCC1990DD,534,"Heating, air conditioning, and refrigeration mechanics",EXACT_LABEL,"Dorn (2009), Appendix Table 2, printed p. 129: OCC1990DD code 534 has the recorded title. Balanced 1980-2005 panel. Label correspondence does not establish Wocke inclusion boundaries.",https://www.ddorn.net/data/Dorn_Thesis_Appendix.pdf#page=10 ; https://data.mendeley.com/datasets/czbvhmzwm3/1,AUTHOR_PRIMARY_TAXONOMY_DOCUMENTATION; ORIGINAL_DATASET_DOCUMENTATION,VERIFIED,LABEL_CORRESPONDENCE_ONLY,"Wocke V1 DOI 10.17632/czbvhmzwm3.1 documents multi-source cross-referencing (DOT, 2010 SOC/OES, Frey-Osborne, Autor-Dorn, Caines). Canonical OCC1990DD taxonomy and local extraction lineage are NOT PROVEN. Historical code is reference evidence, not a source-assigned code or modern SOC mapping."
197,"Precision makers, repairers, and smiths",OCC1990DD,535,"Precision makers, repairers, and smiths",EXACT_LABEL,"Dorn (2009), Appendix Table 2, printed p. 129: OCC1990DD code 535 has the recorded title. Balanced 1980-2005 panel. Label correspondence does not establish Wocke inclusion boundaries.",https://www.ddorn.net/data/Dorn_Thesis_Appendix.pdf#page=10 ; https://data.mendeley.com/datasets/czbvhmzwm3/1,AUTHOR_PRIMARY_TAXONOMY_DOCUMENTATION; ORIGINAL_DATASET_DOCUMENTATION,VERIFIED,LABEL_CORRESPONDENCE_ONLY,"Wocke V1 DOI 10.17632/czbvhmzwm3.1 documents multi-source cross-referencing (DOT, 2010 SOC/OES, Frey-Osborne, Autor-Dorn, Caines). Canonical OCC1990DD taxonomy and local extraction lineage are NOT PROVEN. Historical code is reference evidence, not a source-assigned code or modern SOC mapping."
198,Locksmiths and safe repairers,OCC1990DD,536,Locksmiths and safe repairers,EXACT_LABEL,"Dorn (2009), Appendix Table 2, printed p. 129: OCC1990DD code 536 has the recorded title. Balanced 1980-2005 panel. Label correspondence does not establish Wocke inclusion boundaries.",https://www.ddorn.net/data/Dorn_Thesis_Appendix.pdf#page=10 ; https://data.mendeley.com/datasets/czbvhmzwm3/1,AUTHOR_PRIMARY_TAXONOMY_DOCUMENTATION; ORIGINAL_DATASET_DOCUMENTATION,VERIFIED,LABEL_CORRESPONDENCE_ONLY,"Wocke V1 DOI 10.17632/czbvhmzwm3.1 documents multi-source cross-referencing (DOT, 2010 SOC/OES, Frey-Osborne, Autor-Dorn, Caines). Canonical OCC1990DD taxonomy and local extraction lineage are NOT PROVEN. Historical code is reference evidence, not a source-assigned code or modern SOC mapping."
199,Repairers of mechanical controls and valves,OCC1990DD,539,Repairers of mechanical controls and valves,EXACT_LABEL,"Dorn (2009), Appendix Table 2, printed p. 129: OCC1990DD code 539 has the recorded title. Balanced 1980-2005 panel. Label correspondence does not establish Wocke inclusion boundaries.",https://www.ddorn.net/data/Dorn_Thesis_Appendix.pdf#page=10 ; https://data.mendeley.com/datasets/czbvhmzwm3/1,AUTHOR_PRIMARY_TAXONOMY_DOCUMENTATION; ORIGINAL_DATASET_DOCUMENTATION,VERIFIED,LABEL_CORRESPONDENCE_ONLY,"Wocke V1 DOI 10.17632/czbvhmzwm3.1 documents multi-source cross-referencing (DOT, 2010 SOC/OES, Frey-Osborne, Autor-Dorn, Caines). Canonical OCC1990DD taxonomy and local extraction lineage are NOT PROVEN. Historical code is reference evidence, not a source-assigned code or modern SOC mapping."
200,Elevator installers and repairers,OCC1990DD,543,Elevator installers and repairers,EXACT_LABEL,"Dorn (2009), Appendix Table 2, printed p. 129: OCC1990DD code 543 has the recorded title. Balanced 1980-2005 panel. Label correspondence does not establish Wocke inclusion boundaries.",https://www.ddorn.net/data/Dorn_Thesis_Appendix.pdf#page=10 ; https://data.mendeley.com/datasets/czbvhmzwm3/1,AUTHOR_PRIMARY_TAXONOMY_DOCUMENTATION; ORIGINAL_DATASET_DOCUMENTATION,VERIFIED,LABEL_CORRESPONDENCE_ONLY,"Wocke V1 DOI 10.17632/czbvhmzwm3.1 documents multi-source cross-referencing (DOT, 2010 SOC/OES, Frey-Osborne, Autor-Dorn, Caines). Canonical OCC1990DD taxonomy and local extraction lineage are NOT PROVEN. Historical code is reference evidence, not a source-assigned code or modern SOC mapping."
201,Millwrights,OCC1990DD,544,Millwrights,EXACT_LABEL,"Dorn (2009), Appendix Table 2, printed p. 129: OCC1990DD code 544 has the recorded title. Balanced 1980-2005 panel. Label correspondence does not establish Wocke inclusion boundaries.",https://www.ddorn.net/data/Dorn_Thesis_Appendix.pdf#page=10 ; https://data.mendeley.com/datasets/czbvhmzwm3/1,AUTHOR_PRIMARY_TAXONOMY_DOCUMENTATION; ORIGINAL_DATASET_DOCUMENTATION,VERIFIED,LABEL_CORRESPONDENCE_ONLY,"Wocke V1 DOI 10.17632/czbvhmzwm3.1 documents multi-source cross-referencing (DOT, 2010 SOC/OES, Frey-Osborne, Autor-Dorn, Caines). Canonical OCC1990DD taxonomy and local extraction lineage are NOT PROVEN. Historical code is reference evidence, not a source-assigned code or modern SOC mapping."
202,"Mechanics and repairers, n.e.c.",OCC1990DD,549,"Mechanics and repairers, n.e.c.",EXACT_LABEL,"Dorn (2009), Appendix Table 2, printed p. 129: OCC1990DD code 549 has the recorded title. Balanced 1980-2005 panel. Label correspondence does not establish Wocke inclusion boundaries. Residual category; precise exclusions and Wocke membership remain unresolved.",https://www.ddorn.net/data/Dorn_Thesis_Appendix.pdf#page=10 ; https://data.mendeley.com/datasets/czbvhmzwm3/1,AUTHOR_PRIMARY_TAXONOMY_DOCUMENTATION; ORIGINAL_DATASET_DOCUMENTATION,VERIFIED,LABEL_CORRESPONDENCE_ONLY,"Wocke V1 DOI 10.17632/czbvhmzwm3.1 documents multi-source cross-referencing (DOT, 2010 SOC/OES, Frey-Osborne, Autor-Dorn, Caines). Canonical OCC1990DD taxonomy and local extraction lineage are NOT PROVEN. Historical code is reference evidence, not a source-assigned code or modern SOC mapping."
203,Supervisors of construction work,OCC1990DD,558,Supervisors of construction work,EXACT_LABEL,"Dorn (2009), Appendix Table 2, printed p. 130: OCC1990DD code 558 has the recorded title. Balanced 1980-2005 panel. Label correspondence does not establish Wocke inclusion boundaries.",https://www.ddorn.net/data/Dorn_Thesis_Appendix.pdf#page=11 ; https://data.mendeley.com/datasets/czbvhmzwm3/1,AUTHOR_PRIMARY_TAXONOMY_DOCUMENTATION; ORIGINAL_DATASET_DOCUMENTATION,VERIFIED,LABEL_CORRESPONDENCE_ONLY,"Wocke V1 DOI 10.17632/czbvhmzwm3.1 documents multi-source cross-referencing (DOT, 2010 SOC/OES, Frey-Osborne, Autor-Dorn, Caines). Canonical OCC1990DD taxonomy and local extraction lineage are NOT PROVEN. Historical code is reference evidence, not a source-assigned code or modern SOC mapping."
204,"Masons, tilers, and carpet installers",OCC1990DD,563,"Masons, tilers, and carpet installers",EXACT_LABEL,"Dorn (2009), Appendix Table 2, printed p. 130: OCC1990DD code 563 has the recorded title. Balanced 1980-2005 panel. Label correspondence does not establish Wocke inclusion boundaries.",https://www.ddorn.net/data/Dorn_Thesis_Appendix.pdf#page=11 ; https://data.mendeley.com/datasets/czbvhmzwm3/1,AUTHOR_PRIMARY_TAXONOMY_DOCUMENTATION; ORIGINAL_DATASET_DOCUMENTATION,VERIFIED,LABEL_CORRESPONDENCE_ONLY,"Wocke V1 DOI 10.17632/czbvhmzwm3.1 documents multi-source cross-referencing (DOT, 2010 SOC/OES, Frey-Osborne, Autor-Dorn, Caines). Canonical OCC1990DD taxonomy and local extraction lineage are NOT PROVEN. Historical code is reference evidence, not a source-assigned code or modern SOC mapping."
205,Carpenters,OCC1990DD,567,Carpenters,EXACT_LABEL,"Dorn (2009), Appendix Table 2, printed p. 130: OCC1990DD code 567 has the recorded title. Balanced 1980-2005 panel. Label correspondence does not establish Wocke inclusion boundaries.",https://www.ddorn.net/data/Dorn_Thesis_Appendix.pdf#page=11 ; https://data.mendeley.com/datasets/czbvhmzwm3/1,AUTHOR_PRIMARY_TAXONOMY_DOCUMENTATION; ORIGINAL_DATASET_DOCUMENTATION,VERIFIED,LABEL_CORRESPONDENCE_ONLY,"Wocke V1 DOI 10.17632/czbvhmzwm3.1 documents multi-source cross-referencing (DOT, 2010 SOC/OES, Frey-Osborne, Autor-Dorn, Caines). Canonical OCC1990DD taxonomy and local extraction lineage are NOT PROVEN. Historical code is reference evidence, not a source-assigned code or modern SOC mapping."
206,Drywall installers,OCC1990DD,573,Drywall installers,EXACT_LABEL,"Dorn (2009), Appendix Table 2, printed p. 130: OCC1990DD code 573 has the recorded title. Balanced 1980-2005 panel. Label correspondence does not establish Wocke inclusion boundaries.",https://www.ddorn.net/data/Dorn_Thesis_Appendix.pdf#page=11 ; https://data.mendeley.com/datasets/czbvhmzwm3/1,AUTHOR_PRIMARY_TAXONOMY_DOCUMENTATION; ORIGINAL_DATASET_DOCUMENTATION,VERIFIED,LABEL_CORRESPONDENCE_ONLY,"Wocke V1 DOI 10.17632/czbvhmzwm3.1 documents multi-source cross-referencing (DOT, 2010 SOC/OES, Frey-Osborne, Autor-Dorn, Caines). Canonical OCC1990DD taxonomy and local extraction lineage are NOT PROVEN. Historical code is reference evidence, not a source-assigned code or modern SOC mapping."
207,Electricians,OCC1990DD,575,Electricians,EXACT_LABEL,"Dorn (2009), Appendix Table 2, printed p. 130: OCC1990DD code 575 has the recorded title. Balanced 1980-2005 panel. Label correspondence does not establish Wocke inclusion boundaries.",https://www.ddorn.net/data/Dorn_Thesis_Appendix.pdf#page=11 ; https://data.mendeley.com/datasets/czbvhmzwm3/1,AUTHOR_PRIMARY_TAXONOMY_DOCUMENTATION; ORIGINAL_DATASET_DOCUMENTATION,VERIFIED,LABEL_CORRESPONDENCE_ONLY,"Wocke V1 DOI 10.17632/czbvhmzwm3.1 documents multi-source cross-referencing (DOT, 2010 SOC/OES, Frey-Osborne, Autor-Dorn, Caines). Canonical OCC1990DD taxonomy and local extraction lineage are NOT PROVEN. Historical code is reference evidence, not a source-assigned code or modern SOC mapping."
208,Electric power installers and repairers,OCC1990DD,577,Electric power installers and repairers,EXACT_LABEL,"Dorn (2009), Appendix Table 2, printed p. 130: OCC1990DD code 577 has the recorded title. Balanced 1980-2005 panel. Label correspondence does not establish Wocke inclusion boundaries.",https://www.ddorn.net/data/Dorn_Thesis_Appendix.pdf#page=11 ; https://data.mendeley.com/datasets/czbvhmzwm3/1,AUTHOR_PRIMARY_TAXONOMY_DOCUMENTATION; ORIGINAL_DATASET_DOCUMENTATION,VERIFIED,LABEL_CORRESPONDENCE_ONLY,"Wocke V1 DOI 10.17632/czbvhmzwm3.1 documents multi-source cross-referencing (DOT, 2010 SOC/OES, Frey-Osborne, Autor-Dorn, Caines). Canonical OCC1990DD taxonomy and local extraction lineage are NOT PROVEN. Historical code is reference evidence, not a source-assigned code or modern SOC mapping."
209,"Painters, construction and maintenance",OCC1990DD,579,"Painters, construction and maintenance",EXACT_LABEL,"Dorn (2009), Appendix Table 2, printed p. 130: OCC1990DD code 579 has the recorded title. Balanced 1980-2005 panel. Label correspondence does not establish Wocke inclusion boundaries.",https://www.ddorn.net/data/Dorn_Thesis_Appendix.pdf#page=11 ; https://data.mendeley.com/datasets/czbvhmzwm3/1,AUTHOR_PRIMARY_TAXONOMY_DOCUMENTATION; ORIGINAL_DATASET_DOCUMENTATION,VERIFIED,LABEL_CORRESPONDENCE_ONLY,"Wocke V1 DOI 10.17632/czbvhmzwm3.1 documents multi-source cross-referencing (DOT, 2010 SOC/OES, Frey-Osborne, Autor-Dorn, Caines). Canonical OCC1990DD taxonomy and local extraction lineage are NOT PROVEN. Historical code is reference evidence, not a source-assigned code or modern SOC mapping."
210,Paperhangers,OCC1990DD,583,Paperhangers,EXACT_LABEL,"Dorn (2009), Appendix Table 2, printed p. 130: OCC1990DD code 583 has the recorded title. Balanced 1980-2005 panel. Label correspondence does not establish Wocke inclusion boundaries.",https://www.ddorn.net/data/Dorn_Thesis_Appendix.pdf#page=11 ; https://data.mendeley.com/datasets/czbvhmzwm3/1,AUTHOR_PRIMARY_TAXONOMY_DOCUMENTATION; ORIGINAL_DATASET_DOCUMENTATION,VERIFIED,LABEL_CORRESPONDENCE_ONLY,"Wocke V1 DOI 10.17632/czbvhmzwm3.1 documents multi-source cross-referencing (DOT, 2010 SOC/OES, Frey-Osborne, Autor-Dorn, Caines). Canonical OCC1990DD taxonomy and local extraction lineage are NOT PROVEN. Historical code is reference evidence, not a source-assigned code or modern SOC mapping."
211,Plasterers,OCC1990DD,584,Plasterers,EXACT_LABEL,"Dorn (2009), Appendix Table 2, printed p. 130: OCC1990DD code 584 has the recorded title. Balanced 1980-2005 panel. Label correspondence does not establish Wocke inclusion boundaries.",https://www.ddorn.net/data/Dorn_Thesis_Appendix.pdf#page=11 ; https://data.mendeley.com/datasets/czbvhmzwm3/1,AUTHOR_PRIMARY_TAXONOMY_DOCUMENTATION; ORIGINAL_DATASET_DOCUMENTATION,VERIFIED,LABEL_CORRESPONDENCE_ONLY,"Wocke V1 DOI 10.17632/czbvhmzwm3.1 documents multi-source cross-referencing (DOT, 2010 SOC/OES, Frey-Osborne, Autor-Dorn, Caines). Canonical OCC1990DD taxonomy and local extraction lineage are NOT PROVEN. Historical code is reference evidence, not a source-assigned code or modern SOC mapping."
212,"Plumbers, pipe fitters, and steamfitters",OCC1990DD,585,"Plumbers, pipe fitters, and steamfitters",EXACT_LABEL,"Dorn (2009), Appendix Table 2, printed p. 130: OCC1990DD code 585 has the recorded title. Balanced 1980-2005 panel. Label correspondence does not establish Wocke inclusion boundaries.",https://www.ddorn.net/data/Dorn_Thesis_Appendix.pdf#page=11 ; https://data.mendeley.com/datasets/czbvhmzwm3/1,AUTHOR_PRIMARY_TAXONOMY_DOCUMENTATION; ORIGINAL_DATASET_DOCUMENTATION,VERIFIED,LABEL_CORRESPONDENCE_ONLY,"Wocke V1 DOI 10.17632/czbvhmzwm3.1 documents multi-source cross-referencing (DOT, 2010 SOC/OES, Frey-Osborne, Autor-Dorn, Caines). Canonical OCC1990DD taxonomy and local extraction lineage are NOT PROVEN. Historical code is reference evidence, not a source-assigned code or modern SOC mapping."
213,Concrete and cement workers,OCC1990DD,588,Concrete and cement workers,EXACT_LABEL,"Dorn (2009), Appendix Table 2, printed p. 130: OCC1990DD code 588 has the recorded title. Balanced 1980-2005 panel. Label correspondence does not establish Wocke inclusion boundaries.",https://www.ddorn.net/data/Dorn_Thesis_Appendix.pdf#page=11 ; https://data.mendeley.com/datasets/czbvhmzwm3/1,AUTHOR_PRIMARY_TAXONOMY_DOCUMENTATION; ORIGINAL_DATASET_DOCUMENTATION,VERIFIED,LABEL_CORRESPONDENCE_ONLY,"Wocke V1 DOI 10.17632/czbvhmzwm3.1 documents multi-source cross-referencing (DOT, 2010 SOC/OES, Frey-Osborne, Autor-Dorn, Caines). Canonical OCC1990DD taxonomy and local extraction lineage are NOT PROVEN. Historical code is reference evidence, not a source-assigned code or modern SOC mapping."
214,Glaziers,OCC1990DD,589,Glaziers,EXACT_LABEL,"Dorn (2009), Appendix Table 2, printed p. 130: OCC1990DD code 589 has the recorded title. Balanced 1980-2005 panel. Label correspondence does not establish Wocke inclusion boundaries.",https://www.ddorn.net/data/Dorn_Thesis_Appendix.pdf#page=11 ; https://data.mendeley.com/datasets/czbvhmzwm3/1,AUTHOR_PRIMARY_TAXONOMY_DOCUMENTATION; ORIGINAL_DATASET_DOCUMENTATION,VERIFIED,LABEL_CORRESPONDENCE_ONLY,"Wocke V1 DOI 10.17632/czbvhmzwm3.1 documents multi-source cross-referencing (DOT, 2010 SOC/OES, Frey-Osborne, Autor-Dorn, Caines). Canonical OCC1990DD taxonomy and local extraction lineage are NOT PROVEN. Historical code is reference evidence, not a source-assigned code or modern SOC mapping."
215,Insulation workers,OCC1990DD,593,Insulation workers,EXACT_LABEL,"Dorn (2009), Appendix Table 2, printed p. 130: OCC1990DD code 593 has the recorded title. Balanced 1980-2005 panel. Label correspondence does not establish Wocke inclusion boundaries.",https://www.ddorn.net/data/Dorn_Thesis_Appendix.pdf#page=11 ; https://data.mendeley.com/datasets/czbvhmzwm3/1,AUTHOR_PRIMARY_TAXONOMY_DOCUMENTATION; ORIGINAL_DATASET_DOCUMENTATION,VERIFIED,LABEL_CORRESPONDENCE_ONLY,"Wocke V1 DOI 10.17632/czbvhmzwm3.1 documents multi-source cross-referencing (DOT, 2010 SOC/OES, Frey-Osborne, Autor-Dorn, Caines). Canonical OCC1990DD taxonomy and local extraction lineage are NOT PROVEN. Historical code is reference evidence, not a source-assigned code or modern SOC mapping."
216,"Paving, surfacing, and tamping equipment operators",OCC1990DD,594,"Paving, surfacing, and tamping equipment operators",EXACT_LABEL,"Dorn (2009), Appendix Table 2, printed p. 130: OCC1990DD code 594 has the recorded title. Balanced 1980-2005 panel. Label correspondence does not establish Wocke inclusion boundaries.",https://www.ddorn.net/data/Dorn_Thesis_Appendix.pdf#page=11 ; https://data.mendeley.com/datasets/czbvhmzwm3/1,AUTHOR_PRIMARY_TAXONOMY_DOCUMENTATION; ORIGINAL_DATASET_DOCUMENTATION,VERIFIED,LABEL_CORRESPONDENCE_ONLY,"Wocke V1 DOI 10.17632/czbvhmzwm3.1 documents multi-source cross-referencing (DOT, 2010 SOC/OES, Frey-Osborne, Autor-Dorn, Caines). Canonical OCC1990DD taxonomy and local extraction lineage are NOT PROVEN. Historical code is reference evidence, not a source-assigned code or modern SOC mapping."
217,Roofers and slaters,OCC1990DD,595,Roofers and slaters,EXACT_LABEL,"Dorn (2009), Appendix Table 2, printed p. 130: OCC1990DD code 595 has the recorded title. Balanced 1980-2005 panel. Label correspondence does not establish Wocke inclusion boundaries.",https://www.ddorn.net/data/Dorn_Thesis_Appendix.pdf#page=11 ; https://data.mendeley.com/datasets/czbvhmzwm3/1,AUTHOR_PRIMARY_TAXONOMY_DOCUMENTATION; ORIGINAL_DATASET_DOCUMENTATION,VERIFIED,LABEL_CORRESPONDENCE_ONLY,"Wocke V1 DOI 10.17632/czbvhmzwm3.1 documents multi-source cross-referencing (DOT, 2010 SOC/OES, Frey-Osborne, Autor-Dorn, Caines). Canonical OCC1990DD taxonomy and local extraction lineage are NOT PROVEN. Historical code is reference evidence, not a source-assigned code or modern SOC mapping."
218,Structural metal workers,OCC1990DD,597,Structural metal workers,EXACT_LABEL,"Dorn (2009), Appendix Table 2, printed p. 130: OCC1990DD code 597 has the recorded title. Balanced 1980-2005 panel. Label correspondence does not establish Wocke inclusion boundaries.",https://www.ddorn.net/data/Dorn_Thesis_Appendix.pdf#page=11 ; https://data.mendeley.com/datasets/czbvhmzwm3/1,AUTHOR_PRIMARY_TAXONOMY_DOCUMENTATION; ORIGINAL_DATASET_DOCUMENTATION,VERIFIED,LABEL_CORRESPONDENCE_ONLY,"Wocke V1 DOI 10.17632/czbvhmzwm3.1 documents multi-source cross-referencing (DOT, 2010 SOC/OES, Frey-Osborne, Autor-Dorn, Caines). Canonical OCC1990DD taxonomy and local extraction lineage are NOT PROVEN. Historical code is reference evidence, not a source-assigned code or modern SOC mapping."
219,Drillers of earth,OCC1990DD,598,Drillers of earth,EXACT_LABEL,"Dorn (2009), Appendix Table 2, printed p. 130: OCC1990DD code 598 has the recorded title. Balanced 1980-2005 panel. Label correspondence does not establish Wocke inclusion boundaries.",https://www.ddorn.net/data/Dorn_Thesis_Appendix.pdf#page=11 ; https://data.mendeley.com/datasets/czbvhmzwm3/1,AUTHOR_PRIMARY_TAXONOMY_DOCUMENTATION; ORIGINAL_DATASET_DOCUMENTATION,VERIFIED,LABEL_CORRESPONDENCE_ONLY,"Wocke V1 DOI 10.17632/czbvhmzwm3.1 documents multi-source cross-referencing (DOT, 2010 SOC/OES, Frey-Osborne, Autor-Dorn, Caines). Canonical OCC1990DD taxonomy and local extraction lineage are NOT PROVEN. Historical code is reference evidence, not a source-assigned code or modern SOC mapping."
220,Misc. construction and related occupations,OCC1990DD,599,Misc. construction and related occupations,EXACT_LABEL,"Dorn (2009), Appendix Table 2, printed p. 130: OCC1990DD code 599 has the recorded title. Balanced 1980-2005 panel. Label correspondence does not establish Wocke inclusion boundaries.",https://www.ddorn.net/data/Dorn_Thesis_Appendix.pdf#page=11 ; https://data.mendeley.com/datasets/czbvhmzwm3/1,AUTHOR_PRIMARY_TAXONOMY_DOCUMENTATION; ORIGINAL_DATASET_DOCUMENTATION,VERIFIED,LABEL_CORRESPONDENCE_ONLY,"Wocke V1 DOI 10.17632/czbvhmzwm3.1 documents multi-source cross-referencing (DOT, 2010 SOC/OES, Frey-Osborne, Autor-Dorn, Caines). Canonical OCC1990DD taxonomy and local extraction lineage are NOT PROVEN. Historical code is reference evidence, not a source-assigned code or modern SOC mapping."
221,Drillers of oil wells,OCC1990DD,614,Drillers of oil wells,EXACT_LABEL,"Dorn (2009), Appendix Table 2, printed p. 130: OCC1990DD code 614 has the recorded title. Balanced 1980-2005 panel. Label correspondence does not establish Wocke inclusion boundaries.",https://www.ddorn.net/data/Dorn_Thesis_Appendix.pdf#page=11 ; https://data.mendeley.com/datasets/czbvhmzwm3/1,AUTHOR_PRIMARY_TAXONOMY_DOCUMENTATION; ORIGINAL_DATASET_DOCUMENTATION,VERIFIED,LABEL_CORRESPONDENCE_ONLY,"Wocke V1 DOI 10.17632/czbvhmzwm3.1 documents multi-source cross-referencing (DOT, 2010 SOC/OES, Frey-Osborne, Autor-Dorn, Caines). Canonical OCC1990DD taxonomy and local extraction lineage are NOT PROVEN. Historical code is reference evidence, not a source-assigned code or modern SOC mapping."
222,Explosives workers,OCC1990DD,615,Explosives workers,EXACT_LABEL,"Dorn (2009), Appendix Table 2, printed p. 130: OCC1990DD code 615 has the recorded title. Balanced 1980-2005 panel. Label correspondence does not establish Wocke inclusion boundaries.",https://www.ddorn.net/data/Dorn_Thesis_Appendix.pdf#page=11 ; https://data.mendeley.com/datasets/czbvhmzwm3/1,AUTHOR_PRIMARY_TAXONOMY_DOCUMENTATION; ORIGINAL_DATASET_DOCUMENTATION,VERIFIED,LABEL_CORRESPONDENCE_ONLY,"Wocke V1 DOI 10.17632/czbvhmzwm3.1 documents multi-source cross-referencing (DOT, 2010 SOC/OES, Frey-Osborne, Autor-Dorn, Caines). Canonical OCC1990DD taxonomy and local extraction lineage are NOT PROVEN. Historical code is reference evidence, not a source-assigned code or modern SOC mapping."
223,Miners,OCC1990DD,616,Miners,EXACT_LABEL,"Dorn (2009), Appendix Table 2, printed p. 130: OCC1990DD code 616 has the recorded title. Balanced 1980-2005 panel. Label correspondence does not establish Wocke inclusion boundaries.",https://www.ddorn.net/data/Dorn_Thesis_Appendix.pdf#page=11 ; https://data.mendeley.com/datasets/czbvhmzwm3/1,AUTHOR_PRIMARY_TAXONOMY_DOCUMENTATION; ORIGINAL_DATASET_DOCUMENTATION,VERIFIED,LABEL_CORRESPONDENCE_ONLY,"Wocke V1 DOI 10.17632/czbvhmzwm3.1 documents multi-source cross-referencing (DOT, 2010 SOC/OES, Frey-Osborne, Autor-Dorn, Caines). Canonical OCC1990DD taxonomy and local extraction lineage are NOT PROVEN. Historical code is reference evidence, not a source-assigned code or modern SOC mapping."
224,Other mining occupations,OCC1990DD,617,Other mining occupations,EXACT_LABEL,"Dorn (2009), Appendix Table 2, printed p. 130: OCC1990DD code 617 has the recorded title. Balanced 1980-2005 panel. Label correspondence does not establish Wocke inclusion boundaries.",https://www.ddorn.net/data/Dorn_Thesis_Appendix.pdf#page=11 ; https://data.mendeley.com/datasets/czbvhmzwm3/1,AUTHOR_PRIMARY_TAXONOMY_DOCUMENTATION; ORIGINAL_DATASET_DOCUMENTATION,VERIFIED,LABEL_CORRESPONDENCE_ONLY,"Wocke V1 DOI 10.17632/czbvhmzwm3.1 documents multi-source cross-referencing (DOT, 2010 SOC/OES, Frey-Osborne, Autor-Dorn, Caines). Canonical OCC1990DD taxonomy and local extraction lineage are NOT PROVEN. Historical code is reference evidence, not a source-assigned code or modern SOC mapping."
225,Production supervisors or foremen,OCC1990DD,628,Production supervisors or foremen,EXACT_LABEL,"Dorn (2009), Appendix Table 2, printed p. 130: OCC1990DD code 628 has the recorded title. Balanced 1980-2005 panel. Label correspondence does not establish Wocke inclusion boundaries.",https://www.ddorn.net/data/Dorn_Thesis_Appendix.pdf#page=11 ; https://data.mendeley.com/datasets/czbvhmzwm3/1,AUTHOR_PRIMARY_TAXONOMY_DOCUMENTATION; ORIGINAL_DATASET_DOCUMENTATION,VERIFIED,LABEL_CORRESPONDENCE_ONLY,"Wocke V1 DOI 10.17632/czbvhmzwm3.1 documents multi-source cross-referencing (DOT, 2010 SOC/OES, Frey-Osborne, Autor-Dorn, Caines). Canonical OCC1990DD taxonomy and local extraction lineage are NOT PROVEN. Historical code is reference evidence, not a source-assigned code or modern SOC mapping."
226,Tool and die makers and die setters,OCC1990DD,634,Tool and die makers and die setters,EXACT_LABEL,"Dorn (2009), Appendix Table 2, printed p. 130: OCC1990DD code 634 has the recorded title. Balanced 1980-2005 panel. Label correspondence does not establish Wocke inclusion boundaries.",https://www.ddorn.net/data/Dorn_Thesis_Appendix.pdf#page=11 ; https://data.mendeley.com/datasets/czbvhmzwm3/1,AUTHOR_PRIMARY_TAXONOMY_DOCUMENTATION; ORIGINAL_DATASET_DOCUMENTATION,VERIFIED,LABEL_CORRESPONDENCE_ONLY,"Wocke V1 DOI 10.17632/czbvhmzwm3.1 documents multi-source cross-referencing (DOT, 2010 SOC/OES, Frey-Osborne, Autor-Dorn, Caines). Canonical OCC1990DD taxonomy and local extraction lineage are NOT PROVEN. Historical code is reference evidence, not a source-assigned code or modern SOC mapping."
227,Machinists,OCC1990DD,637,Machinists,EXACT_LABEL,"Dorn (2009), Appendix Table 2, printed p. 130: OCC1990DD code 637 has the recorded title. Balanced 1980-2005 panel. Label correspondence does not establish Wocke inclusion boundaries.",https://www.ddorn.net/data/Dorn_Thesis_Appendix.pdf#page=11 ; https://data.mendeley.com/datasets/czbvhmzwm3/1,AUTHOR_PRIMARY_TAXONOMY_DOCUMENTATION; ORIGINAL_DATASET_DOCUMENTATION,VERIFIED,LABEL_CORRESPONDENCE_ONLY,"Wocke V1 DOI 10.17632/czbvhmzwm3.1 documents multi-source cross-referencing (DOT, 2010 SOC/OES, Frey-Osborne, Autor-Dorn, Caines). Canonical OCC1990DD taxonomy and local extraction lineage are NOT PROVEN. Historical code is reference evidence, not a source-assigned code or modern SOC mapping."
228,Boilermakers,OCC1990DD,643,Boilermakers,EXACT_LABEL,"Dorn (2009), Appendix Table 2, printed p. 130: OCC1990DD code 643 has the recorded title. Balanced 1980-2005 panel. Label correspondence does not establish Wocke inclusion boundaries.",https://www.ddorn.net/data/Dorn_Thesis_Appendix.pdf#page=11 ; https://data.mendeley.com/datasets/czbvhmzwm3/1,AUTHOR_PRIMARY_TAXONOMY_DOCUMENTATION; ORIGINAL_DATASET_DOCUMENTATION,VERIFIED,LABEL_CORRESPONDENCE_ONLY,"Wocke V1 DOI 10.17632/czbvhmzwm3.1 documents multi-source cross-referencing (DOT, 2010 SOC/OES, Frey-Osborne, Autor-Dorn, Caines). Canonical OCC1990DD taxonomy and local extraction lineage are NOT PROVEN. Historical code is reference evidence, not a source-assigned code or modern SOC mapping."
229,Patternmakers and model makers,OCC1990DD,645,Patternmakers and model makers,EXACT_LABEL,"Dorn (2009), Appendix Table 2, printed p. 130: OCC1990DD code 645 has the recorded title. Balanced 1980-2005 panel. Label correspondence does not establish Wocke inclusion boundaries.",https://www.ddorn.net/data/Dorn_Thesis_Appendix.pdf#page=11 ; https://data.mendeley.com/datasets/czbvhmzwm3/1,AUTHOR_PRIMARY_TAXONOMY_DOCUMENTATION; ORIGINAL_DATASET_DOCUMENTATION,VERIFIED,LABEL_CORRESPONDENCE_ONLY,"Wocke V1 DOI 10.17632/czbvhmzwm3.1 documents multi-source cross-referencing (DOT, 2010 SOC/OES, Frey-Osborne, Autor-Dorn, Caines). Canonical OCC1990DD taxonomy and local extraction lineage are NOT PROVEN. Historical code is reference evidence, not a source-assigned code or modern SOC mapping."
230,Engravers,OCC1990DD,649,Engravers,EXACT_LABEL,"Dorn (2009), Appendix Table 2, printed p. 130: OCC1990DD code 649 has the recorded title. Balanced 1980-2005 panel. Label correspondence does not establish Wocke inclusion boundaries.",https://www.ddorn.net/data/Dorn_Thesis_Appendix.pdf#page=11 ; https://data.mendeley.com/datasets/czbvhmzwm3/1,AUTHOR_PRIMARY_TAXONOMY_DOCUMENTATION; ORIGINAL_DATASET_DOCUMENTATION,VERIFIED,LABEL_CORRESPONDENCE_ONLY,"Wocke V1 DOI 10.17632/czbvhmzwm3.1 documents multi-source cross-referencing (DOT, 2010 SOC/OES, Frey-Osborne, Autor-Dorn, Caines). Canonical OCC1990DD taxonomy and local extraction lineage are NOT PROVEN. Historical code is reference evidence, not a source-assigned code or modern SOC mapping."
231,Cabinetmakers and bench carpeters,OCC1990DD,657,Cabinetmakers and bench carpeters,EXACT_LABEL,"Dorn (2009), Appendix Table 2, printed p. 130: OCC1990DD code 657 has the recorded title. Balanced 1980-2005 panel. Label correspondence does not establish Wocke inclusion boundaries.",https://www.ddorn.net/data/Dorn_Thesis_Appendix.pdf#page=11 ; https://data.mendeley.com/datasets/czbvhmzwm3/1,AUTHOR_PRIMARY_TAXONOMY_DOCUMENTATION; ORIGINAL_DATASET_DOCUMENTATION,VERIFIED,LABEL_CORRESPONDENCE_ONLY,"Wocke V1 DOI 10.17632/czbvhmzwm3.1 documents multi-source cross-referencing (DOT, 2010 SOC/OES, Frey-Osborne, Autor-Dorn, Caines). Canonical OCC1990DD taxonomy and local extraction lineage are NOT PROVEN. Historical code is reference evidence, not a source-assigned code or modern SOC mapping."
232,"Furniture/wood finishers, other prec. wood workers",OCC1990DD,658,"Furniture/wood finishers, other prec. wood workers",EXACT_LABEL,"Dorn (2009), Appendix Table 2, printed p. 130: OCC1990DD code 658 has the recorded title. Balanced 1980-2005 panel. Label correspondence does not establish Wocke inclusion boundaries.",https://www.ddorn.net/data/Dorn_Thesis_Appendix.pdf#page=11 ; https://data.mendeley.com/datasets/czbvhmzwm3/1,AUTHOR_PRIMARY_TAXONOMY_DOCUMENTATION; ORIGINAL_DATASET_DOCUMENTATION,VERIFIED,LABEL_CORRESPONDENCE_ONLY,"Wocke V1 DOI 10.17632/czbvhmzwm3.1 documents multi-source cross-referencing (DOT, 2010 SOC/OES, Frey-Osborne, Autor-Dorn, Caines). Canonical OCC1990DD taxonomy and local extraction lineage are NOT PROVEN. Historical code is reference evidence, not a source-assigned code or modern SOC mapping."
233,"Dressmakers, seamstresses, and tailors",OCC1990DD,666,"Dressmakers, seamstresses, and tailors",EXACT_LABEL,"Dorn (2009), Appendix Table 2, printed p. 130: OCC1990DD code 666 has the recorded title. Balanced 1980-2005 panel. Label correspondence does not establish Wocke inclusion boundaries.",https://www.ddorn.net/data/Dorn_Thesis_Appendix.pdf#page=11 ; https://data.mendeley.com/datasets/czbvhmzwm3/1,AUTHOR_PRIMARY_TAXONOMY_DOCUMENTATION; ORIGINAL_DATASET_DOCUMENTATION,VERIFIED,LABEL_CORRESPONDENCE_ONLY,"Wocke V1 DOI 10.17632/czbvhmzwm3.1 documents multi-source cross-referencing (DOT, 2010 SOC/OES, Frey-Osborne, Autor-Dorn, Caines). Canonical OCC1990DD taxonomy and local extraction lineage are NOT PROVEN. Historical code is reference evidence, not a source-assigned code or modern SOC mapping."
234,Upholsterers,OCC1990DD,668,Upholsterers,EXACT_LABEL,"Dorn (2009), Appendix Table 2, printed p. 130: OCC1990DD code 668 has the recorded title. Balanced 1980-2005 panel. Label correspondence does not establish Wocke inclusion boundaries.",https://www.ddorn.net/data/Dorn_Thesis_Appendix.pdf#page=11 ; https://data.mendeley.com/datasets/czbvhmzwm3/1,AUTHOR_PRIMARY_TAXONOMY_DOCUMENTATION; ORIGINAL_DATASET_DOCUMENTATION,VERIFIED,LABEL_CORRESPONDENCE_ONLY,"Wocke V1 DOI 10.17632/czbvhmzwm3.1 documents multi-source cross-referencing (DOT, 2010 SOC/OES, Frey-Osborne, Autor-Dorn, Caines). Canonical OCC1990DD taxonomy and local extraction lineage are NOT PROVEN. Historical code is reference evidence, not a source-assigned code or modern SOC mapping."
235,"Hand molders and shapers, except jewelers",OCC1990DD,675,"Hand molders and shapers, except jewelers",EXACT_LABEL,"Dorn (2009), Appendix Table 2, printed p. 130: OCC1990DD code 675 has the recorded title. Balanced 1980-2005 panel. Label correspondence does not establish Wocke inclusion boundaries.",https://www.ddorn.net/data/Dorn_Thesis_Appendix.pdf#page=11 ; https://data.mendeley.com/datasets/czbvhmzwm3/1,AUTHOR_PRIMARY_TAXONOMY_DOCUMENTATION; ORIGINAL_DATASET_DOCUMENTATION,VERIFIED,LABEL_CORRESPONDENCE_ONLY,"Wocke V1 DOI 10.17632/czbvhmzwm3.1 documents multi-source cross-referencing (DOT, 2010 SOC/OES, Frey-Osborne, Autor-Dorn, Caines). Canonical OCC1990DD taxonomy and local extraction lineage are NOT PROVEN. Historical code is reference evidence, not a source-assigned code or modern SOC mapping."
236,Bookbinders,OCC1990DD,679,Bookbinders,EXACT_LABEL,"Dorn (2009), Appendix Table 2, printed p. 130: OCC1990DD code 679 has the recorded title. Balanced 1980-2005 panel. Label correspondence does not establish Wocke inclusion boundaries.",https://www.ddorn.net/data/Dorn_Thesis_Appendix.pdf#page=11 ; https://data.mendeley.com/datasets/czbvhmzwm3/1,AUTHOR_PRIMARY_TAXONOMY_DOCUMENTATION; ORIGINAL_DATASET_DOCUMENTATION,VERIFIED,LABEL_CORRESPONDENCE_ONLY,"Wocke V1 DOI 10.17632/czbvhmzwm3.1 documents multi-source cross-referencing (DOT, 2010 SOC/OES, Frey-Osborne, Autor-Dorn, Caines). Canonical OCC1990DD taxonomy and local extraction lineage are NOT PROVEN. Historical code is reference evidence, not a source-assigned code or modern SOC mapping."
237,Butchers and meat cutters,OCC1990DD,686,Butchers and meat cutters,EXACT_LABEL,"Dorn (2009), Appendix Table 2, printed p. 131: OCC1990DD code 686 has the recorded title. Balanced 1980-2005 panel. Label correspondence does not establish Wocke inclusion boundaries.",https://www.ddorn.net/data/Dorn_Thesis_Appendix.pdf#page=12 ; https://data.mendeley.com/datasets/czbvhmzwm3/1,AUTHOR_PRIMARY_TAXONOMY_DOCUMENTATION; ORIGINAL_DATASET_DOCUMENTATION,VERIFIED,LABEL_CORRESPONDENCE_ONLY,"Wocke V1 DOI 10.17632/czbvhmzwm3.1 documents multi-source cross-referencing (DOT, 2010 SOC/OES, Frey-Osborne, Autor-Dorn, Caines). Canonical OCC1990DD taxonomy and local extraction lineage are NOT PROVEN. Historical code is reference evidence, not a source-assigned code or modern SOC mapping."
238,Bakers,OCC1990DD,687,Bakers,EXACT_LABEL,"Dorn (2009), Appendix Table 2, printed p. 131: OCC1990DD code 687 has the recorded title. Balanced 1980-2005 panel. Label correspondence does not establish Wocke inclusion boundaries.",https://www.ddorn.net/data/Dorn_Thesis_Appendix.pdf#page=12 ; https://data.mendeley.com/datasets/czbvhmzwm3/1,AUTHOR_PRIMARY_TAXONOMY_DOCUMENTATION; ORIGINAL_DATASET_DOCUMENTATION,VERIFIED,LABEL_CORRESPONDENCE_ONLY,"Wocke V1 DOI 10.17632/czbvhmzwm3.1 documents multi-source cross-referencing (DOT, 2010 SOC/OES, Frey-Osborne, Autor-Dorn, Caines). Canonical OCC1990DD taxonomy and local extraction lineage are NOT PROVEN. Historical code is reference evidence, not a source-assigned code or modern SOC mapping."
239,Batch food makers,OCC1990DD,688,Batch food makers,EXACT_LABEL,"Dorn (2009), Appendix Table 2, printed p. 131: OCC1990DD code 688 has the recorded title. Balanced 1980-2005 panel. Label correspondence does not establish Wocke inclusion boundaries.",https://www.ddorn.net/data/Dorn_Thesis_Appendix.pdf#page=12 ; https://data.mendeley.com/datasets/czbvhmzwm3/1,AUTHOR_PRIMARY_TAXONOMY_DOCUMENTATION; ORIGINAL_DATASET_DOCUMENTATION,VERIFIED,LABEL_CORRESPONDENCE_ONLY,"Wocke V1 DOI 10.17632/czbvhmzwm3.1 documents multi-source cross-referencing (DOT, 2010 SOC/OES, Frey-Osborne, Autor-Dorn, Caines). Canonical OCC1990DD taxonomy and local extraction lineage are NOT PROVEN. Historical code is reference evidence, not a source-assigned code or modern SOC mapping."
240,Water and sewage treatment plant operators,OCC1990DD,694,Water and sewage treatment plant operators,EXACT_LABEL,"Dorn (2009), Appendix Table 2, printed p. 131: OCC1990DD code 694 has the recorded title. Balanced 1980-2005 panel. Label correspondence does not establish Wocke inclusion boundaries.",https://www.ddorn.net/data/Dorn_Thesis_Appendix.pdf#page=12 ; https://data.mendeley.com/datasets/czbvhmzwm3/1,AUTHOR_PRIMARY_TAXONOMY_DOCUMENTATION; ORIGINAL_DATASET_DOCUMENTATION,VERIFIED,LABEL_CORRESPONDENCE_ONLY,"Wocke V1 DOI 10.17632/czbvhmzwm3.1 documents multi-source cross-referencing (DOT, 2010 SOC/OES, Frey-Osborne, Autor-Dorn, Caines). Canonical OCC1990DD taxonomy and local extraction lineage are NOT PROVEN. Historical code is reference evidence, not a source-assigned code or modern SOC mapping."
241,Power plant operators,OCC1990DD,695,Power plant operators,EXACT_LABEL,"Dorn (2009), Appendix Table 2, printed p. 131: OCC1990DD code 695 has the recorded title. Balanced 1980-2005 panel. Label correspondence does not establish Wocke inclusion boundaries.",https://www.ddorn.net/data/Dorn_Thesis_Appendix.pdf#page=12 ; https://data.mendeley.com/datasets/czbvhmzwm3/1,AUTHOR_PRIMARY_TAXONOMY_DOCUMENTATION; ORIGINAL_DATASET_DOCUMENTATION,VERIFIED,LABEL_CORRESPONDENCE_ONLY,"Wocke V1 DOI 10.17632/czbvhmzwm3.1 documents multi-source cross-referencing (DOT, 2010 SOC/OES, Frey-Osborne, Autor-Dorn, Caines). Canonical OCC1990DD taxonomy and local extraction lineage are NOT PROVEN. Historical code is reference evidence, not a source-assigned code or modern SOC mapping."
242,"Plant and system operators, stationary engineers",OCC1990DD,696,"Plant and system operators, stationary engineers",EXACT_LABEL,"Dorn (2009), Appendix Table 2, printed p. 131: OCC1990DD code 696 has the recorded title. Balanced 1980-2005 panel. Label correspondence does not establish Wocke inclusion boundaries.",https://www.ddorn.net/data/Dorn_Thesis_Appendix.pdf#page=12 ; https://data.mendeley.com/datasets/czbvhmzwm3/1,AUTHOR_PRIMARY_TAXONOMY_DOCUMENTATION; ORIGINAL_DATASET_DOCUMENTATION,VERIFIED,LABEL_CORRESPONDENCE_ONLY,"Wocke V1 DOI 10.17632/czbvhmzwm3.1 documents multi-source cross-referencing (DOT, 2010 SOC/OES, Frey-Osborne, Autor-Dorn, Caines). Canonical OCC1990DD taxonomy and local extraction lineage are NOT PROVEN. Historical code is reference evidence, not a source-assigned code or modern SOC mapping."
243,Other plant and system operators,OCC1990DD,699,Other plant and system operators,EXACT_LABEL,"Dorn (2009), Appendix Table 2, printed p. 131: OCC1990DD code 699 has the recorded title. Balanced 1980-2005 panel. Label correspondence does not establish Wocke inclusion boundaries.",https://www.ddorn.net/data/Dorn_Thesis_Appendix.pdf#page=12 ; https://data.mendeley.com/datasets/czbvhmzwm3/1,AUTHOR_PRIMARY_TAXONOMY_DOCUMENTATION; ORIGINAL_DATASET_DOCUMENTATION,VERIFIED,LABEL_CORRESPONDENCE_ONLY,"Wocke V1 DOI 10.17632/czbvhmzwm3.1 documents multi-source cross-referencing (DOT, 2010 SOC/OES, Frey-Osborne, Autor-Dorn, Caines). Canonical OCC1990DD taxonomy and local extraction lineage are NOT PROVEN. Historical code is reference evidence, not a source-assigned code or modern SOC mapping."
244,"Lathe, milling, and turning machine operatives",OCC1990DD,703,"Lathe, milling, and turning machine operatives",EXACT_LABEL,"Dorn (2009), Appendix Table 2, printed p. 131: OCC1990DD code 703 has the recorded title. Balanced 1980-2005 panel. Label correspondence does not establish Wocke inclusion boundaries.",https://www.ddorn.net/data/Dorn_Thesis_Appendix.pdf#page=12 ; https://data.mendeley.com/datasets/czbvhmzwm3/1,AUTHOR_PRIMARY_TAXONOMY_DOCUMENTATION; ORIGINAL_DATASET_DOCUMENTATION,VERIFIED,LABEL_CORRESPONDENCE_ONLY,"Wocke V1 DOI 10.17632/czbvhmzwm3.1 documents multi-source cross-referencing (DOT, 2010 SOC/OES, Frey-Osborne, Autor-Dorn, Caines). Canonical OCC1990DD taxonomy and local extraction lineage are NOT PROVEN. Historical code is reference evidence, not a source-assigned code or modern SOC mapping."
245,"Rollers, roll hands, and finishers of metal",OCC1990DD,707,"Rollers, roll hands, and finishers of metal",EXACT_LABEL,"Dorn (2009), Appendix Table 2, printed p. 131: OCC1990DD code 707 has the recorded title. Balanced 1980-2005 panel. Label correspondence does not establish Wocke inclusion boundaries.",https://www.ddorn.net/data/Dorn_Thesis_Appendix.pdf#page=12 ; https://data.mendeley.com/datasets/czbvhmzwm3/1,AUTHOR_PRIMARY_TAXONOMY_DOCUMENTATION; ORIGINAL_DATASET_DOCUMENTATION,VERIFIED,LABEL_CORRESPONDENCE_ONLY,"Wocke V1 DOI 10.17632/czbvhmzwm3.1 documents multi-source cross-referencing (DOT, 2010 SOC/OES, Frey-Osborne, Autor-Dorn, Caines). Canonical OCC1990DD taxonomy and local extraction lineage are NOT PROVEN. Historical code is reference evidence, not a source-assigned code or modern SOC mapping."
246,Drilling and boring machine operators,OCC1990DD,708,Drilling and boring machine operators,EXACT_LABEL,"Dorn (2009), Appendix Table 2, printed p. 131: OCC1990DD code 708 has the recorded title. Balanced 1980-2005 panel. Label correspondence does not establish Wocke inclusion boundaries.",https://www.ddorn.net/data/Dorn_Thesis_Appendix.pdf#page=12 ; https://data.mendeley.com/datasets/czbvhmzwm3/1,AUTHOR_PRIMARY_TAXONOMY_DOCUMENTATION; ORIGINAL_DATASET_DOCUMENTATION,VERIFIED,LABEL_CORRESPONDENCE_ONLY,"Wocke V1 DOI 10.17632/czbvhmzwm3.1 documents multi-source cross-referencing (DOT, 2010 SOC/OES, Frey-Osborne, Autor-Dorn, Caines). Canonical OCC1990DD taxonomy and local extraction lineage are NOT PROVEN. Historical code is reference evidence, not a source-assigned code or modern SOC mapping."
247,"Grinding, abrading, buffing, and polishing workers",OCC1990DD,709,"Grinding, abrading, buffing, and polishing workers",EXACT_LABEL,"Dorn (2009), Appendix Table 2, printed p. 131: OCC1990DD code 709 has the recorded title. Balanced 1980-2005 panel. Label correspondence does not establish Wocke inclusion boundaries.",https://www.ddorn.net/data/Dorn_Thesis_Appendix.pdf#page=12 ; https://data.mendeley.com/datasets/czbvhmzwm3/1,AUTHOR_PRIMARY_TAXONOMY_DOCUMENTATION; ORIGINAL_DATASET_DOCUMENTATION,VERIFIED,LABEL_CORRESPONDENCE_ONLY,"Wocke V1 DOI 10.17632/czbvhmzwm3.1 documents multi-source cross-referencing (DOT, 2010 SOC/OES, Frey-Osborne, Autor-Dorn, Caines). Canonical OCC1990DD taxonomy and local extraction lineage are NOT PROVEN. Historical code is reference evidence, not a source-assigned code or modern SOC mapping."
248,Molders and casting machine operators,OCC1990DD,719,Molders and casting machine operators,EXACT_LABEL,"Dorn (2009), Appendix Table 2, printed p. 131: OCC1990DD code 719 has the recorded title. Balanced 1980-2005 panel. Label correspondence does not establish Wocke inclusion boundaries.",https://www.ddorn.net/data/Dorn_Thesis_Appendix.pdf#page=12 ; https://data.mendeley.com/datasets/czbvhmzwm3/1,AUTHOR_PRIMARY_TAXONOMY_DOCUMENTATION; ORIGINAL_DATASET_DOCUMENTATION,VERIFIED,LABEL_CORRESPONDENCE_ONLY,"Wocke V1 DOI 10.17632/czbvhmzwm3.1 documents multi-source cross-referencing (DOT, 2010 SOC/OES, Frey-Osborne, Autor-Dorn, Caines). Canonical OCC1990DD taxonomy and local extraction lineage are NOT PROVEN. Historical code is reference evidence, not a source-assigned code or modern SOC mapping."
249,Heat treating equipment operators,OCC1990DD,724,Heat treating equipment operators,EXACT_LABEL,"Dorn (2009), Appendix Table 2, printed p. 131: OCC1990DD code 724 has the recorded title. Balanced 1980-2005 panel. Label correspondence does not establish Wocke inclusion boundaries.",https://www.ddorn.net/data/Dorn_Thesis_Appendix.pdf#page=12 ; https://data.mendeley.com/datasets/czbvhmzwm3/1,AUTHOR_PRIMARY_TAXONOMY_DOCUMENTATION; ORIGINAL_DATASET_DOCUMENTATION,VERIFIED,LABEL_CORRESPONDENCE_ONLY,"Wocke V1 DOI 10.17632/czbvhmzwm3.1 documents multi-source cross-referencing (DOT, 2010 SOC/OES, Frey-Osborne, Autor-Dorn, Caines). Canonical OCC1990DD taxonomy and local extraction lineage are NOT PROVEN. Historical code is reference evidence, not a source-assigned code or modern SOC mapping."
250,Sawing machine operators and sawyers,OCC1990DD,727,Sawing machine operators and sawyers,EXACT_LABEL,"Dorn (2009), Appendix Table 2, printed p. 131: OCC1990DD code 727 has the recorded title. Balanced 1980-2005 panel. Label correspondence does not establish Wocke inclusion boundaries.",https://www.ddorn.net/data/Dorn_Thesis_Appendix.pdf#page=12 ; https://data.mendeley.com/datasets/czbvhmzwm3/1,AUTHOR_PRIMARY_TAXONOMY_DOCUMENTATION; ORIGINAL_DATASET_DOCUMENTATION,VERIFIED,LABEL_CORRESPONDENCE_ONLY,"Wocke V1 DOI 10.17632/czbvhmzwm3.1 documents multi-source cross-referencing (DOT, 2010 SOC/OES, Frey-Osborne, Autor-Dorn, Caines). Canonical OCC1990DD taxonomy and local extraction lineage are NOT PROVEN. Historical code is reference evidence, not a source-assigned code or modern SOC mapping."
251,"Nail, tacking, shaping and joining mach ops (wood)",OCC1990DD,729,"Nail, tacking, shaping and joining mach ops (wood)",EXACT_LABEL,"Dorn (2009), Appendix Table 2, printed p. 131: OCC1990DD code 729 has the recorded title. Balanced 1980-2005 panel. Label correspondence does not establish Wocke inclusion boundaries.",https://www.ddorn.net/data/Dorn_Thesis_Appendix.pdf#page=12 ; https://data.mendeley.com/datasets/czbvhmzwm3/1,AUTHOR_PRIMARY_TAXONOMY_DOCUMENTATION; ORIGINAL_DATASET_DOCUMENTATION,VERIFIED,LABEL_CORRESPONDENCE_ONLY,"Wocke V1 DOI 10.17632/czbvhmzwm3.1 documents multi-source cross-referencing (DOT, 2010 SOC/OES, Frey-Osborne, Autor-Dorn, Caines). Canonical OCC1990DD taxonomy and local extraction lineage are NOT PROVEN. Historical code is reference evidence, not a source-assigned code or modern SOC mapping."
252,Winding and twisting textile and apparel operatives,OCC1990DD,738,Winding and twisting textile and apparel operatives,EXACT_LABEL,"Dorn (2009), Appendix Table 2, printed p. 131: OCC1990DD code 738 has the recorded title. Balanced 1980-2005 panel. Label correspondence does not establish Wocke inclusion boundaries.",https://www.ddorn.net/data/Dorn_Thesis_Appendix.pdf#page=12 ; https://data.mendeley.com/datasets/czbvhmzwm3/1,AUTHOR_PRIMARY_TAXONOMY_DOCUMENTATION; ORIGINAL_DATASET_DOCUMENTATION,VERIFIED,LABEL_CORRESPONDENCE_ONLY,"Wocke V1 DOI 10.17632/czbvhmzwm3.1 documents multi-source cross-referencing (DOT, 2010 SOC/OES, Frey-Osborne, Autor-Dorn, Caines). Canonical OCC1990DD taxonomy and local extraction lineage are NOT PROVEN. Historical code is reference evidence, not a source-assigned code or modern SOC mapping."
253,"Knitters, loopers, and toppers textile operatives",OCC1990DD,739,"Knitters, loopers, and toppers textile operatives",EXACT_LABEL,"Dorn (2009), Appendix Table 2, printed p. 131: OCC1990DD code 739 has the recorded title. Balanced 1980-2005 panel. Label correspondence does not establish Wocke inclusion boundaries.",https://www.ddorn.net/data/Dorn_Thesis_Appendix.pdf#page=12 ; https://data.mendeley.com/datasets/czbvhmzwm3/1,AUTHOR_PRIMARY_TAXONOMY_DOCUMENTATION; ORIGINAL_DATASET_DOCUMENTATION,VERIFIED,LABEL_CORRESPONDENCE_ONLY,"Wocke V1 DOI 10.17632/czbvhmzwm3.1 documents multi-source cross-referencing (DOT, 2010 SOC/OES, Frey-Osborne, Autor-Dorn, Caines). Canonical OCC1990DD taxonomy and local extraction lineage are NOT PROVEN. Historical code is reference evidence, not a source-assigned code or modern SOC mapping."
254,Textile cutting and dyeing machine operators,OCC1990DD,743,Textile cutting and dyeing machine operators,EXACT_LABEL,"Dorn (2009), Appendix Table 2, printed p. 131: OCC1990DD code 743 has the recorded title. Balanced 1980-2005 panel. Label correspondence does not establish Wocke inclusion boundaries.",https://www.ddorn.net/data/Dorn_Thesis_Appendix.pdf#page=12 ; https://data.mendeley.com/datasets/czbvhmzwm3/1,AUTHOR_PRIMARY_TAXONOMY_DOCUMENTATION; ORIGINAL_DATASET_DOCUMENTATION,VERIFIED,LABEL_CORRESPONDENCE_ONLY,"Wocke V1 DOI 10.17632/czbvhmzwm3.1 documents multi-source cross-referencing (DOT, 2010 SOC/OES, Frey-Osborne, Autor-Dorn, Caines). Canonical OCC1990DD taxonomy and local extraction lineage are NOT PROVEN. Historical code is reference evidence, not a source-assigned code or modern SOC mapping."
255,Textile sewing machine operators,OCC1990DD,744,Textile sewing machine operators,EXACT_LABEL,"Dorn (2009), Appendix Table 2, printed p. 131: OCC1990DD code 744 has the recorded title. Balanced 1980-2005 panel. Label correspondence does not establish Wocke inclusion boundaries.",https://www.ddorn.net/data/Dorn_Thesis_Appendix.pdf#page=12 ; https://data.mendeley.com/datasets/czbvhmzwm3/1,AUTHOR_PRIMARY_TAXONOMY_DOCUMENTATION; ORIGINAL_DATASET_DOCUMENTATION,VERIFIED,LABEL_CORRESPONDENCE_ONLY,"Wocke V1 DOI 10.17632/czbvhmzwm3.1 documents multi-source cross-referencing (DOT, 2010 SOC/OES, Frey-Osborne, Autor-Dorn, Caines). Canonical OCC1990DD taxonomy and local extraction lineage are NOT PROVEN. Historical code is reference evidence, not a source-assigned code or modern SOC mapping."
256,Shoemaking machine operators,OCC1990DD,745,Shoemaking machine operators,EXACT_LABEL,"Dorn (2009), Appendix Table 2, printed p. 131: OCC1990DD code 745 has the recorded title. Balanced 1980-2005 panel. Label correspondence does not establish Wocke inclusion boundaries.",https://www.ddorn.net/data/Dorn_Thesis_Appendix.pdf#page=12 ; https://data.mendeley.com/datasets/czbvhmzwm3/1,AUTHOR_PRIMARY_TAXONOMY_DOCUMENTATION; ORIGINAL_DATASET_DOCUMENTATION,VERIFIED,LABEL_CORRESPONDENCE_ONLY,"Wocke V1 DOI 10.17632/czbvhmzwm3.1 documents multi-source cross-referencing (DOT, 2010 SOC/OES, Frey-Osborne, Autor-Dorn, Caines). Canonical OCC1990DD taxonomy and local extraction lineage are NOT PROVEN. Historical code is reference evidence, not a source-assigned code or modern SOC mapping."
257,Clothing pressing machine operators,OCC1990DD,747,Clothing pressing machine operators,EXACT_LABEL,"Dorn (2009), Appendix Table 2, printed p. 131: OCC1990DD code 747 has the recorded title. Balanced 1980-2005 panel. Label correspondence does not establish Wocke inclusion boundaries.",https://www.ddorn.net/data/Dorn_Thesis_Appendix.pdf#page=12 ; https://data.mendeley.com/datasets/czbvhmzwm3/1,AUTHOR_PRIMARY_TAXONOMY_DOCUMENTATION; ORIGINAL_DATASET_DOCUMENTATION,VERIFIED,LABEL_CORRESPONDENCE_ONLY,"Wocke V1 DOI 10.17632/czbvhmzwm3.1 documents multi-source cross-referencing (DOT, 2010 SOC/OES, Frey-Osborne, Autor-Dorn, Caines). Canonical OCC1990DD taxonomy and local extraction lineage are NOT PROVEN. Historical code is reference evidence, not a source-assigned code or modern SOC mapping."
258,"Packers, fillers, and wrappers",OCC1990DD,754,"Packers, fillers, and wrappers",EXACT_LABEL,"Dorn (2009), Appendix Table 2, printed p. 131: OCC1990DD code 754 has the recorded title. Balanced 1980-2005 panel. Label correspondence does not establish Wocke inclusion boundaries.",https://www.ddorn.net/data/Dorn_Thesis_Appendix.pdf#page=12 ; https://data.mendeley.com/datasets/czbvhmzwm3/1,AUTHOR_PRIMARY_TAXONOMY_DOCUMENTATION; ORIGINAL_DATASET_DOCUMENTATION,VERIFIED,LABEL_CORRESPONDENCE_ONLY,"Wocke V1 DOI 10.17632/czbvhmzwm3.1 documents multi-source cross-referencing (DOT, 2010 SOC/OES, Frey-Osborne, Autor-Dorn, Caines). Canonical OCC1990DD taxonomy and local extraction lineage are NOT PROVEN. Historical code is reference evidence, not a source-assigned code or modern SOC mapping."
259,Extruding and forming machine operators,OCC1990DD,755,Extruding and forming machine operators,EXACT_LABEL,"Dorn (2009), Appendix Table 2, printed p. 131: OCC1990DD code 755 has the recorded title. Balanced 1980-2005 panel. Label correspondence does not establish Wocke inclusion boundaries.",https://www.ddorn.net/data/Dorn_Thesis_Appendix.pdf#page=12 ; https://data.mendeley.com/datasets/czbvhmzwm3/1,AUTHOR_PRIMARY_TAXONOMY_DOCUMENTATION; ORIGINAL_DATASET_DOCUMENTATION,VERIFIED,LABEL_CORRESPONDENCE_ONLY,"Wocke V1 DOI 10.17632/czbvhmzwm3.1 documents multi-source cross-referencing (DOT, 2010 SOC/OES, Frey-Osborne, Autor-Dorn, Caines). Canonical OCC1990DD taxonomy and local extraction lineage are NOT PROVEN. Historical code is reference evidence, not a source-assigned code or modern SOC mapping."
260,Mixing and blending machine operators,OCC1990DD,756,Mixing and blending machine operators,EXACT_LABEL,"Dorn (2009), Appendix Table 2, printed p. 131: OCC1990DD code 756 has the recorded title. Balanced 1980-2005 panel. Label correspondence does not establish Wocke inclusion boundaries.",https://www.ddorn.net/data/Dorn_Thesis_Appendix.pdf#page=12 ; https://data.mendeley.com/datasets/czbvhmzwm3/1,AUTHOR_PRIMARY_TAXONOMY_DOCUMENTATION; ORIGINAL_DATASET_DOCUMENTATION,VERIFIED,LABEL_CORRESPONDENCE_ONLY,"Wocke V1 DOI 10.17632/czbvhmzwm3.1 documents multi-source cross-referencing (DOT, 2010 SOC/OES, Frey-Osborne, Autor-Dorn, Caines). Canonical OCC1990DD taxonomy and local extraction lineage are NOT PROVEN. Historical code is reference evidence, not a source-assigned code or modern SOC mapping."
261,"Separating, filtering, and clarifying machine operators",OCC1990DD,757,"Separating, filtering, and clarifying machine operators",EXACT_LABEL,"Dorn (2009), Appendix Table 2, printed p. 131: OCC1990DD code 757 has the recorded title. Balanced 1980-2005 panel. Label correspondence does not establish Wocke inclusion boundaries.",https://www.ddorn.net/data/Dorn_Thesis_Appendix.pdf#page=12 ; https://data.mendeley.com/datasets/czbvhmzwm3/1,AUTHOR_PRIMARY_TAXONOMY_DOCUMENTATION; ORIGINAL_DATASET_DOCUMENTATION,VERIFIED,LABEL_CORRESPONDENCE_ONLY,"Wocke V1 DOI 10.17632/czbvhmzwm3.1 documents multi-source cross-referencing (DOT, 2010 SOC/OES, Frey-Osborne, Autor-Dorn, Caines). Canonical OCC1990DD taxonomy and local extraction lineage are NOT PROVEN. Historical code is reference evidence, not a source-assigned code or modern SOC mapping."
262,Food roasting and baking machine operators,OCC1990DD,763,Food roasting and baking machine operators,EXACT_LABEL,"Dorn (2009), Appendix Table 2, printed p. 131: OCC1990DD code 763 has the recorded title. Balanced 1980-2005 panel. Label correspondence does not establish Wocke inclusion boundaries.",https://www.ddorn.net/data/Dorn_Thesis_Appendix.pdf#page=12 ; https://data.mendeley.com/datasets/czbvhmzwm3/1,AUTHOR_PRIMARY_TAXONOMY_DOCUMENTATION; ORIGINAL_DATASET_DOCUMENTATION,VERIFIED,LABEL_CORRESPONDENCE_ONLY,"Wocke V1 DOI 10.17632/czbvhmzwm3.1 documents multi-source cross-referencing (DOT, 2010 SOC/OES, Frey-Osborne, Autor-Dorn, Caines). Canonical OCC1990DD taxonomy and local extraction lineage are NOT PROVEN. Historical code is reference evidence, not a source-assigned code or modern SOC mapping."
263,"Washing, cleaning, and pickling machine operators",OCC1990DD,764,"Washing, cleaning, and pickling machine operators",EXACT_LABEL,"Dorn (2009), Appendix Table 2, printed p. 131: OCC1990DD code 764 has the recorded title. Balanced 1980-2005 panel. Label correspondence does not establish Wocke inclusion boundaries.",https://www.ddorn.net/data/Dorn_Thesis_Appendix.pdf#page=12 ; https://data.mendeley.com/datasets/czbvhmzwm3/1,AUTHOR_PRIMARY_TAXONOMY_DOCUMENTATION; ORIGINAL_DATASET_DOCUMENTATION,VERIFIED,LABEL_CORRESPONDENCE_ONLY,"Wocke V1 DOI 10.17632/czbvhmzwm3.1 documents multi-source cross-referencing (DOT, 2010 SOC/OES, Frey-Osborne, Autor-Dorn, Caines). Canonical OCC1990DD taxonomy and local extraction lineage are NOT PROVEN. Historical code is reference evidence, not a source-assigned code or modern SOC mapping."
264,Paper folding machine operators,OCC1990DD,765,Paper folding machine operators,EXACT_LABEL,"Dorn (2009), Appendix Table 2, printed p. 131: OCC1990DD code 765 has the recorded title. Balanced 1980-2005 panel. Label correspondence does not establish Wocke inclusion boundaries.",https://www.ddorn.net/data/Dorn_Thesis_Appendix.pdf#page=12 ; https://data.mendeley.com/datasets/czbvhmzwm3/1,AUTHOR_PRIMARY_TAXONOMY_DOCUMENTATION; ORIGINAL_DATASET_DOCUMENTATION,VERIFIED,LABEL_CORRESPONDENCE_ONLY,"Wocke V1 DOI 10.17632/czbvhmzwm3.1 documents multi-source cross-referencing (DOT, 2010 SOC/OES, Frey-Osborne, Autor-Dorn, Caines). Canonical OCC1990DD taxonomy and local extraction lineage are NOT PROVEN. Historical code is reference evidence, not a source-assigned code or modern SOC mapping."
265,"Furnace, kiln, and oven operators, apart from food",OCC1990DD,766,"Furnance, kiln, and oven operators, apart from food",CLOSE_VARIANT,"Dorn (2009), Appendix Table 2, printed p. 131: OCC1990DD code 766 has the recorded title. Balanced 1980-2005 panel. Label correspondence does not establish Wocke inclusion boundaries.",https://www.ddorn.net/data/Dorn_Thesis_Appendix.pdf#page=12 ; https://data.mendeley.com/datasets/czbvhmzwm3/1,AUTHOR_PRIMARY_TAXONOMY_DOCUMENTATION; ORIGINAL_DATASET_DOCUMENTATION,PARTIALLY_VERIFIED,LABEL_CORRESPONDENCE_ONLY,"Wocke V1 DOI 10.17632/czbvhmzwm3.1 documents multi-source cross-referencing (DOT, 2010 SOC/OES, Frey-Osborne, Autor-Dorn, Caines). Canonical OCC1990DD taxonomy and local extraction lineage are NOT PROVEN. Historical code is reference evidence, not a source-assigned code or modern SOC mapping. CLOSE_VARIANT documents a spelling difference only; correspondence is partially verified. No alias applied."
266,"Slicing, cutting, crushing and grinding machine",UNKNOWN,,,NO_VERIFIED_MATCH,Source label is truncated. Available PDF text extraction truncates the corresponding historical row; full code/title/scope correspondence not verified. No historical code assigned.,https://www.ddorn.net/data/Dorn_Thesis_Appendix.pdf ; https://data.mendeley.com/datasets/czbvhmzwm3/1,AUTHOR_PRIMARY_TAXONOMY_DOCUMENTATION; ORIGINAL_DATASET_DOCUMENTATION,NOT_VERIFIED,CANONICAL_TAXONOMY_NOT_PROVEN,"Wocke V1 DOI 10.17632/czbvhmzwm3.1 documents multi-source cross-referencing (DOT, 2010 SOC/OES, Frey-Osborne, Autor-Dorn, Caines). Canonical OCC1990DD taxonomy and local extraction lineage are NOT PROVEN. Historical code is reference evidence, not a source-assigned code or modern SOC mapping. NOT_VERIFIED denotes evidence limitation, not absence of a historical category."
267,Photographic process workers,OCC1990DD,774,Photographic process workers,EXACT_LABEL,"Dorn (2009), Appendix Table 2, printed p. 131: OCC1990DD code 774 has the recorded title. Balanced 1980-2005 panel. Label correspondence does not establish Wocke inclusion boundaries.",https://www.ddorn.net/data/Dorn_Thesis_Appendix.pdf#page=12 ; https://data.mendeley.com/datasets/czbvhmzwm3/1,AUTHOR_PRIMARY_TAXONOMY_DOCUMENTATION; ORIGINAL_DATASET_DOCUMENTATION,VERIFIED,LABEL_CORRESPONDENCE_ONLY,"Wocke V1 DOI 10.17632/czbvhmzwm3.1 documents multi-source cross-referencing (DOT, 2010 SOC/OES, Frey-Osborne, Autor-Dorn, Caines). Canonical OCC1990DD taxonomy and local extraction lineage are NOT PROVEN. Historical code is reference evidence, not a source-assigned code or modern SOC mapping."
268,"Welders, solderers, and metal cutters",OCC1990DD,783,"Welders, solderers, and metal cutters",EXACT_LABEL,"Dorn (2009), Appendix Table 2, printed p. 132: OCC1990DD code 783 has the recorded title. Balanced 1980-2005 panel. Label correspondence does not establish Wocke inclusion boundaries.",https://www.ddorn.net/data/Dorn_Thesis_Appendix.pdf#page=13 ; https://data.mendeley.com/datasets/czbvhmzwm3/1,AUTHOR_PRIMARY_TAXONOMY_DOCUMENTATION; ORIGINAL_DATASET_DOCUMENTATION,VERIFIED,LABEL_CORRESPONDENCE_ONLY,"Wocke V1 DOI 10.17632/czbvhmzwm3.1 documents multi-source cross-referencing (DOT, 2010 SOC/OES, Frey-Osborne, Autor-Dorn, Caines). Canonical OCC1990DD taxonomy and local extraction lineage are NOT PROVEN. Historical code is reference evidence, not a source-assigned code or modern SOC mapping."
269,Assemblers of electrical equipment,OCC1990DD,785,Assemblers of electrical equipment,EXACT_LABEL,"Dorn (2009), Appendix Table 2, printed p. 132: OCC1990DD code 785 has the recorded title. Balanced 1980-2005 panel. Label correspondence does not establish Wocke inclusion boundaries.",https://www.ddorn.net/data/Dorn_Thesis_Appendix.pdf#page=13 ; https://data.mendeley.com/datasets/czbvhmzwm3/1,AUTHOR_PRIMARY_TAXONOMY_DOCUMENTATION; ORIGINAL_DATASET_DOCUMENTATION,VERIFIED,LABEL_CORRESPONDENCE_ONLY,"Wocke V1 DOI 10.17632/czbvhmzwm3.1 documents multi-source cross-referencing (DOT, 2010 SOC/OES, Frey-Osborne, Autor-Dorn, Caines). Canonical OCC1990DD taxonomy and local extraction lineage are NOT PROVEN. Historical code is reference evidence, not a source-assigned code or modern SOC mapping."
270,Painting and decoration occupations,OCC1990DD,789,Painting and decoration occupations,EXACT_LABEL,"Dorn (2009), Appendix Table 2, printed p. 132: OCC1990DD code 789 has the recorded title. Balanced 1980-2005 panel. Label correspondence does not establish Wocke inclusion boundaries.",https://www.ddorn.net/data/Dorn_Thesis_Appendix.pdf#page=13 ; https://data.mendeley.com/datasets/czbvhmzwm3/1,AUTHOR_PRIMARY_TAXONOMY_DOCUMENTATION; ORIGINAL_DATASET_DOCUMENTATION,VERIFIED,LABEL_CORRESPONDENCE_ONLY,"Wocke V1 DOI 10.17632/czbvhmzwm3.1 documents multi-source cross-referencing (DOT, 2010 SOC/OES, Frey-Osborne, Autor-Dorn, Caines). Canonical OCC1990DD taxonomy and local extraction lineage are NOT PROVEN. Historical code is reference evidence, not a source-assigned code or modern SOC mapping."
271,Supervisors of motor vehicle transportation,OCC1990DD,803,Supervisors of motor vehicle transportation,EXACT_LABEL,"Dorn (2009), Appendix Table 2, printed p. 132: OCC1990DD code 803 has the recorded title. Balanced 1980-2005 panel. Label correspondence does not establish Wocke inclusion boundaries.",https://www.ddorn.net/data/Dorn_Thesis_Appendix.pdf#page=13 ; https://data.mendeley.com/datasets/czbvhmzwm3/1,AUTHOR_PRIMARY_TAXONOMY_DOCUMENTATION; ORIGINAL_DATASET_DOCUMENTATION,VERIFIED,LABEL_CORRESPONDENCE_ONLY,"Wocke V1 DOI 10.17632/czbvhmzwm3.1 documents multi-source cross-referencing (DOT, 2010 SOC/OES, Frey-Osborne, Autor-Dorn, Caines). Canonical OCC1990DD taxonomy and local extraction lineage are NOT PROVEN. Historical code is reference evidence, not a source-assigned code or modern SOC mapping."
272,"Truck, delivery, and tractor drivers",OCC1990DD,804,"Truck, delivery, and tractor drivers",EXACT_LABEL,"Dorn (2009), Appendix Table 2, printed p. 132: OCC1990DD code 804 has the recorded title. Balanced 1980-2005 panel. Label correspondence does not establish Wocke inclusion boundaries.",https://www.ddorn.net/data/Dorn_Thesis_Appendix.pdf#page=13 ; https://data.mendeley.com/datasets/czbvhmzwm3/1,AUTHOR_PRIMARY_TAXONOMY_DOCUMENTATION; ORIGINAL_DATASET_DOCUMENTATION,VERIFIED,LABEL_CORRESPONDENCE_ONLY,"Wocke V1 DOI 10.17632/czbvhmzwm3.1 documents multi-source cross-referencing (DOT, 2010 SOC/OES, Frey-Osborne, Autor-Dorn, Caines). Canonical OCC1990DD taxonomy and local extraction lineage are NOT PROVEN. Historical code is reference evidence, not a source-assigned code or modern SOC mapping."
273,Bus drivers,OCC1990DD,808,Bus drivers,EXACT_LABEL,"Dorn (2009), Appendix Table 2, printed p. 132: OCC1990DD code 808 has the recorded title. Balanced 1980-2005 panel. Label correspondence does not establish Wocke inclusion boundaries.",https://www.ddorn.net/data/Dorn_Thesis_Appendix.pdf#page=13 ; https://data.mendeley.com/datasets/czbvhmzwm3/1,AUTHOR_PRIMARY_TAXONOMY_DOCUMENTATION; ORIGINAL_DATASET_DOCUMENTATION,VERIFIED,LABEL_CORRESPONDENCE_ONLY,"Wocke V1 DOI 10.17632/czbvhmzwm3.1 documents multi-source cross-referencing (DOT, 2010 SOC/OES, Frey-Osborne, Autor-Dorn, Caines). Canonical OCC1990DD taxonomy and local extraction lineage are NOT PROVEN. Historical code is reference evidence, not a source-assigned code or modern SOC mapping."
274,Taxi cab drivers and chauffeurs,OCC1990DD,809,Taxi cab drivers and chauffeurs,EXACT_LABEL,"Dorn (2009), Appendix Table 2, printed p. 132: OCC1990DD code 809 has the recorded title. Balanced 1980-2005 panel. Label correspondence does not establish Wocke inclusion boundaries.",https://www.ddorn.net/data/Dorn_Thesis_Appendix.pdf#page=13 ; https://data.mendeley.com/datasets/czbvhmzwm3/1,AUTHOR_PRIMARY_TAXONOMY_DOCUMENTATION; ORIGINAL_DATASET_DOCUMENTATION,VERIFIED,LABEL_CORRESPONDENCE_ONLY,"Wocke V1 DOI 10.17632/czbvhmzwm3.1 documents multi-source cross-referencing (DOT, 2010 SOC/OES, Frey-Osborne, Autor-Dorn, Caines). Canonical OCC1990DD taxonomy and local extraction lineage are NOT PROVEN. Historical code is reference evidence, not a source-assigned code or modern SOC mapping."
275,Parking lot attendants,OCC1990DD,813,Parking lot attendants,EXACT_LABEL,"Dorn (2009), Appendix Table 2, printed p. 132: OCC1990DD code 813 has the recorded title. Balanced 1980-2005 panel. Label correspondence does not establish Wocke inclusion boundaries.",https://www.ddorn.net/data/Dorn_Thesis_Appendix.pdf#page=13 ; https://data.mendeley.com/datasets/czbvhmzwm3/1,AUTHOR_PRIMARY_TAXONOMY_DOCUMENTATION; ORIGINAL_DATASET_DOCUMENTATION,VERIFIED,LABEL_CORRESPONDENCE_ONLY,"Wocke V1 DOI 10.17632/czbvhmzwm3.1 documents multi-source cross-referencing (DOT, 2010 SOC/OES, Frey-Osborne, Autor-Dorn, Caines). Canonical OCC1990DD taxonomy and local extraction lineage are NOT PROVEN. Historical code is reference evidence, not a source-assigned code or modern SOC mapping."
276,Railroad conductors and yardmasters,OCC1990DD,823,Railroad conductors and yardmasters,EXACT_LABEL,"Dorn (2009), Appendix Table 2, printed p. 132: OCC1990DD code 823 has the recorded title. Balanced 1980-2005 panel. Label correspondence does not establish Wocke inclusion boundaries.",https://www.ddorn.net/data/Dorn_Thesis_Appendix.pdf#page=13 ; https://data.mendeley.com/datasets/czbvhmzwm3/1,AUTHOR_PRIMARY_TAXONOMY_DOCUMENTATION; ORIGINAL_DATASET_DOCUMENTATION,VERIFIED,LABEL_CORRESPONDENCE_ONLY,"Wocke V1 DOI 10.17632/czbvhmzwm3.1 documents multi-source cross-referencing (DOT, 2010 SOC/OES, Frey-Osborne, Autor-Dorn, Caines). Canonical OCC1990DD taxonomy and local extraction lineage are NOT PROVEN. Historical code is reference evidence, not a source-assigned code or modern SOC mapping."
277,Locomotive operators: engineers and firemen,OCC1990DD,824,Locomotive operators: engineers and firemen,EXACT_LABEL,"Dorn (2009), Appendix Table 2, printed p. 132: OCC1990DD code 824 has the recorded title. Balanced 1980-2005 panel. Label correspondence does not establish Wocke inclusion boundaries.",https://www.ddorn.net/data/Dorn_Thesis_Appendix.pdf#page=13 ; https://data.mendeley.com/datasets/czbvhmzwm3/1,AUTHOR_PRIMARY_TAXONOMY_DOCUMENTATION; ORIGINAL_DATASET_DOCUMENTATION,VERIFIED,LABEL_CORRESPONDENCE_ONLY,"Wocke V1 DOI 10.17632/czbvhmzwm3.1 documents multi-source cross-referencing (DOT, 2010 SOC/OES, Frey-Osborne, Autor-Dorn, Caines). Canonical OCC1990DD taxonomy and local extraction lineage are NOT PROVEN. Historical code is reference evidence, not a source-assigned code or modern SOC mapping."
278,"Railroad brake, coupler, and switch operators",OCC1990DD,825,"Railroad brake, coupler, and switch operators",EXACT_LABEL,"Dorn (2009), Appendix Table 2, printed p. 132: OCC1990DD code 825 has the recorded title. Balanced 1980-2005 panel. Label correspondence does not establish Wocke inclusion boundaries.",https://www.ddorn.net/data/Dorn_Thesis_Appendix.pdf#page=13 ; https://data.mendeley.com/datasets/czbvhmzwm3/1,AUTHOR_PRIMARY_TAXONOMY_DOCUMENTATION; ORIGINAL_DATASET_DOCUMENTATION,VERIFIED,LABEL_CORRESPONDENCE_ONLY,"Wocke V1 DOI 10.17632/czbvhmzwm3.1 documents multi-source cross-referencing (DOT, 2010 SOC/OES, Frey-Osborne, Autor-Dorn, Caines). Canonical OCC1990DD taxonomy and local extraction lineage are NOT PROVEN. Historical code is reference evidence, not a source-assigned code or modern SOC mapping."
279,Ship crews and marine engineers,OCC1990DD,829,Ship crews and marine engineers,EXACT_LABEL,"Dorn (2009), Appendix Table 2, printed p. 132: OCC1990DD code 829 has the recorded title. Balanced 1980-2005 panel. Label correspondence does not establish Wocke inclusion boundaries.",https://www.ddorn.net/data/Dorn_Thesis_Appendix.pdf#page=13 ; https://data.mendeley.com/datasets/czbvhmzwm3/1,AUTHOR_PRIMARY_TAXONOMY_DOCUMENTATION; ORIGINAL_DATASET_DOCUMENTATION,VERIFIED,LABEL_CORRESPONDENCE_ONLY,"Wocke V1 DOI 10.17632/czbvhmzwm3.1 documents multi-source cross-referencing (DOT, 2010 SOC/OES, Frey-Osborne, Autor-Dorn, Caines). Canonical OCC1990DD taxonomy and local extraction lineage are NOT PROVEN. Historical code is reference evidence, not a source-assigned code or modern SOC mapping."
280,Operating engineers of construction equipment,OCC1990DD,844,Operating engineers of construction equipment,EXACT_LABEL,"Dorn (2009), Appendix Table 2, printed p. 132: OCC1990DD code 844 has the recorded title. Balanced 1980-2005 panel. Label correspondence does not establish Wocke inclusion boundaries.",https://www.ddorn.net/data/Dorn_Thesis_Appendix.pdf#page=13 ; https://data.mendeley.com/datasets/czbvhmzwm3/1,AUTHOR_PRIMARY_TAXONOMY_DOCUMENTATION; ORIGINAL_DATASET_DOCUMENTATION,VERIFIED,LABEL_CORRESPONDENCE_ONLY,"Wocke V1 DOI 10.17632/czbvhmzwm3.1 documents multi-source cross-referencing (DOT, 2010 SOC/OES, Frey-Osborne, Autor-Dorn, Caines). Canonical OCC1990DD taxonomy and local extraction lineage are NOT PROVEN. Historical code is reference evidence, not a source-assigned code or modern SOC mapping."
281,"Crane, derrick, winch, hoist, longshore operators",OCC1990DD,848,"Crane, derrick, winch, hoist, longshore operators",EXACT_LABEL,"Dorn (2009), Appendix Table 2, printed p. 132: OCC1990DD code 848 has the recorded title. Balanced 1980-2005 panel. Label correspondence does not establish Wocke inclusion boundaries.",https://www.ddorn.net/data/Dorn_Thesis_Appendix.pdf#page=13 ; https://data.mendeley.com/datasets/czbvhmzwm3/1,AUTHOR_PRIMARY_TAXONOMY_DOCUMENTATION; ORIGINAL_DATASET_DOCUMENTATION,VERIFIED,LABEL_CORRESPONDENCE_ONLY,"Wocke V1 DOI 10.17632/czbvhmzwm3.1 documents multi-source cross-referencing (DOT, 2010 SOC/OES, Frey-Osborne, Autor-Dorn, Caines). Canonical OCC1990DD taxonomy and local extraction lineage are NOT PROVEN. Historical code is reference evidence, not a source-assigned code or modern SOC mapping."
282,Excavating and loading machine operators,OCC1990DD,853,Excavating and loading machine operators,EXACT_LABEL,"Dorn (2009), Appendix Table 2, printed p. 132: OCC1990DD code 853 has the recorded title. Balanced 1980-2005 panel. Label correspondence does not establish Wocke inclusion boundaries.",https://www.ddorn.net/data/Dorn_Thesis_Appendix.pdf#page=13 ; https://data.mendeley.com/datasets/czbvhmzwm3/1,AUTHOR_PRIMARY_TAXONOMY_DOCUMENTATION; ORIGINAL_DATASET_DOCUMENTATION,VERIFIED,LABEL_CORRESPONDENCE_ONLY,"Wocke V1 DOI 10.17632/czbvhmzwm3.1 documents multi-source cross-referencing (DOT, 2010 SOC/OES, Frey-Osborne, Autor-Dorn, Caines). Canonical OCC1990DD taxonomy and local extraction lineage are NOT PROVEN. Historical code is reference evidence, not a source-assigned code or modern SOC mapping."
283,"Helpers, constructions",OCC1990DD,865,"Helpers, constructions",EXACT_LABEL,"Dorn (2009), Appendix Table 2, printed p. 132: OCC1990DD code 865 has the recorded title. Balanced 1980-2005 panel. Label correspondence does not establish Wocke inclusion boundaries.",https://www.ddorn.net/data/Dorn_Thesis_Appendix.pdf#page=13 ; https://data.mendeley.com/datasets/czbvhmzwm3/1,AUTHOR_PRIMARY_TAXONOMY_DOCUMENTATION; ORIGINAL_DATASET_DOCUMENTATION,VERIFIED,LABEL_CORRESPONDENCE_ONLY,"Wocke V1 DOI 10.17632/czbvhmzwm3.1 documents multi-source cross-referencing (DOT, 2010 SOC/OES, Frey-Osborne, Autor-Dorn, Caines). Canonical OCC1990DD taxonomy and local extraction lineage are NOT PROVEN. Historical code is reference evidence, not a source-assigned code or modern SOC mapping."
284,Construction laborers,OCC1990DD,869,Construction laborers,EXACT_LABEL,"Dorn (2009), Appendix Table 2, printed p. 132: OCC1990DD code 869 has the recorded title. Balanced 1980-2005 panel. Label correspondence does not establish Wocke inclusion boundaries.",https://www.ddorn.net/data/Dorn_Thesis_Appendix.pdf#page=13 ; https://data.mendeley.com/datasets/czbvhmzwm3/1,AUTHOR_PRIMARY_TAXONOMY_DOCUMENTATION; ORIGINAL_DATASET_DOCUMENTATION,VERIFIED,LABEL_CORRESPONDENCE_ONLY,"Wocke V1 DOI 10.17632/czbvhmzwm3.1 documents multi-source cross-referencing (DOT, 2010 SOC/OES, Frey-Osborne, Autor-Dorn, Caines). Canonical OCC1990DD taxonomy and local extraction lineage are NOT PROVEN. Historical code is reference evidence, not a source-assigned code or modern SOC mapping."
285,Production helpers,OCC1990DD,873,Production helpers,EXACT_LABEL,"Dorn (2009), Appendix Table 2, printed p. 132: OCC1990DD code 873 has the recorded title. Balanced 1980-2005 panel. Label correspondence does not establish Wocke inclusion boundaries.",https://www.ddorn.net/data/Dorn_Thesis_Appendix.pdf#page=13 ; https://data.mendeley.com/datasets/czbvhmzwm3/1,AUTHOR_PRIMARY_TAXONOMY_DOCUMENTATION; ORIGINAL_DATASET_DOCUMENTATION,VERIFIED,LABEL_CORRESPONDENCE_ONLY,"Wocke V1 DOI 10.17632/czbvhmzwm3.1 documents multi-source cross-referencing (DOT, 2010 SOC/OES, Frey-Osborne, Autor-Dorn, Caines). Canonical OCC1990DD taxonomy and local extraction lineage are NOT PROVEN. Historical code is reference evidence, not a source-assigned code or modern SOC mapping."
286,Garbage and recyclable material collectors,OCC1990DD,875,Garbage and recyclable material collectors,EXACT_LABEL,"Dorn (2009), Appendix Table 2, printed p. 132: OCC1990DD code 875 has the recorded title. Balanced 1980-2005 panel. Label correspondence does not establish Wocke inclusion boundaries.",https://www.ddorn.net/data/Dorn_Thesis_Appendix.pdf#page=13 ; https://data.mendeley.com/datasets/czbvhmzwm3/1,AUTHOR_PRIMARY_TAXONOMY_DOCUMENTATION; ORIGINAL_DATASET_DOCUMENTATION,VERIFIED,LABEL_CORRESPONDENCE_ONLY,"Wocke V1 DOI 10.17632/czbvhmzwm3.1 documents multi-source cross-referencing (DOT, 2010 SOC/OES, Frey-Osborne, Autor-Dorn, Caines). Canonical OCC1990DD taxonomy and local extraction lineage are NOT PROVEN. Historical code is reference evidence, not a source-assigned code or modern SOC mapping."
287,Machine feeders and offbearers,OCC1990DD,878,Machine feeders and offbearers,EXACT_LABEL,"Dorn (2009), Appendix Table 2, printed p. 132: OCC1990DD code 878 has the recorded title. Balanced 1980-2005 panel. Label correspondence does not establish Wocke inclusion boundaries.",https://www.ddorn.net/data/Dorn_Thesis_Appendix.pdf#page=13 ; https://data.mendeley.com/datasets/czbvhmzwm3/1,AUTHOR_PRIMARY_TAXONOMY_DOCUMENTATION; ORIGINAL_DATASET_DOCUMENTATION,VERIFIED,LABEL_CORRESPONDENCE_ONLY,"Wocke V1 DOI 10.17632/czbvhmzwm3.1 documents multi-source cross-referencing (DOT, 2010 SOC/OES, Frey-Osborne, Autor-Dorn, Caines). Canonical OCC1990DD taxonomy and local extraction lineage are NOT PROVEN. Historical code is reference evidence, not a source-assigned code or modern SOC mapping."
288,Garage and service station related occupations,OCC1990DD,885,Garage and service station related occupations,EXACT_LABEL,"Dorn (2009), Appendix Table 2, printed p. 132: OCC1990DD code 885 has the recorded title. Balanced 1980-2005 panel. Label correspondence does not establish Wocke inclusion boundaries.",https://www.ddorn.net/data/Dorn_Thesis_Appendix.pdf#page=13 ; https://data.mendeley.com/datasets/czbvhmzwm3/1,AUTHOR_PRIMARY_TAXONOMY_DOCUMENTATION; ORIGINAL_DATASET_DOCUMENTATION,VERIFIED,LABEL_CORRESPONDENCE_ONLY,"Wocke V1 DOI 10.17632/czbvhmzwm3.1 documents multi-source cross-referencing (DOT, 2010 SOC/OES, Frey-Osborne, Autor-Dorn, Caines). Canonical OCC1990DD taxonomy and local extraction lineage are NOT PROVEN. Historical code is reference evidence, not a source-assigned code or modern SOC mapping."
289,Vehicle washers and equipment cleaners,OCC1990DD,887,Vehicle washers and equipment cleaners,EXACT_LABEL,"Dorn (2009), Appendix Table 2, printed p. 132: OCC1990DD code 887 has the recorded title. Balanced 1980-2005 panel. Label correspondence does not establish Wocke inclusion boundaries.",https://www.ddorn.net/data/Dorn_Thesis_Appendix.pdf#page=13 ; https://data.mendeley.com/datasets/czbvhmzwm3/1,AUTHOR_PRIMARY_TAXONOMY_DOCUMENTATION; ORIGINAL_DATASET_DOCUMENTATION,VERIFIED,LABEL_CORRESPONDENCE_ONLY,"Wocke V1 DOI 10.17632/czbvhmzwm3.1 documents multi-source cross-referencing (DOT, 2010 SOC/OES, Frey-Osborne, Autor-Dorn, Caines). Canonical OCC1990DD taxonomy and local extraction lineage are NOT PROVEN. Historical code is reference evidence, not a source-assigned code or modern SOC mapping."
290,Packers and packagers by hand,OCC1990DD,888,Packers and packagers by hand,EXACT_LABEL,"Dorn (2009), Appendix Table 2, printed p. 132: OCC1990DD code 888 has the recorded title. Balanced 1980-2005 panel. Label correspondence does not establish Wocke inclusion boundaries.",https://www.ddorn.net/data/Dorn_Thesis_Appendix.pdf#page=13 ; https://data.mendeley.com/datasets/czbvhmzwm3/1,AUTHOR_PRIMARY_TAXONOMY_DOCUMENTATION; ORIGINAL_DATASET_DOCUMENTATION,VERIFIED,LABEL_CORRESPONDENCE_ONLY,"Wocke V1 DOI 10.17632/czbvhmzwm3.1 documents multi-source cross-referencing (DOT, 2010 SOC/OES, Frey-Osborne, Autor-Dorn, Caines). Canonical OCC1990DD taxonomy and local extraction lineage are NOT PROVEN. Historical code is reference evidence, not a source-assigned code or modern SOC mapping."
291,"Laborers, freight, stock, and material handlers, n.e.c.",OCC1990DD,889,"Laborers, freight, stock, and material handlers, n.e.c.",EXACT_LABEL,"Dorn (2009), Appendix Table 2, printed p. 132: OCC1990DD code 889 has the recorded title. Balanced 1980-2005 panel. Label correspondence does not establish Wocke inclusion boundaries. Residual category; precise exclusions and Wocke membership remain unresolved.",https://www.ddorn.net/data/Dorn_Thesis_Appendix.pdf#page=13 ; https://data.mendeley.com/datasets/czbvhmzwm3/1,AUTHOR_PRIMARY_TAXONOMY_DOCUMENTATION; ORIGINAL_DATASET_DOCUMENTATION,VERIFIED,LABEL_CORRESPONDENCE_ONLY,"Wocke V1 DOI 10.17632/czbvhmzwm3.1 documents multi-source cross-referencing (DOT, 2010 SOC/OES, Frey-Osborne, Autor-Dorn, Caines). Canonical OCC1990DD taxonomy and local extraction lineage are NOT PROVEN. Historical code is reference evidence, not a source-assigned code or modern SOC mapping."
