occupation_title,bls_matrix_code,occupation_type,employment_2025_thousands,employment_2035_thousands,employment_change_numeric_2025_2035,employment_change_percent_2025_2035,occupational_openings_annual_average_2025_2035,median_annual_wage_dollars_2025,typical_education_needed_for_entry,source,period,units_employment,not_automation_exposure_target,join_note
"Total, all occupations",00-0000,Summary,170280.8,176198.5,5917.6,3.5,17461.8,50980,—,BLS Employment Projections Occupation.xlsx Table 1.2,2025-2035,thousands,true,Optional exact join: O*NET occupation_code first 7 characters (SOC detailed XX-XXXX) == bls_matrix_code. Not a fuzzy match. Not a task-exposure label.
  Management occupations,11-0000,Summary,13683.4,14527.6,844.2,6.2,1081.7,126520,—,BLS Employment Projections Occupation.xlsx Table 1.2,2025-2035,thousands,true,Optional exact join: O*NET occupation_code first 7 characters (SOC detailed XX-XXXX) == bls_matrix_code. Not a fuzzy match. Not a task-exposure label.
    Top executives,11-1000,Summary,3904.1,4095.2,191.1,4.9,305.1,108510,—,BLS Employment Projections Occupation.xlsx Table 1.2,2025-2035,thousands,true,Optional exact join: O*NET occupation_code first 7 characters (SOC detailed XX-XXXX) == bls_matrix_code. Not a fuzzy match. Not a task-exposure label.
      Chief executives,11-1011,Line item,291.6,300.9,9.3,3.2,19.1,213990,Bachelor's degree,BLS Employment Projections Occupation.xlsx Table 1.2,2025-2035,thousands,true,Optional exact join: O*NET occupation_code first 7 characters (SOC detailed XX-XXXX) == bls_matrix_code. Not a fuzzy match. Not a task-exposure label.
      General and operations managers,11-1021,Line item,3599,3780.3,181.3,5,285,105770,Bachelor's degree,BLS Employment Projections Occupation.xlsx Table 1.2,2025-2035,thousands,true,Optional exact join: O*NET occupation_code first 7 characters (SOC detailed XX-XXXX) == bls_matrix_code. Not a fuzzy match. Not a task-exposure label.
"    Advertising, marketing, promotions, public relations, and sales managers",11-2000,Summary,1234.5,1298.6,64.1,5.2,93.4,155780,—,BLS Employment Projections Occupation.xlsx Table 1.2,2025-2035,thousands,true,Optional exact join: O*NET occupation_code first 7 characters (SOC detailed XX-XXXX) == bls_matrix_code. Not a fuzzy match. Not a task-exposure label.
      Advertising and promotions managers,11-2011,Line item,33.2,31.9,-1.2,-3.7,2.3,133660,Bachelor's degree,BLS Employment Projections Occupation.xlsx Table 1.2,2025-2035,thousands,true,Optional exact join: O*NET occupation_code first 7 characters (SOC detailed XX-XXXX) == bls_matrix_code. Not a fuzzy match. Not a task-exposure label.
      Marketing and sales managers,11-2020,Summary,1071.7,1129.9,58.1,5.4,81.2,158040,—,BLS Employment Projections Occupation.xlsx Table 1.2,2025-2035,thousands,true,Optional exact join: O*NET occupation_code first 7 characters (SOC detailed XX-XXXX) == bls_matrix_code. Not a fuzzy match. Not a task-exposure label.
        Marketing managers,11-2021,Line item,421.6,450.8,29.1,6.9,34,166790,Bachelor's degree,BLS Employment Projections Occupation.xlsx Table 1.2,2025-2035,thousands,true,Optional exact join: O*NET occupation_code first 7 characters (SOC detailed XX-XXXX) == bls_matrix_code. Not a fuzzy match. Not a task-exposure label.
        Sales managers,11-2022,Line item,650.1,679.1,29,4.5,47.3,148270,Bachelor's degree,BLS Employment Projections Occupation.xlsx Table 1.2,2025-2035,thousands,true,Optional exact join: O*NET occupation_code first 7 characters (SOC detailed XX-XXXX) == bls_matrix_code. Not a fuzzy match. Not a task-exposure label.
      Public relations and fundraising managers,11-2030,Summary,129.6,136.8,7.2,5.6,9.8,136470,—,BLS Employment Projections Occupation.xlsx Table 1.2,2025-2035,thousands,true,Optional exact join: O*NET occupation_code first 7 characters (SOC detailed XX-XXXX) == bls_matrix_code. Not a fuzzy match. Not a task-exposure label.
        Public relations managers,11-2032,Line item,80.8,85.4,4.6,5.7,6.1,146910,Bachelor's degree,BLS Employment Projections Occupation.xlsx Table 1.2,2025-2035,thousands,true,Optional exact join: O*NET occupation_code first 7 characters (SOC detailed XX-XXXX) == bls_matrix_code. Not a fuzzy match. Not a task-exposure label.
        Fundraising managers,11-2033,Line item,48.8,51.4,2.6,5.4,3.7,125470,Bachelor's degree,BLS Employment Projections Occupation.xlsx Table 1.2,2025-2035,thousands,true,Optional exact join: O*NET occupation_code first 7 characters (SOC detailed XX-XXXX) == bls_matrix_code. Not a fuzzy match. Not a task-exposure label.
    Operations specialties managers,11-3000,Summary,2877.7,3132.6,254.9,8.9,219.5,150690,—,BLS Employment Projections Occupation.xlsx Table 1.2,2025-2035,thousands,true,Optional exact join: O*NET occupation_code first 7 characters (SOC detailed XX-XXXX) == bls_matrix_code. Not a fuzzy match. Not a task-exposure label.
      Administrative services and facilities managers,11-3010,Summary,444.8,466.8,22,4.9,36.1,110500,—,BLS Employment Projections Occupation.xlsx Table 1.2,2025-2035,thousands,true,Optional exact join: O*NET occupation_code first 7 characters (SOC detailed XX-XXXX) == bls_matrix_code. Not a fuzzy match. Not a task-exposure label.
        Administrative services managers,11-3012,Line item,279,293.3,14.4,5.2,22,114130,Bachelor's degree,BLS Employment Projections Occupation.xlsx Table 1.2,2025-2035,thousands,true,Optional exact join: O*NET occupation_code first 7 characters (SOC detailed XX-XXXX) == bls_matrix_code. Not a fuzzy match. Not a task-exposure label.
        Facilities managers,11-3013,Line item,165.9,173.5,7.6,4.6,14.2,106660,Bachelor's degree,BLS Employment Projections Occupation.xlsx Table 1.2,2025-2035,thousands,true,Optional exact join: O*NET occupation_code first 7 characters (SOC detailed XX-XXXX) == bls_matrix_code. Not a fuzzy match. Not a task-exposure label.
      Computer and information systems managers,11-3021,Line item,685.8,793.9,108.1,15.8,53.5,175140,Bachelor's degree,BLS Employment Projections Occupation.xlsx Table 1.2,2025-2035,thousands,true,Optional exact join: O*NET occupation_code first 7 characters (SOC detailed XX-XXXX) == bls_matrix_code. Not a fuzzy match. Not a task-exposure label.
      Financial managers,11-3031,Line item,879.7,964.6,84.9,9.7,65.6,166570,Bachelor's degree,BLS Employment Projections Occupation.xlsx Table 1.2,2025-2035,thousands,true,Optional exact join: O*NET occupation_code first 7 characters (SOC detailed XX-XXXX) == bls_matrix_code. Not a fuzzy match. Not a task-exposure label.
      Industrial production managers,11-3051,Line item,252.1,258.6,6.5,2.6,17,126060,Bachelor's degree,BLS Employment Projections Occupation.xlsx Table 1.2,2025-2035,thousands,true,Optional exact join: O*NET occupation_code first 7 characters (SOC detailed XX-XXXX) == bls_matrix_code. Not a fuzzy match. Not a task-exposure label.
      Purchasing managers,11-3061,Line item,88.3,91.8,3.5,4,6.4,148080,Bachelor's degree,BLS Employment Projections Occupation.xlsx Table 1.2,2025-2035,thousands,true,Optional exact join: O*NET occupation_code first 7 characters (SOC detailed XX-XXXX) == bls_matrix_code. Not a fuzzy match. Not a task-exposure label.
"      Transportation, storage, and distribution managers",11-3071,Line item,228.1,242.1,14,6.1,18.3,107230,High school diploma or equivalent,BLS Employment Projections Occupation.xlsx Table 1.2,2025-2035,thousands,true,Optional exact join: O*NET occupation_code first 7 characters (SOC detailed XX-XXXX) == bls_matrix_code. Not a fuzzy match. Not a task-exposure label.
      Compensation and benefits managers,11-3111,Line item,23.7,24,0.3,1.1,1.6,149230,Bachelor's degree,BLS Employment Projections Occupation.xlsx Table 1.2,2025-2035,thousands,true,Optional exact join: O*NET occupation_code first 7 characters (SOC detailed XX-XXXX) == bls_matrix_code. Not a fuzzy match. Not a task-exposure label.
      Human resources managers,11-3121,Line item,224.9,237.4,12.5,5.5,16.8,149280,Bachelor's degree,BLS Employment Projections Occupation.xlsx Table 1.2,2025-2035,thousands,true,Optional exact join: O*NET occupation_code first 7 characters (SOC detailed XX-XXXX) == bls_matrix_code. Not a fuzzy match. Not a task-exposure label.
      Training and development managers,11-3131,Line item,50.2,53.5,3.2,6.4,4.1,133000,Bachelor's degree,BLS Employment Projections Occupation.xlsx Table 1.2,2025-2035,thousands,true,Optional exact join: O*NET occupation_code first 7 characters (SOC detailed XX-XXXX) == bls_matrix_code. Not a fuzzy match. Not a task-exposure label.
    Other management occupations,11-9000,Summary,5667.1,6001.2,334.1,5.9,463.7,106770,—,BLS Employment Projections Occupation.xlsx Table 1.2,2025-2035,thousands,true,Optional exact join: O*NET occupation_code first 7 characters (SOC detailed XX-XXXX) == bls_matrix_code. Not a fuzzy match. Not a task-exposure label.
"      Farmers, ranchers, and other agricultural managers",11-9013,Line item,788.7,762.2,-26.5,-3.4,70.8,89900,High school diploma or equivalent,BLS Employment Projections Occupation.xlsx Table 1.2,2025-2035,thousands,true,Optional exact join: O*NET occupation_code first 7 characters (SOC detailed XX-XXXX) == bls_matrix_code. Not a fuzzy match. Not a task-exposure label.
      Construction managers,11-9021,Line item,609.1,664.3,55.2,9.1,49.7,114990,Bachelor's degree,BLS Employment Projections Occupation.xlsx Table 1.2,2025-2035,thousands,true,Optional exact join: O*NET occupation_code first 7 characters (SOC detailed XX-XXXX) == bls_matrix_code. Not a fuzzy match. Not a task-exposure label.
      Education and childcare administrators,11-9030,Summary,729.6,730.6,1.1,0.1,44.1,102260,—,BLS Employment Projections Occupation.xlsx Table 1.2,2025-2035,thousands,true,Optional exact join: O*NET occupation_code first 7 characters (SOC detailed XX-XXXX) == bls_matrix_code. Not a fuzzy match. Not a task-exposure label.
"        Education and childcare administrators, preschool and daycare",11-9031,Line item,91.9,89,-2.9,-3.1,5.2,59300,Bachelor's degree,BLS Employment Projections Occupation.xlsx Table 1.2,2025-2035,thousands,true,Optional exact join: O*NET occupation_code first 7 characters (SOC detailed XX-XXXX) == bls_matrix_code. Not a fuzzy match. Not a task-exposure label.
"        Education administrators, kindergarten through secondary",11-9032,Line item,343.8,342.7,-1.2,-0.3,20.6,105870,Master's degree,BLS Employment Projections Occupation.xlsx Table 1.2,2025-2035,thousands,true,Optional exact join: O*NET occupation_code first 7 characters (SOC detailed XX-XXXX) == bls_matrix_code. Not a fuzzy match. Not a task-exposure label.
"        Education administrators, postsecondary",11-9033,Line item,231.8,235.9,4.1,1.8,14.5,104590,Master's degree,BLS Employment Projections Occupation.xlsx Table 1.2,2025-2035,thousands,true,Optional exact join: O*NET occupation_code first 7 characters (SOC detailed XX-XXXX) == bls_matrix_code. Not a fuzzy match. Not a task-exposure label.
"        Education administrators, all other",11-9039,Line item,62,63,1,1.6,3.9,95200,Bachelor's degree,BLS Employment Projections Occupation.xlsx Table 1.2,2025-2035,thousands,true,Optional exact join: O*NET occupation_code first 7 characters (SOC detailed XX-XXXX) == bls_matrix_code. Not a fuzzy match. Not a task-exposure label.
      Architectural and engineering managers,11-9041,Line item,220.9,233.1,12.2,5.5,14.9,171270,Bachelor's degree,BLS Employment Projections Occupation.xlsx Table 1.2,2025-2035,thousands,true,Optional exact join: O*NET occupation_code first 7 characters (SOC detailed XX-XXXX) == bls_matrix_code. Not a fuzzy match. Not a task-exposure label.
      Food service managers,11-9051,Line item,344.3,364.2,19.9,5.8,38.8,69390,High school diploma or equivalent,BLS Employment Projections Occupation.xlsx Table 1.2,2025-2035,thousands,true,Optional exact join: O*NET occupation_code first 7 characters (SOC detailed XX-XXXX) == bls_matrix_code. Not a fuzzy match. Not a task-exposure label.
      Entertainment and recreation managers,11-9070,Summary,49.4,52.3,2.8,5.8,5.7,80240,—,BLS Employment Projections Occupation.xlsx Table 1.2,2025-2035,thousands,true,Optional exact join: O*NET occupation_code first 7 characters (SOC detailed XX-XXXX) == bls_matrix_code. Not a fuzzy match. Not a task-exposure label.
        Gambling managers,11-9071,Line item,5.6,5.8,0.2,3.6,0.6,93220,High school diploma or equivalent,BLS Employment Projections Occupation.xlsx Table 1.2,2025-2035,thousands,true,Optional exact join: O*NET occupation_code first 7 characters (SOC detailed XX-XXXX) == bls_matrix_code. Not a fuzzy match. Not a task-exposure label.
"        Entertainment and recreation managers, except gambling",11-9072,Line item,43.9,46.5,2.7,6,5.1,79520,Bachelor's degree,BLS Employment Projections Occupation.xlsx Table 1.2,2025-2035,thousands,true,Optional exact join: O*NET occupation_code first 7 characters (SOC detailed XX-XXXX) == bls_matrix_code. Not a fuzzy match. Not a task-exposure label.
      Lodging managers,11-9081,Line item,54.8,56.9,2.1,3.8,5.5,69250,High school diploma or equivalent,BLS Employment Projections Occupation.xlsx Table 1.2,2025-2035,thousands,true,Optional exact join: O*NET occupation_code first 7 characters (SOC detailed XX-XXXX) == bls_matrix_code. Not a fuzzy match. Not a task-exposure label.
      Medical and health services managers,11-9111,Line item,640.4,795.5,155.1,24.2,62.3,123860,Bachelor's degree,BLS Employment Projections Occupation.xlsx Table 1.2,2025-2035,thousands,true,Optional exact join: O*NET occupation_code first 7 characters (SOC detailed XX-XXXX) == bls_matrix_code. Not a fuzzy match. Not a task-exposure label.
      Natural sciences managers,11-9121,Line item,112.2,121.5,9.2,8.2,9.2,167220,Bachelor's degree,BLS Employment Projections Occupation.xlsx Table 1.2,2025-2035,thousands,true,Optional exact join: O*NET occupation_code first 7 characters (SOC detailed XX-XXXX) == bls_matrix_code. Not a fuzzy match. Not a task-exposure label.
      Postmasters and mail superintendents,11-9131,Line item,13.3,13.2,0,-0.3,0.9,96660,High school diploma or equivalent,BLS Employment Projections Occupation.xlsx Table 1.2,2025-2035,thousands,true,Optional exact join: O*NET occupation_code first 7 characters (SOC detailed XX-XXXX) == bls_matrix_code. Not a fuzzy match. Not a task-exposure label.
"      Property, real estate, and community association managers",11-9141,Line item,460.4,477.6,17.1,3.7,36.9,69990,High school diploma or equivalent,BLS Employment Projections Occupation.xlsx Table 1.2,2025-2035,thousands,true,Optional exact join: O*NET occupation_code first 7 characters (SOC detailed XX-XXXX) == bls_matrix_code. Not a fuzzy match. Not a task-exposure label.
      Social and community service managers,11-9151,Line item,231,247.7,16.6,7.2,18.5,80390,Bachelor's degree,BLS Employment Projections Occupation.xlsx Table 1.2,2025-2035,thousands,true,Optional exact join: O*NET occupation_code first 7 characters (SOC detailed XX-XXXX) == bls_matrix_code. Not a fuzzy match. Not a task-exposure label.
      Emergency management directors,11-9161,Line item,14,14.5,0.5,3.9,1.1,93330,Bachelor's degree,BLS Employment Projections Occupation.xlsx Table 1.2,2025-2035,thousands,true,Optional exact join: O*NET occupation_code first 7 characters (SOC detailed XX-XXXX) == bls_matrix_code. Not a fuzzy match. Not a task-exposure label.
      Personal service managers,11-9170,Summary,60.2,63.3,3,5,4.5,76240,—,BLS Employment Projections Occupation.xlsx Table 1.2,2025-2035,thousands,true,Optional exact join: O*NET occupation_code first 7 characters (SOC detailed XX-XXXX) == bls_matrix_code. Not a fuzzy match. Not a task-exposure label.
        Funeral home managers,11-9171,Line item,34.8,36.2,1.4,4.1,2.6,78790,Associate's degree,BLS Employment Projections Occupation.xlsx Table 1.2,2025-2035,thousands,true,Optional exact join: O*NET occupation_code first 7 characters (SOC detailed XX-XXXX) == bls_matrix_code. Not a fuzzy match. Not a task-exposure label.
"        Personal service managers, all other",11-9179,Line item,25.5,27.1,1.6,6.2,2,69770,High school diploma or equivalent,BLS Employment Projections Occupation.xlsx Table 1.2,2025-2035,thousands,true,Optional exact join: O*NET occupation_code first 7 characters (SOC detailed XX-XXXX) == bls_matrix_code. Not a fuzzy match. Not a task-exposure label.
"      Managers, all other",11-9199,Line item,1338.8,1404.4,65.6,4.9,100.9,141900,Bachelor's degree,BLS Employment Projections Occupation.xlsx Table 1.2,2025-2035,thousands,true,Optional exact join: O*NET occupation_code first 7 characters (SOC detailed XX-XXXX) == bls_matrix_code. Not a fuzzy match. Not a task-exposure label.
  Business and financial operations occupations,13-0000,Summary,11368.5,11997.1,628.6,5.5,886.6,82660,—,BLS Employment Projections Occupation.xlsx Table 1.2,2025-2035,thousands,true,Optional exact join: O*NET occupation_code first 7 characters (SOC detailed XX-XXXX) == bls_matrix_code. Not a fuzzy match. Not a task-exposure label.
    Business operations specialists,13-1000,Summary,8043.7,8541,497.3,6.2,659.9,82060,—,BLS Employment Projections Occupation.xlsx Table 1.2,2025-2035,thousands,true,Optional exact join: O*NET occupation_code first 7 characters (SOC detailed XX-XXXX) == bls_matrix_code. Not a fuzzy match. Not a task-exposure label.
"      Agents and business managers of artists, performers, and athletes",13-1011,Line item,26.9,29.5,2.6,9.7,2.4,82890,Bachelor's degree,BLS Employment Projections Occupation.xlsx Table 1.2,2025-2035,thousands,true,Optional exact join: O*NET occupation_code first 7 characters (SOC detailed XX-XXXX) == bls_matrix_code. Not a fuzzy match. Not a task-exposure label.
      Buyers and purchasing agents,13-1020,Line item,516.1,547,30.8,6,47.2,77710,Bachelor's degree,BLS Employment Projections Occupation.xlsx Table 1.2,2025-2035,thousands,true,Optional exact join: O*NET occupation_code first 7 characters (SOC detailed XX-XXXX) == bls_matrix_code. Not a fuzzy match. Not a task-exposure label.
"      Claims adjusters, appraisers, examiners, and investigators",13-1030,Summary,389.7,367.9,-21.8,-5.6,21.6,78020,—,BLS Employment Projections Occupation.xlsx Table 1.2,2025-2035,thousands,true,Optional exact join: O*NET occupation_code first 7 characters (SOC detailed XX-XXXX) == bls_matrix_code. Not a fuzzy match. Not a task-exposure label.
"        Claims adjusters, examiners, and investigators",13-1031,Line item,376.1,355.5,-20.6,-5.5,20.9,78000,High school diploma or equivalent,BLS Employment Projections Occupation.xlsx Table 1.2,2025-2035,thousands,true,Optional exact join: O*NET occupation_code first 7 characters (SOC detailed XX-XXXX) == bls_matrix_code. Not a fuzzy match. Not a task-exposure label.
"        Insurance appraisers, auto damage",13-1032,Line item,13.5,12.4,-1.2,-8.7,0.7,78240,Postsecondary nondegree award,BLS Employment Projections Occupation.xlsx Table 1.2,2025-2035,thousands,true,Optional exact join: O*NET occupation_code first 7 characters (SOC detailed XX-XXXX) == bls_matrix_code. Not a fuzzy match. Not a task-exposure label.
      Compliance officers,13-1041,Line item,436.4,453.1,16.7,3.8,32.7,80730,Bachelor's degree,BLS Employment Projections Occupation.xlsx Table 1.2,2025-2035,thousands,true,Optional exact join: O*NET occupation_code first 7 characters (SOC detailed XX-XXXX) == bls_matrix_code. Not a fuzzy match. Not a task-exposure label.
      Cost estimators,13-1051,Line item,226.4,219.5,-6.9,-3.1,17.6,78740,Bachelor's degree,BLS Employment Projections Occupation.xlsx Table 1.2,2025-2035,thousands,true,Optional exact join: O*NET occupation_code first 7 characters (SOC detailed XX-XXXX) == bls_matrix_code. Not a fuzzy match. Not a task-exposure label.
      Human resources workers,13-1070,Summary,1007.9,1069.4,61.6,6.1,78.7,76700,—,BLS Employment Projections Occupation.xlsx Table 1.2,2025-2035,thousands,true,Optional exact join: O*NET occupation_code first 7 characters (SOC detailed XX-XXXX) == bls_matrix_code. Not a fuzzy match. Not a task-exposure label.
        Human resources specialists,13-1071,Line item,939.7,999.7,60.1,6.4,73.7,75940,Bachelor's degree,BLS Employment Projections Occupation.xlsx Table 1.2,2025-2035,thousands,true,Optional exact join: O*NET occupation_code first 7 characters (SOC detailed XX-XXXX) == bls_matrix_code. Not a fuzzy match. Not a task-exposure label.
        Farm labor contractors,13-1074,Line item,1.9,2,0.1,7.4,0.1,58460,No formal educational credential,BLS Employment Projections Occupation.xlsx Table 1.2,2025-2035,thousands,true,Optional exact join: O*NET occupation_code first 7 characters (SOC detailed XX-XXXX) == bls_matrix_code. Not a fuzzy match. Not a task-exposure label.
        Labor relations specialists,13-1075,Line item,66.3,67.7,1.4,2.1,4.8,95420,Bachelor's degree,BLS Employment Projections Occupation.xlsx Table 1.2,2025-2035,thousands,true,Optional exact join: O*NET occupation_code first 7 characters (SOC detailed XX-XXXX) == bls_matrix_code. Not a fuzzy match. Not a task-exposure label.
      Logisticians and project management specialists,13-1080,Summary,1349.4,1467.5,118.1,8.8,103.1,99830,—,BLS Employment Projections Occupation.xlsx Table 1.2,2025-2035,thousands,true,Optional exact join: O*NET occupation_code first 7 characters (SOC detailed XX-XXXX) == bls_matrix_code. Not a fuzzy match. Not a task-exposure label.
        Logisticians,13-1081,Line item,255.1,300,44.9,17.6,26.6,82320,Bachelor's degree,BLS Employment Projections Occupation.xlsx Table 1.2,2025-2035,thousands,true,Optional exact join: O*NET occupation_code first 7 characters (SOC detailed XX-XXXX) == bls_matrix_code. Not a fuzzy match. Not a task-exposure label.
        Project management specialists,13-1082,Line item,1094.3,1167.4,73.2,6.7,76.5,102320,Bachelor's degree,BLS Employment Projections Occupation.xlsx Table 1.2,2025-2035,thousands,true,Optional exact join: O*NET occupation_code first 7 characters (SOC detailed XX-XXXX) == bls_matrix_code. Not a fuzzy match. Not a task-exposure label.
      Management analysts,13-1111,Line item,1077.1,1186.3,109.2,10.1,94.1,101860,Bachelor's degree,BLS Employment Projections Occupation.xlsx Table 1.2,2025-2035,thousands,true,Optional exact join: O*NET occupation_code first 7 characters (SOC detailed XX-XXXX) == bls_matrix_code. Not a fuzzy match. Not a task-exposure label.
"      Meeting, convention, and event planners",13-1121,Line item,172.1,182.1,10,5.8,16.8,61160,Bachelor's degree,BLS Employment Projections Occupation.xlsx Table 1.2,2025-2035,thousands,true,Optional exact join: O*NET occupation_code first 7 characters (SOC detailed XX-XXXX) == bls_matrix_code. Not a fuzzy match. Not a task-exposure label.
      Fundraisers,13-1131,Line item,140.9,148.7,7.8,5.5,10,72550,Bachelor's degree,BLS Employment Projections Occupation.xlsx Table 1.2,2025-2035,thousands,true,Optional exact join: O*NET occupation_code first 7 characters (SOC detailed XX-XXXX) == bls_matrix_code. Not a fuzzy match. Not a task-exposure label.
"      Compensation, benefits, and job analysis specialists",13-1141,Line item,118.1,125.2,7.1,6,9,78210,Bachelor's degree,BLS Employment Projections Occupation.xlsx Table 1.2,2025-2035,thousands,true,Optional exact join: O*NET occupation_code first 7 characters (SOC detailed XX-XXXX) == bls_matrix_code. Not a fuzzy match. Not a task-exposure label.
      Training and development specialists,13-1151,Line item,472.5,523.7,51.1,10.8,46,69280,Bachelor's degree,BLS Employment Projections Occupation.xlsx Table 1.2,2025-2035,thousands,true,Optional exact join: O*NET occupation_code first 7 characters (SOC detailed XX-XXXX) == bls_matrix_code. Not a fuzzy match. Not a task-exposure label.
      Market research analysts and marketing specialists,13-1161,Line item,952.7,1019,66.3,7,82,78760,Bachelor's degree,BLS Employment Projections Occupation.xlsx Table 1.2,2025-2035,thousands,true,Optional exact join: O*NET occupation_code first 7 characters (SOC detailed XX-XXXX) == bls_matrix_code. Not a fuzzy match. Not a task-exposure label.
"      Business operations specialists, all other",13-1199,Line item,1157.6,1202.3,44.7,3.9,98.7,83050,Bachelor's degree,BLS Employment Projections Occupation.xlsx Table 1.2,2025-2035,thousands,true,Optional exact join: O*NET occupation_code first 7 characters (SOC detailed XX-XXXX) == bls_matrix_code. Not a fuzzy match. Not a task-exposure label.
    Financial specialists,13-2000,Summary,3324.8,3456,131.2,3.9,226.7,84680,—,BLS Employment Projections Occupation.xlsx Table 1.2,2025-2035,thousands,true,Optional exact join: O*NET occupation_code first 7 characters (SOC detailed XX-XXXX) == bls_matrix_code. Not a fuzzy match. Not a task-exposure label.
      Accountants and auditors,13-2011,Line item,1595.2,1674.6,79.4,5,115.3,83680,Bachelor's degree,BLS Employment Projections Occupation.xlsx Table 1.2,2025-2035,thousands,true,Optional exact join: O*NET occupation_code first 7 characters (SOC detailed XX-XXXX) == bls_matrix_code. Not a fuzzy match. Not a task-exposure label.
      Property appraisers and assessors,13-2020,Line item,68.4,70.7,2.4,3.5,5.2,67960,Bachelor's degree,BLS Employment Projections Occupation.xlsx Table 1.2,2025-2035,thousands,true,Optional exact join: O*NET occupation_code first 7 characters (SOC detailed XX-XXXX) == bls_matrix_code. Not a fuzzy match. Not a task-exposure label.
      Budget analysts,13-2031,Line item,50.4,51.3,1,1.9,2.9,91640,Bachelor's degree,BLS Employment Projections Occupation.xlsx Table 1.2,2025-2035,thousands,true,Optional exact join: O*NET occupation_code first 7 characters (SOC detailed XX-XXXX) == bls_matrix_code. Not a fuzzy match. Not a task-exposure label.
      Credit analysts,13-2041,Line item,64.7,61.9,-2.8,-4.3,3.1,83510,Bachelor's degree,BLS Employment Projections Occupation.xlsx Table 1.2,2025-2035,thousands,true,Optional exact join: O*NET occupation_code first 7 characters (SOC detailed XX-XXXX) == bls_matrix_code. Not a fuzzy match. Not a task-exposure label.
      Financial analysts and advisors,13-2050,Summary,868.2,899.4,31.3,3.6,53.4,102090,—,BLS Employment Projections Occupation.xlsx Table 1.2,2025-2035,thousands,true,Optional exact join: O*NET occupation_code first 7 characters (SOC detailed XX-XXXX) == bls_matrix_code. Not a fuzzy match. Not a task-exposure label.
        Financial and investment analysts,13-2051,Line item,377.2,404.3,27.1,7.2,24.7,102740,Bachelor's degree,BLS Employment Projections Occupation.xlsx Table 1.2,2025-2035,thousands,true,Optional exact join: O*NET occupation_code first 7 characters (SOC detailed XX-XXXX) == bls_matrix_code. Not a fuzzy match. Not a task-exposure label.
        Personal financial advisors,13-2052,Line item,299.4,303.5,4.1,1.4,17.1,105070,Bachelor's degree,BLS Employment Projections Occupation.xlsx Table 1.2,2025-2035,thousands,true,Optional exact join: O*NET occupation_code first 7 characters (SOC detailed XX-XXXX) == bls_matrix_code. Not a fuzzy match. Not a task-exposure label.
        Insurance underwriters,13-2053,Line item,125.6,120.8,-4.8,-3.8,6.8,81370,Bachelor's degree,BLS Employment Projections Occupation.xlsx Table 1.2,2025-2035,thousands,true,Optional exact join: O*NET occupation_code first 7 characters (SOC detailed XX-XXXX) == bls_matrix_code. Not a fuzzy match. Not a task-exposure label.
        Financial risk specialists,13-2054,Line item,66,70.8,4.9,7.4,4.8,117330,Bachelor's degree,BLS Employment Projections Occupation.xlsx Table 1.2,2025-2035,thousands,true,Optional exact join: O*NET occupation_code first 7 characters (SOC detailed XX-XXXX) == bls_matrix_code. Not a fuzzy match. Not a task-exposure label.
      Financial examiners,13-2061,Line item,70,76.5,6.5,9.3,4.5,94160,Bachelor's degree,BLS Employment Projections Occupation.xlsx Table 1.2,2025-2035,thousands,true,Optional exact join: O*NET occupation_code first 7 characters (SOC detailed XX-XXXX) == bls_matrix_code. Not a fuzzy match. Not a task-exposure label.
      Credit counselors and loan officers,13-2070,Summary,314.2,318.3,4.1,1.3,19,73940,—,BLS Employment Projections Occupation.xlsx Table 1.2,2025-2035,thousands,true,Optional exact join: O*NET occupation_code first 7 characters (SOC detailed XX-XXXX) == bls_matrix_code. Not a fuzzy match. Not a task-exposure label.
        Credit counselors,13-2071,Line item,31.2,32.3,1,3.3,2,52230,Bachelor's degree,BLS Employment Projections Occupation.xlsx Table 1.2,2025-2035,thousands,true,Optional exact join: O*NET occupation_code first 7 characters (SOC detailed XX-XXXX) == bls_matrix_code. Not a fuzzy match. Not a task-exposure label.
        Loan officers,13-2072,Line item,283,286,3.1,1.1,17.1,76690,Bachelor's degree,BLS Employment Projections Occupation.xlsx Table 1.2,2025-2035,thousands,true,Optional exact join: O*NET occupation_code first 7 characters (SOC detailed XX-XXXX) == bls_matrix_code. Not a fuzzy match. Not a task-exposure label.
"      Tax examiners, collectors and preparers, and revenue agents",13-2080,Summary,155.9,159.8,3.8,2.5,13.8,58860,—,BLS Employment Projections Occupation.xlsx Table 1.2,2025-2035,thousands,true,Optional exact join: O*NET occupation_code first 7 characters (SOC detailed XX-XXXX) == bls_matrix_code. Not a fuzzy match. Not a task-exposure label.
"        Tax examiners and collectors, and revenue agents",13-2081,Line item,60.1,59.5,-0.6,-1,4.4,62370,Bachelor's degree,BLS Employment Projections Occupation.xlsx Table 1.2,2025-2035,thousands,true,Optional exact join: O*NET occupation_code first 7 characters (SOC detailed XX-XXXX) == bls_matrix_code. Not a fuzzy match. Not a task-exposure label.
        Tax preparers,13-2082,Line item,95.8,100.3,4.5,4.7,9.4,54920,High school diploma or equivalent,BLS Employment Projections Occupation.xlsx Table 1.2,2025-2035,thousands,true,Optional exact join: O*NET occupation_code first 7 characters (SOC detailed XX-XXXX) == bls_matrix_code. Not a fuzzy match. Not a task-exposure label.
"      Financial specialists, all other",13-2099,Line item,137.8,143.4,5.6,4.1,9.4,81100,Bachelor's degree,BLS Employment Projections Occupation.xlsx Table 1.2,2025-2035,thousands,true,Optional exact join: O*NET occupation_code first 7 characters (SOC detailed XX-XXXX) == bls_matrix_code. Not a fuzzy match. Not a task-exposure label.
  Computer and mathematical occupations,15-0000,Summary,5493.6,5896.7,403.1,7.3,316.1,109280,—,BLS Employment Projections Occupation.xlsx Table 1.2,2025-2035,thousands,true,Optional exact join: O*NET occupation_code first 7 characters (SOC detailed XX-XXXX) == bls_matrix_code. Not a fuzzy match. Not a task-exposure label.
    Computer occupations,15-1200,Summary,5036.2,5323.8,287.6,5.7,280,109470,—,BLS Employment Projections Occupation.xlsx Table 1.2,2025-2035,thousands,true,Optional exact join: O*NET occupation_code first 7 characters (SOC detailed XX-XXXX) == bls_matrix_code. Not a fuzzy match. Not a task-exposure label.
      Computer and information analysts,15-1210,Summary,737.2,820.7,83.4,11.3,47,109840,—,BLS Employment Projections Occupation.xlsx Table 1.2,2025-2035,thousands,true,Optional exact join: O*NET occupation_code first 7 characters (SOC detailed XX-XXXX) == bls_matrix_code. Not a fuzzy match. Not a task-exposure label.
        Computer systems analysts,15-1211,Line item,544.4,587.2,42.9,7.9,32.9,105850,Bachelor's degree,BLS Employment Projections Occupation.xlsx Table 1.2,2025-2035,thousands,true,Optional exact join: O*NET occupation_code first 7 characters (SOC detailed XX-XXXX) == bls_matrix_code. Not a fuzzy match. Not a task-exposure label.
        Information security analysts,15-1212,Line item,192.9,233.4,40.6,21,14.1,129180,Bachelor's degree,BLS Employment Projections Occupation.xlsx Table 1.2,2025-2035,thousands,true,Optional exact join: O*NET occupation_code first 7 characters (SOC detailed XX-XXXX) == bls_matrix_code. Not a fuzzy match. Not a task-exposure label.
      Computer and information research scientists,15-1221,Line item,38.6,47,8.4,21.8,2.9,140300,Master's degree,BLS Employment Projections Occupation.xlsx Table 1.2,2025-2035,thousands,true,Optional exact join: O*NET occupation_code first 7 characters (SOC detailed XX-XXXX) == bls_matrix_code. Not a fuzzy match. Not a task-exposure label.
      Computer support specialists,15-1230,Summary,903.1,878.8,-24.3,-2.7,48.7,62890,—,BLS Employment Projections Occupation.xlsx Table 1.2,2025-2035,thousands,true,Optional exact join: O*NET occupation_code first 7 characters (SOC detailed XX-XXXX) == bls_matrix_code. Not a fuzzy match. Not a task-exposure label.
        Computer network support specialists,15-1231,Line item,152.5,154.4,1.9,1.2,9,76220,Associate's degree,BLS Employment Projections Occupation.xlsx Table 1.2,2025-2035,thousands,true,Optional exact join: O*NET occupation_code first 7 characters (SOC detailed XX-XXXX) == bls_matrix_code. Not a fuzzy match. Not a task-exposure label.
        Computer user support specialists,15-1232,Line item,750.6,724.4,-26.2,-3.5,39.7,61860,"Some college, no degree",BLS Employment Projections Occupation.xlsx Table 1.2,2025-2035,thousands,true,Optional exact join: O*NET occupation_code first 7 characters (SOC detailed XX-XXXX) == bls_matrix_code. Not a fuzzy match. Not a task-exposure label.
      Database and network administrators and architects,15-1240,Summary,649.8,657.2,7.3,1.1,30.3,110770,—,BLS Employment Projections Occupation.xlsx Table 1.2,2025-2035,thousands,true,Optional exact join: O*NET occupation_code first 7 characters (SOC detailed XX-XXXX) == bls_matrix_code. Not a fuzzy match. Not a task-exposure label.
        Computer network architects,15-1241,Line item,181.8,195.8,14.1,7.7,9.6,134050,Bachelor's degree,BLS Employment Projections Occupation.xlsx Table 1.2,2025-2035,thousands,true,Optional exact join: O*NET occupation_code first 7 characters (SOC detailed XX-XXXX) == bls_matrix_code. Not a fuzzy match. Not a task-exposure label.
        Database administrators,15-1242,Line item,75,74.9,-0.1,-0.1,3.3,104620,Bachelor's degree,BLS Employment Projections Occupation.xlsx Table 1.2,2025-2035,thousands,true,Optional exact join: O*NET occupation_code first 7 characters (SOC detailed XX-XXXX) == bls_matrix_code. Not a fuzzy match. Not a task-exposure label.
        Database architects,15-1243,Line item,69.5,76,6.5,9.4,3.9,139500,Bachelor's degree,BLS Employment Projections Occupation.xlsx Table 1.2,2025-2035,thousands,true,Optional exact join: O*NET occupation_code first 7 characters (SOC detailed XX-XXXX) == bls_matrix_code. Not a fuzzy match. Not a task-exposure label.
        Network and computer systems administrators,15-1244,Line item,323.6,310.4,-13.2,-4.1,13.4,99130,Bachelor's degree,BLS Employment Projections Occupation.xlsx Table 1.2,2025-2035,thousands,true,Optional exact join: O*NET occupation_code first 7 characters (SOC detailed XX-XXXX) == bls_matrix_code. Not a fuzzy match. Not a task-exposure label.
"      Software and web developers, programmers, and testers",15-1250,Summary,2236.3,2424.9,188.5,8.4,124.1,132150,—,BLS Employment Projections Occupation.xlsx Table 1.2,2025-2035,thousands,true,Optional exact join: O*NET occupation_code first 7 characters (SOC detailed XX-XXXX) == bls_matrix_code. Not a fuzzy match. Not a task-exposure label.
        Computer programmers,15-1251,Line item,110.8,102.7,-8.1,-7.3,4.4,100390,Bachelor's degree,BLS Employment Projections Occupation.xlsx Table 1.2,2025-2035,thousands,true,Optional exact join: O*NET occupation_code first 7 characters (SOC detailed XX-XXXX) == bls_matrix_code. Not a fuzzy match. Not a task-exposure label.
        Software developers,15-1252,Line item,1717.8,1892.6,174.7,10.2,95.3,135980,Bachelor's degree,BLS Employment Projections Occupation.xlsx Table 1.2,2025-2035,thousands,true,Optional exact join: O*NET occupation_code first 7 characters (SOC detailed XX-XXXX) == bls_matrix_code. Not a fuzzy match. Not a task-exposure label.
        Software quality assurance analysts and testers,15-1253,Line item,187.6,198.2,10.6,5.7,10.7,104300,Bachelor's degree,BLS Employment Projections Occupation.xlsx Table 1.2,2025-2035,thousands,true,Optional exact join: O*NET occupation_code first 7 characters (SOC detailed XX-XXXX) == bls_matrix_code. Not a fuzzy match. Not a task-exposure label.
        Web developers,15-1254,Line item,87.4,90.6,3.3,3.8,5.3,92650,Bachelor's degree,BLS Employment Projections Occupation.xlsx Table 1.2,2025-2035,thousands,true,Optional exact join: O*NET occupation_code first 7 characters (SOC detailed XX-XXXX) == bls_matrix_code. Not a fuzzy match. Not a task-exposure label.
        Web and digital interface designers,15-1255,Line item,132.7,140.8,8,6,8.3,104000,Bachelor's degree,BLS Employment Projections Occupation.xlsx Table 1.2,2025-2035,thousands,true,Optional exact join: O*NET occupation_code first 7 characters (SOC detailed XX-XXXX) == bls_matrix_code. Not a fuzzy match. Not a task-exposure label.
"      Computer occupations, all other",15-1299,Line item,471.2,495.3,24.2,5.1,27,116580,Bachelor's degree,BLS Employment Projections Occupation.xlsx Table 1.2,2025-2035,thousands,true,Optional exact join: O*NET occupation_code first 7 characters (SOC detailed XX-XXXX) == bls_matrix_code. Not a fuzzy match. Not a task-exposure label.
    Mathematical science occupations,15-2000,Summary,457.4,572.9,115.5,25.3,36.1,107570,—,BLS Employment Projections Occupation.xlsx Table 1.2,2025-2035,thousands,true,Optional exact join: O*NET occupation_code first 7 characters (SOC detailed XX-XXXX) == bls_matrix_code. Not a fuzzy match. Not a task-exposure label.
      Actuaries,15-2011,Line item,31.2,34.1,2.9,9.2,1.5,130000,Bachelor's degree,BLS Employment Projections Occupation.xlsx Table 1.2,2025-2035,thousands,true,Optional exact join: O*NET occupation_code first 7 characters (SOC detailed XX-XXXX) == bls_matrix_code. Not a fuzzy match. Not a task-exposure label.
      Mathematicians,15-2021,Line item,2.2,2.2,0,0.6,0.1,126710,Master's degree,BLS Employment Projections Occupation.xlsx Table 1.2,2025-2035,thousands,true,Optional exact join: O*NET occupation_code first 7 characters (SOC detailed XX-XXXX) == bls_matrix_code. Not a fuzzy match. Not a task-exposure label.
      Operations research analysts,15-2031,Line item,113.1,126.6,13.5,11.9,7.5,88940,Bachelor's degree,BLS Employment Projections Occupation.xlsx Table 1.2,2025-2035,thousands,true,Optional exact join: O*NET occupation_code first 7 characters (SOC detailed XX-XXXX) == bls_matrix_code. Not a fuzzy match. Not a task-exposure label.
      Statisticians,15-2041,Line item,31.3,34.7,3.4,11,1.9,105650,Master's degree,BLS Employment Projections Occupation.xlsx Table 1.2,2025-2035,thousands,true,Optional exact join: O*NET occupation_code first 7 characters (SOC detailed XX-XXXX) == bls_matrix_code. Not a fuzzy match. Not a task-exposure label.
      Data scientists,15-2051,Line item,275.6,371,95.4,34.6,24.8,120230,Bachelor's degree,BLS Employment Projections Occupation.xlsx Table 1.2,2025-2035,thousands,true,Optional exact join: O*NET occupation_code first 7 characters (SOC detailed XX-XXXX) == bls_matrix_code. Not a fuzzy match. Not a task-exposure label.
"      Mathematical science occupations, all other",15-2099,Line item,4,4.2,0.3,7.1,0.2,81490,Bachelor's degree,BLS Employment Projections Occupation.xlsx Table 1.2,2025-2035,thousands,true,Optional exact join: O*NET occupation_code first 7 characters (SOC detailed XX-XXXX) == bls_matrix_code. Not a fuzzy match. Not a task-exposure label.
  Architecture and engineering occupations,17-0000,Summary,2690,2872.5,182.4,6.8,174.8,99520,—,BLS Employment Projections Occupation.xlsx Table 1.2,2025-2035,thousands,true,Optional exact join: O*NET occupation_code first 7 characters (SOC detailed XX-XXXX) == bls_matrix_code. Not a fuzzy match. Not a task-exposure label.
"    Architects, surveyors, and cartographers",17-1000,Summary,214.7,225.1,10.5,4.9,12.7,87950,—,BLS Employment Projections Occupation.xlsx Table 1.2,2025-2035,thousands,true,Optional exact join: O*NET occupation_code first 7 characters (SOC detailed XX-XXXX) == bls_matrix_code. Not a fuzzy match. Not a task-exposure label.
"      Architects, except naval",17-1010,Summary,148,154.4,6.4,4.3,8.6,97570,—,BLS Employment Projections Occupation.xlsx Table 1.2,2025-2035,thousands,true,Optional exact join: O*NET occupation_code first 7 characters (SOC detailed XX-XXXX) == bls_matrix_code. Not a fuzzy match. Not a task-exposure label.
"        Architects, except landscape and naval",17-1011,Line item,124.6,129.9,5.3,4.3,6.9,99280,Bachelor's degree,BLS Employment Projections Occupation.xlsx Table 1.2,2025-2035,thousands,true,Optional exact join: O*NET occupation_code first 7 characters (SOC detailed XX-XXXX) == bls_matrix_code. Not a fuzzy match. Not a task-exposure label.
        Landscape architects,17-1012,Line item,23.5,24.5,1,4.4,1.7,79870,Bachelor's degree,BLS Employment Projections Occupation.xlsx Table 1.2,2025-2035,thousands,true,Optional exact join: O*NET occupation_code first 7 characters (SOC detailed XX-XXXX) == bls_matrix_code. Not a fuzzy match. Not a task-exposure label.
"      Surveyors, cartographers, and photogrammetrists",17-1020,Summary,66.6,70.7,4.1,6.1,4.1,76910,—,BLS Employment Projections Occupation.xlsx Table 1.2,2025-2035,thousands,true,Optional exact join: O*NET occupation_code first 7 characters (SOC detailed XX-XXXX) == bls_matrix_code. Not a fuzzy match. Not a task-exposure label.
        Cartographers and photogrammetrists,17-1021,Line item,14.7,15.7,1.1,7.4,0.9,81390,Bachelor's degree,BLS Employment Projections Occupation.xlsx Table 1.2,2025-2035,thousands,true,Optional exact join: O*NET occupation_code first 7 characters (SOC detailed XX-XXXX) == bls_matrix_code. Not a fuzzy match. Not a task-exposure label.
        Surveyors,17-1022,Line item,52,55,3,5.8,3.1,75440,Bachelor's degree,BLS Employment Projections Occupation.xlsx Table 1.2,2025-2035,thousands,true,Optional exact join: O*NET occupation_code first 7 characters (SOC detailed XX-XXXX) == bls_matrix_code. Not a fuzzy match. Not a task-exposure label.
    Engineers,17-2000,Summary,1835.7,1991,155.3,8.5,106.5,108620,—,BLS Employment Projections Occupation.xlsx Table 1.2,2025-2035,thousands,true,Optional exact join: O*NET occupation_code first 7 characters (SOC detailed XX-XXXX) == bls_matrix_code. Not a fuzzy match. Not a task-exposure label.
      Aerospace engineers,17-2011,Line item,68.7,74.4,5.7,8.3,3.8,134960,Bachelor's degree,BLS Employment Projections Occupation.xlsx Table 1.2,2025-2035,thousands,true,Optional exact join: O*NET occupation_code first 7 characters (SOC detailed XX-XXXX) == bls_matrix_code. Not a fuzzy match. Not a task-exposure label.
      Agricultural engineers,17-2021,Line item,1.5,1.6,0.1,6.9,0.1,98590,Bachelor's degree,BLS Employment Projections Occupation.xlsx Table 1.2,2025-2035,thousands,true,Optional exact join: O*NET occupation_code first 7 characters (SOC detailed XX-XXXX) == bls_matrix_code. Not a fuzzy match. Not a task-exposure label.
      Bioengineers and biomedical engineers,17-2031,Line item,23.8,25.7,1.8,7.6,1.2,109370,Bachelor's degree,BLS Employment Projections Occupation.xlsx Table 1.2,2025-2035,thousands,true,Optional exact join: O*NET occupation_code first 7 characters (SOC detailed XX-XXXX) == bls_matrix_code. Not a fuzzy match. Not a task-exposure label.
      Chemical engineers,17-2041,Line item,21.9,22.9,1,4.7,1.1,125040,Bachelor's degree,BLS Employment Projections Occupation.xlsx Table 1.2,2025-2035,thousands,true,Optional exact join: O*NET occupation_code first 7 characters (SOC detailed XX-XXXX) == bls_matrix_code. Not a fuzzy match. Not a task-exposure label.
      Civil engineers,17-2051,Line item,380.6,405.1,24.5,6.4,22.7,100840,Bachelor's degree,BLS Employment Projections Occupation.xlsx Table 1.2,2025-2035,thousands,true,Optional exact join: O*NET occupation_code first 7 characters (SOC detailed XX-XXXX) == bls_matrix_code. Not a fuzzy match. Not a task-exposure label.
      Computer hardware engineers,17-2061,Line item,76.1,83,6.9,9.1,4.1,161740,Bachelor's degree,BLS Employment Projections Occupation.xlsx Table 1.2,2025-2035,thousands,true,Optional exact join: O*NET occupation_code first 7 characters (SOC detailed XX-XXXX) == bls_matrix_code. Not a fuzzy match. Not a task-exposure label.
      Electrical and electronics engineers,17-2070,Summary,297.9,321.3,23.4,7.8,16.3,125040,—,BLS Employment Projections Occupation.xlsx Table 1.2,2025-2035,thousands,true,Optional exact join: O*NET occupation_code first 7 characters (SOC detailed XX-XXXX) == bls_matrix_code. Not a fuzzy match. Not a task-exposure label.
        Electrical engineers,17-2071,Line item,199.7,219.5,19.8,9.9,11.4,120630,Bachelor's degree,BLS Employment Projections Occupation.xlsx Table 1.2,2025-2035,thousands,true,Optional exact join: O*NET occupation_code first 7 characters (SOC detailed XX-XXXX) == bls_matrix_code. Not a fuzzy match. Not a task-exposure label.
"        Electronics engineers, except computer",17-2072,Line item,98.2,101.8,3.6,3.7,4.9,130220,Bachelor's degree,BLS Employment Projections Occupation.xlsx Table 1.2,2025-2035,thousands,true,Optional exact join: O*NET occupation_code first 7 characters (SOC detailed XX-XXXX) == bls_matrix_code. Not a fuzzy match. Not a task-exposure label.
      Environmental engineers,17-2081,Line item,39.1,41.6,2.4,6.3,2.3,107110,Bachelor's degree,BLS Employment Projections Occupation.xlsx Table 1.2,2025-2035,thousands,true,Optional exact join: O*NET occupation_code first 7 characters (SOC detailed XX-XXXX) == bls_matrix_code. Not a fuzzy match. Not a task-exposure label.
"      Industrial engineers, including health and safety",17-2110,Summary,387.4,434,46.6,12,24.3,102670,—,BLS Employment Projections Occupation.xlsx Table 1.2,2025-2035,thousands,true,Optional exact join: O*NET occupation_code first 7 characters (SOC detailed XX-XXXX) == bls_matrix_code. Not a fuzzy match. Not a task-exposure label.
"        Health and safety engineers, except mining safety engineers and inspectors",17-2111,Line item,22.3,23.5,1.2,5.4,1.2,115160,Bachelor's degree,BLS Employment Projections Occupation.xlsx Table 1.2,2025-2035,thousands,true,Optional exact join: O*NET occupation_code first 7 characters (SOC detailed XX-XXXX) == bls_matrix_code. Not a fuzzy match. Not a task-exposure label.
        Industrial engineers,17-2112,Line item,365.1,410.6,45.4,12.4,23.1,102440,Bachelor's degree,BLS Employment Projections Occupation.xlsx Table 1.2,2025-2035,thousands,true,Optional exact join: O*NET occupation_code first 7 characters (SOC detailed XX-XXXX) == bls_matrix_code. Not a fuzzy match. Not a task-exposure label.
      Marine engineers and naval architects,17-2121,Line item,8.4,8.9,0.6,6.7,0.5,112230,Bachelor's degree,BLS Employment Projections Occupation.xlsx Table 1.2,2025-2035,thousands,true,Optional exact join: O*NET occupation_code first 7 characters (SOC detailed XX-XXXX) == bls_matrix_code. Not a fuzzy match. Not a task-exposure label.
      Materials engineers,17-2131,Line item,23.8,25.6,1.8,7.5,1.3,112860,Bachelor's degree,BLS Employment Projections Occupation.xlsx Table 1.2,2025-2035,thousands,true,Optional exact join: O*NET occupation_code first 7 characters (SOC detailed XX-XXXX) == bls_matrix_code. Not a fuzzy match. Not a task-exposure label.
      Mechanical engineers,17-2141,Line item,298.5,332,33.5,11.2,17.8,104110,Bachelor's degree,BLS Employment Projections Occupation.xlsx Table 1.2,2025-2035,thousands,true,Optional exact join: O*NET occupation_code first 7 characters (SOC detailed XX-XXXX) == bls_matrix_code. Not a fuzzy match. Not a task-exposure label.
"      Mining and geological engineers, including mining safety engineers",17-2151,Line item,6.2,6.4,0.2,3.8,0.3,106220,Bachelor's degree,BLS Employment Projections Occupation.xlsx Table 1.2,2025-2035,thousands,true,Optional exact join: O*NET occupation_code first 7 characters (SOC detailed XX-XXXX) == bls_matrix_code. Not a fuzzy match. Not a task-exposure label.
      Nuclear engineers,17-2161,Line item,16.6,16.6,0.1,0.4,0.8,133970,Bachelor's degree,BLS Employment Projections Occupation.xlsx Table 1.2,2025-2035,thousands,true,Optional exact join: O*NET occupation_code first 7 characters (SOC detailed XX-XXXX) == bls_matrix_code. Not a fuzzy match. Not a task-exposure label.
      Petroleum engineers,17-2171,Line item,18.5,18.8,0.4,2,1,144910,Bachelor's degree,BLS Employment Projections Occupation.xlsx Table 1.2,2025-2035,thousands,true,Optional exact join: O*NET occupation_code first 7 characters (SOC detailed XX-XXXX) == bls_matrix_code. Not a fuzzy match. Not a task-exposure label.
"      Engineers, all other",17-2199,Line item,166.7,173,6.2,3.7,8.8,122930,Bachelor's degree,BLS Employment Projections Occupation.xlsx Table 1.2,2025-2035,thousands,true,Optional exact join: O*NET occupation_code first 7 characters (SOC detailed XX-XXXX) == bls_matrix_code. Not a fuzzy match. Not a task-exposure label.
"    Drafters, engineering technicians, and mapping technicians",17-3000,Summary,639.6,656.3,16.7,2.6,55.7,69060,—,BLS Employment Projections Occupation.xlsx Table 1.2,2025-2035,thousands,true,Optional exact join: O*NET occupation_code first 7 characters (SOC detailed XX-XXXX) == bls_matrix_code. Not a fuzzy match. Not a task-exposure label.
      Drafters,17-3010,Summary,180.2,181.4,1.1,0.6,14.4,68090,—,BLS Employment Projections Occupation.xlsx Table 1.2,2025-2035,thousands,true,Optional exact join: O*NET occupation_code first 7 characters (SOC detailed XX-XXXX) == bls_matrix_code. Not a fuzzy match. Not a task-exposure label.
        Architectural and civil drafters,17-3011,Line item,104.1,109.5,5.4,5.2,9.1,66150,Associate's degree,BLS Employment Projections Occupation.xlsx Table 1.2,2025-2035,thousands,true,Optional exact join: O*NET occupation_code first 7 characters (SOC detailed XX-XXXX) == bls_matrix_code. Not a fuzzy match. Not a task-exposure label.
        Electrical and electronics drafters,17-3012,Line item,18.9,18.2,-0.6,-3.4,1.4,76870,Associate's degree,BLS Employment Projections Occupation.xlsx Table 1.2,2025-2035,thousands,true,Optional exact join: O*NET occupation_code first 7 characters (SOC detailed XX-XXXX) == bls_matrix_code. Not a fuzzy match. Not a task-exposure label.
        Mechanical drafters,17-3013,Line item,42.1,39.6,-2.5,-6,2.9,71550,Associate's degree,BLS Employment Projections Occupation.xlsx Table 1.2,2025-2035,thousands,true,Optional exact join: O*NET occupation_code first 7 characters (SOC detailed XX-XXXX) == bls_matrix_code. Not a fuzzy match. Not a task-exposure label.
"        Drafters, all other",17-3019,Line item,15.2,14.1,-1.1,-7.3,1,63520,Associate's degree,BLS Employment Projections Occupation.xlsx Table 1.2,2025-2035,thousands,true,Optional exact join: O*NET occupation_code first 7 characters (SOC detailed XX-XXXX) == bls_matrix_code. Not a fuzzy match. Not a task-exposure label.
"      Engineering technologists and technicians, except drafters",17-3020,Summary,400.6,412.7,12.1,3,34.4,73460,—,BLS Employment Projections Occupation.xlsx Table 1.2,2025-2035,thousands,true,Optional exact join: O*NET occupation_code first 7 characters (SOC detailed XX-XXXX) == bls_matrix_code. Not a fuzzy match. Not a task-exposure label.
        Aerospace engineering and operations technologists and technicians,17-3021,Line item,11.6,12.9,1.4,11.9,1.1,82890,Associate's degree,BLS Employment Projections Occupation.xlsx Table 1.2,2025-2035,thousands,true,Optional exact join: O*NET occupation_code first 7 characters (SOC detailed XX-XXXX) == bls_matrix_code. Not a fuzzy match. Not a task-exposure label.
        Civil engineering technologists and technicians,17-3022,Line item,70.9,73.2,2.3,3.2,6.1,64950,Associate's degree,BLS Employment Projections Occupation.xlsx Table 1.2,2025-2035,thousands,true,Optional exact join: O*NET occupation_code first 7 characters (SOC detailed XX-XXXX) == bls_matrix_code. Not a fuzzy match. Not a task-exposure label.
        Electrical and electronic engineering technologists and technicians,17-3023,Line item,96.9,99.2,2.3,2.4,8.1,78190,Associate's degree,BLS Employment Projections Occupation.xlsx Table 1.2,2025-2035,thousands,true,Optional exact join: O*NET occupation_code first 7 characters (SOC detailed XX-XXXX) == bls_matrix_code. Not a fuzzy match. Not a task-exposure label.
        Electro-mechanical and mechatronics technologists and technicians,17-3024,Line item,15.7,16.2,0.4,2.6,1.4,73900,Associate's degree,BLS Employment Projections Occupation.xlsx Table 1.2,2025-2035,thousands,true,Optional exact join: O*NET occupation_code first 7 characters (SOC detailed XX-XXXX) == bls_matrix_code. Not a fuzzy match. Not a task-exposure label.
        Environmental engineering technologists and technicians,17-3025,Line item,12.5,12.9,0.4,3.1,1.1,59920,Associate's degree,BLS Employment Projections Occupation.xlsx Table 1.2,2025-2035,thousands,true,Optional exact join: O*NET occupation_code first 7 characters (SOC detailed XX-XXXX) == bls_matrix_code. Not a fuzzy match. Not a task-exposure label.
        Industrial engineering technologists and technicians,17-3026,Line item,76.7,79,2.4,3.1,6.6,66120,Associate's degree,BLS Employment Projections Occupation.xlsx Table 1.2,2025-2035,thousands,true,Optional exact join: O*NET occupation_code first 7 characters (SOC detailed XX-XXXX) == bls_matrix_code. Not a fuzzy match. Not a task-exposure label.
        Mechanical engineering technologists and technicians,17-3027,Line item,36.9,37.4,0.5,1.3,3.1,74510,Associate's degree,BLS Employment Projections Occupation.xlsx Table 1.2,2025-2035,thousands,true,Optional exact join: O*NET occupation_code first 7 characters (SOC detailed XX-XXXX) == bls_matrix_code. Not a fuzzy match. Not a task-exposure label.
        Calibration technologists and technicians,17-3028,Line item,17,17.8,0.8,4.8,1.5,67820,Associate's degree,BLS Employment Projections Occupation.xlsx Table 1.2,2025-2035,thousands,true,Optional exact join: O*NET occupation_code first 7 characters (SOC detailed XX-XXXX) == bls_matrix_code. Not a fuzzy match. Not a task-exposure label.
"        Engineering technologists and technicians, except drafters, all other",17-3029,Line item,62.4,64.1,1.7,2.8,5.4,78350,Associate's degree,BLS Employment Projections Occupation.xlsx Table 1.2,2025-2035,thousands,true,Optional exact join: O*NET occupation_code first 7 characters (SOC detailed XX-XXXX) == bls_matrix_code. Not a fuzzy match. Not a task-exposure label.
      Surveying and mapping technicians,17-3031,Line item,58.8,62.2,3.4,5.8,6.9,54240,High school diploma or equivalent,BLS Employment Projections Occupation.xlsx Table 1.2,2025-2035,thousands,true,Optional exact join: O*NET occupation_code first 7 characters (SOC detailed XX-XXXX) == bls_matrix_code. Not a fuzzy match. Not a task-exposure label.
"  Life, physical, and social science occupations",19-0000,Summary,1628.7,1751.5,122.9,7.5,141.9,82530,—,BLS Employment Projections Occupation.xlsx Table 1.2,2025-2035,thousands,true,Optional exact join: O*NET occupation_code first 7 characters (SOC detailed XX-XXXX) == bls_matrix_code. Not a fuzzy match. Not a task-exposure label.
    Life scientists,19-1000,Summary,414.4,453.2,38.8,9.4,27.5,96310,—,BLS Employment Projections Occupation.xlsx Table 1.2,2025-2035,thousands,true,Optional exact join: O*NET occupation_code first 7 characters (SOC detailed XX-XXXX) == bls_matrix_code. Not a fuzzy match. Not a task-exposure label.
      Agricultural and food scientists,19-1010,Summary,37.4,39.8,2.4,6.4,2.7,81970,—,BLS Employment Projections Occupation.xlsx Table 1.2,2025-2035,thousands,true,Optional exact join: O*NET occupation_code first 7 characters (SOC detailed XX-XXXX) == bls_matrix_code. Not a fuzzy match. Not a task-exposure label.
        Animal scientists,19-1011,Line item,3.4,3.6,0.2,5.8,0.2,68940,Bachelor's degree,BLS Employment Projections Occupation.xlsx Table 1.2,2025-2035,thousands,true,Optional exact join: O*NET occupation_code first 7 characters (SOC detailed XX-XXXX) == bls_matrix_code. Not a fuzzy match. Not a task-exposure label.
        Food scientists and technologists,19-1012,Line item,14.1,14.9,0.9,6.2,1,88720,Bachelor's degree,BLS Employment Projections Occupation.xlsx Table 1.2,2025-2035,thousands,true,Optional exact join: O*NET occupation_code first 7 characters (SOC detailed XX-XXXX) == bls_matrix_code. Not a fuzzy match. Not a task-exposure label.
        Soil and plant scientists,19-1013,Line item,19.9,21.3,1.3,6.7,1.4,78850,Bachelor's degree,BLS Employment Projections Occupation.xlsx Table 1.2,2025-2035,thousands,true,Optional exact join: O*NET occupation_code first 7 characters (SOC detailed XX-XXXX) == bls_matrix_code. Not a fuzzy match. Not a task-exposure label.
      Biological scientists,19-1020,Summary,134.4,143.4,9.1,6.7,10,99760,—,BLS Employment Projections Occupation.xlsx Table 1.2,2025-2035,thousands,true,Optional exact join: O*NET occupation_code first 7 characters (SOC detailed XX-XXXX) == bls_matrix_code. Not a fuzzy match. Not a task-exposure label.
        Biochemists and biophysicists,19-1021,Line item,35.2,39.5,4.3,12.3,2.9,127410,Doctoral or professional degree,BLS Employment Projections Occupation.xlsx Table 1.2,2025-2035,thousands,true,Optional exact join: O*NET occupation_code first 7 characters (SOC detailed XX-XXXX) == bls_matrix_code. Not a fuzzy match. Not a task-exposure label.
        Microbiologists,19-1022,Line item,20.1,21.4,1.3,6.2,1.5,87990,Bachelor's degree,BLS Employment Projections Occupation.xlsx Table 1.2,2025-2035,thousands,true,Optional exact join: O*NET occupation_code first 7 characters (SOC detailed XX-XXXX) == bls_matrix_code. Not a fuzzy match. Not a task-exposure label.
        Zoologists and wildlife biologists,19-1023,Line item,19.5,20.2,0.7,3.6,1.4,76780,Bachelor's degree,BLS Employment Projections Occupation.xlsx Table 1.2,2025-2035,thousands,true,Optional exact join: O*NET occupation_code first 7 characters (SOC detailed XX-XXXX) == bls_matrix_code. Not a fuzzy match. Not a task-exposure label.
"        Biological scientists, all other",19-1029,Line item,59.6,62.4,2.8,4.7,4.3,98920,Bachelor's degree,BLS Employment Projections Occupation.xlsx Table 1.2,2025-2035,thousands,true,Optional exact join: O*NET occupation_code first 7 characters (SOC detailed XX-XXXX) == bls_matrix_code. Not a fuzzy match. Not a task-exposure label.
      Conservation scientists and foresters,19-1030,Summary,40.9,42.7,1.7,4.3,3,73920,—,BLS Employment Projections Occupation.xlsx Table 1.2,2025-2035,thousands,true,Optional exact join: O*NET occupation_code first 7 characters (SOC detailed XX-XXXX) == bls_matrix_code. Not a fuzzy match. Not a task-exposure label.
        Conservation scientists,19-1031,Line item,27.7,29.2,1.5,5.3,2.1,73010,Bachelor's degree,BLS Employment Projections Occupation.xlsx Table 1.2,2025-2035,thousands,true,Optional exact join: O*NET occupation_code first 7 characters (SOC detailed XX-XXXX) == bls_matrix_code. Not a fuzzy match. Not a task-exposure label.
        Foresters,19-1032,Line item,13.2,13.5,0.3,2.2,0.9,76400,Bachelor's degree,BLS Employment Projections Occupation.xlsx Table 1.2,2025-2035,thousands,true,Optional exact join: O*NET occupation_code first 7 characters (SOC detailed XX-XXXX) == bls_matrix_code. Not a fuzzy match. Not a task-exposure label.
      Medical scientists,19-1040,Summary,193.8,218.9,25.1,13,11.4,102990,—,BLS Employment Projections Occupation.xlsx Table 1.2,2025-2035,thousands,true,Optional exact join: O*NET occupation_code first 7 characters (SOC detailed XX-XXXX) == bls_matrix_code. Not a fuzzy match. Not a task-exposure label.
        Epidemiologists,19-1041,Line item,12.8,15.2,2.4,18.7,0.8,87220,Master's degree,BLS Employment Projections Occupation.xlsx Table 1.2,2025-2035,thousands,true,Optional exact join: O*NET occupation_code first 7 characters (SOC detailed XX-XXXX) == bls_matrix_code. Not a fuzzy match. Not a task-exposure label.
"        Medical scientists, except epidemiologists",19-1042,Line item,181,203.7,22.7,12.6,10.5,103410,Doctoral or professional degree,BLS Employment Projections Occupation.xlsx Table 1.2,2025-2035,thousands,true,Optional exact join: O*NET occupation_code first 7 characters (SOC detailed XX-XXXX) == bls_matrix_code. Not a fuzzy match. Not a task-exposure label.
"      Life scientists, all other",19-1099,Line item,8,8.5,0.5,6.3,0.4,93750,Bachelor's degree,BLS Employment Projections Occupation.xlsx Table 1.2,2025-2035,thousands,true,Optional exact join: O*NET occupation_code first 7 characters (SOC detailed XX-XXXX) == bls_matrix_code. Not a fuzzy match. Not a task-exposure label.
    Physical scientists,19-2000,Summary,281.4,297.4,16,5.7,19.7,96290,—,BLS Employment Projections Occupation.xlsx Table 1.2,2025-2035,thousands,true,Optional exact join: O*NET occupation_code first 7 characters (SOC detailed XX-XXXX) == bls_matrix_code. Not a fuzzy match. Not a task-exposure label.
      Astronomers and physicists,19-2010,Summary,25.6,27.4,1.9,7.2,1.5,166880,—,BLS Employment Projections Occupation.xlsx Table 1.2,2025-2035,thousands,true,Optional exact join: O*NET occupation_code first 7 characters (SOC detailed XX-XXXX) == bls_matrix_code. Not a fuzzy match. Not a task-exposure label.
        Astronomers,19-2011,Line item,2.4,2.6,0.2,7.8,0.1,128820,Doctoral or professional degree,BLS Employment Projections Occupation.xlsx Table 1.2,2025-2035,thousands,true,Optional exact join: O*NET occupation_code first 7 characters (SOC detailed XX-XXXX) == bls_matrix_code. Not a fuzzy match. Not a task-exposure label.
        Physicists,19-2012,Line item,23.2,24.8,1.7,7.2,1.3,172250,Doctoral or professional degree,BLS Employment Projections Occupation.xlsx Table 1.2,2025-2035,thousands,true,Optional exact join: O*NET occupation_code first 7 characters (SOC detailed XX-XXXX) == bls_matrix_code. Not a fuzzy match. Not a task-exposure label.
      Atmospheric and space scientists,19-2021,Line item,10.7,10.9,0.3,2.6,0.8,99070,Bachelor's degree,BLS Employment Projections Occupation.xlsx Table 1.2,2025-2035,thousands,true,Optional exact join: O*NET occupation_code first 7 characters (SOC detailed XX-XXXX) == bls_matrix_code. Not a fuzzy match. Not a task-exposure label.
      Chemists and materials scientists,19-2030,Summary,93.5,99.7,6.2,6.6,6.5,95060,—,BLS Employment Projections Occupation.xlsx Table 1.2,2025-2035,thousands,true,Optional exact join: O*NET occupation_code first 7 characters (SOC detailed XX-XXXX) == bls_matrix_code. Not a fuzzy match. Not a task-exposure label.
        Chemists,19-2031,Line item,84.9,90.3,5.5,6.4,5.9,91240,Bachelor's degree,BLS Employment Projections Occupation.xlsx Table 1.2,2025-2035,thousands,true,Optional exact join: O*NET occupation_code first 7 characters (SOC detailed XX-XXXX) == bls_matrix_code. Not a fuzzy match. Not a task-exposure label.
        Materials scientists,19-2032,Line item,8.6,9.3,0.7,8.3,0.6,117790,Bachelor's degree,BLS Employment Projections Occupation.xlsx Table 1.2,2025-2035,thousands,true,Optional exact join: O*NET occupation_code first 7 characters (SOC detailed XX-XXXX) == bls_matrix_code. Not a fuzzy match. Not a task-exposure label.
      Environmental scientists and geoscientists,19-2040,Summary,125.1,132.2,7.1,5.7,9.5,85210,—,BLS Employment Projections Occupation.xlsx Table 1.2,2025-2035,thousands,true,Optional exact join: O*NET occupation_code first 7 characters (SOC detailed XX-XXXX) == bls_matrix_code. Not a fuzzy match. Not a task-exposure label.
"        Environmental scientists and specialists, including health",19-2041,Line item,93.4,99.2,5.7,6.1,7.3,82220,Bachelor's degree,BLS Employment Projections Occupation.xlsx Table 1.2,2025-2035,thousands,true,Optional exact join: O*NET occupation_code first 7 characters (SOC detailed XX-XXXX) == bls_matrix_code. Not a fuzzy match. Not a task-exposure label.
"        Geoscientists, except hydrologists and geographers",19-2042,Line item,25.4,26.7,1.3,5.1,1.8,101920,Bachelor's degree,BLS Employment Projections Occupation.xlsx Table 1.2,2025-2035,thousands,true,Optional exact join: O*NET occupation_code first 7 characters (SOC detailed XX-XXXX) == bls_matrix_code. Not a fuzzy match. Not a task-exposure label.
        Hydrologists,19-2043,Line item,6.3,6.4,0.1,1.5,0.4,96600,Bachelor's degree,BLS Employment Projections Occupation.xlsx Table 1.2,2025-2035,thousands,true,Optional exact join: O*NET occupation_code first 7 characters (SOC detailed XX-XXXX) == bls_matrix_code. Not a fuzzy match. Not a task-exposure label.
"      Physical scientists, all other",19-2099,Line item,26.6,27.1,0.6,2.1,1.4,122570,Bachelor's degree,BLS Employment Projections Occupation.xlsx Table 1.2,2025-2035,thousands,true,Optional exact join: O*NET occupation_code first 7 characters (SOC detailed XX-XXXX) == bls_matrix_code. Not a fuzzy match. Not a task-exposure label.
    Social scientists and related workers,19-3000,Summary,349.5,363.9,14.4,4.1,20.6,97900,—,BLS Employment Projections Occupation.xlsx Table 1.2,2025-2035,thousands,true,Optional exact join: O*NET occupation_code first 7 characters (SOC detailed XX-XXXX) == bls_matrix_code. Not a fuzzy match. Not a task-exposure label.
      Economists,19-3011,Line item,18.6,19.5,0.9,4.7,1.1,124720,Master's degree,BLS Employment Projections Occupation.xlsx Table 1.2,2025-2035,thousands,true,Optional exact join: O*NET occupation_code first 7 characters (SOC detailed XX-XXXX) == bls_matrix_code. Not a fuzzy match. Not a task-exposure label.
      Survey researchers,19-3022,Line item,9.8,9.3,-0.5,-4.8,0.6,69460,Master's degree,BLS Employment Projections Occupation.xlsx Table 1.2,2025-2035,thousands,true,Optional exact join: O*NET occupation_code first 7 characters (SOC detailed XX-XXXX) == bls_matrix_code. Not a fuzzy match. Not a task-exposure label.
      Psychologists,19-3030,Summary,209.4,221.1,11.6,5.6,11.3,99110,—,BLS Employment Projections Occupation.xlsx Table 1.2,2025-2035,thousands,true,Optional exact join: O*NET occupation_code first 7 characters (SOC detailed XX-XXXX) == bls_matrix_code. Not a fuzzy match. Not a task-exposure label.
        Industrial-organizational psychologists,19-3032,Line item,4,4.3,0.3,6.5,0.3,193950,Master's degree,BLS Employment Projections Occupation.xlsx Table 1.2,2025-2035,thousands,true,Optional exact join: O*NET occupation_code first 7 characters (SOC detailed XX-XXXX) == bls_matrix_code. Not a fuzzy match. Not a task-exposure label.
        Clinical and counseling psychologists,19-3033,Line item,81.3,90.9,9.5,11.7,4.1,100580,Doctoral or professional degree,BLS Employment Projections Occupation.xlsx Table 1.2,2025-2035,thousands,true,Optional exact join: O*NET occupation_code first 7 characters (SOC detailed XX-XXXX) == bls_matrix_code. Not a fuzzy match. Not a task-exposure label.
        School psychologists,19-3034,Line item,64,64.5,0.5,0.8,3.4,95990,Master's degree,BLS Employment Projections Occupation.xlsx Table 1.2,2025-2035,thousands,true,Optional exact join: O*NET occupation_code first 7 characters (SOC detailed XX-XXXX) == bls_matrix_code. Not a fuzzy match. Not a task-exposure label.
"        Psychologists, all other",19-3039,Line item,60,61.4,1.4,2.3,3.5,110840,Master's degree,BLS Employment Projections Occupation.xlsx Table 1.2,2025-2035,thousands,true,Optional exact join: O*NET occupation_code first 7 characters (SOC detailed XX-XXXX) == bls_matrix_code. Not a fuzzy match. Not a task-exposure label.
      Sociologists,19-3041,Line item,2.7,2.8,0.1,3.8,0.2,106030,Master's degree,BLS Employment Projections Occupation.xlsx Table 1.2,2025-2035,thousands,true,Optional exact join: O*NET occupation_code first 7 characters (SOC detailed XX-XXXX) == bls_matrix_code. Not a fuzzy match. Not a task-exposure label.
      Urban and regional planners,19-3051,Line item,45.8,47.6,1.8,3.9,3.2,89320,Master's degree,BLS Employment Projections Occupation.xlsx Table 1.2,2025-2035,thousands,true,Optional exact join: O*NET occupation_code first 7 characters (SOC detailed XX-XXXX) == bls_matrix_code. Not a fuzzy match. Not a task-exposure label.
      Miscellaneous social scientists and related workers,19-3090,Summary,63.1,63.6,0.5,0.7,4.3,96930,—,BLS Employment Projections Occupation.xlsx Table 1.2,2025-2035,thousands,true,Optional exact join: O*NET occupation_code first 7 characters (SOC detailed XX-XXXX) == bls_matrix_code. Not a fuzzy match. Not a task-exposure label.
        Anthropologists and archeologists,19-3091,Line item,10.2,10.8,0.6,6,0.8,70770,Master's degree,BLS Employment Projections Occupation.xlsx Table 1.2,2025-2035,thousands,true,Optional exact join: O*NET occupation_code first 7 characters (SOC detailed XX-XXXX) == bls_matrix_code. Not a fuzzy match. Not a task-exposure label.
        Geographers,19-3092,Line item,1.5,1.5,0,-2.1,0.1,102040,Bachelor's degree,BLS Employment Projections Occupation.xlsx Table 1.2,2025-2035,thousands,true,Optional exact join: O*NET occupation_code first 7 characters (SOC detailed XX-XXXX) == bls_matrix_code. Not a fuzzy match. Not a task-exposure label.
        Historians,19-3093,Line item,3.8,3.9,0.1,3,0.3,76750,Master's degree,BLS Employment Projections Occupation.xlsx Table 1.2,2025-2035,thousands,true,Optional exact join: O*NET occupation_code first 7 characters (SOC detailed XX-XXXX) == bls_matrix_code. Not a fuzzy match. Not a task-exposure label.
        Political scientists,19-3094,Line item,6.1,6,-0.1,-2,0.4,142080,Master's degree,BLS Employment Projections Occupation.xlsx Table 1.2,2025-2035,thousands,true,Optional exact join: O*NET occupation_code first 7 characters (SOC detailed XX-XXXX) == bls_matrix_code. Not a fuzzy match. Not a task-exposure label.
"        Social scientists and related workers, all other",19-3099,Line item,41.5,41.4,-0.1,-0.2,2.7,101110,Bachelor's degree,BLS Employment Projections Occupation.xlsx Table 1.2,2025-2035,thousands,true,Optional exact join: O*NET occupation_code first 7 characters (SOC detailed XX-XXXX) == bls_matrix_code. Not a fuzzy match. Not a task-exposure label.
"    Life, physical, and social science technicians",19-4000,Summary,409.1,430.2,21.1,5.2,53.3,59510,—,BLS Employment Projections Occupation.xlsx Table 1.2,2025-2035,thousands,true,Optional exact join: O*NET occupation_code first 7 characters (SOC detailed XX-XXXX) == bls_matrix_code. Not a fuzzy match. Not a task-exposure label.
      Agricultural and food science technicians,19-4010,Summary,40.4,42.4,2.1,5.1,5.9,51160,—,BLS Employment Projections Occupation.xlsx Table 1.2,2025-2035,thousands,true,Optional exact join: O*NET occupation_code first 7 characters (SOC detailed XX-XXXX) == bls_matrix_code. Not a fuzzy match. Not a task-exposure label.
        Agricultural technicians,19-4012,Line item,19.5,20.6,1.1,5.4,2.8,49630,Associate's degree,BLS Employment Projections Occupation.xlsx Table 1.2,2025-2035,thousands,true,Optional exact join: O*NET occupation_code first 7 characters (SOC detailed XX-XXXX) == bls_matrix_code. Not a fuzzy match. Not a task-exposure label.
        Food science technicians,19-4013,Line item,20.8,21.8,1,4.8,3,52130,Associate's degree,BLS Employment Projections Occupation.xlsx Table 1.2,2025-2035,thousands,true,Optional exact join: O*NET occupation_code first 7 characters (SOC detailed XX-XXXX) == bls_matrix_code. Not a fuzzy match. Not a task-exposure label.
      Biological technicians,19-4021,Line item,74.4,79.9,5.5,7.4,9.4,57510,Bachelor's degree,BLS Employment Projections Occupation.xlsx Table 1.2,2025-2035,thousands,true,Optional exact join: O*NET occupation_code first 7 characters (SOC detailed XX-XXXX) == bls_matrix_code. Not a fuzzy match. Not a task-exposure label.
      Chemical technicians,19-4031,Line item,60,63,3,4.9,7.6,60390,Associate's degree,BLS Employment Projections Occupation.xlsx Table 1.2,2025-2035,thousands,true,Optional exact join: O*NET occupation_code first 7 characters (SOC detailed XX-XXXX) == bls_matrix_code. Not a fuzzy match. Not a task-exposure label.
      Environmental science and geoscience technicians,19-4040,Summary,46.7,49.4,2.7,5.8,6.8,55440,—,BLS Employment Projections Occupation.xlsx Table 1.2,2025-2035,thousands,true,Optional exact join: O*NET occupation_code first 7 characters (SOC detailed XX-XXXX) == bls_matrix_code. Not a fuzzy match. Not a task-exposure label.
"        Environmental science and protection technicians, including health",19-4042,Line item,36.4,38.9,2.5,6.9,5.3,55090,Associate's degree,BLS Employment Projections Occupation.xlsx Table 1.2,2025-2035,thousands,true,Optional exact join: O*NET occupation_code first 7 characters (SOC detailed XX-XXXX) == bls_matrix_code. Not a fuzzy match. Not a task-exposure label.
"        Geological technicians, except hydrologic technicians",19-4043,Line item,7.3,7.6,0.3,3.6,1,53350,Associate's degree,BLS Employment Projections Occupation.xlsx Table 1.2,2025-2035,thousands,true,Optional exact join: O*NET occupation_code first 7 characters (SOC detailed XX-XXXX) == bls_matrix_code. Not a fuzzy match. Not a task-exposure label.
        Hydrologic technicians,19-4044,Line item,3,3,0,-1.3,0.4,64790,Associate's degree,BLS Employment Projections Occupation.xlsx Table 1.2,2025-2035,thousands,true,Optional exact join: O*NET occupation_code first 7 characters (SOC detailed XX-XXXX) == bls_matrix_code. Not a fuzzy match. Not a task-exposure label.
      Nuclear technicians,19-4051,Line item,6.7,6.8,0.1,1.1,0.9,110240,Associate's degree,BLS Employment Projections Occupation.xlsx Table 1.2,2025-2035,thousands,true,Optional exact join: O*NET occupation_code first 7 characters (SOC detailed XX-XXXX) == bls_matrix_code. Not a fuzzy match. Not a task-exposure label.
      Social science research assistants,19-4061,Line item,38.4,40.4,1.9,5,4.9,61990,Bachelor's degree,BLS Employment Projections Occupation.xlsx Table 1.2,2025-2035,thousands,true,Optional exact join: O*NET occupation_code first 7 characters (SOC detailed XX-XXXX) == bls_matrix_code. Not a fuzzy match. Not a task-exposure label.
      Forest and conservation technicians,19-4071,Line item,32.8,32.2,-0.7,-2.1,3.8,54560,Associate's degree,BLS Employment Projections Occupation.xlsx Table 1.2,2025-2035,thousands,true,Optional exact join: O*NET occupation_code first 7 characters (SOC detailed XX-XXXX) == bls_matrix_code. Not a fuzzy match. Not a task-exposure label.
"      Miscellaneous life, physical, and social science technicians",19-4090,Summary,109.6,116.2,6.6,6,14,63690,—,BLS Employment Projections Occupation.xlsx Table 1.2,2025-2035,thousands,true,Optional exact join: O*NET occupation_code first 7 characters (SOC detailed XX-XXXX) == bls_matrix_code. Not a fuzzy match. Not a task-exposure label.
        Forensic science technicians,19-4092,Line item,20.1,22.8,2.7,13.3,2.8,72060,Bachelor's degree,BLS Employment Projections Occupation.xlsx Table 1.2,2025-2035,thousands,true,Optional exact join: O*NET occupation_code first 7 characters (SOC detailed XX-XXXX) == bls_matrix_code. Not a fuzzy match. Not a task-exposure label.
"        Life, physical, and social science technicians, all other",19-4099,Line item,89.5,93.4,3.9,4.4,11.2,62280,Associate's degree,BLS Employment Projections Occupation.xlsx Table 1.2,2025-2035,thousands,true,Optional exact join: O*NET occupation_code first 7 characters (SOC detailed XX-XXXX) == bls_matrix_code. Not a fuzzy match. Not a task-exposure label.
    Occupational health and safety specialists and technicians,19-5000,Summary,174.3,206.8,32.5,18.6,20.9,83740,—,BLS Employment Projections Occupation.xlsx Table 1.2,2025-2035,thousands,true,Optional exact join: O*NET occupation_code first 7 characters (SOC detailed XX-XXXX) == bls_matrix_code. Not a fuzzy match. Not a task-exposure label.
      Occupational health and safety specialists,19-5011,Line item,143.1,169.6,26.4,18.5,17.1,90150,Bachelor's degree,BLS Employment Projections Occupation.xlsx Table 1.2,2025-2035,thousands,true,Optional exact join: O*NET occupation_code first 7 characters (SOC detailed XX-XXXX) == bls_matrix_code. Not a fuzzy match. Not a task-exposure label.
      Occupational health and safety technicians,19-5012,Line item,31.2,37.2,6.1,19.4,3.8,61560,High school diploma or equivalent,BLS Employment Projections Occupation.xlsx Table 1.2,2025-2035,thousands,true,Optional exact join: O*NET occupation_code first 7 characters (SOC detailed XX-XXXX) == bls_matrix_code. Not a fuzzy match. Not a task-exposure label.
  Community and social service occupations,21-0000,Summary,3270.1,3513,242.9,7.4,293.4,58300,—,BLS Employment Projections Occupation.xlsx Table 1.2,2025-2035,thousands,true,Optional exact join: O*NET occupation_code first 7 characters (SOC detailed XX-XXXX) == bls_matrix_code. Not a fuzzy match. Not a task-exposure label.
"    Counselors, social workers, and other community and social service specialists",21-1000,Summary,2772.8,3003.7,230.9,8.3,249.1,58300,—,BLS Employment Projections Occupation.xlsx Table 1.2,2025-2035,thousands,true,Optional exact join: O*NET occupation_code first 7 characters (SOC detailed XX-XXXX) == bls_matrix_code. Not a fuzzy match. Not a task-exposure label.
      Counselors,21-1010,Summary,1145.9,1270.7,124.8,10.9,97.7,60320,—,BLS Employment Projections Occupation.xlsx Table 1.2,2025-2035,thousands,true,Optional exact join: O*NET occupation_code first 7 characters (SOC detailed XX-XXXX) == bls_matrix_code. Not a fuzzy match. Not a task-exposure label.
"        Educational, guidance, and career counselors and advisors",21-1012,Line item,389.5,400.9,11.4,2.9,27.8,64330,Master's degree,BLS Employment Projections Occupation.xlsx Table 1.2,2025-2035,thousands,true,Optional exact join: O*NET occupation_code first 7 characters (SOC detailed XX-XXXX) == bls_matrix_code. Not a fuzzy match. Not a task-exposure label.
        Marriage and family therapists,21-1013,Line item,76.3,86.6,10.3,13.5,6.9,66940,Master's degree,BLS Employment Projections Occupation.xlsx Table 1.2,2025-2035,thousands,true,Optional exact join: O*NET occupation_code first 7 characters (SOC detailed XX-XXXX) == bls_matrix_code. Not a fuzzy match. Not a task-exposure label.
        Rehabilitation counselors,21-1015,Line item,96.9,99,2.2,2.2,8.2,46850,Master's degree,BLS Employment Projections Occupation.xlsx Table 1.2,2025-2035,thousands,true,Optional exact join: O*NET occupation_code first 7 characters (SOC detailed XX-XXXX) == bls_matrix_code. Not a fuzzy match. Not a task-exposure label.
"        Substance abuse, behavioral disorder, and mental health counselors",21-1018,Line item,533.4,631.4,98,18.4,50.5,59350,Master's degree,BLS Employment Projections Occupation.xlsx Table 1.2,2025-2035,thousands,true,Optional exact join: O*NET occupation_code first 7 characters (SOC detailed XX-XXXX) == bls_matrix_code. Not a fuzzy match. Not a task-exposure label.
"        Counselors, all other",21-1019,Line item,49.8,52.7,2.9,5.9,4.3,50860,Master's degree,BLS Employment Projections Occupation.xlsx Table 1.2,2025-2035,thousands,true,Optional exact join: O*NET occupation_code first 7 characters (SOC detailed XX-XXXX) == bls_matrix_code. Not a fuzzy match. Not a task-exposure label.
      Social workers,21-1020,Summary,816.1,866.5,50.4,6.2,69.1,61780,—,BLS Employment Projections Occupation.xlsx Table 1.2,2025-2035,thousands,true,Optional exact join: O*NET occupation_code first 7 characters (SOC detailed XX-XXXX) == bls_matrix_code. Not a fuzzy match. Not a task-exposure label.
"        Child, family, and school social workers",21-1021,Line item,405.1,422.9,17.8,4.4,33.9,59550,Bachelor's degree,BLS Employment Projections Occupation.xlsx Table 1.2,2025-2035,thousands,true,Optional exact join: O*NET occupation_code first 7 characters (SOC detailed XX-XXXX) == bls_matrix_code. Not a fuzzy match. Not a task-exposure label.
        Healthcare social workers,21-1022,Line item,194.8,211.3,16.5,8.5,16.9,67880,Master's degree,BLS Employment Projections Occupation.xlsx Table 1.2,2025-2035,thousands,true,Optional exact join: O*NET occupation_code first 7 characters (SOC detailed XX-XXXX) == bls_matrix_code. Not a fuzzy match. Not a task-exposure label.
        Mental health and substance abuse social workers,21-1023,Line item,138.9,153.2,14.3,10.3,12.5,60280,Master's degree,BLS Employment Projections Occupation.xlsx Table 1.2,2025-2035,thousands,true,Optional exact join: O*NET occupation_code first 7 characters (SOC detailed XX-XXXX) == bls_matrix_code. Not a fuzzy match. Not a task-exposure label.
"        Social workers, all other",21-1029,Line item,77.4,79.2,1.8,2.3,5.8,71900,Bachelor's degree,BLS Employment Projections Occupation.xlsx Table 1.2,2025-2035,thousands,true,Optional exact join: O*NET occupation_code first 7 characters (SOC detailed XX-XXXX) == bls_matrix_code. Not a fuzzy match. Not a task-exposure label.
      Miscellaneous community and social service specialists,21-1090,Summary,810.8,866.5,55.7,6.9,82.3,49380,—,BLS Employment Projections Occupation.xlsx Table 1.2,2025-2035,thousands,true,Optional exact join: O*NET occupation_code first 7 characters (SOC detailed XX-XXXX) == bls_matrix_code. Not a fuzzy match. Not a task-exposure label.
        Health education specialists,21-1091,Line item,70.4,74.4,3.9,5.6,6.9,64070,Bachelor's degree,BLS Employment Projections Occupation.xlsx Table 1.2,2025-2035,thousands,true,Optional exact join: O*NET occupation_code first 7 characters (SOC detailed XX-XXXX) == bls_matrix_code. Not a fuzzy match. Not a task-exposure label.
        Probation officers and correctional treatment specialists,21-1092,Line item,93.7,96.5,2.8,3,7.9,66270,Bachelor's degree,BLS Employment Projections Occupation.xlsx Table 1.2,2025-2035,thousands,true,Optional exact join: O*NET occupation_code first 7 characters (SOC detailed XX-XXXX) == bls_matrix_code. Not a fuzzy match. Not a task-exposure label.
        Social and human service assistants,21-1093,Line item,463.4,497.6,34.2,7.4,48.9,45930,High school diploma or equivalent,BLS Employment Projections Occupation.xlsx Table 1.2,2025-2035,thousands,true,Optional exact join: O*NET occupation_code first 7 characters (SOC detailed XX-XXXX) == bls_matrix_code. Not a fuzzy match. Not a task-exposure label.
        Community health workers,21-1094,Line item,64.7,72.9,8.2,12.7,7,51850,High school diploma or equivalent,BLS Employment Projections Occupation.xlsx Table 1.2,2025-2035,thousands,true,Optional exact join: O*NET occupation_code first 7 characters (SOC detailed XX-XXXX) == bls_matrix_code. Not a fuzzy match. Not a task-exposure label.
"        Community and social service specialists, all other",21-1099,Line item,118.6,125.2,6.6,5.5,11.6,56730,Bachelor's degree,BLS Employment Projections Occupation.xlsx Table 1.2,2025-2035,thousands,true,Optional exact join: O*NET occupation_code first 7 characters (SOC detailed XX-XXXX) == bls_matrix_code. Not a fuzzy match. Not a task-exposure label.
    Religious workers,21-2000,Summary,497.3,509.3,12.1,2.4,44.3,58130,—,BLS Employment Projections Occupation.xlsx Table 1.2,2025-2035,thousands,true,Optional exact join: O*NET occupation_code first 7 characters (SOC detailed XX-XXXX) == bls_matrix_code. Not a fuzzy match. Not a task-exposure label.
      Clergy,21-2011,Line item,242,247.8,5.7,2.4,19.2,60810,Bachelor's degree,BLS Employment Projections Occupation.xlsx Table 1.2,2025-2035,thousands,true,Optional exact join: O*NET occupation_code first 7 characters (SOC detailed XX-XXXX) == bls_matrix_code. Not a fuzzy match. Not a task-exposure label.
"      Directors, religious activities and education",21-2021,Line item,141.9,146.6,4.7,3.3,13,52100,Bachelor's degree,BLS Employment Projections Occupation.xlsx Table 1.2,2025-2035,thousands,true,Optional exact join: O*NET occupation_code first 7 characters (SOC detailed XX-XXXX) == bls_matrix_code. Not a fuzzy match. Not a task-exposure label.
"      Religious workers, all other",21-2099,Line item,113.3,115,1.7,1.5,12.1,45280,Bachelor's degree,BLS Employment Projections Occupation.xlsx Table 1.2,2025-2035,thousands,true,Optional exact join: O*NET occupation_code first 7 characters (SOC detailed XX-XXXX) == bls_matrix_code. Not a fuzzy match. Not a task-exposure label.
  Legal occupations,23-0000,Summary,1445.7,1488,42.2,2.9,82.6,102500,—,BLS Employment Projections Occupation.xlsx Table 1.2,2025-2035,thousands,true,Optional exact join: O*NET occupation_code first 7 characters (SOC detailed XX-XXXX) == bls_matrix_code. Not a fuzzy match. Not a task-exposure label.
"    Lawyers, judges, and related workers",23-1000,Summary,930.9,973.1,42.2,4.5,31.8,155120,—,BLS Employment Projections Occupation.xlsx Table 1.2,2025-2035,thousands,true,Optional exact join: O*NET occupation_code first 7 characters (SOC detailed XX-XXXX) == bls_matrix_code. Not a fuzzy match. Not a task-exposure label.
      Lawyers and judicial law clerks,23-1010,Summary,877.7,918.7,41,4.7,30.2,157840,—,BLS Employment Projections Occupation.xlsx Table 1.2,2025-2035,thousands,true,Optional exact join: O*NET occupation_code first 7 characters (SOC detailed XX-XXXX) == bls_matrix_code. Not a fuzzy match. Not a task-exposure label.
        Lawyers,23-1011,Line item,863.7,904.3,40.6,4.7,28.7,159670,Doctoral or professional degree,BLS Employment Projections Occupation.xlsx Table 1.2,2025-2035,thousands,true,Optional exact join: O*NET occupation_code first 7 characters (SOC detailed XX-XXXX) == bls_matrix_code. Not a fuzzy match. Not a task-exposure label.
        Judicial law clerks,23-1012,Line item,14,14.4,0.4,2.8,1.5,64920,Doctoral or professional degree,BLS Employment Projections Occupation.xlsx Table 1.2,2025-2035,thousands,true,Optional exact join: O*NET occupation_code first 7 characters (SOC detailed XX-XXXX) == bls_matrix_code. Not a fuzzy match. Not a task-exposure label.
"      Judges, magistrates, and other judicial workers",23-1020,Summary,53.2,54.4,1.2,2.3,1.6,119250,—,BLS Employment Projections Occupation.xlsx Table 1.2,2025-2035,thousands,true,Optional exact join: O*NET occupation_code first 7 characters (SOC detailed XX-XXXX) == bls_matrix_code. Not a fuzzy match. Not a task-exposure label.
"        Administrative law judges, adjudicators, and hearing officers",23-1021,Line item,17.4,17.4,0,0,0.5,117860,Doctoral or professional degree,BLS Employment Projections Occupation.xlsx Table 1.2,2025-2035,thousands,true,Optional exact join: O*NET occupation_code first 7 characters (SOC detailed XX-XXXX) == bls_matrix_code. Not a fuzzy match. Not a task-exposure label.
"        Arbitrators, mediators, and conciliators",23-1022,Line item,10.5,11,0.5,4.7,0.3,75530,Bachelor's degree,BLS Employment Projections Occupation.xlsx Table 1.2,2025-2035,thousands,true,Optional exact join: O*NET occupation_code first 7 characters (SOC detailed XX-XXXX) == bls_matrix_code. Not a fuzzy match. Not a task-exposure label.
"        Judges, magistrate judges, and magistrates",23-1023,Line item,25.3,26,0.7,2.8,0.8,153990,Doctoral or professional degree,BLS Employment Projections Occupation.xlsx Table 1.2,2025-2035,thousands,true,Optional exact join: O*NET occupation_code first 7 characters (SOC detailed XX-XXXX) == bls_matrix_code. Not a fuzzy match. Not a task-exposure label.
    Legal support workers,23-2000,Summary,514.8,514.9,0,0,50.8,62870,—,BLS Employment Projections Occupation.xlsx Table 1.2,2025-2035,thousands,true,Optional exact join: O*NET occupation_code first 7 characters (SOC detailed XX-XXXX) == bls_matrix_code. Not a fuzzy match. Not a task-exposure label.
      Paralegals and legal assistants,23-2011,Line item,404.9,403.8,-1.1,-0.3,40.8,62890,Associate's degree,BLS Employment Projections Occupation.xlsx Table 1.2,2025-2035,thousands,true,Optional exact join: O*NET occupation_code first 7 characters (SOC detailed XX-XXXX) == bls_matrix_code. Not a fuzzy match. Not a task-exposure label.
      Miscellaneous legal support workers,23-2090,Summary,110,111.1,1.1,1,10,62710,—,BLS Employment Projections Occupation.xlsx Table 1.2,2025-2035,thousands,true,Optional exact join: O*NET occupation_code first 7 characters (SOC detailed XX-XXXX) == bls_matrix_code. Not a fuzzy match. Not a task-exposure label.
"        Title examiners, abstractors, and searchers",23-2093,Line item,59.8,61.1,1.3,2.1,5.3,58650,High school diploma or equivalent,BLS Employment Projections Occupation.xlsx Table 1.2,2025-2035,thousands,true,Optional exact join: O*NET occupation_code first 7 characters (SOC detailed XX-XXXX) == bls_matrix_code. Not a fuzzy match. Not a task-exposure label.
"        Legal support workers, all other",23-2099,Line item,50.2,50,-0.1,-0.3,4.7,72110,Associate's degree,BLS Employment Projections Occupation.xlsx Table 1.2,2025-2035,thousands,true,Optional exact join: O*NET occupation_code first 7 characters (SOC detailed XX-XXXX) == bls_matrix_code. Not a fuzzy match. Not a task-exposure label.
  Educational instruction and library occupations,25-0000,Summary,9907.4,10049.4,142,1.4,871.9,60570,—,BLS Employment Projections Occupation.xlsx Table 1.2,2025-2035,thousands,true,Optional exact join: O*NET occupation_code first 7 characters (SOC detailed XX-XXXX) == bls_matrix_code. Not a fuzzy match. Not a task-exposure label.
    Postsecondary teachers,25-1000,Summary,1684.5,1785.9,101.4,6,123.8,82250,—,BLS Employment Projections Occupation.xlsx Table 1.2,2025-2035,thousands,true,Optional exact join: O*NET occupation_code first 7 characters (SOC detailed XX-XXXX) == bls_matrix_code. Not a fuzzy match. Not a task-exposure label.
"      Business teachers, postsecondary",25-1011,Line item,103.6,109.7,6.1,5.9,7.6,99080,Doctoral or professional degree,BLS Employment Projections Occupation.xlsx Table 1.2,2025-2035,thousands,true,Optional exact join: O*NET occupation_code first 7 characters (SOC detailed XX-XXXX) == bls_matrix_code. Not a fuzzy match. Not a task-exposure label.
"      Math and computer science teachers, postsecondary",25-1020,Summary,101,104.2,3.2,3.1,7,83070,—,BLS Employment Projections Occupation.xlsx Table 1.2,2025-2035,thousands,true,Optional exact join: O*NET occupation_code first 7 characters (SOC detailed XX-XXXX) == bls_matrix_code. Not a fuzzy match. Not a task-exposure label.
"        Computer science teachers, postsecondary",25-1021,Line item,43.9,46.1,2.2,4.9,3.2,96980,Doctoral or professional degree,BLS Employment Projections Occupation.xlsx Table 1.2,2025-2035,thousands,true,Optional exact join: O*NET occupation_code first 7 characters (SOC detailed XX-XXXX) == bls_matrix_code. Not a fuzzy match. Not a task-exposure label.
"        Mathematical science teachers, postsecondary",25-1022,Line item,57.1,58.1,1,1.7,3.9,79940,Doctoral or professional degree,BLS Employment Projections Occupation.xlsx Table 1.2,2025-2035,thousands,true,Optional exact join: O*NET occupation_code first 7 characters (SOC detailed XX-XXXX) == bls_matrix_code. Not a fuzzy match. Not a task-exposure label.
"      Engineering and architecture teachers, postsecondary",25-1030,Summary,60.6,64.8,4.2,6.9,4.5,106500,—,BLS Employment Projections Occupation.xlsx Table 1.2,2025-2035,thousands,true,Optional exact join: O*NET occupation_code first 7 characters (SOC detailed XX-XXXX) == bls_matrix_code. Not a fuzzy match. Not a task-exposure label.
"        Architecture teachers, postsecondary",25-1031,Line item,9.7,10,0.3,2.6,0.7,96870,Doctoral or professional degree,BLS Employment Projections Occupation.xlsx Table 1.2,2025-2035,thousands,true,Optional exact join: O*NET occupation_code first 7 characters (SOC detailed XX-XXXX) == bls_matrix_code. Not a fuzzy match. Not a task-exposure label.
"        Engineering teachers, postsecondary",25-1032,Line item,50.9,54.9,3.9,7.8,3.9,109270,Doctoral or professional degree,BLS Employment Projections Occupation.xlsx Table 1.2,2025-2035,thousands,true,Optional exact join: O*NET occupation_code first 7 characters (SOC detailed XX-XXXX) == bls_matrix_code. Not a fuzzy match. Not a task-exposure label.
"      Life sciences teachers, postsecondary",25-1040,Summary,74.7,79.6,4.9,6.6,5.5,86480,—,BLS Employment Projections Occupation.xlsx Table 1.2,2025-2035,thousands,true,Optional exact join: O*NET occupation_code first 7 characters (SOC detailed XX-XXXX) == bls_matrix_code. Not a fuzzy match. Not a task-exposure label.
"        Agricultural sciences teachers, postsecondary",25-1041,Line item,10.9,11.2,0.3,2.9,0.8,98700,Doctoral or professional degree,BLS Employment Projections Occupation.xlsx Table 1.2,2025-2035,thousands,true,Optional exact join: O*NET occupation_code first 7 characters (SOC detailed XX-XXXX) == bls_matrix_code. Not a fuzzy match. Not a task-exposure label.
"        Biological science teachers, postsecondary",25-1042,Line item,62,66.5,4.5,7.3,4.7,84620,Doctoral or professional degree,BLS Employment Projections Occupation.xlsx Table 1.2,2025-2035,thousands,true,Optional exact join: O*NET occupation_code first 7 characters (SOC detailed XX-XXXX) == bls_matrix_code. Not a fuzzy match. Not a task-exposure label.
"        Forestry and conservation science teachers, postsecondary",25-1043,Line item,1.8,1.9,0.1,2.8,0.1,101420,Doctoral or professional degree,BLS Employment Projections Occupation.xlsx Table 1.2,2025-2035,thousands,true,Optional exact join: O*NET occupation_code first 7 characters (SOC detailed XX-XXXX) == bls_matrix_code. Not a fuzzy match. Not a task-exposure label.
"      Physical sciences teachers, postsecondary",25-1050,Summary,61.7,63.2,1.5,2.4,4.2,98450,—,BLS Employment Projections Occupation.xlsx Table 1.2,2025-2035,thousands,true,Optional exact join: O*NET occupation_code first 7 characters (SOC detailed XX-XXXX) == bls_matrix_code. Not a fuzzy match. Not a task-exposure label.
"        Atmospheric, earth, marine, and space sciences teachers, postsecondary",25-1051,Line item,12,12.3,0.3,2.4,0.8,103170,Doctoral or professional degree,BLS Employment Projections Occupation.xlsx Table 1.2,2025-2035,thousands,true,Optional exact join: O*NET occupation_code first 7 characters (SOC detailed XX-XXXX) == bls_matrix_code. Not a fuzzy match. Not a task-exposure label.
"        Chemistry teachers, postsecondary",25-1052,Line item,24.9,25.4,0.6,2.3,1.7,93250,Doctoral or professional degree,BLS Employment Projections Occupation.xlsx Table 1.2,2025-2035,thousands,true,Optional exact join: O*NET occupation_code first 7 characters (SOC detailed XX-XXXX) == bls_matrix_code. Not a fuzzy match. Not a task-exposure label.
"        Environmental science teachers, postsecondary",25-1053,Line item,8.4,8.7,0.2,2.7,0.6,94980,Doctoral or professional degree,BLS Employment Projections Occupation.xlsx Table 1.2,2025-2035,thousands,true,Optional exact join: O*NET occupation_code first 7 characters (SOC detailed XX-XXXX) == bls_matrix_code. Not a fuzzy match. Not a task-exposure label.
"        Physics teachers, postsecondary",25-1054,Line item,16.4,16.8,0.4,2.4,1.1,100310,Doctoral or professional degree,BLS Employment Projections Occupation.xlsx Table 1.2,2025-2035,thousands,true,Optional exact join: O*NET occupation_code first 7 characters (SOC detailed XX-XXXX) == bls_matrix_code. Not a fuzzy match. Not a task-exposure label.
"      Social sciences teachers, postsecondary",25-1060,Summary,147.5,151.8,4.3,2.9,10.2,84720,—,BLS Employment Projections Occupation.xlsx Table 1.2,2025-2035,thousands,true,Optional exact join: O*NET occupation_code first 7 characters (SOC detailed XX-XXXX) == bls_matrix_code. Not a fuzzy match. Not a task-exposure label.
"        Anthropology and archeology teachers, postsecondary",25-1061,Line item,6.5,6.7,0.2,2.6,0.4,99650,Doctoral or professional degree,BLS Employment Projections Occupation.xlsx Table 1.2,2025-2035,thousands,true,Optional exact join: O*NET occupation_code first 7 characters (SOC detailed XX-XXXX) == bls_matrix_code. Not a fuzzy match. Not a task-exposure label.
"        Area, ethnic, and cultural studies teachers, postsecondary",25-1062,Line item,14.3,14.7,0.4,2.7,1,85020,Doctoral or professional degree,BLS Employment Projections Occupation.xlsx Table 1.2,2025-2035,thousands,true,Optional exact join: O*NET occupation_code first 7 characters (SOC detailed XX-XXXX) == bls_matrix_code. Not a fuzzy match. Not a task-exposure label.
"        Economics teachers, postsecondary",25-1063,Line item,14.6,15,0.4,2.4,1,123920,Doctoral or professional degree,BLS Employment Projections Occupation.xlsx Table 1.2,2025-2035,thousands,true,Optional exact join: O*NET occupation_code first 7 characters (SOC detailed XX-XXXX) == bls_matrix_code. Not a fuzzy match. Not a task-exposure label.
"        Geography teachers, postsecondary",25-1064,Line item,4.1,4.2,0.1,2.7,0.3,97590,Doctoral or professional degree,BLS Employment Projections Occupation.xlsx Table 1.2,2025-2035,thousands,true,Optional exact join: O*NET occupation_code first 7 characters (SOC detailed XX-XXXX) == bls_matrix_code. Not a fuzzy match. Not a task-exposure label.
"        Political science teachers, postsecondary",25-1065,Line item,21.5,22,0.5,2.5,1.5,98070,Doctoral or professional degree,BLS Employment Projections Occupation.xlsx Table 1.2,2025-2035,thousands,true,Optional exact join: O*NET occupation_code first 7 characters (SOC detailed XX-XXXX) == bls_matrix_code. Not a fuzzy match. Not a task-exposure label.
"        Psychology teachers, postsecondary",25-1066,Line item,52.3,54.4,2.1,4,3.7,80340,Doctoral or professional degree,BLS Employment Projections Occupation.xlsx Table 1.2,2025-2035,thousands,true,Optional exact join: O*NET occupation_code first 7 characters (SOC detailed XX-XXXX) == bls_matrix_code. Not a fuzzy match. Not a task-exposure label.
"        Sociology teachers, postsecondary",25-1067,Line item,14.6,15,0.3,2.2,1,84290,Doctoral or professional degree,BLS Employment Projections Occupation.xlsx Table 1.2,2025-2035,thousands,true,Optional exact join: O*NET occupation_code first 7 characters (SOC detailed XX-XXXX) == bls_matrix_code. Not a fuzzy match. Not a task-exposure label.
"        Social sciences teachers, postsecondary, all other",25-1069,Line item,19.6,19.9,0.3,1.6,1.3,72990,Doctoral or professional degree,BLS Employment Projections Occupation.xlsx Table 1.2,2025-2035,thousands,true,Optional exact join: O*NET occupation_code first 7 characters (SOC detailed XX-XXXX) == bls_matrix_code. Not a fuzzy match. Not a task-exposure label.
"      Health teachers, postsecondary",25-1070,Summary,374.5,440.9,66.3,17.7,33.3,99830,—,BLS Employment Projections Occupation.xlsx Table 1.2,2025-2035,thousands,true,Optional exact join: O*NET occupation_code first 7 characters (SOC detailed XX-XXXX) == bls_matrix_code. Not a fuzzy match. Not a task-exposure label.
"        Health specialties teachers, postsecondary",25-1071,Line item,278.4,328.3,49.9,17.9,24.9,107310,Doctoral or professional degree,BLS Employment Projections Occupation.xlsx Table 1.2,2025-2035,thousands,true,Optional exact join: O*NET occupation_code first 7 characters (SOC detailed XX-XXXX) == bls_matrix_code. Not a fuzzy match. Not a task-exposure label.
"        Nursing instructors and teachers, postsecondary",25-1072,Line item,96.1,112.6,16.5,17.1,8.5,80250,Doctoral or professional degree,BLS Employment Projections Occupation.xlsx Table 1.2,2025-2035,thousands,true,Optional exact join: O*NET occupation_code first 7 characters (SOC detailed XX-XXXX) == bls_matrix_code. Not a fuzzy match. Not a task-exposure label.
"      Education and library science teachers, postsecondary",25-1080,Summary,81.7,83.8,2,2.5,5.6,75640,—,BLS Employment Projections Occupation.xlsx Table 1.2,2025-2035,thousands,true,Optional exact join: O*NET occupation_code first 7 characters (SOC detailed XX-XXXX) == bls_matrix_code. Not a fuzzy match. Not a task-exposure label.
"        Education teachers, postsecondary",25-1081,Line item,77.2,79.2,1.9,2.5,5.3,75350,Doctoral or professional degree,BLS Employment Projections Occupation.xlsx Table 1.2,2025-2035,thousands,true,Optional exact join: O*NET occupation_code first 7 characters (SOC detailed XX-XXXX) == bls_matrix_code. Not a fuzzy match. Not a task-exposure label.
"        Library science teachers, postsecondary",25-1082,Line item,4.5,4.6,0.1,2.7,0.3,80340,Doctoral or professional degree,BLS Employment Projections Occupation.xlsx Table 1.2,2025-2035,thousands,true,Optional exact join: O*NET occupation_code first 7 characters (SOC detailed XX-XXXX) == bls_matrix_code. Not a fuzzy match. Not a task-exposure label.
"      Law, criminal justice, and social work teachers, postsecondary",25-1110,Summary,57.6,58.9,1.3,2.3,3.9,89270,—,BLS Employment Projections Occupation.xlsx Table 1.2,2025-2035,thousands,true,Optional exact join: O*NET occupation_code first 7 characters (SOC detailed XX-XXXX) == bls_matrix_code. Not a fuzzy match. Not a task-exposure label.
"        Criminal justice and law enforcement teachers, postsecondary",25-1111,Line item,15.7,15.9,0.2,1.5,1.1,76590,Doctoral or professional degree,BLS Employment Projections Occupation.xlsx Table 1.2,2025-2035,thousands,true,Optional exact join: O*NET occupation_code first 7 characters (SOC detailed XX-XXXX) == bls_matrix_code. Not a fuzzy match. Not a task-exposure label.
"        Law teachers, postsecondary",25-1112,Line item,25.8,26.5,0.7,2.6,1.8,128500,Doctoral or professional degree,BLS Employment Projections Occupation.xlsx Table 1.2,2025-2035,thousands,true,Optional exact join: O*NET occupation_code first 7 characters (SOC detailed XX-XXXX) == bls_matrix_code. Not a fuzzy match. Not a task-exposure label.
"        Social work teachers, postsecondary",25-1113,Line item,16,16.4,0.4,2.6,1.1,77570,Doctoral or professional degree,BLS Employment Projections Occupation.xlsx Table 1.2,2025-2035,thousands,true,Optional exact join: O*NET occupation_code first 7 characters (SOC detailed XX-XXXX) == bls_matrix_code. Not a fuzzy match. Not a task-exposure label.
"      Arts, communications, history, and humanities teachers, postsecondary",25-1120,Summary,296.6,300.6,4,1.3,20,79150,—,BLS Employment Projections Occupation.xlsx Table 1.2,2025-2035,thousands,true,Optional exact join: O*NET occupation_code first 7 characters (SOC detailed XX-XXXX) == bls_matrix_code. Not a fuzzy match. Not a task-exposure label.
"        Art, drama, and music teachers, postsecondary",25-1121,Line item,116.9,119.5,2.6,2.2,8,78620,Master's degree,BLS Employment Projections Occupation.xlsx Table 1.2,2025-2035,thousands,true,Optional exact join: O*NET occupation_code first 7 characters (SOC detailed XX-XXXX) == bls_matrix_code. Not a fuzzy match. Not a task-exposure label.
"        Communications teachers, postsecondary",25-1122,Line item,35.8,36.5,0.8,2.1,2.4,78580,Doctoral or professional degree,BLS Employment Projections Occupation.xlsx Table 1.2,2025-2035,thousands,true,Optional exact join: O*NET occupation_code first 7 characters (SOC detailed XX-XXXX) == bls_matrix_code. Not a fuzzy match. Not a task-exposure label.
"        English language and literature teachers, postsecondary",25-1123,Line item,69.3,69.3,0,0,4.5,78760,Doctoral or professional degree,BLS Employment Projections Occupation.xlsx Table 1.2,2025-2035,thousands,true,Optional exact join: O*NET occupation_code first 7 characters (SOC detailed XX-XXXX) == bls_matrix_code. Not a fuzzy match. Not a task-exposure label.
"        Foreign language and literature teachers, postsecondary",25-1124,Line item,24.6,24.7,0.1,0.2,1.6,79350,Doctoral or professional degree,BLS Employment Projections Occupation.xlsx Table 1.2,2025-2035,thousands,true,Optional exact join: O*NET occupation_code first 7 characters (SOC detailed XX-XXXX) == bls_matrix_code. Not a fuzzy match. Not a task-exposure label.
"        History teachers, postsecondary",25-1125,Line item,23.2,23.2,0,0,1.5,83820,Doctoral or professional degree,BLS Employment Projections Occupation.xlsx Table 1.2,2025-2035,thousands,true,Optional exact join: O*NET occupation_code first 7 characters (SOC detailed XX-XXXX) == bls_matrix_code. Not a fuzzy match. Not a task-exposure label.
"        Philosophy and religion teachers, postsecondary",25-1126,Line item,26.8,27.3,0.5,2,1.8,80260,Doctoral or professional degree,BLS Employment Projections Occupation.xlsx Table 1.2,2025-2035,thousands,true,Optional exact join: O*NET occupation_code first 7 characters (SOC detailed XX-XXXX) == bls_matrix_code. Not a fuzzy match. Not a task-exposure label.
      Miscellaneous postsecondary teachers,25-1190,Summary,324.9,328.5,3.6,1.1,21.8,72830,—,BLS Employment Projections Occupation.xlsx Table 1.2,2025-2035,thousands,true,Optional exact join: O*NET occupation_code first 7 characters (SOC detailed XX-XXXX) == bls_matrix_code. Not a fuzzy match. Not a task-exposure label.
"        Family and consumer sciences teachers, postsecondary",25-1192,Line item,3.4,3.5,0.1,2.4,0.2,75870,Doctoral or professional degree,BLS Employment Projections Occupation.xlsx Table 1.2,2025-2035,thousands,true,Optional exact join: O*NET occupation_code first 7 characters (SOC detailed XX-XXXX) == bls_matrix_code. Not a fuzzy match. Not a task-exposure label.
"        Recreation and fitness studies teachers, postsecondary",25-1193,Line item,15.2,15.6,0.3,2.2,1,77270,Doctoral or professional degree,BLS Employment Projections Occupation.xlsx Table 1.2,2025-2035,thousands,true,Optional exact join: O*NET occupation_code first 7 characters (SOC detailed XX-XXXX) == bls_matrix_code. Not a fuzzy match. Not a task-exposure label.
"        Career/technical education teachers, postsecondary",25-1194,Line item,123.1,122.7,-0.4,-0.3,8,63820,Bachelor's degree,BLS Employment Projections Occupation.xlsx Table 1.2,2025-2035,thousands,true,Optional exact join: O*NET occupation_code first 7 characters (SOC detailed XX-XXXX) == bls_matrix_code. Not a fuzzy match. Not a task-exposure label.
"        Postsecondary teachers, all other",25-1199,Line item,183.2,186.8,3.6,2,12.5,77640,Doctoral or professional degree,BLS Employment Projections Occupation.xlsx Table 1.2,2025-2035,thousands,true,Optional exact join: O*NET occupation_code first 7 characters (SOC detailed XX-XXXX) == bls_matrix_code. Not a fuzzy match. Not a task-exposure label.
"    Preschool, elementary, middle, secondary, and special education teachers",25-2000,Summary,4542.5,4556.7,14.2,0.3,313,63250,—,BLS Employment Projections Occupation.xlsx Table 1.2,2025-2035,thousands,true,Optional exact join: O*NET occupation_code first 7 characters (SOC detailed XX-XXXX) == bls_matrix_code. Not a fuzzy match. Not a task-exposure label.
      Preschool and kindergarten teachers,25-2010,Summary,694.4,720.3,25.9,3.7,78.6,43780,—,BLS Employment Projections Occupation.xlsx Table 1.2,2025-2035,thousands,true,Optional exact join: O*NET occupation_code first 7 characters (SOC detailed XX-XXXX) == bls_matrix_code. Not a fuzzy match. Not a task-exposure label.
"        Preschool teachers, except special education",25-2011,Line item,583.2,609.4,26.2,4.5,66.7,38140,Associate's degree,BLS Employment Projections Occupation.xlsx Table 1.2,2025-2035,thousands,true,Optional exact join: O*NET occupation_code first 7 characters (SOC detailed XX-XXXX) == bls_matrix_code. Not a fuzzy match. Not a task-exposure label.
"        Kindergarten teachers, except special education",25-2012,Line item,111.2,110.9,-0.3,-0.3,11.9,62680,Bachelor's degree,BLS Employment Projections Occupation.xlsx Table 1.2,2025-2035,thousands,true,Optional exact join: O*NET occupation_code first 7 characters (SOC detailed XX-XXXX) == bls_matrix_code. Not a fuzzy match. Not a task-exposure label.
      Elementary and middle school teachers,25-2020,Summary,2066,2057.5,-8.5,-0.4,127.3,64170,—,BLS Employment Projections Occupation.xlsx Table 1.2,2025-2035,thousands,true,Optional exact join: O*NET occupation_code first 7 characters (SOC detailed XX-XXXX) == bls_matrix_code. Not a fuzzy match. Not a task-exposure label.
"        Elementary school teachers, except special education",25-2021,Line item,1419.3,1413.4,-5.8,-0.4,87.5,63970,Bachelor's degree,BLS Employment Projections Occupation.xlsx Table 1.2,2025-2035,thousands,true,Optional exact join: O*NET occupation_code first 7 characters (SOC detailed XX-XXXX) == bls_matrix_code. Not a fuzzy match. Not a task-exposure label.
"        Middle school teachers, except special and career/technical education",25-2022,Line item,630.1,627.4,-2.6,-0.4,38.8,64370,Bachelor's degree,BLS Employment Projections Occupation.xlsx Table 1.2,2025-2035,thousands,true,Optional exact join: O*NET occupation_code first 7 characters (SOC detailed XX-XXXX) == bls_matrix_code. Not a fuzzy match. Not a task-exposure label.
"        Career/technical education teachers, middle school",25-2023,Line item,16.6,16.6,-0.1,-0.5,1,65030,Bachelor's degree,BLS Employment Projections Occupation.xlsx Table 1.2,2025-2035,thousands,true,Optional exact join: O*NET occupation_code first 7 characters (SOC detailed XX-XXXX) == bls_matrix_code. Not a fuzzy match. Not a task-exposure label.
      Secondary school teachers,25-2030,Summary,1198,1195.1,-2.9,-0.2,70,70930,—,BLS Employment Projections Occupation.xlsx Table 1.2,2025-2035,thousands,true,Optional exact join: O*NET occupation_code first 7 characters (SOC detailed XX-XXXX) == bls_matrix_code. Not a fuzzy match. Not a task-exposure label.
"        Secondary school teachers, except special and career/technical education",25-2031,Line item,1087.5,1085,-2.5,-0.2,63.5,72040,Bachelor's degree,BLS Employment Projections Occupation.xlsx Table 1.2,2025-2035,thousands,true,Optional exact join: O*NET occupation_code first 7 characters (SOC detailed XX-XXXX) == bls_matrix_code. Not a fuzzy match. Not a task-exposure label.
"        Career/technical education teachers, secondary school",25-2032,Line item,110.5,110.1,-0.4,-0.4,6.4,66270,Bachelor's degree,BLS Employment Projections Occupation.xlsx Table 1.2,2025-2035,thousands,true,Optional exact join: O*NET occupation_code first 7 characters (SOC detailed XX-XXXX) == bls_matrix_code. Not a fuzzy match. Not a task-exposure label.
      Special education teachers,25-2050,Summary,584.1,583.8,-0.3,-0.1,37.1,67170,—,BLS Employment Projections Occupation.xlsx Table 1.2,2025-2035,thousands,true,Optional exact join: O*NET occupation_code first 7 characters (SOC detailed XX-XXXX) == bls_matrix_code. Not a fuzzy match. Not a task-exposure label.
"        Special education teachers, preschool",25-2051,Line item,30.5,31.3,0.7,2.4,2,64830,Bachelor's degree,BLS Employment Projections Occupation.xlsx Table 1.2,2025-2035,thousands,true,Optional exact join: O*NET occupation_code first 7 characters (SOC detailed XX-XXXX) == bls_matrix_code. Not a fuzzy match. Not a task-exposure label.
"        Special education teachers, kindergarten and elementary school",25-2052,Line item,259.1,258.1,-0.9,-0.4,16.4,65120,Bachelor's degree,BLS Employment Projections Occupation.xlsx Table 1.2,2025-2035,thousands,true,Optional exact join: O*NET occupation_code first 7 characters (SOC detailed XX-XXXX) == bls_matrix_code. Not a fuzzy match. Not a task-exposure label.
"        Special education teachers, middle school",25-2057,Line item,94.8,94.4,-0.4,-0.4,6,66810,Bachelor's degree,BLS Employment Projections Occupation.xlsx Table 1.2,2025-2035,thousands,true,Optional exact join: O*NET occupation_code first 7 characters (SOC detailed XX-XXXX) == bls_matrix_code. Not a fuzzy match. Not a task-exposure label.
"        Special education teachers, secondary school",25-2058,Line item,164.8,164.5,-0.4,-0.2,10.4,74260,Bachelor's degree,BLS Employment Projections Occupation.xlsx Table 1.2,2025-2035,thousands,true,Optional exact join: O*NET occupation_code first 7 characters (SOC detailed XX-XXXX) == bls_matrix_code. Not a fuzzy match. Not a task-exposure label.
"        Special education teachers, all other",25-2059,Line item,34.8,35.5,0.7,1.9,2.3,76580,Bachelor's degree,BLS Employment Projections Occupation.xlsx Table 1.2,2025-2035,thousands,true,Optional exact join: O*NET occupation_code first 7 characters (SOC detailed XX-XXXX) == bls_matrix_code. Not a fuzzy match. Not a task-exposure label.
    Other teachers and instructors,25-3000,Summary,1363.2,1382.3,19.1,1.4,168.8,45730,—,BLS Employment Projections Occupation.xlsx Table 1.2,2025-2035,thousands,true,Optional exact join: O*NET occupation_code first 7 characters (SOC detailed XX-XXXX) == bls_matrix_code. Not a fuzzy match. Not a task-exposure label.
"      Adult basic education, adult secondary education, and english as a second language instructors",25-3011,Line item,41.1,35.4,-5.7,-13.9,3.8,61540,Bachelor's degree,BLS Employment Projections Occupation.xlsx Table 1.2,2025-2035,thousands,true,Optional exact join: O*NET occupation_code first 7 characters (SOC detailed XX-XXXX) == bls_matrix_code. Not a fuzzy match. Not a task-exposure label.
      Self-enrichment teachers,25-3021,Line item,419.1,433.7,14.6,3.5,50,46800,High school diploma or equivalent,BLS Employment Projections Occupation.xlsx Table 1.2,2025-2035,thousands,true,Optional exact join: O*NET occupation_code first 7 characters (SOC detailed XX-XXXX) == bls_matrix_code. Not a fuzzy match. Not a task-exposure label.
"      Substitute teachers, short-term",25-3031,Line item,556.1,567,10.9,2,65,41670,Bachelor's degree,BLS Employment Projections Occupation.xlsx Table 1.2,2025-2035,thousands,true,Optional exact join: O*NET occupation_code first 7 characters (SOC detailed XX-XXXX) == bls_matrix_code. Not a fuzzy match. Not a task-exposure label.
      Tutors,25-3041,Line item,208.4,208,-0.5,-0.2,34.2,43350,"Some college, no degree",BLS Employment Projections Occupation.xlsx Table 1.2,2025-2035,thousands,true,Optional exact join: O*NET occupation_code first 7 characters (SOC detailed XX-XXXX) == bls_matrix_code. Not a fuzzy match. Not a task-exposure label.
"      Teachers and instructors, all other",25-3099,Line item,138.6,138.3,-0.3,-0.2,15.7,66140,Bachelor's degree,BLS Employment Projections Occupation.xlsx Table 1.2,2025-2035,thousands,true,Optional exact join: O*NET occupation_code first 7 characters (SOC detailed XX-XXXX) == bls_matrix_code. Not a fuzzy match. Not a task-exposure label.
"    Librarians, curators, and archivists",25-4000,Summary,253.5,254.1,0.6,0.2,27.7,60470,—,BLS Employment Projections Occupation.xlsx Table 1.2,2025-2035,thousands,true,Optional exact join: O*NET occupation_code first 7 characters (SOC detailed XX-XXXX) == bls_matrix_code. Not a fuzzy match. Not a task-exposure label.
"      Archivists, curators, and museum technicians",25-4010,Summary,38.5,40,1.6,4,4.3,60330,—,BLS Employment Projections Occupation.xlsx Table 1.2,2025-2035,thousands,true,Optional exact join: O*NET occupation_code first 7 characters (SOC detailed XX-XXXX) == bls_matrix_code. Not a fuzzy match. Not a task-exposure label.
        Archivists,25-4011,Line item,10.3,10.6,0.3,3.4,1.1,64550,Master's degree,BLS Employment Projections Occupation.xlsx Table 1.2,2025-2035,thousands,true,Optional exact join: O*NET occupation_code first 7 characters (SOC detailed XX-XXXX) == bls_matrix_code. Not a fuzzy match. Not a task-exposure label.
        Curators,25-4012,Line item,14.2,14.9,0.7,4.9,1.6,63420,Master's degree,BLS Employment Projections Occupation.xlsx Table 1.2,2025-2035,thousands,true,Optional exact join: O*NET occupation_code first 7 characters (SOC detailed XX-XXXX) == bls_matrix_code. Not a fuzzy match. Not a task-exposure label.
        Museum technicians and conservators,25-4013,Line item,14,14.5,0.5,3.6,1.6,51440,Bachelor's degree,BLS Employment Projections Occupation.xlsx Table 1.2,2025-2035,thousands,true,Optional exact join: O*NET occupation_code first 7 characters (SOC detailed XX-XXXX) == bls_matrix_code. Not a fuzzy match. Not a task-exposure label.
      Librarians and media collections specialists,25-4022,Line item,142.3,145.9,3.6,2.6,12.6,68270,Master's degree,BLS Employment Projections Occupation.xlsx Table 1.2,2025-2035,thousands,true,Optional exact join: O*NET occupation_code first 7 characters (SOC detailed XX-XXXX) == bls_matrix_code. Not a fuzzy match. Not a task-exposure label.
      Library technicians,25-4031,Line item,72.8,68.1,-4.6,-6.4,10.8,44580,Postsecondary nondegree award,BLS Employment Projections Occupation.xlsx Table 1.2,2025-2035,thousands,true,Optional exact join: O*NET occupation_code first 7 characters (SOC detailed XX-XXXX) == bls_matrix_code. Not a fuzzy match. Not a task-exposure label.
    Other educational instruction and library occupations,25-9000,Summary,2063.7,2070.5,6.8,0.3,238.6,38230,—,BLS Employment Projections Occupation.xlsx Table 1.2,2025-2035,thousands,true,Optional exact join: O*NET occupation_code first 7 characters (SOC detailed XX-XXXX) == bls_matrix_code. Not a fuzzy match. Not a task-exposure label.
      Farm and home management educators,25-9021,Line item,9.7,9.4,-0.3,-3.2,0.8,60220,Master's degree,BLS Employment Projections Occupation.xlsx Table 1.2,2025-2035,thousands,true,Optional exact join: O*NET occupation_code first 7 characters (SOC detailed XX-XXXX) == bls_matrix_code. Not a fuzzy match. Not a task-exposure label.
      Instructional coordinators,25-9031,Line item,248.7,252.8,4.1,1.6,23.1,77440,Master's degree,BLS Employment Projections Occupation.xlsx Table 1.2,2025-2035,thousands,true,Optional exact join: O*NET occupation_code first 7 characters (SOC detailed XX-XXXX) == bls_matrix_code. Not a fuzzy match. Not a task-exposure label.
      Teaching assistants,25-9040,Summary,1668.5,1669,0.5,0,201.9,37010,—,BLS Employment Projections Occupation.xlsx Table 1.2,2025-2035,thousands,true,Optional exact join: O*NET occupation_code first 7 characters (SOC detailed XX-XXXX) == bls_matrix_code. Not a fuzzy match. Not a task-exposure label.
"        Teaching assistants, postsecondary",25-9044,Line item,205.5,211,5.5,2.7,25.7,42910,Bachelor's degree,BLS Employment Projections Occupation.xlsx Table 1.2,2025-2035,thousands,true,Optional exact join: O*NET occupation_code first 7 characters (SOC detailed XX-XXXX) == bls_matrix_code. Not a fuzzy match. Not a task-exposure label.
"        Teaching assistants, except postsecondary",25-9045,Line item,1463,1458,-4.9,-0.3,176.2,36780,"Some college, no degree",BLS Employment Projections Occupation.xlsx Table 1.2,2025-2035,thousands,true,Optional exact join: O*NET occupation_code first 7 characters (SOC detailed XX-XXXX) == bls_matrix_code. Not a fuzzy match. Not a task-exposure label.
"      Educational instruction and library workers, all other",25-9099,Line item,136.8,139.3,2.5,1.8,12.7,50890,Bachelor's degree,BLS Employment Projections Occupation.xlsx Table 1.2,2025-2035,thousands,true,Optional exact join: O*NET occupation_code first 7 characters (SOC detailed XX-XXXX) == bls_matrix_code. Not a fuzzy match. Not a task-exposure label.
"  Arts, design, entertainment, sports, and media occupations",27-0000,Summary,2986,3030.6,44.6,1.5,255.9,62750,—,BLS Employment Projections Occupation.xlsx Table 1.2,2025-2035,thousands,true,Optional exact join: O*NET occupation_code first 7 characters (SOC detailed XX-XXXX) == bls_matrix_code. Not a fuzzy match. Not a task-exposure label.
    Art and design workers,27-1000,Summary,934.8,942.2,7.4,0.8,76.4,58240,—,BLS Employment Projections Occupation.xlsx Table 1.2,2025-2035,thousands,true,Optional exact join: O*NET occupation_code first 7 characters (SOC detailed XX-XXXX) == bls_matrix_code. Not a fuzzy match. Not a task-exposure label.
      Artists and related workers,27-1010,Summary,245.4,250.8,5.4,2.2,20.7,99760,—,BLS Employment Projections Occupation.xlsx Table 1.2,2025-2035,thousands,true,Optional exact join: O*NET occupation_code first 7 characters (SOC detailed XX-XXXX) == bls_matrix_code. Not a fuzzy match. Not a task-exposure label.
        Art directors,27-1011,Line item,140.2,146,5.9,4.2,12.2,114850,Bachelor's degree,BLS Employment Projections Occupation.xlsx Table 1.2,2025-2035,thousands,true,Optional exact join: O*NET occupation_code first 7 characters (SOC detailed XX-XXXX) == bls_matrix_code. Not a fuzzy match. Not a task-exposure label.
        Craft artists,27-1012,Line item,11.5,11.8,0.2,2,1,46080,No formal educational credential,BLS Employment Projections Occupation.xlsx Table 1.2,2025-2035,thousands,true,Optional exact join: O*NET occupation_code first 7 characters (SOC detailed XX-XXXX) == bls_matrix_code. Not a fuzzy match. Not a task-exposure label.
"        Fine artists, including painters, sculptors, and illustrators",27-1013,Line item,28.9,28,-0.8,-2.9,2.2,55490,Bachelor's degree,BLS Employment Projections Occupation.xlsx Table 1.2,2025-2035,thousands,true,Optional exact join: O*NET occupation_code first 7 characters (SOC detailed XX-XXXX) == bls_matrix_code. Not a fuzzy match. Not a task-exposure label.
        Special effects artists and animators,27-1014,Line item,51.9,51.8,-0.1,-0.3,4.2,102030,Bachelor's degree,BLS Employment Projections Occupation.xlsx Table 1.2,2025-2035,thousands,true,Optional exact join: O*NET occupation_code first 7 characters (SOC detailed XX-XXXX) == bls_matrix_code. Not a fuzzy match. Not a task-exposure label.
"        Artists and related workers, all other",27-1019,Line item,13,13.2,0.3,2,1.1,71240,No formal educational credential,BLS Employment Projections Occupation.xlsx Table 1.2,2025-2035,thousands,true,Optional exact join: O*NET occupation_code first 7 characters (SOC detailed XX-XXXX) == bls_matrix_code. Not a fuzzy match. Not a task-exposure label.
      Designers,27-1020,Summary,689.4,691.4,2,0.3,55.7,53080,—,BLS Employment Projections Occupation.xlsx Table 1.2,2025-2035,thousands,true,Optional exact join: O*NET occupation_code first 7 characters (SOC detailed XX-XXXX) == bls_matrix_code. Not a fuzzy match. Not a task-exposure label.
        Commercial and industrial designers,27-1021,Line item,35.4,36.3,0.9,2.4,2.8,83910,Bachelor's degree,BLS Employment Projections Occupation.xlsx Table 1.2,2025-2035,thousands,true,Optional exact join: O*NET occupation_code first 7 characters (SOC detailed XX-XXXX) == bls_matrix_code. Not a fuzzy match. Not a task-exposure label.
        Fashion designers,27-1022,Line item,32.7,32.8,0,0.1,2.5,80960,Bachelor's degree,BLS Employment Projections Occupation.xlsx Table 1.2,2025-2035,thousands,true,Optional exact join: O*NET occupation_code first 7 characters (SOC detailed XX-XXXX) == bls_matrix_code. Not a fuzzy match. Not a task-exposure label.
        Floral designers,27-1023,Line item,45.2,42.7,-2.5,-5.6,5.2,37360,High school diploma or equivalent,BLS Employment Projections Occupation.xlsx Table 1.2,2025-2035,thousands,true,Optional exact join: O*NET occupation_code first 7 characters (SOC detailed XX-XXXX) == bls_matrix_code. Not a fuzzy match. Not a task-exposure label.
        Graphic designers,27-1024,Line item,253.1,248.8,-4.2,-1.7,16,62960,Bachelor's degree,BLS Employment Projections Occupation.xlsx Table 1.2,2025-2035,thousands,true,Optional exact join: O*NET occupation_code first 7 characters (SOC detailed XX-XXXX) == bls_matrix_code. Not a fuzzy match. Not a task-exposure label.
        Interior designers,27-1025,Line item,97.1,99.7,2.6,2.7,7.7,67190,Bachelor's degree,BLS Employment Projections Occupation.xlsx Table 1.2,2025-2035,thousands,true,Optional exact join: O*NET occupation_code first 7 characters (SOC detailed XX-XXXX) == bls_matrix_code. Not a fuzzy match. Not a task-exposure label.
        Merchandise displayers and window trimmers,27-1026,Line item,164.8,169.2,4.4,2.7,17.2,39390,High school diploma or equivalent,BLS Employment Projections Occupation.xlsx Table 1.2,2025-2035,thousands,true,Optional exact join: O*NET occupation_code first 7 characters (SOC detailed XX-XXXX) == bls_matrix_code. Not a fuzzy match. Not a task-exposure label.
        Set and exhibit designers,27-1027,Line item,31.6,32,0.5,1.4,2.2,75240,Bachelor's degree,BLS Employment Projections Occupation.xlsx Table 1.2,2025-2035,thousands,true,Optional exact join: O*NET occupation_code first 7 characters (SOC detailed XX-XXXX) == bls_matrix_code. Not a fuzzy match. Not a task-exposure label.
"        Designers, all other",27-1029,Line item,29.5,29.9,0.4,1.2,2.1,64950,Bachelor's degree,BLS Employment Projections Occupation.xlsx Table 1.2,2025-2035,thousands,true,Optional exact join: O*NET occupation_code first 7 characters (SOC detailed XX-XXXX) == bls_matrix_code. Not a fuzzy match. Not a task-exposure label.
"    Entertainers and performers, sports and related workers",27-2000,Summary,889,920.9,31.9,3.6,91.1,59400,—,BLS Employment Projections Occupation.xlsx Table 1.2,2025-2035,thousands,true,Optional exact join: O*NET occupation_code first 7 characters (SOC detailed XX-XXXX) == bls_matrix_code. Not a fuzzy match. Not a task-exposure label.
"      Actors, producers, and directors",27-2010,Summary,248.5,255.8,7.3,2.9,18.4,81670,—,BLS Employment Projections Occupation.xlsx Table 1.2,2025-2035,thousands,true,Optional exact join: O*NET occupation_code first 7 characters (SOC detailed XX-XXXX) == bls_matrix_code. Not a fuzzy match. Not a task-exposure label.
        Actors,27-2011,Line item,67.5,67.5,0,0,6.3,—,"Some college, no degree",BLS Employment Projections Occupation.xlsx Table 1.2,2025-2035,thousands,true,Optional exact join: O*NET occupation_code first 7 characters (SOC detailed XX-XXXX) == bls_matrix_code. Not a fuzzy match. Not a task-exposure label.
        Producers and directors,27-2012,Line item,181,188.3,7.3,4,12.1,90360,Bachelor's degree,BLS Employment Projections Occupation.xlsx Table 1.2,2025-2035,thousands,true,Optional exact join: O*NET occupation_code first 7 characters (SOC detailed XX-XXXX) == bls_matrix_code. Not a fuzzy match. Not a task-exposure label.
"      Athletes, coaches, umpires, and related workers",27-2020,Summary,339.9,360.2,20.3,6,42.8,47320,—,BLS Employment Projections Occupation.xlsx Table 1.2,2025-2035,thousands,true,Optional exact join: O*NET occupation_code first 7 characters (SOC detailed XX-XXXX) == bls_matrix_code. Not a fuzzy match. Not a task-exposure label.
        Athletes and sports competitors,27-2021,Line item,22.9,24.1,1.3,5.5,2.2,66710,No formal educational credential,BLS Employment Projections Occupation.xlsx Table 1.2,2025-2035,thousands,true,Optional exact join: O*NET occupation_code first 7 characters (SOC detailed XX-XXXX) == bls_matrix_code. Not a fuzzy match. Not a task-exposure label.
        Coaches and scouts,27-2022,Line item,298.8,316.9,18.1,6.1,36.4,47320,Bachelor's degree,BLS Employment Projections Occupation.xlsx Table 1.2,2025-2035,thousands,true,Optional exact join: O*NET occupation_code first 7 characters (SOC detailed XX-XXXX) == bls_matrix_code. Not a fuzzy match. Not a task-exposure label.
"        Umpires, referees, and other sports officials",27-2023,Line item,18.2,19.2,0.9,5.2,4.3,40710,High school diploma or equivalent,BLS Employment Projections Occupation.xlsx Table 1.2,2025-2035,thousands,true,Optional exact join: O*NET occupation_code first 7 characters (SOC detailed XX-XXXX) == bls_matrix_code. Not a fuzzy match. Not a task-exposure label.
      Dancers and choreographers,27-2030,Summary,18.6,19,0.4,2.4,2.2,52830,—,BLS Employment Projections Occupation.xlsx Table 1.2,2025-2035,thousands,true,Optional exact join: O*NET occupation_code first 7 characters (SOC detailed XX-XXXX) == bls_matrix_code. Not a fuzzy match. Not a task-exposure label.
        Dancers,27-2031,Line item,13.8,14.1,0.3,2.2,1.6,—,No formal educational credential,BLS Employment Projections Occupation.xlsx Table 1.2,2025-2035,thousands,true,Optional exact join: O*NET occupation_code first 7 characters (SOC detailed XX-XXXX) == bls_matrix_code. Not a fuzzy match. Not a task-exposure label.
        Choreographers,27-2032,Line item,4.7,4.9,0.1,3.1,0.6,55310,High school diploma or equivalent,BLS Employment Projections Occupation.xlsx Table 1.2,2025-2035,thousands,true,Optional exact join: O*NET occupation_code first 7 characters (SOC detailed XX-XXXX) == bls_matrix_code. Not a fuzzy match. Not a task-exposure label.
"      Musicians, singers, and related workers",27-2040,Summary,221.5,222.6,1.1,0.5,21.6,—,—,BLS Employment Projections Occupation.xlsx Table 1.2,2025-2035,thousands,true,Optional exact join: O*NET occupation_code first 7 characters (SOC detailed XX-XXXX) == bls_matrix_code. Not a fuzzy match. Not a task-exposure label.
        Music directors and composers,27-2041,Line item,51.1,51.7,0.6,1.2,4.2,73710,Bachelor's degree,BLS Employment Projections Occupation.xlsx Table 1.2,2025-2035,thousands,true,Optional exact join: O*NET occupation_code first 7 characters (SOC detailed XX-XXXX) == bls_matrix_code. Not a fuzzy match. Not a task-exposure label.
        Musicians and singers,27-2042,Line item,170.4,170.9,0.6,0.3,17.4,—,No formal educational credential,BLS Employment Projections Occupation.xlsx Table 1.2,2025-2035,thousands,true,Optional exact join: O*NET occupation_code first 7 characters (SOC detailed XX-XXXX) == bls_matrix_code. Not a fuzzy match. Not a task-exposure label.
"      Miscellaneous entertainers and performers, sports and related workers",27-2090,Summary,60.6,63.3,2.7,4.5,6.1,—,—,BLS Employment Projections Occupation.xlsx Table 1.2,2025-2035,thousands,true,Optional exact join: O*NET occupation_code first 7 characters (SOC detailed XX-XXXX) == bls_matrix_code. Not a fuzzy match. Not a task-exposure label.
"        Disc jockeys, except radio",27-2091,Line item,16.9,17.6,0.6,3.8,1.7,—,High school diploma or equivalent,BLS Employment Projections Occupation.xlsx Table 1.2,2025-2035,thousands,true,Optional exact join: O*NET occupation_code first 7 characters (SOC detailed XX-XXXX) == bls_matrix_code. Not a fuzzy match. Not a task-exposure label.
"        Entertainers and performers, sports and related workers, all other",27-2099,Line item,43.7,45.8,2.1,4.7,4.5,—,No formal educational credential,BLS Employment Projections Occupation.xlsx Table 1.2,2025-2035,thousands,true,Optional exact join: O*NET occupation_code first 7 characters (SOC detailed XX-XXXX) == bls_matrix_code. Not a fuzzy match. Not a task-exposure label.
    Media and communication workers,27-3000,Summary,794.5,797,2.5,0.3,61.3,74250,—,BLS Employment Projections Occupation.xlsx Table 1.2,2025-2035,thousands,true,Optional exact join: O*NET occupation_code first 7 characters (SOC detailed XX-XXXX) == bls_matrix_code. Not a fuzzy match. Not a task-exposure label.
      Broadcast announcers and radio disc jockeys,27-3011,Line item,21.8,20.2,-1.7,-7.6,2,47340,Bachelor's degree,BLS Employment Projections Occupation.xlsx Table 1.2,2025-2035,thousands,true,Optional exact join: O*NET occupation_code first 7 characters (SOC detailed XX-XXXX) == bls_matrix_code. Not a fuzzy match. Not a task-exposure label.
"      News analysts, reporters, and journalists",27-3023,Line item,47.1,44.3,-2.8,-5.9,3.4,62200,Bachelor's degree,BLS Employment Projections Occupation.xlsx Table 1.2,2025-2035,thousands,true,Optional exact join: O*NET occupation_code first 7 characters (SOC detailed XX-XXXX) == bls_matrix_code. Not a fuzzy match. Not a task-exposure label.
      Public relations specialists,27-3031,Line item,314.5,320.2,5.7,1.8,23,74750,Bachelor's degree,BLS Employment Projections Occupation.xlsx Table 1.2,2025-2035,thousands,true,Optional exact join: O*NET occupation_code first 7 characters (SOC detailed XX-XXXX) == bls_matrix_code. Not a fuzzy match. Not a task-exposure label.
      Writers and editors,27-3040,Summary,291.7,290.5,-1.2,-0.4,23,79680,—,BLS Employment Projections Occupation.xlsx Table 1.2,2025-2035,thousands,true,Optional exact join: O*NET occupation_code first 7 characters (SOC detailed XX-XXXX) == bls_matrix_code. Not a fuzzy match. Not a task-exposure label.
        Editors,27-3041,Line item,105,103.8,-1.1,-1.1,7.9,77920,Bachelor's degree,BLS Employment Projections Occupation.xlsx Table 1.2,2025-2035,thousands,true,Optional exact join: O*NET occupation_code first 7 characters (SOC detailed XX-XXXX) == bls_matrix_code. Not a fuzzy match. Not a task-exposure label.
        Technical writers,27-3042,Line item,46.4,46.7,0.4,0.8,3.2,90390,Bachelor's degree,BLS Employment Projections Occupation.xlsx Table 1.2,2025-2035,thousands,true,Optional exact join: O*NET occupation_code first 7 characters (SOC detailed XX-XXXX) == bls_matrix_code. Not a fuzzy match. Not a task-exposure label.
        Writers and authors,27-3043,Line item,140.3,139.9,-0.5,-0.3,11.9,76910,Bachelor's degree,BLS Employment Projections Occupation.xlsx Table 1.2,2025-2035,thousands,true,Optional exact join: O*NET occupation_code first 7 characters (SOC detailed XX-XXXX) == bls_matrix_code. Not a fuzzy match. Not a task-exposure label.
      Miscellaneous media and communication workers,27-3090,Summary,119.4,121.9,2.5,2.1,9.8,63490,—,BLS Employment Projections Occupation.xlsx Table 1.2,2025-2035,thousands,true,Optional exact join: O*NET occupation_code first 7 characters (SOC detailed XX-XXXX) == bls_matrix_code. Not a fuzzy match. Not a task-exposure label.
        Interpreters and translators,27-3091,Line item,73.9,75.4,1.5,2,6,60170,Bachelor's degree,BLS Employment Projections Occupation.xlsx Table 1.2,2025-2035,thousands,true,Optional exact join: O*NET occupation_code first 7 characters (SOC detailed XX-XXXX) == bls_matrix_code. Not a fuzzy match. Not a task-exposure label.
        Court reporters and simultaneous captioners,27-3092,Line item,19.9,19.9,0,-0.1,1.8,72420,Postsecondary nondegree award,BLS Employment Projections Occupation.xlsx Table 1.2,2025-2035,thousands,true,Optional exact join: O*NET occupation_code first 7 characters (SOC detailed XX-XXXX) == bls_matrix_code. Not a fuzzy match. Not a task-exposure label.
"        Media and communication workers, all other",27-3099,Line item,25.5,26.5,1,3.9,2,73620,High school diploma or equivalent,BLS Employment Projections Occupation.xlsx Table 1.2,2025-2035,thousands,true,Optional exact join: O*NET occupation_code first 7 characters (SOC detailed XX-XXXX) == bls_matrix_code. Not a fuzzy match. Not a task-exposure label.
    Media and communication equipment workers,27-4000,Summary,367.7,370.5,2.8,0.8,27.2,59200,—,BLS Employment Projections Occupation.xlsx Table 1.2,2025-2035,thousands,true,Optional exact join: O*NET occupation_code first 7 characters (SOC detailed XX-XXXX) == bls_matrix_code. Not a fuzzy match. Not a task-exposure label.
"      Broadcast, sound, and lighting technicians",27-4010,Summary,136.6,138.4,1.7,1.3,9.8,60150,—,BLS Employment Projections Occupation.xlsx Table 1.2,2025-2035,thousands,true,Optional exact join: O*NET occupation_code first 7 characters (SOC detailed XX-XXXX) == bls_matrix_code. Not a fuzzy match. Not a task-exposure label.
        Audio and video technicians,27-4011,Line item,87.6,91.1,3.4,3.9,6.6,58100,Postsecondary nondegree award,BLS Employment Projections Occupation.xlsx Table 1.2,2025-2035,thousands,true,Optional exact join: O*NET occupation_code first 7 characters (SOC detailed XX-XXXX) == bls_matrix_code. Not a fuzzy match. Not a task-exposure label.
        Broadcast technicians,27-4012,Line item,24.1,23.3,-0.8,-3.1,1.6,59570,Associate's degree,BLS Employment Projections Occupation.xlsx Table 1.2,2025-2035,thousands,true,Optional exact join: O*NET occupation_code first 7 characters (SOC detailed XX-XXXX) == bls_matrix_code. Not a fuzzy match. Not a task-exposure label.
        Sound engineering technicians,27-4014,Line item,15,14.6,-0.5,-3.1,1,73130,Postsecondary nondegree award,BLS Employment Projections Occupation.xlsx Table 1.2,2025-2035,thousands,true,Optional exact join: O*NET occupation_code first 7 characters (SOC detailed XX-XXXX) == bls_matrix_code. Not a fuzzy match. Not a task-exposure label.
        Lighting technicians,27-4015,Line item,9.9,9.4,-0.5,-4.8,0.6,68060,Postsecondary nondegree award,BLS Employment Projections Occupation.xlsx Table 1.2,2025-2035,thousands,true,Optional exact join: O*NET occupation_code first 7 characters (SOC detailed XX-XXXX) == bls_matrix_code. Not a fuzzy match. Not a task-exposure label.
      Photographers,27-4021,Line item,145,144,-1,-0.7,10.7,44660,High school diploma or equivalent,BLS Employment Projections Occupation.xlsx Table 1.2,2025-2035,thousands,true,Optional exact join: O*NET occupation_code first 7 characters (SOC detailed XX-XXXX) == bls_matrix_code. Not a fuzzy match. Not a task-exposure label.
"      Television, video, and film camera operators and editors",27-4030,Summary,72,73.9,1.9,2.6,5.6,75100,—,BLS Employment Projections Occupation.xlsx Table 1.2,2025-2035,thousands,true,Optional exact join: O*NET occupation_code first 7 characters (SOC detailed XX-XXXX) == bls_matrix_code. Not a fuzzy match. Not a task-exposure label.
"        Camera operators, television, video, and film",27-4031,Line item,32.6,33,0.4,1.3,2.5,74990,Bachelor's degree,BLS Employment Projections Occupation.xlsx Table 1.2,2025-2035,thousands,true,Optional exact join: O*NET occupation_code first 7 characters (SOC detailed XX-XXXX) == bls_matrix_code. Not a fuzzy match. Not a task-exposure label.
        Film and video editors,27-4032,Line item,39.4,40.8,1.5,3.7,3.1,75420,Bachelor's degree,BLS Employment Projections Occupation.xlsx Table 1.2,2025-2035,thousands,true,Optional exact join: O*NET occupation_code first 7 characters (SOC detailed XX-XXXX) == bls_matrix_code. Not a fuzzy match. Not a task-exposure label.
"      Media and communication equipment workers, all other",27-4099,Line item,14,14.3,0.2,1.6,1,70720,High school diploma or equivalent,BLS Employment Projections Occupation.xlsx Table 1.2,2025-2035,thousands,true,Optional exact join: O*NET occupation_code first 7 characters (SOC detailed XX-XXXX) == bls_matrix_code. Not a fuzzy match. Not a task-exposure label.
  Healthcare practitioners and technical occupations,29-0000,Summary,10232.8,11052.4,819.5,8,605,86530,—,BLS Employment Projections Occupation.xlsx Table 1.2,2025-2035,thousands,true,Optional exact join: O*NET occupation_code first 7 characters (SOC detailed XX-XXXX) == bls_matrix_code. Not a fuzzy match. Not a task-exposure label.
    Healthcare diagnosing or treating practitioners,29-1000,Summary,6869.8,7463.7,593.9,8.6,347.3,103500,—,BLS Employment Projections Occupation.xlsx Table 1.2,2025-2035,thousands,true,Optional exact join: O*NET occupation_code first 7 characters (SOC detailed XX-XXXX) == bls_matrix_code. Not a fuzzy match. Not a task-exposure label.
      Chiropractors,29-1011,Line item,61.7,67,5.3,8.7,2.6,79200,Doctoral or professional degree,BLS Employment Projections Occupation.xlsx Table 1.2,2025-2035,thousands,true,Optional exact join: O*NET occupation_code first 7 characters (SOC detailed XX-XXXX) == bls_matrix_code. Not a fuzzy match. Not a task-exposure label.
      Dentists,29-1020,Summary,161.4,170.4,9,5.6,4.8,176110,—,BLS Employment Projections Occupation.xlsx Table 1.2,2025-2035,thousands,true,Optional exact join: O*NET occupation_code first 7 characters (SOC detailed XX-XXXX) == bls_matrix_code. Not a fuzzy match. Not a task-exposure label.
"        Dentists, general",29-1021,Line item,141.9,150,8.1,5.7,4.2,170950,Doctoral or professional degree,BLS Employment Projections Occupation.xlsx Table 1.2,2025-2035,thousands,true,Optional exact join: O*NET occupation_code first 7 characters (SOC detailed XX-XXXX) == bls_matrix_code. Not a fuzzy match. Not a task-exposure label.
        Oral and maxillofacial surgeons,29-1022,Line item,5.6,5.9,0.3,5.6,0.2,352220,Doctoral or professional degree,BLS Employment Projections Occupation.xlsx Table 1.2,2025-2035,thousands,true,Optional exact join: O*NET occupation_code first 7 characters (SOC detailed XX-XXXX) == bls_matrix_code. Not a fuzzy match. Not a task-exposure label.
        Orthodontists,29-1023,Line item,7.1,7.5,0.4,6,0.2,289140,Doctoral or professional degree,BLS Employment Projections Occupation.xlsx Table 1.2,2025-2035,thousands,true,Optional exact join: O*NET occupation_code first 7 characters (SOC detailed XX-XXXX) == bls_matrix_code. Not a fuzzy match. Not a task-exposure label.
        Prosthodontists,29-1024,Line item,1,1.1,0.1,5.8,0,311180,Doctoral or professional degree,BLS Employment Projections Occupation.xlsx Table 1.2,2025-2035,thousands,true,Optional exact join: O*NET occupation_code first 7 characters (SOC detailed XX-XXXX) == bls_matrix_code. Not a fuzzy match. Not a task-exposure label.
"        Dentists, all other specialists",29-1029,Line item,5.8,5.9,0.1,1.3,0.1,224990,Doctoral or professional degree,BLS Employment Projections Occupation.xlsx Table 1.2,2025-2035,thousands,true,Optional exact join: O*NET occupation_code first 7 characters (SOC detailed XX-XXXX) == bls_matrix_code. Not a fuzzy match. Not a task-exposure label.
      Dietitians and nutritionists,29-1031,Line item,86.3,93,6.7,7.7,5.7,76400,Bachelor's degree,BLS Employment Projections Occupation.xlsx Table 1.2,2025-2035,thousands,true,Optional exact join: O*NET occupation_code first 7 characters (SOC detailed XX-XXXX) == bls_matrix_code. Not a fuzzy match. Not a task-exposure label.
      Optometrists,29-1041,Line item,45.1,49.4,4.3,9.5,2,136570,Doctoral or professional degree,BLS Employment Projections Occupation.xlsx Table 1.2,2025-2035,thousands,true,Optional exact join: O*NET occupation_code first 7 characters (SOC detailed XX-XXXX) == bls_matrix_code. Not a fuzzy match. Not a task-exposure label.
      Pharmacists,29-1051,Line item,325.2,342.3,17.1,5.2,12.5,140910,Doctoral or professional degree,BLS Employment Projections Occupation.xlsx Table 1.2,2025-2035,thousands,true,Optional exact join: O*NET occupation_code first 7 characters (SOC detailed XX-XXXX) == bls_matrix_code. Not a fuzzy match. Not a task-exposure label.
      Physician assistants,29-1071,Line item,168.9,204.6,35.7,21.1,11.5,135880,Master's degree,BLS Employment Projections Occupation.xlsx Table 1.2,2025-2035,thousands,true,Optional exact join: O*NET occupation_code first 7 characters (SOC detailed XX-XXXX) == bls_matrix_code. Not a fuzzy match. Not a task-exposure label.
      Podiatrists,29-1081,Line item,10,10.2,0.2,2,0.2,160300,Doctoral or professional degree,BLS Employment Projections Occupation.xlsx Table 1.2,2025-2035,thousands,true,Optional exact join: O*NET occupation_code first 7 characters (SOC detailed XX-XXXX) == bls_matrix_code. Not a fuzzy match. Not a task-exposure label.
      Therapists,29-1120,Summary,899.1,1013.3,114.2,12.7,51.6,98040,—,BLS Employment Projections Occupation.xlsx Table 1.2,2025-2035,thousands,true,Optional exact join: O*NET occupation_code first 7 characters (SOC detailed XX-XXXX) == bls_matrix_code. Not a fuzzy match. Not a task-exposure label.
        Occupational therapists,29-1122,Line item,169.6,194.8,25.2,14.8,10,100330,Master's degree,BLS Employment Projections Occupation.xlsx Table 1.2,2025-2035,thousands,true,Optional exact join: O*NET occupation_code first 7 characters (SOC detailed XX-XXXX) == bls_matrix_code. Not a fuzzy match. Not a task-exposure label.
        Physical therapists,29-1123,Line item,283.7,317.6,33.8,11.9,13.4,102760,Doctoral or professional degree,BLS Employment Projections Occupation.xlsx Table 1.2,2025-2035,thousands,true,Optional exact join: O*NET occupation_code first 7 characters (SOC detailed XX-XXXX) == bls_matrix_code. Not a fuzzy match. Not a task-exposure label.
        Radiation therapists,29-1124,Line item,17.4,17.9,0.5,2.8,0.7,105310,Associate's degree,BLS Employment Projections Occupation.xlsx Table 1.2,2025-2035,thousands,true,Optional exact join: O*NET occupation_code first 7 characters (SOC detailed XX-XXXX) == bls_matrix_code. Not a fuzzy match. Not a task-exposure label.
        Recreational therapists,29-1125,Line item,15.6,16.3,0.8,4.8,1.4,61960,Bachelor's degree,BLS Employment Projections Occupation.xlsx Table 1.2,2025-2035,thousands,true,Optional exact join: O*NET occupation_code first 7 characters (SOC detailed XX-XXXX) == bls_matrix_code. Not a fuzzy match. Not a task-exposure label.
        Respiratory therapists,29-1126,Line item,142,154.2,12.1,8.5,8.6,82280,Associate's degree,BLS Employment Projections Occupation.xlsx Table 1.2,2025-2035,thousands,true,Optional exact join: O*NET occupation_code first 7 characters (SOC detailed XX-XXXX) == bls_matrix_code. Not a fuzzy match. Not a task-exposure label.
        Speech-language pathologists,29-1127,Line item,193.4,225.5,32.1,16.6,12.5,97870,Master's degree,BLS Employment Projections Occupation.xlsx Table 1.2,2025-2035,thousands,true,Optional exact join: O*NET occupation_code first 7 characters (SOC detailed XX-XXXX) == bls_matrix_code. Not a fuzzy match. Not a task-exposure label.
        Exercise physiologists,29-1128,Line item,21.2,23.9,2.7,12.8,1.4,59460,Bachelor's degree,BLS Employment Projections Occupation.xlsx Table 1.2,2025-2035,thousands,true,Optional exact join: O*NET occupation_code first 7 characters (SOC detailed XX-XXXX) == bls_matrix_code. Not a fuzzy match. Not a task-exposure label.
"        Therapists, all other",29-1129,Line item,56.1,63.2,7.1,12.6,3.6,77930,Bachelor's degree,BLS Employment Projections Occupation.xlsx Table 1.2,2025-2035,thousands,true,Optional exact join: O*NET occupation_code first 7 characters (SOC detailed XX-XXXX) == bls_matrix_code. Not a fuzzy match. Not a task-exposure label.
      Veterinarians,29-1131,Line item,91.1,99.6,8.6,9.4,3.1,130100,Doctoral or professional degree,BLS Employment Projections Occupation.xlsx Table 1.2,2025-2035,thousands,true,Optional exact join: O*NET occupation_code first 7 characters (SOC detailed XX-XXXX) == bls_matrix_code. Not a fuzzy match. Not a task-exposure label.
      Registered nurses,29-1141,Line item,3465.4,3660.1,194.7,5.6,180.8,97550,Bachelor's degree,BLS Employment Projections Occupation.xlsx Table 1.2,2025-2035,thousands,true,Optional exact join: O*NET occupation_code first 7 characters (SOC detailed XX-XXXX) == bls_matrix_code. Not a fuzzy match. Not a task-exposure label.
      Nurse anesthetists,29-1151,Line item,54.5,59.8,5.3,9.7,2.4,236590,Master's degree,BLS Employment Projections Occupation.xlsx Table 1.2,2025-2035,thousands,true,Optional exact join: O*NET occupation_code first 7 characters (SOC detailed XX-XXXX) == bls_matrix_code. Not a fuzzy match. Not a task-exposure label.
      Nurse midwives,29-1161,Line item,8.2,9.1,0.9,11.5,0.4,134040,Master's degree,BLS Employment Projections Occupation.xlsx Table 1.2,2025-2035,thousands,true,Optional exact join: O*NET occupation_code first 7 characters (SOC detailed XX-XXXX) == bls_matrix_code. Not a fuzzy match. Not a task-exposure label.
      Nurse practitioners,29-1171,Line item,336.3,474.1,137.8,41,29.4,132300,Master's degree,BLS Employment Projections Occupation.xlsx Table 1.2,2025-2035,thousands,true,Optional exact join: O*NET occupation_code first 7 characters (SOC detailed XX-XXXX) == bls_matrix_code. Not a fuzzy match. Not a task-exposure label.
      Audiologists,29-1181,Line item,14.2,15.7,1.6,11,0.6,95780,Doctoral or professional degree,BLS Employment Projections Occupation.xlsx Table 1.2,2025-2035,thousands,true,Optional exact join: O*NET occupation_code first 7 characters (SOC detailed XX-XXXX) == bls_matrix_code. Not a fuzzy match. Not a task-exposure label.
      Physicians,29-1210,Summary,808.8,837.9,29.1,3.6,20.8,271090,—,BLS Employment Projections Occupation.xlsx Table 1.2,2025-2035,thousands,true,Optional exact join: O*NET occupation_code first 7 characters (SOC detailed XX-XXXX) == bls_matrix_code. Not a fuzzy match. Not a task-exposure label.
        Anesthesiologists,29-1211,Line item,41.5,43,1.5,3.6,1.1,391490,Doctoral or professional degree,BLS Employment Projections Occupation.xlsx Table 1.2,2025-2035,thousands,true,Optional exact join: O*NET occupation_code first 7 characters (SOC detailed XX-XXXX) == bls_matrix_code. Not a fuzzy match. Not a task-exposure label.
        Cardiologists,29-1212,Line item,18.5,19.4,0.9,4.8,0.5,496010,Doctoral or professional degree,BLS Employment Projections Occupation.xlsx Table 1.2,2025-2035,thousands,true,Optional exact join: O*NET occupation_code first 7 characters (SOC detailed XX-XXXX) == bls_matrix_code. Not a fuzzy match. Not a task-exposure label.
        Dermatologists,29-1213,Line item,12.2,13,0.8,6.8,0.4,328730,Doctoral or professional degree,BLS Employment Projections Occupation.xlsx Table 1.2,2025-2035,thousands,true,Optional exact join: O*NET occupation_code first 7 characters (SOC detailed XX-XXXX) == bls_matrix_code. Not a fuzzy match. Not a task-exposure label.
        Emergency medicine physicians,29-1214,Line item,34.9,36.1,1.1,3.2,0.9,335550,Doctoral or professional degree,BLS Employment Projections Occupation.xlsx Table 1.2,2025-2035,thousands,true,Optional exact join: O*NET occupation_code first 7 characters (SOC detailed XX-XXXX) == bls_matrix_code. Not a fuzzy match. Not a task-exposure label.
        Family medicine physicians,29-1215,Line item,114.3,118,3.7,3.3,2.9,244180,Doctoral or professional degree,BLS Employment Projections Occupation.xlsx Table 1.2,2025-2035,thousands,true,Optional exact join: O*NET occupation_code first 7 characters (SOC detailed XX-XXXX) == bls_matrix_code. Not a fuzzy match. Not a task-exposure label.
        General internal medicine physicians,29-1216,Line item,73.1,76,2.9,4,1.9,256560,Doctoral or professional degree,BLS Employment Projections Occupation.xlsx Table 1.2,2025-2035,thousands,true,Optional exact join: O*NET occupation_code first 7 characters (SOC detailed XX-XXXX) == bls_matrix_code. Not a fuzzy match. Not a task-exposure label.
        Neurologists,29-1217,Line item,11.4,12.1,0.7,6.4,0.3,248560,Doctoral or professional degree,BLS Employment Projections Occupation.xlsx Table 1.2,2025-2035,thousands,true,Optional exact join: O*NET occupation_code first 7 characters (SOC detailed XX-XXXX) == bls_matrix_code. Not a fuzzy match. Not a task-exposure label.
        Obstetricians and gynecologists,29-1218,Line item,22.8,23.2,0.4,1.7,0.5,292910,Doctoral or professional degree,BLS Employment Projections Occupation.xlsx Table 1.2,2025-2035,thousands,true,Optional exact join: O*NET occupation_code first 7 characters (SOC detailed XX-XXXX) == bls_matrix_code. Not a fuzzy match. Not a task-exposure label.
"        Pediatricians, general",29-1221,Line item,42.2,42.9,0.6,1.5,1,210040,Doctoral or professional degree,BLS Employment Projections Occupation.xlsx Table 1.2,2025-2035,thousands,true,Optional exact join: O*NET occupation_code first 7 characters (SOC detailed XX-XXXX) == bls_matrix_code. Not a fuzzy match. Not a task-exposure label.
"        Physicians, pathologists",29-1222,Line item,11.8,12.4,0.6,4.8,0.3,312400,Doctoral or professional degree,BLS Employment Projections Occupation.xlsx Table 1.2,2025-2035,thousands,true,Optional exact join: O*NET occupation_code first 7 characters (SOC detailed XX-XXXX) == bls_matrix_code. Not a fuzzy match. Not a task-exposure label.
        Psychiatrists,29-1223,Line item,30,32.1,2.1,7.2,0.9,281870,Doctoral or professional degree,BLS Employment Projections Occupation.xlsx Table 1.2,2025-2035,thousands,true,Optional exact join: O*NET occupation_code first 7 characters (SOC detailed XX-XXXX) == bls_matrix_code. Not a fuzzy match. Not a task-exposure label.
        Radiologists,29-1224,Line item,28.7,29.6,1,3.4,0.7,420860,Doctoral or professional degree,BLS Employment Projections Occupation.xlsx Table 1.2,2025-2035,thousands,true,Optional exact join: O*NET occupation_code first 7 characters (SOC detailed XX-XXXX) == bls_matrix_code. Not a fuzzy match. Not a task-exposure label.
"        Physicians, all other",29-1229,Line item,367.4,380.1,12.6,3.4,9.4,265930,Doctoral or professional degree,BLS Employment Projections Occupation.xlsx Table 1.2,2025-2035,thousands,true,Optional exact join: O*NET occupation_code first 7 characters (SOC detailed XX-XXXX) == bls_matrix_code. Not a fuzzy match. Not a task-exposure label.
      Surgeons,29-1240,Summary,54,56.2,2.2,4,1.3,369540,—,BLS Employment Projections Occupation.xlsx Table 1.2,2025-2035,thousands,true,Optional exact join: O*NET occupation_code first 7 characters (SOC detailed XX-XXXX) == bls_matrix_code. Not a fuzzy match. Not a task-exposure label.
"        Ophthalmologists, except pediatric",29-1241,Line item,9.7,10.2,0.4,4.5,0.2,300080,Doctoral or professional degree,BLS Employment Projections Occupation.xlsx Table 1.2,2025-2035,thousands,true,Optional exact join: O*NET occupation_code first 7 characters (SOC detailed XX-XXXX) == bls_matrix_code. Not a fuzzy match. Not a task-exposure label.
"        Orthopedic surgeons, except pediatric",29-1242,Line item,15.5,16.1,0.6,4,0.4,358550,Doctoral or professional degree,BLS Employment Projections Occupation.xlsx Table 1.2,2025-2035,thousands,true,Optional exact join: O*NET occupation_code first 7 characters (SOC detailed XX-XXXX) == bls_matrix_code. Not a fuzzy match. Not a task-exposure label.
        Pediatric surgeons,29-1243,Line item,1.3,1.3,0,2,0,559030,Doctoral or professional degree,BLS Employment Projections Occupation.xlsx Table 1.2,2025-2035,thousands,true,Optional exact join: O*NET occupation_code first 7 characters (SOC detailed XX-XXXX) == bls_matrix_code. Not a fuzzy match. Not a task-exposure label.
"        Surgeons, all other",29-1249,Line item,27.5,28.6,1.1,4,0.7,414010,Doctoral or professional degree,BLS Employment Projections Occupation.xlsx Table 1.2,2025-2035,thousands,true,Optional exact join: O*NET occupation_code first 7 characters (SOC detailed XX-XXXX) == bls_matrix_code. Not a fuzzy match. Not a task-exposure label.
      Miscellaneous healthcare diagnosing or treating practitioners,29-1290,Summary,279.6,301,21.4,7.7,17.7,98370,—,BLS Employment Projections Occupation.xlsx Table 1.2,2025-2035,thousands,true,Optional exact join: O*NET occupation_code first 7 characters (SOC detailed XX-XXXX) == bls_matrix_code. Not a fuzzy match. Not a task-exposure label.
        Acupuncturists,29-1291,Line item,14.8,16,1.3,8.6,0.8,76040,Master's degree,BLS Employment Projections Occupation.xlsx Table 1.2,2025-2035,thousands,true,Optional exact join: O*NET occupation_code first 7 characters (SOC detailed XX-XXXX) == bls_matrix_code. Not a fuzzy match. Not a task-exposure label.
        Dental hygienists,29-1292,Line item,225.3,243.2,17.9,8,15,98100,Associate's degree,BLS Employment Projections Occupation.xlsx Table 1.2,2025-2035,thousands,true,Optional exact join: O*NET occupation_code first 7 characters (SOC detailed XX-XXXX) == bls_matrix_code. Not a fuzzy match. Not a task-exposure label.
"        Healthcare diagnosing or treating practitioners, all other",29-1299,Line item,39.6,41.8,2.2,5.5,1.9,115210,Master's degree,BLS Employment Projections Occupation.xlsx Table 1.2,2025-2035,thousands,true,Optional exact join: O*NET occupation_code first 7 characters (SOC detailed XX-XXXX) == bls_matrix_code. Not a fuzzy match. Not a task-exposure label.
    Health technologists and technicians,29-2000,Summary,3218.3,3428.9,210.6,6.5,248.4,58180,—,BLS Employment Projections Occupation.xlsx Table 1.2,2025-2035,thousands,true,Optional exact join: O*NET occupation_code first 7 characters (SOC detailed XX-XXXX) == bls_matrix_code. Not a fuzzy match. Not a task-exposure label.
      Clinical laboratory technologists and technicians,29-2010,Line item,343,352.4,9.4,2.7,20.8,62930,Bachelor's degree,BLS Employment Projections Occupation.xlsx Table 1.2,2025-2035,thousands,true,Optional exact join: O*NET occupation_code first 7 characters (SOC detailed XX-XXXX) == bls_matrix_code. Not a fuzzy match. Not a task-exposure label.
      Diagnostic related technologists and technicians,29-2030,Summary,455.8,487.2,31.4,6.9,25.7,83390,—,BLS Employment Projections Occupation.xlsx Table 1.2,2025-2035,thousands,true,Optional exact join: O*NET occupation_code first 7 characters (SOC detailed XX-XXXX) == bls_matrix_code. Not a fuzzy match. Not a task-exposure label.
        Cardiovascular technologists and technicians,29-2031,Line item,64.5,66.9,2.4,3.7,3.4,74310,Associate's degree,BLS Employment Projections Occupation.xlsx Table 1.2,2025-2035,thousands,true,Optional exact join: O*NET occupation_code first 7 characters (SOC detailed XX-XXXX) == bls_matrix_code. Not a fuzzy match. Not a task-exposure label.
        Diagnostic medical sonographers,29-2032,Line item,92.2,105.1,12.9,13.9,6,96590,Associate's degree,BLS Employment Projections Occupation.xlsx Table 1.2,2025-2035,thousands,true,Optional exact join: O*NET occupation_code first 7 characters (SOC detailed XX-XXXX) == bls_matrix_code. Not a fuzzy match. Not a task-exposure label.
        Nuclear medicine technologists,29-2033,Line item,17.4,18.2,0.8,4.4,0.8,101370,Associate's degree,BLS Employment Projections Occupation.xlsx Table 1.2,2025-2035,thousands,true,Optional exact join: O*NET occupation_code first 7 characters (SOC detailed XX-XXXX) == bls_matrix_code. Not a fuzzy match. Not a task-exposure label.
        Radiologic technologists and technicians,29-2034,Line item,234.2,246,11.8,5,13,80110,Associate's degree,BLS Employment Projections Occupation.xlsx Table 1.2,2025-2035,thousands,true,Optional exact join: O*NET occupation_code first 7 characters (SOC detailed XX-XXXX) == bls_matrix_code. Not a fuzzy match. Not a task-exposure label.
        Magnetic resonance imaging technologists,29-2035,Line item,43.9,47.3,3.4,7.7,2.3,95480,Associate's degree,BLS Employment Projections Occupation.xlsx Table 1.2,2025-2035,thousands,true,Optional exact join: O*NET occupation_code first 7 characters (SOC detailed XX-XXXX) == bls_matrix_code. Not a fuzzy match. Not a task-exposure label.
        Medical dosimetrists,29-2036,Line item,3.5,3.7,0.2,5,0.2,147470,Bachelor's degree,BLS Employment Projections Occupation.xlsx Table 1.2,2025-2035,thousands,true,Optional exact join: O*NET occupation_code first 7 characters (SOC detailed XX-XXXX) == bls_matrix_code. Not a fuzzy match. Not a task-exposure label.
      Emergency medical technicians and paramedics,29-2040,Summary,284.1,300.5,16.4,5.8,18.2,48150,—,BLS Employment Projections Occupation.xlsx Table 1.2,2025-2035,thousands,true,Optional exact join: O*NET occupation_code first 7 characters (SOC detailed XX-XXXX) == bls_matrix_code. Not a fuzzy match. Not a task-exposure label.
        Emergency medical technicians,29-2042,Line item,181.9,192.5,10.6,5.8,13.8,44470,Postsecondary nondegree award,BLS Employment Projections Occupation.xlsx Table 1.2,2025-2035,thousands,true,Optional exact join: O*NET occupation_code first 7 characters (SOC detailed XX-XXXX) == bls_matrix_code. Not a fuzzy match. Not a task-exposure label.
        Paramedics,29-2043,Line item,102.2,108,5.8,5.7,4.3,60600,Postsecondary nondegree award,BLS Employment Projections Occupation.xlsx Table 1.2,2025-2035,thousands,true,Optional exact join: O*NET occupation_code first 7 characters (SOC detailed XX-XXXX) == bls_matrix_code. Not a fuzzy match. Not a task-exposure label.
      Health practitioner support technologists and technicians,29-2050,Summary,987.1,1087.9,100.7,10.2,98.3,46580,—,BLS Employment Projections Occupation.xlsx Table 1.2,2025-2035,thousands,true,Optional exact join: O*NET occupation_code first 7 characters (SOC detailed XX-XXXX) == bls_matrix_code. Not a fuzzy match. Not a task-exposure label.
        Dietetic technicians,29-2051,Line item,32.1,32.9,0.9,2.7,4.2,37640,Associate's degree,BLS Employment Projections Occupation.xlsx Table 1.2,2025-2035,thousands,true,Optional exact join: O*NET occupation_code first 7 characters (SOC detailed XX-XXXX) == bls_matrix_code. Not a fuzzy match. Not a task-exposure label.
        Pharmacy technicians,29-2052,Line item,471.2,501.3,30.1,6.4,44.7,45750,High school diploma or equivalent,BLS Employment Projections Occupation.xlsx Table 1.2,2025-2035,thousands,true,Optional exact join: O*NET occupation_code first 7 characters (SOC detailed XX-XXXX) == bls_matrix_code. Not a fuzzy match. Not a task-exposure label.
        Psychiatric technicians,29-2053,Line item,161.5,197.5,36,22.3,17,45130,Postsecondary nondegree award,BLS Employment Projections Occupation.xlsx Table 1.2,2025-2035,thousands,true,Optional exact join: O*NET occupation_code first 7 characters (SOC detailed XX-XXXX) == bls_matrix_code. Not a fuzzy match. Not a task-exposure label.
        Surgical technologists,29-2055,Line item,118.4,124.3,5.9,5,7.1,64650,Postsecondary nondegree award,BLS Employment Projections Occupation.xlsx Table 1.2,2025-2035,thousands,true,Optional exact join: O*NET occupation_code first 7 characters (SOC detailed XX-XXXX) == bls_matrix_code. Not a fuzzy match. Not a task-exposure label.
        Veterinary technologists and technicians,29-2056,Line item,131.4,143.8,12.3,9.4,13.4,47380,Associate's degree,BLS Employment Projections Occupation.xlsx Table 1.2,2025-2035,thousands,true,Optional exact join: O*NET occupation_code first 7 characters (SOC detailed XX-XXXX) == bls_matrix_code. Not a fuzzy match. Not a task-exposure label.
        Ophthalmic medical technicians,29-2057,Line item,72.5,88,15.5,21.4,11.8,45570,Postsecondary nondegree award,BLS Employment Projections Occupation.xlsx Table 1.2,2025-2035,thousands,true,Optional exact join: O*NET occupation_code first 7 characters (SOC detailed XX-XXXX) == bls_matrix_code. Not a fuzzy match. Not a task-exposure label.
      Licensed practical and licensed vocational nurses,29-2061,Line item,666.9,686.7,19.7,3,51.8,64400,Postsecondary nondegree award,BLS Employment Projections Occupation.xlsx Table 1.2,2025-2035,thousands,true,Optional exact join: O*NET occupation_code first 7 characters (SOC detailed XX-XXXX) == bls_matrix_code. Not a fuzzy match. Not a task-exposure label.
      Medical records specialists,29-2072,Line item,200.7,216.3,15.6,7.8,14,51140,Postsecondary nondegree award,BLS Employment Projections Occupation.xlsx Table 1.2,2025-2035,thousands,true,Optional exact join: O*NET occupation_code first 7 characters (SOC detailed XX-XXXX) == bls_matrix_code. Not a fuzzy match. Not a task-exposure label.
"      Opticians, dispensing",29-2081,Line item,74.3,77.4,3.1,4.2,5.6,47260,High school diploma or equivalent,BLS Employment Projections Occupation.xlsx Table 1.2,2025-2035,thousands,true,Optional exact join: O*NET occupation_code first 7 characters (SOC detailed XX-XXXX) == bls_matrix_code. Not a fuzzy match. Not a task-exposure label.
      Miscellaneous health technologists and technicians,29-2090,Summary,206.3,220.6,14.3,6.9,14,51490,—,BLS Employment Projections Occupation.xlsx Table 1.2,2025-2035,thousands,true,Optional exact join: O*NET occupation_code first 7 characters (SOC detailed XX-XXXX) == bls_matrix_code. Not a fuzzy match. Not a task-exposure label.
        Orthotists and prosthetists,29-2091,Line item,9.5,10.7,1.2,12.9,0.7,81110,Master's degree,BLS Employment Projections Occupation.xlsx Table 1.2,2025-2035,thousands,true,Optional exact join: O*NET occupation_code first 7 characters (SOC detailed XX-XXXX) == bls_matrix_code. Not a fuzzy match. Not a task-exposure label.
        Hearing aid specialists,29-2092,Line item,11.2,13.4,2.2,19.4,0.9,65160,High school diploma or equivalent,BLS Employment Projections Occupation.xlsx Table 1.2,2025-2035,thousands,true,Optional exact join: O*NET occupation_code first 7 characters (SOC detailed XX-XXXX) == bls_matrix_code. Not a fuzzy match. Not a task-exposure label.
"        Health technologists and technicians, all other",29-2099,Line item,185.6,196.4,10.9,5.9,12.4,50290,Postsecondary nondegree award,BLS Employment Projections Occupation.xlsx Table 1.2,2025-2035,thousands,true,Optional exact join: O*NET occupation_code first 7 characters (SOC detailed XX-XXXX) == bls_matrix_code. Not a fuzzy match. Not a task-exposure label.
    Other healthcare practitioners and technical occupations,29-9000,Summary,144.8,159.8,15,10.4,9.3,65190,—,BLS Employment Projections Occupation.xlsx Table 1.2,2025-2035,thousands,true,Optional exact join: O*NET occupation_code first 7 characters (SOC detailed XX-XXXX) == bls_matrix_code. Not a fuzzy match. Not a task-exposure label.
      Health information technologists and medical registrars,29-9021,Line item,42,48.6,6.7,15.9,3,68020,Associate's degree,BLS Employment Projections Occupation.xlsx Table 1.2,2025-2035,thousands,true,Optional exact join: O*NET occupation_code first 7 characters (SOC detailed XX-XXXX) == bls_matrix_code. Not a fuzzy match. Not a task-exposure label.
      Miscellaneous health practitioners and technical workers,29-9090,Summary,102.8,111.2,8.4,8.1,6.3,64360,—,BLS Employment Projections Occupation.xlsx Table 1.2,2025-2035,thousands,true,Optional exact join: O*NET occupation_code first 7 characters (SOC detailed XX-XXXX) == bls_matrix_code. Not a fuzzy match. Not a task-exposure label.
        Athletic trainers,29-9091,Line item,35.2,39.6,4.4,12.7,2.4,62520,Master's degree,BLS Employment Projections Occupation.xlsx Table 1.2,2025-2035,thousands,true,Optional exact join: O*NET occupation_code first 7 characters (SOC detailed XX-XXXX) == bls_matrix_code. Not a fuzzy match. Not a task-exposure label.
        Genetic counselors,29-9092,Line item,4.2,4.6,0.4,10.4,0.3,100040,Master's degree,BLS Employment Projections Occupation.xlsx Table 1.2,2025-2035,thousands,true,Optional exact join: O*NET occupation_code first 7 characters (SOC detailed XX-XXXX) == bls_matrix_code. Not a fuzzy match. Not a task-exposure label.
        Surgical assistants,29-9093,Line item,24.4,25.9,1.5,6.1,1.4,66800,Postsecondary nondegree award,BLS Employment Projections Occupation.xlsx Table 1.2,2025-2035,thousands,true,Optional exact join: O*NET occupation_code first 7 characters (SOC detailed XX-XXXX) == bls_matrix_code. Not a fuzzy match. Not a task-exposure label.
"        Healthcare practitioners and technical workers, all other",29-9099,Line item,39.1,41,2,5.1,2.2,65790,Postsecondary nondegree award,BLS Employment Projections Occupation.xlsx Table 1.2,2025-2035,thousands,true,Optional exact join: O*NET occupation_code first 7 characters (SOC detailed XX-XXXX) == bls_matrix_code. Not a fuzzy match. Not a task-exposure label.
  Healthcare support occupations,31-0000,Summary,8421.5,9544.2,1122.7,13.3,1262.8,38340,—,BLS Employment Projections Occupation.xlsx Table 1.2,2025-2035,thousands,true,Optional exact join: O*NET occupation_code first 7 characters (SOC detailed XX-XXXX) == bls_matrix_code. Not a fuzzy match. Not a task-exposure label.
"    Home health and personal care aides; and nursing assistants, orderlies, and psychiatric aides",31-1100,Summary,6272.7,7161.9,889.2,14.2,968.7,37070,—,BLS Employment Projections Occupation.xlsx Table 1.2,2025-2035,thousands,true,Optional exact join: O*NET occupation_code first 7 characters (SOC detailed XX-XXXX) == bls_matrix_code. Not a fuzzy match. Not a task-exposure label.
      Home health and personal care aides,31-1120,Line item,4677.1,5524.4,847.3,18.1,760.5,35800,High school diploma or equivalent,BLS Employment Projections Occupation.xlsx Table 1.2,2025-2035,thousands,true,Optional exact join: O*NET occupation_code first 7 characters (SOC detailed XX-XXXX) == bls_matrix_code. Not a fuzzy match. Not a task-exposure label.
"      Nursing assistants, orderlies, and psychiatric aides",31-1130,Summary,1595.7,1637.5,41.8,2.6,208.2,41970,—,BLS Employment Projections Occupation.xlsx Table 1.2,2025-2035,thousands,true,Optional exact join: O*NET occupation_code first 7 characters (SOC detailed XX-XXXX) == bls_matrix_code. Not a fuzzy match. Not a task-exposure label.
        Nursing assistants,31-1131,Line item,1505.9,1544.9,39,2.6,196.2,42260,Postsecondary nondegree award,BLS Employment Projections Occupation.xlsx Table 1.2,2025-2035,thousands,true,Optional exact join: O*NET occupation_code first 7 characters (SOC detailed XX-XXXX) == bls_matrix_code. Not a fuzzy match. Not a task-exposure label.
        Orderlies,31-1132,Line item,52.8,54.9,2.1,4,7.2,38290,High school diploma or equivalent,BLS Employment Projections Occupation.xlsx Table 1.2,2025-2035,thousands,true,Optional exact join: O*NET occupation_code first 7 characters (SOC detailed XX-XXXX) == bls_matrix_code. Not a fuzzy match. Not a task-exposure label.
        Psychiatric aides,31-1133,Line item,36.9,37.6,0.7,1.9,4.9,44910,High school diploma or equivalent,BLS Employment Projections Occupation.xlsx Table 1.2,2025-2035,thousands,true,Optional exact join: O*NET occupation_code first 7 characters (SOC detailed XX-XXXX) == bls_matrix_code. Not a fuzzy match. Not a task-exposure label.
    Occupational therapy and physical therapist assistants and aides,31-2000,Summary,219.8,259.3,39.5,18,33.5,63030,—,BLS Employment Projections Occupation.xlsx Table 1.2,2025-2035,thousands,true,Optional exact join: O*NET occupation_code first 7 characters (SOC detailed XX-XXXX) == bls_matrix_code. Not a fuzzy match. Not a task-exposure label.
      Occupational therapy assistants and aides,31-2010,Summary,56.6,68,11.4,20.1,8.6,70800,—,BLS Employment Projections Occupation.xlsx Table 1.2,2025-2035,thousands,true,Optional exact join: O*NET occupation_code first 7 characters (SOC detailed XX-XXXX) == bls_matrix_code. Not a fuzzy match. Not a task-exposure label.
        Occupational therapy assistants,31-2011,Line item,52.2,63.4,11.2,21.5,8.1,72300,Associate's degree,BLS Employment Projections Occupation.xlsx Table 1.2,2025-2035,thousands,true,Optional exact join: O*NET occupation_code first 7 characters (SOC detailed XX-XXXX) == bls_matrix_code. Not a fuzzy match. Not a task-exposure label.
        Occupational therapy aides,31-2012,Line item,4.4,4.6,0.2,3.6,0.6,39160,High school diploma or equivalent,BLS Employment Projections Occupation.xlsx Table 1.2,2025-2035,thousands,true,Optional exact join: O*NET occupation_code first 7 characters (SOC detailed XX-XXXX) == bls_matrix_code. Not a fuzzy match. Not a task-exposure label.
      Physical therapist assistants and aides,31-2020,Summary,163.2,191.3,28.2,17.3,24.9,61200,—,BLS Employment Projections Occupation.xlsx Table 1.2,2025-2035,thousands,true,Optional exact join: O*NET occupation_code first 7 characters (SOC detailed XX-XXXX) == bls_matrix_code. Not a fuzzy match. Not a task-exposure label.
        Physical therapist assistants,31-2021,Line item,114.1,140.4,26.2,23,18.5,68380,Associate's degree,BLS Employment Projections Occupation.xlsx Table 1.2,2025-2035,thousands,true,Optional exact join: O*NET occupation_code first 7 characters (SOC detailed XX-XXXX) == bls_matrix_code. Not a fuzzy match. Not a task-exposure label.
        Physical therapist aides,31-2022,Line item,49,51,2,4,6.4,35240,High school diploma or equivalent,BLS Employment Projections Occupation.xlsx Table 1.2,2025-2035,thousands,true,Optional exact join: O*NET occupation_code first 7 characters (SOC detailed XX-XXXX) == bls_matrix_code. Not a fuzzy match. Not a task-exposure label.
    Other healthcare support occupations,31-9000,Summary,1929,2122.9,193.9,10.1,260.5,46180,—,BLS Employment Projections Occupation.xlsx Table 1.2,2025-2035,thousands,true,Optional exact join: O*NET occupation_code first 7 characters (SOC detailed XX-XXXX) == bls_matrix_code. Not a fuzzy match. Not a task-exposure label.
      Massage therapists,31-9011,Line item,155.4,179.1,23.7,15.3,20.4,58450,Postsecondary nondegree award,BLS Employment Projections Occupation.xlsx Table 1.2,2025-2035,thousands,true,Optional exact join: O*NET occupation_code first 7 characters (SOC detailed XX-XXXX) == bls_matrix_code. Not a fuzzy match. Not a task-exposure label.
      Miscellaneous healthcare support occupations,31-9090,Summary,1773.6,1943.8,170.2,9.6,240.1,46020,—,BLS Employment Projections Occupation.xlsx Table 1.2,2025-2035,thousands,true,Optional exact join: O*NET occupation_code first 7 characters (SOC detailed XX-XXXX) == bls_matrix_code. Not a fuzzy match. Not a task-exposure label.
        Dental assistants,31-9091,Line item,388.6,417.4,28.8,7.4,53,48070,Postsecondary nondegree award,BLS Employment Projections Occupation.xlsx Table 1.2,2025-2035,thousands,true,Optional exact join: O*NET occupation_code first 7 characters (SOC detailed XX-XXXX) == bls_matrix_code. Not a fuzzy match. Not a task-exposure label.
        Medical assistants,31-9092,Line item,833.9,941.5,107.6,12.9,109.7,45690,Postsecondary nondegree award,BLS Employment Projections Occupation.xlsx Table 1.2,2025-2035,thousands,true,Optional exact join: O*NET occupation_code first 7 characters (SOC detailed XX-XXXX) == bls_matrix_code. Not a fuzzy match. Not a task-exposure label.
        Medical equipment preparers,31-9093,Line item,79.9,88.6,8.7,10.8,10.7,47700,High school diploma or equivalent,BLS Employment Projections Occupation.xlsx Table 1.2,2025-2035,thousands,true,Optional exact join: O*NET occupation_code first 7 characters (SOC detailed XX-XXXX) == bls_matrix_code. Not a fuzzy match. Not a task-exposure label.
        Medical transcriptionists,31-9094,Line item,42,40.2,-1.9,-4.4,6.2,40410,Postsecondary nondegree award,BLS Employment Projections Occupation.xlsx Table 1.2,2025-2035,thousands,true,Optional exact join: O*NET occupation_code first 7 characters (SOC detailed XX-XXXX) == bls_matrix_code. Not a fuzzy match. Not a task-exposure label.
        Pharmacy aides,31-9095,Line item,39.2,39,-0.3,-0.7,5.1,37680,High school diploma or equivalent,BLS Employment Projections Occupation.xlsx Table 1.2,2025-2035,thousands,true,Optional exact join: O*NET occupation_code first 7 characters (SOC detailed XX-XXXX) == bls_matrix_code. Not a fuzzy match. Not a task-exposure label.
        Veterinary assistants and laboratory animal caretakers,31-9096,Line item,132.1,144.2,12,9.1,23.2,38150,High school diploma or equivalent,BLS Employment Projections Occupation.xlsx Table 1.2,2025-2035,thousands,true,Optional exact join: O*NET occupation_code first 7 characters (SOC detailed XX-XXXX) == bls_matrix_code. Not a fuzzy match. Not a task-exposure label.
        Phlebotomists,31-9097,Line item,143.9,153.7,9.8,6.8,18,45230,Postsecondary nondegree award,BLS Employment Projections Occupation.xlsx Table 1.2,2025-2035,thousands,true,Optional exact join: O*NET occupation_code first 7 characters (SOC detailed XX-XXXX) == bls_matrix_code. Not a fuzzy match. Not a task-exposure label.
"        Healthcare support workers, all other",31-9099,Line item,113.9,119.4,5.5,4.8,14.1,48430,High school diploma or equivalent,BLS Employment Projections Occupation.xlsx Table 1.2,2025-2035,thousands,true,Optional exact join: O*NET occupation_code first 7 characters (SOC detailed XX-XXXX) == bls_matrix_code. Not a fuzzy match. Not a task-exposure label.
  Protective service occupations,33-0000,Summary,3871,3915.2,44.2,1.1,414.2,50080,—,BLS Employment Projections Occupation.xlsx Table 1.2,2025-2035,thousands,true,Optional exact join: O*NET occupation_code first 7 characters (SOC detailed XX-XXXX) == bls_matrix_code. Not a fuzzy match. Not a task-exposure label.
    Supervisors of protective service workers,33-1000,Summary,422.3,433.3,11.1,2.6,29.5,86430,—,BLS Employment Projections Occupation.xlsx Table 1.2,2025-2035,thousands,true,Optional exact join: O*NET occupation_code first 7 characters (SOC detailed XX-XXXX) == bls_matrix_code. Not a fuzzy match. Not a task-exposure label.
      First-line supervisors of law enforcement workers,33-1010,Summary,216.5,220.3,3.8,1.8,14.3,100050,—,BLS Employment Projections Occupation.xlsx Table 1.2,2025-2035,thousands,true,Optional exact join: O*NET occupation_code first 7 characters (SOC detailed XX-XXXX) == bls_matrix_code. Not a fuzzy match. Not a task-exposure label.
        First-line supervisors of correctional officers,33-1011,Line item,56.3,54.8,-1.4,-2.5,3.7,77970,High school diploma or equivalent,BLS Employment Projections Occupation.xlsx Table 1.2,2025-2035,thousands,true,Optional exact join: O*NET occupation_code first 7 characters (SOC detailed XX-XXXX) == bls_matrix_code. Not a fuzzy match. Not a task-exposure label.
        First-line supervisors of police and detectives,33-1012,Line item,160.2,165.4,5.2,3.3,10.6,106040,High school diploma or equivalent,BLS Employment Projections Occupation.xlsx Table 1.2,2025-2035,thousands,true,Optional exact join: O*NET occupation_code first 7 characters (SOC detailed XX-XXXX) == bls_matrix_code. Not a fuzzy match. Not a task-exposure label.
      First-line supervisors of firefighting and prevention workers,33-1021,Line item,101.6,105.4,3.8,3.7,6.6,93530,Postsecondary nondegree award,BLS Employment Projections Occupation.xlsx Table 1.2,2025-2035,thousands,true,Optional exact join: O*NET occupation_code first 7 characters (SOC detailed XX-XXXX) == bls_matrix_code. Not a fuzzy match. Not a task-exposure label.
"      Miscellaneous first-line supervisors, protective service workers",33-1090,Summary,104.2,107.7,3.4,3.3,8.5,58230,—,BLS Employment Projections Occupation.xlsx Table 1.2,2025-2035,thousands,true,Optional exact join: O*NET occupation_code first 7 characters (SOC detailed XX-XXXX) == bls_matrix_code. Not a fuzzy match. Not a task-exposure label.
        First-line supervisors of security workers,33-1091,Line item,82.7,85.7,3,3.7,6.8,55940,High school diploma or equivalent,BLS Employment Projections Occupation.xlsx Table 1.2,2025-2035,thousands,true,Optional exact join: O*NET occupation_code first 7 characters (SOC detailed XX-XXXX) == bls_matrix_code. Not a fuzzy match. Not a task-exposure label.
"        First-line supervisors of protective service workers, all other",33-1099,Line item,21.6,22,0.4,1.9,1.7,76400,High school diploma or equivalent,BLS Employment Projections Occupation.xlsx Table 1.2,2025-2035,thousands,true,Optional exact join: O*NET occupation_code first 7 characters (SOC detailed XX-XXXX) == bls_matrix_code. Not a fuzzy match. Not a task-exposure label.
    Firefighting and prevention workers,33-2000,Summary,372.9,387,14.1,3.8,28.7,59630,—,BLS Employment Projections Occupation.xlsx Table 1.2,2025-2035,thousands,true,Optional exact join: O*NET occupation_code first 7 characters (SOC detailed XX-XXXX) == bls_matrix_code. Not a fuzzy match. Not a task-exposure label.
      Firefighters,33-2011,Line item,355.3,368.4,13.1,3.7,26.8,59280,Postsecondary nondegree award,BLS Employment Projections Occupation.xlsx Table 1.2,2025-2035,thousands,true,Optional exact join: O*NET occupation_code first 7 characters (SOC detailed XX-XXXX) == bls_matrix_code. Not a fuzzy match. Not a task-exposure label.
      Fire inspectors,33-2020,Summary,17.6,18.6,1,5.7,1.9,73680,—,BLS Employment Projections Occupation.xlsx Table 1.2,2025-2035,thousands,true,Optional exact join: O*NET occupation_code first 7 characters (SOC detailed XX-XXXX) == bls_matrix_code. Not a fuzzy match. Not a task-exposure label.
        Fire inspectors and investigators,33-2021,Line item,14.7,15.3,0.6,4.2,1.6,75920,Postsecondary nondegree award,BLS Employment Projections Occupation.xlsx Table 1.2,2025-2035,thousands,true,Optional exact join: O*NET occupation_code first 7 characters (SOC detailed XX-XXXX) == bls_matrix_code. Not a fuzzy match. Not a task-exposure label.
        Forest fire inspectors and prevention specialists,33-2022,Line item,3,3.4,0.4,13.1,0.4,56870,High school diploma or equivalent,BLS Employment Projections Occupation.xlsx Table 1.2,2025-2035,thousands,true,Optional exact join: O*NET occupation_code first 7 characters (SOC detailed XX-XXXX) == bls_matrix_code. Not a fuzzy match. Not a task-exposure label.
    Law enforcement workers,33-3000,Summary,1249.5,1243.7,-5.8,-0.5,90.9,72020,—,BLS Employment Projections Occupation.xlsx Table 1.2,2025-2035,thousands,true,Optional exact join: O*NET occupation_code first 7 characters (SOC detailed XX-XXXX) == bls_matrix_code. Not a fuzzy match. Not a task-exposure label.
"      Bailiffs, correctional officers, and jailers",33-3010,Summary,415.8,385.9,-29.9,-7.2,30,58850,—,BLS Employment Projections Occupation.xlsx Table 1.2,2025-2035,thousands,true,Optional exact join: O*NET occupation_code first 7 characters (SOC detailed XX-XXXX) == bls_matrix_code. Not a fuzzy match. Not a task-exposure label.
        Bailiffs,33-3011,Line item,18,17.7,-0.3,-1.9,1.6,56600,High school diploma or equivalent,BLS Employment Projections Occupation.xlsx Table 1.2,2025-2035,thousands,true,Optional exact join: O*NET occupation_code first 7 characters (SOC detailed XX-XXXX) == bls_matrix_code. Not a fuzzy match. Not a task-exposure label.
        Correctional officers and jailers,33-3012,Line item,397.8,368.2,-29.5,-7.4,28.4,58940,High school diploma or equivalent,BLS Employment Projections Occupation.xlsx Table 1.2,2025-2035,thousands,true,Optional exact join: O*NET occupation_code first 7 characters (SOC detailed XX-XXXX) == bls_matrix_code. Not a fuzzy match. Not a task-exposure label.
      Detectives and criminal investigators,33-3021,Line item,120.5,120.7,0.2,0.2,7.8,93790,High school diploma or equivalent,BLS Employment Projections Occupation.xlsx Table 1.2,2025-2035,thousands,true,Optional exact join: O*NET occupation_code first 7 characters (SOC detailed XX-XXXX) == bls_matrix_code. Not a fuzzy match. Not a task-exposure label.
      Fish and game wardens,33-3031,Line item,6.2,5.8,-0.4,-5.7,0.5,74060,Bachelor's degree,BLS Employment Projections Occupation.xlsx Table 1.2,2025-2035,thousands,true,Optional exact join: O*NET occupation_code first 7 characters (SOC detailed XX-XXXX) == bls_matrix_code. Not a fuzzy match. Not a task-exposure label.
      Parking enforcement workers,33-3041,Line item,9.4,9.3,-0.1,-1.1,0.8,46730,High school diploma or equivalent,BLS Employment Projections Occupation.xlsx Table 1.2,2025-2035,thousands,true,Optional exact join: O*NET occupation_code first 7 characters (SOC detailed XX-XXXX) == bls_matrix_code. Not a fuzzy match. Not a task-exposure label.
      Police officers,33-3050,Summary,697.6,721.9,24.3,3.5,51.8,76250,—,BLS Employment Projections Occupation.xlsx Table 1.2,2025-2035,thousands,true,Optional exact join: O*NET occupation_code first 7 characters (SOC detailed XX-XXXX) == bls_matrix_code. Not a fuzzy match. Not a task-exposure label.
        Police and sheriff's patrol officers,33-3051,Line item,693.2,717.3,24.2,3.5,51.5,76210,High school diploma or equivalent,BLS Employment Projections Occupation.xlsx Table 1.2,2025-2035,thousands,true,Optional exact join: O*NET occupation_code first 7 characters (SOC detailed XX-XXXX) == bls_matrix_code. Not a fuzzy match. Not a task-exposure label.
        Transit and railroad police,33-3052,Line item,4.4,4.5,0.1,3.2,0.3,90230,High school diploma or equivalent,BLS Employment Projections Occupation.xlsx Table 1.2,2025-2035,thousands,true,Optional exact join: O*NET occupation_code first 7 characters (SOC detailed XX-XXXX) == bls_matrix_code. Not a fuzzy match. Not a task-exposure label.
    Other protective service workers,33-9000,Summary,1826.4,1851.2,24.8,1.4,265.1,37890,—,BLS Employment Projections Occupation.xlsx Table 1.2,2025-2035,thousands,true,Optional exact join: O*NET occupation_code first 7 characters (SOC detailed XX-XXXX) == bls_matrix_code. Not a fuzzy match. Not a task-exposure label.
      Animal control workers,33-9011,Line item,13.8,14.3,0.6,4,1.5,45660,High school diploma or equivalent,BLS Employment Projections Occupation.xlsx Table 1.2,2025-2035,thousands,true,Optional exact join: O*NET occupation_code first 7 characters (SOC detailed XX-XXXX) == bls_matrix_code. Not a fuzzy match. Not a task-exposure label.
      Private detectives and investigators,33-9021,Line item,39.5,41.7,2.2,5.5,3.2,51220,High school diploma or equivalent,BLS Employment Projections Occupation.xlsx Table 1.2,2025-2035,thousands,true,Optional exact join: O*NET occupation_code first 7 characters (SOC detailed XX-XXXX) == bls_matrix_code. Not a fuzzy match. Not a task-exposure label.
      Security guards and gambling surveillance officers,33-9030,Summary,1304,1315.2,11.2,0.9,157.2,38050,—,BLS Employment Projections Occupation.xlsx Table 1.2,2025-2035,thousands,true,Optional exact join: O*NET occupation_code first 7 characters (SOC detailed XX-XXXX) == bls_matrix_code. Not a fuzzy match. Not a task-exposure label.
        Gambling surveillance officers and gambling investigators,33-9031,Line item,9.8,9.6,-0.2,-1.8,1.1,43370,High school diploma or equivalent,BLS Employment Projections Occupation.xlsx Table 1.2,2025-2035,thousands,true,Optional exact join: O*NET occupation_code first 7 characters (SOC detailed XX-XXXX) == bls_matrix_code. Not a fuzzy match. Not a task-exposure label.
        Security guards,33-9032,Line item,1294.3,1305.6,11.3,0.9,156,38020,High school diploma or equivalent,BLS Employment Projections Occupation.xlsx Table 1.2,2025-2035,thousands,true,Optional exact join: O*NET occupation_code first 7 characters (SOC detailed XX-XXXX) == bls_matrix_code. Not a fuzzy match. Not a task-exposure label.
      Miscellaneous protective service workers,33-9090,Summary,469.1,480,11,2.3,103.2,36810,—,BLS Employment Projections Occupation.xlsx Table 1.2,2025-2035,thousands,true,Optional exact join: O*NET occupation_code first 7 characters (SOC detailed XX-XXXX) == bls_matrix_code. Not a fuzzy match. Not a task-exposure label.
        Crossing guards and flaggers,33-9091,Line item,94.8,98.1,3.3,3.5,17.3,38100,No formal educational credential,BLS Employment Projections Occupation.xlsx Table 1.2,2025-2035,thousands,true,Optional exact join: O*NET occupation_code first 7 characters (SOC detailed XX-XXXX) == bls_matrix_code. Not a fuzzy match. Not a task-exposure label.
"        Lifeguards, ski patrol, and other recreational protective service workers",33-9092,Line item,162,170.8,8.9,5.5,45.4,33580,No formal educational credential,BLS Employment Projections Occupation.xlsx Table 1.2,2025-2035,thousands,true,Optional exact join: O*NET occupation_code first 7 characters (SOC detailed XX-XXXX) == bls_matrix_code. Not a fuzzy match. Not a task-exposure label.
        Transportation security screeners,33-9093,Line item,53.5,51.2,-2.2,-4.2,4.5,66770,High school diploma or equivalent,BLS Employment Projections Occupation.xlsx Table 1.2,2025-2035,thousands,true,Optional exact join: O*NET occupation_code first 7 characters (SOC detailed XX-XXXX) == bls_matrix_code. Not a fuzzy match. Not a task-exposure label.
        School bus monitors,33-9094,Line item,76.7,75.3,-1.4,-1.9,13.4,35100,High school diploma or equivalent,BLS Employment Projections Occupation.xlsx Table 1.2,2025-2035,thousands,true,Optional exact join: O*NET occupation_code first 7 characters (SOC detailed XX-XXXX) == bls_matrix_code. Not a fuzzy match. Not a task-exposure label.
"        Protective service workers, all other",33-9099,Line item,82.1,84.6,2.4,3,22.6,42540,High school diploma or equivalent,BLS Employment Projections Occupation.xlsx Table 1.2,2025-2035,thousands,true,Optional exact join: O*NET occupation_code first 7 characters (SOC detailed XX-XXXX) == bls_matrix_code. Not a fuzzy match. Not a task-exposure label.
  Food preparation and serving related occupations,35-0000,Summary,13826.5,14429.1,602.5,4.4,2429.1,35050,—,BLS Employment Projections Occupation.xlsx Table 1.2,2025-2035,thousands,true,Optional exact join: O*NET occupation_code first 7 characters (SOC detailed XX-XXXX) == bls_matrix_code. Not a fuzzy match. Not a task-exposure label.
    Supervisors of food preparation and serving workers,35-1000,Summary,1456.7,1538.2,81.6,5.6,196.7,45370,—,BLS Employment Projections Occupation.xlsx Table 1.2,2025-2035,thousands,true,Optional exact join: O*NET occupation_code first 7 characters (SOC detailed XX-XXXX) == bls_matrix_code. Not a fuzzy match. Not a task-exposure label.
      Chefs and head cooks,35-1011,Line item,220.3,234.7,14.4,6.6,25.2,62470,High school diploma or equivalent,BLS Employment Projections Occupation.xlsx Table 1.2,2025-2035,thousands,true,Optional exact join: O*NET occupation_code first 7 characters (SOC detailed XX-XXXX) == bls_matrix_code. Not a fuzzy match. Not a task-exposure label.
      First-line supervisors of food preparation and serving workers,35-1012,Line item,1236.4,1303.5,67.1,5.4,171.5,44080,High school diploma or equivalent,BLS Employment Projections Occupation.xlsx Table 1.2,2025-2035,thousands,true,Optional exact join: O*NET occupation_code first 7 characters (SOC detailed XX-XXXX) == bls_matrix_code. Not a fuzzy match. Not a task-exposure label.
    Cooks and food preparation workers,35-2000,Summary,3614.4,3770.3,156,4.3,528.9,36310,—,BLS Employment Projections Occupation.xlsx Table 1.2,2025-2035,thousands,true,Optional exact join: O*NET occupation_code first 7 characters (SOC detailed XX-XXXX) == bls_matrix_code. Not a fuzzy match. Not a task-exposure label.
      Cooks,35-2010,Summary,2705.8,2889,183.2,6.8,393.2,36640,—,BLS Employment Projections Occupation.xlsx Table 1.2,2025-2035,thousands,true,Optional exact join: O*NET occupation_code first 7 characters (SOC detailed XX-XXXX) == bls_matrix_code. Not a fuzzy match. Not a task-exposure label.
"        Cooks, fast food",35-2011,Line item,640.5,644.1,3.6,0.6,86.4,30890,No formal educational credential,BLS Employment Projections Occupation.xlsx Table 1.2,2025-2035,thousands,true,Optional exact join: O*NET occupation_code first 7 characters (SOC detailed XX-XXXX) == bls_matrix_code. Not a fuzzy match. Not a task-exposure label.
"        Cooks, institution and cafeteria",35-2012,Line item,454,466.6,12.6,2.8,62.9,37450,No formal educational credential,BLS Employment Projections Occupation.xlsx Table 1.2,2025-2035,thousands,true,Optional exact join: O*NET occupation_code first 7 characters (SOC detailed XX-XXXX) == bls_matrix_code. Not a fuzzy match. Not a task-exposure label.
"        Cooks, private household",35-2013,Line item,35.4,37.2,1.8,5.1,5,47940,Postsecondary nondegree award,BLS Employment Projections Occupation.xlsx Table 1.2,2025-2035,thousands,true,Optional exact join: O*NET occupation_code first 7 characters (SOC detailed XX-XXXX) == bls_matrix_code. Not a fuzzy match. Not a task-exposure label.
"        Cooks, restaurant",35-2014,Line item,1417.5,1588.8,171.4,12.1,218.6,37390,No formal educational credential,BLS Employment Projections Occupation.xlsx Table 1.2,2025-2035,thousands,true,Optional exact join: O*NET occupation_code first 7 characters (SOC detailed XX-XXXX) == bls_matrix_code. Not a fuzzy match. Not a task-exposure label.
"        Cooks, short order",35-2015,Line item,138.7,131.5,-7.2,-5.2,17.4,35880,No formal educational credential,BLS Employment Projections Occupation.xlsx Table 1.2,2025-2035,thousands,true,Optional exact join: O*NET occupation_code first 7 characters (SOC detailed XX-XXXX) == bls_matrix_code. Not a fuzzy match. Not a task-exposure label.
"        Cooks, all other",35-2019,Line item,19.7,20.8,1,5.2,2.8,37690,No formal educational credential,BLS Employment Projections Occupation.xlsx Table 1.2,2025-2035,thousands,true,Optional exact join: O*NET occupation_code first 7 characters (SOC detailed XX-XXXX) == bls_matrix_code. Not a fuzzy match. Not a task-exposure label.
      Food preparation workers,35-2021,Line item,908.5,881.3,-27.2,-3,135.7,35320,No formal educational credential,BLS Employment Projections Occupation.xlsx Table 1.2,2025-2035,thousands,true,Optional exact join: O*NET occupation_code first 7 characters (SOC detailed XX-XXXX) == bls_matrix_code. Not a fuzzy match. Not a task-exposure label.
    Food and beverage serving workers,35-3000,Summary,7199.2,7520.1,320.9,4.5,1420.5,33400,—,BLS Employment Projections Occupation.xlsx Table 1.2,2025-2035,thousands,true,Optional exact join: O*NET occupation_code first 7 characters (SOC detailed XX-XXXX) == bls_matrix_code. Not a fuzzy match. Not a task-exposure label.
      Bartenders,35-3011,Line item,762.6,800.5,37.9,5,121.2,34340,No formal educational credential,BLS Employment Projections Occupation.xlsx Table 1.2,2025-2035,thousands,true,Optional exact join: O*NET occupation_code first 7 characters (SOC detailed XX-XXXX) == bls_matrix_code. Not a fuzzy match. Not a task-exposure label.
      Fast food and counter workers,35-3023,Line item,3855.9,4079.1,223.3,5.8,827.4,31200,No formal educational credential,BLS Employment Projections Occupation.xlsx Table 1.2,2025-2035,thousands,true,Optional exact join: O*NET occupation_code first 7 characters (SOC detailed XX-XXXX) == bls_matrix_code. Not a fuzzy match. Not a task-exposure label.
      Waiters and waitresses,35-3031,Line item,2284.4,2330.9,46.5,2,423.1,35230,No formal educational credential,BLS Employment Projections Occupation.xlsx Table 1.2,2025-2035,thousands,true,Optional exact join: O*NET occupation_code first 7 characters (SOC detailed XX-XXXX) == bls_matrix_code. Not a fuzzy match. Not a task-exposure label.
"      Food servers, nonrestaurant",35-3041,Line item,296.3,309.6,13.3,4.5,48.8,35360,No formal educational credential,BLS Employment Projections Occupation.xlsx Table 1.2,2025-2035,thousands,true,Optional exact join: O*NET occupation_code first 7 characters (SOC detailed XX-XXXX) == bls_matrix_code. Not a fuzzy match. Not a task-exposure label.
    Other food preparation and serving related workers,35-9000,Summary,1556.3,1600.4,44.1,2.8,283.1,34080,—,BLS Employment Projections Occupation.xlsx Table 1.2,2025-2035,thousands,true,Optional exact join: O*NET occupation_code first 7 characters (SOC detailed XX-XXXX) == bls_matrix_code. Not a fuzzy match. Not a task-exposure label.
      Dining room and cafeteria attendants and bartender helpers,35-9011,Line item,546.6,575.5,28.9,5.3,95.3,33980,No formal educational credential,BLS Employment Projections Occupation.xlsx Table 1.2,2025-2035,thousands,true,Optional exact join: O*NET occupation_code first 7 characters (SOC detailed XX-XXXX) == bls_matrix_code. Not a fuzzy match. Not a task-exposure label.
      Dishwashers,35-9021,Line item,480.4,475.6,-4.8,-1,68.9,34810,No formal educational credential,BLS Employment Projections Occupation.xlsx Table 1.2,2025-2035,thousands,true,Optional exact join: O*NET occupation_code first 7 characters (SOC detailed XX-XXXX) == bls_matrix_code. Not a fuzzy match. Not a task-exposure label.
"      Hosts and hostesses, restaurant, lounge, and coffee shop",35-9031,Line item,444.2,459.5,15.3,3.4,107.1,31200,No formal educational credential,BLS Employment Projections Occupation.xlsx Table 1.2,2025-2035,thousands,true,Optional exact join: O*NET occupation_code first 7 characters (SOC detailed XX-XXXX) == bls_matrix_code. Not a fuzzy match. Not a task-exposure label.
"      Food preparation and serving related workers, all other",35-9099,Line item,85.1,89.7,4.7,5.5,11.8,35840,No formal educational credential,BLS Employment Projections Occupation.xlsx Table 1.2,2025-2035,thousands,true,Optional exact join: O*NET occupation_code first 7 characters (SOC detailed XX-XXXX) == bls_matrix_code. Not a fuzzy match. Not a task-exposure label.
  Building and grounds cleaning and maintenance occupations,37-0000,Summary,5699.6,5845.2,145.6,2.6,730.6,37680,—,BLS Employment Projections Occupation.xlsx Table 1.2,2025-2035,thousands,true,Optional exact join: O*NET occupation_code first 7 characters (SOC detailed XX-XXXX) == bls_matrix_code. Not a fuzzy match. Not a task-exposure label.
    Supervisors of building and grounds cleaning and maintenance workers,37-1000,Summary,508.4,526.6,18.1,3.6,54.7,52940,—,BLS Employment Projections Occupation.xlsx Table 1.2,2025-2035,thousands,true,Optional exact join: O*NET occupation_code first 7 characters (SOC detailed XX-XXXX) == bls_matrix_code. Not a fuzzy match. Not a task-exposure label.
      First-line supervisors of housekeeping and janitorial workers,37-1011,Line item,265.2,273.6,8.4,3.2,30.8,49100,High school diploma or equivalent,BLS Employment Projections Occupation.xlsx Table 1.2,2025-2035,thousands,true,Optional exact join: O*NET occupation_code first 7 characters (SOC detailed XX-XXXX) == bls_matrix_code. Not a fuzzy match. Not a task-exposure label.
"      First-line supervisors of landscaping, lawn service, and groundskeeping workers",37-1012,Line item,243.3,253,9.7,4,23.9,58430,High school diploma or equivalent,BLS Employment Projections Occupation.xlsx Table 1.2,2025-2035,thousands,true,Optional exact join: O*NET occupation_code first 7 characters (SOC detailed XX-XXXX) == bls_matrix_code. Not a fuzzy match. Not a task-exposure label.
    Building cleaning and pest control workers,37-2000,Summary,3891.9,3959.3,67.4,1.7,513.4,36640,—,BLS Employment Projections Occupation.xlsx Table 1.2,2025-2035,thousands,true,Optional exact join: O*NET occupation_code first 7 characters (SOC detailed XX-XXXX) == bls_matrix_code. Not a fuzzy match. Not a task-exposure label.
      Building cleaning workers,37-2010,Summary,3783.2,3844.6,61.4,1.6,499.7,36510,—,BLS Employment Projections Occupation.xlsx Table 1.2,2025-2035,thousands,true,Optional exact join: O*NET occupation_code first 7 characters (SOC detailed XX-XXXX) == bls_matrix_code. Not a fuzzy match. Not a task-exposure label.
"        Janitors and cleaners, except maids and housekeeping cleaners",37-2011,Line item,2432.6,2486.2,53.6,2.2,321.8,36840,No formal educational credential,BLS Employment Projections Occupation.xlsx Table 1.2,2025-2035,thousands,true,Optional exact join: O*NET occupation_code first 7 characters (SOC detailed XX-XXXX) == bls_matrix_code. Not a fuzzy match. Not a task-exposure label.
        Maids and housekeeping cleaners,37-2012,Line item,1332.1,1339.5,7.4,0.6,175.5,35510,No formal educational credential,BLS Employment Projections Occupation.xlsx Table 1.2,2025-2035,thousands,true,Optional exact join: O*NET occupation_code first 7 characters (SOC detailed XX-XXXX) == bls_matrix_code. Not a fuzzy match. Not a task-exposure label.
"        Building cleaning workers, all other",37-2019,Line item,18.6,19,0.4,2,2.5,44040,No formal educational credential,BLS Employment Projections Occupation.xlsx Table 1.2,2025-2035,thousands,true,Optional exact join: O*NET occupation_code first 7 characters (SOC detailed XX-XXXX) == bls_matrix_code. Not a fuzzy match. Not a task-exposure label.
      Pest control workers,37-2021,Line item,108.7,114.7,6,5.5,13.7,45250,High school diploma or equivalent,BLS Employment Projections Occupation.xlsx Table 1.2,2025-2035,thousands,true,Optional exact join: O*NET occupation_code first 7 characters (SOC detailed XX-XXXX) == bls_matrix_code. Not a fuzzy match. Not a task-exposure label.
    Grounds maintenance workers,37-3000,Summary,1299.2,1359.3,60.1,4.6,162.5,40080,—,BLS Employment Projections Occupation.xlsx Table 1.2,2025-2035,thousands,true,Optional exact join: O*NET occupation_code first 7 characters (SOC detailed XX-XXXX) == bls_matrix_code. Not a fuzzy match. Not a task-exposure label.
      Landscaping and groundskeeping workers,37-3011,Line item,1188.6,1244.2,55.6,4.7,149.5,39150,No formal educational credential,BLS Employment Projections Occupation.xlsx Table 1.2,2025-2035,thousands,true,Optional exact join: O*NET occupation_code first 7 characters (SOC detailed XX-XXXX) == bls_matrix_code. Not a fuzzy match. Not a task-exposure label.
"      Pesticide handlers, sprayers, and applicators, vegetation",37-3012,Line item,25.7,26.7,1,3.9,3.3,46340,High school diploma or equivalent,BLS Employment Projections Occupation.xlsx Table 1.2,2025-2035,thousands,true,Optional exact join: O*NET occupation_code first 7 characters (SOC detailed XX-XXXX) == bls_matrix_code. Not a fuzzy match. Not a task-exposure label.
      Tree trimmers and pruners,37-3013,Line item,70.6,73.6,3,4.2,7.9,50960,High school diploma or equivalent,BLS Employment Projections Occupation.xlsx Table 1.2,2025-2035,thousands,true,Optional exact join: O*NET occupation_code first 7 characters (SOC detailed XX-XXXX) == bls_matrix_code. Not a fuzzy match. Not a task-exposure label.
"      Grounds maintenance workers, all other",37-3019,Line item,14.2,14.8,0.5,3.7,1.8,46860,No formal educational credential,BLS Employment Projections Occupation.xlsx Table 1.2,2025-2035,thousands,true,Optional exact join: O*NET occupation_code first 7 characters (SOC detailed XX-XXXX) == bls_matrix_code. Not a fuzzy match. Not a task-exposure label.
  Personal care and service occupations,39-0000,Summary,4487.3,4685.5,198.2,4.4,714.7,36410,—,BLS Employment Projections Occupation.xlsx Table 1.2,2025-2035,thousands,true,Optional exact join: O*NET occupation_code first 7 characters (SOC detailed XX-XXXX) == bls_matrix_code. Not a fuzzy match. Not a task-exposure label.
    Supervisors of personal care and service workers,39-1000,Summary,259,273.5,14.5,5.6,25.1,49820,—,BLS Employment Projections Occupation.xlsx Table 1.2,2025-2035,thousands,true,Optional exact join: O*NET occupation_code first 7 characters (SOC detailed XX-XXXX) == bls_matrix_code. Not a fuzzy match. Not a task-exposure label.
      First-line supervisors of entertainment and recreation workers,39-1010,Summary,136.5,143.3,6.8,5,13.1,51010,—,BLS Employment Projections Occupation.xlsx Table 1.2,2025-2035,thousands,true,Optional exact join: O*NET occupation_code first 7 characters (SOC detailed XX-XXXX) == bls_matrix_code. Not a fuzzy match. Not a task-exposure label.
        First-line supervisors of gambling services workers,39-1013,Line item,27.2,28.1,1,3.5,2.6,63820,High school diploma or equivalent,BLS Employment Projections Occupation.xlsx Table 1.2,2025-2035,thousands,true,Optional exact join: O*NET occupation_code first 7 characters (SOC detailed XX-XXXX) == bls_matrix_code. Not a fuzzy match. Not a task-exposure label.
"        First-line supervisors of entertainment and recreation workers, except gambling services",39-1014,Line item,109.3,115.1,5.8,5.3,10.6,48560,High school diploma or equivalent,BLS Employment Projections Occupation.xlsx Table 1.2,2025-2035,thousands,true,Optional exact join: O*NET occupation_code first 7 characters (SOC detailed XX-XXXX) == bls_matrix_code. Not a fuzzy match. Not a task-exposure label.
      First-line supervisors of personal service workers,39-1022,Line item,122.5,130.2,7.7,6.3,12,48590,High school diploma or equivalent,BLS Employment Projections Occupation.xlsx Table 1.2,2025-2035,thousands,true,Optional exact join: O*NET occupation_code first 7 characters (SOC detailed XX-XXXX) == bls_matrix_code. Not a fuzzy match. Not a task-exposure label.
    Animal care and service workers,39-2000,Summary,413,459.1,46.1,11.2,69.4,35530,—,BLS Employment Projections Occupation.xlsx Table 1.2,2025-2035,thousands,true,Optional exact join: O*NET occupation_code first 7 characters (SOC detailed XX-XXXX) == bls_matrix_code. Not a fuzzy match. Not a task-exposure label.
      Animal trainers,39-2011,Line item,47.8,49.7,2,4.2,6.5,39990,High school diploma or equivalent,BLS Employment Projections Occupation.xlsx Table 1.2,2025-2035,thousands,true,Optional exact join: O*NET occupation_code first 7 characters (SOC detailed XX-XXXX) == bls_matrix_code. Not a fuzzy match. Not a task-exposure label.
      Animal caretakers,39-2021,Line item,365.3,409.4,44.1,12.1,62.8,35360,High school diploma or equivalent,BLS Employment Projections Occupation.xlsx Table 1.2,2025-2035,thousands,true,Optional exact join: O*NET occupation_code first 7 characters (SOC detailed XX-XXXX) == bls_matrix_code. Not a fuzzy match. Not a task-exposure label.
    Entertainment attendants and related workers,39-3000,Summary,678,699.7,21.7,3.2,152.5,32910,—,BLS Employment Projections Occupation.xlsx Table 1.2,2025-2035,thousands,true,Optional exact join: O*NET occupation_code first 7 characters (SOC detailed XX-XXXX) == bls_matrix_code. Not a fuzzy match. Not a task-exposure label.
      Gambling services workers,39-3010,Summary,113.8,117.6,3.8,3.4,17,34320,—,BLS Employment Projections Occupation.xlsx Table 1.2,2025-2035,thousands,true,Optional exact join: O*NET occupation_code first 7 characters (SOC detailed XX-XXXX) == bls_matrix_code. Not a fuzzy match. Not a task-exposure label.
        Gambling dealers,39-3011,Line item,88.9,91.9,3,3.4,13.3,34320,High school diploma or equivalent,BLS Employment Projections Occupation.xlsx Table 1.2,2025-2035,thousands,true,Optional exact join: O*NET occupation_code first 7 characters (SOC detailed XX-XXXX) == bls_matrix_code. Not a fuzzy match. Not a task-exposure label.
        Gambling and sports book writers and runners,39-3012,Line item,9.6,9.8,0.2,1.8,1.4,34980,High school diploma or equivalent,BLS Employment Projections Occupation.xlsx Table 1.2,2025-2035,thousands,true,Optional exact join: O*NET occupation_code first 7 characters (SOC detailed XX-XXXX) == bls_matrix_code. Not a fuzzy match. Not a task-exposure label.
"        Gambling service workers, all other",39-3019,Line item,15.3,15.9,0.6,4.2,2.3,36310,High school diploma or equivalent,BLS Employment Projections Occupation.xlsx Table 1.2,2025-2035,thousands,true,Optional exact join: O*NET occupation_code first 7 characters (SOC detailed XX-XXXX) == bls_matrix_code. Not a fuzzy match. Not a task-exposure label.
      Motion picture projectionists,39-3021,Line item,1.5,1.4,-0.1,-6.2,0.3,38270,No formal educational credential,BLS Employment Projections Occupation.xlsx Table 1.2,2025-2035,thousands,true,Optional exact join: O*NET occupation_code first 7 characters (SOC detailed XX-XXXX) == bls_matrix_code. Not a fuzzy match. Not a task-exposure label.
"      Ushers, lobby attendants, and ticket takers",39-3031,Line item,124.5,125.6,1.1,0.9,27.3,32910,No formal educational credential,BLS Employment Projections Occupation.xlsx Table 1.2,2025-2035,thousands,true,Optional exact join: O*NET occupation_code first 7 characters (SOC detailed XX-XXXX) == bls_matrix_code. Not a fuzzy match. Not a task-exposure label.
      Miscellaneous entertainment attendants and related workers,39-3090,Summary,438.3,455.2,16.9,3.9,107.8,32290,—,BLS Employment Projections Occupation.xlsx Table 1.2,2025-2035,thousands,true,Optional exact join: O*NET occupation_code first 7 characters (SOC detailed XX-XXXX) == bls_matrix_code. Not a fuzzy match. Not a task-exposure label.
        Amusement and recreation attendants,39-3091,Line item,408.4,423.6,15.2,3.7,100.4,32150,No formal educational credential,BLS Employment Projections Occupation.xlsx Table 1.2,2025-2035,thousands,true,Optional exact join: O*NET occupation_code first 7 characters (SOC detailed XX-XXXX) == bls_matrix_code. Not a fuzzy match. Not a task-exposure label.
        Costume attendants,39-3092,Line item,6.6,7,0.4,5.9,1.7,50400,High school diploma or equivalent,BLS Employment Projections Occupation.xlsx Table 1.2,2025-2035,thousands,true,Optional exact join: O*NET occupation_code first 7 characters (SOC detailed XX-XXXX) == bls_matrix_code. Not a fuzzy match. Not a task-exposure label.
"        Locker room, coatroom, and dressing room attendants",39-3093,Line item,16,17.1,1,6.4,4,36300,High school diploma or equivalent,BLS Employment Projections Occupation.xlsx Table 1.2,2025-2035,thousands,true,Optional exact join: O*NET occupation_code first 7 characters (SOC detailed XX-XXXX) == bls_matrix_code. Not a fuzzy match. Not a task-exposure label.
"        Entertainment attendants and related workers, all other",39-3099,Line item,7.2,7.5,0.3,4,1.8,32640,High school diploma or equivalent,BLS Employment Projections Occupation.xlsx Table 1.2,2025-2035,thousands,true,Optional exact join: O*NET occupation_code first 7 characters (SOC detailed XX-XXXX) == bls_matrix_code. Not a fuzzy match. Not a task-exposure label.
    Funeral service workers,39-4000,Summary,64.9,66.7,1.7,2.7,9.7,42700,—,BLS Employment Projections Occupation.xlsx Table 1.2,2025-2035,thousands,true,Optional exact join: O*NET occupation_code first 7 characters (SOC detailed XX-XXXX) == bls_matrix_code. Not a fuzzy match. Not a task-exposure label.
      Embalmers and crematory operators,39-4010,Summary,6.9,7,0.1,1.7,1.2,50280,—,BLS Employment Projections Occupation.xlsx Table 1.2,2025-2035,thousands,true,Optional exact join: O*NET occupation_code first 7 characters (SOC detailed XX-XXXX) == bls_matrix_code. Not a fuzzy match. Not a task-exposure label.
        Embalmers,39-4011,Line item,3.9,4,0,0.7,0.7,58780,Associate's degree,BLS Employment Projections Occupation.xlsx Table 1.2,2025-2035,thousands,true,Optional exact join: O*NET occupation_code first 7 characters (SOC detailed XX-XXXX) == bls_matrix_code. Not a fuzzy match. Not a task-exposure label.
        Crematory operators,39-4012,Line item,3,3.1,0.1,3.1,0.5,43650,High school diploma or equivalent,BLS Employment Projections Occupation.xlsx Table 1.2,2025-2035,thousands,true,Optional exact join: O*NET occupation_code first 7 characters (SOC detailed XX-XXXX) == bls_matrix_code. Not a fuzzy match. Not a task-exposure label.
      Funeral attendants,39-4021,Line item,31.3,32.1,0.8,2.6,5.4,35680,High school diploma or equivalent,BLS Employment Projections Occupation.xlsx Table 1.2,2025-2035,thousands,true,Optional exact join: O*NET occupation_code first 7 characters (SOC detailed XX-XXXX) == bls_matrix_code. Not a fuzzy match. Not a task-exposure label.
"      Morticians, undertakers, and funeral arrangers",39-4031,Line item,26.7,27.5,0.8,3,3,55010,Associate's degree,BLS Employment Projections Occupation.xlsx Table 1.2,2025-2035,thousands,true,Optional exact join: O*NET occupation_code first 7 characters (SOC detailed XX-XXXX) == bls_matrix_code. Not a fuzzy match. Not a task-exposure label.
    Personal appearance workers,39-5000,Summary,996.4,1073.7,77.3,7.8,119.2,36360,—,BLS Employment Projections Occupation.xlsx Table 1.2,2025-2035,thousands,true,Optional exact join: O*NET occupation_code first 7 characters (SOC detailed XX-XXXX) == bls_matrix_code. Not a fuzzy match. Not a task-exposure label.
"      Barbers, hairdressers, hairstylists and cosmetologists",39-5010,Summary,670.8,719.2,48.4,7.2,80.3,35880,—,BLS Employment Projections Occupation.xlsx Table 1.2,2025-2035,thousands,true,Optional exact join: O*NET occupation_code first 7 characters (SOC detailed XX-XXXX) == bls_matrix_code. Not a fuzzy match. Not a task-exposure label.
        Barbers,39-5011,Line item,75.8,78.3,2.5,3.3,6.9,38210,Postsecondary nondegree award,BLS Employment Projections Occupation.xlsx Table 1.2,2025-2035,thousands,true,Optional exact join: O*NET occupation_code first 7 characters (SOC detailed XX-XXXX) == bls_matrix_code. Not a fuzzy match. Not a task-exposure label.
"        Hairdressers, hairstylists, and cosmetologists",39-5012,Line item,595,640.9,45.9,7.7,73.4,35790,Postsecondary nondegree award,BLS Employment Projections Occupation.xlsx Table 1.2,2025-2035,thousands,true,Optional exact join: O*NET occupation_code first 7 characters (SOC detailed XX-XXXX) == bls_matrix_code. Not a fuzzy match. Not a task-exposure label.
      Miscellaneous personal appearance workers,39-5090,Summary,325.6,354.5,28.9,8.9,38.9,36630,—,BLS Employment Projections Occupation.xlsx Table 1.2,2025-2035,thousands,true,Optional exact join: O*NET occupation_code first 7 characters (SOC detailed XX-XXXX) == bls_matrix_code. Not a fuzzy match. Not a task-exposure label.
"        Makeup artists, theatrical and performance",39-5091,Line item,4.3,4.6,0.3,6.1,0.6,97150,Postsecondary nondegree award,BLS Employment Projections Occupation.xlsx Table 1.2,2025-2035,thousands,true,Optional exact join: O*NET occupation_code first 7 characters (SOC detailed XX-XXXX) == bls_matrix_code. Not a fuzzy match. Not a task-exposure label.
        Manicurists and pedicurists,39-5092,Line item,201.8,220.4,18.6,9.2,21.9,35760,Postsecondary nondegree award,BLS Employment Projections Occupation.xlsx Table 1.2,2025-2035,thousands,true,Optional exact join: O*NET occupation_code first 7 characters (SOC detailed XX-XXXX) == bls_matrix_code. Not a fuzzy match. Not a task-exposure label.
        Shampooers,39-5093,Line item,15.4,16.2,0.9,5.6,2.2,32600,No formal educational credential,BLS Employment Projections Occupation.xlsx Table 1.2,2025-2035,thousands,true,Optional exact join: O*NET occupation_code first 7 characters (SOC detailed XX-XXXX) == bls_matrix_code. Not a fuzzy match. Not a task-exposure label.
        Skincare specialists,39-5094,Line item,104.2,113.3,9.1,8.8,14.2,45330,Postsecondary nondegree award,BLS Employment Projections Occupation.xlsx Table 1.2,2025-2035,thousands,true,Optional exact join: O*NET occupation_code first 7 characters (SOC detailed XX-XXXX) == bls_matrix_code. Not a fuzzy match. Not a task-exposure label.
"    Baggage porters, bellhops, and concierges",39-6000,Summary,79.4,79.8,0.4,0.5,10.7,38420,—,BLS Employment Projections Occupation.xlsx Table 1.2,2025-2035,thousands,true,Optional exact join: O*NET occupation_code first 7 characters (SOC detailed XX-XXXX) == bls_matrix_code. Not a fuzzy match. Not a task-exposure label.
      Baggage porters and bellhops,39-6011,Line item,29.2,28.4,-0.9,-3,3.8,37080,High school diploma or equivalent,BLS Employment Projections Occupation.xlsx Table 1.2,2025-2035,thousands,true,Optional exact join: O*NET occupation_code first 7 characters (SOC detailed XX-XXXX) == bls_matrix_code. Not a fuzzy match. Not a task-exposure label.
      Concierges,39-6012,Line item,50.2,51.5,1.3,2.6,6.9,38950,High school diploma or equivalent,BLS Employment Projections Occupation.xlsx Table 1.2,2025-2035,thousands,true,Optional exact join: O*NET occupation_code first 7 characters (SOC detailed XX-XXXX) == bls_matrix_code. Not a fuzzy match. Not a task-exposure label.
    Tour and travel guides,39-7000,Summary,62.2,66.1,3.9,6.3,11.9,38120,—,BLS Employment Projections Occupation.xlsx Table 1.2,2025-2035,thousands,true,Optional exact join: O*NET occupation_code first 7 characters (SOC detailed XX-XXXX) == bls_matrix_code. Not a fuzzy match. Not a task-exposure label.
      Tour and travel guides,39-7010,Line item,62.2,66.1,3.9,6.3,11.9,38120,High school diploma or equivalent,BLS Employment Projections Occupation.xlsx Table 1.2,2025-2035,thousands,true,Optional exact join: O*NET occupation_code first 7 characters (SOC detailed XX-XXXX) == bls_matrix_code. Not a fuzzy match. Not a task-exposure label.
    Other personal care and service workers,39-9000,Summary,1934.3,1966.8,32.5,1.7,316.3,36940,—,BLS Employment Projections Occupation.xlsx Table 1.2,2025-2035,thousands,true,Optional exact join: O*NET occupation_code first 7 characters (SOC detailed XX-XXXX) == bls_matrix_code. Not a fuzzy match. Not a task-exposure label.
      Childcare workers,39-9011,Line item,1010.3,990.4,-19.9,-2,150.3,34980,High school diploma or equivalent,BLS Employment Projections Occupation.xlsx Table 1.2,2025-2035,thousands,true,Optional exact join: O*NET occupation_code first 7 characters (SOC detailed XX-XXXX) == bls_matrix_code. Not a fuzzy match. Not a task-exposure label.
      Recreation and fitness workers,39-9030,Summary,735.3,778.8,43.5,5.9,135,38760,—,BLS Employment Projections Occupation.xlsx Table 1.2,2025-2035,thousands,true,Optional exact join: O*NET occupation_code first 7 characters (SOC detailed XX-XXXX) == bls_matrix_code. Not a fuzzy match. Not a task-exposure label.
        Exercise trainers and group fitness instructors,39-9031,Line item,388.4,416.9,28.5,7.3,68,47160,High school diploma or equivalent,BLS Employment Projections Occupation.xlsx Table 1.2,2025-2035,thousands,true,Optional exact join: O*NET occupation_code first 7 characters (SOC detailed XX-XXXX) == bls_matrix_code. Not a fuzzy match. Not a task-exposure label.
        Recreation workers,39-9032,Line item,346.9,361.9,15,4.3,67,36560,High school diploma or equivalent,BLS Employment Projections Occupation.xlsx Table 1.2,2025-2035,thousands,true,Optional exact join: O*NET occupation_code first 7 characters (SOC detailed XX-XXXX) == bls_matrix_code. Not a fuzzy match. Not a task-exposure label.
      Residential advisors,39-9041,Line item,94.1,97.4,3.3,3.5,16.5,42240,High school diploma or equivalent,BLS Employment Projections Occupation.xlsx Table 1.2,2025-2035,thousands,true,Optional exact join: O*NET occupation_code first 7 characters (SOC detailed XX-XXXX) == bls_matrix_code. Not a fuzzy match. Not a task-exposure label.
"      Personal care and service workers, all other",39-9099,Line item,94.6,100.2,5.6,5.9,14.4,41600,High school diploma or equivalent,BLS Employment Projections Occupation.xlsx Table 1.2,2025-2035,thousands,true,Optional exact join: O*NET occupation_code first 7 characters (SOC detailed XX-XXXX) == bls_matrix_code. Not a fuzzy match. Not a task-exposure label.
  Sales and related occupations,41-0000,Summary,14533.2,14326.4,-206.8,-1.4,1668,38530,—,BLS Employment Projections Occupation.xlsx Table 1.2,2025-2035,thousands,true,Optional exact join: O*NET occupation_code first 7 characters (SOC detailed XX-XXXX) == bls_matrix_code. Not a fuzzy match. Not a task-exposure label.
    Supervisors of sales workers,41-1000,Summary,1731.8,1680.9,-50.8,-2.9,135.1,51570,—,BLS Employment Projections Occupation.xlsx Table 1.2,2025-2035,thousands,true,Optional exact join: O*NET occupation_code first 7 characters (SOC detailed XX-XXXX) == bls_matrix_code. Not a fuzzy match. Not a task-exposure label.
      First-line supervisors of retail sales workers,41-1011,Line item,1419.8,1367.4,-52.5,-3.7,113.5,48520,High school diploma or equivalent,BLS Employment Projections Occupation.xlsx Table 1.2,2025-2035,thousands,true,Optional exact join: O*NET occupation_code first 7 characters (SOC detailed XX-XXXX) == bls_matrix_code. Not a fuzzy match. Not a task-exposure label.
      First-line supervisors of non-retail sales workers,41-1012,Line item,311.9,313.6,1.7,0.5,21.7,87520,High school diploma or equivalent,BLS Employment Projections Occupation.xlsx Table 1.2,2025-2035,thousands,true,Optional exact join: O*NET occupation_code first 7 characters (SOC detailed XX-XXXX) == bls_matrix_code. Not a fuzzy match. Not a task-exposure label.
    Retail sales workers,41-2000,Summary,7809.1,7614.8,-194.3,-2.5,1121.9,34810,—,BLS Employment Projections Occupation.xlsx Table 1.2,2025-2035,thousands,true,Optional exact join: O*NET occupation_code first 7 characters (SOC detailed XX-XXXX) == bls_matrix_code. Not a fuzzy match. Not a task-exposure label.
      Cashiers,41-2010,Summary,3128.3,2927.2,-201,-6.4,525.1,32930,—,BLS Employment Projections Occupation.xlsx Table 1.2,2025-2035,thousands,true,Optional exact join: O*NET occupation_code first 7 characters (SOC detailed XX-XXXX) == bls_matrix_code. Not a fuzzy match. Not a task-exposure label.
        Cashiers,41-2011,Line item,3106.3,2905.7,-200.6,-6.5,521.3,32880,No formal educational credential,BLS Employment Projections Occupation.xlsx Table 1.2,2025-2035,thousands,true,Optional exact join: O*NET occupation_code first 7 characters (SOC detailed XX-XXXX) == bls_matrix_code. Not a fuzzy match. Not a task-exposure label.
        Gambling change persons and booth cashiers,41-2012,Line item,22,21.6,-0.4,-1.9,3.9,36220,No formal educational credential,BLS Employment Projections Occupation.xlsx Table 1.2,2025-2035,thousands,true,Optional exact join: O*NET occupation_code first 7 characters (SOC detailed XX-XXXX) == bls_matrix_code. Not a fuzzy match. Not a task-exposure label.
      Counter and rental clerks and parts salespersons,41-2020,Summary,682.7,703.5,20.7,3,76.1,40040,—,BLS Employment Projections Occupation.xlsx Table 1.2,2025-2035,thousands,true,Optional exact join: O*NET occupation_code first 7 characters (SOC detailed XX-XXXX) == bls_matrix_code. Not a fuzzy match. Not a task-exposure label.
        Counter and rental clerks,41-2021,Line item,409.4,421.9,12.4,3,46.1,41300,No formal educational credential,BLS Employment Projections Occupation.xlsx Table 1.2,2025-2035,thousands,true,Optional exact join: O*NET occupation_code first 7 characters (SOC detailed XX-XXXX) == bls_matrix_code. Not a fuzzy match. Not a task-exposure label.
        Parts salespersons,41-2022,Line item,273.3,281.6,8.3,3,30,38630,No formal educational credential,BLS Employment Projections Occupation.xlsx Table 1.2,2025-2035,thousands,true,Optional exact join: O*NET occupation_code first 7 characters (SOC detailed XX-XXXX) == bls_matrix_code. Not a fuzzy match. Not a task-exposure label.
      Retail salespersons,41-2031,Line item,3998.1,3984.1,-14,-0.3,520.6,35410,No formal educational credential,BLS Employment Projections Occupation.xlsx Table 1.2,2025-2035,thousands,true,Optional exact join: O*NET occupation_code first 7 characters (SOC detailed XX-XXXX) == bls_matrix_code. Not a fuzzy match. Not a task-exposure label.
"    Sales representatives, services",41-3000,Summary,2537.3,2590.5,53.3,2.1,207.5,68190,—,BLS Employment Projections Occupation.xlsx Table 1.2,2025-2035,thousands,true,Optional exact join: O*NET occupation_code first 7 characters (SOC detailed XX-XXXX) == bls_matrix_code. Not a fuzzy match. Not a task-exposure label.
      Advertising sales agents,41-3011,Line item,99.3,92.2,-7.1,-7.2,7.8,64820,High school diploma or equivalent,BLS Employment Projections Occupation.xlsx Table 1.2,2025-2035,thousands,true,Optional exact join: O*NET occupation_code first 7 characters (SOC detailed XX-XXXX) == bls_matrix_code. Not a fuzzy match. Not a task-exposure label.
      Insurance sales agents,41-3021,Line item,572.6,591.4,18.8,3.3,43.1,62280,High school diploma or equivalent,BLS Employment Projections Occupation.xlsx Table 1.2,2025-2035,thousands,true,Optional exact join: O*NET occupation_code first 7 characters (SOC detailed XX-XXXX) == bls_matrix_code. Not a fuzzy match. Not a task-exposure label.
"      Securities, commodities, and financial services sales agents",41-3031,Line item,531,538.5,7.5,1.4,35.1,78660,Bachelor's degree,BLS Employment Projections Occupation.xlsx Table 1.2,2025-2035,thousands,true,Optional exact join: O*NET occupation_code first 7 characters (SOC detailed XX-XXXX) == bls_matrix_code. Not a fuzzy match. Not a task-exposure label.
      Travel agents,41-3041,Line item,61.5,61.7,0.1,0.2,5.9,50160,High school diploma or equivalent,BLS Employment Projections Occupation.xlsx Table 1.2,2025-2035,thousands,true,Optional exact join: O*NET occupation_code first 7 characters (SOC detailed XX-XXXX) == bls_matrix_code. Not a fuzzy match. Not a task-exposure label.
"      Sales representatives of services, except advertising, insurance, financial services, and travel",41-3091,Line item,1272.7,1306.7,33.9,2.7,115.7,69990,High school diploma or equivalent,BLS Employment Projections Occupation.xlsx Table 1.2,2025-2035,thousands,true,Optional exact join: O*NET occupation_code first 7 characters (SOC detailed XX-XXXX) == bls_matrix_code. Not a fuzzy match. Not a task-exposure label.
"    Sales representatives, wholesale and manufacturing",41-4000,Summary,1571.4,1563.7,-7.7,-0.5,123.4,76460,—,BLS Employment Projections Occupation.xlsx Table 1.2,2025-2035,thousands,true,Optional exact join: O*NET occupation_code first 7 characters (SOC detailed XX-XXXX) == bls_matrix_code. Not a fuzzy match. Not a task-exposure label.
"      Sales representatives, wholesale and manufacturing, technical and scientific products",41-4011,Line item,292,295.5,3.5,1.2,23.6,104920,Bachelor's degree,BLS Employment Projections Occupation.xlsx Table 1.2,2025-2035,thousands,true,Optional exact join: O*NET occupation_code first 7 characters (SOC detailed XX-XXXX) == bls_matrix_code. Not a fuzzy match. Not a task-exposure label.
"      Sales representatives, wholesale and manufacturing, except technical and scientific products",41-4012,Line item,1279.4,1268.2,-11.2,-0.9,99.8,72080,High school diploma or equivalent,BLS Employment Projections Occupation.xlsx Table 1.2,2025-2035,thousands,true,Optional exact join: O*NET occupation_code first 7 characters (SOC detailed XX-XXXX) == bls_matrix_code. Not a fuzzy match. Not a task-exposure label.
    Other sales and related workers,41-9000,Summary,883.7,876.4,-7.3,-0.8,80.1,50040,—,BLS Employment Projections Occupation.xlsx Table 1.2,2025-2035,thousands,true,Optional exact join: O*NET occupation_code first 7 characters (SOC detailed XX-XXXX) == bls_matrix_code. Not a fuzzy match. Not a task-exposure label.
"      Models, demonstrators, and product promoters",41-9010,Summary,74.5,74.6,0,0.1,12.1,39570,—,BLS Employment Projections Occupation.xlsx Table 1.2,2025-2035,thousands,true,Optional exact join: O*NET occupation_code first 7 characters (SOC detailed XX-XXXX) == bls_matrix_code. Not a fuzzy match. Not a task-exposure label.
        Demonstrators and product promoters,41-9011,Line item,70.4,70.5,0.1,0.2,11.4,39320,No formal educational credential,BLS Employment Projections Occupation.xlsx Table 1.2,2025-2035,thousands,true,Optional exact join: O*NET occupation_code first 7 characters (SOC detailed XX-XXXX) == bls_matrix_code. Not a fuzzy match. Not a task-exposure label.
        Models,41-9012,Line item,4.2,4.1,-0.1,-2.1,0.7,48470,No formal educational credential,BLS Employment Projections Occupation.xlsx Table 1.2,2025-2035,thousands,true,Optional exact join: O*NET occupation_code first 7 characters (SOC detailed XX-XXXX) == bls_matrix_code. Not a fuzzy match. Not a task-exposure label.
      Real estate brokers and sales agents,41-9020,Summary,530.6,538.8,8.3,1.6,40.4,57400,—,BLS Employment Projections Occupation.xlsx Table 1.2,2025-2035,thousands,true,Optional exact join: O*NET occupation_code first 7 characters (SOC detailed XX-XXXX) == bls_matrix_code. Not a fuzzy match. Not a task-exposure label.
        Real estate brokers,41-9021,Line item,103.5,104.3,0.8,0.8,7.8,73220,High school diploma or equivalent,BLS Employment Projections Occupation.xlsx Table 1.2,2025-2035,thousands,true,Optional exact join: O*NET occupation_code first 7 characters (SOC detailed XX-XXXX) == bls_matrix_code. Not a fuzzy match. Not a task-exposure label.
        Real estate sales agents,41-9022,Line item,427,434.5,7.4,1.7,32.6,52830,High school diploma or equivalent,BLS Employment Projections Occupation.xlsx Table 1.2,2025-2035,thousands,true,Optional exact join: O*NET occupation_code first 7 characters (SOC detailed XX-XXXX) == bls_matrix_code. Not a fuzzy match. Not a task-exposure label.
      Sales engineers,41-9031,Line item,51.6,53,1.4,2.8,3.8,124900,Bachelor's degree,BLS Employment Projections Occupation.xlsx Table 1.2,2025-2035,thousands,true,Optional exact join: O*NET occupation_code first 7 characters (SOC detailed XX-XXXX) == bls_matrix_code. Not a fuzzy match. Not a task-exposure label.
      Telemarketers,41-9041,Line item,60.9,47.8,-13,-21.4,5.8,35450,No formal educational credential,BLS Employment Projections Occupation.xlsx Table 1.2,2025-2035,thousands,true,Optional exact join: O*NET occupation_code first 7 characters (SOC detailed XX-XXXX) == bls_matrix_code. Not a fuzzy match. Not a task-exposure label.
      Miscellaneous sales and related workers,41-9090,Summary,166.2,162.2,-4,-2.4,17.9,47950,—,BLS Employment Projections Occupation.xlsx Table 1.2,2025-2035,thousands,true,Optional exact join: O*NET occupation_code first 7 characters (SOC detailed XX-XXXX) == bls_matrix_code. Not a fuzzy match. Not a task-exposure label.
"        Door-to-door sales workers, news and street vendors, and related workers",41-9091,Line item,50.9,45.6,-5.3,-10.4,4.8,41380,No formal educational credential,BLS Employment Projections Occupation.xlsx Table 1.2,2025-2035,thousands,true,Optional exact join: O*NET occupation_code first 7 characters (SOC detailed XX-XXXX) == bls_matrix_code. Not a fuzzy match. Not a task-exposure label.
"        Sales and related workers, all other",41-9099,Line item,115.3,116.6,1.3,1.1,13.1,48280,High school diploma or equivalent,BLS Employment Projections Occupation.xlsx Table 1.2,2025-2035,thousands,true,Optional exact join: O*NET occupation_code first 7 characters (SOC detailed XX-XXXX) == bls_matrix_code. Not a fuzzy match. Not a task-exposure label.
  Office and administrative support occupations,43-0000,Summary,18792.7,18040.5,-752.1,-4,1727.7,47450,—,BLS Employment Projections Occupation.xlsx Table 1.2,2025-2035,thousands,true,Optional exact join: O*NET occupation_code first 7 characters (SOC detailed XX-XXXX) == bls_matrix_code. Not a fuzzy match. Not a task-exposure label.
    Supervisors of office and administrative support workers,43-1000,Summary,1506.1,1507,0.9,0.1,127.4,69500,—,BLS Employment Projections Occupation.xlsx Table 1.2,2025-2035,thousands,true,Optional exact join: O*NET occupation_code first 7 characters (SOC detailed XX-XXXX) == bls_matrix_code. Not a fuzzy match. Not a task-exposure label.
      First-line supervisors of office and administrative support workers,43-1011,Line item,1506.1,1507,0.9,0.1,127.4,69500,High school diploma or equivalent,BLS Employment Projections Occupation.xlsx Table 1.2,2025-2035,thousands,true,Optional exact join: O*NET occupation_code first 7 characters (SOC detailed XX-XXXX) == bls_matrix_code. Not a fuzzy match. Not a task-exposure label.
    Communications equipment operators,43-2000,Summary,40.1,30,-10.1,-25.3,3.4,39140,—,BLS Employment Projections Occupation.xlsx Table 1.2,2025-2035,thousands,true,Optional exact join: O*NET occupation_code first 7 characters (SOC detailed XX-XXXX) == bls_matrix_code. Not a fuzzy match. Not a task-exposure label.
"      Switchboard operators, including answering service",43-2011,Line item,35.4,26.2,-9.2,-26,3.1,38630,High school diploma or equivalent,BLS Employment Projections Occupation.xlsx Table 1.2,2025-2035,thousands,true,Optional exact join: O*NET occupation_code first 7 characters (SOC detailed XX-XXXX) == bls_matrix_code. Not a fuzzy match. Not a task-exposure label.
      Telephone operators,43-2021,Line item,3.5,2.5,-1,-27.6,0.2,41740,High school diploma or equivalent,BLS Employment Projections Occupation.xlsx Table 1.2,2025-2035,thousands,true,Optional exact join: O*NET occupation_code first 7 characters (SOC detailed XX-XXXX) == bls_matrix_code. Not a fuzzy match. Not a task-exposure label.
"      Communications equipment operators, all other",43-2099,Line item,1.2,1.3,0,1,0.1,54680,High school diploma or equivalent,BLS Employment Projections Occupation.xlsx Table 1.2,2025-2035,thousands,true,Optional exact join: O*NET occupation_code first 7 characters (SOC detailed XX-XXXX) == bls_matrix_code. Not a fuzzy match. Not a task-exposure label.
    Financial clerks,43-3000,Summary,2719.8,2542,-177.8,-6.5,238.8,48620,—,BLS Employment Projections Occupation.xlsx Table 1.2,2025-2035,thousands,true,Optional exact join: O*NET occupation_code first 7 characters (SOC detailed XX-XXXX) == bls_matrix_code. Not a fuzzy match. Not a task-exposure label.
      Bill and account collectors,43-3011,Line item,160.2,143.4,-16.7,-10.4,11.2,47030,High school diploma or equivalent,BLS Employment Projections Occupation.xlsx Table 1.2,2025-2035,thousands,true,Optional exact join: O*NET occupation_code first 7 characters (SOC detailed XX-XXXX) == bls_matrix_code. Not a fuzzy match. Not a task-exposure label.
      Billing and posting clerks,43-3021,Line item,418,417.7,-0.2,-0.1,37,48500,High school diploma or equivalent,BLS Employment Projections Occupation.xlsx Table 1.2,2025-2035,thousands,true,Optional exact join: O*NET occupation_code first 7 characters (SOC detailed XX-XXXX) == bls_matrix_code. Not a fuzzy match. Not a task-exposure label.
"      Bookkeeping, accounting, and auditing clerks",43-3031,Line item,1532.4,1446.8,-85.6,-5.6,144.1,50670,"Some college, no degree",BLS Employment Projections Occupation.xlsx Table 1.2,2025-2035,thousands,true,Optional exact join: O*NET occupation_code first 7 characters (SOC detailed XX-XXXX) == bls_matrix_code. Not a fuzzy match. Not a task-exposure label.
      Gambling cage workers,43-3041,Line item,15,14.6,-0.5,-3.1,1.2,37580,High school diploma or equivalent,BLS Employment Projections Occupation.xlsx Table 1.2,2025-2035,thousands,true,Optional exact join: O*NET occupation_code first 7 characters (SOC detailed XX-XXXX) == bls_matrix_code. Not a fuzzy match. Not a task-exposure label.
      Payroll and timekeeping clerks,43-3051,Line item,159.6,134.3,-25.4,-15.9,11.4,58260,High school diploma or equivalent,BLS Employment Projections Occupation.xlsx Table 1.2,2025-2035,thousands,true,Optional exact join: O*NET occupation_code first 7 characters (SOC detailed XX-XXXX) == bls_matrix_code. Not a fuzzy match. Not a task-exposure label.
      Procurement clerks,43-3061,Line item,56.9,52.3,-4.6,-8.1,3.7,50580,High school diploma or equivalent,BLS Employment Projections Occupation.xlsx Table 1.2,2025-2035,thousands,true,Optional exact join: O*NET occupation_code first 7 characters (SOC detailed XX-XXXX) == bls_matrix_code. Not a fuzzy match. Not a task-exposure label.
      Tellers,43-3071,Line item,339.2,294.5,-44.7,-13.2,26.8,43030,High school diploma or equivalent,BLS Employment Projections Occupation.xlsx Table 1.2,2025-2035,thousands,true,Optional exact join: O*NET occupation_code first 7 characters (SOC detailed XX-XXXX) == bls_matrix_code. Not a fuzzy match. Not a task-exposure label.
"      Financial clerks, all other",43-3099,Line item,38.5,38.5,0,0,3.4,53830,High school diploma or equivalent,BLS Employment Projections Occupation.xlsx Table 1.2,2025-2035,thousands,true,Optional exact join: O*NET occupation_code first 7 characters (SOC detailed XX-XXXX) == bls_matrix_code. Not a fuzzy match. Not a task-exposure label.
    Information and record clerks,43-4000,Summary,5246.8,5043,-203.9,-3.9,549.7,43870,—,BLS Employment Projections Occupation.xlsx Table 1.2,2025-2035,thousands,true,Optional exact join: O*NET occupation_code first 7 characters (SOC detailed XX-XXXX) == bls_matrix_code. Not a fuzzy match. Not a task-exposure label.
      Brokerage clerks,43-4011,Line item,36.9,34.1,-2.8,-7.6,3.4,65750,High school diploma or equivalent,BLS Employment Projections Occupation.xlsx Table 1.2,2025-2035,thousands,true,Optional exact join: O*NET occupation_code first 7 characters (SOC detailed XX-XXXX) == bls_matrix_code. Not a fuzzy match. Not a task-exposure label.
      Correspondence clerks,43-4021,Line item,4.8,4.5,-0.3,-5.6,0.5,46800,High school diploma or equivalent,BLS Employment Projections Occupation.xlsx Table 1.2,2025-2035,thousands,true,Optional exact join: O*NET occupation_code first 7 characters (SOC detailed XX-XXXX) == bls_matrix_code. Not a fuzzy match. Not a task-exposure label.
"      Court, municipal, and license clerks",43-4031,Line item,187,193.3,6.3,3.4,17.1,48700,High school diploma or equivalent,BLS Employment Projections Occupation.xlsx Table 1.2,2025-2035,thousands,true,Optional exact join: O*NET occupation_code first 7 characters (SOC detailed XX-XXXX) == bls_matrix_code. Not a fuzzy match. Not a task-exposure label.
"      Credit authorizers, checkers, and clerks",43-4041,Line item,12.2,11.3,-0.9,-7.4,0.9,50080,High school diploma or equivalent,BLS Employment Projections Occupation.xlsx Table 1.2,2025-2035,thousands,true,Optional exact join: O*NET occupation_code first 7 characters (SOC detailed XX-XXXX) == bls_matrix_code. Not a fuzzy match. Not a task-exposure label.
      Customer service representatives,43-4051,Line item,2666,2524.1,-141.8,-5.3,289.5,44770,High school diploma or equivalent,BLS Employment Projections Occupation.xlsx Table 1.2,2025-2035,thousands,true,Optional exact join: O*NET occupation_code first 7 characters (SOC detailed XX-XXXX) == bls_matrix_code. Not a fuzzy match. Not a task-exposure label.
"      Eligibility interviewers, government programs",43-4061,Line item,162.8,165.3,2.6,1.6,12.7,54210,High school diploma or equivalent,BLS Employment Projections Occupation.xlsx Table 1.2,2025-2035,thousands,true,Optional exact join: O*NET occupation_code first 7 characters (SOC detailed XX-XXXX) == bls_matrix_code. Not a fuzzy match. Not a task-exposure label.
      File clerks,43-4071,Line item,76.2,64.2,-12,-15.8,5.6,43600,High school diploma or equivalent,BLS Employment Projections Occupation.xlsx Table 1.2,2025-2035,thousands,true,Optional exact join: O*NET occupation_code first 7 characters (SOC detailed XX-XXXX) == bls_matrix_code. Not a fuzzy match. Not a task-exposure label.
"      Hotel, motel, and resort desk clerks",43-4081,Line item,264.6,269.5,4.9,1.8,35.5,35070,High school diploma or equivalent,BLS Employment Projections Occupation.xlsx Table 1.2,2025-2035,thousands,true,Optional exact join: O*NET occupation_code first 7 characters (SOC detailed XX-XXXX) == bls_matrix_code. Not a fuzzy match. Not a task-exposure label.
"      Interviewers, except eligibility and loan",43-4111,Line item,153.6,137.6,-16,-10.4,13.2,45920,High school diploma or equivalent,BLS Employment Projections Occupation.xlsx Table 1.2,2025-2035,thousands,true,Optional exact join: O*NET occupation_code first 7 characters (SOC detailed XX-XXXX) == bls_matrix_code. Not a fuzzy match. Not a task-exposure label.
"      Library assistants, clerical",43-4121,Line item,89.5,83.8,-5.7,-6.4,12.3,36910,High school diploma or equivalent,BLS Employment Projections Occupation.xlsx Table 1.2,2025-2035,thousands,true,Optional exact join: O*NET occupation_code first 7 characters (SOC detailed XX-XXXX) == bls_matrix_code. Not a fuzzy match. Not a task-exposure label.
      Loan interviewers and clerks,43-4131,Line item,169.1,165,-4.1,-2.4,10.5,50020,High school diploma or equivalent,BLS Employment Projections Occupation.xlsx Table 1.2,2025-2035,thousands,true,Optional exact join: O*NET occupation_code first 7 characters (SOC detailed XX-XXXX) == bls_matrix_code. Not a fuzzy match. Not a task-exposure label.
      New accounts clerks,43-4141,Line item,37.9,35.5,-2.5,-6.5,2.3,47670,High school diploma or equivalent,BLS Employment Projections Occupation.xlsx Table 1.2,2025-2035,thousands,true,Optional exact join: O*NET occupation_code first 7 characters (SOC detailed XX-XXXX) == bls_matrix_code. Not a fuzzy match. Not a task-exposure label.
      Order clerks,43-4151,Line item,78.9,65.1,-13.8,-17.5,6.3,46170,"Some college, no degree",BLS Employment Projections Occupation.xlsx Table 1.2,2025-2035,thousands,true,Optional exact join: O*NET occupation_code first 7 characters (SOC detailed XX-XXXX) == bls_matrix_code. Not a fuzzy match. Not a task-exposure label.
"      Human resources assistants, except payroll and timekeeping",43-4161,Line item,96.5,90.5,-6,-6.2,7.9,50610,Associate's degree,BLS Employment Projections Occupation.xlsx Table 1.2,2025-2035,thousands,true,Optional exact join: O*NET occupation_code first 7 characters (SOC detailed XX-XXXX) == bls_matrix_code. Not a fuzzy match. Not a task-exposure label.
      Receptionists and information clerks,43-4171,Line item,947.5,931.6,-16,-1.7,105.1,38010,High school diploma or equivalent,BLS Employment Projections Occupation.xlsx Table 1.2,2025-2035,thousands,true,Optional exact join: O*NET occupation_code first 7 characters (SOC detailed XX-XXXX) == bls_matrix_code. Not a fuzzy match. Not a task-exposure label.
      Reservation and transportation ticket agents and travel clerks,43-4181,Line item,120.1,123.1,3,2.5,11.8,44390,High school diploma or equivalent,BLS Employment Projections Occupation.xlsx Table 1.2,2025-2035,thousands,true,Optional exact join: O*NET occupation_code first 7 characters (SOC detailed XX-XXXX) == bls_matrix_code. Not a fuzzy match. Not a task-exposure label.
"      Information and record clerks, all other",43-4199,Line item,143.1,144.3,1.2,0.8,15,49500,High school diploma or equivalent,BLS Employment Projections Occupation.xlsx Table 1.2,2025-2035,thousands,true,Optional exact join: O*NET occupation_code first 7 characters (SOC detailed XX-XXXX) == bls_matrix_code. Not a fuzzy match. Not a task-exposure label.
"    Material recording, scheduling, dispatching, and distributing workers",43-5000,Summary,2420,2368,-52,-2.1,190,49970,—,BLS Employment Projections Occupation.xlsx Table 1.2,2025-2035,thousands,true,Optional exact join: O*NET occupation_code first 7 characters (SOC detailed XX-XXXX) == bls_matrix_code. Not a fuzzy match. Not a task-exposure label.
      Cargo and freight agents,43-5011,Line item,100.3,106.4,6.2,6.2,9,52260,High school diploma or equivalent,BLS Employment Projections Occupation.xlsx Table 1.2,2025-2035,thousands,true,Optional exact join: O*NET occupation_code first 7 characters (SOC detailed XX-XXXX) == bls_matrix_code. Not a fuzzy match. Not a task-exposure label.
      Couriers and messengers,43-5021,Line item,228.9,247.1,18.2,8,23.8,39200,High school diploma or equivalent,BLS Employment Projections Occupation.xlsx Table 1.2,2025-2035,thousands,true,Optional exact join: O*NET occupation_code first 7 characters (SOC detailed XX-XXXX) == bls_matrix_code. Not a fuzzy match. Not a task-exposure label.
      Dispatchers,43-5030,Summary,309.2,311.6,2.4,0.8,25.1,51070,—,BLS Employment Projections Occupation.xlsx Table 1.2,2025-2035,thousands,true,Optional exact join: O*NET occupation_code first 7 characters (SOC detailed XX-XXXX) == bls_matrix_code. Not a fuzzy match. Not a task-exposure label.
        Public safety telecommunicators,43-5031,Line item,105.6,109.5,3.9,3.7,9,53040,High school diploma or equivalent,BLS Employment Projections Occupation.xlsx Table 1.2,2025-2035,thousands,true,Optional exact join: O*NET occupation_code first 7 characters (SOC detailed XX-XXXX) == bls_matrix_code. Not a fuzzy match. Not a task-exposure label.
"        Dispatchers, except police, fire, and ambulance",43-5032,Line item,203.5,202.1,-1.5,-0.7,16,50340,High school diploma or equivalent,BLS Employment Projections Occupation.xlsx Table 1.2,2025-2035,thousands,true,Optional exact join: O*NET occupation_code first 7 characters (SOC detailed XX-XXXX) == bls_matrix_code. Not a fuzzy match. Not a task-exposure label.
"      Meter readers, utilities",43-5041,Line item,19.7,17.6,-2.1,-10.5,1.4,48150,High school diploma or equivalent,BLS Employment Projections Occupation.xlsx Table 1.2,2025-2035,thousands,true,Optional exact join: O*NET occupation_code first 7 characters (SOC detailed XX-XXXX) == bls_matrix_code. Not a fuzzy match. Not a task-exposure label.
      Postal service workers,43-5050,Summary,488.5,482.2,-6.4,-1.3,32.2,59880,—,BLS Employment Projections Occupation.xlsx Table 1.2,2025-2035,thousands,true,Optional exact join: O*NET occupation_code first 7 characters (SOC detailed XX-XXXX) == bls_matrix_code. Not a fuzzy match. Not a task-exposure label.
        Postal service clerks,43-5051,Line item,70.9,70.7,-0.2,-0.3,5.3,62130,No formal educational credential,BLS Employment Projections Occupation.xlsx Table 1.2,2025-2035,thousands,true,Optional exact join: O*NET occupation_code first 7 characters (SOC detailed XX-XXXX) == bls_matrix_code. Not a fuzzy match. Not a task-exposure label.
        Postal service mail carriers,43-5052,Line item,316.4,315.5,-0.9,-0.3,19.6,60550,No formal educational credential,BLS Employment Projections Occupation.xlsx Table 1.2,2025-2035,thousands,true,Optional exact join: O*NET occupation_code first 7 characters (SOC detailed XX-XXXX) == bls_matrix_code. Not a fuzzy match. Not a task-exposure label.
"        Postal service mail sorters, processors, and processing machine operators",43-5053,Line item,101.2,95.9,-5.3,-5.3,7.3,58470,No formal educational credential,BLS Employment Projections Occupation.xlsx Table 1.2,2025-2035,thousands,true,Optional exact join: O*NET occupation_code first 7 characters (SOC detailed XX-XXXX) == bls_matrix_code. Not a fuzzy match. Not a task-exposure label.
"      Production, planning, and expediting clerks",43-5061,Line item,392.1,387.1,-5,-1.3,32.6,59650,High school diploma or equivalent,BLS Employment Projections Occupation.xlsx Table 1.2,2025-2035,thousands,true,Optional exact join: O*NET occupation_code first 7 characters (SOC detailed XX-XXXX) == bls_matrix_code. Not a fuzzy match. Not a task-exposure label.
"      Shipping, receiving, and inventory clerks",43-5071,Line item,827.7,765,-62.8,-7.6,61.3,45260,High school diploma or equivalent,BLS Employment Projections Occupation.xlsx Table 1.2,2025-2035,thousands,true,Optional exact join: O*NET occupation_code first 7 characters (SOC detailed XX-XXXX) == bls_matrix_code. Not a fuzzy match. Not a task-exposure label.
"      Weighers, measurers, checkers, and samplers, recordkeeping",43-5111,Line item,53.6,51,-2.6,-4.8,4.7,46380,High school diploma or equivalent,BLS Employment Projections Occupation.xlsx Table 1.2,2025-2035,thousands,true,Optional exact join: O*NET occupation_code first 7 characters (SOC detailed XX-XXXX) == bls_matrix_code. Not a fuzzy match. Not a task-exposure label.
    Secretaries and administrative assistants,43-6000,Summary,3515.6,3440.3,-75.3,-2.1,314.4,48310,—,BLS Employment Projections Occupation.xlsx Table 1.2,2025-2035,thousands,true,Optional exact join: O*NET occupation_code first 7 characters (SOC detailed XX-XXXX) == bls_matrix_code. Not a fuzzy match. Not a task-exposure label.
      Executive secretaries and executive administrative assistants,43-6011,Line item,489.3,489.2,-0.1,0,43.3,76590,High school diploma or equivalent,BLS Employment Projections Occupation.xlsx Table 1.2,2025-2035,thousands,true,Optional exact join: O*NET occupation_code first 7 characters (SOC detailed XX-XXXX) == bls_matrix_code. Not a fuzzy match. Not a task-exposure label.
      Legal secretaries and administrative assistants,43-6012,Line item,157.6,149.3,-8.3,-5.2,18.1,55570,High school diploma or equivalent,BLS Employment Projections Occupation.xlsx Table 1.2,2025-2035,thousands,true,Optional exact join: O*NET occupation_code first 7 characters (SOC detailed XX-XXXX) == bls_matrix_code. Not a fuzzy match. Not a task-exposure label.
      Medical secretaries and administrative assistants,43-6013,Line item,979,1026.1,47.1,4.8,89.2,45930,High school diploma or equivalent,BLS Employment Projections Occupation.xlsx Table 1.2,2025-2035,thousands,true,Optional exact join: O*NET occupation_code first 7 characters (SOC detailed XX-XXXX) == bls_matrix_code. Not a fuzzy match. Not a task-exposure label.
"      Secretaries and administrative assistants, except legal, medical, and executive",43-6014,Line item,1889.8,1775.7,-114.1,-6,163.9,47540,High school diploma or equivalent,BLS Employment Projections Occupation.xlsx Table 1.2,2025-2035,thousands,true,Optional exact join: O*NET occupation_code first 7 characters (SOC detailed XX-XXXX) == bls_matrix_code. Not a fuzzy match. Not a task-exposure label.
    Other office and administrative support workers,43-9000,Summary,3344.2,3110.2,-234,-7,304,45300,—,BLS Employment Projections Occupation.xlsx Table 1.2,2025-2035,thousands,true,Optional exact join: O*NET occupation_code first 7 characters (SOC detailed XX-XXXX) == bls_matrix_code. Not a fuzzy match. Not a task-exposure label.
      Data entry and information processing workers,43-9020,Summary,172.2,124.7,-47.5,-27.6,9.6,43090,—,BLS Employment Projections Occupation.xlsx Table 1.2,2025-2035,thousands,true,Optional exact join: O*NET occupation_code first 7 characters (SOC detailed XX-XXXX) == bls_matrix_code. Not a fuzzy match. Not a task-exposure label.
        Data entry keyers,43-9021,Line item,131.8,98.2,-33.6,-25.5,7.7,41340,High school diploma or equivalent,BLS Employment Projections Occupation.xlsx Table 1.2,2025-2035,thousands,true,Optional exact join: O*NET occupation_code first 7 characters (SOC detailed XX-XXXX) == bls_matrix_code. Not a fuzzy match. Not a task-exposure label.
        Word processors and typists,43-9022,Line item,40.4,26.5,-13.9,-34.4,1.9,49280,High school diploma or equivalent,BLS Employment Projections Occupation.xlsx Table 1.2,2025-2035,thousands,true,Optional exact join: O*NET occupation_code first 7 characters (SOC detailed XX-XXXX) == bls_matrix_code. Not a fuzzy match. Not a task-exposure label.
      Desktop publishers,43-9031,Line item,4.6,4,-0.7,-14.5,0.3,55290,Associate's degree,BLS Employment Projections Occupation.xlsx Table 1.2,2025-2035,thousands,true,Optional exact join: O*NET occupation_code first 7 characters (SOC detailed XX-XXXX) == bls_matrix_code. Not a fuzzy match. Not a task-exposure label.
      Insurance claims and policy processing clerks,43-9041,Line item,239.1,234.7,-4.4,-1.9,17.5,49230,High school diploma or equivalent,BLS Employment Projections Occupation.xlsx Table 1.2,2025-2035,thousands,true,Optional exact join: O*NET occupation_code first 7 characters (SOC detailed XX-XXXX) == bls_matrix_code. Not a fuzzy match. Not a task-exposure label.
"      Mail clerks and mail machine operators, except postal service",43-9051,Line item,57.8,53.6,-4.1,-7.2,4.7,39280,High school diploma or equivalent,BLS Employment Projections Occupation.xlsx Table 1.2,2025-2035,thousands,true,Optional exact join: O*NET occupation_code first 7 characters (SOC detailed XX-XXXX) == bls_matrix_code. Not a fuzzy match. Not a task-exposure label.
"      Office clerks, general",43-9061,Line item,2600,2443.7,-156.2,-6,249,45010,High school diploma or equivalent,BLS Employment Projections Occupation.xlsx Table 1.2,2025-2035,thousands,true,Optional exact join: O*NET occupation_code first 7 characters (SOC detailed XX-XXXX) == bls_matrix_code. Not a fuzzy match. Not a task-exposure label.
"      Office machine operators, except computer",43-9071,Line item,25.8,21.9,-3.8,-14.9,2.1,40960,High school diploma or equivalent,BLS Employment Projections Occupation.xlsx Table 1.2,2025-2035,thousands,true,Optional exact join: O*NET occupation_code first 7 characters (SOC detailed XX-XXXX) == bls_matrix_code. Not a fuzzy match. Not a task-exposure label.
      Proofreaders and copy markers,43-9081,Line item,8.5,8.5,-0.1,-0.9,1.1,51120,Bachelor's degree,BLS Employment Projections Occupation.xlsx Table 1.2,2025-2035,thousands,true,Optional exact join: O*NET occupation_code first 7 characters (SOC detailed XX-XXXX) == bls_matrix_code. Not a fuzzy match. Not a task-exposure label.
      Statistical assistants,43-9111,Line item,5.1,5,-0.1,-1.8,0.5,50330,Bachelor's degree,BLS Employment Projections Occupation.xlsx Table 1.2,2025-2035,thousands,true,Optional exact join: O*NET occupation_code first 7 characters (SOC detailed XX-XXXX) == bls_matrix_code. Not a fuzzy match. Not a task-exposure label.
"      Office and administrative support workers, all other",43-9199,Line item,231.1,214.1,-17,-7.3,19.1,45670,High school diploma or equivalent,BLS Employment Projections Occupation.xlsx Table 1.2,2025-2035,thousands,true,Optional exact join: O*NET occupation_code first 7 characters (SOC detailed XX-XXXX) == bls_matrix_code. Not a fuzzy match. Not a task-exposure label.
"  Farming, fishing, and forestry occupations",45-0000,Summary,1036,1020.6,-15.4,-1.5,137.5,36630,—,BLS Employment Projections Occupation.xlsx Table 1.2,2025-2035,thousands,true,Optional exact join: O*NET occupation_code first 7 characters (SOC detailed XX-XXXX) == bls_matrix_code. Not a fuzzy match. Not a task-exposure label.
"    Supervisors of farming, fishing, and forestry workers",45-1000,Summary,57.6,59.8,2.2,3.8,7.2,59320,—,BLS Employment Projections Occupation.xlsx Table 1.2,2025-2035,thousands,true,Optional exact join: O*NET occupation_code first 7 characters (SOC detailed XX-XXXX) == bls_matrix_code. Not a fuzzy match. Not a task-exposure label.
"      First-line supervisors of farming, fishing, and forestry workers",45-1011,Line item,57.6,59.8,2.2,3.8,7.2,59320,High school diploma or equivalent,BLS Employment Projections Occupation.xlsx Table 1.2,2025-2035,thousands,true,Optional exact join: O*NET occupation_code first 7 characters (SOC detailed XX-XXXX) == bls_matrix_code. Not a fuzzy match. Not a task-exposure label.
    Agricultural workers,45-2000,Summary,895.1,880.7,-14.4,-1.6,119.7,35950,—,BLS Employment Projections Occupation.xlsx Table 1.2,2025-2035,thousands,true,Optional exact join: O*NET occupation_code first 7 characters (SOC detailed XX-XXXX) == bls_matrix_code. Not a fuzzy match. Not a task-exposure label.
      Agricultural inspectors,45-2011,Line item,17.8,18.2,0.4,2.3,2.5,49940,Bachelor's degree,BLS Employment Projections Occupation.xlsx Table 1.2,2025-2035,thousands,true,Optional exact join: O*NET occupation_code first 7 characters (SOC detailed XX-XXXX) == bls_matrix_code. Not a fuzzy match. Not a task-exposure label.
      Animal breeders,45-2021,Line item,6.9,7.1,0.2,3,1,51130,High school diploma or equivalent,BLS Employment Projections Occupation.xlsx Table 1.2,2025-2035,thousands,true,Optional exact join: O*NET occupation_code first 7 characters (SOC detailed XX-XXXX) == bls_matrix_code. Not a fuzzy match. Not a task-exposure label.
"      Graders and sorters, agricultural products",45-2041,Line item,45.4,43.8,-1.5,-3.4,5.8,35730,No formal educational credential,BLS Employment Projections Occupation.xlsx Table 1.2,2025-2035,thousands,true,Optional exact join: O*NET occupation_code first 7 characters (SOC detailed XX-XXXX) == bls_matrix_code. Not a fuzzy match. Not a task-exposure label.
      Miscellaneous agricultural workers,45-2090,Summary,825,811.6,-13.5,-1.6,110.5,35870,—,BLS Employment Projections Occupation.xlsx Table 1.2,2025-2035,thousands,true,Optional exact join: O*NET occupation_code first 7 characters (SOC detailed XX-XXXX) == bls_matrix_code. Not a fuzzy match. Not a task-exposure label.
        Agricultural equipment operators,45-2091,Line item,66.9,72.6,5.7,8.6,10.1,41730,No formal educational credential,BLS Employment Projections Occupation.xlsx Table 1.2,2025-2035,thousands,true,Optional exact join: O*NET occupation_code first 7 characters (SOC detailed XX-XXXX) == bls_matrix_code. Not a fuzzy match. Not a task-exposure label.
"        Farmworkers and laborers, crop, nursery, and greenhouse",45-2092,Line item,546.8,533.6,-13.2,-2.4,72.5,35660,No formal educational credential,BLS Employment Projections Occupation.xlsx Table 1.2,2025-2035,thousands,true,Optional exact join: O*NET occupation_code first 7 characters (SOC detailed XX-XXXX) == bls_matrix_code. Not a fuzzy match. Not a task-exposure label.
"        Farmworkers, farm, ranch, and aquacultural animals",45-2093,Line item,202.1,195.7,-6.4,-3.2,26.6,36670,No formal educational credential,BLS Employment Projections Occupation.xlsx Table 1.2,2025-2035,thousands,true,Optional exact join: O*NET occupation_code first 7 characters (SOC detailed XX-XXXX) == bls_matrix_code. Not a fuzzy match. Not a task-exposure label.
"        Agricultural workers, all other",45-2099,Line item,9.3,9.7,0.4,3.8,1.3,39850,No formal educational credential,BLS Employment Projections Occupation.xlsx Table 1.2,2025-2035,thousands,true,Optional exact join: O*NET occupation_code first 7 characters (SOC detailed XX-XXXX) == bls_matrix_code. Not a fuzzy match. Not a task-exposure label.
    Fishing and hunting workers,45-3000,Summary,28.2,27,-1.2,-4.2,3.3,—,—,BLS Employment Projections Occupation.xlsx Table 1.2,2025-2035,thousands,true,Optional exact join: O*NET occupation_code first 7 characters (SOC detailed XX-XXXX) == bls_matrix_code. Not a fuzzy match. Not a task-exposure label.
      Fishing and hunting workers,45-3031,Line item,28.2,27,-1.2,-4.2,3.3,—,No formal educational credential,BLS Employment Projections Occupation.xlsx Table 1.2,2025-2035,thousands,true,Optional exact join: O*NET occupation_code first 7 characters (SOC detailed XX-XXXX) == bls_matrix_code. Not a fuzzy match. Not a task-exposure label.
"    Forest, conservation, and logging workers",45-4000,Summary,55.1,53,-2.1,-3.7,7.2,48340,—,BLS Employment Projections Occupation.xlsx Table 1.2,2025-2035,thousands,true,Optional exact join: O*NET occupation_code first 7 characters (SOC detailed XX-XXXX) == bls_matrix_code. Not a fuzzy match. Not a task-exposure label.
      Forest and conservation workers,45-4011,Line item,14.7,14.5,-0.2,-1.5,2.2,43680,High school diploma or equivalent,BLS Employment Projections Occupation.xlsx Table 1.2,2025-2035,thousands,true,Optional exact join: O*NET occupation_code first 7 characters (SOC detailed XX-XXXX) == bls_matrix_code. Not a fuzzy match. Not a task-exposure label.
      Logging workers,45-4020,Summary,40.4,38.6,-1.8,-4.5,5,49660,—,BLS Employment Projections Occupation.xlsx Table 1.2,2025-2035,thousands,true,Optional exact join: O*NET occupation_code first 7 characters (SOC detailed XX-XXXX) == bls_matrix_code. Not a fuzzy match. Not a task-exposure label.
        Fallers,45-4021,Line item,4.3,3.9,-0.4,-9.9,0.5,52100,High school diploma or equivalent,BLS Employment Projections Occupation.xlsx Table 1.2,2025-2035,thousands,true,Optional exact join: O*NET occupation_code first 7 characters (SOC detailed XX-XXXX) == bls_matrix_code. Not a fuzzy match. Not a task-exposure label.
        Logging equipment operators,45-4022,Line item,29.3,28.2,-1.1,-3.8,3.7,49740,High school diploma or equivalent,BLS Employment Projections Occupation.xlsx Table 1.2,2025-2035,thousands,true,Optional exact join: O*NET occupation_code first 7 characters (SOC detailed XX-XXXX) == bls_matrix_code. Not a fuzzy match. Not a task-exposure label.
        Log graders and scalers,45-4023,Line item,4.4,4.3,-0.1,-2.2,0.6,46330,High school diploma or equivalent,BLS Employment Projections Occupation.xlsx Table 1.2,2025-2035,thousands,true,Optional exact join: O*NET occupation_code first 7 characters (SOC detailed XX-XXXX) == bls_matrix_code. Not a fuzzy match. Not a task-exposure label.
"        Logging workers, all other",45-4029,Line item,2.4,2.2,-0.2,-7.6,0.3,50840,High school diploma or equivalent,BLS Employment Projections Occupation.xlsx Table 1.2,2025-2035,thousands,true,Optional exact join: O*NET occupation_code first 7 characters (SOC detailed XX-XXXX) == bls_matrix_code. Not a fuzzy match. Not a task-exposure label.
  Construction and extraction occupations,47-0000,Summary,7492.9,7878.5,385.7,5.1,587,59540,—,BLS Employment Projections Occupation.xlsx Table 1.2,2025-2035,thousands,true,Optional exact join: O*NET occupation_code first 7 characters (SOC detailed XX-XXXX) == bls_matrix_code. Not a fuzzy match. Not a task-exposure label.
    Supervisors of construction and extraction workers,47-1000,Summary,913.3,959.4,46.1,5,67,79920,—,BLS Employment Projections Occupation.xlsx Table 1.2,2025-2035,thousands,true,Optional exact join: O*NET occupation_code first 7 characters (SOC detailed XX-XXXX) == bls_matrix_code. Not a fuzzy match. Not a task-exposure label.
      First-line supervisors of construction trades and extraction workers,47-1011,Line item,913.3,959.4,46.1,5,67,79920,High school diploma or equivalent,BLS Employment Projections Occupation.xlsx Table 1.2,2025-2035,thousands,true,Optional exact join: O*NET occupation_code first 7 characters (SOC detailed XX-XXXX) == bls_matrix_code. Not a fuzzy match. Not a task-exposure label.
    Construction trades workers,47-2000,Summary,5678.1,6002.1,323.9,5.7,443.2,58150,—,BLS Employment Projections Occupation.xlsx Table 1.2,2025-2035,thousands,true,Optional exact join: O*NET occupation_code first 7 characters (SOC detailed XX-XXXX) == bls_matrix_code. Not a fuzzy match. Not a task-exposure label.
      Boilermakers,47-2011,Line item,10.2,10.1,-0.2,-1.8,0.7,76410,High school diploma or equivalent,BLS Employment Projections Occupation.xlsx Table 1.2,2025-2035,thousands,true,Optional exact join: O*NET occupation_code first 7 characters (SOC detailed XX-XXXX) == bls_matrix_code. Not a fuzzy match. Not a task-exposure label.
"      Brickmasons, blockmasons, and stonemasons",47-2020,Summary,71.8,72,0.2,0.2,4.7,61480,—,BLS Employment Projections Occupation.xlsx Table 1.2,2025-2035,thousands,true,Optional exact join: O*NET occupation_code first 7 characters (SOC detailed XX-XXXX) == bls_matrix_code. Not a fuzzy match. Not a task-exposure label.
        Brickmasons and blockmasons,47-2021,Line item,62.4,63.1,0.7,1.1,4.1,62120,High school diploma or equivalent,BLS Employment Projections Occupation.xlsx Table 1.2,2025-2035,thousands,true,Optional exact join: O*NET occupation_code first 7 characters (SOC detailed XX-XXXX) == bls_matrix_code. Not a fuzzy match. Not a task-exposure label.
        Stonemasons,47-2022,Line item,9.3,8.8,-0.5,-5.4,0.5,57390,High school diploma or equivalent,BLS Employment Projections Occupation.xlsx Table 1.2,2025-2035,thousands,true,Optional exact join: O*NET occupation_code first 7 characters (SOC detailed XX-XXXX) == bls_matrix_code. Not a fuzzy match. Not a task-exposure label.
      Carpenters,47-2031,Line item,889.7,924.7,35,3.9,62.8,60580,High school diploma or equivalent,BLS Employment Projections Occupation.xlsx Table 1.2,2025-2035,thousands,true,Optional exact join: O*NET occupation_code first 7 characters (SOC detailed XX-XXXX) == bls_matrix_code. Not a fuzzy match. Not a task-exposure label.
"      Carpet, floor, and tile installers and finishers",47-2040,Summary,97,101.3,4.3,4.4,6.4,54390,—,BLS Employment Projections Occupation.xlsx Table 1.2,2025-2035,thousands,true,Optional exact join: O*NET occupation_code first 7 characters (SOC detailed XX-XXXX) == bls_matrix_code. Not a fuzzy match. Not a task-exposure label.
        Carpet installers,47-2041,Line item,17.4,14.5,-2.8,-16.4,0.7,50340,No formal educational credential,BLS Employment Projections Occupation.xlsx Table 1.2,2025-2035,thousands,true,Optional exact join: O*NET occupation_code first 7 characters (SOC detailed XX-XXXX) == bls_matrix_code. Not a fuzzy match. Not a task-exposure label.
"        Floor layers, except carpet, wood, and hard tiles",47-2042,Line item,29.8,32.4,2.7,9,2.2,56460,No formal educational credential,BLS Employment Projections Occupation.xlsx Table 1.2,2025-2035,thousands,true,Optional exact join: O*NET occupation_code first 7 characters (SOC detailed XX-XXXX) == bls_matrix_code. Not a fuzzy match. Not a task-exposure label.
        Floor sanders and finishers,47-2043,Line item,4.7,4.7,0.1,1.4,0.3,50440,No formal educational credential,BLS Employment Projections Occupation.xlsx Table 1.2,2025-2035,thousands,true,Optional exact join: O*NET occupation_code first 7 characters (SOC detailed XX-XXXX) == bls_matrix_code. Not a fuzzy match. Not a task-exposure label.
        Tile and stone setters,47-2044,Line item,45.2,49.6,4.4,9.8,3.3,55690,No formal educational credential,BLS Employment Projections Occupation.xlsx Table 1.2,2025-2035,thousands,true,Optional exact join: O*NET occupation_code first 7 characters (SOC detailed XX-XXXX) == bls_matrix_code. Not a fuzzy match. Not a task-exposure label.
"      Cement masons, concrete finishers, and terrazzo workers",47-2050,Summary,206,209.1,3.2,1.5,13.7,57060,—,BLS Employment Projections Occupation.xlsx Table 1.2,2025-2035,thousands,true,Optional exact join: O*NET occupation_code first 7 characters (SOC detailed XX-XXXX) == bls_matrix_code. Not a fuzzy match. Not a task-exposure label.
        Cement masons and concrete finishers,47-2051,Line item,204.8,208.1,3.3,1.6,13.6,57020,No formal educational credential,BLS Employment Projections Occupation.xlsx Table 1.2,2025-2035,thousands,true,Optional exact join: O*NET occupation_code first 7 characters (SOC detailed XX-XXXX) == bls_matrix_code. Not a fuzzy match. Not a task-exposure label.
        Terrazzo workers and finishers,47-2053,Line item,1.2,1,-0.2,-13,0.1,76170,High school diploma or equivalent,BLS Employment Projections Occupation.xlsx Table 1.2,2025-2035,thousands,true,Optional exact join: O*NET occupation_code first 7 characters (SOC detailed XX-XXXX) == bls_matrix_code. Not a fuzzy match. Not a task-exposure label.
      Construction laborers,47-2061,Line item,1489.3,1598.6,109.3,7.3,120,47120,No formal educational credential,BLS Employment Projections Occupation.xlsx Table 1.2,2025-2035,thousands,true,Optional exact join: O*NET occupation_code first 7 characters (SOC detailed XX-XXXX) == bls_matrix_code. Not a fuzzy match. Not a task-exposure label.
      Construction equipment operators,47-2070,Summary,534.1,555.9,21.8,4.1,42.5,59600,—,BLS Employment Projections Occupation.xlsx Table 1.2,2025-2035,thousands,true,Optional exact join: O*NET occupation_code first 7 characters (SOC detailed XX-XXXX) == bls_matrix_code. Not a fuzzy match. Not a task-exposure label.
"        Paving, surfacing, and tamping equipment operators",47-2071,Line item,42.3,41.9,-0.4,-0.9,3.1,53340,High school diploma or equivalent,BLS Employment Projections Occupation.xlsx Table 1.2,2025-2035,thousands,true,Optional exact join: O*NET occupation_code first 7 characters (SOC detailed XX-XXXX) == bls_matrix_code. Not a fuzzy match. Not a task-exposure label.
        Pile driver operators,47-2072,Line item,2.3,2.2,-0.1,-5.7,0.2,73300,High school diploma or equivalent,BLS Employment Projections Occupation.xlsx Table 1.2,2025-2035,thousands,true,Optional exact join: O*NET occupation_code first 7 characters (SOC detailed XX-XXXX) == bls_matrix_code. Not a fuzzy match. Not a task-exposure label.
        Operating engineers and other construction equipment operators,47-2073,Line item,489.5,511.8,22.3,4.6,39.2,59850,High school diploma or equivalent,BLS Employment Projections Occupation.xlsx Table 1.2,2025-2035,thousands,true,Optional exact join: O*NET occupation_code first 7 characters (SOC detailed XX-XXXX) == bls_matrix_code. Not a fuzzy match. Not a task-exposure label.
"      Drywall installers, ceiling tile installers, and tapers",47-2080,Summary,118,120.3,2.3,1.9,7.6,59780,—,BLS Employment Projections Occupation.xlsx Table 1.2,2025-2035,thousands,true,Optional exact join: O*NET occupation_code first 7 characters (SOC detailed XX-XXXX) == bls_matrix_code. Not a fuzzy match. Not a task-exposure label.
        Drywall and ceiling tile installers,47-2081,Line item,102.2,104.7,2.5,2.5,6.6,58930,No formal educational credential,BLS Employment Projections Occupation.xlsx Table 1.2,2025-2035,thousands,true,Optional exact join: O*NET occupation_code first 7 characters (SOC detailed XX-XXXX) == bls_matrix_code. Not a fuzzy match. Not a task-exposure label.
        Tapers,47-2082,Line item,15.8,15.5,-0.3,-1.6,0.9,68270,No formal educational credential,BLS Employment Projections Occupation.xlsx Table 1.2,2025-2035,thousands,true,Optional exact join: O*NET occupation_code first 7 characters (SOC detailed XX-XXXX) == bls_matrix_code. Not a fuzzy match. Not a task-exposure label.
      Electricians,47-2111,Line item,821,896.9,75.9,9.2,72.7,63190,High school diploma or equivalent,BLS Employment Projections Occupation.xlsx Table 1.2,2025-2035,thousands,true,Optional exact join: O*NET occupation_code first 7 characters (SOC detailed XX-XXXX) == bls_matrix_code. Not a fuzzy match. Not a task-exposure label.
      Glaziers,47-2121,Line item,59.2,60.3,1.1,1.9,3.9,57080,High school diploma or equivalent,BLS Employment Projections Occupation.xlsx Table 1.2,2025-2035,thousands,true,Optional exact join: O*NET occupation_code first 7 characters (SOC detailed XX-XXXX) == bls_matrix_code. Not a fuzzy match. Not a task-exposure label.
      Insulation workers,47-2130,Summary,71.9,74.3,2.5,3.4,4.8,51330,—,BLS Employment Projections Occupation.xlsx Table 1.2,2025-2035,thousands,true,Optional exact join: O*NET occupation_code first 7 characters (SOC detailed XX-XXXX) == bls_matrix_code. Not a fuzzy match. Not a task-exposure label.
"        Insulation workers, floor, ceiling, and wall",47-2131,Line item,45.1,46.2,1.1,2.4,3,49120,No formal educational credential,BLS Employment Projections Occupation.xlsx Table 1.2,2025-2035,thousands,true,Optional exact join: O*NET occupation_code first 7 characters (SOC detailed XX-XXXX) == bls_matrix_code. Not a fuzzy match. Not a task-exposure label.
"        Insulation workers, mechanical",47-2132,Line item,26.7,28.1,1.4,5.1,1.8,58340,High school diploma or equivalent,BLS Employment Projections Occupation.xlsx Table 1.2,2025-2035,thousands,true,Optional exact join: O*NET occupation_code first 7 characters (SOC detailed XX-XXXX) == bls_matrix_code. Not a fuzzy match. Not a task-exposure label.
      Painters and paperhangers,47-2140,Summary,329.2,339.1,9.9,3,25.1,49420,—,BLS Employment Projections Occupation.xlsx Table 1.2,2025-2035,thousands,true,Optional exact join: O*NET occupation_code first 7 characters (SOC detailed XX-XXXX) == bls_matrix_code. Not a fuzzy match. Not a task-exposure label.
"        Painters, construction and maintenance",47-2141,Line item,326.9,336.7,9.8,3,24.9,49400,No formal educational credential,BLS Employment Projections Occupation.xlsx Table 1.2,2025-2035,thousands,true,Optional exact join: O*NET occupation_code first 7 characters (SOC detailed XX-XXXX) == bls_matrix_code. Not a fuzzy match. Not a task-exposure label.
        Paperhangers,47-2142,Line item,2.3,2.4,0.1,4.3,0.2,52140,No formal educational credential,BLS Employment Projections Occupation.xlsx Table 1.2,2025-2035,thousands,true,Optional exact join: O*NET occupation_code first 7 characters (SOC detailed XX-XXXX) == bls_matrix_code. Not a fuzzy match. Not a task-exposure label.
"      Pipelayers, plumbers, pipefitters, and steamfitters",47-2150,Summary,543.9,577.4,33.5,6.2,44,63010,—,BLS Employment Projections Occupation.xlsx Table 1.2,2025-2035,thousands,true,Optional exact join: O*NET occupation_code first 7 characters (SOC detailed XX-XXXX) == bls_matrix_code. Not a fuzzy match. Not a task-exposure label.
        Pipelayers,47-2151,Line item,33.2,32.2,-1,-3.1,2.1,49000,No formal educational credential,BLS Employment Projections Occupation.xlsx Table 1.2,2025-2035,thousands,true,Optional exact join: O*NET occupation_code first 7 characters (SOC detailed XX-XXXX) == bls_matrix_code. Not a fuzzy match. Not a task-exposure label.
"        Plumbers, pipefitters, and steamfitters",47-2152,Line item,510.6,545.2,34.5,6.8,42,63800,High school diploma or equivalent,BLS Employment Projections Occupation.xlsx Table 1.2,2025-2035,thousands,true,Optional exact join: O*NET occupation_code first 7 characters (SOC detailed XX-XXXX) == bls_matrix_code. Not a fuzzy match. Not a task-exposure label.
      Plasterers and stucco masons,47-2161,Line item,22.9,23.6,0.6,2.8,1.5,57660,No formal educational credential,BLS Employment Projections Occupation.xlsx Table 1.2,2025-2035,thousands,true,Optional exact join: O*NET occupation_code first 7 characters (SOC detailed XX-XXXX) == bls_matrix_code. Not a fuzzy match. Not a task-exposure label.
      Reinforcing iron and rebar workers,47-2171,Line item,16.6,15.7,-0.9,-5.3,1,58970,High school diploma or equivalent,BLS Employment Projections Occupation.xlsx Table 1.2,2025-2035,thousands,true,Optional exact join: O*NET occupation_code first 7 characters (SOC detailed XX-XXXX) == bls_matrix_code. Not a fuzzy match. Not a task-exposure label.
      Roofers,47-2181,Line item,166.9,175.6,8.8,5.3,12,55440,No formal educational credential,BLS Employment Projections Occupation.xlsx Table 1.2,2025-2035,thousands,true,Optional exact join: O*NET occupation_code first 7 characters (SOC detailed XX-XXXX) == bls_matrix_code. Not a fuzzy match. Not a task-exposure label.
      Sheet metal workers,47-2211,Line item,131.1,134.4,3.3,2.5,9.8,61800,High school diploma or equivalent,BLS Employment Projections Occupation.xlsx Table 1.2,2025-2035,thousands,true,Optional exact join: O*NET occupation_code first 7 characters (SOC detailed XX-XXXX) == bls_matrix_code. Not a fuzzy match. Not a task-exposure label.
      Structural iron and steel workers,47-2221,Line item,68.3,70.4,2.1,3.1,5.9,62780,High school diploma or equivalent,BLS Employment Projections Occupation.xlsx Table 1.2,2025-2035,thousands,true,Optional exact join: O*NET occupation_code first 7 characters (SOC detailed XX-XXXX) == bls_matrix_code. Not a fuzzy match. Not a task-exposure label.
      Solar photovoltaic installers,47-2231,Line item,31.1,42.4,11.3,36.5,4.2,53140,High school diploma or equivalent,BLS Employment Projections Occupation.xlsx Table 1.2,2025-2035,thousands,true,Optional exact join: O*NET occupation_code first 7 characters (SOC detailed XX-XXXX) == bls_matrix_code. Not a fuzzy match. Not a task-exposure label.
"    Helpers, construction trades",47-3000,Summary,185.1,184.4,-0.7,-0.4,17,43260,—,BLS Employment Projections Occupation.xlsx Table 1.2,2025-2035,thousands,true,Optional exact join: O*NET occupation_code first 7 characters (SOC detailed XX-XXXX) == bls_matrix_code. Not a fuzzy match. Not a task-exposure label.
"      Helpers--brickmasons, blockmasons, stonemasons, and tile and marble setters",47-3011,Line item,14.1,12.5,-1.7,-11.7,1.1,47550,No formal educational credential,BLS Employment Projections Occupation.xlsx Table 1.2,2025-2035,thousands,true,Optional exact join: O*NET occupation_code first 7 characters (SOC detailed XX-XXXX) == bls_matrix_code. Not a fuzzy match. Not a task-exposure label.
      Helpers--carpenters,47-3012,Line item,21.9,21.5,-0.4,-1.7,2,43780,No formal educational credential,BLS Employment Projections Occupation.xlsx Table 1.2,2025-2035,thousands,true,Optional exact join: O*NET occupation_code first 7 characters (SOC detailed XX-XXXX) == bls_matrix_code. Not a fuzzy match. Not a task-exposure label.
      Helpers--electricians,47-3013,Line item,65,65.4,0.4,0.6,6.1,42670,High school diploma or equivalent,BLS Employment Projections Occupation.xlsx Table 1.2,2025-2035,thousands,true,Optional exact join: O*NET occupation_code first 7 characters (SOC detailed XX-XXXX) == bls_matrix_code. Not a fuzzy match. Not a task-exposure label.
"      Helpers--painters, paperhangers, plasterers, and stucco masons",47-3014,Line item,7.6,7.7,0.1,1.5,0.7,40470,No formal educational credential,BLS Employment Projections Occupation.xlsx Table 1.2,2025-2035,thousands,true,Optional exact join: O*NET occupation_code first 7 characters (SOC detailed XX-XXXX) == bls_matrix_code. Not a fuzzy match. Not a task-exposure label.
"      Helpers--pipelayers, plumbers, pipefitters, and steamfitters",47-3015,Line item,45.3,46.4,1.1,2.4,4.4,42360,High school diploma or equivalent,BLS Employment Projections Occupation.xlsx Table 1.2,2025-2035,thousands,true,Optional exact join: O*NET occupation_code first 7 characters (SOC detailed XX-XXXX) == bls_matrix_code. Not a fuzzy match. Not a task-exposure label.
      Helpers--roofers,47-3016,Line item,6.1,6.1,0,-0.1,0.6,44160,No formal educational credential,BLS Employment Projections Occupation.xlsx Table 1.2,2025-2035,thousands,true,Optional exact join: O*NET occupation_code first 7 characters (SOC detailed XX-XXXX) == bls_matrix_code. Not a fuzzy match. Not a task-exposure label.
"      Helpers, construction trades, all other",47-3019,Line item,25.2,24.9,-0.3,-1,2.3,42670,No formal educational credential,BLS Employment Projections Occupation.xlsx Table 1.2,2025-2035,thousands,true,Optional exact join: O*NET occupation_code first 7 characters (SOC detailed XX-XXXX) == bls_matrix_code. Not a fuzzy match. Not a task-exposure label.
    Other construction and related workers,47-4000,Summary,502.6,515.9,13.3,2.6,41.8,58450,—,BLS Employment Projections Occupation.xlsx Table 1.2,2025-2035,thousands,true,Optional exact join: O*NET occupation_code first 7 characters (SOC detailed XX-XXXX) == bls_matrix_code. Not a fuzzy match. Not a task-exposure label.
      Construction and building inspectors,47-4011,Line item,153.9,153.9,0,0,14.8,74690,High school diploma or equivalent,BLS Employment Projections Occupation.xlsx Table 1.2,2025-2035,thousands,true,Optional exact join: O*NET occupation_code first 7 characters (SOC detailed XX-XXXX) == bls_matrix_code. Not a fuzzy match. Not a task-exposure label.
      Elevator and escalator installers and repairers,47-4021,Line item,24.7,26.1,1.4,5.7,1.9,109910,High school diploma or equivalent,BLS Employment Projections Occupation.xlsx Table 1.2,2025-2035,thousands,true,Optional exact join: O*NET occupation_code first 7 characters (SOC detailed XX-XXXX) == bls_matrix_code. Not a fuzzy match. Not a task-exposure label.
      Fence erectors,47-4031,Line item,30.6,32.3,1.7,5.6,2.5,47980,No formal educational credential,BLS Employment Projections Occupation.xlsx Table 1.2,2025-2035,thousands,true,Optional exact join: O*NET occupation_code first 7 characters (SOC detailed XX-XXXX) == bls_matrix_code. Not a fuzzy match. Not a task-exposure label.
      Hazardous materials removal workers,47-4041,Line item,52.7,53.5,0.8,1.5,4.3,49450,High school diploma or equivalent,BLS Employment Projections Occupation.xlsx Table 1.2,2025-2035,thousands,true,Optional exact join: O*NET occupation_code first 7 characters (SOC detailed XX-XXXX) == bls_matrix_code. Not a fuzzy match. Not a task-exposure label.
      Highway maintenance workers,47-4051,Line item,161.8,167.3,5.5,3.4,11.8,50260,High school diploma or equivalent,BLS Employment Projections Occupation.xlsx Table 1.2,2025-2035,thousands,true,Optional exact join: O*NET occupation_code first 7 characters (SOC detailed XX-XXXX) == bls_matrix_code. Not a fuzzy match. Not a task-exposure label.
      Rail-track laying and maintenance equipment operators,47-4061,Line item,17.4,17.7,0.3,1.5,1.2,70070,High school diploma or equivalent,BLS Employment Projections Occupation.xlsx Table 1.2,2025-2035,thousands,true,Optional exact join: O*NET occupation_code first 7 characters (SOC detailed XX-XXXX) == bls_matrix_code. Not a fuzzy match. Not a task-exposure label.
      Septic tank servicers and sewer pipe cleaners,47-4071,Line item,31.9,34.4,2.5,7.8,2.8,49880,High school diploma or equivalent,BLS Employment Projections Occupation.xlsx Table 1.2,2025-2035,thousands,true,Optional exact join: O*NET occupation_code first 7 characters (SOC detailed XX-XXXX) == bls_matrix_code. Not a fuzzy match. Not a task-exposure label.
      Miscellaneous construction and related workers,47-4090,Line item,29.5,30.6,1.1,3.9,2.4,49910,High school diploma or equivalent,BLS Employment Projections Occupation.xlsx Table 1.2,2025-2035,thousands,true,Optional exact join: O*NET occupation_code first 7 characters (SOC detailed XX-XXXX) == bls_matrix_code. Not a fuzzy match. Not a task-exposure label.
    Extraction workers,47-5000,Summary,213.8,216.9,3.1,1.4,18,57320,—,BLS Employment Projections Occupation.xlsx Table 1.2,2025-2035,thousands,true,Optional exact join: O*NET occupation_code first 7 characters (SOC detailed XX-XXXX) == bls_matrix_code. Not a fuzzy match. Not a task-exposure label.
"      Derrick, rotary drill, and service unit operators, oil and gas",47-5010,Summary,67.3,68,0.8,1.1,5.8,59730,—,BLS Employment Projections Occupation.xlsx Table 1.2,2025-2035,thousands,true,Optional exact join: O*NET occupation_code first 7 characters (SOC detailed XX-XXXX) == bls_matrix_code. Not a fuzzy match. Not a task-exposure label.
"        Derrick operators, oil and gas",47-5011,Line item,10.7,10.9,0.2,1.6,0.9,58620,No formal educational credential,BLS Employment Projections Occupation.xlsx Table 1.2,2025-2035,thousands,true,Optional exact join: O*NET occupation_code first 7 characters (SOC detailed XX-XXXX) == bls_matrix_code. Not a fuzzy match. Not a task-exposure label.
"        Rotary drill operators, oil and gas",47-5012,Line item,12.7,12.9,0.1,0.8,1.1,67890,No formal educational credential,BLS Employment Projections Occupation.xlsx Table 1.2,2025-2035,thousands,true,Optional exact join: O*NET occupation_code first 7 characters (SOC detailed XX-XXXX) == bls_matrix_code. Not a fuzzy match. Not a task-exposure label.
"        Service unit operators, oil and gas",47-5013,Line item,43.8,44.3,0.5,1.1,3.8,58160,No formal educational credential,BLS Employment Projections Occupation.xlsx Table 1.2,2025-2035,thousands,true,Optional exact join: O*NET occupation_code first 7 characters (SOC detailed XX-XXXX) == bls_matrix_code. Not a fuzzy match. Not a task-exposure label.
      Surface mining machine operators and earth drillers,47-5020,Summary,54.1,55.2,1.1,2,3.8,58280,—,BLS Employment Projections Occupation.xlsx Table 1.2,2025-2035,thousands,true,Optional exact join: O*NET occupation_code first 7 characters (SOC detailed XX-XXXX) == bls_matrix_code. Not a fuzzy match. Not a task-exposure label.
"        Excavating and loading machine and dragline operators, surface mining",47-5022,Line item,34.7,35,0.4,1,2.4,57430,High school diploma or equivalent,BLS Employment Projections Occupation.xlsx Table 1.2,2025-2035,thousands,true,Optional exact join: O*NET occupation_code first 7 characters (SOC detailed XX-XXXX) == bls_matrix_code. Not a fuzzy match. Not a task-exposure label.
"        Earth drillers, except oil and gas",47-5023,Line item,19.5,20.2,0.7,3.6,1.4,60190,High school diploma or equivalent,BLS Employment Projections Occupation.xlsx Table 1.2,2025-2035,thousands,true,Optional exact join: O*NET occupation_code first 7 characters (SOC detailed XX-XXXX) == bls_matrix_code. Not a fuzzy match. Not a task-exposure label.
"      Explosives workers, ordnance handling experts, and blasters",47-5032,Line item,5.2,5.2,0,0,0.4,61390,High school diploma or equivalent,BLS Employment Projections Occupation.xlsx Table 1.2,2025-2035,thousands,true,Optional exact join: O*NET occupation_code first 7 characters (SOC detailed XX-XXXX) == bls_matrix_code. Not a fuzzy match. Not a task-exposure label.
      Underground mining machine operators,47-5040,Summary,25.3,24.3,-0.9,-3.7,2.3,66670,—,BLS Employment Projections Occupation.xlsx Table 1.2,2025-2035,thousands,true,Optional exact join: O*NET occupation_code first 7 characters (SOC detailed XX-XXXX) == bls_matrix_code. Not a fuzzy match. Not a task-exposure label.
        Continuous mining machine operators,47-5041,Line item,14,14.4,0.4,3.2,1.4,61810,No formal educational credential,BLS Employment Projections Occupation.xlsx Table 1.2,2025-2035,thousands,true,Optional exact join: O*NET occupation_code first 7 characters (SOC detailed XX-XXXX) == bls_matrix_code. Not a fuzzy match. Not a task-exposure label.
"        Roof bolters, mining",47-5043,Line item,2.2,1.8,-0.4,-18.9,0.1,78540,High school diploma or equivalent,BLS Employment Projections Occupation.xlsx Table 1.2,2025-2035,thousands,true,Optional exact join: O*NET occupation_code first 7 characters (SOC detailed XX-XXXX) == bls_matrix_code. Not a fuzzy match. Not a task-exposure label.
"        Loading and moving machine operators, underground mining",47-5044,Line item,5.9,5,-0.9,-15.8,0.4,74500,No formal educational credential,BLS Employment Projections Occupation.xlsx Table 1.2,2025-2035,thousands,true,Optional exact join: O*NET occupation_code first 7 characters (SOC detailed XX-XXXX) == bls_matrix_code. Not a fuzzy match. Not a task-exposure label.
"        Underground mining machine operators, all other",47-5049,Line item,3.2,3.1,0,-1,0.3,70130,No formal educational credential,BLS Employment Projections Occupation.xlsx Table 1.2,2025-2035,thousands,true,Optional exact join: O*NET occupation_code first 7 characters (SOC detailed XX-XXXX) == bls_matrix_code. Not a fuzzy match. Not a task-exposure label.
"      Rock splitters, quarry",47-5051,Line item,3.5,3.7,0.2,5.8,0.4,48740,No formal educational credential,BLS Employment Projections Occupation.xlsx Table 1.2,2025-2035,thousands,true,Optional exact join: O*NET occupation_code first 7 characters (SOC detailed XX-XXXX) == bls_matrix_code. Not a fuzzy match. Not a task-exposure label.
"      Roustabouts, oil and gas",47-5071,Line item,45.5,47.1,1.7,3.6,4.1,46960,No formal educational credential,BLS Employment Projections Occupation.xlsx Table 1.2,2025-2035,thousands,true,Optional exact join: O*NET occupation_code first 7 characters (SOC detailed XX-XXXX) == bls_matrix_code. Not a fuzzy match. Not a task-exposure label.
      Helpers--extraction workers,47-5081,Line item,7.1,7.2,0.1,1.7,0.7,47730,High school diploma or equivalent,BLS Employment Projections Occupation.xlsx Table 1.2,2025-2035,thousands,true,Optional exact join: O*NET occupation_code first 7 characters (SOC detailed XX-XXXX) == bls_matrix_code. Not a fuzzy match. Not a task-exposure label.
"      Extraction workers, all other",47-5099,Line item,5.9,6.1,0.2,3.4,0.6,57010,High school diploma or equivalent,BLS Employment Projections Occupation.xlsx Table 1.2,2025-2035,thousands,true,Optional exact join: O*NET occupation_code first 7 characters (SOC detailed XX-XXXX) == bls_matrix_code. Not a fuzzy match. Not a task-exposure label.
"  Installation, maintenance, and repair occupations",49-0000,Summary,6494.4,6847.1,352.7,5.4,569,59620,—,BLS Employment Projections Occupation.xlsx Table 1.2,2025-2035,thousands,true,Optional exact join: O*NET occupation_code first 7 characters (SOC detailed XX-XXXX) == bls_matrix_code. Not a fuzzy match. Not a task-exposure label.
"    Supervisors of installation, maintenance, and repair workers",49-1000,Summary,629,654.5,25.5,4.1,48.9,79860,—,BLS Employment Projections Occupation.xlsx Table 1.2,2025-2035,thousands,true,Optional exact join: O*NET occupation_code first 7 characters (SOC detailed XX-XXXX) == bls_matrix_code. Not a fuzzy match. Not a task-exposure label.
"      First-line supervisors of mechanics, installers, and repairers",49-1011,Line item,629,654.5,25.5,4.1,48.9,79860,High school diploma or equivalent,BLS Employment Projections Occupation.xlsx Table 1.2,2025-2035,thousands,true,Optional exact join: O*NET occupation_code first 7 characters (SOC detailed XX-XXXX) == bls_matrix_code. Not a fuzzy match. Not a task-exposure label.
"    Electrical and electronic equipment mechanics, installers, and repairers",49-2000,Summary,472.6,476.7,4.1,0.9,39.7,62010,—,BLS Employment Projections Occupation.xlsx Table 1.2,2025-2035,thousands,true,Optional exact join: O*NET occupation_code first 7 characters (SOC detailed XX-XXXX) == bls_matrix_code. Not a fuzzy match. Not a task-exposure label.
"      Computer, automated teller, and office machine repairers",49-2011,Line item,72.1,69.9,-2.1,-3,6.1,47810,"Some college, no degree",BLS Employment Projections Occupation.xlsx Table 1.2,2025-2035,thousands,true,Optional exact join: O*NET occupation_code first 7 characters (SOC detailed XX-XXXX) == bls_matrix_code. Not a fuzzy match. Not a task-exposure label.
      Radio and telecommunications equipment installers and repairers,49-2020,Summary,154.4,149.8,-4.6,-3,12.3,63860,—,BLS Employment Projections Occupation.xlsx Table 1.2,2025-2035,thousands,true,Optional exact join: O*NET occupation_code first 7 characters (SOC detailed XX-XXXX) == bls_matrix_code. Not a fuzzy match. Not a task-exposure label.
"        Radio, cellular, and tower equipment installers and repairers",49-2021,Line item,11.3,11.4,0.1,1.2,1,63520,Associate's degree,BLS Employment Projections Occupation.xlsx Table 1.2,2025-2035,thousands,true,Optional exact join: O*NET occupation_code first 7 characters (SOC detailed XX-XXXX) == bls_matrix_code. Not a fuzzy match. Not a task-exposure label.
"        Telecommunications equipment installers and repairers, except line installers",49-2022,Line item,143.1,138.4,-4.7,-3.3,11.3,63890,Postsecondary nondegree award,BLS Employment Projections Occupation.xlsx Table 1.2,2025-2035,thousands,true,Optional exact join: O*NET occupation_code first 7 characters (SOC detailed XX-XXXX) == bls_matrix_code. Not a fuzzy match. Not a task-exposure label.
"      Miscellaneous electrical and electronic equipment mechanics, installers, and repairers",49-2090,Summary,246.1,257,10.8,4.4,21.3,64070,—,BLS Employment Projections Occupation.xlsx Table 1.2,2025-2035,thousands,true,Optional exact join: O*NET occupation_code first 7 characters (SOC detailed XX-XXXX) == bls_matrix_code. Not a fuzzy match. Not a task-exposure label.
        Avionics technicians,49-2091,Line item,19.8,21.6,1.9,9.4,1.7,82280,Postsecondary nondegree award,BLS Employment Projections Occupation.xlsx Table 1.2,2025-2035,thousands,true,Optional exact join: O*NET occupation_code first 7 characters (SOC detailed XX-XXXX) == bls_matrix_code. Not a fuzzy match. Not a task-exposure label.
"        Electric motor, power tool, and related repairers",49-2092,Line item,16.1,16.8,0.7,4.4,1.4,56210,High school diploma or equivalent,BLS Employment Projections Occupation.xlsx Table 1.2,2025-2035,thousands,true,Optional exact join: O*NET occupation_code first 7 characters (SOC detailed XX-XXXX) == bls_matrix_code. Not a fuzzy match. Not a task-exposure label.
"        Electrical and electronics installers and repairers, transportation equipment",49-2093,Line item,6.6,6.9,0.4,5.4,0.5,84890,Postsecondary nondegree award,BLS Employment Projections Occupation.xlsx Table 1.2,2025-2035,thousands,true,Optional exact join: O*NET occupation_code first 7 characters (SOC detailed XX-XXXX) == bls_matrix_code. Not a fuzzy match. Not a task-exposure label.
"        Electrical and electronics repairers, commercial and industrial equipment",49-2094,Line item,65.5,65.7,0.2,0.3,4.7,74090,Postsecondary nondegree award,BLS Employment Projections Occupation.xlsx Table 1.2,2025-2035,thousands,true,Optional exact join: O*NET occupation_code first 7 characters (SOC detailed XX-XXXX) == bls_matrix_code. Not a fuzzy match. Not a task-exposure label.
"        Electrical and electronics repairers, powerhouse, substation, and relay",49-2095,Line item,20.9,22.9,2,9.7,1.8,103020,Postsecondary nondegree award,BLS Employment Projections Occupation.xlsx Table 1.2,2025-2035,thousands,true,Optional exact join: O*NET occupation_code first 7 characters (SOC detailed XX-XXXX) == bls_matrix_code. Not a fuzzy match. Not a task-exposure label.
"        Electronic equipment installers and repairers, motor vehicles",49-2096,Line item,8.6,7.4,-1.3,-14.5,0.4,48420,High school diploma or equivalent,BLS Employment Projections Occupation.xlsx Table 1.2,2025-2035,thousands,true,Optional exact join: O*NET occupation_code first 7 characters (SOC detailed XX-XXXX) == bls_matrix_code. Not a fuzzy match. Not a task-exposure label.
        Audiovisual equipment installers and repairers,49-2097,Line item,22.4,23.4,1.1,4.8,2.2,52600,Postsecondary nondegree award,BLS Employment Projections Occupation.xlsx Table 1.2,2025-2035,thousands,true,Optional exact join: O*NET occupation_code first 7 characters (SOC detailed XX-XXXX) == bls_matrix_code. Not a fuzzy match. Not a task-exposure label.
        Security and fire alarm systems installers,49-2098,Line item,86.3,92.1,5.9,6.8,8.5,60070,High school diploma or equivalent,BLS Employment Projections Occupation.xlsx Table 1.2,2025-2035,thousands,true,Optional exact join: O*NET occupation_code first 7 characters (SOC detailed XX-XXXX) == bls_matrix_code. Not a fuzzy match. Not a task-exposure label.
"    Vehicle and mobile equipment mechanics, installers, and repairers",49-3000,Summary,1929.4,2020.9,91.5,4.7,160.1,58240,—,BLS Employment Projections Occupation.xlsx Table 1.2,2025-2035,thousands,true,Optional exact join: O*NET occupation_code first 7 characters (SOC detailed XX-XXXX) == bls_matrix_code. Not a fuzzy match. Not a task-exposure label.
      Aircraft mechanics and service technicians,49-3011,Line item,140,147.6,7.5,5.4,11.4,79870,Postsecondary nondegree award,BLS Employment Projections Occupation.xlsx Table 1.2,2025-2035,thousands,true,Optional exact join: O*NET occupation_code first 7 characters (SOC detailed XX-XXXX) == bls_matrix_code. Not a fuzzy match. Not a task-exposure label.
      Automotive technicians and repairers,49-3020,Summary,1011.6,1059.9,48.3,4.8,80,51100,—,BLS Employment Projections Occupation.xlsx Table 1.2,2025-2035,thousands,true,Optional exact join: O*NET occupation_code first 7 characters (SOC detailed XX-XXXX) == bls_matrix_code. Not a fuzzy match. Not a task-exposure label.
        Automotive body and related repairers,49-3021,Line item,163.2,169.3,6.1,3.7,12.6,54890,High school diploma or equivalent,BLS Employment Projections Occupation.xlsx Table 1.2,2025-2035,thousands,true,Optional exact join: O*NET occupation_code first 7 characters (SOC detailed XX-XXXX) == bls_matrix_code. Not a fuzzy match. Not a task-exposure label.
        Automotive glass installers and repairers,49-3022,Line item,22.6,23.9,1.3,5.7,1.3,47630,High school diploma or equivalent,BLS Employment Projections Occupation.xlsx Table 1.2,2025-2035,thousands,true,Optional exact join: O*NET occupation_code first 7 characters (SOC detailed XX-XXXX) == bls_matrix_code. Not a fuzzy match. Not a task-exposure label.
        Automotive service technicians and mechanics,49-3023,Line item,825.8,866.7,40.9,5,66.2,50620,Postsecondary nondegree award,BLS Employment Projections Occupation.xlsx Table 1.2,2025-2035,thousands,true,Optional exact join: O*NET occupation_code first 7 characters (SOC detailed XX-XXXX) == bls_matrix_code. Not a fuzzy match. Not a task-exposure label.
      Bus and truck mechanics and diesel engine specialists,49-3031,Line item,316,327.4,11.4,3.6,24.4,61770,High school diploma or equivalent,BLS Employment Projections Occupation.xlsx Table 1.2,2025-2035,thousands,true,Optional exact join: O*NET occupation_code first 7 characters (SOC detailed XX-XXXX) == bls_matrix_code. Not a fuzzy match. Not a task-exposure label.
      Heavy vehicle and mobile equipment service technicians and mechanics,49-3040,Summary,242.4,259.5,17.1,7.1,20.3,63850,—,BLS Employment Projections Occupation.xlsx Table 1.2,2025-2035,thousands,true,Optional exact join: O*NET occupation_code first 7 characters (SOC detailed XX-XXXX) == bls_matrix_code. Not a fuzzy match. Not a task-exposure label.
        Farm equipment mechanics and service technicians,49-3041,Line item,41.9,46.4,4.5,10.7,3.7,56550,High school diploma or equivalent,BLS Employment Projections Occupation.xlsx Table 1.2,2025-2035,thousands,true,Optional exact join: O*NET occupation_code first 7 characters (SOC detailed XX-XXXX) == bls_matrix_code. Not a fuzzy match. Not a task-exposure label.
"        Mobile heavy equipment mechanics, except engines",49-3042,Line item,180.3,192.5,12.1,6.7,15,65510,High school diploma or equivalent,BLS Employment Projections Occupation.xlsx Table 1.2,2025-2035,thousands,true,Optional exact join: O*NET occupation_code first 7 characters (SOC detailed XX-XXXX) == bls_matrix_code. Not a fuzzy match. Not a task-exposure label.
        Rail car repairers,49-3043,Line item,20.1,20.6,0.5,2.6,1.6,67530,High school diploma or equivalent,BLS Employment Projections Occupation.xlsx Table 1.2,2025-2035,thousands,true,Optional exact join: O*NET occupation_code first 7 characters (SOC detailed XX-XXXX) == bls_matrix_code. Not a fuzzy match. Not a task-exposure label.
      Small engine mechanics,49-3050,Summary,77.5,79.9,2.4,3.1,7.7,49710,—,BLS Employment Projections Occupation.xlsx Table 1.2,2025-2035,thousands,true,Optional exact join: O*NET occupation_code first 7 characters (SOC detailed XX-XXXX) == bls_matrix_code. Not a fuzzy match. Not a task-exposure label.
        Motorboat mechanics and service technicians,49-3051,Line item,25,26.2,1.2,4.9,2.6,57550,High school diploma or equivalent,BLS Employment Projections Occupation.xlsx Table 1.2,2025-2035,thousands,true,Optional exact join: O*NET occupation_code first 7 characters (SOC detailed XX-XXXX) == bls_matrix_code. Not a fuzzy match. Not a task-exposure label.
        Motorcycle mechanics,49-3052,Line item,14.2,14.5,0.3,2.1,1.4,48580,Postsecondary nondegree award,BLS Employment Projections Occupation.xlsx Table 1.2,2025-2035,thousands,true,Optional exact join: O*NET occupation_code first 7 characters (SOC detailed XX-XXXX) == bls_matrix_code. Not a fuzzy match. Not a task-exposure label.
        Outdoor power equipment and other small engine mechanics,49-3053,Line item,38.3,39.2,0.9,2.3,3.8,47880,High school diploma or equivalent,BLS Employment Projections Occupation.xlsx Table 1.2,2025-2035,thousands,true,Optional exact join: O*NET occupation_code first 7 characters (SOC detailed XX-XXXX) == bls_matrix_code. Not a fuzzy match. Not a task-exposure label.
"      Miscellaneous vehicle and mobile equipment mechanics, installers, and repairers",49-3090,Summary,141.9,146.7,4.8,3.4,16.3,38660,—,BLS Employment Projections Occupation.xlsx Table 1.2,2025-2035,thousands,true,Optional exact join: O*NET occupation_code first 7 characters (SOC detailed XX-XXXX) == bls_matrix_code. Not a fuzzy match. Not a task-exposure label.
        Bicycle repairers,49-3091,Line item,12.2,11.5,-0.7,-5.7,1.2,42780,High school diploma or equivalent,BLS Employment Projections Occupation.xlsx Table 1.2,2025-2035,thousands,true,Optional exact join: O*NET occupation_code first 7 characters (SOC detailed XX-XXXX) == bls_matrix_code. Not a fuzzy match. Not a task-exposure label.
        Recreational vehicle service technicians,49-3092,Line item,17.5,19.2,1.7,9.7,2.2,52000,High school diploma or equivalent,BLS Employment Projections Occupation.xlsx Table 1.2,2025-2035,thousands,true,Optional exact join: O*NET occupation_code first 7 characters (SOC detailed XX-XXXX) == bls_matrix_code. Not a fuzzy match. Not a task-exposure label.
        Tire repairers and changers,49-3093,Line item,112.2,116,3.8,3.4,12.9,37710,High school diploma or equivalent,BLS Employment Projections Occupation.xlsx Table 1.2,2025-2035,thousands,true,Optional exact join: O*NET occupation_code first 7 characters (SOC detailed XX-XXXX) == bls_matrix_code. Not a fuzzy match. Not a task-exposure label.
"    Other installation, maintenance, and repair occupations",49-9000,Summary,3463.3,3695,231.7,6.7,320.3,57440,—,BLS Employment Projections Occupation.xlsx Table 1.2,2025-2035,thousands,true,Optional exact join: O*NET occupation_code first 7 characters (SOC detailed XX-XXXX) == bls_matrix_code. Not a fuzzy match. Not a task-exposure label.
      Control and valve installers and repairers,49-9010,Summary,78.9,82.9,4,5.1,5.7,62760,—,BLS Employment Projections Occupation.xlsx Table 1.2,2025-2035,thousands,true,Optional exact join: O*NET occupation_code first 7 characters (SOC detailed XX-XXXX) == bls_matrix_code. Not a fuzzy match. Not a task-exposure label.
        Mechanical door repairers,49-9011,Line item,28.4,30.3,1.8,6.4,2.1,55720,High school diploma or equivalent,BLS Employment Projections Occupation.xlsx Table 1.2,2025-2035,thousands,true,Optional exact join: O*NET occupation_code first 7 characters (SOC detailed XX-XXXX) == bls_matrix_code. Not a fuzzy match. Not a task-exposure label.
"        Control and valve installers and repairers, except mechanical door",49-9012,Line item,50.4,52.6,2.2,4.3,3.6,74340,High school diploma or equivalent,BLS Employment Projections Occupation.xlsx Table 1.2,2025-2035,thousands,true,Optional exact join: O*NET occupation_code first 7 characters (SOC detailed XX-XXXX) == bls_matrix_code. Not a fuzzy match. Not a task-exposure label.
"      Heating, air conditioning, and refrigeration mechanics and installers",49-9021,Line item,440.9,489.1,48.2,10.9,40.6,61010,Postsecondary nondegree award,BLS Employment Projections Occupation.xlsx Table 1.2,2025-2035,thousands,true,Optional exact join: O*NET occupation_code first 7 characters (SOC detailed XX-XXXX) == bls_matrix_code. Not a fuzzy match. Not a task-exposure label.
      Home appliance repairers,49-9031,Line item,40.5,41.3,0.8,1.9,2.8,50990,High school diploma or equivalent,BLS Employment Projections Occupation.xlsx Table 1.2,2025-2035,thousands,true,Optional exact join: O*NET occupation_code first 7 characters (SOC detailed XX-XXXX) == bls_matrix_code. Not a fuzzy match. Not a task-exposure label.
"      Industrial machinery installation, repair, and maintenance workers",49-9040,Summary,548.4,627.2,78.8,14.4,52,64090,—,BLS Employment Projections Occupation.xlsx Table 1.2,2025-2035,thousands,true,Optional exact join: O*NET occupation_code first 7 characters (SOC detailed XX-XXXX) == bls_matrix_code. Not a fuzzy match. Not a task-exposure label.
        Industrial machinery mechanics,49-9041,Line item,446.9,526.6,79.7,17.8,44.4,64520,High school diploma or equivalent,BLS Employment Projections Occupation.xlsx Table 1.2,2025-2035,thousands,true,Optional exact join: O*NET occupation_code first 7 characters (SOC detailed XX-XXXX) == bls_matrix_code. Not a fuzzy match. Not a task-exposure label.
"        Maintenance workers, machinery",49-9043,Line item,59.7,58.6,-1.2,-1.9,4.4,60850,High school diploma or equivalent,BLS Employment Projections Occupation.xlsx Table 1.2,2025-2035,thousands,true,Optional exact join: O*NET occupation_code first 7 characters (SOC detailed XX-XXXX) == bls_matrix_code. Not a fuzzy match. Not a task-exposure label.
        Millwrights,49-9044,Line item,40.7,41,0.4,0.9,3.2,65700,High school diploma or equivalent,BLS Employment Projections Occupation.xlsx Table 1.2,2025-2035,thousands,true,Optional exact join: O*NET occupation_code first 7 characters (SOC detailed XX-XXXX) == bls_matrix_code. Not a fuzzy match. Not a task-exposure label.
"        Refractory materials repairers, except brickmasons",49-9045,Line item,1.1,0.9,-0.2,-13.7,0.1,61290,High school diploma or equivalent,BLS Employment Projections Occupation.xlsx Table 1.2,2025-2035,thousands,true,Optional exact join: O*NET occupation_code first 7 characters (SOC detailed XX-XXXX) == bls_matrix_code. Not a fuzzy match. Not a task-exposure label.
      Line installers and repairers,49-9050,Summary,235.3,245.4,10,4.3,18.9,81530,—,BLS Employment Projections Occupation.xlsx Table 1.2,2025-2035,thousands,true,Optional exact join: O*NET occupation_code first 7 characters (SOC detailed XX-XXXX) == bls_matrix_code. Not a fuzzy match. Not a task-exposure label.
        Electrical power-line installers and repairers,49-9051,Line item,131.9,145.5,13.6,10.3,10.9,95320,High school diploma or equivalent,BLS Employment Projections Occupation.xlsx Table 1.2,2025-2035,thousands,true,Optional exact join: O*NET occupation_code first 7 characters (SOC detailed XX-XXXX) == bls_matrix_code. Not a fuzzy match. Not a task-exposure label.
        Telecommunications line installers and repairers,49-9052,Line item,103.4,99.9,-3.5,-3.4,8,74330,High school diploma or equivalent,BLS Employment Projections Occupation.xlsx Table 1.2,2025-2035,thousands,true,Optional exact join: O*NET occupation_code first 7 characters (SOC detailed XX-XXXX) == bls_matrix_code. Not a fuzzy match. Not a task-exposure label.
      Precision instrument and equipment repairers,49-9060,Summary,91.2,100.4,9.1,10,10.1,61210,—,BLS Employment Projections Occupation.xlsx Table 1.2,2025-2035,thousands,true,Optional exact join: O*NET occupation_code first 7 characters (SOC detailed XX-XXXX) == bls_matrix_code. Not a fuzzy match. Not a task-exposure label.
        Camera and photographic equipment repairers,49-9061,Line item,1.8,1.5,-0.3,-15.5,0.1,52720,High school diploma or equivalent,BLS Employment Projections Occupation.xlsx Table 1.2,2025-2035,thousands,true,Optional exact join: O*NET occupation_code first 7 characters (SOC detailed XX-XXXX) == bls_matrix_code. Not a fuzzy match. Not a task-exposure label.
        Medical equipment repairers,49-9062,Line item,71.8,80.9,9.1,12.6,8.2,61660,Associate's degree,BLS Employment Projections Occupation.xlsx Table 1.2,2025-2035,thousands,true,Optional exact join: O*NET occupation_code first 7 characters (SOC detailed XX-XXXX) == bls_matrix_code. Not a fuzzy match. Not a task-exposure label.
        Musical instrument repairers and tuners,49-9063,Line item,6,6.1,0.1,1.9,0.6,46420,High school diploma or equivalent,BLS Employment Projections Occupation.xlsx Table 1.2,2025-2035,thousands,true,Optional exact join: O*NET occupation_code first 7 characters (SOC detailed XX-XXXX) == bls_matrix_code. Not a fuzzy match. Not a task-exposure label.
        Watch and clock repairers,49-9064,Line item,1.4,1.4,0,-0.3,0.1,67230,High school diploma or equivalent,BLS Employment Projections Occupation.xlsx Table 1.2,2025-2035,thousands,true,Optional exact join: O*NET occupation_code first 7 characters (SOC detailed XX-XXXX) == bls_matrix_code. Not a fuzzy match. Not a task-exposure label.
"        Precision instrument and equipment repairers, all other",49-9069,Line item,10.2,10.5,0.3,2.5,1,68990,High school diploma or equivalent,BLS Employment Projections Occupation.xlsx Table 1.2,2025-2035,thousands,true,Optional exact join: O*NET occupation_code first 7 characters (SOC detailed XX-XXXX) == bls_matrix_code. Not a fuzzy match. Not a task-exposure label.
"      Maintenance and repair workers, general",49-9071,Line item,1621.8,1690.5,68.6,4.2,148.7,49590,High school diploma or equivalent,BLS Employment Projections Occupation.xlsx Table 1.2,2025-2035,thousands,true,Optional exact join: O*NET occupation_code first 7 characters (SOC detailed XX-XXXX) == bls_matrix_code. Not a fuzzy match. Not a task-exposure label.
      Wind turbine service technicians,49-9081,Line item,11.8,15.3,3.5,29.5,1.5,64120,Postsecondary nondegree award,BLS Employment Projections Occupation.xlsx Table 1.2,2025-2035,thousands,true,Optional exact join: O*NET occupation_code first 7 characters (SOC detailed XX-XXXX) == bls_matrix_code. Not a fuzzy match. Not a task-exposure label.
"      Miscellaneous installation, maintenance, and repair workers",49-9090,Summary,394.5,403.1,8.6,2.2,40.1,47460,—,BLS Employment Projections Occupation.xlsx Table 1.2,2025-2035,thousands,true,Optional exact join: O*NET occupation_code first 7 characters (SOC detailed XX-XXXX) == bls_matrix_code. Not a fuzzy match. Not a task-exposure label.
"        Coin, vending, and amusement machine servicers and repairers",49-9091,Line item,34.7,33.5,-1.2,-3.4,3.8,47450,High school diploma or equivalent,BLS Employment Projections Occupation.xlsx Table 1.2,2025-2035,thousands,true,Optional exact join: O*NET occupation_code first 7 characters (SOC detailed XX-XXXX) == bls_matrix_code. Not a fuzzy match. Not a task-exposure label.
        Commercial divers,49-9092,Line item,4,4.2,0.2,4.8,0.4,72990,Postsecondary nondegree award,BLS Employment Projections Occupation.xlsx Table 1.2,2025-2035,thousands,true,Optional exact join: O*NET occupation_code first 7 characters (SOC detailed XX-XXXX) == bls_matrix_code. Not a fuzzy match. Not a task-exposure label.
        Locksmiths and safe repairers,49-9094,Line item,18.7,16.5,-2.2,-11.7,1.2,51320,High school diploma or equivalent,BLS Employment Projections Occupation.xlsx Table 1.2,2025-2035,thousands,true,Optional exact join: O*NET occupation_code first 7 characters (SOC detailed XX-XXXX) == bls_matrix_code. Not a fuzzy match. Not a task-exposure label.
        Manufactured building and mobile home installers,49-9095,Line item,3.5,3.7,0.2,5.8,0.3,45990,High school diploma or equivalent,BLS Employment Projections Occupation.xlsx Table 1.2,2025-2035,thousands,true,Optional exact join: O*NET occupation_code first 7 characters (SOC detailed XX-XXXX) == bls_matrix_code. Not a fuzzy match. Not a task-exposure label.
        Riggers,49-9096,Line item,22.5,23.4,0.9,3.9,1.7,62640,High school diploma or equivalent,BLS Employment Projections Occupation.xlsx Table 1.2,2025-2035,thousands,true,Optional exact join: O*NET occupation_code first 7 characters (SOC detailed XX-XXXX) == bls_matrix_code. Not a fuzzy match. Not a task-exposure label.
        Signal and track switch repairers,49-9097,Line item,8.7,8.9,0.2,1.8,0.8,92460,High school diploma or equivalent,BLS Employment Projections Occupation.xlsx Table 1.2,2025-2035,thousands,true,Optional exact join: O*NET occupation_code first 7 characters (SOC detailed XX-XXXX) == bls_matrix_code. Not a fuzzy match. Not a task-exposure label.
"        Helpers--installation, maintenance, and repair workers",49-9098,Line item,97.1,102.2,5.1,5.3,13.6,39630,High school diploma or equivalent,BLS Employment Projections Occupation.xlsx Table 1.2,2025-2035,thousands,true,Optional exact join: O*NET occupation_code first 7 characters (SOC detailed XX-XXXX) == bls_matrix_code. Not a fuzzy match. Not a task-exposure label.
"        Installation, maintenance, and repair workers, all other",49-9099,Line item,205.2,210.6,5.4,2.6,18.3,49230,High school diploma or equivalent,BLS Employment Projections Occupation.xlsx Table 1.2,2025-2035,thousands,true,Optional exact join: O*NET occupation_code first 7 characters (SOC detailed XX-XXXX) == bls_matrix_code. Not a fuzzy match. Not a task-exposure label.
  Production occupations,51-0000,Summary,8780.5,8747.1,-33.5,-0.4,867.7,46990,—,BLS Employment Projections Occupation.xlsx Table 1.2,2025-2035,thousands,true,Optional exact join: O*NET occupation_code first 7 characters (SOC detailed XX-XXXX) == bls_matrix_code. Not a fuzzy match. Not a task-exposure label.
    Supervisors of production workers,51-1000,Summary,679.9,692.3,12.4,1.8,61,74450,—,BLS Employment Projections Occupation.xlsx Table 1.2,2025-2035,thousands,true,Optional exact join: O*NET occupation_code first 7 characters (SOC detailed XX-XXXX) == bls_matrix_code. Not a fuzzy match. Not a task-exposure label.
      First-line supervisors of production and operating workers,51-1011,Line item,679.9,692.3,12.4,1.8,61,74450,High school diploma or equivalent,BLS Employment Projections Occupation.xlsx Table 1.2,2025-2035,thousands,true,Optional exact join: O*NET occupation_code first 7 characters (SOC detailed XX-XXXX) == bls_matrix_code. Not a fuzzy match. Not a task-exposure label.
    Assemblers and fabricators,51-2000,Summary,1799.5,1816.2,16.7,0.9,177.5,45450,—,BLS Employment Projections Occupation.xlsx Table 1.2,2025-2035,thousands,true,Optional exact join: O*NET occupation_code first 7 characters (SOC detailed XX-XXXX) == bls_matrix_code. Not a fuzzy match. Not a task-exposure label.
"      Aircraft structure, surfaces, rigging, and systems assemblers",51-2011,Line item,34.4,32.5,-1.9,-5.6,3.1,65380,High school diploma or equivalent,BLS Employment Projections Occupation.xlsx Table 1.2,2025-2035,thousands,true,Optional exact join: O*NET occupation_code first 7 characters (SOC detailed XX-XXXX) == bls_matrix_code. Not a fuzzy match. Not a task-exposure label.
"      Electrical, electronics, and electromechanical assemblers",51-2020,Summary,259.2,271.1,11.9,4.6,27.1,45930,—,BLS Employment Projections Occupation.xlsx Table 1.2,2025-2035,thousands,true,Optional exact join: O*NET occupation_code first 7 characters (SOC detailed XX-XXXX) == bls_matrix_code. Not a fuzzy match. Not a task-exposure label.
"        Coil winders, tapers, and finishers",51-2021,Line item,12.9,12.4,-0.5,-4,1.2,48220,High school diploma or equivalent,BLS Employment Projections Occupation.xlsx Table 1.2,2025-2035,thousands,true,Optional exact join: O*NET occupation_code first 7 characters (SOC detailed XX-XXXX) == bls_matrix_code. Not a fuzzy match. Not a task-exposure label.
"        Electrical, electronic, and electromechanical assemblers, except coil winders, tapers, and finishers",51-2028,Line item,246.3,258.7,12.4,5,25.9,45850,High school diploma or equivalent,BLS Employment Projections Occupation.xlsx Table 1.2,2025-2035,thousands,true,Optional exact join: O*NET occupation_code first 7 characters (SOC detailed XX-XXXX) == bls_matrix_code. Not a fuzzy match. Not a task-exposure label.
      Engine and other machine assemblers,51-2031,Line item,33.5,27.8,-5.7,-17,2.1,53710,High school diploma or equivalent,BLS Employment Projections Occupation.xlsx Table 1.2,2025-2035,thousands,true,Optional exact join: O*NET occupation_code first 7 characters (SOC detailed XX-XXXX) == bls_matrix_code. Not a fuzzy match. Not a task-exposure label.
      Structural metal fabricators and fitters,51-2041,Line item,52.3,49,-3.2,-6.2,4.8,51330,High school diploma or equivalent,BLS Employment Projections Occupation.xlsx Table 1.2,2025-2035,thousands,true,Optional exact join: O*NET occupation_code first 7 characters (SOC detailed XX-XXXX) == bls_matrix_code. Not a fuzzy match. Not a task-exposure label.
      Fiberglass laminators and fabricators,51-2051,Line item,16.3,17,0.8,4.6,1.7,46880,High school diploma or equivalent,BLS Employment Projections Occupation.xlsx Table 1.2,2025-2035,thousands,true,Optional exact join: O*NET occupation_code first 7 characters (SOC detailed XX-XXXX) == bls_matrix_code. Not a fuzzy match. Not a task-exposure label.
      Timing device assemblers and adjusters,51-2061,Line item,0.2,0.2,0,-6.1,0,62620,High school diploma or equivalent,BLS Employment Projections Occupation.xlsx Table 1.2,2025-2035,thousands,true,Optional exact join: O*NET occupation_code first 7 characters (SOC detailed XX-XXXX) == bls_matrix_code. Not a fuzzy match. Not a task-exposure label.
      Miscellaneous assemblers and fabricators,51-2090,Line item,1403.5,1418.4,14.9,1.1,138.7,44650,High school diploma or equivalent,BLS Employment Projections Occupation.xlsx Table 1.2,2025-2035,thousands,true,Optional exact join: O*NET occupation_code first 7 characters (SOC detailed XX-XXXX) == bls_matrix_code. Not a fuzzy match. Not a task-exposure label.
    Food processing workers,51-3000,Summary,918.8,961.7,42.9,4.7,112.9,38990,—,BLS Employment Projections Occupation.xlsx Table 1.2,2025-2035,thousands,true,Optional exact join: O*NET occupation_code first 7 characters (SOC detailed XX-XXXX) == bls_matrix_code. Not a fuzzy match. Not a task-exposure label.
      Bakers,51-3011,Line item,262.4,276.9,14.5,5.5,36.5,37160,No formal educational credential,BLS Employment Projections Occupation.xlsx Table 1.2,2025-2035,thousands,true,Optional exact join: O*NET occupation_code first 7 characters (SOC detailed XX-XXXX) == bls_matrix_code. Not a fuzzy match. Not a task-exposure label.
"      Butchers and other meat, poultry, and fish processing workers",51-3020,Summary,359.3,372.6,13.3,3.7,39.8,39190,—,BLS Employment Projections Occupation.xlsx Table 1.2,2025-2035,thousands,true,Optional exact join: O*NET occupation_code first 7 characters (SOC detailed XX-XXXX) == bls_matrix_code. Not a fuzzy match. Not a task-exposure label.
        Butchers and meat cutters,51-3021,Line item,138.4,141.7,3.3,2.4,15.1,40140,No formal educational credential,BLS Employment Projections Occupation.xlsx Table 1.2,2025-2035,thousands,true,Optional exact join: O*NET occupation_code first 7 characters (SOC detailed XX-XXXX) == bls_matrix_code. Not a fuzzy match. Not a task-exposure label.
"        Meat, poultry, and fish cutters and trimmers",51-3022,Line item,149.8,158.3,8.5,5.7,17,38300,No formal educational credential,BLS Employment Projections Occupation.xlsx Table 1.2,2025-2035,thousands,true,Optional exact join: O*NET occupation_code first 7 characters (SOC detailed XX-XXXX) == bls_matrix_code. Not a fuzzy match. Not a task-exposure label.
        Slaughterers and meat packers,51-3023,Line item,71.2,72.6,1.5,2,7.7,40130,No formal educational credential,BLS Employment Projections Occupation.xlsx Table 1.2,2025-2035,thousands,true,Optional exact join: O*NET occupation_code first 7 characters (SOC detailed XX-XXXX) == bls_matrix_code. Not a fuzzy match. Not a task-exposure label.
      Miscellaneous food processing workers,51-3090,Summary,297,312.2,15.1,5.1,36.6,41230,—,BLS Employment Projections Occupation.xlsx Table 1.2,2025-2035,thousands,true,Optional exact join: O*NET occupation_code first 7 characters (SOC detailed XX-XXXX) == bls_matrix_code. Not a fuzzy match. Not a task-exposure label.
"        Food and tobacco roasting, baking, and drying machine operators and tenders",51-3091,Line item,21.6,21.7,0.1,0.4,2.5,44810,No formal educational credential,BLS Employment Projections Occupation.xlsx Table 1.2,2025-2035,thousands,true,Optional exact join: O*NET occupation_code first 7 characters (SOC detailed XX-XXXX) == bls_matrix_code. Not a fuzzy match. Not a task-exposure label.
        Food batchmakers,51-3092,Line item,176.8,188.2,11.4,6.5,23.1,42290,High school diploma or equivalent,BLS Employment Projections Occupation.xlsx Table 1.2,2025-2035,thousands,true,Optional exact join: O*NET occupation_code first 7 characters (SOC detailed XX-XXXX) == bls_matrix_code. Not a fuzzy match. Not a task-exposure label.
        Food cooking machine operators and tenders,51-3093,Line item,31.2,31.2,-0.1,-0.3,3.7,41590,High school diploma or equivalent,BLS Employment Projections Occupation.xlsx Table 1.2,2025-2035,thousands,true,Optional exact join: O*NET occupation_code first 7 characters (SOC detailed XX-XXXX) == bls_matrix_code. Not a fuzzy match. Not a task-exposure label.
"        Food processing workers, all other",51-3099,Line item,67.4,71.1,3.7,5.5,7.4,39680,No formal educational credential,BLS Employment Projections Occupation.xlsx Table 1.2,2025-2035,thousands,true,Optional exact join: O*NET occupation_code first 7 characters (SOC detailed XX-XXXX) == bls_matrix_code. Not a fuzzy match. Not a task-exposure label.
    Metal workers and plastic workers,51-4000,Summary,1575.2,1532.8,-42.5,-2.7,135.9,49800,—,BLS Employment Projections Occupation.xlsx Table 1.2,2025-2035,thousands,true,Optional exact join: O*NET occupation_code first 7 characters (SOC detailed XX-XXXX) == bls_matrix_code. Not a fuzzy match. Not a task-exposure label.
"      Forming machine setters, operators, and tenders, metal and plastic",51-4020,Summary,95.1,91.9,-3.2,-3.4,7.8,48410,—,BLS Employment Projections Occupation.xlsx Table 1.2,2025-2035,thousands,true,Optional exact join: O*NET occupation_code first 7 characters (SOC detailed XX-XXXX) == bls_matrix_code. Not a fuzzy match. Not a task-exposure label.
"        Extruding and drawing machine setters, operators, and tenders, metal and plastic",51-4021,Line item,60.9,61.4,0.4,0.7,5.4,47720,High school diploma or equivalent,BLS Employment Projections Occupation.xlsx Table 1.2,2025-2035,thousands,true,Optional exact join: O*NET occupation_code first 7 characters (SOC detailed XX-XXXX) == bls_matrix_code. Not a fuzzy match. Not a task-exposure label.
"        Forging machine setters, operators, and tenders, metal and plastic",51-4022,Line item,8.9,7.4,-1.5,-17.2,0.6,49030,High school diploma or equivalent,BLS Employment Projections Occupation.xlsx Table 1.2,2025-2035,thousands,true,Optional exact join: O*NET occupation_code first 7 characters (SOC detailed XX-XXXX) == bls_matrix_code. Not a fuzzy match. Not a task-exposure label.
"        Rolling machine setters, operators, and tenders, metal and plastic",51-4023,Line item,25.3,23.2,-2.1,-8.3,1.9,50140,High school diploma or equivalent,BLS Employment Projections Occupation.xlsx Table 1.2,2025-2035,thousands,true,Optional exact join: O*NET occupation_code first 7 characters (SOC detailed XX-XXXX) == bls_matrix_code. Not a fuzzy match. Not a task-exposure label.
"      Machine tool cutting setters, operators, and tenders, metal and plastic",51-4030,Summary,273.3,244,-29.3,-10.7,20.6,46760,—,BLS Employment Projections Occupation.xlsx Table 1.2,2025-2035,thousands,true,Optional exact join: O*NET occupation_code first 7 characters (SOC detailed XX-XXXX) == bls_matrix_code. Not a fuzzy match. Not a task-exposure label.
"        Cutting, punching, and press machine setters, operators, and tenders, metal and plastic",51-4031,Line item,171,153.1,-17.9,-10.5,13.2,46330,High school diploma or equivalent,BLS Employment Projections Occupation.xlsx Table 1.2,2025-2035,thousands,true,Optional exact join: O*NET occupation_code first 7 characters (SOC detailed XX-XXXX) == bls_matrix_code. Not a fuzzy match. Not a task-exposure label.
"        Drilling and boring machine tool setters, operators, and tenders, metal and plastic",51-4032,Line item,4.7,4.2,-0.4,-9.5,0.4,49080,High school diploma or equivalent,BLS Employment Projections Occupation.xlsx Table 1.2,2025-2035,thousands,true,Optional exact join: O*NET occupation_code first 7 characters (SOC detailed XX-XXXX) == bls_matrix_code. Not a fuzzy match. Not a task-exposure label.
"        Grinding, lapping, polishing, and buffing machine tool setters, operators, and tenders, metal and plastic",51-4033,Line item,68.5,61.1,-7.4,-10.8,4.5,46550,High school diploma or equivalent,BLS Employment Projections Occupation.xlsx Table 1.2,2025-2035,thousands,true,Optional exact join: O*NET occupation_code first 7 characters (SOC detailed XX-XXXX) == bls_matrix_code. Not a fuzzy match. Not a task-exposure label.
"        Lathe and turning machine tool setters, operators, and tenders, metal and plastic",51-4034,Line item,16.7,14.8,-1.9,-11.3,1.4,50620,High school diploma or equivalent,BLS Employment Projections Occupation.xlsx Table 1.2,2025-2035,thousands,true,Optional exact join: O*NET occupation_code first 7 characters (SOC detailed XX-XXXX) == bls_matrix_code. Not a fuzzy match. Not a task-exposure label.
"        Milling and planing machine setters, operators, and tenders, metal and plastic",51-4035,Line item,12.4,10.8,-1.6,-13.2,1,52800,High school diploma or equivalent,BLS Employment Projections Occupation.xlsx Table 1.2,2025-2035,thousands,true,Optional exact join: O*NET occupation_code first 7 characters (SOC detailed XX-XXXX) == bls_matrix_code. Not a fuzzy match. Not a task-exposure label.
      Machinists,51-4041,Line item,288.3,291.2,3,1,26.1,58750,High school diploma or equivalent,BLS Employment Projections Occupation.xlsx Table 1.2,2025-2035,thousands,true,Optional exact join: O*NET occupation_code first 7 characters (SOC detailed XX-XXXX) == bls_matrix_code. Not a fuzzy match. Not a task-exposure label.
"      Metal furnace operators, tenders, pourers, and casters",51-4050,Summary,21.3,20.6,-0.7,-3.4,1.8,53760,—,BLS Employment Projections Occupation.xlsx Table 1.2,2025-2035,thousands,true,Optional exact join: O*NET occupation_code first 7 characters (SOC detailed XX-XXXX) == bls_matrix_code. Not a fuzzy match. Not a task-exposure label.
        Metal-refining furnace operators and tenders,51-4051,Line item,16.8,16.3,-0.5,-2.9,1.4,54430,High school diploma or equivalent,BLS Employment Projections Occupation.xlsx Table 1.2,2025-2035,thousands,true,Optional exact join: O*NET occupation_code first 7 characters (SOC detailed XX-XXXX) == bls_matrix_code. Not a fuzzy match. Not a task-exposure label.
"        Pourers and casters, metal",51-4052,Line item,4.6,4.3,-0.2,-5,0.4,51810,High school diploma or equivalent,BLS Employment Projections Occupation.xlsx Table 1.2,2025-2035,thousands,true,Optional exact join: O*NET occupation_code first 7 characters (SOC detailed XX-XXXX) == bls_matrix_code. Not a fuzzy match. Not a task-exposure label.
"      Model makers and patternmakers, metal and plastic",51-4060,Summary,4.1,3.3,-0.8,-19.3,0.3,60940,—,BLS Employment Projections Occupation.xlsx Table 1.2,2025-2035,thousands,true,Optional exact join: O*NET occupation_code first 7 characters (SOC detailed XX-XXXX) == bls_matrix_code. Not a fuzzy match. Not a task-exposure label.
"        Model makers, metal and plastic",51-4061,Line item,2.6,2.2,-0.5,-17.3,0.2,63340,High school diploma or equivalent,BLS Employment Projections Occupation.xlsx Table 1.2,2025-2035,thousands,true,Optional exact join: O*NET occupation_code first 7 characters (SOC detailed XX-XXXX) == bls_matrix_code. Not a fuzzy match. Not a task-exposure label.
"        Patternmakers, metal and plastic",51-4062,Line item,1.5,1.1,-0.3,-22.8,0.1,58000,High school diploma or equivalent,BLS Employment Projections Occupation.xlsx Table 1.2,2025-2035,thousands,true,Optional exact join: O*NET occupation_code first 7 characters (SOC detailed XX-XXXX) == bls_matrix_code. Not a fuzzy match. Not a task-exposure label.
"      Molders and molding machine setters, operators, and tenders, metal and plastic",51-4070,Summary,162.8,154.7,-8.1,-5,14.6,44720,—,BLS Employment Projections Occupation.xlsx Table 1.2,2025-2035,thousands,true,Optional exact join: O*NET occupation_code first 7 characters (SOC detailed XX-XXXX) == bls_matrix_code. Not a fuzzy match. Not a task-exposure label.
        Foundry mold and coremakers,51-4071,Line item,12.7,9.8,-2.9,-23,0.8,48110,High school diploma or equivalent,BLS Employment Projections Occupation.xlsx Table 1.2,2025-2035,thousands,true,Optional exact join: O*NET occupation_code first 7 characters (SOC detailed XX-XXXX) == bls_matrix_code. Not a fuzzy match. Not a task-exposure label.
"        Molding, coremaking, and casting machine setters, operators, and tenders, metal and plastic",51-4072,Line item,150,144.9,-5.2,-3.4,13.8,44350,High school diploma or equivalent,BLS Employment Projections Occupation.xlsx Table 1.2,2025-2035,thousands,true,Optional exact join: O*NET occupation_code first 7 characters (SOC detailed XX-XXXX) == bls_matrix_code. Not a fuzzy match. Not a task-exposure label.
"      Multiple machine tool setters, operators, and tenders, metal and plastic",51-4081,Line item,127.1,127.9,0.8,0.6,11.6,47180,High school diploma or equivalent,BLS Employment Projections Occupation.xlsx Table 1.2,2025-2035,thousands,true,Optional exact join: O*NET occupation_code first 7 characters (SOC detailed XX-XXXX) == bls_matrix_code. Not a fuzzy match. Not a task-exposure label.
      Tool and die makers,51-4111,Line item,56.7,51.5,-5.2,-9.2,4.3,64050,Postsecondary nondegree award,BLS Employment Projections Occupation.xlsx Table 1.2,2025-2035,thousands,true,Optional exact join: O*NET occupation_code first 7 characters (SOC detailed XX-XXXX) == bls_matrix_code. Not a fuzzy match. Not a task-exposure label.
"      Welding, soldering, and brazing workers",51-4120,Summary,470.7,478.1,7.4,1.6,42.8,52760,—,BLS Employment Projections Occupation.xlsx Table 1.2,2025-2035,thousands,true,Optional exact join: O*NET occupation_code first 7 characters (SOC detailed XX-XXXX) == bls_matrix_code. Not a fuzzy match. Not a task-exposure label.
"        Welders, cutters, solderers, and brazers",51-4121,Line item,437.7,448.1,10.3,2.4,40.3,53750,High school diploma or equivalent,BLS Employment Projections Occupation.xlsx Table 1.2,2025-2035,thousands,true,Optional exact join: O*NET occupation_code first 7 characters (SOC detailed XX-XXXX) == bls_matrix_code. Not a fuzzy match. Not a task-exposure label.
"        Welding, soldering, and brazing machine setters, operators, and tenders",51-4122,Line item,32.9,30,-2.9,-8.9,2.5,47920,High school diploma or equivalent,BLS Employment Projections Occupation.xlsx Table 1.2,2025-2035,thousands,true,Optional exact join: O*NET occupation_code first 7 characters (SOC detailed XX-XXXX) == bls_matrix_code. Not a fuzzy match. Not a task-exposure label.
      Miscellaneous metal workers and plastic workers,51-4190,Summary,75.9,69.5,-6.4,-8.4,6,46640,—,BLS Employment Projections Occupation.xlsx Table 1.2,2025-2035,thousands,true,Optional exact join: O*NET occupation_code first 7 characters (SOC detailed XX-XXXX) == bls_matrix_code. Not a fuzzy match. Not a task-exposure label.
"        Heat treating equipment setters, operators, and tenders, metal and plastic",51-4191,Line item,14.4,13,-1.4,-9.5,1.1,48750,High school diploma or equivalent,BLS Employment Projections Occupation.xlsx Table 1.2,2025-2035,thousands,true,Optional exact join: O*NET occupation_code first 7 characters (SOC detailed XX-XXXX) == bls_matrix_code. Not a fuzzy match. Not a task-exposure label.
"        Layout workers, metal and plastic",51-4192,Line item,6.2,5.9,-0.2,-3.4,0.5,63870,High school diploma or equivalent,BLS Employment Projections Occupation.xlsx Table 1.2,2025-2035,thousands,true,Optional exact join: O*NET occupation_code first 7 characters (SOC detailed XX-XXXX) == bls_matrix_code. Not a fuzzy match. Not a task-exposure label.
"        Plating machine setters, operators, and tenders, metal and plastic",51-4193,Line item,33.3,30.1,-3.2,-9.7,2.5,43960,High school diploma or equivalent,BLS Employment Projections Occupation.xlsx Table 1.2,2025-2035,thousands,true,Optional exact join: O*NET occupation_code first 7 characters (SOC detailed XX-XXXX) == bls_matrix_code. Not a fuzzy match. Not a task-exposure label.
"        Tool grinders, filers, and sharpeners",51-4194,Line item,5.8,5.4,-0.4,-6.8,0.5,50060,High school diploma or equivalent,BLS Employment Projections Occupation.xlsx Table 1.2,2025-2035,thousands,true,Optional exact join: O*NET occupation_code first 7 characters (SOC detailed XX-XXXX) == bls_matrix_code. Not a fuzzy match. Not a task-exposure label.
"        Metal workers and plastic workers, all other",51-4199,Line item,16.3,15.1,-1.2,-7.1,1.3,45950,High school diploma or equivalent,BLS Employment Projections Occupation.xlsx Table 1.2,2025-2035,thousands,true,Optional exact join: O*NET occupation_code first 7 characters (SOC detailed XX-XXXX) == bls_matrix_code. Not a fuzzy match. Not a task-exposure label.
    Printing workers,51-5100,Summary,200.9,178.9,-22,-11,16.5,45820,—,BLS Employment Projections Occupation.xlsx Table 1.2,2025-2035,thousands,true,Optional exact join: O*NET occupation_code first 7 characters (SOC detailed XX-XXXX) == bls_matrix_code. Not a fuzzy match. Not a task-exposure label.
      Prepress technicians and workers,51-5111,Line item,24.7,20.9,-3.8,-15.3,2.1,48690,Postsecondary nondegree award,BLS Employment Projections Occupation.xlsx Table 1.2,2025-2035,thousands,true,Optional exact join: O*NET occupation_code first 7 characters (SOC detailed XX-XXXX) == bls_matrix_code. Not a fuzzy match. Not a task-exposure label.
      Printing press operators,51-5112,Line item,144,131.4,-12.6,-8.7,12.1,45780,High school diploma or equivalent,BLS Employment Projections Occupation.xlsx Table 1.2,2025-2035,thousands,true,Optional exact join: O*NET occupation_code first 7 characters (SOC detailed XX-XXXX) == bls_matrix_code. Not a fuzzy match. Not a task-exposure label.
      Print binding and finishing workers,51-5113,Line item,32.3,26.6,-5.6,-17.5,2.3,42290,High school diploma or equivalent,BLS Employment Projections Occupation.xlsx Table 1.2,2025-2035,thousands,true,Optional exact join: O*NET occupation_code first 7 characters (SOC detailed XX-XXXX) == bls_matrix_code. Not a fuzzy match. Not a task-exposure label.
"    Textile, apparel, and furnishings workers",51-6000,Summary,507.5,480.3,-27.2,-5.4,54.9,36390,—,BLS Employment Projections Occupation.xlsx Table 1.2,2025-2035,thousands,true,Optional exact join: O*NET occupation_code first 7 characters (SOC detailed XX-XXXX) == bls_matrix_code. Not a fuzzy match. Not a task-exposure label.
      Laundry and dry-cleaning workers,51-6011,Line item,204.9,213.7,8.7,4.3,28.2,34890,No formal educational credential,BLS Employment Projections Occupation.xlsx Table 1.2,2025-2035,thousands,true,Optional exact join: O*NET occupation_code first 7 characters (SOC detailed XX-XXXX) == bls_matrix_code. Not a fuzzy match. Not a task-exposure label.
"      Pressers, textile, garment, and related materials",51-6021,Line item,26.3,22.2,-4.1,-15.7,2.2,35060,No formal educational credential,BLS Employment Projections Occupation.xlsx Table 1.2,2025-2035,thousands,true,Optional exact join: O*NET occupation_code first 7 characters (SOC detailed XX-XXXX) == bls_matrix_code. Not a fuzzy match. Not a task-exposure label.
      Sewing machine operators,51-6031,Line item,117.2,99.5,-17.7,-15.1,9.8,36670,No formal educational credential,BLS Employment Projections Occupation.xlsx Table 1.2,2025-2035,thousands,true,Optional exact join: O*NET occupation_code first 7 characters (SOC detailed XX-XXXX) == bls_matrix_code. Not a fuzzy match. Not a task-exposure label.
      Shoe and leather workers,51-6040,Summary,14.9,13.9,-1,-6.6,1.5,37380,—,BLS Employment Projections Occupation.xlsx Table 1.2,2025-2035,thousands,true,Optional exact join: O*NET occupation_code first 7 characters (SOC detailed XX-XXXX) == bls_matrix_code. Not a fuzzy match. Not a task-exposure label.
        Shoe and leather workers and repairers,51-6041,Line item,10.3,9.6,-0.7,-6.5,1,37800,High school diploma or equivalent,BLS Employment Projections Occupation.xlsx Table 1.2,2025-2035,thousands,true,Optional exact join: O*NET occupation_code first 7 characters (SOC detailed XX-XXXX) == bls_matrix_code. Not a fuzzy match. Not a task-exposure label.
        Shoe machine operators and tenders,51-6042,Line item,4.6,4.2,-0.3,-6.9,0.4,35650,High school diploma or equivalent,BLS Employment Projections Occupation.xlsx Table 1.2,2025-2035,thousands,true,Optional exact join: O*NET occupation_code first 7 characters (SOC detailed XX-XXXX) == bls_matrix_code. Not a fuzzy match. Not a task-exposure label.
"      Tailors, dressmakers, and sewers",51-6050,Summary,38.5,34.9,-3.6,-9.3,4.2,40100,—,BLS Employment Projections Occupation.xlsx Table 1.2,2025-2035,thousands,true,Optional exact join: O*NET occupation_code first 7 characters (SOC detailed XX-XXXX) == bls_matrix_code. Not a fuzzy match. Not a task-exposure label.
"        Sewers, hand",51-6051,Line item,5.3,4.6,-0.6,-12,0.6,36480,No formal educational credential,BLS Employment Projections Occupation.xlsx Table 1.2,2025-2035,thousands,true,Optional exact join: O*NET occupation_code first 7 characters (SOC detailed XX-XXXX) == bls_matrix_code. Not a fuzzy match. Not a task-exposure label.
"        Tailors, dressmakers, and custom sewers",51-6052,Line item,33.2,30.3,-2.9,-8.8,3.7,41640,No formal educational credential,BLS Employment Projections Occupation.xlsx Table 1.2,2025-2035,thousands,true,Optional exact join: O*NET occupation_code first 7 characters (SOC detailed XX-XXXX) == bls_matrix_code. Not a fuzzy match. Not a task-exposure label.
"      Textile machine setters, operators, and tenders",51-6060,Summary,52.5,46.1,-6.3,-12.1,5.2,38960,—,BLS Employment Projections Occupation.xlsx Table 1.2,2025-2035,thousands,true,Optional exact join: O*NET occupation_code first 7 characters (SOC detailed XX-XXXX) == bls_matrix_code. Not a fuzzy match. Not a task-exposure label.
        Textile bleaching and dyeing machine operators and tenders,51-6061,Line item,5.7,5,-0.7,-12.5,0.6,38180,High school diploma or equivalent,BLS Employment Projections Occupation.xlsx Table 1.2,2025-2035,thousands,true,Optional exact join: O*NET occupation_code first 7 characters (SOC detailed XX-XXXX) == bls_matrix_code. Not a fuzzy match. Not a task-exposure label.
"        Textile cutting machine setters, operators, and tenders",51-6062,Line item,9.4,8.2,-1.3,-13.6,0.9,38760,High school diploma or equivalent,BLS Employment Projections Occupation.xlsx Table 1.2,2025-2035,thousands,true,Optional exact join: O*NET occupation_code first 7 characters (SOC detailed XX-XXXX) == bls_matrix_code. Not a fuzzy match. Not a task-exposure label.
"        Textile knitting and weaving machine setters, operators, and tenders",51-6063,Line item,13.9,12,-1.9,-13.7,1.3,39530,High school diploma or equivalent,BLS Employment Projections Occupation.xlsx Table 1.2,2025-2035,thousands,true,Optional exact join: O*NET occupation_code first 7 characters (SOC detailed XX-XXXX) == bls_matrix_code. Not a fuzzy match. Not a task-exposure label.
"        Textile winding, twisting, and drawing out machine setters, operators, and tenders",51-6064,Line item,23.5,21,-2.4,-10.3,2.4,38670,High school diploma or equivalent,BLS Employment Projections Occupation.xlsx Table 1.2,2025-2035,thousands,true,Optional exact join: O*NET occupation_code first 7 characters (SOC detailed XX-XXXX) == bls_matrix_code. Not a fuzzy match. Not a task-exposure label.
"      Miscellaneous textile, apparel, and furnishings workers",51-6090,Summary,53.2,49.9,-3.3,-6.2,3.8,44030,—,BLS Employment Projections Occupation.xlsx Table 1.2,2025-2035,thousands,true,Optional exact join: O*NET occupation_code first 7 characters (SOC detailed XX-XXXX) == bls_matrix_code. Not a fuzzy match. Not a task-exposure label.
"        Extruding and forming machine setters, operators, and tenders, synthetic and glass fibers",51-6091,Line item,13.5,13,-0.4,-3.3,1.1,46350,High school diploma or equivalent,BLS Employment Projections Occupation.xlsx Table 1.2,2025-2035,thousands,true,Optional exact join: O*NET occupation_code first 7 characters (SOC detailed XX-XXXX) == bls_matrix_code. Not a fuzzy match. Not a task-exposure label.
        Fabric and apparel patternmakers,51-6092,Line item,3,2.6,-0.5,-15,0.2,62750,High school diploma or equivalent,BLS Employment Projections Occupation.xlsx Table 1.2,2025-2035,thousands,true,Optional exact join: O*NET occupation_code first 7 characters (SOC detailed XX-XXXX) == bls_matrix_code. Not a fuzzy match. Not a task-exposure label.
        Upholsterers,51-6093,Line item,22.7,22.2,-0.5,-2.3,1.7,46340,High school diploma or equivalent,BLS Employment Projections Occupation.xlsx Table 1.2,2025-2035,thousands,true,Optional exact join: O*NET occupation_code first 7 characters (SOC detailed XX-XXXX) == bls_matrix_code. Not a fuzzy match. Not a task-exposure label.
"        Textile, apparel, and furnishings workers, all other",51-6099,Line item,14.1,12.2,-1.9,-13.4,0.9,37280,High school diploma or equivalent,BLS Employment Projections Occupation.xlsx Table 1.2,2025-2035,thousands,true,Optional exact join: O*NET occupation_code first 7 characters (SOC detailed XX-XXXX) == bls_matrix_code. Not a fuzzy match. Not a task-exposure label.
    Woodworkers,51-7000,Summary,216.7,211.4,-5.3,-2.4,20,45300,—,BLS Employment Projections Occupation.xlsx Table 1.2,2025-2035,thousands,true,Optional exact join: O*NET occupation_code first 7 characters (SOC detailed XX-XXXX) == bls_matrix_code. Not a fuzzy match. Not a task-exposure label.
      Cabinetmakers and bench carpenters,51-7011,Line item,81.8,79.4,-2.4,-2.9,6.9,46680,High school diploma or equivalent,BLS Employment Projections Occupation.xlsx Table 1.2,2025-2035,thousands,true,Optional exact join: O*NET occupation_code first 7 characters (SOC detailed XX-XXXX) == bls_matrix_code. Not a fuzzy match. Not a task-exposure label.
      Furniture finishers,51-7021,Line item,15.9,15.3,-0.6,-3.5,1.5,44540,High school diploma or equivalent,BLS Employment Projections Occupation.xlsx Table 1.2,2025-2035,thousands,true,Optional exact join: O*NET occupation_code first 7 characters (SOC detailed XX-XXXX) == bls_matrix_code. Not a fuzzy match. Not a task-exposure label.
"      Model makers and patternmakers, wood",51-7030,Summary,1.4,1.3,0,-2.7,0.1,51110,—,BLS Employment Projections Occupation.xlsx Table 1.2,2025-2035,thousands,true,Optional exact join: O*NET occupation_code first 7 characters (SOC detailed XX-XXXX) == bls_matrix_code. Not a fuzzy match. Not a task-exposure label.
"        Model makers, wood",51-7031,Line item,0.7,0.7,0,-3.3,0.1,56550,High school diploma or equivalent,BLS Employment Projections Occupation.xlsx Table 1.2,2025-2035,thousands,true,Optional exact join: O*NET occupation_code first 7 characters (SOC detailed XX-XXXX) == bls_matrix_code. Not a fuzzy match. Not a task-exposure label.
"        Patternmakers, wood",51-7032,Line item,0.6,0.6,0,-2,0.1,49630,High school diploma or equivalent,BLS Employment Projections Occupation.xlsx Table 1.2,2025-2035,thousands,true,Optional exact join: O*NET occupation_code first 7 characters (SOC detailed XX-XXXX) == bls_matrix_code. Not a fuzzy match. Not a task-exposure label.
"      Woodworking machine setters, operators, and tenders",51-7040,Summary,102.2,100.2,-1.9,-1.9,9.8,43100,—,BLS Employment Projections Occupation.xlsx Table 1.2,2025-2035,thousands,true,Optional exact join: O*NET occupation_code first 7 characters (SOC detailed XX-XXXX) == bls_matrix_code. Not a fuzzy match. Not a task-exposure label.
"        Sawing machine setters, operators, and tenders, wood",51-7041,Line item,41.2,40.8,-0.4,-1,4.5,42770,High school diploma or equivalent,BLS Employment Projections Occupation.xlsx Table 1.2,2025-2035,thousands,true,Optional exact join: O*NET occupation_code first 7 characters (SOC detailed XX-XXXX) == bls_matrix_code. Not a fuzzy match. Not a task-exposure label.
"        Woodworking machine setters, operators, and tenders, except sawing",51-7042,Line item,60.9,59.4,-1.5,-2.5,5.3,43380,High school diploma or equivalent,BLS Employment Projections Occupation.xlsx Table 1.2,2025-2035,thousands,true,Optional exact join: O*NET occupation_code first 7 characters (SOC detailed XX-XXXX) == bls_matrix_code. Not a fuzzy match. Not a task-exposure label.
"      Woodworkers, all other",51-7099,Line item,15.4,15.1,-0.4,-2.3,1.7,44530,High school diploma or equivalent,BLS Employment Projections Occupation.xlsx Table 1.2,2025-2035,thousands,true,Optional exact join: O*NET occupation_code first 7 characters (SOC detailed XX-XXXX) == bls_matrix_code. Not a fuzzy match. Not a task-exposure label.
    Plant and system operators,51-8000,Summary,288,277.5,-10.5,-3.6,23.2,74100,—,BLS Employment Projections Occupation.xlsx Table 1.2,2025-2035,thousands,true,Optional exact join: O*NET occupation_code first 7 characters (SOC detailed XX-XXXX) == bls_matrix_code. Not a fuzzy match. Not a task-exposure label.
"      Power plant operators, distributors, and dispatchers",51-8010,Summary,43.7,42,-1.7,-4,3.4,105080,—,BLS Employment Projections Occupation.xlsx Table 1.2,2025-2035,thousands,true,Optional exact join: O*NET occupation_code first 7 characters (SOC detailed XX-XXXX) == bls_matrix_code. Not a fuzzy match. Not a task-exposure label.
        Nuclear power reactor operators,51-8011,Line item,5.2,4.9,-0.3,-5.9,0.4,122890,High school diploma or equivalent,BLS Employment Projections Occupation.xlsx Table 1.2,2025-2035,thousands,true,Optional exact join: O*NET occupation_code first 7 characters (SOC detailed XX-XXXX) == bls_matrix_code. Not a fuzzy match. Not a task-exposure label.
        Power distributors and dispatchers,51-8012,Line item,8.6,8.7,0.1,1.2,0.7,106730,High school diploma or equivalent,BLS Employment Projections Occupation.xlsx Table 1.2,2025-2035,thousands,true,Optional exact join: O*NET occupation_code first 7 characters (SOC detailed XX-XXXX) == bls_matrix_code. Not a fuzzy match. Not a task-exposure label.
        Power plant operators,51-8013,Line item,29.8,28.3,-1.5,-5.1,2.3,102040,High school diploma or equivalent,BLS Employment Projections Occupation.xlsx Table 1.2,2025-2035,thousands,true,Optional exact join: O*NET occupation_code first 7 characters (SOC detailed XX-XXXX) == bls_matrix_code. Not a fuzzy match. Not a task-exposure label.
      Stationary engineers and boiler operators,51-8021,Line item,31.2,32.2,1,3.1,3.2,78620,High school diploma or equivalent,BLS Employment Projections Occupation.xlsx Table 1.2,2025-2035,thousands,true,Optional exact join: O*NET occupation_code first 7 characters (SOC detailed XX-XXXX) == bls_matrix_code. Not a fuzzy match. Not a task-exposure label.
      Water and wastewater treatment plant and system operators,51-8031,Line item,131,123.5,-7.5,-5.7,10,60020,High school diploma or equivalent,BLS Employment Projections Occupation.xlsx Table 1.2,2025-2035,thousands,true,Optional exact join: O*NET occupation_code first 7 characters (SOC detailed XX-XXXX) == bls_matrix_code. Not a fuzzy match. Not a task-exposure label.
      Miscellaneous plant and system operators,51-8090,Summary,82.1,79.8,-2.2,-2.7,6.6,83580,—,BLS Employment Projections Occupation.xlsx Table 1.2,2025-2035,thousands,true,Optional exact join: O*NET occupation_code first 7 characters (SOC detailed XX-XXXX) == bls_matrix_code. Not a fuzzy match. Not a task-exposure label.
        Chemical plant and system operators,51-8091,Line item,16.7,15.9,-0.9,-5.2,1.3,78120,High school diploma or equivalent,BLS Employment Projections Occupation.xlsx Table 1.2,2025-2035,thousands,true,Optional exact join: O*NET occupation_code first 7 characters (SOC detailed XX-XXXX) == bls_matrix_code. Not a fuzzy match. Not a task-exposure label.
        Gas plant operators,51-8092,Line item,18.2,17.1,-1.1,-6,1.4,87820,High school diploma or equivalent,BLS Employment Projections Occupation.xlsx Table 1.2,2025-2035,thousands,true,Optional exact join: O*NET occupation_code first 7 characters (SOC detailed XX-XXXX) == bls_matrix_code. Not a fuzzy match. Not a task-exposure label.
"        Petroleum pump system operators, refinery operators, and gaugers",51-8093,Line item,32.9,32.3,-0.6,-1.9,2.7,96710,High school diploma or equivalent,BLS Employment Projections Occupation.xlsx Table 1.2,2025-2035,thousands,true,Optional exact join: O*NET occupation_code first 7 characters (SOC detailed XX-XXXX) == bls_matrix_code. Not a fuzzy match. Not a task-exposure label.
"        Plant and system operators, all other",51-8099,Line item,14.3,14.6,0.3,2.3,1.2,62470,High school diploma or equivalent,BLS Employment Projections Occupation.xlsx Table 1.2,2025-2035,thousands,true,Optional exact join: O*NET occupation_code first 7 characters (SOC detailed XX-XXXX) == bls_matrix_code. Not a fuzzy match. Not a task-exposure label.
    Other production occupations,51-9000,Summary,2594,2596.1,2.1,0.1,265.9,47040,—,BLS Employment Projections Occupation.xlsx Table 1.2,2025-2035,thousands,true,Optional exact join: O*NET occupation_code first 7 characters (SOC detailed XX-XXXX) == bls_matrix_code. Not a fuzzy match. Not a task-exposure label.
"      Chemical processing machine setters, operators, and tenders",51-9010,Summary,202.2,203.7,1.5,0.7,19.1,56350,—,BLS Employment Projections Occupation.xlsx Table 1.2,2025-2035,thousands,true,Optional exact join: O*NET occupation_code first 7 characters (SOC detailed XX-XXXX) == bls_matrix_code. Not a fuzzy match. Not a task-exposure label.
        Chemical equipment operators and tenders,51-9011,Line item,140.8,145.8,5,3.6,13.9,58040,High school diploma or equivalent,BLS Employment Projections Occupation.xlsx Table 1.2,2025-2035,thousands,true,Optional exact join: O*NET occupation_code first 7 characters (SOC detailed XX-XXXX) == bls_matrix_code. Not a fuzzy match. Not a task-exposure label.
"        Separating, filtering, clarifying, precipitating, and still machine setters, operators, and tenders",51-9012,Line item,61.4,57.9,-3.5,-5.7,5.2,51610,High school diploma or equivalent,BLS Employment Projections Occupation.xlsx Table 1.2,2025-2035,thousands,true,Optional exact join: O*NET occupation_code first 7 characters (SOC detailed XX-XXXX) == bls_matrix_code. Not a fuzzy match. Not a task-exposure label.
"      Crushing, grinding, polishing, mixing, and blending workers",51-9020,Summary,134.6,126.2,-8.4,-6.3,10.9,48470,—,BLS Employment Projections Occupation.xlsx Table 1.2,2025-2035,thousands,true,Optional exact join: O*NET occupation_code first 7 characters (SOC detailed XX-XXXX) == bls_matrix_code. Not a fuzzy match. Not a task-exposure label.
"        Crushing, grinding, and polishing machine setters, operators, and tenders",51-9021,Line item,26.6,26.1,-0.4,-1.7,2.3,48540,High school diploma or equivalent,BLS Employment Projections Occupation.xlsx Table 1.2,2025-2035,thousands,true,Optional exact join: O*NET occupation_code first 7 characters (SOC detailed XX-XXXX) == bls_matrix_code. Not a fuzzy match. Not a task-exposure label.
"        Grinding and polishing workers, hand",51-9022,Line item,10.8,8.7,-2.1,-19.2,0.7,42660,No formal educational credential,BLS Employment Projections Occupation.xlsx Table 1.2,2025-2035,thousands,true,Optional exact join: O*NET occupation_code first 7 characters (SOC detailed XX-XXXX) == bls_matrix_code. Not a fuzzy match. Not a task-exposure label.
"        Mixing and blending machine setters, operators, and tenders",51-9023,Line item,97.3,91.4,-5.9,-6.1,7.9,48990,High school diploma or equivalent,BLS Employment Projections Occupation.xlsx Table 1.2,2025-2035,thousands,true,Optional exact join: O*NET occupation_code first 7 characters (SOC detailed XX-XXXX) == bls_matrix_code. Not a fuzzy match. Not a task-exposure label.
      Cutting workers,51-9030,Summary,51.9,50.3,-1.5,-2.9,5.9,46170,—,BLS Employment Projections Occupation.xlsx Table 1.2,2025-2035,thousands,true,Optional exact join: O*NET occupation_code first 7 characters (SOC detailed XX-XXXX) == bls_matrix_code. Not a fuzzy match. Not a task-exposure label.
"        Cutters and trimmers, hand",51-9031,Line item,5.9,4.8,-1.1,-18.9,0.5,38020,No formal educational credential,BLS Employment Projections Occupation.xlsx Table 1.2,2025-2035,thousands,true,Optional exact join: O*NET occupation_code first 7 characters (SOC detailed XX-XXXX) == bls_matrix_code. Not a fuzzy match. Not a task-exposure label.
"        Cutting and slicing machine setters, operators, and tenders",51-9032,Line item,45.9,45.5,-0.4,-0.9,5.4,46570,High school diploma or equivalent,BLS Employment Projections Occupation.xlsx Table 1.2,2025-2035,thousands,true,Optional exact join: O*NET occupation_code first 7 characters (SOC detailed XX-XXXX) == bls_matrix_code. Not a fuzzy match. Not a task-exposure label.
"      Extruding, forming, pressing, and compacting machine setters, operators, and tenders",51-9041,Line item,58.3,59.2,0.9,1.5,5.2,45760,High school diploma or equivalent,BLS Employment Projections Occupation.xlsx Table 1.2,2025-2035,thousands,true,Optional exact join: O*NET occupation_code first 7 characters (SOC detailed XX-XXXX) == bls_matrix_code. Not a fuzzy match. Not a task-exposure label.
"      Furnace, kiln, oven, drier, and kettle operators and tenders",51-9051,Line item,14.5,14.9,0.4,2.6,1.8,48040,High school diploma or equivalent,BLS Employment Projections Occupation.xlsx Table 1.2,2025-2035,thousands,true,Optional exact join: O*NET occupation_code first 7 characters (SOC detailed XX-XXXX) == bls_matrix_code. Not a fuzzy match. Not a task-exposure label.
"      Inspectors, testers, sorters, samplers, and weighers",51-9061,Line item,602,617.2,15.2,2.5,66.7,48570,High school diploma or equivalent,BLS Employment Projections Occupation.xlsx Table 1.2,2025-2035,thousands,true,Optional exact join: O*NET occupation_code first 7 characters (SOC detailed XX-XXXX) == bls_matrix_code. Not a fuzzy match. Not a task-exposure label.
      Jewelers and precious stone and metal workers,51-9071,Line item,32.8,31.8,-1.1,-3.2,3.7,52540,High school diploma or equivalent,BLS Employment Projections Occupation.xlsx Table 1.2,2025-2035,thousands,true,Optional exact join: O*NET occupation_code first 7 characters (SOC detailed XX-XXXX) == bls_matrix_code. Not a fuzzy match. Not a task-exposure label.
      Dental and ophthalmic laboratory technicians and medical appliance technicians,51-9080,Summary,64.3,63,-1.3,-1.9,7.1,47060,—,BLS Employment Projections Occupation.xlsx Table 1.2,2025-2035,thousands,true,Optional exact join: O*NET occupation_code first 7 characters (SOC detailed XX-XXXX) == bls_matrix_code. Not a fuzzy match. Not a task-exposure label.
        Dental laboratory technicians,51-9081,Line item,34.4,32.3,-2,-5.9,3.6,49610,High school diploma or equivalent,BLS Employment Projections Occupation.xlsx Table 1.2,2025-2035,thousands,true,Optional exact join: O*NET occupation_code first 7 characters (SOC detailed XX-XXXX) == bls_matrix_code. Not a fuzzy match. Not a task-exposure label.
        Medical appliance technicians,51-9082,Line item,11.3,11.7,0.4,3.5,1.3,48030,High school diploma or equivalent,BLS Employment Projections Occupation.xlsx Table 1.2,2025-2035,thousands,true,Optional exact join: O*NET occupation_code first 7 characters (SOC detailed XX-XXXX) == bls_matrix_code. Not a fuzzy match. Not a task-exposure label.
        Ophthalmic laboratory technicians,51-9083,Line item,18.6,19,0.4,2.2,2.2,39460,High school diploma or equivalent,BLS Employment Projections Occupation.xlsx Table 1.2,2025-2035,thousands,true,Optional exact join: O*NET occupation_code first 7 characters (SOC detailed XX-XXXX) == bls_matrix_code. Not a fuzzy match. Not a task-exposure label.
      Packaging and filling machine operators and tenders,51-9111,Line item,377.7,393.3,15.6,4.1,41.4,43220,High school diploma or equivalent,BLS Employment Projections Occupation.xlsx Table 1.2,2025-2035,thousands,true,Optional exact join: O*NET occupation_code first 7 characters (SOC detailed XX-XXXX) == bls_matrix_code. Not a fuzzy match. Not a task-exposure label.
      Painting workers,51-9120,Summary,173,177.2,4.2,2.4,16.1,48060,—,BLS Employment Projections Occupation.xlsx Table 1.2,2025-2035,thousands,true,Optional exact join: O*NET occupation_code first 7 characters (SOC detailed XX-XXXX) == bls_matrix_code. Not a fuzzy match. Not a task-exposure label.
"        Painting, coating, and decorating workers",51-9123,Line item,8.2,8.3,0.1,1.3,0.7,41600,No formal educational credential,BLS Employment Projections Occupation.xlsx Table 1.2,2025-2035,thousands,true,Optional exact join: O*NET occupation_code first 7 characters (SOC detailed XX-XXXX) == bls_matrix_code. Not a fuzzy match. Not a task-exposure label.
"        Coating, painting, and spraying machine setters, operators, and tenders",51-9124,Line item,164.8,168.9,4.1,2.5,15.3,48250,High school diploma or equivalent,BLS Employment Projections Occupation.xlsx Table 1.2,2025-2035,thousands,true,Optional exact join: O*NET occupation_code first 7 characters (SOC detailed XX-XXXX) == bls_matrix_code. Not a fuzzy match. Not a task-exposure label.
      Semiconductor processing technicians,51-9141,Line item,31.2,33.8,2.6,8.2,3.4,51430,High school diploma or equivalent,BLS Employment Projections Occupation.xlsx Table 1.2,2025-2035,thousands,true,Optional exact join: O*NET occupation_code first 7 characters (SOC detailed XX-XXXX) == bls_matrix_code. Not a fuzzy match. Not a task-exposure label.
      Photographic process workers and processing machine operators,51-9151,Line item,5.3,5,-0.3,-5.6,0.6,40610,High school diploma or equivalent,BLS Employment Projections Occupation.xlsx Table 1.2,2025-2035,thousands,true,Optional exact join: O*NET occupation_code first 7 characters (SOC detailed XX-XXXX) == bls_matrix_code. Not a fuzzy match. Not a task-exposure label.
      Computer numerically controlled tool operators and programmers,51-9160,Summary,198.6,184.4,-14.2,-7.2,15.2,53380,—,BLS Employment Projections Occupation.xlsx Table 1.2,2025-2035,thousands,true,Optional exact join: O*NET occupation_code first 7 characters (SOC detailed XX-XXXX) == bls_matrix_code. Not a fuzzy match. Not a task-exposure label.
        Computer numerically controlled tool operators,51-9161,Line item,170,154.1,-15.9,-9.4,12.5,50690,High school diploma or equivalent,BLS Employment Projections Occupation.xlsx Table 1.2,2025-2035,thousands,true,Optional exact join: O*NET occupation_code first 7 characters (SOC detailed XX-XXXX) == bls_matrix_code. Not a fuzzy match. Not a task-exposure label.
        Computer numerically controlled tool programmers,51-9162,Line item,28.6,30.3,1.7,5.9,2.7,68120,Postsecondary nondegree award,BLS Employment Projections Occupation.xlsx Table 1.2,2025-2035,thousands,true,Optional exact join: O*NET occupation_code first 7 characters (SOC detailed XX-XXXX) == bls_matrix_code. Not a fuzzy match. Not a task-exposure label.
      Miscellaneous production workers,51-9190,Summary,647.4,636,-11.4,-1.8,68.8,43160,—,BLS Employment Projections Occupation.xlsx Table 1.2,2025-2035,thousands,true,Optional exact join: O*NET occupation_code first 7 characters (SOC detailed XX-XXXX) == bls_matrix_code. Not a fuzzy match. Not a task-exposure label.
        Adhesive bonding machine operators and tenders,51-9191,Line item,12.1,12.2,0.2,1.3,1.3,46460,High school diploma or equivalent,BLS Employment Projections Occupation.xlsx Table 1.2,2025-2035,thousands,true,Optional exact join: O*NET occupation_code first 7 characters (SOC detailed XX-XXXX) == bls_matrix_code. Not a fuzzy match. Not a task-exposure label.
"        Cleaning, washing, and metal pickling equipment operators and tenders",51-9192,Line item,16.2,16.8,0.5,3.4,1.7,43530,High school diploma or equivalent,BLS Employment Projections Occupation.xlsx Table 1.2,2025-2035,thousands,true,Optional exact join: O*NET occupation_code first 7 characters (SOC detailed XX-XXXX) == bls_matrix_code. Not a fuzzy match. Not a task-exposure label.
        Cooling and freezing equipment operators and tenders,51-9193,Line item,7.7,8.1,0.5,5.9,0.8,41330,High school diploma or equivalent,BLS Employment Projections Occupation.xlsx Table 1.2,2025-2035,thousands,true,Optional exact join: O*NET occupation_code first 7 characters (SOC detailed XX-XXXX) == bls_matrix_code. Not a fuzzy match. Not a task-exposure label.
        Etchers and engravers,51-9194,Line item,8.9,8.8,-0.1,-0.7,0.8,43310,High school diploma or equivalent,BLS Employment Projections Occupation.xlsx Table 1.2,2025-2035,thousands,true,Optional exact join: O*NET occupation_code first 7 characters (SOC detailed XX-XXXX) == bls_matrix_code. Not a fuzzy match. Not a task-exposure label.
"        Molders, shapers, and casters, except metal and plastic",51-9195,Line item,43,45.5,2.5,5.8,5.1,46170,High school diploma or equivalent,BLS Employment Projections Occupation.xlsx Table 1.2,2025-2035,thousands,true,Optional exact join: O*NET occupation_code first 7 characters (SOC detailed XX-XXXX) == bls_matrix_code. Not a fuzzy match. Not a task-exposure label.
"        Paper goods machine setters, operators, and tenders",51-9196,Line item,96.1,92.6,-3.5,-3.6,9,50270,High school diploma or equivalent,BLS Employment Projections Occupation.xlsx Table 1.2,2025-2035,thousands,true,Optional exact join: O*NET occupation_code first 7 characters (SOC detailed XX-XXXX) == bls_matrix_code. Not a fuzzy match. Not a task-exposure label.
        Tire builders,51-9197,Line item,20.3,20.5,0.2,0.8,1.9,57390,High school diploma or equivalent,BLS Employment Projections Occupation.xlsx Table 1.2,2025-2035,thousands,true,Optional exact join: O*NET occupation_code first 7 characters (SOC detailed XX-XXXX) == bls_matrix_code. Not a fuzzy match. Not a task-exposure label.
        Helpers--production workers,51-9198,Line item,167.4,153.6,-13.8,-8.2,20.9,39070,High school diploma or equivalent,BLS Employment Projections Occupation.xlsx Table 1.2,2025-2035,thousands,true,Optional exact join: O*NET occupation_code first 7 characters (SOC detailed XX-XXXX) == bls_matrix_code. Not a fuzzy match. Not a task-exposure label.
"        Production workers, all other",51-9199,Line item,275.7,277.8,2.1,0.8,27.3,40110,High school diploma or equivalent,BLS Employment Projections Occupation.xlsx Table 1.2,2025-2035,thousands,true,Optional exact join: O*NET occupation_code first 7 characters (SOC detailed XX-XXXX) == bls_matrix_code. Not a fuzzy match. Not a task-exposure label.
  Transportation and material moving occupations,53-0000,Summary,14139,14740.4,601.4,4.3,1643.6,44350,—,BLS Employment Projections Occupation.xlsx Table 1.2,2025-2035,thousands,true,Optional exact join: O*NET occupation_code first 7 characters (SOC detailed XX-XXXX) == bls_matrix_code. Not a fuzzy match. Not a task-exposure label.
    Supervisors of transportation and material moving workers,53-1000,Summary,631.2,650.9,19.7,3.1,55.8,62840,—,BLS Employment Projections Occupation.xlsx Table 1.2,2025-2035,thousands,true,Optional exact join: O*NET occupation_code first 7 characters (SOC detailed XX-XXXX) == bls_matrix_code. Not a fuzzy match. Not a task-exposure label.
      Aircraft cargo handling supervisors,53-1041,Line item,9.7,10.6,0.9,9.2,0.9,58170,High school diploma or equivalent,BLS Employment Projections Occupation.xlsx Table 1.2,2025-2035,thousands,true,Optional exact join: O*NET occupation_code first 7 characters (SOC detailed XX-XXXX) == bls_matrix_code. Not a fuzzy match. Not a task-exposure label.
"      First-line supervisors of transportation and material moving workers, except aircraft cargo handling supervisors",53-1047,Line item,621.5,640.3,18.8,3,54.9,62890,High school diploma or equivalent,BLS Employment Projections Occupation.xlsx Table 1.2,2025-2035,thousands,true,Optional exact join: O*NET occupation_code first 7 characters (SOC detailed XX-XXXX) == bls_matrix_code. Not a fuzzy match. Not a task-exposure label.
    Air transportation workers,53-2000,Summary,327.8,352.6,24.8,7.6,38.5,108460,—,BLS Employment Projections Occupation.xlsx Table 1.2,2025-2035,thousands,true,Optional exact join: O*NET occupation_code first 7 characters (SOC detailed XX-XXXX) == bls_matrix_code. Not a fuzzy match. Not a task-exposure label.
      Aircraft pilots and flight engineers,53-2010,Summary,154.9,166.3,11.3,7.3,16.4,210020,—,BLS Employment Projections Occupation.xlsx Table 1.2,2025-2035,thousands,true,Optional exact join: O*NET occupation_code first 7 characters (SOC detailed XX-XXXX) == bls_matrix_code. Not a fuzzy match. Not a task-exposure label.
"        Airline pilots, copilots, and flight engineers",53-2011,Line item,104.6,113.3,8.7,8.3,11.2,232140,Bachelor's degree,BLS Employment Projections Occupation.xlsx Table 1.2,2025-2035,thousands,true,Optional exact join: O*NET occupation_code first 7 characters (SOC detailed XX-XXXX) == bls_matrix_code. Not a fuzzy match. Not a task-exposure label.
        Commercial pilots,53-2012,Line item,50.4,53,2.6,5.2,5.2,123220,Postsecondary nondegree award,BLS Employment Projections Occupation.xlsx Table 1.2,2025-2035,thousands,true,Optional exact join: O*NET occupation_code first 7 characters (SOC detailed XX-XXXX) == bls_matrix_code. Not a fuzzy match. Not a task-exposure label.
      Air traffic controllers and airfield operations specialists,53-2020,Summary,39.2,40.9,1.6,4.1,3.6,101380,—,BLS Employment Projections Occupation.xlsx Table 1.2,2025-2035,thousands,true,Optional exact join: O*NET occupation_code first 7 characters (SOC detailed XX-XXXX) == bls_matrix_code. Not a fuzzy match. Not a task-exposure label.
        Air traffic controllers,53-2021,Line item,24,24.4,0.4,1.7,2.1,148080,Associate's degree,BLS Employment Projections Occupation.xlsx Table 1.2,2025-2035,thousands,true,Optional exact join: O*NET occupation_code first 7 characters (SOC detailed XX-XXXX) == bls_matrix_code. Not a fuzzy match. Not a task-exposure label.
        Airfield operations specialists,53-2022,Line item,15.3,16.5,1.2,7.8,1.5,56850,High school diploma or equivalent,BLS Employment Projections Occupation.xlsx Table 1.2,2025-2035,thousands,true,Optional exact join: O*NET occupation_code first 7 characters (SOC detailed XX-XXXX) == bls_matrix_code. Not a fuzzy match. Not a task-exposure label.
      Flight attendants,53-2031,Line item,133.7,145.5,11.8,8.8,18.5,63580,High school diploma or equivalent,BLS Employment Projections Occupation.xlsx Table 1.2,2025-2035,thousands,true,Optional exact join: O*NET occupation_code first 7 characters (SOC detailed XX-XXXX) == bls_matrix_code. Not a fuzzy match. Not a task-exposure label.
    Motor vehicle operators,53-3000,Summary,4820.3,5059.6,239.3,5,508.9,49370,—,BLS Employment Projections Occupation.xlsx Table 1.2,2025-2035,thousands,true,Optional exact join: O*NET occupation_code first 7 characters (SOC detailed XX-XXXX) == bls_matrix_code. Not a fuzzy match. Not a task-exposure label.
"      Ambulance drivers and attendants, except emergency medical technicians",53-3011,Line item,14.3,14.1,-0.2,-1.3,1.4,35450,High school diploma or equivalent,BLS Employment Projections Occupation.xlsx Table 1.2,2025-2035,thousands,true,Optional exact join: O*NET occupation_code first 7 characters (SOC detailed XX-XXXX) == bls_matrix_code. Not a fuzzy match. Not a task-exposure label.
      Driver/sales workers and truck drivers,53-3030,Summary,3732.6,3919.4,186.8,5,367.2,50390,—,BLS Employment Projections Occupation.xlsx Table 1.2,2025-2035,thousands,true,Optional exact join: O*NET occupation_code first 7 characters (SOC detailed XX-XXXX) == bls_matrix_code. Not a fuzzy match. Not a task-exposure label.
        Driver/sales workers,53-3031,Line item,442.9,478.1,35.2,7.9,45.5,38770,High school diploma or equivalent,BLS Employment Projections Occupation.xlsx Table 1.2,2025-2035,thousands,true,Optional exact join: O*NET occupation_code first 7 characters (SOC detailed XX-XXXX) == bls_matrix_code. Not a fuzzy match. Not a task-exposure label.
        Heavy and tractor-trailer truck drivers,53-3032,Line item,2221.2,2305,83.8,3.8,214.5,58640,Postsecondary nondegree award,BLS Employment Projections Occupation.xlsx Table 1.2,2025-2035,thousands,true,Optional exact join: O*NET occupation_code first 7 characters (SOC detailed XX-XXXX) == bls_matrix_code. Not a fuzzy match. Not a task-exposure label.
        Light truck drivers,53-3033,Line item,1068.5,1136.4,67.8,6.3,107.2,44860,High school diploma or equivalent,BLS Employment Projections Occupation.xlsx Table 1.2,2025-2035,thousands,true,Optional exact join: O*NET occupation_code first 7 characters (SOC detailed XX-XXXX) == bls_matrix_code. Not a fuzzy match. Not a task-exposure label.
      Passenger vehicle drivers,53-3050,Summary,1018.9,1070.1,51.2,5,133.4,46740,—,BLS Employment Projections Occupation.xlsx Table 1.2,2025-2035,thousands,true,Optional exact join: O*NET occupation_code first 7 characters (SOC detailed XX-XXXX) == bls_matrix_code. Not a fuzzy match. Not a task-exposure label.
"        Bus drivers, school",53-3051,Line item,396.8,399.7,2.9,0.7,56.5,47920,High school diploma or equivalent,BLS Employment Projections Occupation.xlsx Table 1.2,2025-2035,thousands,true,Optional exact join: O*NET occupation_code first 7 characters (SOC detailed XX-XXXX) == bls_matrix_code. Not a fuzzy match. Not a task-exposure label.
"        Bus drivers, transit and intercity",53-3052,Line item,166.4,173.3,6.9,4.1,21.1,59050,High school diploma or equivalent,BLS Employment Projections Occupation.xlsx Table 1.2,2025-2035,thousands,true,Optional exact join: O*NET occupation_code first 7 characters (SOC detailed XX-XXXX) == bls_matrix_code. Not a fuzzy match. Not a task-exposure label.
        Shuttle drivers and chauffeurs,53-3053,Line item,251.5,269.4,17.9,7.1,35.5,37290,No formal educational credential,BLS Employment Projections Occupation.xlsx Table 1.2,2025-2035,thousands,true,Optional exact join: O*NET occupation_code first 7 characters (SOC detailed XX-XXXX) == bls_matrix_code. Not a fuzzy match. Not a task-exposure label.
        Taxi drivers,53-3054,Line item,204.2,227.7,23.5,11.5,20.4,42100,No formal educational credential,BLS Employment Projections Occupation.xlsx Table 1.2,2025-2035,thousands,true,Optional exact join: O*NET occupation_code first 7 characters (SOC detailed XX-XXXX) == bls_matrix_code. Not a fuzzy match. Not a task-exposure label.
"      Motor vehicle operators, all other",53-3099,Line item,54.5,56,1.5,2.8,6.9,37180,No formal educational credential,BLS Employment Projections Occupation.xlsx Table 1.2,2025-2035,thousands,true,Optional exact join: O*NET occupation_code first 7 characters (SOC detailed XX-XXXX) == bls_matrix_code. Not a fuzzy match. Not a task-exposure label.
    Rail transportation workers,53-4000,Summary,92.2,93.2,1,1.1,7.1,78820,—,BLS Employment Projections Occupation.xlsx Table 1.2,2025-2035,thousands,true,Optional exact join: O*NET occupation_code first 7 characters (SOC detailed XX-XXXX) == bls_matrix_code. Not a fuzzy match. Not a task-exposure label.
      Locomotive engineers and operators,53-4010,Summary,31,31.2,0.2,0.5,2.2,79940,—,BLS Employment Projections Occupation.xlsx Table 1.2,2025-2035,thousands,true,Optional exact join: O*NET occupation_code first 7 characters (SOC detailed XX-XXXX) == bls_matrix_code. Not a fuzzy match. Not a task-exposure label.
        Locomotive engineers,53-4011,Line item,27.4,27.6,0.1,0.5,2,81410,High school diploma or equivalent,BLS Employment Projections Occupation.xlsx Table 1.2,2025-2035,thousands,true,Optional exact join: O*NET occupation_code first 7 characters (SOC detailed XX-XXXX) == bls_matrix_code. Not a fuzzy match. Not a task-exposure label.
"        Rail yard engineers, dinkey operators, and hostlers",53-4013,Line item,3.5,3.6,0,0.8,0.3,60600,High school diploma or equivalent,BLS Employment Projections Occupation.xlsx Table 1.2,2025-2035,thousands,true,Optional exact join: O*NET occupation_code first 7 characters (SOC detailed XX-XXXX) == bls_matrix_code. Not a fuzzy match. Not a task-exposure label.
"      Railroad brake, signal, and switch operators and locomotive firers",53-4022,Line item,10.7,10.8,0.1,0.8,0.9,68840,High school diploma or equivalent,BLS Employment Projections Occupation.xlsx Table 1.2,2025-2035,thousands,true,Optional exact join: O*NET occupation_code first 7 characters (SOC detailed XX-XXXX) == bls_matrix_code. Not a fuzzy match. Not a task-exposure label.
      Railroad conductors and yardmasters,53-4031,Line item,38.9,39.2,0.3,0.9,3,78000,High school diploma or equivalent,BLS Employment Projections Occupation.xlsx Table 1.2,2025-2035,thousands,true,Optional exact join: O*NET occupation_code first 7 characters (SOC detailed XX-XXXX) == bls_matrix_code. Not a fuzzy match. Not a task-exposure label.
      Subway and streetcar operators,53-4041,Line item,10.5,10.9,0.4,3.7,0.9,86380,High school diploma or equivalent,BLS Employment Projections Occupation.xlsx Table 1.2,2025-2035,thousands,true,Optional exact join: O*NET occupation_code first 7 characters (SOC detailed XX-XXXX) == bls_matrix_code. Not a fuzzy match. Not a task-exposure label.
"      Rail transportation workers, all other",53-4099,Line item,1.1,1.2,0.1,4.4,0.1,56360,High school diploma or equivalent,BLS Employment Projections Occupation.xlsx Table 1.2,2025-2035,thousands,true,Optional exact join: O*NET occupation_code first 7 characters (SOC detailed XX-XXXX) == bls_matrix_code. Not a fuzzy match. Not a task-exposure label.
    Water transportation workers,53-5000,Summary,85.9,89,3.1,3.6,8.6,71860,—,BLS Employment Projections Occupation.xlsx Table 1.2,2025-2035,thousands,true,Optional exact join: O*NET occupation_code first 7 characters (SOC detailed XX-XXXX) == bls_matrix_code. Not a fuzzy match. Not a task-exposure label.
      Sailors and marine oilers,53-5011,Line item,33,34.1,1.1,3.2,3.6,51520,No formal educational credential,BLS Employment Projections Occupation.xlsx Table 1.2,2025-2035,thousands,true,Optional exact join: O*NET occupation_code first 7 characters (SOC detailed XX-XXXX) == bls_matrix_code. Not a fuzzy match. Not a task-exposure label.
      Ship and boat captains and operators,53-5020,Summary,44,45.8,1.8,4.1,4.1,86940,—,BLS Employment Projections Occupation.xlsx Table 1.2,2025-2035,thousands,true,Optional exact join: O*NET occupation_code first 7 characters (SOC detailed XX-XXXX) == bls_matrix_code. Not a fuzzy match. Not a task-exposure label.
"        Captains, mates, and pilots of water vessels",53-5021,Line item,41.3,42.9,1.7,4,3.8,92460,Postsecondary nondegree award,BLS Employment Projections Occupation.xlsx Table 1.2,2025-2035,thousands,true,Optional exact join: O*NET occupation_code first 7 characters (SOC detailed XX-XXXX) == bls_matrix_code. Not a fuzzy match. Not a task-exposure label.
        Motorboat operators,53-5022,Line item,2.8,2.9,0.1,4.9,0.3,47520,Postsecondary nondegree award,BLS Employment Projections Occupation.xlsx Table 1.2,2025-2035,thousands,true,Optional exact join: O*NET occupation_code first 7 characters (SOC detailed XX-XXXX) == bls_matrix_code. Not a fuzzy match. Not a task-exposure label.
      Ship engineers,53-5031,Line item,8.8,9,0.2,2.7,0.9,109530,Postsecondary nondegree award,BLS Employment Projections Occupation.xlsx Table 1.2,2025-2035,thousands,true,Optional exact join: O*NET occupation_code first 7 characters (SOC detailed XX-XXXX) == bls_matrix_code. Not a fuzzy match. Not a task-exposure label.
    Other transportation workers,53-6000,Summary,350,361.4,11.4,3.3,42.7,36460,—,BLS Employment Projections Occupation.xlsx Table 1.2,2025-2035,thousands,true,Optional exact join: O*NET occupation_code first 7 characters (SOC detailed XX-XXXX) == bls_matrix_code. Not a fuzzy match. Not a task-exposure label.
      Bridge and lock tenders,53-6011,Line item,3.1,3.1,-0.1,-2.3,0.3,57700,High school diploma or equivalent,BLS Employment Projections Occupation.xlsx Table 1.2,2025-2035,thousands,true,Optional exact join: O*NET occupation_code first 7 characters (SOC detailed XX-XXXX) == bls_matrix_code. Not a fuzzy match. Not a task-exposure label.
      Parking attendants,53-6021,Line item,139.2,142,2.8,2,16.4,35150,No formal educational credential,BLS Employment Projections Occupation.xlsx Table 1.2,2025-2035,thousands,true,Optional exact join: O*NET occupation_code first 7 characters (SOC detailed XX-XXXX) == bls_matrix_code. Not a fuzzy match. Not a task-exposure label.
      Transportation service attendants,53-6030,Summary,133.6,139.3,5.7,4.2,16.9,36330,—,BLS Employment Projections Occupation.xlsx Table 1.2,2025-2035,thousands,true,Optional exact join: O*NET occupation_code first 7 characters (SOC detailed XX-XXXX) == bls_matrix_code. Not a fuzzy match. Not a task-exposure label.
        Automotive and watercraft service attendants,53-6031,Line item,102.4,106.3,3.9,3.8,12.9,35670,No formal educational credential,BLS Employment Projections Occupation.xlsx Table 1.2,2025-2035,thousands,true,Optional exact join: O*NET occupation_code first 7 characters (SOC detailed XX-XXXX) == bls_matrix_code. Not a fuzzy match. Not a task-exposure label.
        Aircraft service attendants,53-6032,Line item,31.2,32.9,1.7,5.6,4,40450,High school diploma or equivalent,BLS Employment Projections Occupation.xlsx Table 1.2,2025-2035,thousands,true,Optional exact join: O*NET occupation_code first 7 characters (SOC detailed XX-XXXX) == bls_matrix_code. Not a fuzzy match. Not a task-exposure label.
      Traffic technicians,53-6041,Line item,8.1,8.4,0.3,4,0.9,59090,High school diploma or equivalent,BLS Employment Projections Occupation.xlsx Table 1.2,2025-2035,thousands,true,Optional exact join: O*NET occupation_code first 7 characters (SOC detailed XX-XXXX) == bls_matrix_code. Not a fuzzy match. Not a task-exposure label.
      Transportation inspectors,53-6051,Line item,25.1,25.6,0.6,2.2,2.3,92100,High school diploma or equivalent,BLS Employment Projections Occupation.xlsx Table 1.2,2025-2035,thousands,true,Optional exact join: O*NET occupation_code first 7 characters (SOC detailed XX-XXXX) == bls_matrix_code. Not a fuzzy match. Not a task-exposure label.
      Passenger attendants,53-6061,Line item,27.2,28.9,1.6,6,4.3,37720,High school diploma or equivalent,BLS Employment Projections Occupation.xlsx Table 1.2,2025-2035,thousands,true,Optional exact join: O*NET occupation_code first 7 characters (SOC detailed XX-XXXX) == bls_matrix_code. Not a fuzzy match. Not a task-exposure label.
"      Transportation workers, all other",53-6099,Line item,13.7,14.3,0.5,4,1.6,45650,High school diploma or equivalent,BLS Employment Projections Occupation.xlsx Table 1.2,2025-2035,thousands,true,Optional exact join: O*NET occupation_code first 7 characters (SOC detailed XX-XXXX) == bls_matrix_code. Not a fuzzy match. Not a task-exposure label.
    Material moving workers,53-7000,Summary,7831.6,8133.7,302.1,3.9,982,39000,—,BLS Employment Projections Occupation.xlsx Table 1.2,2025-2035,thousands,true,Optional exact join: O*NET occupation_code first 7 characters (SOC detailed XX-XXXX) == bls_matrix_code. Not a fuzzy match. Not a task-exposure label.
      Conveyor operators and tenders,53-7011,Line item,29,28.2,-0.8,-2.6,2.2,42420,No formal educational credential,BLS Employment Projections Occupation.xlsx Table 1.2,2025-2035,thousands,true,Optional exact join: O*NET occupation_code first 7 characters (SOC detailed XX-XXXX) == bls_matrix_code. Not a fuzzy match. Not a task-exposure label.
      Crane and tower operators,53-7021,Line item,42.9,44.5,1.6,3.8,3.5,68080,High school diploma or equivalent,BLS Employment Projections Occupation.xlsx Table 1.2,2025-2035,thousands,true,Optional exact join: O*NET occupation_code first 7 characters (SOC detailed XX-XXXX) == bls_matrix_code. Not a fuzzy match. Not a task-exposure label.
      Dredge operators,53-7031,Line item,1.3,1.3,0,0.7,0.1,49640,High school diploma or equivalent,BLS Employment Projections Occupation.xlsx Table 1.2,2025-2035,thousands,true,Optional exact join: O*NET occupation_code first 7 characters (SOC detailed XX-XXXX) == bls_matrix_code. Not a fuzzy match. Not a task-exposure label.
      Hoist and winch operators,53-7041,Line item,3.2,3.2,0,0.2,0.3,56450,No formal educational credential,BLS Employment Projections Occupation.xlsx Table 1.2,2025-2035,thousands,true,Optional exact join: O*NET occupation_code first 7 characters (SOC detailed XX-XXXX) == bls_matrix_code. Not a fuzzy match. Not a task-exposure label.
      Industrial truck and tractor operators,53-7051,Line item,765.2,776.3,11.1,1.5,64.7,46420,No formal educational credential,BLS Employment Projections Occupation.xlsx Table 1.2,2025-2035,thousands,true,Optional exact join: O*NET occupation_code first 7 characters (SOC detailed XX-XXXX) == bls_matrix_code. Not a fuzzy match. Not a task-exposure label.
      Laborers and material movers,53-7060,Summary,6761.4,7047.1,285.6,4.2,888.6,38130,—,BLS Employment Projections Occupation.xlsx Table 1.2,2025-2035,thousands,true,Optional exact join: O*NET occupation_code first 7 characters (SOC detailed XX-XXXX) == bls_matrix_code. Not a fuzzy match. Not a task-exposure label.
        Cleaners of vehicles and equipment,53-7061,Line item,419.5,435.8,16.3,3.9,51.5,35830,No formal educational credential,BLS Employment Projections Occupation.xlsx Table 1.2,2025-2035,thousands,true,Optional exact join: O*NET occupation_code first 7 characters (SOC detailed XX-XXXX) == bls_matrix_code. Not a fuzzy match. Not a task-exposure label.
"        Laborers and freight, stock, and material movers, hand",53-7062,Line item,2940.3,2991.9,51.6,1.8,340.5,40240,No formal educational credential,BLS Employment Projections Occupation.xlsx Table 1.2,2025-2035,thousands,true,Optional exact join: O*NET occupation_code first 7 characters (SOC detailed XX-XXXX) == bls_matrix_code. Not a fuzzy match. Not a task-exposure label.
        Machine feeders and offbearers,53-7063,Line item,41.8,36.3,-5.5,-13.1,4,41220,No formal educational credential,BLS Employment Projections Occupation.xlsx Table 1.2,2025-2035,thousands,true,Optional exact join: O*NET occupation_code first 7 characters (SOC detailed XX-XXXX) == bls_matrix_code. Not a fuzzy match. Not a task-exposure label.
"        Packers and packagers, hand",53-7064,Line item,555.5,528,-27.5,-5,61.8,36280,No formal educational credential,BLS Employment Projections Occupation.xlsx Table 1.2,2025-2035,thousands,true,Optional exact join: O*NET occupation_code first 7 characters (SOC detailed XX-XXXX) == bls_matrix_code. Not a fuzzy match. Not a task-exposure label.
        Stockers and order fillers,53-7065,Line item,2804.3,3055,250.7,8.9,430.7,37330,No formal educational credential,BLS Employment Projections Occupation.xlsx Table 1.2,2025-2035,thousands,true,Optional exact join: O*NET occupation_code first 7 characters (SOC detailed XX-XXXX) == bls_matrix_code. Not a fuzzy match. Not a task-exposure label.
      Pumping station operators,53-7070,Summary,31.6,31.8,0.1,0.4,3,65190,—,BLS Employment Projections Occupation.xlsx Table 1.2,2025-2035,thousands,true,Optional exact join: O*NET occupation_code first 7 characters (SOC detailed XX-XXXX) == bls_matrix_code. Not a fuzzy match. Not a task-exposure label.
        Gas compressor and gas pumping station operators,53-7071,Line item,3.5,3.6,0.1,2.1,0.3,77320,High school diploma or equivalent,BLS Employment Projections Occupation.xlsx Table 1.2,2025-2035,thousands,true,Optional exact join: O*NET occupation_code first 7 characters (SOC detailed XX-XXXX) == bls_matrix_code. Not a fuzzy match. Not a task-exposure label.
"        Pump operators, except wellhead pumpers",53-7072,Line item,9.8,10.2,0.4,4.3,1,61770,High school diploma or equivalent,BLS Employment Projections Occupation.xlsx Table 1.2,2025-2035,thousands,true,Optional exact join: O*NET occupation_code first 7 characters (SOC detailed XX-XXXX) == bls_matrix_code. Not a fuzzy match. Not a task-exposure label.
        Wellhead pumpers,53-7073,Line item,18.4,18,-0.4,-2,1.7,69960,High school diploma or equivalent,BLS Employment Projections Occupation.xlsx Table 1.2,2025-2035,thousands,true,Optional exact join: O*NET occupation_code first 7 characters (SOC detailed XX-XXXX) == bls_matrix_code. Not a fuzzy match. Not a task-exposure label.
      Refuse and recyclable material collectors,53-7081,Line item,156.4,159.6,3.2,2.1,15.5,49690,No formal educational credential,BLS Employment Projections Occupation.xlsx Table 1.2,2025-2035,thousands,true,Optional exact join: O*NET occupation_code first 7 characters (SOC detailed XX-XXXX) == bls_matrix_code. Not a fuzzy match. Not a task-exposure label.
"      Tank car, truck, and ship loaders",53-7121,Line item,12.8,13.2,0.4,2.8,1.3,58870,No formal educational credential,BLS Employment Projections Occupation.xlsx Table 1.2,2025-2035,thousands,true,Optional exact join: O*NET occupation_code first 7 characters (SOC detailed XX-XXXX) == bls_matrix_code. Not a fuzzy match. Not a task-exposure label.
"      Material moving workers, all other",53-7199,Line item,27.8,28.6,0.8,2.7,2.8,41800,No formal educational credential,BLS Employment Projections Occupation.xlsx Table 1.2,2025-2035,thousands,true,Optional exact join: O*NET occupation_code first 7 characters (SOC detailed XX-XXXX) == bls_matrix_code. Not a fuzzy match. Not a task-exposure label.
Note:,,,,,,,,,,BLS Employment Projections Occupation.xlsx Table 1.2,2025-2035,thousands,true,Optional exact join: O*NET occupation_code first 7 characters (SOC detailed XX-XXXX) == bls_matrix_code. Not a fuzzy match. Not a task-exposure label.
"Wage data are from the Occupational Employment and Wage Statistics program. The wage data cover non-farm wage and salary workers and do not cover the self-employed, owners and partners in unincorporated firms, or household workers.",,,,,,,,,,BLS Employment Projections Occupation.xlsx Table 1.2,2025-2035,thousands,true,Optional exact join: O*NET occupation_code first 7 characters (SOC detailed XX-XXXX) == bls_matrix_code. Not a fuzzy match. Not a task-exposure label.
"Data is unavailable for values denoted with a ""—"".",,,,,,,,,,BLS Employment Projections Occupation.xlsx Table 1.2,2025-2035,thousands,true,Optional exact join: O*NET occupation_code first 7 characters (SOC detailed XX-XXXX) == bls_matrix_code. Not a fuzzy match. Not a task-exposure label.
Employment subcategories do not necessarily add to higher categories due to rounding and excluded occupational data. ,,,,,,,,,,BLS Employment Projections Occupation.xlsx Table 1.2,2025-2035,thousands,true,Optional exact join: O*NET occupation_code first 7 characters (SOC detailed XX-XXXX) == bls_matrix_code. Not a fuzzy match. Not a task-exposure label.
Source: U.S. Bureau of Labor Statistics.,,,,,,,,,,BLS Employment Projections Occupation.xlsx Table 1.2,2025-2035,thousands,true,Optional exact join: O*NET occupation_code first 7 characters (SOC detailed XX-XXXX) == bls_matrix_code. Not a fuzzy match. Not a task-exposure label.
