occupation_code,soc_code,occupation_title,task_id,task_text,normalized_task_text,task_group_id,reviewer_1_score,reviewer_2_score,reviewer_1_rationale,reviewer_2_rationale,reviewer_mean_score,absolute_disagreement,adjudicated_exposure_score,label_confidence,requires_adjudication,adjudication_status,adjudication_reason,adjudication_rationale,resolution_method,label_source,label_version,label_date,source_citations,not_human_ground_truth
33-1091.00,33,First-Line Supervisors of Security Workers,22955,"Schedule training or drills for emergencies, such as fires, bombs, and other threats.","schedule training or drills for emergencies, such as fires, bombs, and other threats",tg_95f587e1cc9ecc24,0.50,0.50,"Scheduling emergency drills is information work that AI can draft from staffing and facility constraints, but threat timing and on-site coordination still need a supervisor.","Scheduling drills is information work AI can draft, but emergency timing, staffing, and threat fit still need a supervisor's judgment.",0.50,0.00,0.50,1.00,false,identical,identical_scores,,identical_scores,provisional_ai_weak_supervision,ai-pass-v1,2026-10-02,O*NET 31.0 Task Statements,true
11-3021.00,11,Computer and Information Systems Managers,974,Control operational budget and expenditures.,control operational budget and expenditures,tg_ab54d1f7b791e009,0.50,0.50,"Budget control is digital financial analysis where AI can flag variances and draft spend summaries, yet trade-off and authorization judgment remain essential.","Budget control is digital and AI can flag spend, yet allocation tradeoffs and authorization remain a manager's judgment.",0.50,0.00,0.50,1.00,false,identical,identical_scores,,identical_scores,provisional_ai_weak_supervision,ai-pass-v1,2026-10-02,O*NET 31.0 Task Statements,true
25-1082.00,25,"Library Science Teachers, Postsecondary",6172,"Prepare and deliver lectures to undergraduate or graduate students on topics such as collection development, archival methods, and indexing and abstracting.","prepare and deliver lectures to undergraduate or graduate students on topics such as collection development, archival methods, and indexing and abstracting",tg_28b16016846edc34,0.25,0.25,"Lecture preparation can be AI-assisted, but delivering live instruction to students is interpersonal and in-person dependent, so exposure stays low.","Lecture prep is AI-assistable, but delivering live instruction to students is in-person interpersonal work AI cannot substitute.",0.25,0.00,0.25,1.00,false,identical,identical_scores,,identical_scores,provisional_ai_weak_supervision,ai-pass-v1,2026-10-02,O*NET 31.0 Task Statements,true
19-2041.01,19,Climate Change Policy Analysts,16849,"Provide analytical support for policy briefs related to renewable energy, energy efficiency, or climate change.","provide analytical support for policy briefs related to renewable energy, energy efficiency, or climate change",tg_18215a149e0cf321,0.50,0.50,"Policy-brief analysis is document and data work that AI can draft, while energy and climate judgment and source selection still require an analyst.",Policy-brief analysis is text/data work AI can draft well; climate and energy framing still needs analyst judgment and source checks.,0.50,0.00,0.50,1.00,false,identical,identical_scores,,identical_scores,provisional_ai_weak_supervision,ai-pass-v1,2026-10-02,O*NET 31.0 Task Statements,true
29-1181.00,29,Audiologists,18675,Participate in conferences or training to update or share knowledge of new hearing or balance disorder treatment methods or technologies.,participate in conferences or training to update or share knowledge of new hearing or balance disorder treatment methods or technologies,tg_18d2dba480ee6022,0.00,0.25,Participating in conferences or training to share clinical methods is in-person professional presence with no meaningful current AI substitution of attendance.,Attending and presenting at professional conferences is in-person knowledge-sharing; AI can only help prepare notes.,0.1250,0.25,0.00,0.85,false,deterministic_mean,deterministic_mean_and_snap,,deterministic_mean_snap,provisional_ai_weak_supervision,ai-pass-v1,2026-10-02,O*NET 31.0 Task Statements,true
47-4031.00,47,Fence Erectors,13624,"Align posts, by lines or sighting, and verify vertical alignment of posts, using plumb bobs or spirit levels.","align posts, by lines or sighting, and verify vertical alignment of posts, using plumb bobs or spirit levels",tg_82c616b82e9a4586,0.00,0.00,Aligning fence posts by sight with plumb bobs or spirit levels is on-site physical construction that current AI cannot perform.,Sighting posts and using plumb bobs or spirit levels is on-site physical alignment that depends on presence and visual-spatial sensing.,0.00,0.00,0.00,1.00,false,identical,identical_scores,,identical_scores,provisional_ai_weak_supervision,ai-pass-v1,2026-10-02,O*NET 31.0 Task Statements,true
49-3093.00,49,Tire Repairers and Changers,8364,"Raise vehicles, using hydraulic jacks.","raise vehicles, using hydraulic jacks",tg_d8eb62d41b4dee15,0.00,0.00,Raising vehicles with hydraulic jacks is hands-on physical shop work with no digital substitute in typical practice.,Raising vehicles with hydraulic jacks is hands-on physical work with no meaningful AI substitution of the task itself.,0.00,0.00,0.00,1.00,false,identical,identical_scores,,identical_scores,provisional_ai_weak_supervision,ai-pass-v1,2026-10-02,O*NET 31.0 Task Statements,true
47-5032.00,47,"Explosives Workers, Ordnance Handling Experts, and Blasters",9922,"Repair and service blasting, shooting, and automotive equipment, and electrical wiring and instruments, using hand tools.","repair and service blasting, shooting, and automotive equipment, and electrical wiring and instruments, using hand tools",tg_6698630ddef4ed5c,0.00,0.00,"Repairing blasting, shooting, and automotive equipment with hand tools is physical servicing of hardware in the field.",Servicing blasting and shooting equipment with hand tools is physical repair plus explicit explosives safety risk.,0.00,0.00,0.00,1.00,false,identical,identical_scores,,identical_scores,provisional_ai_weak_supervision,ai-pass-v1,2026-10-02,O*NET 31.0 Task Statements,true
11-2011.00,11,Advertising and Promotions Managers,3245,Represent company at trade association meetings to promote products.,represent company at trade association meetings to promote products,tg_884e7658600172a9,0.00,0.25,Representing the company at trade association meetings is in-person promotional presence rather than digital information work.,Representing the firm at trade meetings is in-person promotion and relationship work; AI can only draft talking points.,0.1250,0.25,0.00,0.85,false,deterministic_mean,deterministic_mean_and_snap,,deterministic_mean_snap,provisional_ai_weak_supervision,ai-pass-v1,2026-10-02,O*NET 31.0 Task Statements,true
27-4032.00,27,Film and Video Editors,4056,Verify key numbers and time codes on materials.,verify key numbers and time codes on materials,tg_38e082dc8a26baa3,0.75,0.75,"Verifying key numbers and time codes is routine digital matching that editing software and AI already handle well, with only brief human QC typical.",Verifying key numbers and time codes is routine digital matching where AI can do most of the check with brief human oversight.,0.75,0.00,0.75,1.00,false,identical,identical_scores,,identical_scores,provisional_ai_weak_supervision,ai-pass-v1,2026-10-02,O*NET 31.0 Task Statements,true
49-9092.00,49,Commercial Divers,13863,Install pilings or footings for piers or bridges.,install pilings or footings for piers or bridges,tg_381956b151e30d58,0.00,0.00,Installing pilings or footings for piers or bridges is underwater physical construction by commercial divers.,Installing pilings or footings for piers or bridges is underwater/on-site construction that is fully physical and safety-critical.,0.00,0.00,0.00,1.00,false,identical,identical_scores,,identical_scores,provisional_ai_weak_supervision,ai-pass-v1,2026-10-02,O*NET 31.0 Task Statements,true
51-6052.00,51,"Tailors, Dressmakers, and Custom Sewers",12184,"Fit, alter, repair, and make made-to-measure clothing, according to customers' and clothing manufacturers' specifications and fit, and applying principles of garment design, construction, and styling.","fit, alter, repair, and make made-to-measure clothing, according to customers' and clothing manufacturers' specifications and fit, and applying principles of garment design, construction, and styling",tg_816b65cf66bd0fb8,0.00,0.00,"Fitting, altering, and making made-to-measure clothing requires hands-on garment work and in-person fit, not AI substitution.","Fitting and sewing made-to-measure garments requires on-body measurement, fabric handling, and craft that AI cannot perform.",0.00,0.00,0.00,1.00,false,identical,identical_scores,,identical_scores,provisional_ai_weak_supervision,ai-pass-v1,2026-10-02,O*NET 31.0 Task Statements,true
51-4052.00,51,"Pourers and Casters, Metal",12015,Load specified amounts of metal and flux into furnaces or clay crucibles.,load specified amounts of metal and flux into furnaces or clay crucibles,tg_c1cd94fdf3141e8c,0.00,0.00,Loading specified metal and flux into furnaces or crucibles is physical foundry handling.,"Loading metal and flux into furnaces is physical foundry work with heat and material handling, not digital substitution.",0.00,0.00,0.00,1.00,false,identical,identical_scores,,identical_scores,provisional_ai_weak_supervision,ai-pass-v1,2026-10-02,O*NET 31.0 Task Statements,true
53-4011.00,53,Locomotive Engineers,12750,"Monitor gauges or meters that measure speed, amperage, battery charge, or air pressure in brake lines or in main reservoirs.","monitor gauges or meters that measure speed, amperage, battery charge, or air pressure in brake lines or in main reservoirs",tg_f8947a24a1223ef1,0.25,0.25,Monitoring locomotive gauges is still cab-presence work; sensors can assist but typical engineers watch instruments in real time.,"Cab gauge monitoring can be AI-alerted, but real-time locomotive safety still requires an on-board operator's sensory watch.",0.25,0.00,0.25,1.00,false,identical,identical_scores,,identical_scores,provisional_ai_weak_supervision,ai-pass-v1,2026-10-02,O*NET 31.0 Task Statements,true
19-3011.01,19,Environmental Economists,16908,"Develop environmental research project plans, including information on budgets, goals, deliverables, timelines, and resource requirements.","develop environmental research project plans, including information on budgets, goals, deliverables, timelines, and resource requirements",tg_6991161ab94d93e9,0.50,0.50,"Writing environmental research plans with budgets, goals, and timelines is document work AI can draft, while scope and resource judgment stay human.","Research project plans are structured documents AI can draft; budgets, goals, and resource tradeoffs still need economist judgment.",0.50,0.00,0.50,1.00,false,identical,identical_scores,,identical_scores,provisional_ai_weak_supervision,ai-pass-v1,2026-10-02,O*NET 31.0 Task Statements,true
51-6052.00,51,"Tailors, Dressmakers, and Custom Sewers",12177,"Measure parts, such as sleeves or pant legs, and mark or pin-fold alteration lines.","measure parts, such as sleeves or pant legs, and mark or pin-fold alteration lines",tg_469636df6377752f,0.00,0.00,Measuring sleeves or pant legs and pinning alteration lines is physical tailoring on a garment or body.,"Measuring sleeves or pant legs and pinning alteration lines is tactile, on-garment physical fitting work.",0.00,0.00,0.00,1.00,false,identical,identical_scores,,identical_scores,provisional_ai_weak_supervision,ai-pass-v1,2026-10-02,O*NET 31.0 Task Statements,true
47-4021.00,47,Elevator and Escalator Installers and Repairers,11576,"Connect car frames to counterweights, using steel cables.","connect car frames to counterweights, using steel cables",tg_f49753cc4854191a,0.00,0.00,Connecting elevator car frames to counterweights with steel cables is on-site physical installation.,Connecting elevator car frames to counterweights with steel cables is physical installation with high safety dependence.,0.00,0.00,0.00,1.00,false,identical,identical_scores,,identical_scores,provisional_ai_weak_supervision,ai-pass-v1,2026-10-02,O*NET 31.0 Task Statements,true
11-9161.00,11,Emergency Management Directors,7272,"Apply for federal funding for emergency-management-related needs, and administer and report on the progress of such grants.","apply for federal funding for emergency-management-related needs, and administer and report on the progress of such grants",tg_038d2804b12146e5,0.50,0.50,"Federal grant applications and progress reports are text and compliance work AI can draft, but eligibility strategy and administration still need a director.","Grant applications and progress reports are text AI can draft, but federal funding claims and administration need accountable human judgment.",0.50,0.00,0.50,1.00,false,identical,identical_scores,,identical_scores,provisional_ai_weak_supervision,ai-pass-v1,2026-10-02,O*NET 31.0 Task Statements,true
43-5011.00,43,Cargo and Freight Agents,8208,"Route received goods to first available flight or to appropriate storage areas or departments, using forklifts, hand trucks, or other equipment.","route received goods to first available flight or to appropriate storage areas or departments, using forklifts, hand trucks, or other equipment",tg_ea0e105afaa6aeb6,0.25,0.00,"Routing freight can be software-suggested, yet the task includes moving goods with forklifts or hand trucks, so physical handling dominates.","Routing freight with forklifts or hand trucks is physical material handling at the dock or warehouse, not a digital-only task.",0.1250,0.25,0.00,0.85,false,deterministic_mean,deterministic_mean_and_snap,,deterministic_mean_snap,provisional_ai_weak_supervision,ai-pass-v1,2026-10-02,O*NET 31.0 Task Statements,true
13-1031.00,13,"Claims Adjusters, Examiners, and Investigators",21418,Analyze information gathered by investigation and report findings and recommendations.,analyze information gathered by investigation and report findings and recommendations,tg_dfee4006475885a1,0.50,0.50,"Analyzing investigation files and writing findings is information work AI can draft, while claim recommendations still require adjuster judgment.",Investigative analysis and recommendation write-ups are information work AI can draft; claim conclusions still need examiner judgment.,0.50,0.00,0.50,1.00,false,identical,identical_scores,,identical_scores,provisional_ai_weak_supervision,ai-pass-v1,2026-10-02,O*NET 31.0 Task Statements,true
53-1042.01,53,Recycling Coordinators,17888,Oversee recycling pick-up or drop-off programs to ensure compliance with community ordinances.,oversee recycling pick-up or drop-off programs to ensure compliance with community ordinances,tg_958c44a37c234340,0.25,0.25,Overseeing recycling pickup or drop-off for ordinance compliance is field program supervision with only minor AI help on schedules or logs.,Overseeing pick-up and drop-off compliance is field supervision of a physical program; AI can only help track ordinance checklists.,0.25,0.00,0.25,1.00,false,identical,identical_scores,,identical_scores,provisional_ai_weak_supervision,ai-pass-v1,2026-10-02,O*NET 31.0 Task Statements,true
13-1075.00,13,Labor Relations Specialists,18904,"Train managers or supervisors on topics related to labor relations, such as working conditions, safety, or equal opportunity practices.","train managers or supervisors on topics related to labor relations, such as working conditions, safety, or equal opportunity practices",tg_6c1a91f039b6495d,0.25,0.25,Training managers on labor-relations topics is live interpersonal instruction; AI may draft slides but does not deliver the training.,Training managers on labor relations is live interpersonal instruction on legally sensitive topics; AI can only draft materials.,0.25,0.00,0.25,1.00,false,identical,identical_scores,,identical_scores,provisional_ai_weak_supervision,ai-pass-v1,2026-10-02,O*NET 31.0 Task Statements,true
29-2034.00,29,Radiologic Technologists and Technicians,22817,Provide assistance to physicians or other technologists in the performance of more complex procedures.,provide assistance to physicians or other technologists in the performance of more complex procedures,tg_b2ff162f7e6f1f20,0.00,0.00,Assisting physicians during complex imaging procedures is in-person clinical support beside the patient and equipment.,Assisting physicians during complex imaging procedures is in-room clinical support that depends on presence and patient safety.,0.00,0.00,0.00,1.00,false,identical,identical_scores,,identical_scores,provisional_ai_weak_supervision,ai-pass-v1,2026-10-02,O*NET 31.0 Task Statements,true
19-4013.00,19,Food Science Technicians,22261,Supervise other food science technicians.,supervise other food science technicians,tg_7d1fae273313edf4,0.25,0.25,Supervising other food science technicians is interpersonal oversight; AI might help with checklists but does not replace the supervisor.,Supervising other technicians is interpersonal direction of people and lab work; AI is at most a minor scheduling or checklist aid.,0.25,0.00,0.25,1.00,false,identical,identical_scores,,identical_scores,provisional_ai_weak_supervision,ai-pass-v1,2026-10-02,O*NET 31.0 Task Statements,true
43-3011.00,43,Bill and Account Collectors,2478,"Persuade customers to pay amounts due on credit accounts, damage claims, or nonpayable checks, or to return merchandise.","persuade customers to pay amounts due on credit accounts, damage claims, or nonpayable checks, or to return merchandise",tg_71f6263087242cc4,0.25,0.25,Persuading customers to pay debts or return merchandise is interpersonal influence; AI can script talking points but typical collection is still human.,"Persuading customers to pay or return goods is interpersonal influence; scripts help, but the persuasion act remains human.",0.25,0.00,0.25,1.00,false,identical,identical_scores,,identical_scores,provisional_ai_weak_supervision,ai-pass-v1,2026-10-02,O*NET 31.0 Task Statements,true
17-3011.00,17,Architectural and Civil Drafters,21934,Locate and identify symbols on topographical surveys to denote geological and geophysical formations or oil field installations.,locate and identify symbols on topographical surveys to denote geological and geophysical formations or oil field installations,tg_0a02f6b18c8cd788,0.50,0.50,"Identifying survey symbols for geological or oil-field features is visual-information work AI can assist, yet interpretation of formations still needs a drafter.","Identifying survey symbols is visual-information work AI can assist strongly, yet geologic or oil-field meaning still needs drafter judgment.",0.50,0.00,0.50,1.00,false,identical,identical_scores,,identical_scores,provisional_ai_weak_supervision,ai-pass-v1,2026-10-02,O*NET 31.0 Task Statements,true
19-1041.00,19,Epidemiologists,5424,"Plan, administer and evaluate health safety standards and programs to improve public health, conferring with health department, industry personnel, physicians, and others.","plan, administer and evaluate health safety standards and programs to improve public health, conferring with health department, industry personnel, physicians, and others",tg_a7d6128df6fcfabc,0.50,0.50,"Planning and evaluating public-health standards is analytical document work AI can draft, while conferring with agencies and physicians remains human judgment.",Planning and evaluating public-health programs is analytic work AI can draft; conferring and standard-setting still need epidemiologist judgment.,0.50,0.00,0.50,1.00,false,identical,identical_scores,,identical_scores,provisional_ai_weak_supervision,ai-pass-v1,2026-10-02,O*NET 31.0 Task Statements,true
11-9021.00,11,Construction Managers,3327,Develop or implement quality control programs.,develop or implement quality control programs,tg_4f515e166d3d1293,0.50,0.50,"Developing quality-control programs is planning text AI can outline, but construction-site implementation and acceptance criteria still need a manager.",Designing a QC program is information work AI can outline; site-specific implementation and acceptance criteria need manager judgment.,0.50,0.00,0.50,1.00,false,identical,identical_scores,,identical_scores,provisional_ai_weak_supervision,ai-pass-v1,2026-10-02,O*NET 31.0 Task Statements,true
15-2099.01,15,Bioinformatics Technicians,17709,"Analyze or manipulate bioinformatics data using software packages, statistical applications, or data mining techniques.","analyze or manipulate bioinformatics data using software packages, statistical applications, or data mining techniques",tg_13b679aa27a2b213,0.50,0.75,"Running bioinformatics software and mining data is digital analysis AI can accelerate, but method choice, QC, and interpretation remain essential.",Manipulating bioinformatics data in software is digital compute where current AI can run most of the workflow with specialist oversight.,0.6250,0.25,0.50,0.85,false,deterministic_mean,deterministic_mean_and_snap,,deterministic_mean_snap,provisional_ai_weak_supervision,ai-pass-v1,2026-10-02,O*NET 31.0 Task Statements,true
29-9099.01,29,Midwives,17487,"Provide, or refer patients to other providers for, education or counseling on topics such as genetic testing, newborn care, contraception, or breastfeeding.","provide, or refer patients to other providers for, education or counseling on topics such as genetic testing, newborn care, contraception, or breastfeeding",tg_13c27e5f882759cf,0.25,0.25,"Educating or counseling patients on genetic testing, newborn care, or breastfeeding is interpersonal clinical conversation with only assistive materials from AI.","Counseling or referring patients on newborn care, contraception, or breastfeeding is in-person clinical interpersonal care.",0.25,0.00,0.25,1.00,false,identical,identical_scores,,identical_scores,provisional_ai_weak_supervision,ai-pass-v1,2026-10-02,O*NET 31.0 Task Statements,true
49-3093.00,49,Tire Repairers and Changers,8378,Inflate inner tubes and immerse them in water to locate leaks.,inflate inner tubes and immerse them in water to locate leaks,tg_e93db2a8faa2d2d6,0.00,0.00,Inflating inner tubes and immersing them in water to find leaks is physical shop inspection.,Inflating tubes and immersing them to find leaks is hands-on sensory leak detection with no digital substitute for the physical test.,0.00,0.00,0.00,1.00,false,identical,identical_scores,,identical_scores,provisional_ai_weak_supervision,ai-pass-v1,2026-10-02,O*NET 31.0 Task Statements,true
15-2051.02,15,Clinical Data Managers,16277,"Prepare data analysis listings and activity, performance, or progress reports.","prepare data analysis listings and activity, performance, or progress reports",tg_c918459ef943a0bc,0.75,0.75,Preparing data-analysis listings and progress reports is routine digital compilation that AI can produce from structured clinical-trial data with brief human check.,"Preparing analysis listings and progress reports is routine structured reporting AI can generate, needing only brief accuracy checks.",0.75,0.00,0.75,1.00,false,identical,identical_scores,,identical_scores,provisional_ai_weak_supervision,ai-pass-v1,2026-10-02,O*NET 31.0 Task Statements,true
33-2022.00,33,Forest Fire Inspectors and Prevention Specialists,11111,Restrict public access and recreational use of forest lands during critical fire seasons.,restrict public access and recreational use of forest lands during critical fire seasons,tg_c27773f9444596c0,0.00,0.00,"Restricting public access to forest land during fire season is on-the-ground access control, not a digital task.",Restricting public access to forest land in fire season is on-site enforcement and physical control of people in a safety setting.,0.00,0.00,0.00,1.00,false,identical,identical_scores,,identical_scores,provisional_ai_weak_supervision,ai-pass-v1,2026-10-02,O*NET 31.0 Task Statements,true
51-7032.00,51,"Patternmakers, Wood",12233,"Set up, operate, and adjust a variety of woodworking machines such as bandsaws and lathes to cut and shape sections, parts, and patterns, according to specifications.","set up, operate, and adjust a variety of woodworking machines such as bandsaws and lathes to cut and shape sections, parts, and patterns, according to specifications",tg_ac6fd9f45e1ec738,0.00,0.00,Setting up and operating bandsaws and lathes to cut wood patterns is physical machine work.,Setting up and operating bandsaws and lathes to cut wood patterns is physical machine work dependent on presence and craft.,0.00,0.00,0.00,1.00,false,identical,identical_scores,,identical_scores,provisional_ai_weak_supervision,ai-pass-v1,2026-10-02,O*NET 31.0 Task Statements,true
13-1199.04,13,Business Continuity Planners,15954,Create or administer training and awareness presentations or materials.,create or administer training and awareness presentations or materials,tg_8151819f0cabf172,0.50,0.50,"Creating continuity-training decks is document work AI drafts well, while administering live awareness sessions still needs a planner.","Creating training decks is highly AI-draftable, but administering awareness sessions still needs a human facilitator and context fit.",0.50,0.00,0.50,1.00,false,identical,identical_scores,,identical_scores,provisional_ai_weak_supervision,ai-pass-v1,2026-10-02,O*NET 31.0 Task Statements,true
29-2031.00,29,Cardiovascular Technologists and Technicians,15236,"Assist physicians in the diagnosis and treatment of cardiac or peripheral vascular treatments, such as implanting pacemakers or assisting with balloon angioplasties to treat blood vessel blockages.","assist physicians in the diagnosis and treatment of cardiac or peripheral vascular treatments, such as implanting pacemakers or assisting with balloon angioplasties to treat blood vessel blockages",tg_ea2259cc07a8ed8f,0.00,0.00,Assisting physicians during pacemaker implants or angioplasties is in-person invasive-procedure support.,Assisting with pacemaker implants or angioplasties is in-person invasive clinical work with explicit patient-safety dependence.,0.00,0.00,0.00,1.00,false,identical,identical_scores,,identical_scores,provisional_ai_weak_supervision,ai-pass-v1,2026-10-02,O*NET 31.0 Task Statements,true
13-1151.00,13,Training and Development Specialists,94,"Present information with a variety of instructional techniques or formats, such as role playing, simulations, team exercises, group discussions, videos, or lectures.","present information with a variety of instructional techniques or formats, such as role playing, simulations, team exercises, group discussions, videos, or lectures",tg_b5b8f197ca8deeb7,0.25,0.25,"Presenting with role play, simulations, or group discussion is live facilitation; AI can help prepare materials but not run the session.","Presenting via role play, discussion, or lecture is live facilitation; AI can draft content but cannot run the instructional interaction.",0.25,0.00,0.25,1.00,false,identical,identical_scores,,identical_scores,provisional_ai_weak_supervision,ai-pass-v1,2026-10-02,O*NET 31.0 Task Statements,true
49-9052.00,49,Telecommunications Line Installers and Repairers,20807,Pull cable through ducts by hand or with winches.,pull cable through ducts by hand or with winches,tg_d81b684f6ed05e0f,0.00,0.00,Pulling cable through ducts by hand or winch is physical line work.,Pulling cable through ducts by hand or winch is physical line work that requires on-site body and equipment use.,0.00,0.00,0.00,1.00,false,identical,identical_scores,,identical_scores,provisional_ai_weak_supervision,ai-pass-v1,2026-10-02,O*NET 31.0 Task Statements,true
45-2092.00,45,"Farmworkers and Laborers, Crop, Nursery, and Greenhouse",23388,"Repair farm buildings, fences, and other structures.","repair farm buildings, fences, and other structures",tg_e8d6d811bec3c53c,0.00,0.00,"Repairing farm buildings, fences, and structures is physical construction and maintenance.","Repairing farm buildings and fences is outdoor physical construction and maintenance, not information substitution.",0.00,0.00,0.00,1.00,false,identical,identical_scores,,identical_scores,provisional_ai_weak_supervision,ai-pass-v1,2026-10-02,O*NET 31.0 Task Statements,true
41-9091.00,41,"Door-to-Door Sales Workers, News and Street Vendors, and Related Workers",13235,Arrange buying parties and solicit sponsorship of such parties to sell merchandise.,arrange buying parties and solicit sponsorship of such parties to sell merchandise,tg_43c1024c654da64f,0.25,0.25,Arranging buying parties and soliciting sponsors is interpersonal sales organizing; AI may help target lists but does not host or solicit in typical practice.,Arranging buying parties and soliciting sponsors is in-person sales organizing; AI can only help with invitations or scripts.,0.25,0.00,0.25,1.00,false,identical,identical_scores,,identical_scores,provisional_ai_weak_supervision,ai-pass-v1,2026-10-02,O*NET 31.0 Task Statements,true
29-1229.06,29,Sports Medicine Physicians,17266,Supervise the rehabilitation of injured athletes.,supervise the rehabilitation of injured athletes,tg_41f9a41557fd53ec,0.25,0.25,Supervising injured-athlete rehabilitation is in-person clinical oversight; AI might suggest protocols but does not supervise the athlete.,"Supervising injured athletes' rehabilitation is in-person clinical oversight of bodies and recovery, with safety stakes.",0.25,0.00,0.25,1.00,false,identical,identical_scores,,identical_scores,provisional_ai_weak_supervision,ai-pass-v1,2026-10-02,O*NET 31.0 Task Statements,true
25-1111.00,25,"Criminal Justice and Law Enforcement Teachers, Postsecondary",6214,Act as advisers to student organizations.,act as advisers to student organizations,tg_e021111850c5bff1,0.00,0.25,"Acting as adviser to student organizations is in-person mentorship and presence, not a substitutable digital task.",Advising student organizations is interpersonal mentoring and presence; AI is only a minor planning aid.,0.1250,0.25,0.00,0.85,false,deterministic_mean,deterministic_mean_and_snap,,deterministic_mean_snap,provisional_ai_weak_supervision,ai-pass-v1,2026-10-02,O*NET 31.0 Task Statements,true
27-3042.00,27,Technical Writers,3976,Assist in laying out material for publication.,assist in laying out material for publication,tg_0076afa9a67d0619,0.50,0.50,"Laying out publication material is digital production work AI can draft, while typography and page-judgment still need a technical writer.","Publication layout is digital and AI-draftable, but hierarchy, readability, and house-style choices still need a writer's judgment.",0.50,0.00,0.50,1.00,false,identical,identical_scores,,identical_scores,provisional_ai_weak_supervision,ai-pass-v1,2026-10-02,O*NET 31.0 Task Statements,true
47-2082.00,47,Tapers,13535,Sand or patch nicks or cracks in plasterboard or wallboard.,sand or patch nicks or cracks in plasterboard or wallboard,tg_215bc6df7725e8d4,0.00,0.00,Sanding or patching nicks and cracks in wallboard is physical finishing work.,Sanding or patching wallboard nicks is physical finishing work on a jobsite surface.,0.00,0.00,0.00,1.00,false,identical,identical_scores,,identical_scores,provisional_ai_weak_supervision,ai-pass-v1,2026-10-02,O*NET 31.0 Task Statements,true
51-9195.04,51,"Glass Blowers, Molders, Benders, and Finishers",12643,Strike necks of finished articles to separate articles from blowpipes.,strike necks of finished articles to separate articles from blowpipes,tg_d4cb34d0fed627da,0.00,0.00,Striking finished glass necks off blowpipes is a physical glass-shop motion.,"Striking finished glass from a blowpipe is skilled physical shop work that depends on timing, heat, and hand control.",0.00,0.00,0.00,1.00,false,identical,identical_scores,,identical_scores,provisional_ai_weak_supervision,ai-pass-v1,2026-10-02,O*NET 31.0 Task Statements,true
13-1041.07,13,Regulatory Affairs Specialists,19554,"Determine the legal implications of the production, supply, or use of ozone-depleting substances or equipment containing such substances.","determine the legal implications of the production, supply, or use of ozone-depleting substances or equipment containing such substances",tg_caadd1d669876aca,0.50,0.50,"Determining legal implications of ozone-depleting substances is regulatory analysis AI can draft, but legal conclusion and liability judgment remain essential.","Legal-implication analysis is text work AI can draft, but ozone-rule interpretation and liability calls need specialist legal judgment.",0.50,0.00,0.50,1.00,false,identical,identical_scores,,identical_scores,provisional_ai_weak_supervision,ai-pass-v1,2026-10-02,O*NET 31.0 Task Statements,true
35-3031.00,35,Waiters and Waitresses,2281,Prepare checks that itemize and total meal costs and sales taxes.,prepare checks that itemize and total meal costs and sales taxes,tg_832b758094c05282,0.75,1.00,"Itemizing and totaling meal costs and tax is routine computation already done by POS systems, with only brief server confirmation typical.",Itemizing meal costs and sales tax is routine compute already done at expert parity by POS systems with no residual judgment load.,0.8750,0.25,0.75,0.85,false,deterministic_mean,deterministic_mean_and_snap,,deterministic_mean_snap,provisional_ai_weak_supervision,ai-pass-v1,2026-10-02,O*NET 31.0 Task Statements,true
19-3041.00,19,Sociologists,5467,"Collect data about the attitudes, values, and behaviors of people in groups, using observation, interviews, and review of documents.","collect data about the attitudes, values, and behaviors of people in groups, using observation, interviews, and review of documents",tg_8a6302606b7727fd,0.25,0.25,Collecting attitude data via observation and interviews is field social research; document review can be AI-assisted but the stated methods are mostly in-person.,Collecting attitude data via observation and interviews is in-person social research; document review is only one part of the task.,0.25,0.00,0.25,1.00,false,identical,identical_scores,,identical_scores,provisional_ai_weak_supervision,ai-pass-v1,2026-10-02,O*NET 31.0 Task Statements,true
43-6013.00,43,Medical Secretaries and Administrative Assistants,778,"Receive and route messages or documents, such as laboratory results, to appropriate staff.","receive and route messages or documents, such as laboratory results, to appropriate staff",tg_09b0dfd9f842b735,0.75,0.75,Receiving and routing lab results and messages is routine digital workflow that EHR rules and AI can perform with brief exception handling.,"Receiving and routing lab results or messages is routine digital dispatch AI can perform, with brief checks for correct recipients.",0.75,0.00,0.75,1.00,false,identical,identical_scores,,identical_scores,provisional_ai_weak_supervision,ai-pass-v1,2026-10-02,O*NET 31.0 Task Statements,true
15-1241.01,15,Telecommunications Engineering Specialists,16063,"Review and evaluate requests from engineers, managers, and technicians for system modifications.","review and evaluate requests from engineers, managers, and technicians for system modifications",tg_85588fb5363c4d5c,0.50,0.50,"Evaluating requests for telecom system modifications is technical review AI can summarize, while change-risk judgment still needs a specialist.",Evaluating modification requests is technical review AI can summarize; accept/reject still needs engineering judgment about system risk.,0.50,0.00,0.50,1.00,false,identical,identical_scores,,identical_scores,provisional_ai_weak_supervision,ai-pass-v1,2026-10-02,O*NET 31.0 Task Statements,true
29-2043.00,29,Paramedics,22872,"Observe, record, and report to physician the patient's condition or injury, the treatment provided, and reactions to drugs or treatment.","observe, record, and report to physician the patient's condition or injury, the treatment provided, and reactions to drugs or treatment",tg_d23416cb7410cde6,0.25,0.25,Observing a patient’s condition in the field is physical clinical assessment; recording and reporting can be AI-assisted but the observation is in-person.,Observing a patient's condition and treatment response is in-person clinical sensing; recording is secondary to the bedside watch.,0.25,0.00,0.25,1.00,false,identical,identical_scores,,identical_scores,provisional_ai_weak_supervision,ai-pass-v1,2026-10-02,O*NET 31.0 Task Statements,true
51-4192.00,51,"Layout Workers, Metal and Plastic",10306,Add dimensional details to blueprints or drawings made by other workers.,add dimensional details to blueprints or drawings made by other workers,tg_c6ba6067f8b7d0af,0.50,0.75,"Adding dimensional details to others’ drawings is CAD information work AI can propose, yet fit to the physical part still needs a layout worker’s check.",Adding dimensions to existing drawings is structured CAD detailing AI can complete with brief checker oversight.,0.6250,0.25,0.50,0.85,false,deterministic_mean,deterministic_mean_and_snap,,deterministic_mean_snap,provisional_ai_weak_supervision,ai-pass-v1,2026-10-02,O*NET 31.0 Task Statements,true
53-4013.00,53,"Rail Yard Engineers, Dinkey Operators, and Hostlers",10678,"Receive, relay, and act upon instructions and inquiries from train operations and customer service center personnel.","receive, relay, and act upon instructions and inquiries from train operations and customer service center personnel",tg_8f000630af8fcfe1,0.25,0.25,"Receiving and acting on rail-yard instructions mixes radio communication with physical movement of equipment, so AI is only a minor assist.",Receiving and acting on rail-yard instructions is safety-critical live coordination; AI can relay text but not own the action.,0.25,0.00,0.25,1.00,false,identical,identical_scores,,identical_scores,provisional_ai_weak_supervision,ai-pass-v1,2026-10-02,O*NET 31.0 Task Statements,true
29-1217.00,29,Neurologists,17113,"Counsel patients or others on the background of neurological disorders including risk factors, or genetic or environmental concerns.","counsel patients or others on the background of neurological disorders including risk factors, or genetic or environmental concerns",tg_4472cfec7bb2a190,0.25,0.25,Counseling patients about neurological risk and genetics is interpersonal clinical conversation; AI can supply handouts but not the counseling.,Counseling patients on neurological risk and genetics is in-person clinical communication that depends on the physician.,0.25,0.00,0.25,1.00,false,identical,identical_scores,,identical_scores,provisional_ai_weak_supervision,ai-pass-v1,2026-10-02,O*NET 31.0 Task Statements,true
31-9095.00,31,Pharmacy Aides,2048,Greet customers and help them locate merchandise.,greet customers and help them locate merchandise,tg_a7fdf47f81558b03,0.00,0.25,Greeting pharmacy customers and helping them find merchandise is in-person floor presence.,Greeting customers and helping them find merchandise is in-store interpersonal service; aisle lookup is only a minor AI assist.,0.1250,0.25,0.00,0.85,false,deterministic_mean,deterministic_mean_and_snap,,deterministic_mean_snap,provisional_ai_weak_supervision,ai-pass-v1,2026-10-02,O*NET 31.0 Task Statements,true
19-2011.00,19,Astronomers,7535,Direct the operations of a planetarium.,direct the operations of a planetarium,tg_be1167ebb6cdd259,0.25,0.25,Directing planetarium operations is on-site show and facility management; AI might help schedules or scripts but does not direct the operation.,"Directing planetarium operations is on-site show and facility leadership; AI can help with schedules, not the live direction.",0.25,0.00,0.25,1.00,false,identical,identical_scores,,identical_scores,provisional_ai_weak_supervision,ai-pass-v1,2026-10-02,O*NET 31.0 Task Statements,true
51-3091.00,51,"Food and Tobacco Roasting, Baking, and Drying Machine Operators and Tenders",10071,"Push racks or carts to transfer products to storage, cooling stations, or the next stage of processing.","push racks or carts to transfer products to storage, cooling stations, or the next stage of processing",tg_92c5ce5c30e6ce1a,0.00,0.00,Pushing racks or carts to move food products between process stages is physical material handling.,Pushing racks or carts between processing stations is physical material movement with no digital substitute.,0.00,0.00,0.00,1.00,false,identical,identical_scores,,identical_scores,provisional_ai_weak_supervision,ai-pass-v1,2026-10-02,O*NET 31.0 Task Statements,true
39-4021.00,39,Funeral Attendants,20599,"Perform various administrative tasks, such as typing documents or answering telephone calls.","perform various administrative tasks, such as typing documents or answering telephone calls",tg_ff090a9da0b2d1a0,0.50,0.50,"Typing funeral-home documents is highly AI-exposed, but answering telephone calls is still typically human, so overall exposure is partial.","Typing is highly exposed, but the task also includes answering calls; mixed admin work still needs a person for the phone side.",0.50,0.00,0.50,1.00,false,identical,identical_scores,,identical_scores,provisional_ai_weak_supervision,ai-pass-v1,2026-10-02,O*NET 31.0 Task Statements,true
43-4161.00,43,"Human Resources Assistants, Except Payroll and Timekeeping",2690,Process and review employment applications to evaluate qualifications or eligibility of applicants.,process and review employment applications to evaluate qualifications or eligibility of applicants,tg_5920ef95b15ec953,0.50,0.50,"Screening employment applications is digital review AI already drafts, yet eligibility and qualification decisions still typically get a human pass.","Application screening is digital and AI-draftable, yet eligibility and qualification calls remain HR judgment with fairness stakes.",0.50,0.00,0.50,1.00,false,identical,identical_scores,,identical_scores,provisional_ai_weak_supervision,ai-pass-v1,2026-10-02,O*NET 31.0 Task Statements,true
51-3023.00,51,Slaughterers and Meat Packers,13994,Shackle hind legs of animals to raise them for slaughtering or skinning.,shackle hind legs of animals to raise them for slaughtering or skinning,tg_098dcba808a5f90d,0.00,0.00,Shackling animal hind legs for slaughter or skinning is physical plant-floor work.,Shackling animals' hind legs for slaughter or skinning is physical plant work that cannot be done as a digital task.,0.00,0.00,0.00,1.00,false,identical,identical_scores,,identical_scores,provisional_ai_weak_supervision,ai-pass-v1,2026-10-02,O*NET 31.0 Task Statements,true
51-4072.00,51,"Molding, Coremaking, and Casting Machine Setters, Operators, and Tenders, Metal and Plastic",10175,"Set up, operate, or tend metal or plastic molding, casting, or coremaking machines to mold or cast metal or thermoplastic parts or products.","set up, operate, or tend metal or plastic molding, casting, or coremaking machines to mold or cast metal or thermoplastic parts or products",tg_3a0d70031498a580,0.00,0.00,Setting up and tending metal or plastic molding machines is physical machine operation.,Setting up and tending molding or casting machines is physical machine operation on the shop floor.,0.00,0.00,0.00,1.00,false,identical,identical_scores,,identical_scores,provisional_ai_weak_supervision,ai-pass-v1,2026-10-02,O*NET 31.0 Task Statements,true
39-9041.00,39,Residential Advisors,6993,Chaperone group-sponsored trips and social functions.,chaperone group-sponsored trips and social functions,tg_758aab4baf82e977,0.00,0.00,Chaperoning group trips and social functions is in-person supervision of people in a place.,Chaperoning trips and social functions requires in-person presence and custodial responsibility for the group.,0.00,0.00,0.00,1.00,false,identical,identical_scores,,identical_scores,provisional_ai_weak_supervision,ai-pass-v1,2026-10-02,O*NET 31.0 Task Statements,true
29-1224.00,29,Radiologists,17243,"Obtain patients' histories from electronic records, patient interviews, dictated reports, or by communicating with referring clinicians.","obtain patients' histories from electronic records, patient interviews, dictated reports, or by communicating with referring clinicians",tg_4c266cf2376e79ed,0.50,0.50,"Gathering histories from EHR, dictated reports, and interviews is mixed information work AI can extract from records, while interviews and synthesis still need the radiologist.","EHR and dictation review is AI-strong, but the task also requires patient interviews and clinician communication, so judgment stays essential.",0.50,0.00,0.50,1.00,false,identical,identical_scores,,identical_scores,provisional_ai_weak_supervision,ai-pass-v1,2026-10-02,O*NET 31.0 Task Statements,true
25-3011.00,25,"Adult Basic Education, Adult Secondary Education, and English as a Second Language Instructors",6838,Prepare and implement remedial programs for students requiring extra help.,prepare and implement remedial programs for students requiring extra help,tg_5f83e0e5e894a48e,0.25,0.25,"Preparing remedial programs can be AI-drafted, but implementing extra-help instruction with adult learners is interpersonal teaching.",Implementing remedial programs is live teaching of students who need extra help; AI can only draft lesson outlines.,0.25,0.00,0.25,1.00,false,identical,identical_scores,,identical_scores,provisional_ai_weak_supervision,ai-pass-v1,2026-10-02,O*NET 31.0 Task Statements,true
29-1127.00,29,Speech-Language Pathologists,1875,Develop speech exercise programs to reduce disabilities.,develop speech exercise programs to reduce disabilities,tg_e386b66ee440ef0e,0.50,0.50,"Developing speech-exercise programs is structured clinical planning AI can draft, while choosing exercises for a specific disability still needs the pathologist.",Designing speech-exercise programs is clinical planning AI can draft; disability-specific dosing still needs pathologist judgment.,0.50,0.00,0.50,1.00,false,identical,identical_scores,,identical_scores,provisional_ai_weak_supervision,ai-pass-v1,2026-10-02,O*NET 31.0 Task Statements,true
43-3061.00,43,Procurement Clerks,2545,"Maintain knowledge of all organizational and governmental rules affecting purchases, and provide information about these rules to organization staff members and to vendors.","maintain knowledge of all organizational and governmental rules affecting purchases, and provide information about these rules to organization staff members and to vendors",tg_9d8774ebee51bd4b,0.50,0.50,"Tracking purchase rules and answering staff or vendors is knowledge work AI can retrieve, but applying the right organizational rule still needs a clerk.","Explaining purchasing rules is information work AI can retrieve, but applying the right rule to staff or vendors still needs a clerk's judgment.",0.50,0.00,0.50,1.00,false,identical,identical_scores,,identical_scores,provisional_ai_weak_supervision,ai-pass-v1,2026-10-02,O*NET 31.0 Task Statements,true
53-6041.00,53,Traffic Technicians,8632,"Plan, design, and improve components of traffic control systems to accommodate current or projected traffic and to increase usability and efficiency.","plan, design, and improve components of traffic control systems to accommodate current or projected traffic and to increase usability and efficiency",tg_8652e8bd910eb5ee,0.50,0.50,"Planning and designing traffic-control components is engineering analysis AI can draft, while safety and field constraints still require a technician’s judgment.",Traffic-control design is analytic/CAD work AI can draft; public-safety performance of the system still needs technician judgment.,0.50,0.00,0.50,1.00,false,identical,identical_scores,,identical_scores,provisional_ai_weak_supervision,ai-pass-v1,2026-10-02,O*NET 31.0 Task Statements,true
27-1014.00,27,Special Effects Artists and Animators,6895,Implement and maintain configuration control systems.,implement and maintain configuration control systems,tg_567d16c7aebd0f8e,0.50,0.75,"Implementing configuration-control systems is digital process work AI can help set up, but ownership of versions and approvals remains human.","Configuration-control systems are digital assets AI can implement and maintain, with brief human checks for breakage.",0.6250,0.25,0.50,0.85,false,deterministic_mean,deterministic_mean_and_snap,,deterministic_mean_snap,provisional_ai_weak_supervision,ai-pass-v1,2026-10-02,O*NET 31.0 Task Statements,true
43-5031.00,43,Public Safety Telecommunicators,2721,"Test and adjust communication and alarm systems, and report malfunctions to maintenance units.","test and adjust communication and alarm systems, and report malfunctions to maintenance units",tg_84fd1e92e7e82512,0.25,0.25,Testing and adjusting alarm hardware is physical equipment work; AI might draft malfunction reports but cannot perform the test and adjust step.,Testing and adjusting alarm hardware is on-site physical checkout of public-safety systems; reporting is only a minor digital piece.,0.25,0.00,0.25,1.00,false,identical,identical_scores,,identical_scores,provisional_ai_weak_supervision,ai-pass-v1,2026-10-02,O*NET 31.0 Task Statements,true
51-4031.00,51,"Cutting, Punching, and Press Machine Setters, Operators, and Tenders, Metal and Plastic",10126,Turn valves to start flow of coolant against cutting areas or to start airflow that blows cuttings away from kerfs.,turn valves to start flow of coolant against cutting areas or to start airflow that blows cuttings away from kerfs,tg_87af3f010f0c6009,0.00,0.00,Turning valves to start coolant or airflow at a cutting machine is physical machine tending.,Turning valves to start coolant or airflow at a cutting machine is physical machine tending at the tool.,0.00,0.00,0.00,1.00,false,identical,identical_scores,,identical_scores,provisional_ai_weak_supervision,ai-pass-v1,2026-10-02,O*NET 31.0 Task Statements,true
21-1014.00,21,Mental Health Counselors,1598,Develop and implement treatment plans based on clinical experience and knowledge.,develop and implement treatment plans based on clinical experience and knowledge,tg_57d843402910bc9b,0.25,0.50,Developing and implementing mental-health treatment plans is clinical interpersonal work grounded in experience; AI templates are only a minor assist.,Treatment-plan drafting is information work AI can outline; clinical experience and implementation decisions remain the counselor's.,0.3750,0.25,0.25,0.85,false,deterministic_mean,deterministic_mean_and_snap,,deterministic_mean_snap,provisional_ai_weak_supervision,ai-pass-v1,2026-10-02,O*NET 31.0 Task Statements,true
39-5012.00,39,"Hairdressers, Hairstylists, and Cosmetologists",640,"Update and maintain customer information records, such as beauty services provided.","update and maintain customer information records, such as beauty services provided",tg_11026df00aba8ed2,0.75,0.75,Updating salon records of services provided is routine digital data entry that POS systems and AI can complete with brief stylist confirmation.,Updating beauty-service records is routine digital data entry AI or software can complete with brief verification.,0.75,0.00,0.75,1.00,false,identical,identical_scores,,identical_scores,provisional_ai_weak_supervision,ai-pass-v1,2026-10-02,O*NET 31.0 Task Statements,true
29-1229.05,29,Preventive Medicine Physicians,17217,Identify groups at risk for specific preventable diseases or injuries.,identify groups at risk for specific preventable diseases or injuries,tg_2dc0b932f9a099c9,0.50,0.50,"Identifying at-risk groups for preventable disease is epidemiologic analysis AI can draft from data, while defining risk groups still needs physician judgment.",Identifying at-risk groups from epidemiologic patterns is analytic work AI can draft; prevention targeting still needs physician judgment.,0.50,0.00,0.50,1.00,false,identical,identical_scores,,identical_scores,provisional_ai_weak_supervision,ai-pass-v1,2026-10-02,O*NET 31.0 Task Statements,true
23-1011.00,23,Lawyers,3792,Probate wills and represent and advise executors and administrators of estates.,probate wills and represent and advise executors and administrators of estates,tg_9765759f216c9f8b,0.50,0.50,"Probating wills and advising executors is legal document and counsel work AI can draft, but representation and estate judgment remain essential.","Probate advice and representation is legal work AI can draft, but court representation and executor counsel require lawyer authority.",0.50,0.00,0.50,1.00,false,identical,identical_scores,,identical_scores,provisional_ai_weak_supervision,ai-pass-v1,2026-10-02,O*NET 31.0 Task Statements,true
51-9111.00,51,Packaging and Filling Machine Operators and Tenders,3140,"Package the product in the form in which it will be sent out, for example, filling bags with flour from a chute or spout.","package the product in the form in which it will be sent out, for example, filling bags with flour from a chute or spout",tg_121fa1850d5f9665,0.00,0.00,Filling bags from a chute or otherwise packaging product is physical packing-line work.,Filling bags from a chute and packaging product is physical packing-line work.,0.00,0.00,0.00,1.00,false,identical,identical_scores,,identical_scores,provisional_ai_weak_supervision,ai-pass-v1,2026-10-02,O*NET 31.0 Task Statements,true
25-2023.00,25,"Career/Technical Education Teachers, Middle School",6636,"Attend staff meetings and serve on committees, as required.","attend staff meetings and serve on committees, as required",tg_774f5b40b171de36,0.00,0.25,"Attending staff meetings and serving on committees is in-person institutional presence, not a digital production task.",Attending staff meetings and serving on committees is in-person institutional participation; AI can only summarize or prep notes.,0.1250,0.25,0.00,0.85,false,deterministic_mean,deterministic_mean_and_snap,,deterministic_mean_snap,provisional_ai_weak_supervision,ai-pass-v1,2026-10-02,O*NET 31.0 Task Statements,true
15-2041.00,15,Statisticians,8963,Supervise and provide instructions for workers collecting and tabulating data.,supervise and provide instructions for workers collecting and tabulating data,tg_01fe9ec0462c3062,0.25,0.25,Supervising and instructing data-collection workers is interpersonal direction; AI may help write instructions but does not supervise the crew.,Supervising and instructing data-collection workers is interpersonal direction of people doing field or tabulation work.,0.25,0.00,0.25,1.00,false,identical,identical_scores,,identical_scores,provisional_ai_weak_supervision,ai-pass-v1,2026-10-02,O*NET 31.0 Task Statements,true
29-1141.04,29,Clinical Nurse Specialists,18003,"Provide direct care by performing comprehensive health assessments, developing differential diagnoses, conducting specialized tests, or prescribing medications or treatments.","provide direct care by performing comprehensive health assessments, developing differential diagnoses, conducting specialized tests, or prescribing medications or treatments",tg_61ee458268d5fd31,0.00,0.25,"Performing comprehensive assessments, specialized tests, and prescribing in direct care is in-person clinical practice.","Direct care, exams, specialized tests, and prescribing are in-person clinical acts with safety and signature authority.",0.1250,0.25,0.00,0.85,false,deterministic_mean,deterministic_mean_and_snap,,deterministic_mean_snap,provisional_ai_weak_supervision,ai-pass-v1,2026-10-02,O*NET 31.0 Task Statements,true
25-2022.00,25,"Middle School Teachers, Except Special and Career/Technical Education",6592,"Use computers, audio-visual aids, and other equipment and materials to supplement presentations.","use computers, audio-visual aids, and other equipment and materials to supplement presentations",tg_38372a1b783e95c5,0.25,0.25,"Using computers and AV equipment to supplement classroom presentations is on-site tool operation during teaching, with only minor AI help on content.","Using computers and AV gear to supplement live class presentations is classroom support, not a standalone digital production task.",0.25,0.00,0.25,1.00,false,identical,identical_scores,,identical_scores,provisional_ai_weak_supervision,ai-pass-v1,2026-10-02,O*NET 31.0 Task Statements,true
25-1053.00,25,"Environmental Science Teachers, Postsecondary",5914,Act as advisers to student organizations.,act as advisers to student organizations,tg_e021111850c5bff1,0.00,0.25,Acting as adviser to student organizations is in-person faculty mentorship rather than substitutable information work.,Advising student organizations is interpersonal faculty mentoring that depends on presence and relationship.,0.1250,0.25,0.00,0.85,false,deterministic_mean,deterministic_mean_and_snap,,deterministic_mean_snap,provisional_ai_weak_supervision,ai-pass-v1,2026-10-02,O*NET 31.0 Task Statements,true
11-3131.00,11,Training and Development Managers,1008,Conduct orientation sessions and arrange on-the-job training for new hires.,conduct orientation sessions and arrange on-the-job training for new hires,tg_345e16b68b6d593d,0.25,0.25,Conducting orientation and arranging on-the-job training is live interpersonal onboarding; AI can draft packets but not run the sessions.,Conducting orientation and arranging on-the-job training is live people development; materials can be AI-assisted only.,0.25,0.00,0.25,1.00,false,identical,identical_scores,,identical_scores,provisional_ai_weak_supervision,ai-pass-v1,2026-10-02,O*NET 31.0 Task Statements,true
19-3032.00,19,Industrial-Organizational Psychologists,7572,"Analyze data, using statistical methods and applications, to evaluate the outcomes and effectiveness of workplace programs.","analyze data, using statistical methods and applications, to evaluate the outcomes and effectiveness of workplace programs",tg_9907feb8b1985500,0.50,0.75,"Statistically evaluating workplace-program outcomes is analytical work AI and stats software can compute, while design and interpretation stay with the psychologist.","Statistical evaluation of workplace-program outcomes is digital analysis AI can run, with brief review of methods and interpretation.",0.6250,0.25,0.50,0.85,false,deterministic_mean,deterministic_mean_and_snap,,deterministic_mean_snap,provisional_ai_weak_supervision,ai-pass-v1,2026-10-02,O*NET 31.0 Task Statements,true
47-2041.00,47,Carpet Installers,2840,"Cut carpet padding to size and install padding, following prescribed method.","cut carpet padding to size and install padding, following prescribed method",tg_66bfcfd851549038,0.00,0.00,Cutting and installing carpet padding on the floor is physical installation.,Cutting and installing carpet padding on a floor is physical installation work.,0.00,0.00,0.00,1.00,false,identical,identical_scores,,identical_scores,provisional_ai_weak_supervision,ai-pass-v1,2026-10-02,O*NET 31.0 Task Statements,true
51-4031.00,51,"Cutting, Punching, and Press Machine Setters, Operators, and Tenders, Metal and Plastic",20821,Operate forklifts to deliver materials.,operate forklifts to deliver materials,tg_5a146b3b0b530417,0.00,0.00,Operating forklifts to deliver materials is physical equipment operation.,Operating a forklift to deliver materials is physical vehicle operation on the shop floor.,0.00,0.00,0.00,1.00,false,identical,identical_scores,,identical_scores,provisional_ai_weak_supervision,ai-pass-v1,2026-10-02,O*NET 31.0 Task Statements,true
43-9041.00,43,Insurance Claims and Policy Processing Clerks,23315,Post or attach information to claim file.,post or attach information to claim file,tg_f1f4f0ddc5e5fe82,0.75,1.00,Posting or attaching information to a claim file is routine digital filing that claims systems and AI can complete with brief clerk review.,Posting or attaching information to a claim file is routine digital filing at expert-parity with current document systems.,0.8750,0.25,0.75,0.85,false,deterministic_mean,deterministic_mean_and_snap,,deterministic_mean_snap,provisional_ai_weak_supervision,ai-pass-v1,2026-10-02,O*NET 31.0 Task Statements,true
19-4099.03,19,Remote Sensing Technicians,16998,"Manipulate raw data to enhance interpretation, either on the ground or during remote sensing flights.","manipulate raw data to enhance interpretation, either on the ground or during remote sensing flights",tg_126a8aa84207f03c,0.50,0.50,"Manipulating remote-sensing data to enhance interpretation is digital processing AI can assist, but choosing enhancements for a scene still needs a technician.","Enhancing remote-sensing data is digital, but the task also covers in-flight or on-the-ground work that still needs a technician.",0.50,0.00,0.50,1.00,false,identical,identical_scores,,identical_scores,provisional_ai_weak_supervision,ai-pass-v1,2026-10-02,O*NET 31.0 Task Statements,true
33-1011.00,33,First-Line Supervisors of Correctional Officers,9435,"Monitor behavior of subordinates to ensure alert, courteous, and professional behavior toward inmates, parolees, fellow employees, visitors, and the public.","monitor behavior of subordinates to ensure alert, courteous, and professional behavior toward inmates, parolees, fellow employees, visitors, and the public",tg_5676b9f9d750b7e9,0.00,0.00,Monitoring correctional staff behavior toward inmates and visitors is in-person supervisory observation in a facility.,Monitoring subordinate behavior toward inmates and visitors is in-person correctional supervision with safety dependence.,0.00,0.00,0.00,1.00,false,identical,identical_scores,,identical_scores,provisional_ai_weak_supervision,ai-pass-v1,2026-10-02,O*NET 31.0 Task Statements,true
29-1141.03,29,Critical Care Nurses,18339,Compile and analyze data obtained from monitoring or diagnostic tests.,compile and analyze data obtained from monitoring or diagnostic tests,tg_a4b5831358cf7566,0.50,0.50,"Compiling and analyzing ICU monitoring or diagnostic data is information work AI can flag, while clinical meaning in critical care still needs the nurse.","Compiling monitor and diagnostic data is digital, but critical-care interpretation and action still need nurse judgment.",0.50,0.00,0.50,1.00,false,identical,identical_scores,,identical_scores,provisional_ai_weak_supervision,ai-pass-v1,2026-10-02,O*NET 31.0 Task Statements,true
51-9195.05,51,"Potters, Manufacturing",15126,"Maintain supplies of tools, equipment, and materials, and order additional supplies as needed.","maintain supplies of tools, equipment, and materials, and order additional supplies as needed",tg_f8764e664cf05786,0.25,0.25,Maintaining pottery tools and materials is mostly physical stock-keeping; ordering can be digital but typical practice is hands-on supply checks.,Maintaining shop tools and materials is mostly physical stock-keeping; ordering is a minor digital assist.,0.25,0.00,0.25,1.00,false,identical,identical_scores,,identical_scores,provisional_ai_weak_supervision,ai-pass-v1,2026-10-02,O*NET 31.0 Task Statements,true
35-2011.00,35,"Cooks, Fast Food",5066,"Prepare dough, following recipe.","prepare dough, following recipe",tg_38e171afd7666930,0.00,0.00,Preparing dough from a recipe is physical food production.,Preparing dough from a recipe is hands-on food production; a recipe prompt does not substitute the physical cook task.,0.00,0.00,0.00,1.00,false,identical,identical_scores,,identical_scores,provisional_ai_weak_supervision,ai-pass-v1,2026-10-02,O*NET 31.0 Task Statements,true
15-2051.01,15,Business Intelligence Analysts,16135,"Maintain library of model documents, templates, or other reusable knowledge assets.","maintain library of model documents, templates, or other reusable knowledge assets",tg_3bb19660f2a38293,0.75,0.75,Maintaining a library of model documents and reusable templates is digital knowledge management AI can organize and tag with brief curator check.,Maintaining a library of model documents and templates is digital knowledge management AI can organize with light curation.,0.75,0.00,0.75,1.00,false,identical,identical_scores,,identical_scores,provisional_ai_weak_supervision,ai-pass-v1,2026-10-02,O*NET 31.0 Task Statements,true
11-3131.00,11,Training and Development Managers,1019,Prepare training budget for department or organization.,prepare training budget for department or organization,tg_2a2d02675a616a43,0.50,0.50,"Preparing a departmental training budget is financial planning AI can draft from headcount and vendor costs, while priorities still need a manager.",A training budget is a structured financial draft AI can prepare; departmental tradeoffs and approval remain manager judgment.,0.50,0.00,0.50,1.00,false,identical,identical_scores,,identical_scores,provisional_ai_weak_supervision,ai-pass-v1,2026-10-02,O*NET 31.0 Task Statements,true
15-1232.00,15,Computer User Support Specialists,1283,Enter commands and observe system functioning to verify correct operations and detect errors.,enter commands and observe system functioning to verify correct operations and detect errors,tg_89b2573b1f46b9a3,0.50,0.75,"Entering commands and watching whether a system behaves correctly is digital troubleshooting AI can suggest, but live verification still needs the support specialist.","Entering commands and watching for errors is digital ops work AI can drive, with brief human confirmation of failures.",0.6250,0.25,0.50,0.85,false,deterministic_mean,deterministic_mean_and_snap,,deterministic_mean_snap,provisional_ai_weak_supervision,ai-pass-v1,2026-10-02,O*NET 31.0 Task Statements,true
13-1031.00,13,"Claims Adjusters, Examiners, and Investigators",21432,Confer with legal counsel on claims requiring litigation.,confer with legal counsel on claims requiring litigation,tg_4c6dcdcb1e2f328d,0.25,0.25,"Conferring with legal counsel about claims in litigation is professional interpersonal discussion, not a task AI typically performs.","Conferring with counsel on litigated claims is professional dialogue about legal strategy, not a document AI can own.",0.25,0.00,0.25,1.00,false,identical,identical_scores,,identical_scores,provisional_ai_weak_supervision,ai-pass-v1,2026-10-02,O*NET 31.0 Task Statements,true
17-3022.00,17,Civil Engineering Technologists and Technicians,1470,Report maintenance problems occurring at project site to supervisor and negotiate changes to resolve system conflicts.,report maintenance problems occurring at project site to supervisor and negotiate changes to resolve system conflicts,tg_b6a9ce0f9431b266,0.25,0.25,Reporting site maintenance problems and negotiating fixes is field interpersonal coordination; AI might draft the report but not the on-site negotiation.,"Reporting site maintenance problems and negotiating fixes is field communication and bargaining, not desk automation.",0.25,0.00,0.25,1.00,false,identical,identical_scores,,identical_scores,provisional_ai_weak_supervision,ai-pass-v1,2026-10-02,O*NET 31.0 Task Statements,true
51-9124.00,51,"Coating, Painting, and Spraying Machine Setters, Operators, and Tenders",23654,Clean equipment and work areas.,clean equipment and work areas,tg_3d96db0f64e10a72,0.00,0.00,Cleaning coating equipment and work areas is physical janitorial and machine-cleaning work.,Cleaning coating equipment and work areas is physical janitorial/shop cleanup.,0.00,0.00,0.00,1.00,false,identical,identical_scores,,identical_scores,provisional_ai_weak_supervision,ai-pass-v1,2026-10-02,O*NET 31.0 Task Statements,true
13-1074.00,13,Farm Labor Contractors,14838,Pay wages of contracted farm laborers.,pay wages of contracted farm laborers,tg_d4a7efb94dd1b22d,0.50,0.50,"Paying contracted farm laborers is transactional payroll work software can compute, but field contractors still typically authorize and issue pay.","Paying contracted wages is routine payroll compute, but disbursement still carries authorization and wage-law judgment.",0.50,0.00,0.50,1.00,false,identical,identical_scores,,identical_scores,provisional_ai_weak_supervision,ai-pass-v1,2026-10-02,O*NET 31.0 Task Statements,true
25-1071.00,25,"Health Specialties Teachers, Postsecondary",6112,Advise students on academic and vocational curricula and on career issues.,advise students on academic and vocational curricula and on career issues,tg_7858efe2beda4acf,0.25,0.25,Advising students on curricula and careers is interpersonal academic counseling; AI can suggest options but typical advising is a conversation.,Advising students on curricula and careers is interpersonal mentoring that depends on the faculty relationship.,0.25,0.00,0.25,1.00,false,identical,identical_scores,,identical_scores,provisional_ai_weak_supervision,ai-pass-v1,2026-10-02,O*NET 31.0 Task Statements,true
51-8093.00,51,"Petroleum Pump System Operators, Refinery Operators, and Gaugers",14317,"Patrol units to monitor the amount of oil in storage tanks, and to verify that activities and operations are safe, efficient, and in compliance with regulations.","patrol units to monitor the amount of oil in storage tanks, and to verify that activities and operations are safe, efficient, and in compliance with regulations",tg_45e8cb204b937fea,0.00,0.00,Patrolling units to check tank levels and safe operations is physical walk-around monitoring at a refinery.,Patrolling tanks to verify oil levels and safe operations is on-unit physical inspection with process-safety stakes.,0.00,0.00,0.00,1.00,false,identical,identical_scores,,identical_scores,provisional_ai_weak_supervision,ai-pass-v1,2026-10-02,O*NET 31.0 Task Statements,true
27-2011.00,27,Actors,7661,"Construct puppets and ventriloquist dummies, and sew accessory clothing, using hand tools and machines.","construct puppets and ventriloquist dummies, and sew accessory clothing, using hand tools and machines",tg_35269e9b236d9333,0.00,0.00,Constructing puppets and sewing accessory clothing with hand tools is physical craft work.,Building puppets and sewing dummy clothing with hand tools is physical craft construction.,0.00,0.00,0.00,1.00,false,identical,identical_scores,,identical_scores,provisional_ai_weak_supervision,ai-pass-v1,2026-10-02,O*NET 31.0 Task Statements,true
17-2199.11,17,Solar Energy Systems Engineers,16563,Test or evaluate photovoltaic (PV) cells or modules.,test or evaluate photovoltaic (pv) cells or modules,tg_59789bd5033f3cbf,0.25,0.25,Testing or evaluating PV cells is mostly lab or field hardware measurement; AI can help interpret curves but the test itself is physical.,Testing PV cells or modules is hardware bench or field measurement; AI can help interpret curves but not run the physical test.,0.25,0.00,0.25,1.00,false,identical,identical_scores,,identical_scores,provisional_ai_weak_supervision,ai-pass-v1,2026-10-02,O*NET 31.0 Task Statements,true
25-2032.00,25,"Career/Technical Education Teachers, Secondary School",6677,"Plan and conduct activities for a balanced program of instruction, demonstration, and work time that provides students with opportunities to observe, question, and investigate.","plan and conduct activities for a balanced program of instruction, demonstration, and work time that provides students with opportunities to observe, question, and investigate",tg_b3fbdee3f6eef210,0.25,0.25,"Planning instruction can be AI-assisted, but conducting demonstrations and student investigation time is in-person teaching.","Planning and conducting instruction, demonstration, and work time is live classroom teaching, not a document-only task.",0.25,0.00,0.25,1.00,false,identical,identical_scores,,identical_scores,provisional_ai_weak_supervision,ai-pass-v1,2026-10-02,O*NET 31.0 Task Statements,true
33-9099.02,33,Retail Loss Prevention Specialists,17579,Recommend methods to reduce potential financial fraud losses.,recommend methods to reduce potential financial fraud losses,tg_cc1125680e139363,0.50,0.50,"Recommending methods to cut financial-fraud losses is analytical advice AI can draft from loss patterns, while store-specific controls still need a specialist.",Recommending fraud-loss controls is analytic advice AI can draft; store-specific controls still need loss-prevention judgment.,0.50,0.00,0.50,1.00,false,identical,identical_scores,,identical_scores,provisional_ai_weak_supervision,ai-pass-v1,2026-10-02,O*NET 31.0 Task Statements,true
49-9095.00,49,Manufactured Building and Mobile Home Installers,13884,Confer with customers or read work orders to determine the nature and extent of damage to units.,confer with customers or read work orders to determine the nature and extent of damage to units,tg_c2ab8cab1926536f,0.25,0.25,Determining mobile-home damage from customer talk or work orders usually still needs on-site inspection; AI can parse the order but not assess the unit.,"Reading a work order is digital, but conferring and judging unit damage is in-person sensory assessment of a physical home.",0.25,0.00,0.25,1.00,false,identical,identical_scores,,identical_scores,provisional_ai_weak_supervision,ai-pass-v1,2026-10-02,O*NET 31.0 Task Statements,true
23-1021.00,23,"Administrative Law Judges, Adjudicators, and Hearing Officers",7625,"Conduct hearings to review and decide claims regarding issues, such as social program eligibility, environmental protection, or enforcement of health and safety regulations.","conduct hearings to review and decide claims regarding issues, such as social program eligibility, environmental protection, or enforcement of health and safety regulations",tg_9b85f81fc8a9ae8c,0.25,0.25,Conducting hearings and deciding claims is in-person adjudicative judgment; AI might draft findings but does not run the hearing in typical practice.,Conducting hearings and deciding claims is in-person adjudicative authority AI can brief but cannot lawfully substitute.,0.25,0.00,0.25,1.00,false,identical,identical_scores,,identical_scores,provisional_ai_weak_supervision,ai-pass-v1,2026-10-02,O*NET 31.0 Task Statements,true
17-3011.00,17,Architectural and Civil Drafters,21929,"Determine procedures and instructions to be followed, according to design specifications and quantity of required materials.","determine procedures and instructions to be followed, according to design specifications and quantity of required materials",tg_a9b520567ef83b40,0.50,0.50,"Turning design specifications and material quantities into procedures is document work AI can draft, while constructability judgment still needs a drafter.",Turning design specs into procedures is information work AI can draft; constructability and material quantities still need drafter judgment.,0.50,0.00,0.50,1.00,false,identical,identical_scores,,identical_scores,provisional_ai_weak_supervision,ai-pass-v1,2026-10-02,O*NET 31.0 Task Statements,true
29-9099.01,29,Midwives,17465,Assist maternal patients to find physical positions that will facilitate childbirth.,assist maternal patients to find physical positions that will facilitate childbirth,tg_cb01f2604b37b689,0.00,0.00,Helping a laboring patient find physical positions for childbirth is in-person bodily assistance.,Positioning a laboring patient to facilitate childbirth is hands-on clinical body work with explicit safety dependence.,0.00,0.00,0.00,1.00,false,identical,identical_scores,,identical_scores,provisional_ai_weak_supervision,ai-pass-v1,2026-10-02,O*NET 31.0 Task Statements,true
39-9032.00,39,Recreation Workers,2397,Serve as liaison between park or recreation administrators and activity instructors.,serve as liaison between park or recreation administrators and activity instructors,tg_875c59fc6f4a04f8,0.25,0.25,Serving as liaison between park administrators and instructors is interpersonal coordination with only minor AI help on messages.,"Serving as liaison between administrators and instructors is interpersonal coordination, not a task AI can perform in role.",0.25,0.00,0.25,1.00,false,identical,identical_scores,,identical_scores,provisional_ai_weak_supervision,ai-pass-v1,2026-10-02,O*NET 31.0 Task Statements,true
25-9043.00,25,"Teaching Assistants, Special Education",22507,"Provide students with disabilities with assistive devices, supportive technology, and assistance accessing facilities, such as restrooms.","provide students with disabilities with assistive devices, supportive technology, and assistance accessing facilities, such as restrooms",tg_56c015c9105193f3,0.00,0.00,Helping students with disabilities use devices and access restrooms is in-person physical assistance.,Helping students with disabilities use devices and access restrooms is in-person physical assistance.,0.00,0.00,0.00,1.00,false,identical,identical_scores,,identical_scores,provisional_ai_weak_supervision,ai-pass-v1,2026-10-02,O*NET 31.0 Task Statements,true
35-1012.00,35,First-Line Supervisors of Food Preparation and Serving Workers,18714,"Perform various financial activities, such as cash handling, deposit preparation, and payroll.","perform various financial activities, such as cash handling, deposit preparation, and payroll",tg_a7dd52b3dc8c0c5e,0.25,0.25,"Cash handling is physical till work; deposit and payroll software can assist, but the stated mix is still mostly on-site money handling.",Cash handling and deposit prep are physical custody of money; payroll software is only a minor part of the stated task.,0.25,0.00,0.25,1.00,false,identical,identical_scores,,identical_scores,provisional_ai_weak_supervision,ai-pass-v1,2026-10-02,O*NET 31.0 Task Statements,true
13-1081.01,13,Logistics Engineers,15864,Direct the work of logistics analysts.,direct the work of logistics analysts,tg_51b1bd6d9f7cca5a,0.25,0.25,"Directing logistics analysts is interpersonal supervision, not a task current AI typically performs.","Directing logistics analysts is interpersonal supervision of staff, not an analytic workflow AI can own.",0.25,0.00,0.25,1.00,false,identical,identical_scores,,identical_scores,provisional_ai_weak_supervision,ai-pass-v1,2026-10-02,O*NET 31.0 Task Statements,true
53-4011.00,53,Locomotive Engineers,12751,Observe tracks to detect obstructions.,observe tracks to detect obstructions,tg_5d044d06af4b5e9e,0.00,0.00,Observing tracks from a moving locomotive to detect obstructions is real-time physical visual watch.,Watching tracks for obstructions is in-cab visual sensing with rail-safety stakes that remain operator-dependent.,0.00,0.00,0.00,1.00,false,identical,identical_scores,,identical_scores,provisional_ai_weak_supervision,ai-pass-v1,2026-10-02,O*NET 31.0 Task Statements,true
41-4011.07,41,Solar Sales Representatives and Assessors,17657,"Assess sites to determine suitability for solar equipment, using equipment such as tape measures, compasses, and computer software.","assess sites to determine suitability for solar equipment, using equipment such as tape measures, compasses, and computer software",tg_6960f63360ce7774,0.25,0.25,Assessing solar sites with tape measures and compasses is on-site measurement; software helps but typical suitability checks are still field work.,"Site suitability checks use tape, compass, and software, but the core act is on-site measurement and visual assessment.",0.25,0.00,0.25,1.00,false,identical,identical_scores,,identical_scores,provisional_ai_weak_supervision,ai-pass-v1,2026-10-02,O*NET 31.0 Task Statements,true
53-5021.00,53,"Captains, Mates, and Pilots of Water Vessels",23816,"Maintain boats or equipment on board, such as engines, winches, navigational systems, fire extinguishers, or life preservers.","maintain boats or equipment on board, such as engines, winches, navigational systems, fire extinguishers, or life preservers",tg_1c3edea77664f4b7,0.00,0.00,"Maintaining engines, winches, extinguishers, and other boat equipment is physical onboard maintenance.","Maintaining engines, winches, and life-saving gear aboard a vessel is physical marine maintenance with safety dependence.",0.00,0.00,0.00,1.00,false,identical,identical_scores,,identical_scores,provisional_ai_weak_supervision,ai-pass-v1,2026-10-02,O*NET 31.0 Task Statements,true
31-9097.00,31,Phlebotomists,19382,"Organize or clean blood-drawing trays, ensuring that all instruments are sterile and all needles, syringes, or related items are of first-time use.","organize or clean blood-drawing trays, ensuring that all instruments are sterile and all needles, syringes, or related items are of first-time use",tg_5bdd147cd1a9dd63,0.00,0.00,Organizing and cleaning sterile blood-draw trays and single-use needles is physical clinical prep.,Organizing and sterilizing blood-draw trays is physical clinical prep with infection-control requirements.,0.00,0.00,0.00,1.00,false,identical,identical_scores,,identical_scores,provisional_ai_weak_supervision,ai-pass-v1,2026-10-02,O*NET 31.0 Task Statements,true
11-3051.02,11,Geothermal Production Managers,15434,Communicate geothermal plant conditions to employees.,communicate geothermal plant conditions to employees,tg_91d8c57ec186cdcc,0.50,0.50,"Communicating geothermal plant conditions is status information AI or dashboards can draft, while shift crews still typically rely on a manager’s briefing.","Communicating plant conditions can be drafted or alerted by systems, but operational meaning and who must act still need a manager.",0.50,0.00,0.50,1.00,false,identical,identical_scores,,identical_scores,provisional_ai_weak_supervision,ai-pass-v1,2026-10-02,O*NET 31.0 Task Statements,true
11-1011.03,11,Chief Sustainability Officers,15381,Develop methodologies to assess the viability or success of sustainability initiatives.,develop methodologies to assess the viability or success of sustainability initiatives,tg_3a90f8f75ebfcdef,0.50,0.50,"Developing methods to assess sustainability initiatives is framework design AI can outline, but organizational viability judgment remains executive.",Methodology design for sustainability assessment is analytic work AI can outline; validity choices remain executive judgment.,0.50,0.00,0.50,1.00,false,identical,identical_scores,,identical_scores,provisional_ai_weak_supervision,ai-pass-v1,2026-10-02,O*NET 31.0 Task Statements,true
25-1122.00,25,"Communications Teachers, Postsecondary",6294,"Plan, evaluate, and revise curricula, course content, course materials, and methods of instruction.","plan, evaluate, and revise curricula, course content, course materials, and methods of instruction",tg_4364a3426fe82750,0.50,0.50,"Planning and revising curricula and course materials is document work AI drafts well, while instructional methods and standards still need the teacher.","Curriculum revision is document work AI can draft; pedagogy, sequencing, and course fit still need faculty judgment.",0.50,0.00,0.50,1.00,false,identical,identical_scores,,identical_scores,provisional_ai_weak_supervision,ai-pass-v1,2026-10-02,O*NET 31.0 Task Statements,true
17-1022.00,17,Surveyors,3546,"Conduct research in surveying and mapping methods, using knowledge of photogrammetric map compilation and electronic data processing.","conduct research in surveying and mapping methods, using knowledge of photogrammetric map compilation and electronic data processing",tg_65bac16e3025ead9,0.50,0.50,"Researching surveying and photogrammetric methods is literature and methods work AI can assist, but research conclusions still need a surveyor.",Researching surveying and mapping methods is knowledge work AI can support; method choice still needs surveyor judgment.,0.50,0.00,0.50,1.00,false,identical,identical_scores,,identical_scores,provisional_ai_weak_supervision,ai-pass-v1,2026-10-02,O*NET 31.0 Task Statements,true
27-2012.04,27,Talent Directors,11027,"Locate performers or extras for crowd and background scenes, and stand-ins or photo doubles for actors, by direct contact or through agents.","locate performers or extras for crowd and background scenes, and stand-ins or photo doubles for actors, by direct contact or through agents",tg_04b3be9efad0e304,0.25,0.25,Locating extras and stand-ins by direct contact or agents is interpersonal casting; databases help but typical practice is still human outreach.,"Finding extras and doubles through agents or direct contact is interpersonal casting, not a resume-parse task alone.",0.25,0.00,0.25,1.00,false,identical,identical_scores,,identical_scores,provisional_ai_weak_supervision,ai-pass-v1,2026-10-02,O*NET 31.0 Task Statements,true
29-9092.00,29,Genetic Counselors,17508,"Interview patients or review medical records to obtain comprehensive patient or family medical histories, and document findings.","interview patients or review medical records to obtain comprehensive patient or family medical histories, and document findings",tg_df4f110533188319,0.50,0.50,"Reviewing records and documenting family histories is information work AI can extract, while patient interviews and genetic counseling context stay human.","Record review is AI-strong, but comprehensive genetic histories also require patient interviews and counselor documentation judgment.",0.50,0.00,0.50,1.00,false,identical,identical_scores,,identical_scores,provisional_ai_weak_supervision,ai-pass-v1,2026-10-02,O*NET 31.0 Task Statements,true
37-3011.00,37,Landscaping and Groundskeeping Workers,9591,"Care for established lawns by mulching, aerating, weeding, grubbing, removing thatch, or trimming or edging around flower beds, walks, or walls.","care for established lawns by mulching, aerating, weeding, grubbing, removing thatch, or trimming or edging around flower beds, walks, or walls",tg_23242fc4883e173d,0.00,0.00,"Mulching, aerating, weeding, and edging lawns is physical groundskeeping.","Mulching, aerating, weeding, and edging lawns is outdoor physical grounds work.",0.00,0.00,0.00,1.00,false,identical,identical_scores,,identical_scores,provisional_ai_weak_supervision,ai-pass-v1,2026-10-02,O*NET 31.0 Task Statements,true
53-6032.00,53,Aircraft Service Attendants,23835,Climb ladders to reach aircraft surfaces to be cleaned.,climb ladders to reach aircraft surfaces to be cleaned,tg_96f229e58f94faf5,0.00,0.00,Climbing ladders to reach aircraft surfaces for cleaning is physical work at height.,Climbing ladders to reach aircraft surfaces for cleaning is physical work at height with safety dependence.,0.00,0.00,0.00,1.00,false,identical,identical_scores,,identical_scores,provisional_ai_weak_supervision,ai-pass-v1,2026-10-02,O*NET 31.0 Task Statements,true
25-9043.00,25,"Teaching Assistants, Special Education",22503,"Prepare lesson materials, bulletin board displays, exhibits, equipment, and demonstrations.","prepare lesson materials, bulletin board displays, exhibits, equipment, and demonstrations",tg_f5a75e86a643d991,0.25,0.25,"Preparing bulletin boards, exhibits, equipment, and demonstrations is mostly hands-on classroom setup, with only limited AI help on printed materials.","Bulletin boards, exhibits, equipment, and live demonstrations are physical classroom setup; digital worksheets are only part of it.",0.25,0.00,0.25,1.00,false,identical,identical_scores,,identical_scores,provisional_ai_weak_supervision,ai-pass-v1,2026-10-02,O*NET 31.0 Task Statements,true
25-9044.00,25,"Teaching Assistants, Postsecondary",10971,Order or obtain materials needed for classes.,order or obtain materials needed for classes,tg_f2a978b722131158,0.50,0.75,"Ordering class materials is routine procurement AI and purchasing systems can draft, though obtaining items may still include physical pickup.",Ordering class materials is routine procurement AI or purchasing systems can complete with brief stock checks.,0.6250,0.25,0.50,0.85,false,deterministic_mean,deterministic_mean_and_snap,,deterministic_mean_snap,provisional_ai_weak_supervision,ai-pass-v1,2026-10-02,O*NET 31.0 Task Statements,true
43-9061.00,43,"Office Clerks, General",843,"Prepare meeting agendas, attend meetings, and record and transcribe minutes.","prepare meeting agendas, attend meetings, and record and transcribe minutes",tg_541f274f788aec91,0.75,0.50,"Agenda drafting and minute transcription are routine text tasks near AI expert parity; attending the meeting still needs a clerk, so a brief human check remains.","Agendas and transcription are highly AI-exposed, but attending the meeting and capturing decisions still need a person in the room.",0.6250,0.25,0.50,0.85,false,deterministic_mean,deterministic_mean_and_snap,,deterministic_mean_snap,provisional_ai_weak_supervision,ai-pass-v1,2026-10-02,O*NET 31.0 Task Statements,true
47-5032.00,47,"Explosives Workers, Ordnance Handling Experts, and Blasters",9919,Cut specified lengths of primacord and attach primers to cord ends.,cut specified lengths of primacord and attach primers to cord ends,tg_9ea35194ff4b0fde,0.00,0.00,Cutting primacord and attaching primers is physical explosives handling.,Cutting primacord and attaching primers is physical explosives handling with explicit safety dependence.,0.00,0.00,0.00,1.00,false,identical,identical_scores,,identical_scores,provisional_ai_weak_supervision,ai-pass-v1,2026-10-02,O*NET 31.0 Task Statements,true
25-1122.00,25,"Communications Teachers, Postsecondary",6297,Advise students on academic and vocational curricula and on career issues.,advise students on academic and vocational curricula and on career issues,tg_7858efe2beda4acf,0.25,0.25,Advising students on curricula and careers is interpersonal counseling; AI can suggest pathways but does not replace the advising conversation.,"Advising students on curricula and careers is interpersonal faculty advising, not a chatbot-replaceable task in full.",0.25,0.00,0.25,1.00,false,identical,identical_scores,,identical_scores,provisional_ai_weak_supervision,ai-pass-v1,2026-10-02,O*NET 31.0 Task Statements,true
15-1299.09,15,Information Technology Project Managers,16171,Develop and manage work breakdown structure (WBS) of information technology projects.,develop and manage work breakdown structure (wbs) of information technology projects,tg_5178b43fbc3b856e,0.50,0.50,"Building an IT work-breakdown structure is digital planning AI can generate from requirements, while scope and dependency judgment still need a PM.","A WBS can be drafted by AI, but developing and managing it across an IT project still needs a project manager's judgment.",0.50,0.00,0.50,1.00,false,identical,identical_scores,,identical_scores,provisional_ai_weak_supervision,ai-pass-v1,2026-10-02,O*NET 31.0 Task Statements,true
19-3051.00,19,Urban and Regional Planners,20523,Determine the effects of regulatory limitations on land use projects.,determine the effects of regulatory limitations on land use projects,tg_2087fa9156229067,0.50,0.50,"Determining how regulations constrain land-use projects is legal-planning analysis AI can draft, while local-code interpretation still needs a planner.",Regulatory effects on land use are analytic/legal review AI can draft; project-specific constraint calls need planner judgment.,0.50,0.00,0.50,1.00,false,identical,identical_scores,,identical_scores,provisional_ai_weak_supervision,ai-pass-v1,2026-10-02,O*NET 31.0 Task Statements,true
41-1012.00,41,First-Line Supervisors of Non-Retail Sales Workers,9672,Visit retailers and sales representatives to promote products and gather information.,visit retailers and sales representatives to promote products and gather information,tg_d13920a72ab80539,0.00,0.25,Visiting retailers and sales representatives to promote products is in-person field travel.,"Visiting retailers to promote products and gather information is in-person field sales, not desk research.",0.1250,0.25,0.00,0.85,false,deterministic_mean,deterministic_mean_and_snap,,deterministic_mean_snap,provisional_ai_weak_supervision,ai-pass-v1,2026-10-02,O*NET 31.0 Task Statements,true
33-1091.00,33,First-Line Supervisors of Security Workers,22952,"Order materials or supplies, such as keys, uniforms, and badges.","order materials or supplies, such as keys, uniforms, and badges",tg_5591b6131e1a9866,0.50,0.75,"Ordering keys, uniforms, and badges is routine purchasing AI can initiate from stock lists, but need-to-order judgment still typically stays with the supervisor.","Ordering keys, uniforms, and badges is routine supply purchasing AI or e-procurement can handle with light approval.",0.6250,0.25,0.50,0.85,false,deterministic_mean,deterministic_mean_and_snap,,deterministic_mean_snap,provisional_ai_weak_supervision,ai-pass-v1,2026-10-02,O*NET 31.0 Task Statements,true
11-2021.00,11,Marketing Managers,951,"Identify, develop, or evaluate marketing strategy, based on knowledge of establishment objectives, market characteristics, and cost and markup factors.","identify, develop, or evaluate marketing strategy, based on knowledge of establishment objectives, market characteristics, and cost and markup factors",tg_75d54f0b0495f198,0.50,0.50,"Identifying and evaluating marketing strategy is analytical planning AI can draft, while objectives, markup, and brand judgment remain essential.","Marketing-strategy development is information work AI can draft; objectives, markup, and market fit still need manager judgment.",0.50,0.00,0.50,1.00,false,identical,identical_scores,,identical_scores,provisional_ai_weak_supervision,ai-pass-v1,2026-10-02,O*NET 31.0 Task Statements,true
53-7021.00,53,Crane and Tower Operators,10770,"Clean, lubricate, and maintain mechanisms such as cables, pulleys, or grappling devices, making repairs, as necessary.","clean, lubricate, and maintain mechanisms such as cables, pulleys, or grappling devices, making repairs, as necessary",tg_576b5f67734b7ed6,0.00,0.00,"Cleaning, lubricating, and repairing crane cables, pulleys, and grapples is physical mechanical maintenance.","Cleaning, lubricating, and repairing crane cables and pulleys is physical equipment maintenance.",0.00,0.00,0.00,1.00,false,identical,identical_scores,,identical_scores,provisional_ai_weak_supervision,ai-pass-v1,2026-10-02,O*NET 31.0 Task Statements,true
49-2095.00,49,"Electrical and Electronics Repairers, Powerhouse, Substation, and Relay",11751,"Disconnect voltage regulators, bolts, and screws, and connect replacement regulators to high-voltage lines.","disconnect voltage regulators, bolts, and screws, and connect replacement regulators to high-voltage lines",tg_ba5d0730438943e0,0.00,0.00,Disconnecting voltage regulators and connecting replacements on high-voltage lines is physical electrical work.,Disconnecting and replacing high-voltage regulators is physical electrical work with explicit shock and safety risk.,0.00,0.00,0.00,1.00,false,identical,identical_scores,,identical_scores,provisional_ai_weak_supervision,ai-pass-v1,2026-10-02,O*NET 31.0 Task Statements,true
13-1121.00,13,"Meeting, Convention, and Event Planners",1224,Organize registration of event participants.,organize registration of event participants,tg_0ff986eae5098877,0.75,0.75,Organizing event-participant registration is routine digital workflow that event software and AI already run with brief planner oversight.,Event registration is routine digital intake and list management AI or registration platforms can run with brief oversight.,0.75,0.00,0.75,1.00,false,identical,identical_scores,,identical_scores,provisional_ai_weak_supervision,ai-pass-v1,2026-10-02,O*NET 31.0 Task Statements,true
39-3011.00,39,Gambling Dealers,4450,Stand behind a gaming table and deal the appropriate number of cards to each player.,stand behind a gaming table and deal the appropriate number of cards to each player,tg_b84a8cc11ad5b0f8,0.00,0.00,Standing at a gaming table and dealing cards to players is in-person physical dealing.,Standing at a table and dealing cards is in-person physical game operation that cannot be done remotely as this task.,0.00,0.00,0.00,1.00,false,identical,identical_scores,,identical_scores,provisional_ai_weak_supervision,ai-pass-v1,2026-10-02,O*NET 31.0 Task Statements,true
11-3071.00,11,"Transportation, Storage, and Distribution Managers",21367,Plan or implement improvements to internal or external systems or processes.,plan or implement improvements to internal or external systems or processes,tg_04b0d21afd068426,0.50,0.50,"Planning system or process improvements is analytical design AI can outline, while choosing and implementing operational changes still need a manager.",Planning system or process improvements is analytic work AI can outline; choosing and implementing changes still needs a manager.,0.50,0.00,0.50,1.00,false,identical,identical_scores,,identical_scores,provisional_ai_weak_supervision,ai-pass-v1,2026-10-02,O*NET 31.0 Task Statements,true
29-1129.01,29,Art Therapists,19142,"Communicate client assessment findings and recommendations in oral, written, audio, video, or other forms.","communicate client assessment findings and recommendations in oral, written, audio, video, or other forms",tg_5edcd4bc7bc138b2,0.50,0.50,"Communicating assessment findings in writing is document work AI can draft, while oral clinical communication with clients still needs the therapist.","Written assessment notes are AI-draftable, but communicating clinical findings across oral and other modes still needs therapist judgment.",0.50,0.00,0.50,1.00,false,identical,identical_scores,,identical_scores,provisional_ai_weak_supervision,ai-pass-v1,2026-10-02,O*NET 31.0 Task Statements,true
15-1299.08,15,Computer Systems Engineers/Architects,14680,"Develop or approve project plans, schedules, or budgets.","develop or approve project plans, schedules, or budgets",tg_cf1dc39952d58a97,0.50,0.50,"Developing project plans, schedules, or budgets is digital planning AI can draft, but approval and trade-offs remain a human systems-engineer decision.","Plans, schedules, and budgets are digital drafts AI can produce; approval authority and commitment of resources stay human.",0.50,0.00,0.50,1.00,false,identical,identical_scores,,identical_scores,provisional_ai_weak_supervision,ai-pass-v1,2026-10-02,O*NET 31.0 Task Statements,true
33-3051.04,33,Customs and Border Protection Officers,9460,Investigate applications for duty refunds and petition for remission or mitigation of penalties when warranted.,investigate applications for duty refunds and petition for remission or mitigation of penalties when warranted,tg_a14e0e64d1d7587f,0.50,0.50,"Investigating duty-refund applications and drafting penalty-mitigation petitions is case analysis AI can draft, while legal warrant still needs an officer.",Duty-refund investigations are documentary analysis AI can assist; petitions for penalty relief still need officer legal judgment.,0.50,0.00,0.50,1.00,false,identical,identical_scores,,identical_scores,provisional_ai_weak_supervision,ai-pass-v1,2026-10-02,O*NET 31.0 Task Statements,true
45-1011.00,45,"First-Line Supervisors of Farming, Fishing, and Forestry Workers",23349,"Confer with managers to evaluate weather or soil conditions, to develop plans or procedures, or to discuss issues such as changes in fertilizers, herbicides, or cultivating techniques.","confer with managers to evaluate weather or soil conditions, to develop plans or procedures, or to discuss issues such as changes in fertilizers, herbicides, or cultivating techniques",tg_97121fa04e23733e,0.25,0.25,"Conferring about weather, soil, and fertilizer plans is interpersonal agricultural judgment; AI weather tools assist but do not replace the conference.","Conferring on weather, soil, and cultivation changes is interpersonal operational planning grounded in field conditions.",0.25,0.00,0.25,1.00,false,identical,identical_scores,,identical_scores,provisional_ai_weak_supervision,ai-pass-v1,2026-10-02,O*NET 31.0 Task Statements,true
33-3021.06,33,Intelligence Analysts,17553,Prepare plans to intercept foreign communications transmissions.,prepare plans to intercept foreign communications transmissions,tg_42677bf2348a08b4,0.50,0.50,"Preparing plans to intercept foreign communications is intelligence planning AI can help structure, but targeting and operational judgment remain essential.",Intercept-plan drafting is information work AI can structure; targeting and operational choices remain classified human judgment.,0.50,0.00,0.50,1.00,false,identical,identical_scores,,identical_scores,provisional_ai_weak_supervision,ai-pass-v1,2026-10-02,O*NET 31.0 Task Statements,true
19-2042.00,19,"Geoscientists, Except Hydrologists and Geographers",19771,Review work plans to determine the effectiveness of activities for mitigating soil or groundwater contamination.,review work plans to determine the effectiveness of activities for mitigating soil or groundwater contamination,tg_a646cef33d34e572,0.50,0.50,"Reviewing contamination-mitigation work plans is technical document review AI can annotate, while effectiveness judgment still needs a geoscientist.",Reviewing contamination-mitigation plans is technical critique AI can draft; effectiveness calls still need geoscientist judgment.,0.50,0.00,0.50,1.00,false,identical,identical_scores,,identical_scores,provisional_ai_weak_supervision,ai-pass-v1,2026-10-02,O*NET 31.0 Task Statements,true
31-9099.01,31,Speech-Language Pathology Assistants,17532,Implement treatment plans or protocols as directed by speech-language pathologists.,implement treatment plans or protocols as directed by speech-language pathologists,tg_fb6012eb4d44fedf,0.25,0.25,Implementing speech-language treatment protocols with clients is in-person therapy delivery; AI may supply materials but does not run the session.,"Implementing SLP treatment protocols is in-person therapy delivery with a client, not a plan-writing task.",0.25,0.00,0.25,1.00,false,identical,identical_scores,,identical_scores,provisional_ai_weak_supervision,ai-pass-v1,2026-10-02,O*NET 31.0 Task Statements,true
29-2031.00,29,Cardiovascular Technologists and Technicians,4127,Monitor patients' blood pressure and heart rate using electrocardiogram (EKG) equipment during diagnostic or therapeutic procedures to notify the physician if something appears wrong.,monitor patients' blood pressure and heart rate using electrocardiogram (ekg) equipment during diagnostic or therapeutic procedures to notify the physician if something appears wrong,tg_d8b64593edf0076c,0.25,0.25,Watching EKG and vital signs during procedures is bedside monitoring; AI can alarm on traces but the tech must be present and notify the physician.,Watching EKG and vital signs during procedures is bedside clinical monitoring with a duty to alert the physician.,0.25,0.00,0.25,1.00,false,identical,identical_scores,,identical_scores,provisional_ai_weak_supervision,ai-pass-v1,2026-10-02,O*NET 31.0 Task Statements,true
51-3092.00,51,Food Batchmakers,4927,"Select and measure or weigh ingredients, using English or metric measures and balance scales.","select and measure or weigh ingredients, using english or metric measures and balance scales",tg_b47498c0b8c07b48,0.00,0.00,Selecting and weighing ingredients on balance scales is physical batch-room work.,Selecting and weighing ingredients on balance scales is physical batch-room measurement.,0.00,0.00,0.00,1.00,false,identical,identical_scores,,identical_scores,provisional_ai_weak_supervision,ai-pass-v1,2026-10-02,O*NET 31.0 Task Statements,true
49-9012.00,49,"Control and Valve Installers and Repairers, Except Mechanical Door",11788,"Dismantle meters, and replace or adjust defective parts such as cases, shafts, gears, disks, and recording mechanisms, using soldering irons and hand tools.","dismantle meters, and replace or adjust defective parts such as cases, shafts, gears, disks, and recording mechanisms, using soldering irons and hand tools",tg_03f4e527e51b0d7e,0.00,0.00,Dismantling meters and replacing gears or disks with soldering irons and hand tools is physical repair.,Dismantling meters and soldering or fitting replacement parts is physical bench repair with hand tools.,0.00,0.00,0.00,1.00,false,identical,identical_scores,,identical_scores,provisional_ai_weak_supervision,ai-pass-v1,2026-10-02,O*NET 31.0 Task Statements,true
19-3039.03,19,Clinical Neuropsychologists,22210,Design or implement rehabilitation plans for patients with cognitive dysfunction.,design or implement rehabilitation plans for patients with cognitive dysfunction,tg_4561f62f31539c82,0.25,0.50,Designing or implementing cognitive rehabilitation is clinical interpersonal care; AI may suggest plan templates but typical delivery is therapist-led.,Designing cognitive rehab plans is clinical planning AI can outline; patient-specific implementation still needs neuropsychologist judgment.,0.3750,0.25,0.25,0.85,false,deterministic_mean,deterministic_mean_and_snap,,deterministic_mean_snap,provisional_ai_weak_supervision,ai-pass-v1,2026-10-02,O*NET 31.0 Task Statements,true
47-2031.00,47,Carpenters,23446,"Remove damaged or defective parts or sections of structures and repair or replace, using hand tools.","remove damaged or defective parts or sections of structures and repair or replace, using hand tools",tg_298d3f2ec1c51f20,0.00,0.00,Removing damaged structural sections and repairing them with hand tools is physical carpentry.,Removing and replacing damaged structural parts with hand tools is physical carpentry on a building.,0.00,0.00,0.00,1.00,false,identical,identical_scores,,identical_scores,provisional_ai_weak_supervision,ai-pass-v1,2026-10-02,O*NET 31.0 Task Statements,true
19-4051.00,19,Nuclear Technicians,22324,"Decontaminate objects by cleaning them using soap or solvents or by abrading using brushes, buffing machines, or sandblasting machines.","decontaminate objects by cleaning them using soap or solvents or by abrading using brushes, buffing machines, or sandblasting machines",tg_ae5e9ac6c3947c66,0.00,0.00,"Decontaminating objects with soap, solvents, brushes, or sandblasting is physical cleaning of hazardous material.","Decontaminating objects with solvents, brushes, or sandblasting is physical nuclear-cleanup work with safety dependence.",0.00,0.00,0.00,1.00,false,identical,identical_scores,,identical_scores,provisional_ai_weak_supervision,ai-pass-v1,2026-10-02,O*NET 31.0 Task Statements,true
17-2199.07,17,Photonics Engineers,21056,"Document photonics system or component design processes, including objectives, issues, or outcomes.","document photonics system or component design processes, including objectives, issues, or outcomes",tg_483518245578fae2,0.50,0.75,"Documenting photonics design objectives and outcomes is technical writing AI can draft, while accuracy of the engineering record still needs the engineer.","Documenting design objectives, issues, and outcomes is technical writing AI can produce with brief engineer review.",0.6250,0.25,0.50,0.85,false,deterministic_mean,deterministic_mean_and_snap,,deterministic_mean_snap,provisional_ai_weak_supervision,ai-pass-v1,2026-10-02,O*NET 31.0 Task Statements,true
43-3071.00,43,Tellers,2569,"Carry out special services for customers, such as ordering bank cards and checks.","carry out special services for customers, such as ordering bank cards and checks",tg_713fa11d6cbf92bb,0.25,0.50,Ordering bank cards or checks for customers is a teller-window service interaction; backend issuance is digital but the task is customer-facing.,"Ordering cards or checks is routine, but carrying out special teller services still includes customer interaction and bank procedure judgment.",0.3750,0.25,0.25,0.85,false,deterministic_mean,deterministic_mean_and_snap,,deterministic_mean_snap,provisional_ai_weak_supervision,ai-pass-v1,2026-10-02,O*NET 31.0 Task Statements,true
17-2051.00,17,Civil Engineers,20491,"Plan and design transportation or hydraulic systems or structures, using computer-assisted design or drawing tools.","plan and design transportation or hydraulic systems or structures, using computer-assisted design or drawing tools",tg_3cce46fc9e39c9fb,0.50,0.50,"Planning transportation or hydraulic systems in CAD is design work AI can assist, while safety and engineering judgment remain essential.",CAD-supported transport or hydraulic design is AI-augmented drafting; public-safety engineering choices still need the civil engineer.,0.50,0.00,0.50,1.00,false,identical,identical_scores,,identical_scores,provisional_ai_weak_supervision,ai-pass-v1,2026-10-02,O*NET 31.0 Task Statements,true
29-1141.00,29,Registered Nurses,1839,"Maintain accurate, detailed reports and records.","maintain accurate, detailed reports and records",tg_94efca50abd67843,0.50,0.75,"Maintaining detailed nursing reports is documentation AI scribes can draft, but typical practice still requires the nurse to verify the legal record.","Maintaining detailed clinical reports is digital documentation AI can draft, with brief nurse checks for accuracy and completeness.",0.6250,0.25,0.50,0.85,false,deterministic_mean,deterministic_mean_and_snap,,deterministic_mean_snap,provisional_ai_weak_supervision,ai-pass-v1,2026-10-02,O*NET 31.0 Task Statements,true
39-2021.00,39,Animal Caretakers,5077,"Provide treatment to sick or injured animals, or contact veterinarians to secure treatment.","provide treatment to sick or injured animals, or contact veterinarians to secure treatment",tg_f8d489c23e6a991b,0.00,0.00,Treating sick or injured animals or arranging veterinary care is hands-on animal care.,Treating sick or injured animals is hands-on care; calling a veterinarian does not make the core task digital.,0.00,0.00,0.00,1.00,false,identical,identical_scores,,identical_scores,provisional_ai_weak_supervision,ai-pass-v1,2026-10-02,O*NET 31.0 Task Statements,true
13-1041.00,13,Compliance Officers,21459,"Keep informed regarding pending industry changes, trends, or best practices.","keep informed regarding pending industry changes, trends, or best practices",tg_fc57e1d0e0fa8e13,0.50,0.75,"Keeping current on industry changes and best practices is information monitoring AI can scan, while deciding what applies to the organization still needs the officer.","Staying current on industry changes is text monitoring AI already does at high quality, with light human filtering of what matters.",0.6250,0.25,0.50,0.85,false,deterministic_mean,deterministic_mean_and_snap,,deterministic_mean_snap,provisional_ai_weak_supervision,ai-pass-v1,2026-10-02,O*NET 31.0 Task Statements,true
51-9081.00,51,Dental Laboratory Technicians,7135,"Test appliances for conformance to specifications and accuracy of occlusion, using articulators and micrometers.","test appliances for conformance to specifications and accuracy of occlusion, using articulators and micrometers",tg_64f4b767b08495cf,0.00,0.25,Testing dental appliances on articulators and micrometers is physical precision inspection of a device.,Testing dental appliances on articulators and micrometers is bench sensory inspection of fit and occlusion.,0.1250,0.25,0.00,0.85,false,deterministic_mean,deterministic_mean_and_snap,,deterministic_mean_snap,provisional_ai_weak_supervision,ai-pass-v1,2026-10-02,O*NET 31.0 Task Statements,true
47-2073.00,47,Operating Engineers and Other Construction Equipment Operators,9875,"Operate equipment to demolish or remove debris or to remove snow from streets, roads, or parking lots.","operate equipment to demolish or remove debris or to remove snow from streets, roads, or parking lots",tg_c8fb3ec3cb3f4195,0.00,0.00,Operating construction equipment to demolish debris or remove snow is physical machine operation.,Operating demolition or snow-removal equipment is physical machine operation in the street or lot.,0.00,0.00,0.00,1.00,false,identical,identical_scores,,identical_scores,provisional_ai_weak_supervision,ai-pass-v1,2026-10-02,O*NET 31.0 Task Statements,true
25-3041.00,25,Tutors,17029,"Maintain records of students' assessment results, progress, feedback, or school performance, ensuring confidentiality of all records.","maintain records of students' assessment results, progress, feedback, or school performance, ensuring confidentiality of all records",tg_372b70648e504757,0.75,0.75,Maintaining confidential student progress records is routine digital record-keeping that SIS tools and AI can update with brief tutor confirmation.,Maintaining confidential student progress records is routine digital recordkeeping AI can update with brief privacy checks.,0.75,0.00,0.75,1.00,false,identical,identical_scores,,identical_scores,provisional_ai_weak_supervision,ai-pass-v1,2026-10-02,O*NET 31.0 Task Statements,true
17-2151.00,17,"Mining and Geological Engineers, Including Mining Safety Engineers",3568,"Select or develop mineral location, extraction, and production methods, based on factors such as safety, cost, and deposit characteristics.","select or develop mineral location, extraction, and production methods, based on factors such as safety, cost, and deposit characteristics",tg_4f9a1be930ff76e4,0.50,0.50,"Selecting mineral extraction methods from safety, cost, and deposit factors is engineering analysis AI can model, while method choice remains a human decision.","Choosing extraction methods from safety, cost, and deposit data is engineering judgment AI can model but not authorize.",0.50,0.00,0.50,1.00,false,identical,identical_scores,,identical_scores,provisional_ai_weak_supervision,ai-pass-v1,2026-10-02,O*NET 31.0 Task Statements,true
49-9021.00,49,"Heating, Air Conditioning, and Refrigeration Mechanics and Installers",23554,Discuss heating or cooling system malfunctions with users to isolate problems or to verify that repairs corrected malfunctions.,discuss heating or cooling system malfunctions with users to isolate problems or to verify that repairs corrected malfunctions,tg_c07eaf282a6e2d1b,0.25,0.25,"Discussing HVAC malfunctions with users to isolate problems is interpersonal field diagnosis, not a digital-only task.",Discussing HVAC malfunctions with users to isolate or verify repairs is on-site interpersonal diagnosis.,0.25,0.00,0.25,1.00,false,identical,identical_scores,,identical_scores,provisional_ai_weak_supervision,ai-pass-v1,2026-10-02,O*NET 31.0 Task Statements,true
17-2061.00,17,Computer Hardware Engineers,7403,"Specify power supply requirements and configuration, drawing on system performance expectations and design specifications.","specify power supply requirements and configuration, drawing on system performance expectations and design specifications",tg_b3f519242d97a7c9,0.50,0.50,"Specifying power-supply requirements from performance targets is engineering calculation AI can draft, while configuration sign-off still needs the hardware engineer.",Power-supply specification is structured engineering AI can calculate; configuration against performance needs still needs an engineer.,0.50,0.00,0.50,1.00,false,identical,identical_scores,,identical_scores,provisional_ai_weak_supervision,ai-pass-v1,2026-10-02,O*NET 31.0 Task Statements,true
25-1081.00,25,"Education Teachers, Postsecondary",6160,"Conduct research in a particular field of knowledge and publish findings in professional journals, books, or electronic media.","conduct research in a particular field of knowledge and publish findings in professional journals, books, or electronic media",tg_2f1b996667a4a799,0.50,0.50,"Conducting research and publishing findings is scholarly writing AI can draft, while research design, claims, and peer-standard judgment remain essential.","Research writing is AI-draftable, but conducting and publishing original field findings still needs the scholar's judgment and claims.",0.50,0.00,0.50,1.00,false,identical,identical_scores,,identical_scores,provisional_ai_weak_supervision,ai-pass-v1,2026-10-02,O*NET 31.0 Task Statements,true
47-2061.00,47,Construction Laborers,11473,"Mop, brush, or spread paints, cleaning solutions, or other compounds over surfaces to clean them or to provide protection.","mop, brush, or spread paints, cleaning solutions, or other compounds over surfaces to clean them or to provide protection",tg_881ba36c5f029f4a,0.00,0.00,Mopping or brushing paints and cleaning compounds onto surfaces is physical labor.,Mopping or brushing compounds onto surfaces for cleaning or protection is physical laborer work.,0.00,0.00,0.00,1.00,false,identical,identical_scores,,identical_scores,provisional_ai_weak_supervision,ai-pass-v1,2026-10-02,O*NET 31.0 Task Statements,true
41-3021.00,41,Insurance Sales Agents,736,Explain necessary bookkeeping requirements for customer to implement and provide group insurance program.,explain necessary bookkeeping requirements for customer to implement and provide group insurance program,tg_02d417729d91f8aa,0.25,0.50,Explaining bookkeeping requirements so a customer can run group insurance is interpersonal sales education; AI can draft a checklist but typical delivery is a conversation.,"Explaining bookkeeping steps for group insurance is instructional information work AI can script, but client-specific setup still needs the agent.",0.3750,0.25,0.25,0.85,false,deterministic_mean,deterministic_mean_and_snap,,deterministic_mean_snap,provisional_ai_weak_supervision,ai-pass-v1,2026-10-02,O*NET 31.0 Task Statements,true
17-3024.00,17,Electro-Mechanical and Mechatronics Technologists and Technicians,22015,"Modify, maintain, or repair electrical, electronic, or mechanical components, equipment, or systems to ensure proper functioning.","modify, maintain, or repair electrical, electronic, or mechanical components, equipment, or systems to ensure proper functioning",tg_32960d88ae988e1f,0.00,0.00,"Modifying or repairing electrical, electronic, or mechanical components so they function is hands-on technical repair.",Modifying and repairing electrical or mechanical components so they function is hands-on hardware work with safety risk.,0.00,0.00,0.00,1.00,false,identical,identical_scores,,identical_scores,provisional_ai_weak_supervision,ai-pass-v1,2026-10-02,O*NET 31.0 Task Statements,true
35-3011.00,35,Bartenders,2237,"Plan, organize, and control the operations of a cocktail lounge or bar.","plan, organize, and control the operations of a cocktail lounge or bar",tg_d75bf2945b31c0d2,0.25,0.25,Planning and controlling cocktail-lounge operations is on-site hospitality management; AI may help schedules or inventory but does not run the bar.,"Planning and controlling lounge operations is on-site hospitality management of people, stock, and service, not a desk plan.",0.25,0.00,0.25,1.00,false,identical,identical_scores,,identical_scores,provisional_ai_weak_supervision,ai-pass-v1,2026-10-02,O*NET 31.0 Task Statements,true
47-4099.03,47,Weatherization Installers and Technicians,21205,"Determine amount of air leakage in buildings, using a blower door machine.","determine amount of air leakage in buildings, using a blower door machine",tg_8287a368197aa207,0.25,0.25,"Measuring building air leakage with a blower-door machine is on-site physical testing, analogous to inspecting plumbing, with only minor digital logging assist.","Measuring building leakage with a blower door is on-site physical testing, analogous to inspecting a plumbing system.",0.25,0.00,0.25,1.00,false,identical,identical_scores,,identical_scores,provisional_ai_weak_supervision,ai-pass-v1,2026-10-02,O*NET 31.0 Task Statements,true
11-2022.00,11,Sales Managers,7,Confer or consult with department heads to plan advertising services and to secure information on equipment and customer specifications.,confer or consult with department heads to plan advertising services and to secure information on equipment and customer specifications,tg_1fd2f5c63e6e5647,0.25,0.25,Conferring with department heads to plan advertising and gather specifications is interpersonal managerial consultation.,Consulting department heads on advertising and equipment specs is interpersonal planning conversation.,0.25,0.00,0.25,1.00,false,identical,identical_scores,,identical_scores,provisional_ai_weak_supervision,ai-pass-v1,2026-10-02,O*NET 31.0 Task Statements,true
27-1027.00,27,Set and Exhibit Designers,9291,Inspect installed exhibits for conformance to specifications and satisfactory operation of special-effects components.,inspect installed exhibits for conformance to specifications and satisfactory operation of special-effects components,tg_cbcc74fbb7e7a5fe,0.25,0.25,Inspecting installed exhibits and special-effects components for conformance is on-site sensory inspection with only assistive checklists from AI.,Inspecting installed exhibits and special-effects hardware is on-site sensory conformance checking.,0.25,0.00,0.25,1.00,false,identical,identical_scores,,identical_scores,provisional_ai_weak_supervision,ai-pass-v1,2026-10-02,O*NET 31.0 Task Statements,true
17-2081.00,17,Environmental Engineers,19625,Prepare or present public briefings on the status of environmental engineering projects.,prepare or present public briefings on the status of environmental engineering projects,tg_237ef8f2e5c4f28e,0.50,0.50,"Preparing public briefings is document work AI can draft, while presenting project status to the public is still typically a human speaker.","Briefing text can be AI-drafted, but preparing and presenting public project status still needs engineer ownership of claims.",0.50,0.00,0.50,1.00,false,identical,identical_scores,,identical_scores,provisional_ai_weak_supervision,ai-pass-v1,2026-10-02,O*NET 31.0 Task Statements,true
31-9097.00,31,Phlebotomists,19388,"Determine donor suitability, according to interview results, vital signs, and medical history.","determine donor suitability, according to interview results, vital signs, and medical history",tg_68706f28b236a5b3,0.25,0.25,"Determining donor suitability from interviews, vitals, and history is in-person clinical screening; protocols help but the interview and vitals are physical.","Donor suitability uses interviews, vitals, and history; the decision is in-person clinical screening with safety stakes.",0.25,0.00,0.25,1.00,false,identical,identical_scores,,identical_scores,provisional_ai_weak_supervision,ai-pass-v1,2026-10-02,O*NET 31.0 Task Statements,true
51-9151.00,51,Photographic Process Workers and Processing Machine Operators,19465,Create prints according to customer specifications and laboratory protocols.,create prints according to customer specifications and laboratory protocols,tg_551837e53a6be89b,0.50,0.50,"Creating prints to customer specs and lab protocols is increasingly digital production AI can drive, yet lab protocol judgment and QC still typically stay human.","Making prints to spec can be highly digital, but lab-protocol execution and customer-fit checks still need an operator.",0.50,0.00,0.50,1.00,false,identical,identical_scores,,identical_scores,provisional_ai_weak_supervision,ai-pass-v1,2026-10-02,O*NET 31.0 Task Statements,true
47-4011.00,47,Construction and Building Inspectors,20446,"Confer with owners, violators, or authorities to explain regulations or recommend remedial actions.","confer with owners, violators, or authorities to explain regulations or recommend remedial actions",tg_da0b1335c5e08686,0.25,0.25,"Conferring with owners or authorities to explain regulations is interpersonal compliance conversation, not AI substitution of the conference.",Conferring with owners or violators about codes and remedies is in-person regulatory conversation.,0.25,0.00,0.25,1.00,false,identical,identical_scores,,identical_scores,provisional_ai_weak_supervision,ai-pass-v1,2026-10-02,O*NET 31.0 Task Statements,true
51-8099.01,51,Biofuels Processing Technicians,17822,Process refined feedstock with additives in fermentation or reaction process vessels.,process refined feedstock with additives in fermentation or reaction process vessels,tg_c7c4ec956a98f2c2,0.00,0.00,Processing feedstock with additives in fermentation or reaction vessels is physical process-plant operation.,Processing feedstock in fermentation or reaction vessels is physical process-plant operation.,0.00,0.00,0.00,1.00,false,identical,identical_scores,,identical_scores,provisional_ai_weak_supervision,ai-pass-v1,2026-10-02,O*NET 31.0 Task Statements,true
17-2072.00,17,"Electronics Engineers, Except Computer",20495,"Analyze electronics system requirements, capacity, cost, or customer needs to determine project feasibility.","analyze electronics system requirements, capacity, cost, or customer needs to determine project feasibility",tg_377f1cfdfe9ff646,0.50,0.50,"Analyzing electronics requirements, capacity, and cost for feasibility is engineering analysis AI can draft, while feasibility sign-off still needs the engineer.",Feasibility analysis of electronics requirements and cost is digital modeling AI can draft; go/no-go still needs the engineer.,0.50,0.00,0.50,1.00,false,identical,identical_scores,,identical_scores,provisional_ai_weak_supervision,ai-pass-v1,2026-10-02,O*NET 31.0 Task Statements,true
41-9022.00,41,Real Estate Sales Agents,2460,"Review property listings, trade journals, and relevant literature, and attend conventions, seminars, and staff and association meetings, to remain knowledgeable about real estate markets.","review property listings, trade journals, and relevant literature, and attend conventions, seminars, and staff and association meetings, to remain knowledgeable about real estate markets",tg_fdf91bedab86fd07,0.50,0.50,"Reading listings and journals is information monitoring AI can summarize, but attending conventions and association meetings is in-person, so exposure is partial.","Reading listings and journals is AI-strong, but remaining market-knowledgeable also includes attending conventions and meetings.",0.50,0.00,0.50,1.00,false,identical,identical_scores,,identical_scores,provisional_ai_weak_supervision,ai-pass-v1,2026-10-02,O*NET 31.0 Task Statements,true
25-1112.00,25,"Law Teachers, Postsecondary",6229,"Perform administrative duties, such as serving as department head.","perform administrative duties, such as serving as department head",tg_84841454a489377b,0.25,0.25,"Serving as department head is interpersonal academic administration, not a task current AI typically performs.","Serving as department head is interpersonal academic leadership and administration, not a document-production task.",0.25,0.00,0.25,1.00,false,identical,identical_scores,,identical_scores,provisional_ai_weak_supervision,ai-pass-v1,2026-10-02,O*NET 31.0 Task Statements,true
15-1243.00,15,Database Architects,21660,"Write and code logical and physical database descriptions, and specify identifiers of database to management system or direct others in coding descriptions.","write and code logical and physical database descriptions, and specify identifiers of database to management system or direct others in coding descriptions",tg_a22c22e4b9f83e1f,0.75,0.75,"Writing and coding logical and physical database descriptions is structured digital schema work close to converting SQL, where AI does most logic with a brief architect check.",Writing logical and physical database descriptions is structured schema work AI can do with brief architect oversight.,0.75,0.00,0.75,1.00,false,identical,identical_scores,,identical_scores,provisional_ai_weak_supervision,ai-pass-v1,2026-10-02,O*NET 31.0 Task Statements,true
49-9012.00,49,"Control and Valve Installers and Repairers, Except Mechanical Door",11789,Advise customers on proper installation of valves or regulators and related equipment.,advise customers on proper installation of valves or regulators and related equipment,tg_0c6eef2f05553642,0.25,0.25,Advising customers on installing valves or regulators is interpersonal field guidance tied to physical equipment.,Advising customers on valve or regulator installation is interpersonal technical guidance with physical-safety implications.,0.25,0.00,0.25,1.00,false,identical,identical_scores,,identical_scores,provisional_ai_weak_supervision,ai-pass-v1,2026-10-02,O*NET 31.0 Task Statements,true
11-9013.00,11,"Farmers, Ranchers, and Other Agricultural Managers",21373,"Direct and monitor the transfer of mature fish to lakes, ponds, streams, or commercial tanks.","direct and monitor the transfer of mature fish to lakes, ponds, streams, or commercial tanks",tg_f6ef2c53501df19e,0.00,0.00,"Directing and monitoring transfer of live fish into lakes, ponds, or tanks is on-site physical livestock handling.",Directing and monitoring live fish transfers into water bodies is on-site handling of animals and equipment.,0.00,0.00,0.00,1.00,false,identical,identical_scores,,identical_scores,provisional_ai_weak_supervision,ai-pass-v1,2026-10-02,O*NET 31.0 Task Statements,true
43-5051.00,43,Postal Service Clerks,11338,Transport mail from one work station to another.,transport mail from one work station to another,tg_bfacd12711b80f42,0.00,0.00,Transporting mail between work stations is physical carrying of mail.,Transporting mail between workstations is physical carrying/moving of items inside the facility.,0.00,0.00,0.00,1.00,false,identical,identical_scores,,identical_scores,provisional_ai_weak_supervision,ai-pass-v1,2026-10-02,O*NET 31.0 Task Statements,true
29-1171.00,29,Nurse Practitioners,18384,"Diagnose or treat chronic health care problems, such as high blood pressure and diabetes.","diagnose or treat chronic health care problems, such as high blood pressure and diabetes",tg_4906aa713f532c1f,0.25,0.25,Diagnosing or treating chronic conditions such as hypertension or diabetes is in-person clinical care; guideline AI can assist but does not replace the visit.,Diagnosing and treating chronic conditions is clinical care with prescribing authority and patient-safety dependence.,0.25,0.00,0.25,1.00,false,identical,identical_scores,,identical_scores,provisional_ai_weak_supervision,ai-pass-v1,2026-10-02,O*NET 31.0 Task Statements,true
25-1123.00,25,"English Language and Literature Teachers, Postsecondary",6311,"Evaluate and grade students' class work, assignments, and papers.","evaluate and grade students' class work, assignments, and papers",tg_e82ec10677e26891,0.50,0.50,"Evaluating and grading papers is text-assessment work AI can draft, while academic standards and fairness still typically require the instructor.","Grading papers is text work AI can draft scores for, but literature evaluation and academic judgment remain the teacher's.",0.50,0.00,0.50,1.00,false,identical,identical_scores,,identical_scores,provisional_ai_weak_supervision,ai-pass-v1,2026-10-02,O*NET 31.0 Task Statements,true
25-9042.00,25,"Teaching Assistants, Preschool, Elementary, Middle, and Secondary School, Except Special Education",22473,"Plan, prepare, and develop various teaching aids, such as bibliographies, charts, and graphs.","plan, prepare, and develop various teaching aids, such as bibliographies, charts, and graphs",tg_003b6b86f8a84bc9,0.75,0.75,"Developing bibliographies, charts, and graphs as teaching aids is routine digital content generation AI already does well, with brief pedagogical check.","Developing bibliographies, charts, and graphs as teaching aids is digital content work AI can produce with light review.",0.75,0.00,0.75,1.00,false,identical,identical_scores,,identical_scores,provisional_ai_weak_supervision,ai-pass-v1,2026-10-02,O*NET 31.0 Task Statements,true
51-6092.00,51,Fabric and Apparel Patternmakers,12206,"Compute dimensions of patterns according to sizes, considering stretching of material.","compute dimensions of patterns according to sizes, considering stretching of material",tg_7addb06a30687e80,0.50,0.75,"Computing pattern dimensions by size and fabric stretch is calculation AI or CAD can perform, but stretch behavior still needs a patternmaker’s judgment.","Computing pattern dimensions from size rules is structured calculation AI can complete, with brief checks for stretch and size grade.",0.6250,0.25,0.50,0.85,false,deterministic_mean,deterministic_mean_and_snap,,deterministic_mean_snap,provisional_ai_weak_supervision,ai-pass-v1,2026-10-02,O*NET 31.0 Task Statements,true
51-9071.06,51,Gem and Diamond Workers,15108,"Split gems along pre-marked lines to remove imperfections, using blades and jewelers' hammers.","split gems along pre-marked lines to remove imperfections, using blades and jewelers' hammers",tg_93737de5c5f98484,0.00,0.00,Splitting gems along marked lines with blades and hammers is physical jewelers’ work.,Splitting gems along marked lines with blades and hammers is precision physical craft.,0.00,0.00,0.00,1.00,false,identical,identical_scores,,identical_scores,provisional_ai_weak_supervision,ai-pass-v1,2026-10-02,O*NET 31.0 Task Statements,true
25-2031.00,25,"Secondary School Teachers, Except Special and Career/Technical Education",6661,"Confer with other staff members to plan and schedule lessons promoting learning, following approved curricula.","confer with other staff members to plan and schedule lessons promoting learning, following approved curricula",tg_baf585d0132d117e,0.25,0.25,Conferring with staff to plan and schedule lessons is interpersonal coordination; AI calendars can help but the conference is human.,"Conferring with staff to plan and schedule lessons is collaborative in-person planning, not solo calendar automation.",0.25,0.00,0.25,1.00,false,identical,identical_scores,,identical_scores,provisional_ai_weak_supervision,ai-pass-v1,2026-10-02,O*NET 31.0 Task Statements,true
11-2011.00,11,Advertising and Promotions Managers,3236,Provide presentation and product demonstration support during the introduction of new products and services to field staff and customers.,provide presentation and product demonstration support during the introduction of new products and services to field staff and customers,tg_fe937d75fdbaa724,0.25,0.25,Providing presentation and live product-demonstration support to field staff and customers is interpersonal rollout work.,Supporting live product demonstrations for field staff and customers is in-person presentation work.,0.25,0.00,0.25,1.00,false,identical,identical_scores,,identical_scores,provisional_ai_weak_supervision,ai-pass-v1,2026-10-02,O*NET 31.0 Task Statements,true
11-3051.04,11,Biomass Power Plant Managers,15476,"Inspect biomass gasification processes, equipment, and facilities for ways to maximize capacity and minimize operating costs.","inspect biomass gasification processes, equipment, and facilities for ways to maximize capacity and minimize operating costs",tg_613f56c3ea458c48,0.25,0.25,"Inspecting biomass gasification equipment and facilities for capacity and cost is on-site plant inspection, with only assistive analytics from AI.",Inspecting gasification equipment and facilities for capacity and cost is on-site industrial inspection with process-safety stakes.,0.25,0.00,0.25,1.00,false,identical,identical_scores,,identical_scores,provisional_ai_weak_supervision,ai-pass-v1,2026-10-02,O*NET 31.0 Task Statements,true
19-1029.04,19,Biologists,18614,"Review reports and proposals, such as those relating to land use classifications and recreational development, for accuracy, adequacy, or adherence to policies, regulations, or scientific standards.","review reports and proposals, such as those relating to land use classifications and recreational development, for accuracy, adequacy, or adherence to policies, regulations, or scientific standards",tg_77b3987c5e7eee8f,0.50,0.50,"Reviewing land-use reports for accuracy and policy adherence is document QA AI can flag, while scientific and regulatory adequacy still need a biologist.",Reviewing land-use reports for scientific and policy adequacy is document critique AI can draft; acceptance still needs a biologist.,0.50,0.00,0.50,1.00,false,identical,identical_scores,,identical_scores,provisional_ai_weak_supervision,ai-pass-v1,2026-10-02,O*NET 31.0 Task Statements,true
51-4111.00,51,Tool and Die Makers,8498,"Lift, position, and secure machined parts on surface plates or worktables, using hoists, vises, v-blocks, or angle plates.","lift, position, and secure machined parts on surface plates or worktables, using hoists, vises, v-blocks, or angle plates",tg_ce9065f735e4dccb,0.00,0.00,"Lifting, positioning, and securing machined parts with hoists and vises is physical shop handling.","Lifting and securing machined parts with hoists, vises, and angle plates is physical shop handling.",0.00,0.00,0.00,1.00,false,identical,identical_scores,,identical_scores,provisional_ai_weak_supervision,ai-pass-v1,2026-10-02,O*NET 31.0 Task Statements,true
29-1129.02,29,Music Therapists,19177,"Plan or structure music therapy sessions to achieve appropriate transitions, pacing, sequencing, energy level, or intensity in accordance with treatment plans.","plan or structure music therapy sessions to achieve appropriate transitions, pacing, sequencing, energy level, or intensity in accordance with treatment plans",tg_a8f568e3af70db60,0.50,0.50,"Structuring music-therapy session pacing and intensity is clinical planning AI can outline, while fit to the treatment plan still needs the therapist.",Structuring music-therapy sessions is clinical planning AI can suggest; pacing and intensity still need therapist judgment.,0.50,0.00,0.50,1.00,false,identical,identical_scores,,identical_scores,provisional_ai_weak_supervision,ai-pass-v1,2026-10-02,O*NET 31.0 Task Statements,true
13-1081.00,13,Logisticians,8951,"Manage the logistical aspects of product life cycles, including coordination or provisioning of samples, and the minimization of obsolescence.","manage the logistical aspects of product life cycles, including coordination or provisioning of samples, and the minimization of obsolescence",tg_c8e8bef3a017a027,0.50,0.50,"Managing product-lifecycle logistics and obsolescence is coordination and planning AI can optimize, while provisioning trade-offs still need a logistician.",Life-cycle logistics coordination is information and vendor work AI can plan; obsolescence and sample decisions still need a logistician.,0.50,0.00,0.50,1.00,false,identical,identical_scores,,identical_scores,provisional_ai_weak_supervision,ai-pass-v1,2026-10-02,O*NET 31.0 Task Statements,true
43-6014.00,43,"Secretaries and Administrative Assistants, Except Legal, Medical, and Executive",2795,Complete forms in accordance with company procedures.,complete forms in accordance with company procedures,tg_c1b33e288ad83fb4,0.75,1.00,"Completing forms per company procedures is routine digital clerical work AI and templates can fill, with brief human confirmation of facts.",Completing forms to company procedure is routine digital/text work at expert parity with current form-filling tools.,0.8750,0.25,0.75,0.85,false,deterministic_mean,deterministic_mean_and_snap,,deterministic_mean_snap,provisional_ai_weak_supervision,ai-pass-v1,2026-10-02,O*NET 31.0 Task Statements,true
21-1022.00,21,Healthcare Social Workers,259,Investigate child abuse or neglect cases and take authorized protective action when necessary.,investigate child abuse or neglect cases and take authorized protective action when necessary,tg_27d8a68730bab961,0.25,0.25,Investigating child abuse and taking protective action is in-person casework and safety intervention; AI may help notes but not the investigation.,Investigating child abuse and taking protective action is in-person casework with legal authority and child-safety stakes.,0.25,0.00,0.25,1.00,false,identical,identical_scores,,identical_scores,provisional_ai_weak_supervision,ai-pass-v1,2026-10-02,O*NET 31.0 Task Statements,true
51-5113.00,51,Print Binding and Finishing Workers,19444,Design original or special bindings for limited editions or other custom binding projects.,design original or special bindings for limited editions or other custom binding projects,tg_8bddd11dd5bca001,0.25,0.25,Designing original or custom book bindings is skilled physical craft; AI might suggest motifs but typical limited-edition binding is handmade.,Designing original custom bindings is skilled physical book-arts craft; digital mockups are only a minor assist.,0.25,0.00,0.25,1.00,false,identical,identical_scores,,identical_scores,provisional_ai_weak_supervision,ai-pass-v1,2026-10-02,O*NET 31.0 Task Statements,true
31-2011.00,31,Occupational Therapy Assistants,18701,Attend care plan meetings to review patient progress and update care plans.,attend care plan meetings to review patient progress and update care plans,tg_880b9cc7958ec7ac,0.50,0.50,"Updating care plans from meeting discussion is documentation AI can draft, while attending the interdisciplinary meeting and agreeing changes stay human.","Updating care plans is digital, but attending multidisciplinary meetings to review progress still needs the assistant present.",0.50,0.00,0.50,1.00,false,identical,identical_scores,,identical_scores,provisional_ai_weak_supervision,ai-pass-v1,2026-10-02,O*NET 31.0 Task Statements,true
49-2096.00,49,"Electronic Equipment Installers and Repairers, Motor Vehicles",13730,Confer with customers to determine the nature of malfunctions.,confer with customers to determine the nature of malfunctions,tg_4f1b4547c4e084ad,0.25,0.25,Conferring with customers to learn the nature of vehicle electronic malfunctions is interpersonal diagnosis talk.,Conferring with customers about vehicle electronics malfunctions is interpersonal intake and diagnosis talk.,0.25,0.00,0.25,1.00,false,identical,identical_scores,,identical_scores,provisional_ai_weak_supervision,ai-pass-v1,2026-10-02,O*NET 31.0 Task Statements,true
51-9082.00,51,Medical Appliance Technicians,10522,"Test medical supportive devices for proper alignment, movement, or biomechanical stability, using meters and alignment fixtures.","test medical supportive devices for proper alignment, movement, or biomechanical stability, using meters and alignment fixtures",tg_cdc3f74f1505c064,0.25,0.25,Testing medical supportive devices for alignment and stability with meters and fixtures is hands-on physical inspection with only minor digital assist.,Testing medical devices for alignment and biomechanical stability is bench sensory inspection with patient-safety implications.,0.25,0.00,0.25,1.00,false,identical,identical_scores,,identical_scores,provisional_ai_weak_supervision,ai-pass-v1,2026-10-02,O*NET 31.0 Task Statements,true
19-4061.00,19,Social Science Research Assistants,12957,"Prepare tables, graphs, fact sheets, and written reports summarizing research results.","prepare tables, graphs, fact sheets, and written reports summarizing research results",tg_e865ec2940a9b304,0.75,0.75,"Preparing tables, graphs, fact sheets, and summary reports from research results is routine digital synthesis AI can produce with brief accuracy check.","Preparing tables, graphs, and summary reports of research results is structured writing AI can do with brief accuracy review.",0.75,0.00,0.75,1.00,false,identical,identical_scores,,identical_scores,provisional_ai_weak_supervision,ai-pass-v1,2026-10-02,O*NET 31.0 Task Statements,true
17-3023.00,17,Electrical and Electronic Engineering Technologists and Technicians,22001,Conduct statistical studies to analyze or compare production costs for sustainable or nonsustainable designs.,conduct statistical studies to analyze or compare production costs for sustainable or nonsustainable designs,tg_2055265c6f97a48f,0.50,0.75,"Running statistical cost comparisons of sustainable designs is analysis AI and software can compute, while study design and conclusion still need the technician.","Statistical cost comparisons of design options are digital analyses AI can run, needing only brief method and data checks.",0.6250,0.25,0.50,0.85,false,deterministic_mean,deterministic_mean_and_snap,,deterministic_mean_snap,provisional_ai_weak_supervision,ai-pass-v1,2026-10-02,O*NET 31.0 Task Statements,true
27-2042.00,27,Musicians and Singers,22588,"Audition for orchestras, bands, or other musical groups.","audition for orchestras, bands, or other musical groups",tg_7b189d23d35ada7b,0.00,0.00,Auditioning for orchestras or bands is in-person live musical performance.,Auditioning for a musical group is in-person live performance that AI cannot perform as the musician.,0.00,0.00,0.00,1.00,false,identical,identical_scores,,identical_scores,provisional_ai_weak_supervision,ai-pass-v1,2026-10-02,O*NET 31.0 Task Statements,true
17-2141.02,17,Automotive Engineers,16426,Conduct research studies to develop new concepts in the field of automotive engineering.,conduct research studies to develop new concepts in the field of automotive engineering,tg_98e3503a6ca2fe45,0.50,0.50,"Conducting research to develop new automotive-engineering concepts is investigative design AI can assist with literature or simulation, while novelty judgment stays human.",Automotive concept research is knowledge work AI can survey and draft; new-concept claims still need engineer judgment.,0.50,0.00,0.50,1.00,false,identical,identical_scores,,identical_scores,provisional_ai_weak_supervision,ai-pass-v1,2026-10-02,O*NET 31.0 Task Statements,true
53-7072.00,53,"Pump Operators, Except Wellhead Pumpers",14610,"Record operating data such as products and quantities pumped, stocks used, gauging results, and operating times.","record operating data such as products and quantities pumped, stocks used, gauging results, and operating times",tg_fe939eec940ce650,0.50,0.75,"Recording pumped quantities, stocks, and operating times is structured logging AI or sensors can capture, but typical operators still enter or verify the log.",Recording pumped quantities and operating times is routine operational logging AI or SCADA can complete with light checks.,0.6250,0.25,0.50,0.85,false,deterministic_mean,deterministic_mean_and_snap,,deterministic_mean_snap,provisional_ai_weak_supervision,ai-pass-v1,2026-10-02,O*NET 31.0 Task Statements,true
43-3051.00,43,Payroll and Timekeeping Clerks,2522,Keep informed about changes in tax and deduction laws that apply to the payroll process.,keep informed about changes in tax and deduction laws that apply to the payroll process,tg_aa12860d37ba9ca6,0.50,0.75,"Tracking tax and deduction-law changes for payroll is information monitoring AI can scan, while applying the right rule to the payroll still needs the clerk.","Tracking tax and deduction-law changes is text monitoring AI can do well, with brief clerk review before payroll use.",0.6250,0.25,0.50,0.85,false,deterministic_mean,deterministic_mean_and_snap,,deterministic_mean_snap,provisional_ai_weak_supervision,ai-pass-v1,2026-10-02,O*NET 31.0 Task Statements,true
49-9011.00,49,Mechanical Door Repairers,8397,"Install door frames, rails, steel rolling curtains, electronic-eye mechanisms, or electric door openers and closers, using power tools, hand tools, and electronic test equipment.","install door frames, rails, steel rolling curtains, electronic-eye mechanisms, or electric door openers and closers, using power tools, hand tools, and electronic test equipment",tg_c4a11ec9e71d73c8,0.00,0.00,"Installing door frames, rails, rolling curtains, and openers with power and hand tools is physical installation.","Installing door frames, rails, and electric openers with power tools is physical installation work.",0.00,0.00,0.00,1.00,false,identical,identical_scores,,identical_scores,provisional_ai_weak_supervision,ai-pass-v1,2026-10-02,O*NET 31.0 Task Statements,true
47-4011.01,47,Energy Auditors,18087,Recommend energy-efficient technologies or alternate energy sources.,recommend energy-efficient technologies or alternate energy sources,tg_a96bd76feeca4bf7,0.50,0.50,"Recommending energy-efficient technologies is advisory analysis AI can draft from audit data, while site-appropriate recommendations still need the auditor.",Recommending energy technologies is advice AI can draft from audits; building-specific fit still needs auditor judgment.,0.50,0.00,0.50,1.00,false,identical,identical_scores,,identical_scores,provisional_ai_weak_supervision,ai-pass-v1,2026-10-02,O*NET 31.0 Task Statements,true
53-6011.00,53,Bridge and Lock Tenders,7169,Attach ropes or cable lines to bitts on lock decks or wharfs to secure vessels.,attach ropes or cable lines to bitts on lock decks or wharfs to secure vessels,tg_7984b2bebef1e802,0.00,0.00,Attaching ropes or cables to bitts to secure vessels is physical lock-and-wharf work.,Attaching ropes to bitts to secure vessels is physical lock-and-wharf work with maritime safety dependence.,0.00,0.00,0.00,1.00,false,identical,identical_scores,,identical_scores,provisional_ai_weak_supervision,ai-pass-v1,2026-10-02,O*NET 31.0 Task Statements,true
49-3043.00,49,Rail Car Repairers,9991,"Perform scheduled maintenance, and clean units and components.","perform scheduled maintenance, and clean units and components",tg_ffe32da4e89e8aec,0.00,0.00,Performing scheduled maintenance and cleaning rail-car units is physical repair-shop work.,Scheduled maintenance and cleaning of rail-car units is physical shop work on hardware.,0.00,0.00,0.00,1.00,false,identical,identical_scores,,identical_scores,provisional_ai_weak_supervision,ai-pass-v1,2026-10-02,O*NET 31.0 Task Statements,true
51-8011.00,51,Nuclear Power Reactor Operators,8514,"Participate in nuclear fuel element handling activities, such as preparation, transfer, loading, or unloading.","participate in nuclear fuel element handling activities, such as preparation, transfer, loading, or unloading",tg_ee98202703d27324,0.00,0.00,"Handling nuclear fuel elements for preparation, transfer, loading, or unloading is physical, highly controlled plant work.",Handling nuclear fuel elements for transfer or loading is physical nuclear operations with extreme safety dependence.,0.00,0.00,0.00,1.00,false,identical,identical_scores,,identical_scores,provisional_ai_weak_supervision,ai-pass-v1,2026-10-02,O*NET 31.0 Task Statements,true
43-3011.00,43,Bill and Account Collectors,18559,Answer customer questions regarding problems with their accounts.,answer customer questions regarding problems with their accounts,tg_18adab771fa4b460,0.50,0.50,"Answering account-problem questions is digital customer support AI chat can draft, but collections disputes still typically get a human collector.","Account-problem questions are partly automatable, but resolving exceptions still needs collector judgment and customer dialogue.",0.50,0.00,0.50,1.00,false,identical,identical_scores,,identical_scores,provisional_ai_weak_supervision,ai-pass-v1,2026-10-02,O*NET 31.0 Task Statements,true
19-1029.01,19,Bioinformatics Scientists,16785,"Direct the work of technicians and information technology staff applying bioinformatics tools or applications in areas such as proteomics, transcriptomics, metabolomics, or clinical bioinformatics.","direct the work of technicians and information technology staff applying bioinformatics tools or applications in areas such as proteomics, transcriptomics, metabolomics, or clinical bioinformatics",tg_24c53408a6b060c3,0.25,0.25,Directing technicians and IT staff who apply bioinformatics tools is interpersonal scientific supervision.,Directing technicians and IT staff in applied bioinformatics is interpersonal scientific supervision.,0.25,0.00,0.25,1.00,false,identical,identical_scores,,identical_scores,provisional_ai_weak_supervision,ai-pass-v1,2026-10-02,O*NET 31.0 Task Statements,true
17-3027.01,17,Automotive Engineering Technicians,16599,"Set up mechanical, hydraulic, or electric test equipment in accordance with engineering specifications, standards, or test procedures.","set up mechanical, hydraulic, or electric test equipment in accordance with engineering specifications, standards, or test procedures",tg_30080587e202c4e0,0.00,0.25,"Setting up mechanical, hydraulic, or electric test equipment to engineering specs is physical lab or shop setup.","Setting up mechanical, hydraulic, or electric test equipment is physical bench/lab setup following procedures.",0.1250,0.25,0.00,0.85,false,deterministic_mean,deterministic_mean_and_snap,,deterministic_mean_snap,provisional_ai_weak_supervision,ai-pass-v1,2026-10-02,O*NET 31.0 Task Statements,true
25-9042.00,25,"Teaching Assistants, Preschool, Elementary, Middle, and Secondary School, Except Special Education",22469,Operate and maintain audio-visual equipment.,operate and maintain audio-visual equipment,tg_03ad1ab1c676ec68,0.00,0.25,Operating and maintaining audio-visual equipment is hands-on classroom hardware work.,"Operating and maintaining classroom AV equipment is on-site physical equipment handling, with only minor digital assist.",0.1250,0.25,0.00,0.85,false,deterministic_mean,deterministic_mean_and_snap,,deterministic_mean_snap,provisional_ai_weak_supervision,ai-pass-v1,2026-10-02,O*NET 31.0 Task Statements,true
13-1161.01,13,Search Marketing Strategists,20329,"Optimize digital assets, such as text, graphics, or multimedia assets, for search engine optimization (SEO) or for display and usability on internet-connected devices.","optimize digital assets, such as text, graphics, or multimedia assets, for search engine optimization (seo) or for display and usability on internet-connected devices",tg_9826bce4786d2cf7,0.75,0.75,"Optimizing text and multimedia assets for SEO and device display is digital work AI already performs most of, with brief strategist review of goals and brand.","SEO and multi-device optimization of digital assets is digital production AI can do, with brief strategist review of quality.",0.75,0.00,0.75,1.00,false,identical,identical_scores,,identical_scores,provisional_ai_weak_supervision,ai-pass-v1,2026-10-02,O*NET 31.0 Task Statements,true
19-5011.00,19,Occupational Health and Safety Specialists,11070,Provide new-employee health and safety orientations and develop materials for these presentations.,provide new-employee health and safety orientations and develop materials for these presentations,tg_372f15d99fc5dee7,0.50,0.25,"Developing orientation materials is document work AI can draft, while delivering new-employee health-and-safety orientations is still typically live.",Delivering new-hire safety orientations is live training; developing slides is secondary to the in-person safety briefing.,0.3750,0.25,0.25,0.85,false,deterministic_mean,deterministic_mean_and_snap,,deterministic_mean_snap,provisional_ai_weak_supervision,ai-pass-v1,2026-10-02,O*NET 31.0 Task Statements,true
49-2095.00,49,"Electrical and Electronics Repairers, Powerhouse, Substation, and Relay",11748,"Analyze test data to diagnose malfunctions, to determine performance characteristics of systems, or to evaluate effects of system modifications.","analyze test data to diagnose malfunctions, to determine performance characteristics of systems, or to evaluate effects of system modifications",tg_743d9c1a1df8102d,0.50,0.50,"Analyzing test data to diagnose power-system malfunctions is digital diagnosis AI can assist, while deciding what the traces mean for a live system still needs the repairer.","Analyzing test data for power-system faults is digital, but diagnosis that drives high-voltage work still needs technician judgment.",0.50,0.00,0.50,1.00,false,identical,identical_scores,,identical_scores,provisional_ai_weak_supervision,ai-pass-v1,2026-10-02,O*NET 31.0 Task Statements,true
41-2012.00,41,Gambling Change Persons and Booth Cashiers,7009,Accept credit applications and verify credit references to provide check-cashing authorization or to establish house credit accounts.,accept credit applications and verify credit references to provide check-cashing authorization or to establish house credit accounts,tg_44b036c8e810d845,0.50,0.75,"Verifying credit references is digital checking AI and bureaus already do, while accepting applications at a casino booth remains a human intake step.",Accepting credit applications and verifying references is routine digital credit checking with brief authorization oversight.,0.6250,0.25,0.50,0.85,false,deterministic_mean,deterministic_mean_and_snap,,deterministic_mean_snap,provisional_ai_weak_supervision,ai-pass-v1,2026-10-02,O*NET 31.0 Task Statements,true
53-4011.00,53,Locomotive Engineers,12757,Check to ensure that brake examination tests are conducted at shunting stations.,check to ensure that brake examination tests are conducted at shunting stations,tg_d7391ff3c24738c4,0.25,0.25,"Checking that brake-examination tests occurred at shunting stations is on-site procedural verification, not remote AI substitution in typical rail practice.",Ensuring brake tests occurred at shunting stations is safety-critical operational checking that still needs an on-site engineer.,0.25,0.00,0.25,1.00,false,identical,identical_scores,,identical_scores,provisional_ai_weak_supervision,ai-pass-v1,2026-10-02,O*NET 31.0 Task Statements,true
47-2171.00,47,Reinforcing Iron and Rebar Workers,24051,"Use forklifts or cranes to move construction material, such as rebar.","use forklifts or cranes to move construction material, such as rebar",tg_453cb98ad08e27fe,0.00,0.00,Using forklifts or cranes to move rebar is physical material handling on a construction site.,Moving rebar with forklifts or cranes is physical construction material handling.,0.00,0.00,0.00,1.00,false,identical,identical_scores,,identical_scores,provisional_ai_weak_supervision,ai-pass-v1,2026-10-02,O*NET 31.0 Task Statements,true
47-4099.03,47,Weatherization Installers and Technicians,17802,"Explain recommendations, policies, procedures, requirements, or other related information to residents or building owners.","explain recommendations, policies, procedures, requirements, or other related information to residents or building owners",tg_ebc3880ecdc81508,0.25,0.25,Explaining weatherization recommendations and requirements to residents is interpersonal on-site conversation.,Explaining recommendations and requirements to residents or owners is interpersonal advisory conversation.,0.25,0.00,0.25,1.00,false,identical,identical_scores,,identical_scores,provisional_ai_weak_supervision,ai-pass-v1,2026-10-02,O*NET 31.0 Task Statements,true
29-2081.00,29,"Opticians, Dispensing",4213,"Show customers how to insert, remove, and care for their contact lenses.","show customers how to insert, remove, and care for their contact lenses",tg_6514aae46b1fec84,0.00,0.00,"Showing customers how to insert, remove, and care for contact lenses is in-person physical demonstration.",Showing customers how to insert and remove contact lenses is in-person eye-care demonstration with safety dependence.,0.00,0.00,0.00,1.00,false,identical,identical_scores,,identical_scores,provisional_ai_weak_supervision,ai-pass-v1,2026-10-02,O*NET 31.0 Task Statements,true
15-1299.08,15,Computer Systems Engineers/Architects,14686,"Research, test, or verify proper functioning of software patches and fixes.","research, test, or verify proper functioning of software patches and fixes",tg_5d39a760f45ed242,0.50,0.75,"Researching and verifying software patches is digital test work AI can help run, but deciding that a fix is safe for the environment still needs an engineer.","Researching and verifying software patches is digital test work AI can execute, with brief human sign-off on production risk.",0.6250,0.25,0.50,0.85,false,deterministic_mean,deterministic_mean_and_snap,,deterministic_mean_snap,provisional_ai_weak_supervision,ai-pass-v1,2026-10-02,O*NET 31.0 Task Statements,true
39-4011.00,39,Embalmers,4510,Press diaphragm to evacuate air from lungs.,press diaphragm to evacuate air from lungs,tg_13551a56fce38d05,0.00,0.00,Pressing the diaphragm to evacuate air from lungs is physical embalming manipulation.,Pressing a diaphragm to evacuate air from lungs is physical embalming manipulation of a body.,0.00,0.00,0.00,1.00,false,identical,identical_scores,,identical_scores,provisional_ai_weak_supervision,ai-pass-v1,2026-10-02,O*NET 31.0 Task Statements,true
51-4033.00,51,"Grinding, Lapping, Polishing, and Buffing Machine Tool Setters, Operators, and Tenders, Metal and Plastic",10147,"Study blueprints, work orders, or machining instructions to determine product specifications, tool requirements, and operational sequences.","study blueprints, work orders, or machining instructions to determine product specifications, tool requirements, and operational sequences",tg_dbcdd6673d406d08,0.50,0.50,"Studying blueprints and work orders to set specs, tools, and sequences is information interpretation AI can parse, while machine-specific setup judgment still needs the operator.",Reading blueprints and work orders is information work AI can parse; choosing tools and sequence still needs machinist judgment.,0.50,0.00,0.50,1.00,false,identical,identical_scores,,identical_scores,provisional_ai_weak_supervision,ai-pass-v1,2026-10-02,O*NET 31.0 Task Statements,true
11-9071.00,11,Gambling Managers,7191,"Monitor staffing levels to ensure that games and tables are adequately staffed for each shift, arranging for staff rotations and breaks and locating substitute employees as necessary.","monitor staffing levels to ensure that games and tables are adequately staffed for each shift, arranging for staff rotations and breaks and locating substitute employees as necessary",tg_d571b635effe091b,0.50,0.50,"Monitoring staffing and arranging rotations is scheduling work AI can draft, but finding substitutes and covering live tables still needs a floor manager.","Staffing-level math is schedulable by AI, but finding substitutes and covering live tables still needs a floor manager.",0.50,0.00,0.50,1.00,false,identical,identical_scores,,identical_scores,provisional_ai_weak_supervision,ai-pass-v1,2026-10-02,O*NET 31.0 Task Statements,true
17-2141.01,17,Fuel Cell Engineers,19953,"Evaluate the power output, system cost, or environmental impact of new hydrogen or non-hydrogen fuel cell system designs.","evaluate the power output, system cost, or environmental impact of new hydrogen or non-hydrogen fuel cell system designs",tg_02b1b779f9dc9c8c,0.50,0.50,"Evaluating fuel-cell power, cost, and environmental impact is engineering analysis AI can model, while design-acceptance judgment remains the engineer’s.","Evaluating fuel-cell power, cost, and impact is model-based analysis AI can run; design conclusions still need engineer judgment.",0.50,0.00,0.50,1.00,false,identical,identical_scores,,identical_scores,provisional_ai_weak_supervision,ai-pass-v1,2026-10-02,O*NET 31.0 Task Statements,true
37-3012.00,37,"Pesticide Handlers, Sprayers, and Applicators, Vegetation",11232,"Connect hoses and nozzles selected according to terrain, distribution pattern requirements, types of infestations, and velocities.","connect hoses and nozzles selected according to terrain, distribution pattern requirements, types of infestations, and velocities",tg_500329c373240fcb,0.00,0.00,Connecting hoses and nozzles chosen for terrain and infestation is physical pesticide-application setup.,Connecting hoses and nozzles for pesticide application is physical field setup with chemical-safety dependence.,0.00,0.00,0.00,1.00,false,identical,identical_scores,,identical_scores,provisional_ai_weak_supervision,ai-pass-v1,2026-10-02,O*NET 31.0 Task Statements,true
29-1151.00,29,Nurse Anesthetists,18361,"Manage patients' airway or pulmonary status, using techniques such as endotracheal intubation, mechanical ventilation, pharmacological support, respiratory therapy, and extubation.","manage patients' airway or pulmonary status, using techniques such as endotracheal intubation, mechanical ventilation, pharmacological support, respiratory therapy, and extubation",tg_283dba30c717adb5,0.00,0.00,"Managing a patient’s airway with intubation, ventilation, or extubation is in-person critical clinical procedure.","Managing an airway with intubation, ventilation, or extubation is hands-on anesthesia care with explicit life-safety dependence.",0.00,0.00,0.00,1.00,false,identical,identical_scores,,identical_scores,provisional_ai_weak_supervision,ai-pass-v1,2026-10-02,O*NET 31.0 Task Statements,true
39-1022.00,39,First-Line Supervisors of Personal Service Workers,13140,Train workers in proper operational procedures and functions and explain company policies.,train workers in proper operational procedures and functions and explain company policies,tg_ac093a19e9b0613b,0.25,0.25,Training workers on procedures and explaining company policies is live interpersonal instruction; AI can draft the policy sheet only.,Training workers on procedures and policies is live interpersonal instruction; AI can only draft the lesson.,0.25,0.00,0.25,1.00,false,identical,identical_scores,,identical_scores,provisional_ai_weak_supervision,ai-pass-v1,2026-10-02,O*NET 31.0 Task Statements,true
27-3031.00,27,Public Relations Specialists,1767,Confer with production or support personnel to produce or coordinate production of advertisements or promotions.,confer with production or support personnel to produce or coordinate production of advertisements or promotions,tg_48e95c53360de1ec,0.25,0.25,Conferring with production staff to coordinate advertisements is interpersonal production coordination.,Conferring with production staff to coordinate advertisements is interpersonal production coordination.,0.25,0.00,0.25,1.00,false,identical,identical_scores,,identical_scores,provisional_ai_weak_supervision,ai-pass-v1,2026-10-02,O*NET 31.0 Task Statements,true
27-4012.00,27,Broadcast Technicians,18659,Produce graphics for broadcasts.,produce graphics for broadcasts,tg_ec6a1c3a55910128,0.50,0.75,"Producing broadcast graphics is digital design AI can generate, but on-air timing, branding, and control-room standards still typically need a technician.","Producing broadcast graphics is digital media work AI can generate, with brief technician checks for on-air standards.",0.6250,0.25,0.50,0.85,false,deterministic_mean,deterministic_mean_and_snap,,deterministic_mean_snap,provisional_ai_weak_supervision,ai-pass-v1,2026-10-02,O*NET 31.0 Task Statements,true
29-1021.00,29,"Dentists, General",6938,"Remove diseased tissue, using surgical instruments.","remove diseased tissue, using surgical instruments",tg_0b826a11689cf60a,0.00,0.00,Removing diseased tissue with surgical instruments is in-person dental surgery.,Removing diseased tissue with surgical instruments is in-person operative dentistry with patient-safety dependence.,0.00,0.00,0.00,1.00,false,identical,identical_scores,,identical_scores,provisional_ai_weak_supervision,ai-pass-v1,2026-10-02,O*NET 31.0 Task Statements,true
25-1067.00,25,"Sociology Teachers, Postsecondary",21121,Mentor new faculty.,mentor new faculty,tg_d6e9690c37ee353d,0.00,0.25,"Mentoring new faculty is in-person professional relationship work, not a digital production task.",Mentoring new faculty is interpersonal professional development that depends on relationship and presence.,0.1250,0.25,0.00,0.85,false,deterministic_mean,deterministic_mean_and_snap,,deterministic_mean_snap,provisional_ai_weak_supervision,ai-pass-v1,2026-10-02,O*NET 31.0 Task Statements,true
49-9063.00,49,Musical Instrument Repairers and Tuners,11872,"String instruments, and adjust trusses and bridges of instruments to obtain specified string tensions and heights.","string instruments, and adjust trusses and bridges of instruments to obtain specified string tensions and heights",tg_71b501f85415c9c1,0.00,0.00,Stringing instruments and adjusting trusses and bridges to specified tension is physical skilled repair.,Stringing instruments and setting truss and bridge heights is skilled physical and auditory craft work.,0.00,0.00,0.00,1.00,false,identical,identical_scores,,identical_scores,provisional_ai_weak_supervision,ai-pass-v1,2026-10-02,O*NET 31.0 Task Statements,true
21-1014.00,21,Mental Health Counselors,1593,Guide clients in the development of skills or strategies for dealing with their problems.,guide clients in the development of skills or strategies for dealing with their problems,tg_bb569a0a094bfc40,0.25,0.25,Guiding clients to develop coping skills is interpersonal counseling; AI workbooks are only a minor assist to the therapeutic relationship.,Guiding clients to build coping skills is in-person counseling; AI worksheets are only a minor assist.,0.25,0.00,0.25,1.00,false,identical,identical_scores,,identical_scores,provisional_ai_weak_supervision,ai-pass-v1,2026-10-02,O*NET 31.0 Task Statements,true
51-6042.00,51,Shoe Machine Operators and Tenders,14099,Test machinery to ensure proper functioning before beginning production.,test machinery to ensure proper functioning before beginning production,tg_09cfeadcf8dca892,0.00,0.25,Testing shoe machinery for proper function before production is physical machine checkout.,"Testing a shoe machine before production is on-machine physical checkout, comparable to a hands-on equipment inspection.",0.1250,0.25,0.00,0.85,false,deterministic_mean,deterministic_mean_and_snap,,deterministic_mean_snap,provisional_ai_weak_supervision,ai-pass-v1,2026-10-02,O*NET 31.0 Task Statements,true
51-9022.00,51,"Grinding and Polishing Workers, Hand",14348,Clean brass particles from files by drawing file cards through file grooves.,clean brass particles from files by drawing file cards through file grooves,tg_f798f6477cc6e3f9,0.00,0.00,Drawing file cards through file grooves to clean brass particles is physical hand cleaning.,Cleaning brass particles from files with a file card is fine physical hand work.,0.00,0.00,0.00,1.00,false,identical,identical_scores,,identical_scores,provisional_ai_weak_supervision,ai-pass-v1,2026-10-02,O*NET 31.0 Task Statements,true
29-2012.00,29,Medical and Clinical Laboratory Technicians,1915,"Prepare standard volumetric solutions or reagents to be combined with samples, following standardized formulas or experimental procedures.","prepare standard volumetric solutions or reagents to be combined with samples, following standardized formulas or experimental procedures",tg_0f53ebf1a7234ac6,0.00,0.25,"Preparing volumetric solutions and reagents from formulas is physical wet-lab handling, not digital computation alone.",Preparing volumetric reagents from formulas is wet-lab physical work; calculation assist does not replace bench handling or lab safety.,0.1250,0.25,0.00,0.85,false,deterministic_mean,deterministic_mean_and_snap,,deterministic_mean_snap,provisional_ai_weak_supervision,ai-pass-v1,2026-10-02,O*NET 31.0 Task Statements,true
53-5031.00,53,Ship Engineers,14556,"Perform or participate in emergency drills, as required.","perform or participate in emergency drills, as required",tg_f91e0dec5daa0008,0.00,0.00,Performing or joining emergency drills aboard ship is in-person drill participation.,Performing emergency drills aboard ship is in-person physical safety practice that requires the crew to be there.,0.00,0.00,0.00,1.00,false,identical,identical_scores,,identical_scores,provisional_ai_weak_supervision,ai-pass-v1,2026-10-02,O*NET 31.0 Task Statements,true
13-1032.00,13,"Insurance Appraisers, Auto Damage",7247,Review repair cost estimates with automobile repair shop to secure agreement on cost of repairs.,review repair cost estimates with automobile repair shop to secure agreement on cost of repairs,tg_7092892cc29f6b4e,0.50,0.50,"Reviewing auto-repair estimates to reach a cost agreement is document comparison AI can check, while negotiating the shop settlement still needs the appraiser.","Reviewing shop estimates is document analysis AI can flag, but securing agreement on repair cost is a negotiated human judgment.",0.50,0.00,0.50,1.00,false,identical,identical_scores,,identical_scores,provisional_ai_weak_supervision,ai-pass-v1,2026-10-02,O*NET 31.0 Task Statements,true
47-2021.00,47,Brickmasons and Blockmasons,4778,"Clean working surface to remove scale, dust, soot, or chips of brick and mortar, using broom, wire brush, or scraper.","clean working surface to remove scale, dust, soot, or chips of brick and mortar, using broom, wire brush, or scraper",tg_dee240be5372ba83,0.00,0.00,"Sweeping or scraping scale, dust, and mortar chips from the working surface is physical masonry cleanup.","Sweeping or scraping scale, dust, and mortar chips from a masonry surface is physical jobsite cleanup.",0.00,0.00,0.00,1.00,false,identical,identical_scores,,identical_scores,provisional_ai_weak_supervision,ai-pass-v1,2026-10-02,O*NET 31.0 Task Statements,true
21-2011.00,21,Clergy,20749,"Organize or engage in interfaith, community, civic, educational, or recreational activities sponsored by or related to religious programs.","organize or engage in interfaith, community, civic, educational, or recreational activities sponsored by or related to religious programs",tg_89e61b0ae5529bbc,0.00,0.25,"Organizing or joining interfaith, civic, or recreational activities is in-person community ministry.","Organizing or joining interfaith and community activities is in-person civic and pastoral presence, not a writing task.",0.1250,0.25,0.00,0.85,false,deterministic_mean,deterministic_mean_and_snap,,deterministic_mean_snap,provisional_ai_weak_supervision,ai-pass-v1,2026-10-02,O*NET 31.0 Task Statements,true
27-2012.00,27,Producers and Directors,22533,Compose and edit scripts or provide screenwriters with story outlines from which scripts can be written.,compose and edit scripts or provide screenwriters with story outlines from which scripts can be written,tg_482b6c3d985f1731,0.50,0.50,"Composing or editing scripts and story outlines is creative text work AI can draft, while story and production judgment still need the producer or director.",Script composition and story outlines are text AI can draft well; creative choices and writer direction still need a producer.,0.50,0.00,0.50,1.00,false,identical,identical_scores,,identical_scores,provisional_ai_weak_supervision,ai-pass-v1,2026-10-02,O*NET 31.0 Task Statements,true
11-2022.00,11,Sales Managers,1,Resolve customer complaints regarding sales and service.,resolve customer complaints regarding sales and service,tg_724ccf4ab7c07955,0.25,0.50,Resolving customer complaints about sales and service is interpersonal conflict handling; AI can suggest replies but typical resolution is a manager conversation.,"Complaint resolution is partly scriptable, but sales-and-service remedies still need a manager's judgment and customer conversation.",0.3750,0.25,0.25,0.85,false,deterministic_mean,deterministic_mean_and_snap,,deterministic_mean_snap,provisional_ai_weak_supervision,ai-pass-v1,2026-10-02,O*NET 31.0 Task Statements,true
25-1067.00,25,"Sociology Teachers, Postsecondary",6096,Compile bibliographies of specialized materials for outside reading assignments.,compile bibliographies of specialized materials for outside reading assignments,tg_57673982de0c1d7a,0.75,0.75,"Compiling specialized reading bibliographies is routine scholarly list-building AI already does well, with brief instructor check for course fit.","Compiling specialized reading bibliographies is digital literature gathering AI can do, with brief faculty checks for fit.",0.75,0.00,0.75,1.00,false,identical,identical_scores,,identical_scores,provisional_ai_weak_supervision,ai-pass-v1,2026-10-02,O*NET 31.0 Task Statements,true
45-4011.00,45,Forest and Conservation Workers,7039,"Select tree seedlings, prepare the ground, or plant the trees in reforestation areas, using manual planting tools.","select tree seedlings, prepare the ground, or plant the trees in reforestation areas, using manual planting tools",tg_95194d1ff8f8b3bd,0.00,0.00,"Selecting seedlings, preparing ground, and planting trees with manual tools is physical reforestation labor.","Selecting seedlings, preparing ground, and planting with hand tools is physical reforestation labor.",0.00,0.00,0.00,1.00,false,identical,identical_scores,,identical_scores,provisional_ai_weak_supervision,ai-pass-v1,2026-10-02,O*NET 31.0 Task Statements,true
27-2022.00,27,Coaches and Scouts,1758,"Explain and demonstrate the use of sports and training equipment, such as trampolines or weights.","explain and demonstrate the use of sports and training equipment, such as trampolines or weights",tg_1dce85be430e5b77,0.00,0.25,"Explaining and demonstrating trampolines, weights, or other training equipment is in-person physical coaching demonstration.",Explaining and demonstrating trampolines or weights is in-person coaching of body and equipment use.,0.1250,0.25,0.00,0.85,false,deterministic_mean,deterministic_mean_and_snap,,deterministic_mean_snap,provisional_ai_weak_supervision,ai-pass-v1,2026-10-02,O*NET 31.0 Task Statements,true
