reviewer_id,reviewer_role,relevant_experience,rubric_version,review_date,task_id,occupation_code,occupation_title,soc_major_group,task_text,reviewer_score,reviewer_confidence,reviewer_evidence,reviewer_notes,split,reviewer_slot
,,,human-task-exposure-v2.0,,8835,11-1011.00,Chief Executives,11,Establish departmental responsibilities and coordinate functions among departments and sites.,,,,,train,1
,,,human-task-exposure-v2.0,,8836,11-1011.00,Chief Executives,11,Implement corrective action plans to solve organizational or departmental problems.,,,,,train,1
,,,human-task-exposure-v2.0,,8844,11-1011.00,Chief Executives,11,"Make presentations to legislative or other government committees regarding policies, programs, or budgets.",,,,,train,1
,,,human-task-exposure-v2.0,,15373,11-1011.03,Chief Sustainability Officers,11,Write and distribute financial or environmental impact reports.,,,,,train,1
,,,human-task-exposure-v2.0,,15381,11-1011.03,Chief Sustainability Officers,11,Develop methodologies to assess the viability or success of sustainability initiatives.,,,,,train,1
,,,human-task-exposure-v2.0,,15379,11-1011.03,Chief Sustainability Officers,11,"Develop, or oversee the development of, sustainability evaluation or monitoring systems.",,,,,train,1
,,,human-task-exposure-v2.0,,933,11-1021.00,General and Operations Managers,11,"Direct and coordinate activities of businesses or departments concerned with the production, pricing, sales, or distribution of products.",,,,,train,1
,,,human-task-exposure-v2.0,,20701,11-1021.00,General and Operations Managers,11,Prepare staff work schedules and assign specific duties.,,,,,train,1
,,,human-task-exposure-v2.0,,20708,11-1021.00,General and Operations Managers,11,"Manage the movement of goods into and out of production facilities to ensure efficiency, effectiveness, or sustainability of operations.",,,,,train,1
,,,human-task-exposure-v2.0,,15295,11-1031.00,Legislators,11,"Represent their government at local, national, and international meetings and conferences.",,,,,train,1
,,,human-task-exposure-v2.0,,15286,11-1031.00,Legislators,11,"Attend receptions, dinners, and conferences to meet people, exchange views and information, and develop working relationships.",,,,,train,1
,,,human-task-exposure-v2.0,,15283,11-1031.00,Legislators,11,"Vote on motions, amendments, and decisions on whether or not to report a bill out from committee to the assembly floor.",,,,,train,1
,,,human-task-exposure-v2.0,,3243,11-2011.00,Advertising and Promotions Managers,11,Contact organizations to explain services and facilities offered.,,,,,train,1
,,,human-task-exposure-v2.0,,21219,11-2011.00,Advertising and Promotions Managers,11,"Attend or participate in conferences, community events, and promotional events related to products or technologies.",,,,,train,1
,,,human-task-exposure-v2.0,,3229,11-2011.00,Advertising and Promotions Managers,11,"Identify and develop contacts for promotional campaigns and industry programs that meet identified buyer targets, such as dealers, distributors, or consumers.",,,,,train,1
,,,human-task-exposure-v2.0,,952,11-2021.00,Marketing Managers,11,"Evaluate the financial aspects of product development, such as budgets, expenditures, research and development appropriations, or return-on-investment and profit-loss projections.",,,,,train,1
,,,human-task-exposure-v2.0,,958,11-2021.00,Marketing Managers,11,"Use sales forecasting or strategic planning to ensure the sale and profitability of products, lines, or services, analyzing business developments and monitoring market trends.",,,,,train,1
,,,human-task-exposure-v2.0,,955,11-2021.00,Marketing Managers,11,"Negotiate contracts with vendors or distributors to manage product distribution, establishing distribution networks or developing distribution strategies.",,,,,train,1
,,,human-task-exposure-v2.0,,6,11-2022.00,Sales Managers,11,"Direct, coordinate, and review sales and service accounting and record-keeping, as well as receiving and shipping.",,,,,train,1
,,,human-task-exposure-v2.0,,15,11-2022.00,Sales Managers,11,"Direct clerical staff to keep records of export correspondence, bid requests, and credit collections, and to maintain current information on tariffs, licenses, and restrictions.",,,,,train,1
,,,human-task-exposure-v2.0,,16,11-2022.00,Sales Managers,11,Direct foreign sales and service outlets of an organization.,,,,,train,1
,,,human-task-exposure-v2.0,,21235,11-2032.00,Public Relations Managers,11,"Facilitate consumer relations or the relationship between parts of the company, such as the managers and employees, or different branch offices.",,,,,train,1
,,,human-task-exposure-v2.0,,21240,11-2032.00,Public Relations Managers,11,Manage in-house communication courses.,,,,,train,1
,,,human-task-exposure-v2.0,,21238,11-2032.00,Public Relations Managers,11,Maintain company archives.,,,,,train,1
,,,human-task-exposure-v2.0,,22,11-3012.00,Administrative Services Managers,11,"Analyze internal processes and recommend and implement procedural or policy changes to improve operations, such as supply changes or the disposal of records.",,,,,test,1
,,,human-task-exposure-v2.0,,23,11-3012.00,Administrative Services Managers,11,"Acquire, distribute and store supplies.",,,,,test,1
,,,human-task-exposure-v2.0,,21263,11-3012.00,Administrative Services Managers,11,Develop operational standards and procedures for the work unit or department.,,,,,test,1
,,,human-task-exposure-v2.0,,21296,11-3013.01,Security Managers,11,"Develop, recommend, or manage security procedures for operations or processes, such as security call centers, access control, and reporting tools.",,,,,train,1
,,,human-task-exposure-v2.0,,21306,11-3013.01,Security Managers,11,Review financial reports to ensure efficiency and quality of security operations.,,,,,train,1
,,,human-task-exposure-v2.0,,21304,11-3013.01,Security Managers,11,"Purchase security-related supplies, equipment, or technology.",,,,,train,1
,,,human-task-exposure-v2.0,,977,11-3021.00,Computer and Information Systems Managers,11,"Recruit, hire, train and supervise staff, or participate in staffing decisions.",,,,,validation,1
,,,human-task-exposure-v2.0,,974,11-3021.00,Computer and Information Systems Managers,11,Control operational budget and expenditures.,,,,,validation,1
,,,human-task-exposure-v2.0,,966,11-3021.00,Computer and Information Systems Managers,11,"Manage backup, security and user help systems.",,,,,validation,1
,,,human-task-exposure-v2.0,,21315,11-3031.00,Financial Managers,11,Evaluate data pertaining to costs to plan budgets.,,,,,train,1
,,,human-task-exposure-v2.0,,21311,11-3031.00,Financial Managers,11,Establish and maintain relationships with individual or business customers or provide assistance with problems these customers may encounter.,,,,,train,1
,,,human-task-exposure-v2.0,,21323,11-3031.00,Financial Managers,11,"Evaluate financial reporting systems, accounting or collection procedures, or investment activities and make recommendations for changes to procedures, operating systems, budgets, or other financial control functions.",,,,,train,1
,,,human-task-exposure-v2.0,,8863,11-3031.01,Treasurers and Controllers,11,"Monitor and evaluate the performance of accounting and other financial staff, recommending and implementing personnel actions, such as promotions and dismissals.",,,,,train,1
,,,human-task-exposure-v2.0,,8861,11-3031.01,Treasurers and Controllers,11,"Receive, record, and authorize requests for disbursements in accordance with company policies and procedures.",,,,,train,1
,,,human-task-exposure-v2.0,,8857,11-3031.01,Treasurers and Controllers,11,"Supervise employees performing financial reporting, accounting, billing, collections, payroll, and budgeting duties.",,,,,train,1
,,,human-task-exposure-v2.0,,15668,11-3031.03,Investment Fund Managers,11,"Present investment information, such as product risks, fees, or fund performance statistics.",,,,,test,1
,,,human-task-exposure-v2.0,,15678,11-3031.03,Investment Fund Managers,11,Manage investment funds to maximize return on client investments.,,,,,test,1
,,,human-task-exposure-v2.0,,15666,11-3031.03,Investment Fund Managers,11,Review offering documents or marketing materials to ensure regulatory compliance.,,,,,test,1
,,,human-task-exposure-v2.0,,32,11-3051.00,Industrial Production Managers,11,"Direct or coordinate production, processing, distribution, or marketing activities of industrial organizations.",,,,,test,1
,,,human-task-exposure-v2.0,,33,11-3051.00,Industrial Production Managers,11,"Develop budgets or approve expenditures for supplies, materials, or human resources, ensuring that materials, labor, or equipment are used efficiently to meet production targets.",,,,,test,1
,,,human-task-exposure-v2.0,,21337,11-3051.00,Industrial Production Managers,11,Optimize operational costs and productivity consistent with safety and environmental rules and regulations.,,,,,test,1
,,,human-task-exposure-v2.0,,15424,11-3051.01,Quality Control Systems Managers,11,"Direct the tracking of defects, test results, or other regularly reported quality control data.",,,,,train,1
,,,human-task-exposure-v2.0,,15422,11-3051.01,Quality Control Systems Managers,11,Identify critical points in the manufacturing process and specify sampling procedures to be used at these points.,,,,,train,1
,,,human-task-exposure-v2.0,,15412,11-3051.01,Quality Control Systems Managers,11,Audit and inspect subcontractor facilities including external laboratories.,,,,,train,1
,,,human-task-exposure-v2.0,,15436,11-3051.02,Geothermal Production Managers,11,"Record, review, or maintain daily logs, reports, maintenance, and other records associated with geothermal operations.",,,,,test,1
,,,human-task-exposure-v2.0,,15432,11-3051.02,Geothermal Production Managers,11,Conduct well field site assessments.,,,,,test,1
,,,human-task-exposure-v2.0,,15437,11-3051.02,Geothermal Production Managers,11,Prepare environmental permit applications or compliance reports.,,,,,test,1
,,,human-task-exposure-v2.0,,15462,11-3051.03,Biofuels Production Managers,11,"Manage operations at biofuels power generation facilities, including production, shipping, maintenance, or quality assurance activities.",,,,,validation,1
,,,human-task-exposure-v2.0,,15452,11-3051.03,Biofuels Production Managers,11,Draw samples of biofuels products or secondary by-products for quality control testing.,,,,,validation,1
,,,human-task-exposure-v2.0,,15459,11-3051.03,Biofuels Production Managers,11,"Conduct cost, material, and efficiency studies for biofuels production plants or operations.",,,,,validation,1
,,,human-task-exposure-v2.0,,15470,11-3051.04,Biomass Power Plant Managers,11,"Review logs, datasheets, or reports to ensure adequate production levels and safe production environments or to identify abnormalities with power production equipment or processes.",,,,,train,1
,,,human-task-exposure-v2.0,,15478,11-3051.04,Biomass Power Plant Managers,11,"Supervise biomass plant or substation operations, maintenance, repair, or testing activities.",,,,,train,1
,,,human-task-exposure-v2.0,,15463,11-3051.04,Biomass Power Plant Managers,11,"Test, maintain, or repair electrical power distribution machinery or equipment, using hand tools, power tools, and testing devices.",,,,,train,1
,,,human-task-exposure-v2.0,,15503,11-3051.06,Hydroelectric Production Managers,11,Provide technical direction in the erection or commissioning of hydroelectric equipment or supporting electrical or mechanical systems.,,,,,train,1
,,,human-task-exposure-v2.0,,15519,11-3051.06,Hydroelectric Production Managers,11,Supervise or monitor hydroelectric facility operations to ensure that generation or mechanical equipment conform to applicable regulations or standards.,,,,,train,1
,,,human-task-exposure-v2.0,,15517,11-3051.06,Hydroelectric Production Managers,11,Create or enforce hydrostation voltage schedules.,,,,,train,1
,,,human-task-exposure-v2.0,,1034,11-3061.00,Purchasing Managers,11,Prepare reports regarding market conditions and merchandise costs.,,,,,train,1
,,,human-task-exposure-v2.0,,1020,11-3061.00,Purchasing Managers,11,Maintain records of goods ordered and received.,,,,,train,1
,,,human-task-exposure-v2.0,,1031,11-3061.00,Purchasing Managers,11,"Review, evaluate, and approve specifications for issuing and awarding bids.",,,,,train,1
,,,human-task-exposure-v2.0,,21358,11-3071.00,"Transportation, Storage, and Distribution Managers",11,"Confer with department heads to coordinate warehouse activities, such as production, sales, records control, or purchasing.",,,,,train,1
,,,human-task-exposure-v2.0,,21352,11-3071.00,"Transportation, Storage, and Distribution Managers",11,Prepare and manage departmental budgets.,,,,,train,1
,,,human-task-exposure-v2.0,,21367,11-3071.00,"Transportation, Storage, and Distribution Managers",11,Plan or implement improvements to internal or external systems or processes.,,,,,train,1
,,,human-task-exposure-v2.0,,15694,11-3071.04,Supply Chain Managers,11,Confer with supply chain planners to forecast demand or create supply plans that ensure availability of materials or products.,,,,,validation,1
,,,human-task-exposure-v2.0,,15691,11-3071.04,Supply Chain Managers,11,"Document physical supply chain processes, such as workflows, cycle times, position responsibilities, or system flows.",,,,,validation,1
,,,human-task-exposure-v2.0,,20949,11-3071.04,Supply Chain Managers,11,Appraise vendor manufacturing capabilities through on-site observations or other measurements.,,,,,validation,1
,,,human-task-exposure-v2.0,,3275,11-3111.00,Compensation and Benefits Managers,11,"Mediate between benefits providers and employees, such as by assisting in handling employees' benefits-related questions or taking suggestions.",,,,,validation,1
,,,human-task-exposure-v2.0,,3279,11-3111.00,Compensation and Benefits Managers,11,"Develop methods to improve employment policies, processes, and practices, and recommend changes to management.",,,,,validation,1
,,,human-task-exposure-v2.0,,3282,11-3111.00,Compensation and Benefits Managers,11,Represent organization at personnel-related hearings and investigations.,,,,,validation,1
,,,human-task-exposure-v2.0,,1000,11-3121.00,Human Resources Managers,11,Prepare personnel forecast to project employment needs.,,,,,validation,1
,,,human-task-exposure-v2.0,,995,11-3121.00,Human Resources Managers,11,"Plan, organize, direct, control, or coordinate the personnel, training, or labor relations activities of an organization.",,,,,validation,1
,,,human-task-exposure-v2.0,,1006,11-3121.00,Human Resources Managers,11,Provide terminated employees with outplacement or relocation assistance.,,,,,validation,1
,,,human-task-exposure-v2.0,,21384,11-9013.00,"Farmers, Ranchers, and Other Agricultural Managers",11,Coordinate the selection and maintenance of brood stock.,,,,,train,1
,,,human-task-exposure-v2.0,,21385,11-9013.00,"Farmers, Ranchers, and Other Agricultural Managers",11,Analyze soil to determine types or quantities of fertilizer required for maximum crop production.,,,,,train,1
,,,human-task-exposure-v2.0,,21398,11-9013.00,"Farmers, Ranchers, and Other Agricultural Managers",11,Monitor environments to ensure maintenance of optimum animal or plant life.,,,,,train,1
,,,human-task-exposure-v2.0,,3317,11-9021.00,Construction Managers,11,Determine labor requirements for dispatching workers to construction sites.,,,,,train,1
,,,human-task-exposure-v2.0,,19520,11-9021.00,Construction Managers,11,Develop or implement environmental protection programs.,,,,,train,1
,,,human-task-exposure-v2.0,,3331,11-9021.00,Construction Managers,11,Direct acquisition of land for construction projects.,,,,,train,1
,,,human-task-exposure-v2.0,,5195,11-9031.00,"Education and Childcare Administrators, Preschool and Daycare",11,"Set educational standards and goals and help establish policies, procedures, and programs to carry them out.",,,,,test,1
,,,human-task-exposure-v2.0,,5202,11-9031.00,"Education and Childcare Administrators, Preschool and Daycare",11,Determine the scope of educational program offerings and prepare drafts of program schedules and descriptions to estimate staffing and facility requirements.,,,,,test,1
,,,human-task-exposure-v2.0,,5196,11-9031.00,"Education and Childcare Administrators, Preschool and Daycare",11,Monitor students' progress and provide students and teachers with assistance in resolving any problems.,,,,,test,1
,,,human-task-exposure-v2.0,,5221,11-9032.00,"Education Administrators, Kindergarten through Secondary",11,"Direct and coordinate activities of teachers, administrators, and support staff at schools, public agencies, and institutions.",,,,,train,1
,,,human-task-exposure-v2.0,,5211,11-9032.00,"Education Administrators, Kindergarten through Secondary",11,"Prepare, maintain, or oversee the preparation and maintenance of attendance, activity, planning, or personnel reports and records.",,,,,train,1
,,,human-task-exposure-v2.0,,5214,11-9032.00,"Education Administrators, Kindergarten through Secondary",11,Direct and coordinate school maintenance services and the use of school facilities.,,,,,train,1
,,,human-task-exposure-v2.0,,18596,11-9033.00,"Education Administrators, Postsecondary",11,"Promote the university by participating in community, state, and national events or meetings, and by developing partnerships with industry and secondary education institutions.",,,,,train,1
,,,human-task-exposure-v2.0,,5236,11-9033.00,"Education Administrators, Postsecondary",11,"Plan, administer, and control budgets, maintain financial records, and produce financial reports.",,,,,train,1
,,,human-task-exposure-v2.0,,5254,11-9033.00,"Education Administrators, Postsecondary",11,"Coordinate the production and dissemination of university publications, such as course catalogs and class schedules.",,,,,train,1
,,,human-task-exposure-v2.0,,20176,11-9041.00,Architectural and Engineering Managers,11,"Develop or implement policies, standards, or procedures for engineering and technical work.",,,,,train,1
,,,human-task-exposure-v2.0,,1070,11-9041.00,Architectural and Engineering Managers,11,"Present and explain proposals, reports, or findings to clients.",,,,,train,1
,,,human-task-exposure-v2.0,,20179,11-9041.00,Architectural and Engineering Managers,11,Solicit project support by conferring with officials or providing information to the public.,,,,,train,1
,,,human-task-exposure-v2.0,,15578,11-9041.01,Biofuels/Biodiesel Technology and Product Development Managers,11,"Analyze data from biofuels studies, such as fluid dynamics, water treatments, or solvent extraction and recovery processes.",,,,,train,1
,,,human-task-exposure-v2.0,,15566,11-9041.01,Biofuels/Biodiesel Technology and Product Development Managers,11,Provide technical or scientific guidance to technical staff in the conduct of biofuels research or development.,,,,,train,1
,,,human-task-exposure-v2.0,,15581,11-9041.01,Biofuels/Biodiesel Technology and Product Development Managers,11,"Conduct research to breed or develop energy crops with improved biomass yield, environmental adaptability, pest resistance, production efficiency, bioprocessing characteristics, or reduced environmental impacts.",,,,,train,1
,,,human-task-exposure-v2.0,,1095,11-9051.00,Food Service Managers,11,"Assess staffing needs and recruit staff, using methods such as newspaper advertisements or attendance at job fairs.",,,,,validation,1
,,,human-task-exposure-v2.0,,1092,11-9051.00,Food Service Managers,11,Order and purchase equipment and supplies.,,,,,validation,1
,,,human-task-exposure-v2.0,,1094,11-9051.00,Food Service Managers,11,"Record the number, type, and cost of items sold to determine which items may be unpopular or less profitable.",,,,,validation,1
,,,human-task-exposure-v2.0,,7196,11-9071.00,Gambling Managers,11,Track supplies of money to tables and perform any required paperwork.,,,,,train,1
,,,human-task-exposure-v2.0,,7194,11-9071.00,Gambling Managers,11,"Direct the distribution of complimentary hotel rooms, meals, or other discounts or free items given to players, based on their length of play and betting totals.",,,,,train,1
,,,human-task-exposure-v2.0,,7199,11-9071.00,Gambling Managers,11,"Review operational expenses, budget estimates, betting accounts, or collection reports for accuracy.",,,,,train,1
,,,human-task-exposure-v2.0,,21413,11-9072.00,"Entertainment and Recreation Managers, Except Gambling",11,Talk to customers to convey information about events or activities.,,,,,train,1
,,,human-task-exposure-v2.0,,21408,11-9072.00,"Entertainment and Recreation Managers, Except Gambling",11,Plan programs of events or schedules of activities.,,,,,train,1
,,,human-task-exposure-v2.0,,21405,11-9072.00,"Entertainment and Recreation Managers, Except Gambling",11,"Inspect equipment, such as rides, games, and vehicles, to detect wear and damage.",,,,,train,1
,,,human-task-exposure-v2.0,,1119,11-9081.00,Lodging Managers,11,"Purchase supplies, and arrange for outside services, such as deliveries, laundry, maintenance and repair, and trash collection.",,,,,train,1
,,,human-task-exposure-v2.0,,1118,11-9081.00,Lodging Managers,11,Interview and hire applicants.,,,,,train,1
,,,human-task-exposure-v2.0,,1126,11-9081.00,Lodging Managers,11,Book tickets for guests for local tours and attractions.,,,,,train,1
,,,human-task-exposure-v2.0,,52,11-9111.00,Medical and Health Services Managers,11,"Establish work schedules and assignments for staff, according to workload, space, and equipment availability.",,,,,train,1
,,,human-task-exposure-v2.0,,53,11-9111.00,Medical and Health Services Managers,11,"Maintain communication between governing boards, medical staff, and department heads by attending board meetings and coordinating interdepartmental functioning.",,,,,train,1
,,,human-task-exposure-v2.0,,60,11-9111.00,Medical and Health Services Managers,11,"Inspect facilities and recommend building or equipment modifications to ensure emergency readiness and compliance to access, safety, and sanitation regulations.",,,,,train,1
,,,human-task-exposure-v2.0,,15585,11-9121.01,Clinical Research Coordinators,11,"Prepare for or participate in quality assurance audits conducted by study sponsors, federal agencies, or specially designated review groups.",,,,,train,1
,,,human-task-exposure-v2.0,,15593,11-9121.01,Clinical Research Coordinators,11,"Review proposed study protocols to evaluate factors such as sample collection processes, data management plans, or potential subject risks.",,,,,train,1
,,,human-task-exposure-v2.0,,15586,11-9121.01,Clinical Research Coordinators,11,Participate in preparation and management of research budgets and monetary disbursements.,,,,,train,1
,,,human-task-exposure-v2.0,,15616,11-9121.02,Water Resource Specialists,11,"Review or evaluate designs for water detention facilities, storm drains, flood control facilities, or other hydraulic structures.",,,,,test,1
,,,human-task-exposure-v2.0,,15617,11-9121.02,Water Resource Specialists,11,Negotiate for water rights with communities or water facilities to meet water supply demands.,,,,,test,1
,,,human-task-exposure-v2.0,,15625,11-9121.02,Water Resource Specialists,11,"Identify methods for distributing purified wastewater into rivers, streams, or oceans.",,,,,test,1
,,,human-task-exposure-v2.0,,7231,11-9141.00,"Property, Real Estate, and Community Association Managers",11,"Market vacant space to prospective tenants through leasing agents, advertising, or other methods.",,,,,train,1
,,,human-task-exposure-v2.0,,7220,11-9141.00,"Property, Real Estate, and Community Association Managers",11,"Direct collection of monthly assessments, rental fees, and deposits and payment of insurance premiums, mortgage, taxes, and incurred operating expenses.",,,,,train,1
,,,human-task-exposure-v2.0,,7243,11-9141.00,"Property, Real Estate, and Community Association Managers",11,Contract with architectural firms to draw up detailed plans for new structures.,,,,,train,1
,,,human-task-exposure-v2.0,,1139,11-9151.00,Social and Community Service Managers,11,"Act as consultants to agency staff and other community programs regarding the interpretation of program-related federal, state, and county regulations and policies.",,,,,train,1
,,,human-task-exposure-v2.0,,1134,11-9151.00,Social and Community Service Managers,11,"Speak to community groups to explain and interpret agency purposes, programs, and policies.",,,,,train,1
,,,human-task-exposure-v2.0,,1138,11-9151.00,Social and Community Service Managers,11,"Analyze proposed legislation, regulations, or rule changes to determine how agency services could be impacted.",,,,,train,1
,,,human-task-exposure-v2.0,,7269,11-9161.00,Emergency Management Directors,11,"Review emergency plans of individual organizations, such as medical facilities, to ensure their adequacy.",,,,,validation,1
,,,human-task-exposure-v2.0,,7257,11-9161.00,Emergency Management Directors,11,"Coordinate disaster response or crisis management activities, such as ordering evacuations, opening public shelters, and implementing special needs plans and programs.",,,,,validation,1
,,,human-task-exposure-v2.0,,7274,11-9161.00,Emergency Management Directors,11,"Inventory and distribute nuclear, biological, and chemical detection and contamination equipment, providing instruction in its maintenance and use.",,,,,validation,1
,,,human-task-exposure-v2.0,,18835,11-9171.00,Funeral Home Managers,11,"Monitor funeral service operations to ensure that they comply with applicable policies, regulations, and laws.",,,,,test,1
,,,human-task-exposure-v2.0,,18841,11-9171.00,Funeral Home Managers,11,"Review financial statements, sales or activity reports, or other performance data to identify opportunities for cost reductions or service improvements.",,,,,test,1
,,,human-task-exposure-v2.0,,18836,11-9171.00,Funeral Home Managers,11,Negotiate contracts for prearranged funeral services.,,,,,test,1
,,,human-task-exposure-v2.0,,15548,11-9179.01,Fitness and Wellness Coordinators,11,"Conduct needs assessments or surveys to determine interest in, or satisfaction with, wellness and fitness programs, events, or services.",,,,,validation,1
,,,human-task-exposure-v2.0,,20317,11-9179.01,Fitness and Wellness Coordinators,11,"Use computer skills and software to manage Web sites or databases, publish newsletters, or provide webinars.",,,,,validation,1
,,,human-task-exposure-v2.0,,20314,11-9179.01,Fitness and Wellness Coordinators,11,Interpret insurance data or Health Reimbursement Account (HRA) data to develop programs that address specific needs of target populations.,,,,,validation,1
,,,human-task-exposure-v2.0,,17610,11-9179.02,Spa Managers,11,"Perform accounting duties, such as recording daily cash flow, preparing bank deposits, or generating financial statements.",,,,,train,1
,,,human-task-exposure-v2.0,,17604,11-9179.02,Spa Managers,11,Check spa equipment to ensure proper functioning.,,,,,train,1
,,,human-task-exposure-v2.0,,17617,11-9179.02,Spa Managers,11,Maintain client databases.,,,,,train,1
,,,human-task-exposure-v2.0,,18022,11-9199.01,Regulatory Affairs Managers,11,"Direct the preparation and submission of regulatory agency applications, reports, or correspondence.",,,,,train,1
,,,human-task-exposure-v2.0,,18028,11-9199.01,Regulatory Affairs Managers,11,Implement or monitor complaint processing systems to ensure effective and timely resolution of all complaint investigations.,,,,,train,1
,,,human-task-exposure-v2.0,,18044,11-9199.01,Regulatory Affairs Managers,11,Evaluate new software publishing systems and confer with regulatory agencies concerning news or updates on electronic publishing of submissions.,,,,,train,1
,,,human-task-exposure-v2.0,,15639,11-9199.02,Compliance Managers,11,Consult with corporate attorneys as necessary to address difficult legal compliance issues.,,,,,train,1
,,,human-task-exposure-v2.0,,21089,11-9199.02,Compliance Managers,11,"Verify that all regulatory policies and procedures have been documented, implemented, and communicated.",,,,,train,1
,,,human-task-exposure-v2.0,,15636,11-9199.02,Compliance Managers,11,Verify that software technology is in place to adequately provide oversight and monitoring in all required areas.,,,,,train,1
,,,human-task-exposure-v2.0,,15800,11-9199.08,Loss Prevention Managers,11,Coordinate or conduct internal investigations of problems such as employee theft and violations of corporate loss prevention policies.,,,,,train,1
,,,human-task-exposure-v2.0,,15803,11-9199.08,Loss Prevention Managers,11,Analyze retail data to identify current or emerging trends in theft or fraud.,,,,,train,1
,,,human-task-exposure-v2.0,,15785,11-9199.08,Loss Prevention Managers,11,"Maintain databases such as bad check logs, reports on multiple offenders, and alarm activation lists.",,,,,train,1
,,,human-task-exposure-v2.0,,15811,11-9199.09,Wind Energy Operations Managers,11,Manage warranty repair or replacement services.,,,,,train,1
,,,human-task-exposure-v2.0,,15821,11-9199.09,Wind Energy Operations Managers,11,Prepare wind field operational budgets.,,,,,train,1
,,,human-task-exposure-v2.0,,15814,11-9199.09,Wind Energy Operations Managers,11,"Review, negotiate, or approve wind farm contracts.",,,,,train,1
,,,human-task-exposure-v2.0,,15830,11-9199.10,Wind Energy Development Managers,11,"Provide verbal or written project status reports to project teams, management, subcontractors, customers, or owners.",,,,,train,1
,,,human-task-exposure-v2.0,,15834,11-9199.10,Wind Energy Development Managers,11,Manage wind project costs to stay within budget limits.,,,,,train,1
,,,human-task-exposure-v2.0,,15835,11-9199.10,Wind Energy Development Managers,11,"Develop scope of work for wind project functions, such as design, site assessment, environmental studies, surveying, or field support services.",,,,,train,1
,,,human-task-exposure-v2.0,,15847,11-9199.11,Brownfield Redevelopment Specialists and Site Managers,11,Inspect sites to assess environmental damage or monitor cleanup progress.,,,,,train,1
,,,human-task-exposure-v2.0,,15855,11-9199.11,Brownfield Redevelopment Specialists and Site Managers,11,Design or conduct environmental restoration studies.,,,,,train,1
,,,human-task-exposure-v2.0,,15851,11-9199.11,Brownfield Redevelopment Specialists and Site Managers,11,Develop or implement plans for revegetation of brownfield sites.,,,,,train,1
,,,human-task-exposure-v2.0,,1153,13-1023.00,"Purchasing Agents, Except Wholesale, Retail, and Farm Products",13,Study sales records and inventory levels of current stock to develop strategic purchasing programs that facilitate employee access to supplies.,,,,,train,1
,,,human-task-exposure-v2.0,,1142,13-1023.00,"Purchasing Agents, Except Wholesale, Retail, and Farm Products",13,Purchase the highest quality merchandise at the lowest possible price and in correct amounts.,,,,,train,1
,,,human-task-exposure-v2.0,,1154,13-1023.00,"Purchasing Agents, Except Wholesale, Retail, and Farm Products",13,"Interview vendors and visit suppliers' plants and distribution centers to examine and learn about products, services, and prices.",,,,,train,1
,,,human-task-exposure-v2.0,,21431,13-1031.00,"Claims Adjusters, Examiners, and Investigators",13,Collect evidence to support contested claims in court.,,,,,train,1
,,,human-task-exposure-v2.0,,21417,13-1031.00,"Claims Adjusters, Examiners, and Investigators",13,Examine claims forms and other records to determine insurance coverage.,,,,,train,1
,,,human-task-exposure-v2.0,,21442,13-1031.00,"Claims Adjusters, Examiners, and Investigators",13,Obtain credit information from banks and other credit services.,,,,,train,1
,,,human-task-exposure-v2.0,,21446,13-1041.00,Compliance Officers,13,Warn violators of infractions or penalties.,,,,,train,1
,,,human-task-exposure-v2.0,,21450,13-1041.00,Compliance Officers,13,Report law or regulation violations to appropriate boards or agencies.,,,,,train,1
,,,human-task-exposure-v2.0,,21455,13-1041.00,Compliance Officers,13,Visit establishments to verify that valid licenses or permits are displayed and that licensing standards are being upheld.,,,,,train,1
,,,human-task-exposure-v2.0,,10841,13-1041.01,Environmental Compliance Inspectors,13,"Determine which sites and violation reports to investigate, and coordinate compliance and enforcement activities with other government agencies.",,,,,validation,1
,,,human-task-exposure-v2.0,,10839,13-1041.01,Environmental Compliance Inspectors,13,"Verify that hazardous chemicals are handled, stored, and disposed of in accordance with regulations.",,,,,validation,1
,,,human-task-exposure-v2.0,,10849,13-1041.01,Environmental Compliance Inspectors,13,"Research and perform calculations related to landscape allowances, discharge volumes, production-based and alternative limits, and wastewater strength classifications, making recommendations and completing documentation.",,,,,validation,1
,,,human-task-exposure-v2.0,,10875,13-1041.03,Equal Opportunity Representatives and Officers,13,"Provide information, technical assistance, or training to supervisors, managers, or employees on topics such as employee supervision, hiring, grievance procedures, or staff development.",,,,,validation,1
,,,human-task-exposure-v2.0,,20722,13-1041.03,Equal Opportunity Representatives and Officers,13,Develop guidelines for nondiscriminatory employment practices.,,,,,validation,1
,,,human-task-exposure-v2.0,,10876,13-1041.03,Equal Opportunity Representatives and Officers,13,Verify that all job descriptions are submitted for review and approval and that descriptions meet regulatory standards.,,,,,validation,1
,,,human-task-exposure-v2.0,,12890,13-1041.04,Government Property Inspectors and Investigators,13,"Prepare correspondence, reports of inspections or investigations, or recommendations for action.",,,,,test,1
,,,human-task-exposure-v2.0,,20843,13-1041.04,Government Property Inspectors and Investigators,13,"Inspect government property, such as construction sites or public housing, to ensure compliance with contract specifications or legal requirements.",,,,,test,1
,,,human-task-exposure-v2.0,,12900,13-1041.04,Government Property Inspectors and Investigators,13,"Submit samples of products to government laboratories for testing, as required.",,,,,test,1
,,,human-task-exposure-v2.0,,8930,13-1041.06,Coroners,13,"Collect wills, burial instructions, and other documentation needed for investigations and for handling of the remains.",,,,,train,1
,,,human-task-exposure-v2.0,,8923,13-1041.06,Coroners,13,Provide information concerning the circumstances of death to relatives of the deceased.,,,,,train,1
,,,human-task-exposure-v2.0,,8929,13-1041.06,Coroners,13,"Record the disposition of minor children, as well as details of arrangements made for their care.",,,,,train,1
,,,human-task-exposure-v2.0,,18055,13-1041.07,Regulatory Affairs Specialists,13,Determine the types of regulatory submissions or internal documentation that are required in situations such as proposed device changes or labeling changes.,,,,,validation,1
,,,human-task-exposure-v2.0,,18066,13-1041.07,Regulatory Affairs Specialists,13,"Write or update standard operating procedures, work instructions, or policies.",,,,,validation,1
,,,human-task-exposure-v2.0,,21096,13-1041.07,Regulatory Affairs Specialists,13,Recommend adjudication of product complaints.,,,,,validation,1
,,,human-task-exposure-v2.0,,15933,13-1041.08,Customs Brokers,13,"Stay abreast of changes in import or export laws or regulations by reading current literature, attending meetings or conferences, or conferring with colleagues.",,,,,train,1
,,,human-task-exposure-v2.0,,15946,13-1041.08,Customs Brokers,13,Clear goods through customs and to their destinations for clients.,,,,,train,1
,,,human-task-exposure-v2.0,,15938,13-1041.08,Customs Brokers,13,Maintain relationships with customs brokers in other ports to expedite clearing of cargo.,,,,,train,1
,,,human-task-exposure-v2.0,,85,13-1051.00,Cost Estimators,13,Prepare estimates for use in selecting vendors or subcontractors.,,,,,train,1
,,,human-task-exposure-v2.0,,86,13-1051.00,Cost Estimators,13,Review material and labor requirements to decide whether it is more cost-effective to produce or purchase components.,,,,,train,1
,,,human-task-exposure-v2.0,,88,13-1051.00,Cost Estimators,13,"Prepare and maintain a directory of suppliers, contractors and subcontractors.",,,,,train,1
,,,human-task-exposure-v2.0,,18860,13-1071.00,Human Resources Specialists,13,"Inform job applicants of details such as duties and responsibilities, compensation, benefits, schedules, working conditions, or promotion opportunities.",,,,,train,1
,,,human-task-exposure-v2.0,,18867,13-1071.00,Human Resources Specialists,13,"Provide management with information or training related to interviewing, performance appraisals, counseling techniques, or documentation of performance issues.",,,,,train,1
,,,human-task-exposure-v2.0,,18855,13-1071.00,Human Resources Specialists,13,Conduct reference or background checks on job applicants.,,,,,train,1
,,,human-task-exposure-v2.0,,18895,13-1075.00,Labor Relations Specialists,13,"Write letters related to labor relations activities, such as letters to amend collective bargaining agreements, letters of dispute or conciliation, or letters to seek clarification of contract terms.",,,,,validation,1
,,,human-task-exposure-v2.0,,18884,13-1075.00,Labor Relations Specialists,13,Mediate discussions between employer and employee representatives in attempt to reconcile differences.,,,,,validation,1
,,,human-task-exposure-v2.0,,18899,13-1075.00,Labor Relations Specialists,13,"Develop methods to monitor employee satisfaction with policies or working conditions, including grievance or complaint procedures.",,,,,validation,1
,,,human-task-exposure-v2.0,,8945,13-1081.00,Logisticians,13,"Provide project management services, including the provision and analysis of technical data.",,,,,train,1
,,,human-task-exposure-v2.0,,8936,13-1081.00,Logisticians,13,Protect and control proprietary materials.,,,,,train,1
,,,human-task-exposure-v2.0,,8939,13-1081.00,Logisticians,13,"Direct team activities, establishing task priorities, scheduling and tracking work assignments, providing guidance, and ensuring the availability of resources.",,,,,train,1
,,,human-task-exposure-v2.0,,15870,13-1081.01,Logistics Engineers,13,Identify or develop business rules or standard operating procedures to streamline operating processes.,,,,,train,1
,,,human-task-exposure-v2.0,,20005,13-1081.01,Logistics Engineers,13,Determine requirements for compliance with environmental certification standards.,,,,,train,1
,,,human-task-exposure-v2.0,,20008,13-1081.01,Logistics Engineers,13,"Assess the environmental impact or energy efficiency of logistics activities, using carbon mitigation software.",,,,,train,1
,,,human-task-exposure-v2.0,,15888,13-1081.02,Logistics Analysts,13,Contact carriers for rates or schedules.,,,,,train,1
,,,human-task-exposure-v2.0,,15905,13-1081.02,Logistics Analysts,13,"Analyze logistics data, using methods such as data mining, data modeling, or cost or benefit analysis.",,,,,train,1
,,,human-task-exposure-v2.0,,20011,13-1081.02,Logistics Analysts,13,"Route or reroute drivers in real time with remote route navigation software, satellite linkup systems, or global positioning systems (GPS) to improve operational efficiencies.",,,,,train,1
,,,human-task-exposure-v2.0,,21477,13-1082.00,Project Management Specialists,13,Recruit or hire project personnel.,,,,,test,1
,,,human-task-exposure-v2.0,,21478,13-1082.00,Project Management Specialists,13,"Report project status, such as budget, resources, technical issues, or customer satisfaction, to managers.",,,,,test,1
,,,human-task-exposure-v2.0,,21467,13-1082.00,Project Management Specialists,13,"Identify project needs such as resources, staff, or finances by reviewing project objectives and schedules.",,,,,test,1
,,,human-task-exposure-v2.0,,7281,13-1111.00,Management Analysts,13,"Interview personnel and conduct on-site observation to ascertain unit functions, work performed, and methods, equipment, and personnel used.",,,,,train,1
,,,human-task-exposure-v2.0,,7277,13-1111.00,Management Analysts,13,Analyze data gathered and develop solutions or alternative methods of proceeding.,,,,,train,1
,,,human-task-exposure-v2.0,,7286,13-1111.00,Management Analysts,13,Recommend purchase of storage equipment and design area layout to locate equipment in space available.,,,,,train,1
,,,human-task-exposure-v2.0,,1214,13-1121.00,"Meeting, Convention, and Event Planners",13,"Coordinate services for events, such as accommodation and transportation for participants, facilities, catering, signage, displays, special needs requirements, printing and event security.",,,,,train,1
,,,human-task-exposure-v2.0,,1219,13-1121.00,"Meeting, Convention, and Event Planners",13,"Negotiate contracts with such service providers and suppliers as hotels, convention centers, and speakers.",,,,,train,1
,,,human-task-exposure-v2.0,,1224,13-1121.00,"Meeting, Convention, and Event Planners",13,Organize registration of event participants.,,,,,train,1
,,,human-task-exposure-v2.0,,18905,13-1131.00,Fundraisers,13,"Attend community events, meetings, or conferences to promote organizational goals or solicit donations or sponsorships.",,,,,validation,1
,,,human-task-exposure-v2.0,,18931,13-1131.00,Fundraisers,13,Write and send letters of thanks to donors.,,,,,validation,1
,,,human-task-exposure-v2.0,,18928,13-1131.00,Fundraisers,13,Develop and maintain media contact lists.,,,,,validation,1
,,,human-task-exposure-v2.0,,3369,13-1141.00,"Compensation, Benefits, and Job Analysis Specialists",13,Plan and develop curricula and materials for training programs and conduct training.,,,,,train,1
,,,human-task-exposure-v2.0,,3357,13-1141.00,"Compensation, Benefits, and Job Analysis Specialists",13,Assist in preparing and maintaining personnel records and handbooks.,,,,,train,1
,,,human-task-exposure-v2.0,,3362,13-1141.00,"Compensation, Benefits, and Job Analysis Specialists",13,Perform multifactor data and cost analyses that may be used in areas such as support of collective bargaining agreements.,,,,,train,1
,,,human-task-exposure-v2.0,,20477,13-1151.00,Training and Development Specialists,13,"Supervise, evaluate, or refer instructors to skill development classes.",,,,,train,1
,,,human-task-exposure-v2.0,,20475,13-1151.00,Training and Development Specialists,13,"Obtain, organize, or develop training procedure manuals, guides, or course materials, such as handouts or visual materials.",,,,,train,1
,,,human-task-exposure-v2.0,,111,13-1151.00,Training and Development Specialists,13,"Refer trainees to employer relations representatives, to locations offering job placement assistance, or to appropriate social services agencies, if warranted.",,,,,train,1
,,,human-task-exposure-v2.0,,5442,13-1161.00,Market Research Analysts and Marketing Specialists,13,Monitor industry statistics and follow trends in trade literature.,,,,,test,1
,,,human-task-exposure-v2.0,,5433,13-1161.00,Market Research Analysts and Marketing Specialists,13,"Collect and analyze data on customer demographics, preferences, needs, and buying habits to identify potential markets and factors affecting product demand.",,,,,test,1
,,,human-task-exposure-v2.0,,5444,13-1161.00,Market Research Analysts and Marketing Specialists,13,Develop and implement procedures for identifying advertising needs.,,,,,test,1
,,,human-task-exposure-v2.0,,16186,13-1161.01,Search Marketing Strategists,13,"Conduct market research analysis to identify search query trends, real-time search and news media activity, popular social media topics, electronic commerce trends, market opportunities, or competitor performance.",,,,,train,1
,,,human-task-exposure-v2.0,,20321,13-1161.01,Search Marketing Strategists,13,Create content strategies for digital media.,,,,,train,1
,,,human-task-exposure-v2.0,,16184,13-1161.01,Search Marketing Strategists,13,"Develop transactional Web applications, using Web programming software and knowledge of programming languages, such as hypertext markup language (HTML) and extensible markup language (XML).",,,,,train,1
,,,human-task-exposure-v2.0,,15949,13-1199.04,Business Continuity Planners,13,Interpret government regulations and applicable codes to ensure compliance.,,,,,train,1
,,,human-task-exposure-v2.0,,15953,13-1199.04,Business Continuity Planners,13,Create business continuity and disaster recovery budgets.,,,,,train,1
,,,human-task-exposure-v2.0,,15966,13-1199.04,Business Continuity Planners,13,"Conduct or oversee collection of corporate intelligence to avoid fraud, financial crime, cyber attack, terrorism, and infrastructure failure.",,,,,train,1
,,,human-task-exposure-v2.0,,15969,13-1199.05,Sustainability Specialists,13,"Research or review regulatory, technical, or market issues related to sustainability.",,,,,test,1
,,,human-task-exposure-v2.0,,15977,13-1199.05,Sustainability Specialists,13,"Create marketing or outreach media, such as brochures or Web sites, to communicate sustainability issues, procedures, or objectives.",,,,,test,1
,,,human-task-exposure-v2.0,,15981,13-1199.05,Sustainability Specialists,13,"Develop sustainability project goals, objectives, initiatives, or strategies in collaboration with other sustainability professionals.",,,,,test,1
,,,human-task-exposure-v2.0,,15710,13-1199.06,Online Merchants,13,"Create, manage, or automate orders or invoices, using order management or invoicing software.",,,,,train,1
,,,human-task-exposure-v2.0,,15728,13-1199.06,Online Merchants,13,"Correspond with online customers via electronic mail, telephone, or other electronic messaging to address questions or complaints about products, policies, or shipping methods.",,,,,train,1
,,,human-task-exposure-v2.0,,15706,13-1199.06,Online Merchants,13,Integrate online retailing strategy with physical or catalogue retailing operations.,,,,,train,1
,,,human-task-exposure-v2.0,,21483,13-1199.07,Security Management Specialists,13,Budget and schedule security design work.,,,,,train,1
,,,human-task-exposure-v2.0,,21502,13-1199.07,Security Management Specialists,13,"Review design drawings or technical documents for completeness, correctness, or appropriateness.",,,,,train,1
,,,human-task-exposure-v2.0,,21489,13-1199.07,Security Management Specialists,13,"Engineer, install, maintain, or repair security systems, programmable logic controls, or other security-related electronic systems.",,,,,train,1
,,,human-task-exposure-v2.0,,21518,13-2011.00,Accountants and Auditors,13,Examine inventory to verify journal and ledger entries.,,,,,train,1
,,,human-task-exposure-v2.0,,21507,13-2011.00,Accountants and Auditors,13,"Collect and analyze data to detect deficient controls, duplicated effort, extravagance, fraud, or non-compliance with laws, regulations, and management policies.",,,,,train,1
,,,human-task-exposure-v2.0,,21534,13-2011.00,Accountants and Auditors,13,"Review data about material assets, net worth, liabilities, capital stock, surplus, income, or expenditures.",,,,,train,1
,,,human-task-exposure-v2.0,,21569,13-2023.00,Appraisers and Assessors of Real Estate,13,"Photograph interiors and exteriors of properties to assist in estimating property value, substantiate findings, and complete appraisal reports.",,,,,test,1
,,,human-task-exposure-v2.0,,21558,13-2023.00,Appraisers and Assessors of Real Estate,13,"Review information about transfers of property to ensure its accuracy, checking basic information on buyers, sellers, and sales prices and making corrections as necessary.",,,,,test,1
,,,human-task-exposure-v2.0,,21554,13-2023.00,Appraisers and Assessors of Real Estate,13,Explain assessed values to property owners and defend appealed assessments at public hearings.,,,,,test,1
,,,human-task-exposure-v2.0,,21587,13-2051.00,Financial and Investment Analysts,13,Determine the prices at which securities should be syndicated and offered to the public.,,,,,train,1
,,,human-task-exposure-v2.0,,21598,13-2051.00,Financial and Investment Analysts,13,Prepare all materials for transactions or execution of deals.,,,,,train,1
,,,human-task-exposure-v2.0,,21594,13-2051.00,Financial and Investment Analysts,13,"Interpret data on price, yield, stability, future investment-risk trends, economic influences, and other factors affecting investment programs.",,,,,train,1
,,,human-task-exposure-v2.0,,20185,13-2052.00,Personal Financial Advisors,13,Recruit and maintain client bases.,,,,,train,1
,,,human-task-exposure-v2.0,,12905,13-2052.00,Personal Financial Advisors,13,Answer clients' questions about the purposes and details of financial plans and strategies.,,,,,train,1
,,,human-task-exposure-v2.0,,19570,13-2052.00,Personal Financial Advisors,13,"Inform clients about tax benefits, government rebates, or other financial benefits of alternative-fuel vehicle purchases or energy-efficient home construction, improvements, or remodeling.",,,,,train,1
,,,human-task-exposure-v2.0,,1264,13-2053.00,Insurance Underwriters,13,"Decrease value of policy when risk is substandard and specify applicable endorsements or apply rating to ensure safe, profitable distribution of risks, using reference materials.",,,,,test,1
,,,human-task-exposure-v2.0,,21045,13-2053.00,Insurance Underwriters,13,"Examine documents to determine degree of risk from factors such as applicant health, financial standing and value, and condition of property.",,,,,test,1
,,,human-task-exposure-v2.0,,1262,13-2053.00,Insurance Underwriters,13,"Write to field representatives, medical personnel, or others to obtain further information, quote rates, or explain company underwriting policies.",,,,,test,1
,,,human-task-exposure-v2.0,,21615,13-2054.00,Financial Risk Specialists,13,Devise systems or processes to monitor validity of risk assessments.,,,,,train,1
,,,human-task-exposure-v2.0,,21630,13-2054.00,Financial Risk Specialists,13,Provide statistical modeling advice to other departments.,,,,,train,1
,,,human-task-exposure-v2.0,,21616,13-2054.00,Financial Risk Specialists,13,"Document, and ensure communication of, key risks.",,,,,train,1
,,,human-task-exposure-v2.0,,7327,13-2061.00,Financial Examiners,13,"Resolve problems concerning the overall financial integrity of banking institutions including loan investment portfolios, capital, earnings, and specific or large troubled accounts.",,,,,train,1
,,,human-task-exposure-v2.0,,7322,13-2061.00,Financial Examiners,13,Train other examiners in the financial examination process.,,,,,train,1
,,,human-task-exposure-v2.0,,7329,13-2061.00,Financial Examiners,13,"Confer with officials of real estate, securities, or financial institution industries to exchange views and discuss issues or pending cases.",,,,,train,1
,,,human-task-exposure-v2.0,,18940,13-2071.00,Credit Counselors,13,"Maintain or update records of client account activity, including financial transactions, counseling session notes, correspondence, document images, or client inquiries.",,,,,train,1
,,,human-task-exposure-v2.0,,18944,13-2071.00,Credit Counselors,13,"Recommend educational materials or resources to clients on matters, such as financial planning, budgeting, or credit.",,,,,train,1
,,,human-task-exposure-v2.0,,18951,13-2071.00,Credit Counselors,13,Disburse funds from client accounts to creditors.,,,,,train,1
,,,human-task-exposure-v2.0,,3414,13-2072.00,Loan Officers,13,Compute payment schedules.,,,,,test,1
,,,human-task-exposure-v2.0,,3410,13-2072.00,Loan Officers,13,"Explain to customers the different types of loans and credit options that are available, as well as the terms of those services.",,,,,test,1
,,,human-task-exposure-v2.0,,21639,13-2072.00,Loan Officers,13,Contact applicants or creditors to resolve questions about applications or to assist with completion of paperwork.,,,,,test,1
,,,human-task-exposure-v2.0,,5290,13-2081.00,"Tax Examiners and Collectors, and Revenue Agents",13,"Maintain records for each case, including contacts, telephone numbers, and actions taken.",,,,,validation,1
,,,human-task-exposure-v2.0,,5292,13-2081.00,"Tax Examiners and Collectors, and Revenue Agents",13,Contact taxpayers by mail or telephone to address discrepancies and to request supporting documentation.,,,,,validation,1
,,,human-task-exposure-v2.0,,5298,13-2081.00,"Tax Examiners and Collectors, and Revenue Agents",13,Enter tax return information into computers for processing.,,,,,validation,1
,,,human-task-exposure-v2.0,,21165,13-2082.00,Tax Preparers,13,Schedule appointments with clients.,,,,,train,1
,,,human-task-exposure-v2.0,,7360,13-2082.00,Tax Preparers,13,"Use all appropriate adjustments, deductions, and credits to keep clients' taxes to a minimum.",,,,,train,1
,,,human-task-exposure-v2.0,,20364,13-2082.00,Tax Preparers,13,Explain federal and state tax laws to individuals and companies.,,,,,train,1
,,,human-task-exposure-v2.0,,15987,13-2099.01,Financial Quantitative Analysts,13,Maintain or modify all financial analytic models in use.,,,,,train,1
,,,human-task-exposure-v2.0,,15992,13-2099.01,Financial Quantitative Analysts,13,Consult traders or other financial industry personnel to determine the need for new or improved analytical applications.,,,,,train,1
,,,human-task-exposure-v2.0,,19574,13-2099.01,Financial Quantitative Analysts,13,"Develop methods of assessing or measuring corporate performance in terms of environmental, social, and governance (ESG) issues.",,,,,train,1
,,,human-task-exposure-v2.0,,16056,13-2099.04,"Fraud Examiners, Investigators and Analysts",13,"Conduct in-depth investigations of suspicious financial activity, such as suspected money-laundering efforts.",,,,,train,1
,,,human-task-exposure-v2.0,,16043,13-2099.04,"Fraud Examiners, Investigators and Analysts",13,Testify in court regarding investigation findings.,,,,,train,1
,,,human-task-exposure-v2.0,,16042,13-2099.04,"Fraud Examiners, Investigators and Analysts",13,Arrest individuals to be charged with fraud.,,,,,train,1
,,,human-task-exposure-v2.0,,3480,15-1211.00,Computer Systems Analysts,15,"Read manuals, periodicals, and technical reports to learn how to develop programs that meet staff and user requirements.",,,,,test,1
,,,human-task-exposure-v2.0,,3469,15-1211.00,Computer Systems Analysts,15,Consult with management to ensure agreement on system principles.,,,,,test,1
,,,human-task-exposure-v2.0,,3483,15-1211.00,Computer Systems Analysts,15,Prepare cost-benefit and return-on-investment analyses to aid in decisions on system implementation.,,,,,test,1
,,,human-task-exposure-v2.0,,18088,15-1211.01,Health Informatics Specialists,15,"Design, develop, select, test, implement, and evaluate new or modified informatics solutions, data structures, and decision-support mechanisms to support patients, health care professionals, and their information management and human-computer and human-technology interactions within health care contexts.",,,,,test,1
,,,human-task-exposure-v2.0,,18098,15-1211.01,Health Informatics Specialists,15,"Design, conduct, or provide support to nursing informatics research.",,,,,test,1
,,,human-task-exposure-v2.0,,18091,15-1211.01,Health Informatics Specialists,15,"Plan, install, repair, or troubleshoot telehealth technology applications or systems in homes.",,,,,test,1
,,,human-task-exposure-v2.0,,5318,15-1212.00,Information Security Analysts,15,Coordinate implementation of computer system plan with establishment personnel and outside vendors.,,,,,train,1
,,,human-task-exposure-v2.0,,5317,15-1212.00,Information Security Analysts,15,"Modify computer security files to incorporate new software, correct errors, or change individual access status.",,,,,train,1
,,,human-task-exposure-v2.0,,5315,15-1212.00,Information Security Analysts,15,"Confer with users to discuss issues such as computer data access needs, security violations, and programming changes.",,,,,train,1
,,,human-task-exposure-v2.0,,14630,15-1221.00,Computer and Information Research Scientists,15,"Develop and interpret organizational goals, policies, and procedures.",,,,,train,1
,,,human-task-exposure-v2.0,,14623,15-1221.00,Computer and Information Research Scientists,15,Analyze problems to develop solutions involving computer hardware and software.,,,,,train,1
,,,human-task-exposure-v2.0,,14631,15-1221.00,Computer and Information Research Scientists,15,Participate in staffing decisions and direct training of subordinates.,,,,,train,1
,,,human-task-exposure-v2.0,,18990,15-1231.00,Computer Network Support Specialists,15,"Configure and define parameters for installation or testing of local area network (LAN), wide area network (WAN), hubs, routers, switches, controllers, multiplexers, or related networking equipment.",,,,,train,1
,,,human-task-exposure-v2.0,,19012,15-1231.00,Computer Network Support Specialists,15,Run monthly network reports.,,,,,train,1
,,,human-task-exposure-v2.0,,19002,15-1231.00,Computer Network Support Specialists,15,Troubleshoot network or connectivity problems for users or user groups.,,,,,train,1
,,,human-task-exposure-v2.0,,1291,15-1232.00,Computer User Support Specialists,15,Refer major hardware or software problems or defective products to vendors or technicians for service.,,,,,validation,1
,,,human-task-exposure-v2.0,,1285,15-1232.00,Computer User Support Specialists,15,Oversee the daily performance of computer systems.,,,,,validation,1
,,,human-task-exposure-v2.0,,1296,15-1232.00,Computer User Support Specialists,15,Modify and customize commercial programs for internal needs.,,,,,validation,1
,,,human-task-exposure-v2.0,,18984,15-1241.00,Computer Network Architects,15,Research and test new or modified hardware or software products to determine performance and interoperability.,,,,,train,1
,,,human-task-exposure-v2.0,,18972,15-1241.00,Computer Network Architects,15,Develop plans or budgets for network equipment replacement.,,,,,train,1
,,,human-task-exposure-v2.0,,18978,15-1241.00,Computer Network Architects,15,"Maintain or coordinate the maintenance of network peripherals, such as printers.",,,,,train,1
,,,human-task-exposure-v2.0,,16079,15-1241.01,Telecommunications Engineering Specialists,15,"Work with personnel and facilities management staff to install, remove, or relocate user connectivity equipment and devices.",,,,,test,1
,,,human-task-exposure-v2.0,,16063,15-1241.01,Telecommunications Engineering Specialists,15,"Review and evaluate requests from engineers, managers, and technicians for system modifications.",,,,,test,1
,,,human-task-exposure-v2.0,,16075,15-1241.01,Telecommunications Engineering Specialists,15,"Implement controls to provide security for operating systems, software, and data.",,,,,test,1
,,,human-task-exposure-v2.0,,1298,15-1242.00,Database Administrators,15,Develop standards and guidelines for the use and acquisition of software and to protect vulnerable information.,,,,,train,1
,,,human-task-exposure-v2.0,,1306,15-1242.00,Database Administrators,15,"Develop data models describing data elements and how they are used, following procedures and using pen, template, or computer software.",,,,,train,1
,,,human-task-exposure-v2.0,,1314,15-1242.00,Database Administrators,15,"Review workflow charts developed by programmer analyst to understand tasks computer will perform, such as updating records.",,,,,train,1
,,,human-task-exposure-v2.0,,16106,15-1243.00,Database Architects,15,"Develop or maintain archived procedures, procedural codes, or queries for applications.",,,,,train,1
,,,human-task-exposure-v2.0,,21656,15-1243.00,Database Architects,15,Review project requests describing database user needs to estimate time and cost required to accomplish project.,,,,,train,1
,,,human-task-exposure-v2.0,,21658,15-1243.00,Database Architects,15,Train users and answer questions.,,,,,train,1
,,,human-task-exposure-v2.0,,16121,15-1243.01,Data Warehousing Specialists,15,"Verify the structure, accuracy, or quality of warehouse data.",,,,,validation,1
,,,human-task-exposure-v2.0,,16131,15-1243.01,Data Warehousing Specialists,15,Create or implement metadata processes and frameworks.,,,,,validation,1
,,,human-task-exposure-v2.0,,16129,15-1243.01,Data Warehousing Specialists,15,"Create supporting documentation, such as metadata and diagrams of entity relationships, business processes, and process flow.",,,,,validation,1
,,,human-task-exposure-v2.0,,1318,15-1244.00,Network and Computer Systems Administrators,15,"Maintain and administer computer networks and related computing environments, including computer hardware, systems software, applications software, and all configurations.",,,,,validation,1
,,,human-task-exposure-v2.0,,1319,15-1244.00,Network and Computer Systems Administrators,15,"Plan, coordinate, and implement network security measures to protect data, software, and hardware.",,,,,validation,1
,,,human-task-exposure-v2.0,,1327,15-1244.00,Network and Computer Systems Administrators,15,"Load computer tapes and disks, and install software and printer paper or forms.",,,,,validation,1
,,,human-task-exposure-v2.0,,1273,15-1251.00,Computer Programmers,15,"Write, analyze, review, and rewrite programs, using workflow chart and diagram, and applying knowledge of computer capabilities, subject matter, and symbolic logic.",,,,,train,1
,,,human-task-exposure-v2.0,,1267,15-1251.00,Computer Programmers,15,Correct errors by making appropriate changes and rechecking the program to ensure that the desired results are produced.,,,,,train,1
,,,human-task-exposure-v2.0,,1280,15-1251.00,Computer Programmers,15,Collaborate with computer manufacturers and other users to develop new programming methods.,,,,,train,1
,,,human-task-exposure-v2.0,,21665,15-1252.00,Software Developers,15,"Consult with customers or other departments on project status, proposals, or technical issues, such as software system design or maintenance.",,,,,train,1
,,,human-task-exposure-v2.0,,21676,15-1252.00,Software Developers,15,"Store, retrieve, and manipulate data for analysis of system capabilities and requirements.",,,,,train,1
,,,human-task-exposure-v2.0,,21678,15-1252.00,Software Developers,15,"Supervise the work of programmers, technologists and technicians and other engineering and scientific personnel.",,,,,train,1
,,,human-task-exposure-v2.0,,14651,15-1253.00,Software Quality Assurance Analysts and Testers,15,Investigate customer problems referred by technical support.,,,,,train,1
,,,human-task-exposure-v2.0,,14647,15-1253.00,Software Quality Assurance Analysts and Testers,15,"Review software documentation to ensure technical accuracy, compliance, or completeness, or to mitigate risks.",,,,,train,1
,,,human-task-exposure-v2.0,,21680,15-1253.00,Software Quality Assurance Analysts and Testers,15,"Modify existing software to correct errors, allow it to adapt to new hardware, or to improve its performance.",,,,,train,1
,,,human-task-exposure-v2.0,,14717,15-1254.00,Web Developers,15,Establish appropriate server directory trees.,,,,,validation,1
,,,human-task-exposure-v2.0,,14706,15-1254.00,Web Developers,15,Collaborate with management or users to develop e-commerce strategies and to integrate these strategies with Web sites.,,,,,validation,1
,,,human-task-exposure-v2.0,,21684,15-1254.00,Web Developers,15,"Incorporate technical considerations into Web site design plans, such as budgets, equipment, performance requirements, and legal issues including accessibility and privacy.",,,,,validation,1
,,,human-task-exposure-v2.0,,21694,15-1255.00,Web and Digital Interface Designers,15,Develop new visual design concepts and modify concepts based on stakeholder feedback.,,,,,test,1
,,,human-task-exposure-v2.0,,21692,15-1255.00,Web and Digital Interface Designers,15,"Design, build, or maintain Web sites, using authoring or scripting languages, content creation tools, management tools, and digital media.",,,,,test,1
,,,human-task-exposure-v2.0,,21700,15-1255.00,Web and Digital Interface Designers,15,"Document technical factors such as server load, bandwidth, database performance, and browser and device types.",,,,,test,1
,,,human-task-exposure-v2.0,,16197,15-1255.01,Video Game Designers,15,Create gameplay test plans for internal and external test groups.,,,,,train,1
,,,human-task-exposure-v2.0,,16196,15-1255.01,Video Game Designers,15,"Keep abreast of game design technology and techniques, industry trends, or audience interests, reactions, and needs by reviewing current literature, talking with colleagues, participating in educational programs, attending meetings or workshops, or participating in professional organizations or conferences.",,,,,train,1
,,,human-task-exposure-v2.0,,16200,15-1255.01,Video Game Designers,15,Write or supervise the writing of game text and dialogue.,,,,,train,1
,,,human-task-exposure-v2.0,,14738,15-1299.01,Web Administrators,15,Test backup or recovery plans regularly and resolve any problems.,,,,,train,1
,,,human-task-exposure-v2.0,,14737,15-1299.01,Web Administrators,15,"Collaborate with development teams to discuss, analyze, or resolve usability issues.",,,,,train,1
,,,human-task-exposure-v2.0,,14736,15-1299.01,Web Administrators,15,"Administer internet or intranet infrastructure, including Web, file, and mail servers.",,,,,train,1
,,,human-task-exposure-v2.0,,21733,15-1299.02,Geographic Information Systems Technologists and Technicians,15,"Design, program, or model Geographic Information Systems (GIS) applications or procedures.",,,,,train,1
,,,human-task-exposure-v2.0,,21717,15-1299.02,Geographic Information Systems Technologists and Technicians,15,Maintain or modify existing Geographic Information Systems (GIS) databases.,,,,,train,1
,,,human-task-exposure-v2.0,,21734,15-1299.02,Geographic Information Systems Technologists and Technicians,15,"Develop specialized computer software routines, internet-based Geographic Information Systems (GIS) databases, or business applications to customize geographic information.",,,,,train,1
,,,human-task-exposure-v2.0,,16238,15-1299.03,Document Management Specialists,15,"Implement electronic document processing, retrieval, and distribution systems in collaboration with other information technology specialists.",,,,,train,1
,,,human-task-exposure-v2.0,,16232,15-1299.03,Document Management Specialists,15,"Assist in the development of document or content classification taxonomies to facilitate information capture, search, and retrieval.",,,,,train,1
,,,human-task-exposure-v2.0,,16235,15-1299.03,Document Management Specialists,15,"Analyze, interpret, or disseminate system performance data.",,,,,train,1
,,,human-task-exposure-v2.0,,21754,15-1299.04,Penetration Testers,15,Document penetration test findings.,,,,,train,1
,,,human-task-exposure-v2.0,,21762,15-1299.04,Penetration Testers,15,Prepare and submit reports describing the results of security fixes.,,,,,train,1
,,,human-task-exposure-v2.0,,21761,15-1299.04,Penetration Testers,15,Maintain up-to-date knowledge of hacking trends.,,,,,train,1
,,,human-task-exposure-v2.0,,21782,15-1299.05,Information Security Engineers,15,"Scan networks, using vulnerability assessment tools to identify vulnerabilities.",,,,,train,1
,,,human-task-exposure-v2.0,,21777,15-1299.05,Information Security Engineers,15,"Oversee development of plans to safeguard computer files against accidental or unauthorized modification, destruction, or disclosure or to meet emergency data processing needs.",,,,,train,1
,,,human-task-exposure-v2.0,,21772,15-1299.05,Information Security Engineers,15,"Develop or implement software tools to assist in the detection, prevention, and analysis of security threats.",,,,,train,1
,,,human-task-exposure-v2.0,,21803,15-1299.06,Digital Forensics Analysts,15,"Write cyber defense recommendations, reports, or white papers using research or experience.",,,,,train,1
,,,human-task-exposure-v2.0,,21805,15-1299.06,Digital Forensics Analysts,15,Write technical summaries to report findings.,,,,,train,1
,,,human-task-exposure-v2.0,,21800,15-1299.06,Digital Forensics Analysts,15,Recommend cyber defense software or hardware to support responses to cyber incidents.,,,,,train,1
,,,human-task-exposure-v2.0,,21806,15-1299.07,Blockchain Engineers,15,"Assess blockchain threats, such as untested code and unprotected keys.",,,,,train,1
,,,human-task-exposure-v2.0,,21816,15-1299.07,Blockchain Engineers,15,"Discuss data needs with engineers, product managers, or data scientists to identify blockchain requirements.",,,,,train,1
,,,human-task-exposure-v2.0,,21815,15-1299.07,Blockchain Engineers,15,"Discuss and plan systems with solution architects, system engineers, or cybersecurity experts to meet customer requirements.",,,,,train,1
,,,human-task-exposure-v2.0,,14689,15-1299.08,Computer Systems Engineers/Architects,15,"Direct the installation of operating systems, network or application software, or computer or network hardware.",,,,,validation,1
,,,human-task-exposure-v2.0,,14682,15-1299.08,Computer Systems Engineers/Architects,15,"Develop system engineering, software engineering, system integration, or distributed system architectures.",,,,,validation,1
,,,human-task-exposure-v2.0,,14692,15-1299.08,Computer Systems Engineers/Architects,15,Develop application-specific software.,,,,,validation,1
,,,human-task-exposure-v2.0,,16170,15-1299.09,Information Technology Project Managers,15,"Develop or update project plans for information technology projects including information such as project objectives, technologies, systems, information specifications, schedules, funding, and staffing.",,,,,train,1
,,,human-task-exposure-v2.0,,16167,15-1299.09,Information Technology Project Managers,15,"Assign duties, responsibilities, and spans of authority to project personnel.",,,,,train,1
,,,human-task-exposure-v2.0,,16158,15-1299.09,Information Technology Project Managers,15,Negotiate with project stakeholders or suppliers to obtain resources or materials.,,,,,train,1
,,,human-task-exposure-v2.0,,3501,15-2011.00,Actuaries,15,"Analyze statistical information to estimate mortality, accident, sickness, disability, and retirement rates.",,,,,train,1
,,,human-task-exposure-v2.0,,3506,15-2011.00,Actuaries,15,"Provide advice to clients on a contract basis, working as a consultant.",,,,,train,1
,,,human-task-exposure-v2.0,,3513,15-2011.00,Actuaries,15,Explain changes in contract provisions to customers.,,,,,train,1
,,,human-task-exposure-v2.0,,7372,15-2021.00,Mathematicians,15,"Assemble sets of assumptions, and explore the consequences of each set.",,,,,train,1
,,,human-task-exposure-v2.0,,7374,15-2021.00,Mathematicians,15,Develop new principles and new relationships between existing mathematical principles to advance mathematical science.,,,,,train,1
,,,human-task-exposure-v2.0,,7375,15-2021.00,Mathematicians,15,"Design, analyze, and decipher encryption systems designed to transmit military, political, financial, or law-enforcement-related information in code.",,,,,train,1
,,,human-task-exposure-v2.0,,23986,15-2031.00,Operations Research Analysts,15,Review research literature.,,,,,validation,1
,,,human-task-exposure-v2.0,,7390,15-2031.00,Operations Research Analysts,15,"Develop business methods and procedures, including accounting systems, file systems, office systems, logistics systems, and production schedules.",,,,,validation,1
,,,human-task-exposure-v2.0,,7379,15-2031.00,Operations Research Analysts,15,Analyze information obtained from management to conceptualize and define operational problems.,,,,,validation,1
,,,human-task-exposure-v2.0,,8967,15-2041.00,Statisticians,15,"Examine theories, such as those of probability and inference, to discover mathematical bases for new or improved methods of obtaining and evaluating numerical data.",,,,,test,1
,,,human-task-exposure-v2.0,,8958,15-2041.00,Statisticians,15,"Evaluate the statistical methods and procedures used to obtain data to ensure validity, applicability, efficiency, and accuracy.",,,,,test,1
,,,human-task-exposure-v2.0,,21101,15-2041.00,Statisticians,15,Prepare and structure data warehouses for storing data.,,,,,test,1
,,,human-task-exposure-v2.0,,16249,15-2041.01,Biostatisticians,15,Write program code to analyze data with statistical analysis software.,,,,,train,1
,,,human-task-exposure-v2.0,,16242,15-2041.01,Biostatisticians,15,Teach graduate or continuing education courses or seminars in biostatistics.,,,,,train,1
,,,human-task-exposure-v2.0,,16250,15-2041.01,Biostatisticians,15,Write detailed analysis plans and descriptions of analyses and findings for research protocols or reports.,,,,,train,1
,,,human-task-exposure-v2.0,,21827,15-2051.00,Data Scientists,15,"Compare models using statistical performance metrics, such as loss functions or proportion of explained variance.",,,,,train,1
,,,human-task-exposure-v2.0,,21828,15-2051.00,Data Scientists,15,"Create graphs, charts, or other visualizations to convey the results of data analysis using specialized software.",,,,,train,1
,,,human-task-exposure-v2.0,,21830,15-2051.00,Data Scientists,15,"Design surveys, opinion polls, or other instruments to collect data.",,,,,train,1
,,,human-task-exposure-v2.0,,16150,15-2051.01,Business Intelligence Analysts,15,"Generate standard or custom reports summarizing business, financial, or economic data for review by executives, managers, clients, and other stakeholders.",,,,,validation,1
,,,human-task-exposure-v2.0,,16136,15-2051.01,Business Intelligence Analysts,15,"Identify or monitor current and potential customers, using business intelligence tools.",,,,,validation,1
,,,human-task-exposure-v2.0,,16146,15-2051.01,Business Intelligence Analysts,15,"Collect business intelligence data from available industry reports, public information, field reports, or purchased sources.",,,,,validation,1
,,,human-task-exposure-v2.0,,16269,15-2051.02,Clinical Data Managers,15,"Evaluate processes and technologies, and suggest revisions to increase productivity and efficiency.",,,,,train,1
,,,human-task-exposure-v2.0,,16283,15-2051.02,Clinical Data Managers,15,Analyze clinical data using appropriate statistical tools.,,,,,train,1
,,,human-task-exposure-v2.0,,16267,15-2051.02,Clinical Data Managers,15,"Provide support and information to functional areas such as marketing, clinical monitoring, and medical affairs.",,,,,train,1
,,,human-task-exposure-v2.0,,17717,15-2099.01,Bioinformatics Technicians,15,Participate in the preparation of reports or scientific publications.,,,,,validation,1
,,,human-task-exposure-v2.0,,17711,15-2099.01,Bioinformatics Technicians,15,Create data management or error-checking procedures and user manuals.,,,,,validation,1
,,,human-task-exposure-v2.0,,17707,15-2099.01,Bioinformatics Technicians,15,"Enter or retrieve information from structural databases, protein sequence motif databases, mutation databases, genomic databases or gene expression databases.",,,,,validation,1
,,,human-task-exposure-v2.0,,19595,17-1011.00,"Architects, Except Landscape and Naval",17,"Perform predesign services, such as feasibility or environmental impact studies.",,,,,train,1
,,,human-task-exposure-v2.0,,19590,17-1011.00,"Architects, Except Landscape and Naval",17,Calculate potential energy savings by comparing estimated energy consumption of proposed design to baseline standards.,,,,,train,1
,,,human-task-exposure-v2.0,,20479,17-1011.00,"Architects, Except Landscape and Naval",17,"Prepare scale drawings or architectural designs, using computer-aided design or other tools.",,,,,train,1
,,,human-task-exposure-v2.0,,20380,17-1012.00,Landscape Architects,17,"Collaborate with estimators to cost projects, create project plans, or coordinate bids from landscaping contractors.",,,,,train,1
,,,human-task-exposure-v2.0,,20379,17-1012.00,Landscape Architects,17,Develop planting plans to help clients garden productively or to achieve particular aesthetic effects.,,,,,train,1
,,,human-task-exposure-v2.0,,18470,17-1012.00,Landscape Architects,17,Prepare graphic representations or drawings of proposed plans or designs.,,,,,train,1
,,,human-task-exposure-v2.0,,3542,17-1022.00,Surveyors,17,Analyze survey objectives and specifications to prepare survey proposals or to direct others in survey proposal preparation.,,,,,train,1
,,,human-task-exposure-v2.0,,3535,17-1022.00,Surveyors,17,"Plan and conduct ground surveys designed to establish baselines, elevations, and other geodetic measurements.",,,,,train,1
,,,human-task-exposure-v2.0,,3545,17-1022.00,Surveyors,17,Develop criteria for the design and modification of survey instruments.,,,,,train,1
,,,human-task-exposure-v2.0,,16291,17-1022.01,Geodetic Surveyors,17,"Read current literature, talk with colleagues, continue education, or participate in professional organizations or conferences to keep abreast of developments in technology, equipment, or systems.",,,,,validation,1
,,,human-task-exposure-v2.0,,16292,17-1022.01,Geodetic Surveyors,17,Verify the mathematical correctness of newly collected survey data.,,,,,validation,1
,,,human-task-exposure-v2.0,,16289,17-1022.01,Geodetic Surveyors,17,"Plan or direct the work of geodetic surveying staff, providing technical consultation as needed.",,,,,validation,1
,,,human-task-exposure-v2.0,,1339,17-2011.00,Aerospace Engineers,17,"Formulate mathematical models or other methods of computer analysis to develop, evaluate, or modify design, according to customer engineering requirements.",,,,,train,1
,,,human-task-exposure-v2.0,,1345,17-2011.00,Aerospace Engineers,17,Plan or coordinate investigation and resolution of customers' reports of technical problems with aircraft or aerospace vehicles.,,,,,train,1
,,,human-task-exposure-v2.0,,20728,17-2011.00,Aerospace Engineers,17,Direct aerospace research and development programs.,,,,,train,1
,,,human-task-exposure-v2.0,,8970,17-2031.00,Bioengineers and Biomedical Engineers,17,"Advise hospital administrators on the planning, acquisition, and use of medical equipment.",,,,,train,1
,,,human-task-exposure-v2.0,,21844,17-2031.00,Bioengineers and Biomedical Engineers,17,Consult with chemists or biologists to develop or evaluate novel technologies.,,,,,train,1
,,,human-task-exposure-v2.0,,21848,17-2031.00,Bioengineers and Biomedical Engineers,17,Design or direct bench or pilot production experiments to determine the scale of production methods that optimize product yield and minimize production costs.,,,,,train,1
,,,human-task-exposure-v2.0,,20490,17-2051.00,Civil Engineers,17,"Manage and direct the construction, operations, or maintenance activities at project site.",,,,,train,1
,,,human-task-exposure-v2.0,,20489,17-2051.00,Civil Engineers,17,"Provide technical advice to industrial or managerial personnel regarding design, construction, program modifications, or structural repairs.",,,,,train,1
,,,human-task-exposure-v2.0,,19608,17-2051.00,Civil Engineers,17,"Design or engineer systems to efficiently dispose of chemical, biological, or other toxic wastes.",,,,,train,1
,,,human-task-exposure-v2.0,,19613,17-2051.01,Transportation Engineers,17,"Design transportation systems or structures with sustainable materials or products, such as porous pavement or bioretention structures.",,,,,test,1
,,,human-task-exposure-v2.0,,16320,17-2051.01,Transportation Engineers,17,"Check construction plans, design calculations, or cost estimations to ensure completeness, accuracy, or conformity to engineering standards or practices.",,,,,test,1
,,,human-task-exposure-v2.0,,19614,17-2051.01,Transportation Engineers,17,Develop plans to deconstruct damaged or obsolete roadways or other transportation structures in a manner that is environmentally sound or prepares the land for sustainable development.,,,,,test,1
,,,human-task-exposure-v2.0,,16348,17-2051.02,Water/Wastewater Engineers,17,Design sludge treatment plants.,,,,,train,1
,,,human-task-exposure-v2.0,,16333,17-2051.02,Water/Wastewater Engineers,17,"Perform hydrological analyses, using three-dimensional simulation software, to model the movement of water or forecast the dispersion of chemical pollutants in the water supply.",,,,,train,1
,,,human-task-exposure-v2.0,,16332,17-2051.02,Water/Wastewater Engineers,17,"Perform mathematical modeling of underground or surface water resources, such as floodplains, ocean coastlines, streams, rivers, or wetlands.",,,,,train,1
,,,human-task-exposure-v2.0,,7404,17-2061.00,Computer Hardware Engineers,17,Provide training and support to system designers and users.,,,,,train,1
,,,human-task-exposure-v2.0,,7397,17-2061.00,Computer Hardware Engineers,17,Analyze user needs and recommend appropriate hardware.,,,,,train,1
,,,human-task-exposure-v2.0,,7408,17-2061.00,Computer Hardware Engineers,17,"Recommend purchase of equipment to control dust, temperature, and humidity in area of system installation.",,,,,train,1
,,,human-task-exposure-v2.0,,1358,17-2071.00,Electrical Engineers,17,"Prepare technical drawings, specifications of electrical systems, or topographical maps to ensure that installation and operations conform to standards and customer requirements.",,,,,train,1
,,,human-task-exposure-v2.0,,1351,17-2071.00,Electrical Engineers,17,"Perform detailed calculations to compute and establish manufacturing, construction, or installation standards or specifications.",,,,,train,1
,,,human-task-exposure-v2.0,,1365,17-2071.00,Electrical Engineers,17,"Conduct field surveys or study maps, graphs, diagrams, or other data to identify and correct power system problems.",,,,,train,1
,,,human-task-exposure-v2.0,,5339,17-2072.00,"Electronics Engineers, Except Computer",17,"Design electronic components, software, products, or systems for commercial, industrial, medical, military, or scientific applications.",,,,,validation,1
,,,human-task-exposure-v2.0,,20493,17-2072.00,"Electronics Engineers, Except Computer",17,Determine project material or equipment needs.,,,,,validation,1
,,,human-task-exposure-v2.0,,19623,17-2072.00,"Electronics Engineers, Except Computer",17,"Research or develop new green electronics technologies, such as lighting, optical data storage devices, or energy efficient televisions.",,,,,validation,1
,,,human-task-exposure-v2.0,,16366,17-2072.01,Radio Frequency Identification Device Specialists,17,Determine means of integrating radio frequency identification device (RFID) into other applications.,,,,,train,1
,,,human-task-exposure-v2.0,,16370,17-2072.01,Radio Frequency Identification Device Specialists,17,"Integrate tags, readers, or software in radio frequency identification device (RFID) designs.",,,,,train,1
,,,human-task-exposure-v2.0,,16362,17-2072.01,Radio Frequency Identification Device Specialists,17,Perform acceptance testing on newly installed or updated systems.,,,,,train,1
,,,human-task-exposure-v2.0,,1366,17-2081.00,Environmental Engineers,17,"Prepare, review, or update environmental investigation or recommendation reports.",,,,,train,1
,,,human-task-exposure-v2.0,,23987,17-2081.00,Environmental Engineers,17,Attend professional conferences to share information.,,,,,train,1
,,,human-task-exposure-v2.0,,1388,17-2081.00,Environmental Engineers,17,"Assess, sort, characterize, or pack known or unknown materials.",,,,,train,1
,,,human-task-exposure-v2.0,,21863,17-2111.00,"Health and Safety Engineers, Except Mining Safety Engineers and Inspectors",17,"Conduct or coordinate worker training in areas such as safety laws and regulations, hazardous condition monitoring, and use of safety equipment.",,,,,train,1
,,,human-task-exposure-v2.0,,21877,17-2111.00,"Health and Safety Engineers, Except Mining Safety Engineers and Inspectors",17,Develop industry standards of product safety.,,,,,train,1
,,,human-task-exposure-v2.0,,21886,17-2111.00,"Health and Safety Engineers, Except Mining Safety Engineers and Inspectors",17,Install safety devices on machinery or direct device installation.,,,,,train,1
,,,human-task-exposure-v2.0,,1394,17-2112.00,Industrial Engineers,17,Plan and establish sequence of operations to fabricate and assemble parts or products and to promote efficient utilization.,,,,,train,1
,,,human-task-exposure-v2.0,,1408,17-2112.00,Industrial Engineers,17,"Complete production reports, purchase orders, and material, tool, and equipment lists.",,,,,train,1
,,,human-task-exposure-v2.0,,1410,17-2112.00,Industrial Engineers,17,Regulate and alter workflow schedules according to established manufacturing sequences and lead times to expedite production operations.,,,,,train,1
,,,human-task-exposure-v2.0,,16396,17-2112.01,Human Factors Engineers and Ergonomists,17,"Advocate for end users in collaboration with other professionals, including engineers, designers, managers, or customers.",,,,,train,1
,,,human-task-exposure-v2.0,,16376,17-2112.01,Human Factors Engineers and Ergonomists,17,"Investigate theoretical or conceptual issues, such as the human design considerations of lunar landers or habitats.",,,,,train,1
,,,human-task-exposure-v2.0,,16394,17-2112.01,Human Factors Engineers and Ergonomists,17,"Apply modeling or quantitative analysis to forecast events, such as human decisions or behaviors, the structure or processes of organizations, or the attitudes or actions of human groups.",,,,,train,1
,,,human-task-exposure-v2.0,,19647,17-2112.02,Validation Engineers,17,"Validate or characterize sustainable or environmentally friendly products, using electronic testing platforms.",,,,,train,1
,,,human-task-exposure-v2.0,,18139,17-2112.02,Validation Engineers,17,Resolve testing problems by modifying testing methods or revising test objectives and standards.,,,,,train,1
,,,human-task-exposure-v2.0,,21054,17-2112.02,Validation Engineers,17,Devise automated lab validation test stations or other test fixtures or equipment.,,,,,train,1
,,,human-task-exposure-v2.0,,20960,17-2112.03,Manufacturing Engineers,17,"Identify opportunities or implement changes to improve manufacturing processes or products or to reduce costs, using knowledge of fabrication processes, tooling and production equipment, assembly methods, quality control standards, or product design, materials and parts.",,,,,train,1
,,,human-task-exposure-v2.0,,18180,17-2112.03,Manufacturing Engineers,17,Review product designs for manufacturability or completeness.,,,,,train,1
,,,human-task-exposure-v2.0,,19652,17-2112.03,Manufacturing Engineers,17,Redesign packaging for manufactured products to minimize raw material use or waste.,,,,,train,1
,,,human-task-exposure-v2.0,,21903,17-2121.00,Marine Engineers and Naval Architects,17,Coordinate activities with regulatory bodies to ensure repairs and alterations are at minimum cost and consistent with safety.,,,,,train,1
,,,human-task-exposure-v2.0,,21911,17-2121.00,Marine Engineers and Naval Architects,17,"Determine conditions under which tests are to be conducted, as well as sequences and phases of test operations.",,,,,train,1
,,,human-task-exposure-v2.0,,21908,17-2121.00,Marine Engineers and Naval Architects,17,Maintain and coordinate repair of marine machinery and equipment for installation on vessels.,,,,,train,1
,,,human-task-exposure-v2.0,,9014,17-2131.00,Materials Engineers,17,"Plan and implement laboratory operations to develop material and fabrication procedures that meet cost, product specification, and performance standards.",,,,,train,1
,,,human-task-exposure-v2.0,,9015,17-2131.00,Materials Engineers,17,Determine appropriate methods for fabricating and joining materials.,,,,,train,1
,,,human-task-exposure-v2.0,,9012,17-2131.00,Materials Engineers,17,"Modify properties of metal alloys, using thermal and mechanical treatments.",,,,,train,1
,,,human-task-exposure-v2.0,,1411,17-2141.00,Mechanical Engineers,17,"Read and interpret blueprints, technical drawings, schematics, or computer-generated reports.",,,,,validation,1
,,,human-task-exposure-v2.0,,20735,17-2141.00,Mechanical Engineers,17,"Develop or test models of alternate designs or processing methods to assess feasibility, sustainability, operating condition effects, potential new applications, or necessity of modification.",,,,,validation,1
,,,human-task-exposure-v2.0,,19630,17-2141.00,Mechanical Engineers,17,Evaluate mechanical designs or prototypes for energy performance or environmental impact.,,,,,validation,1
,,,human-task-exposure-v2.0,,16408,17-2141.01,Fuel Cell Engineers,17,"Plan or conduct experiments to validate new materials, optimize startup protocols, reduce conditioning time, or examine contaminant tolerance.",,,,,train,1
,,,human-task-exposure-v2.0,,19946,17-2141.01,Fuel Cell Engineers,17,"Plan or implement fuel cell cost reduction or product improvement projects in collaboration with other engineers, suppliers, support personnel, or customers.",,,,,train,1
,,,human-task-exposure-v2.0,,19952,17-2141.01,Fuel Cell Engineers,17,Develop or evaluate systems or methods of hydrogen storage for fuel cell applications.,,,,,train,1
,,,human-task-exposure-v2.0,,16430,17-2141.02,Automotive Engineers,17,Develop or integrate control feature requirements.,,,,,train,1
,,,human-task-exposure-v2.0,,16438,17-2141.02,Automotive Engineers,17,Conduct or direct system-level automotive testing.,,,,,train,1
,,,human-task-exposure-v2.0,,16426,17-2141.02,Automotive Engineers,17,Conduct research studies to develop new concepts in the field of automotive engineering.,,,,,train,1
,,,human-task-exposure-v2.0,,3568,17-2151.00,"Mining and Geological Engineers, Including Mining Safety Engineers",17,"Select or develop mineral location, extraction, and production methods, based on factors such as safety, cost, and deposit characteristics.",,,,,train,1
,,,human-task-exposure-v2.0,,3561,17-2151.00,"Mining and Geological Engineers, Including Mining Safety Engineers",17,"Inspect mining areas for unsafe structures, equipment, and working conditions.",,,,,train,1
,,,human-task-exposure-v2.0,,3575,17-2151.00,"Mining and Geological Engineers, Including Mining Safety Engineers",17,"Lay out, direct, and supervise mine construction operations, such as the construction of shafts and tunnels.",,,,,train,1
,,,human-task-exposure-v2.0,,5381,17-2161.00,Nuclear Engineers,17,Keep abreast of developments and changes in the nuclear field by reading technical journals or by independent study and research.,,,,,train,1
,,,human-task-exposure-v2.0,,19639,17-2161.00,Nuclear Engineers,17,"Conduct environmental studies on topics such as nuclear power generation, nuclear waste disposal, or nuclear weapon deployment.",,,,,train,1
,,,human-task-exposure-v2.0,,19642,17-2161.00,Nuclear Engineers,17,Direct environmental compliance activities associated with nuclear plant operations or maintenance.,,,,,train,1
,,,human-task-exposure-v2.0,,3587,17-2171.00,Petroleum Engineers,17,"Confer with scientific, engineering, and technical personnel to resolve design, research, and testing problems.",,,,,train,1
,,,human-task-exposure-v2.0,,3598,17-2171.00,Petroleum Engineers,17,"Coordinate activities of workers engaged in research, planning, and development.",,,,,train,1
,,,human-task-exposure-v2.0,,3600,17-2171.00,Petroleum Engineers,17,Test machinery and equipment to ensure that it is safe and conforms to performance specifications.,,,,,train,1
,,,human-task-exposure-v2.0,,20857,17-2199.03,"Energy Engineers, Except Wind and Solar",17,"Advise clients or colleagues on topics such as climate control systems, energy modeling, data logging, sustainable design, or energy auditing.",,,,,train,1
,,,human-task-exposure-v2.0,,18166,17-2199.03,"Energy Engineers, Except Wind and Solar",17,Train personnel or clients on topics such as energy management.,,,,,train,1
,,,human-task-exposure-v2.0,,20863,17-2199.03,"Energy Engineers, Except Wind and Solar",17,"Research renewable or alternative energy systems or technologies, such as solar thermal or photovoltaic energy.",,,,,train,1
,,,human-task-exposure-v2.0,,23947,17-2199.05,Mechatronics Engineers,17,Create mechanical models to simulate mechatronic design concepts.,,,,,validation,1
,,,human-task-exposure-v2.0,,16465,17-2199.05,Mechatronics Engineers,17,Provide consultation or training on topics such as mechatronics or automated control.,,,,,validation,1
,,,human-task-exposure-v2.0,,19654,17-2199.05,Mechatronics Engineers,17,"Design self-monitoring mechanical systems, such as gear systems that monitor loading or condition of systems to detect and prevent failures.",,,,,validation,1
,,,human-task-exposure-v2.0,,16505,17-2199.06,Microsystems Engineers,17,"Conduct analyses addressing issues such as failure, reliability, or yield improvement.",,,,,test,1
,,,human-task-exposure-v2.0,,16490,17-2199.06,Microsystems Engineers,17,Communicate operating characteristics or performance experience to other engineers or designers for training or new product development purposes.,,,,,test,1
,,,human-task-exposure-v2.0,,19658,17-2199.06,Microsystems Engineers,17,"Design or develop industrial air quality microsystems, such as carbon dioxide fixing devices.",,,,,test,1
,,,human-task-exposure-v2.0,,18193,17-2199.07,Photonics Engineers,17,Conduct research on new photonics technologies.,,,,,train,1
,,,human-task-exposure-v2.0,,18199,17-2199.07,Photonics Engineers,17,Develop or test photonic prototypes or models.,,,,,train,1
,,,human-task-exposure-v2.0,,19662,17-2199.07,Photonics Engineers,17,Design or develop new crystals for photonics applications.,,,,,train,1
,,,human-task-exposure-v2.0,,16528,17-2199.08,Robotics Engineers,17,"Design software to control robotic systems for applications, such as military defense or manufacturing.",,,,,train,1
,,,human-task-exposure-v2.0,,16511,17-2199.08,Robotics Engineers,17,Provide technical support for robotic systems.,,,,,train,1
,,,human-task-exposure-v2.0,,16518,17-2199.08,Robotics Engineers,17,Plan mobile robot paths and teach path plans to robots.,,,,,train,1
,,,human-task-exposure-v2.0,,19671,17-2199.09,Nanosystems Engineers,17,"Design nano-enabled products with reduced toxicity, increased durability, or improved energy efficiency.",,,,,train,1
,,,human-task-exposure-v2.0,,16535,17-2199.09,Nanosystems Engineers,17,"Provide technical guidance or support to customers on topics such as nanosystem start-up, maintenance, or use.",,,,,train,1
,,,human-task-exposure-v2.0,,16538,17-2199.09,Nanosystems Engineers,17,Prepare nanotechnology-related invention disclosures or patent applications.,,,,,train,1
,,,human-task-exposure-v2.0,,16559,17-2199.10,Wind Energy Engineers,17,"Create or maintain wind farm layouts, schematics, or other visual documentation for wind farms.",,,,,train,1
,,,human-task-exposure-v2.0,,16560,17-2199.10,Wind Energy Engineers,17,"Create models to optimize the layout of wind farm access roads, crane pads, crane paths, collection systems, substations, switchyards, or transmission lines.",,,,,train,1
,,,human-task-exposure-v2.0,,16552,17-2199.10,Wind Energy Engineers,17,"Test wind turbine components, using mechanical or electronic testing equipment.",,,,,train,1
,,,human-task-exposure-v2.0,,16568,17-2199.11,Solar Energy Systems Engineers,17,"Provide technical direction or support to installation teams during installation, start-up, testing, system commissioning, or performance monitoring.",,,,,train,1
,,,human-task-exposure-v2.0,,16570,17-2199.11,Solar Energy Systems Engineers,17,"Develop design specifications and functional requirements for residential, commercial, or industrial solar energy systems or components.",,,,,train,1
,,,human-task-exposure-v2.0,,16563,17-2199.11,Solar Energy Systems Engineers,17,Test or evaluate photovoltaic (PV) cells or modules.,,,,,train,1
,,,human-task-exposure-v2.0,,21925,17-3011.00,Architectural and Civil Drafters,17,"Finish and duplicate drawings and documentation packages according to required mediums and specifications for reproduction, using blueprinting, photography, or other duplicating methods.",,,,,train,1
,,,human-task-exposure-v2.0,,21944,17-3011.00,Architectural and Civil Drafters,17,"Review rough sketches, drawings, specifications, and other engineering data to ensure that they conform to design concepts.",,,,,train,1
,,,human-task-exposure-v2.0,,21941,17-3011.00,Architectural and Civil Drafters,17,"Calculate heat loss and gain of buildings and structures to determine required equipment specifications, following standard procedures.",,,,,train,1
,,,human-task-exposure-v2.0,,21951,17-3012.00,Electrical and Electronics Drafters,17,"Draft detail and assembly drawings of design components, circuitry or printed circuit boards, using computer-assisted equipment or standard drafting techniques and devices.",,,,,train,1
,,,human-task-exposure-v2.0,,21953,17-3012.00,Electrical and Electronics Drafters,17,"Locate files relating to specified design project in database library, load program into computer, and record completed job data.",,,,,train,1
,,,human-task-exposure-v2.0,,21974,17-3012.00,Electrical and Electronics Drafters,17,"Use computer-aided drafting equipment or conventional drafting stations, technical handbooks, tables, calculators, or traditional drafting tools, such as boards, pencils, protractors, or T-squares.",,,,,train,1
,,,human-task-exposure-v2.0,,1447,17-3013.00,Mechanical Drafters,17,"Develop detailed design drawings and specifications for mechanical equipment, dies, tools, and controls, using computer-assisted drafting (CAD) equipment.",,,,,train,1
,,,human-task-exposure-v2.0,,24018,17-3013.00,Mechanical Drafters,17,Create bills of materials.,,,,,train,1
,,,human-task-exposure-v2.0,,1457,17-3013.00,Mechanical Drafters,17,"Draw freehand sketches of designs, trace finished drawings onto designated paper for the reproduction of blueprints, and reproduce working drawings on copy machines.",,,,,train,1
,,,human-task-exposure-v2.0,,1462,17-3022.00,Civil Engineering Technologists and Technicians,17,Draft detailed dimensional drawings and design layouts for projects to ensure conformance to specifications.,,,,,train,1
,,,human-task-exposure-v2.0,,1470,17-3022.00,Civil Engineering Technologists and Technicians,17,Report maintenance problems occurring at project site to supervisor and negotiate changes to resolve system conflicts.,,,,,train,1
,,,human-task-exposure-v2.0,,1469,17-3022.00,Civil Engineering Technologists and Technicians,17,"Develop plans and estimate costs for installation of systems, utilization of facilities, or construction of structures.",,,,,train,1
,,,human-task-exposure-v2.0,,21979,17-3023.00,Electrical and Electronic Engineering Technologists and Technicians,17,"Identify and resolve equipment malfunctions, working with manufacturers or field representatives as necessary to procure replacement parts.",,,,,validation,1
,,,human-task-exposure-v2.0,,21980,17-3023.00,Electrical and Electronic Engineering Technologists and Technicians,17,"Assemble electrical systems or prototypes, using hand tools or measuring instruments.",,,,,validation,1
,,,human-task-exposure-v2.0,,21990,17-3023.00,Electrical and Electronic Engineering Technologists and Technicians,17,"Modify electrical prototypes, parts, assemblies, or systems to correct functional deviations.",,,,,validation,1
,,,human-task-exposure-v2.0,,10893,17-3024.00,Electro-Mechanical and Mechatronics Technologists and Technicians,17,"Read blueprints, schematics, diagrams, or technical orders to determine methods and sequences of assembly.",,,,,train,1
,,,human-task-exposure-v2.0,,10895,17-3024.00,Electro-Mechanical and Mechatronics Technologists and Technicians,17,"Align, fit, or assemble component parts, using hand or power tools, fixtures, templates, or microscopes.",,,,,train,1
,,,human-task-exposure-v2.0,,10899,17-3024.00,Electro-Mechanical and Mechatronics Technologists and Technicians,17,"Operate metalworking machines to fabricate housings, jigs, fittings, or fixtures.",,,,,train,1
,,,human-task-exposure-v2.0,,16589,17-3024.01,Robotics Technicians,17,"Troubleshoot robotic systems, using knowledge of microprocessors, programmable controllers, electronics, circuit analysis, mechanics, sensor or feedback systems, hydraulics, or pneumatics.",,,,,test,1
,,,human-task-exposure-v2.0,,16591,17-3024.01,Robotics Technicians,17,"Test performance of robotic assemblies, using instruments such as oscilloscopes, electronic voltmeters, or bridges.",,,,,test,1
,,,human-task-exposure-v2.0,,16583,17-3024.01,Robotics Technicians,17,Inspect installation sites.,,,,,test,1
,,,human-task-exposure-v2.0,,3649,17-3025.00,Environmental Engineering Technologists and Technicians,17,"Inspect facilities to monitor compliance with regulations governing substances, such as asbestos, lead, or wastewater.",,,,,train,1
,,,human-task-exposure-v2.0,,19691,17-3025.00,Environmental Engineering Technologists and Technicians,17,Prepare and package environmental samples for shipping or testing.,,,,,train,1
,,,human-task-exposure-v2.0,,3650,17-3025.00,Environmental Engineering Technologists and Technicians,17,"Provide technical engineering support in the planning of projects, such as wastewater treatment plants, to ensure compliance with environmental regulations and policies.",,,,,train,1
,,,human-task-exposure-v2.0,,22031,17-3026.00,Industrial Engineering Technologists and Technicians,17,"Develop or implement programs to address problems related to production, materials, safety, or quality.",,,,,train,1
,,,human-task-exposure-v2.0,,22027,17-3026.00,Industrial Engineering Technologists and Technicians,17,"Coordinate equipment purchases, installations, or transfers.",,,,,train,1
,,,human-task-exposure-v2.0,,22036,17-3026.00,Industrial Engineering Technologists and Technicians,17,"Oversee equipment start-up, characterization, qualification, or release.",,,,,train,1
,,,human-task-exposure-v2.0,,22045,17-3026.01,Nanotechnology Engineering Technologists and Technicians,17,"Operate nanotechnology compounding, testing, processing, or production equipment in accordance with appropriate standard operating procedures, good manufacturing practices, hazardous material restrictions, or health and safety requirements.",,,,,train,1
,,,human-task-exposure-v2.0,,22051,17-3026.01,Nanotechnology Engineering Technologists and Technicians,17,"Monitor equipment during operation to ensure adherence to specifications for characteristics such as pressure, temperature, or flow.",,,,,train,1
,,,human-task-exposure-v2.0,,22062,17-3026.01,Nanotechnology Engineering Technologists and Technicians,17,"Perform functional tests of nano-enhanced assemblies, components, or systems, using equipment such as torque gauges or conductivity meters.",,,,,train,1
,,,human-task-exposure-v2.0,,22083,17-3027.00,Mechanical Engineering Technologists and Technicians,17,"Prepare equipment inspection schedules, reliability schedules, work plans, or other records.",,,,,test,1
,,,human-task-exposure-v2.0,,22084,17-3027.00,Mechanical Engineering Technologists and Technicians,17,"Prepare layouts of machinery, tools, plants, or equipment.",,,,,test,1
,,,human-task-exposure-v2.0,,22080,17-3027.00,Mechanical Engineering Technologists and Technicians,17,"Discuss changes in design, method of manufacture and assembly, or drafting techniques and procedures with staff and coordinate corrections.",,,,,test,1
,,,human-task-exposure-v2.0,,16607,17-3027.01,Automotive Engineering Technicians,17,Fabricate new or modify existing prototype components or fixtures.,,,,,validation,1
,,,human-task-exposure-v2.0,,19698,17-3027.01,Automotive Engineering Technicians,17,"Participate in research or testing of computerized automotive applications, such as telemetrics, intelligent transportation systems, artificial intelligence, or automatic control.",,,,,validation,1
,,,human-task-exposure-v2.0,,16600,17-3027.01,Automotive Engineering Technicians,17,"Recommend tests or testing conditions in accordance with designs, customer requirements, or industry standards to ensure test validity.",,,,,validation,1
,,,human-task-exposure-v2.0,,16623,17-3029.01,Non-Destructive Testing Specialists,17,"Select, calibrate, or operate equipment used in the non-destructive testing of products or materials.",,,,,test,1
,,,human-task-exposure-v2.0,,16626,17-3029.01,Non-Destructive Testing Specialists,17,"Interpret the results of all methods of non-destructive testing (NDT), such as acoustic emission, electromagnetic, leak, liquid penetrant, magnetic particle, neutron radiographic, radiographic, thermal or infrared, ultrasonic, vibration analysis, and visual testing.",,,,,test,1
,,,human-task-exposure-v2.0,,16614,17-3029.01,Non-Destructive Testing Specialists,17,"Evaluate material properties, using radio astronomy, voltage and amperage measurement, or rheometric flow measurement.",,,,,test,1
,,,human-task-exposure-v2.0,,20384,17-3029.08,Photonics Technicians,17,Compute or record photonic test data.,,,,,validation,1
,,,human-task-exposure-v2.0,,16721,17-3029.08,Photonics Technicians,17,"Assist engineers in the development of new products, fixtures, tools, or processes.",,,,,validation,1
,,,human-task-exposure-v2.0,,16730,17-3029.08,Photonics Technicians,17,"Build prototype optomechanical devices for use in equipment such as aerial cameras, gun sights, or telescopes.",,,,,validation,1
,,,human-task-exposure-v2.0,,22125,17-3031.00,Surveying and Mapping Technicians,17,"Enter Global Positioning System (GPS) data, legal deeds, field notes, or land survey reports into geographic information system (GIS) workstations so that information can be transformed into graphic land descriptions, such as maps and drawings.",,,,,train,1
,,,human-task-exposure-v2.0,,22130,17-3031.00,Surveying and Mapping Technicians,17,"Search for section corners, property irons, or survey points.",,,,,train,1
,,,human-task-exposure-v2.0,,22127,17-3031.00,Surveying and Mapping Technicians,17,Prepare cost estimates for mapping projects.,,,,,train,1
,,,human-task-exposure-v2.0,,9037,19-1013.00,Soil and Plant Scientists,19,Consult with engineers or other technical personnel working on construction projects about the effects of soil problems and possible solutions to these problems.,,,,,train,1
,,,human-task-exposure-v2.0,,19754,19-1013.00,Soil and Plant Scientists,19,"Study ways to improve agricultural sustainability, such as the use of new methods of composting.",,,,,train,1
,,,human-task-exposure-v2.0,,9031,19-1013.00,Soil and Plant Scientists,19,"Survey undisturbed or disturbed lands for classification, inventory, mapping, environmental impact assessments, environmental protection planning, conservation planning, or reclamation planning.",,,,,train,1
,,,human-task-exposure-v2.0,,12935,19-1021.00,Biochemists and Biophysicists,19,Study the mutations in organisms that lead to cancer or other diseases.,,,,,test,1
,,,human-task-exposure-v2.0,,12941,19-1021.00,Biochemists and Biophysicists,19,Research how characteristics of plants or animals are carried through successive generations.,,,,,test,1
,,,human-task-exposure-v2.0,,12939,19-1021.00,Biochemists and Biophysicists,19,Prepare pharmaceutical compounds for commercial distribution.,,,,,test,1
,,,human-task-exposure-v2.0,,16787,19-1029.01,Bioinformatics Scientists,19,Develop data models and databases.,,,,,train,1
,,,human-task-exposure-v2.0,,16791,19-1029.01,Bioinformatics Scientists,19,"Compile data for use in activities, such as gene expression profiling, genome annotation, or structural bioinformatics.",,,,,train,1
,,,human-task-exposure-v2.0,,16778,19-1029.01,Bioinformatics Scientists,19,"Confer with departments, such as marketing, business development, or operations, to coordinate product development or improvement.",,,,,train,1
,,,human-task-exposure-v2.0,,16798,19-1029.02,Molecular and Cellular Biologists,19,Evaluate new supplies and equipment to ensure operability in specific laboratory settings.,,,,,validation,1
,,,human-task-exposure-v2.0,,16813,19-1029.02,Molecular and Cellular Biologists,19,"Design molecular or cellular laboratory experiments, oversee their execution, and interpret results.",,,,,validation,1
,,,human-task-exposure-v2.0,,16801,19-1029.02,Molecular and Cellular Biologists,19,Confer with vendors to evaluate new equipment or reagents or to discuss the customization of product lines to meet user requirements.,,,,,validation,1
,,,human-task-exposure-v2.0,,16825,19-1029.03,Geneticists,19,Confer with information technology specialists to develop computer applications for genetic data analysis.,,,,,train,1
,,,human-task-exposure-v2.0,,16828,19-1029.03,Geneticists,19,"Supervise or direct the work of other geneticists, biologists, technicians, or biometricians working on genetics research projects.",,,,,train,1
,,,human-task-exposure-v2.0,,16824,19-1029.03,Geneticists,19,Design and maintain genetics computer databases.,,,,,train,1
,,,human-task-exposure-v2.0,,175,19-1029.04,Biologists,19,Collect and analyze biological data about relationships among and between organisms and their environment.,,,,,train,1
,,,human-task-exposure-v2.0,,186,19-1029.04,Biologists,19,Supervise biological technicians and technologists and other scientists.,,,,,train,1
,,,human-task-exposure-v2.0,,191,19-1029.04,Biologists,19,Prepare plans for management of renewable resources.,,,,,train,1
,,,human-task-exposure-v2.0,,22139,19-1031.00,Conservation Scientists,19,Gather information from geographic information systems (GIS) databases or applications to formulate land use recommendations.,,,,,test,1
,,,human-task-exposure-v2.0,,22162,19-1031.00,Conservation Scientists,19,Develop soil maps.,,,,,test,1
,,,human-task-exposure-v2.0,,22155,19-1031.00,Conservation Scientists,19,"Develop water conservation or harvest plans, using weather information systems, irrigation information management systems, or other sources of daily evapotranspiration (ET) data.",,,,,test,1
,,,human-task-exposure-v2.0,,7508,19-1031.02,Range Managers,19,Study forage plants and their growth requirements to determine varieties best suited to particular range.,,,,,train,1
,,,human-task-exposure-v2.0,,7509,19-1031.02,Range Managers,19,Develop methods for protecting range from fire and rodent damage and for controlling poisonous plants.,,,,,train,1
,,,human-task-exposure-v2.0,,24019,19-1031.02,Range Managers,19,Apply herbicide to eliminate harmful plants.,,,,,train,1
,,,human-task-exposure-v2.0,,3696,19-1031.03,Park Naturalists,19,Research stories regarding the area's natural history or environment.,,,,,train,1
,,,human-task-exposure-v2.0,,20867,19-1031.03,Park Naturalists,19,Develop environmental educational programs and curricula for schools.,,,,,train,1
,,,human-task-exposure-v2.0,,3697,19-1031.03,Park Naturalists,19,Interview specialists in desired fields to obtain and develop data for park information programs.,,,,,train,1
,,,human-task-exposure-v2.0,,198,19-1032.00,Foresters,19,"Choose and prepare sites for new trees, using controlled burning, bulldozers, or herbicides to clear weeds, brush, and logging debris.",,,,,train,1
,,,human-task-exposure-v2.0,,214,19-1032.00,Foresters,19,"Plan and direct construction and maintenance of recreation facilities, fire towers, trails, roads and bridges, ensuring that they comply with guidelines and regulations set for forested public lands.",,,,,train,1
,,,human-task-exposure-v2.0,,218,19-1032.00,Foresters,19,Develop new techniques for wood or residue use.,,,,,train,1
,,,human-task-exposure-v2.0,,7514,19-1042.00,"Medical Scientists, Except Epidemiologists",19,Follow strict safety procedures when handling toxic materials to avoid contamination.,,,,,train,1
,,,human-task-exposure-v2.0,,20201,19-1042.00,"Medical Scientists, Except Epidemiologists",19,Write and publish articles in scientific journals.,,,,,train,1
,,,human-task-exposure-v2.0,,7518,19-1042.00,"Medical Scientists, Except Epidemiologists",19,"Standardize drug dosages, methods of immunization, and procedures for manufacture of drugs and medicinal compounds.",,,,,train,1
,,,human-task-exposure-v2.0,,10911,19-2012.00,Physicists,19,"Develop theories and laws on the basis of observation and experiments, and apply these theories and laws to problems in areas such as nuclear energy, optics, and aerospace technology.",,,,,train,1
,,,human-task-exposure-v2.0,,24021,19-2012.00,Physicists,19,Perform peer reviews of scientific papers.,,,,,train,1
,,,human-task-exposure-v2.0,,10913,19-2012.00,Physicists,19,"Develop manufacturing, assembly, and fabrication processes of lasers, masers, infrared, and other light-emitting and light-sensitive devices.",,,,,train,1
,,,human-task-exposure-v2.0,,9068,19-2021.00,Atmospheric and Space Scientists,19,"Broadcast weather conditions, forecasts, or severe weather warnings to the public via television, radio, or the Internet or provide this information to the news media.",,,,,train,1
,,,human-task-exposure-v2.0,,20206,19-2021.00,Atmospheric and Space Scientists,19,"Prepare weather reports or maps for analysis, distribution, or use in weather broadcasts, using computer graphics.",,,,,train,1
,,,human-task-exposure-v2.0,,19758,19-2021.00,Atmospheric and Space Scientists,19,Estimate or predict the effects of global warming over time for specific geographic regions.,,,,,train,1
,,,human-task-exposure-v2.0,,18475,19-2031.00,Chemists,19,Conduct quality control tests.,,,,,test,1
,,,human-task-exposure-v2.0,,1511,19-2031.00,Chemists,19,"Write technical papers or reports or prepare standards and specifications for processes, facilities, products, or tests.",,,,,test,1
,,,human-task-exposure-v2.0,,1513,19-2031.00,Chemists,19,"Prepare test solutions, compounds, or reagents for laboratory personnel to conduct tests.",,,,,test,1
,,,human-task-exposure-v2.0,,1517,19-2041.00,"Environmental Scientists and Specialists, Including Health",19,"Review and implement environmental technical standards, guidelines, policies, and formal regulations that meet all appropriate requirements.",,,,,train,1
,,,human-task-exposure-v2.0,,15222,19-2041.00,"Environmental Scientists and Specialists, Including Health",19,"Supervise or train students, environmental technologists, technicians, or other related staff.",,,,,train,1
,,,human-task-exposure-v2.0,,15223,19-2041.00,"Environmental Scientists and Specialists, Including Health",19,"Conduct applied research on environmental topics, such as waste control or treatment or pollution abatement methods.",,,,,train,1
,,,human-task-exposure-v2.0,,16846,19-2041.01,Climate Change Policy Analysts,19,"Gather and review climate-related studies from government agencies, research laboratories, and other organizations.",,,,,train,1
,,,human-task-exposure-v2.0,,16851,19-2041.01,Climate Change Policy Analysts,19,"Make legislative recommendations related to climate change or environmental management, based on climate change policies, principles, programs, practices, and processes.",,,,,train,1
,,,human-task-exposure-v2.0,,16847,19-2041.01,Climate Change Policy Analysts,19,"Develop, or contribute to the development of, educational or outreach programs on the environment or climate change.",,,,,train,1
,,,human-task-exposure-v2.0,,16868,19-2041.02,Environmental Restoration Planners,19,"Create environmental models or simulations, using geographic information system (GIS) data and knowledge of particular ecosystems or ecological regions.",,,,,test,1
,,,human-task-exposure-v2.0,,16865,19-2041.02,Environmental Restoration Planners,19,"Plan environmental restoration projects, using biological databases, environmental strategies, and planning software.",,,,,test,1
,,,human-task-exposure-v2.0,,16873,19-2041.02,Environmental Restoration Planners,19,"Develop natural resource management plans, using knowledge of environmental planning or state and federal environmental regulatory requirements.",,,,,test,1
,,,human-task-exposure-v2.0,,19974,19-2041.03,Industrial Ecologists,19,Identify sustainable alternatives to industrial or waste-management practices.,,,,,test,1
,,,human-task-exposure-v2.0,,19978,19-2041.03,Industrial Ecologists,19,"Prepare technical and research reports, such as environmental impact reports, and communicate the results to individuals in industry, government, or the general public.",,,,,test,1
,,,human-task-exposure-v2.0,,16879,19-2041.03,Industrial Ecologists,19,Investigate accidents affecting the environment to assess ecological impact.,,,,,test,1
,,,human-task-exposure-v2.0,,3707,19-2042.00,"Geoscientists, Except Hydrologists and Geographers",19,"Assess ground or surface water movement to provide advice on issues, such as waste management, route and site selection, or the restoration of contaminated sites.",,,,,train,1
,,,human-task-exposure-v2.0,,3706,19-2042.00,"Geoscientists, Except Hydrologists and Geographers",19,"Locate and estimate probable natural gas, oil, or mineral ore deposits or underground water resources, using aerial photographs, charts, or research or survey results.",,,,,train,1
,,,human-task-exposure-v2.0,,19760,19-2042.00,"Geoscientists, Except Hydrologists and Geographers",19,Collaborate with medical or health researchers to address health problems related to geological materials or processes.,,,,,train,1
,,,human-task-exposure-v2.0,,9115,19-2043.00,Hydrologists,19,"Study and analyze the physical aspects of the earth in terms of hydrological components, including atmosphere, hydrosphere, and interior structure.",,,,,train,1
,,,human-task-exposure-v2.0,,9123,19-2043.00,Hydrologists,19,"Investigate properties, origins, and activities of glaciers, ice, snow, and permafrost.",,,,,train,1
,,,human-task-exposure-v2.0,,9117,19-2043.00,Hydrologists,19,"Design civil works associated with hydrographic activities and supervise their construction, installation, and maintenance.",,,,,train,1
,,,human-task-exposure-v2.0,,18256,19-2099.01,Remote Sensing Scientists and Technologists,19,"Analyze data acquired from aircraft, satellites, or ground-based platforms, using statistical analysis software, image analysis software, or Geographic Information Systems (GIS).",,,,,validation,1
,,,human-task-exposure-v2.0,,18262,19-2099.01,Remote Sensing Scientists and Technologists,19,"Design or implement strategies for collection, analysis, or display of geographic data.",,,,,validation,1
,,,human-task-exposure-v2.0,,18260,19-2099.01,Remote Sensing Scientists and Technologists,19,Organize and maintain geospatial data and associated documentation.,,,,,validation,1
,,,human-task-exposure-v2.0,,16908,19-3011.01,Environmental Economists,19,"Develop environmental research project plans, including information on budgets, goals, deliverables, timelines, and resource requirements.",,,,,train,1
,,,human-task-exposure-v2.0,,19985,19-3011.01,Environmental Economists,19,"Assess the costs and benefits of various activities, policies, or regulations that affect the environment or natural resource stocks.",,,,,train,1
,,,human-task-exposure-v2.0,,16900,19-3011.01,Environmental Economists,19,Identify and recommend environmentally friendly business practices.,,,,,train,1
,,,human-task-exposure-v2.0,,7573,19-3032.00,Industrial-Organizational Psychologists,19,Counsel workers about job and career-related issues.,,,,,train,1
,,,human-task-exposure-v2.0,,7566,19-3032.00,Industrial-Organizational Psychologists,19,"Conduct research studies of physical work environments, organizational structures, communication systems, group interactions, morale, or motivation to assess organizational functioning.",,,,,train,1
,,,human-task-exposure-v2.0,,7574,19-3032.00,Industrial-Organizational Psychologists,19,"Study consumers' reactions to new products and package designs, and to advertising efforts, using surveys and tests.",,,,,train,1
,,,human-task-exposure-v2.0,,22165,19-3033.00,Clinical and Counseling Psychologists,19,"Document patient information including session notes, progress notes, recommendations, and treatment plans.",,,,,validation,1
,,,human-task-exposure-v2.0,,22182,19-3033.00,Clinical and Counseling Psychologists,19,"Provide consulting services, including educational programs, outreach programs, or prevention talks to schools, social service agencies, businesses, or the general public.",,,,,validation,1
,,,human-task-exposure-v2.0,,22189,19-3033.00,Clinical and Counseling Psychologists,19,"Plan, supervise, and conduct psychological research and write papers describing research results.",,,,,validation,1
,,,human-task-exposure-v2.0,,5459,19-3034.00,School Psychologists,19,"Refer students and their families to appropriate community agencies for medical, vocational, or social services.",,,,,train,1
,,,human-task-exposure-v2.0,,5447,19-3034.00,School Psychologists,19,"Report any pertinent information to the proper authorities in cases of child endangerment, neglect, or abuse.",,,,,train,1
,,,human-task-exposure-v2.0,,5446,19-3034.00,School Psychologists,19,"Compile and interpret students' test results, along with information from teachers and parents, to diagnose conditions and to help assess eligibility for special services.",,,,,train,1
,,,human-task-exposure-v2.0,,22203,19-3039.02,Neuropsychologists,19,"Participate in educational programs, in-service training, or workshops to remain current in methods and techniques.",,,,,train,1
,,,human-task-exposure-v2.0,,22201,19-3039.02,Neuropsychologists,19,Establish neurobehavioral baseline measures for monitoring progressive cerebral disease or recovery.,,,,,train,1
,,,human-task-exposure-v2.0,,22200,19-3039.02,Neuropsychologists,19,"Educate and supervise practicum students, psychology interns, or hospital staff.",,,,,train,1
,,,human-task-exposure-v2.0,,22217,19-3039.03,Clinical Neuropsychologists,19,Establish neurobehavioral baseline measures for monitoring progressive cerebral disease or recovery.,,,,,train,1
,,,human-task-exposure-v2.0,,22224,19-3039.03,Clinical Neuropsychologists,19,"Write or prepare detailed clinical neuropsychological reports, using data from psychological or neuropsychological tests, self-report measures, rating scales, direct observations, or interviews.",,,,,train,1
,,,human-task-exposure-v2.0,,22207,19-3039.03,Clinical Neuropsychologists,19,"Compare patients' progress before and after pharmacologic, surgical, or behavioral interventions.",,,,,train,1
,,,human-task-exposure-v2.0,,230,19-3051.00,Urban and Regional Planners,19,Mediate community disputes or assist in developing alternative plans or recommendations for programs or projects.,,,,,train,1
,,,human-task-exposure-v2.0,,20523,19-3051.00,Urban and Regional Planners,19,Determine the effects of regulatory limitations on land use projects.,,,,,train,1
,,,human-task-exposure-v2.0,,22226,19-3051.00,Urban and Regional Planners,19,"Prepare reports, using statistics, charts, and graphs, to illustrate planning studies in areas such as population, land use, or zoning.",,,,,train,1
,,,human-task-exposure-v2.0,,22250,19-3091.00,Anthropologists and Archeologists,19,"Collaborate with economic development planners to decide on the implementation of proposed development policies, plans, and programs based on culturally institutionalized barriers and facilitating circumstances.",,,,,train,1
,,,human-task-exposure-v2.0,,22234,19-3091.00,Anthropologists and Archeologists,19,Write about and present research findings for a variety of specialized and general audiences.,,,,,train,1
,,,human-task-exposure-v2.0,,22251,19-3091.00,Anthropologists and Archeologists,19,"Clean, restore, and preserve artifacts.",,,,,train,1
,,,human-task-exposure-v2.0,,3717,19-3093.00,Historians,19,"Organize data, and analyze and interpret its authenticity and relative significance.",,,,,train,1
,,,human-task-exposure-v2.0,,3728,19-3093.00,Historians,19,"Organize information for publication and for other means of dissemination, such as via storage media or the Internet.",,,,,train,1
,,,human-task-exposure-v2.0,,3721,19-3093.00,Historians,19,"Teach and conduct research in colleges, universities, museums, and other research agencies and schools.",,,,,train,1
,,,human-task-exposure-v2.0,,16944,19-3099.01,Transportation Planners,19,"Produce environmental documents, such as environmental assessments or environmental impact statements.",,,,,validation,1
,,,human-task-exposure-v2.0,,16953,19-3099.01,Transportation Planners,19,Define regional or local transportation planning problems or priorities.,,,,,validation,1
,,,human-task-exposure-v2.0,,16935,19-3099.01,Transportation Planners,19,Represent jurisdictions in the legislative or administrative approval of land development projects.,,,,,validation,1
,,,human-task-exposure-v2.0,,5542,19-4012.00,Agricultural Technicians,19,"Perform crop production duties, such as tilling, hoeing, pruning, weeding, or harvesting crops.",,,,,train,1
,,,human-task-exposure-v2.0,,5528,19-4012.00,Agricultural Technicians,19,"Record data pertaining to experimentation, research, or animal care.",,,,,train,1
,,,human-task-exposure-v2.0,,20535,19-4012.00,Agricultural Technicians,19,Perform tests on seeds to evaluate seed viability.,,,,,train,1
,,,human-task-exposure-v2.0,,19803,19-4012.01,Precision Agriculture Technicians,19,Provide advice on the development or application of better boom-spray technology to limit the overapplication of chemicals and to reduce the migration of chemicals beyond the fields being treated.,,,,,train,1
,,,human-task-exposure-v2.0,,18288,19-4012.01,Precision Agriculture Technicians,19,"Recommend best crop varieties or seeding rates for specific field areas, based on analysis of geospatial data.",,,,,train,1
,,,human-task-exposure-v2.0,,18293,19-4012.01,Precision Agriculture Technicians,19,"Analyze remote sensing imagery to identify relationships between soil quality, crop canopy densities, light reflectance, and weather history.",,,,,train,1
,,,human-task-exposure-v2.0,,7583,19-4013.00,Food Science Technicians,19,"Examine chemical or biological samples to identify cell structures or to locate bacteria or extraneous material, using a microscope.",,,,,train,1
,,,human-task-exposure-v2.0,,20397,19-4013.00,Food Science Technicians,19,Train newly hired laboratory personnel.,,,,,train,1
,,,human-task-exposure-v2.0,,7584,19-4013.00,Food Science Technicians,19,"Mix, blend, or cultivate ingredients to make reagents or to manufacture food or beverage products.",,,,,train,1
,,,human-task-exposure-v2.0,,20981,19-4021.00,Biological Technicians,19,Input data into databases.,,,,,train,1
,,,human-task-exposure-v2.0,,3740,19-4021.00,Biological Technicians,19,"Use computers, computer-interfaced equipment, robotics or high-technology industrial applications to perform work duties.",,,,,train,1
,,,human-task-exposure-v2.0,,3751,19-4021.00,Biological Technicians,19,"Conduct or supervise operational programs, such as fish hatcheries, greenhouses and livestock production programs.",,,,,train,1
,,,human-task-exposure-v2.0,,20538,19-4031.00,Chemical Technicians,19,Train new employees on topics such as the proper operation of laboratory equipment.,,,,,train,1
,,,human-task-exposure-v2.0,,1539,19-4031.00,Chemical Technicians,19,Provide technical support or assistance to chemists or engineers.,,,,,train,1
,,,human-task-exposure-v2.0,,1547,19-4031.00,Chemical Technicians,19,Develop new chemical engineering processes or production techniques.,,,,,train,1
,,,human-task-exposure-v2.0,,20871,19-4042.00,"Environmental Science and Protection Technicians, Including Health",19,Develop testing procedures.,,,,,train,1
,,,human-task-exposure-v2.0,,19799,19-4042.00,"Environmental Science and Protection Technicians, Including Health",19,Monitor emission control devices to ensure they are operating properly and comply with state and federal regulations.,,,,,train,1
,,,human-task-exposure-v2.0,,1558,19-4042.00,"Environmental Science and Protection Technicians, Including Health",19,Initiate procedures to close down or fine establishments violating environmental or health regulations.,,,,,train,1
,,,human-task-exposure-v2.0,,22271,19-4043.00,"Geological Technicians, Except Hydrologic Technicians",19,"Plot information from aerial photographs, well logs, section descriptions, or other databases.",,,,,validation,1
,,,human-task-exposure-v2.0,,22266,19-4043.00,"Geological Technicians, Except Hydrologic Technicians",19,"Participate in geological, geophysical, geochemical, hydrographic, or oceanographic surveys, prospecting field trips, exploratory drilling, well logging, or underground mine survey programs.",,,,,validation,1
,,,human-task-exposure-v2.0,,22281,19-4043.00,"Geological Technicians, Except Hydrologic Technicians",19,"Evaluate and interpret core samples and cuttings, and other geological data used in prospecting for oil or gas.",,,,,validation,1
,,,human-task-exposure-v2.0,,22313,19-4051.00,Nuclear Technicians,19,Follow policies and procedures for radiation workers to ensure personnel safety.,,,,,train,1
,,,human-task-exposure-v2.0,,22308,19-4051.00,Nuclear Technicians,19,Follow nuclear equipment operational policies and procedures that ensure environmental safety.,,,,,train,1
,,,human-task-exposure-v2.0,,22320,19-4051.00,Nuclear Technicians,19,"Measure the intensity and identify the types of radiation in work areas, equipment, or materials, using radiation detectors or other instruments.",,,,,train,1
,,,human-task-exposure-v2.0,,12955,19-4061.00,Social Science Research Assistants,19,"Perform descriptive and multivariate statistical analyses of data, using computer software.",,,,,test,1
,,,human-task-exposure-v2.0,,12952,19-4061.00,Social Science Research Assistants,19,"Prepare, manipulate, and manage extensive databases.",,,,,test,1
,,,human-task-exposure-v2.0,,12972,19-4061.00,Social Science Research Assistants,19,Track laboratory supplies and expenses such as participant reimbursement.,,,,,test,1
,,,human-task-exposure-v2.0,,5569,19-4071.00,Forest and Conservation Technicians,19,Patrol park or forest areas to protect resources and prevent damage.,,,,,train,1
,,,human-task-exposure-v2.0,,5570,19-4071.00,Forest and Conservation Technicians,19,"Provide information about, and enforce, regulations, such as those concerning environmental protection, resource utilization, fire safety, and accident prevention.",,,,,train,1
,,,human-task-exposure-v2.0,,5574,19-4071.00,Forest and Conservation Technicians,19,Develop and maintain computer databases.,,,,,train,1
,,,human-task-exposure-v2.0,,18482,19-4092.00,Forensic Science Technicians,19,Examine and analyze blood stain patterns at crime scenes.,,,,,train,1
,,,human-task-exposure-v2.0,,1583,19-4092.00,Forensic Science Technicians,19,Analyze gunshot residue and bullet paths to determine how shootings occurred.,,,,,train,1
,,,human-task-exposure-v2.0,,23967,19-4092.00,Forensic Science Technicians,19,"Examine physical evidence, such as hair, biological fluids, fiber, wood, or soil residues to obtain information about its source and composition.",,,,,train,1
,,,human-task-exposure-v2.0,,16967,19-4099.01,Quality Control Analysts,19,Receive and inspect raw materials.,,,,,train,1
,,,human-task-exposure-v2.0,,16980,19-4099.01,Quality Control Analysts,19,"Conduct routine and non-routine analyses of in-process materials, raw materials, environmental samples, finished goods, or stability samples.",,,,,train,1
,,,human-task-exposure-v2.0,,16962,19-4099.01,Quality Control Analysts,19,Develop and qualify new testing methods.,,,,,train,1
,,,human-task-exposure-v2.0,,16996,19-4099.03,Remote Sensing Technicians,19,"Consult with remote sensing scientists, surveyors, cartographers, or engineers to determine project needs.",,,,,train,1
,,,human-task-exposure-v2.0,,16987,19-4099.03,Remote Sensing Technicians,19,"Prepare documentation or presentations, including charts, photos, or graphs.",,,,,train,1
,,,human-task-exposure-v2.0,,16989,19-4099.03,Remote Sensing Technicians,19,"Monitor raw data quality during collection, and make equipment corrections as necessary.",,,,,train,1
,,,human-task-exposure-v2.0,,11068,19-5011.00,Occupational Health and Safety Specialists,19,Collaborate with engineers or physicians to institute control or remedial measures for hazardous or potentially hazardous conditions or equipment.,,,,,train,1
,,,human-task-exposure-v2.0,,11066,19-5011.00,Occupational Health and Safety Specialists,19,"Develop or maintain hygiene programs, such as noise surveys, continuous atmosphere monitoring, ventilation surveys, or asbestos management plans.",,,,,train,1
,,,human-task-exposure-v2.0,,11080,19-5011.00,Occupational Health and Safety Specialists,19,"Prepare hazardous, radioactive, or mixed waste samples for transportation or storage by treating, compacting, packaging, and labeling them.",,,,,train,1
,,,human-task-exposure-v2.0,,19818,19-5012.00,Occupational Health and Safety Technicians,19,"Train workers in safety procedures related to green jobs, such as the use of fall protection devices or maintenance of proper ventilation during wind turbine construction.",,,,,test,1
,,,human-task-exposure-v2.0,,11085,19-5012.00,Occupational Health and Safety Technicians,19,Prepare or calibrate equipment used to collect or analyze samples.,,,,,test,1
,,,human-task-exposure-v2.0,,11095,19-5012.00,Occupational Health and Safety Technicians,19,Conduct interviews to obtain information or evidence regarding communicable diseases or violations of health or sanitation regulations.,,,,,test,1
,,,human-task-exposure-v2.0,,5588,21-1011.00,Substance Abuse and Behavioral Disorder Counselors,21,Intervene as an advocate for clients or patients to resolve emergency problems in crisis situations.,,,,,train,1
,,,human-task-exposure-v2.0,,5601,21-1011.00,Substance Abuse and Behavioral Disorder Counselors,21,Follow progress of discharged patients to determine effectiveness of treatments.,,,,,train,1
,,,human-task-exposure-v2.0,,5584,21-1011.00,Substance Abuse and Behavioral Disorder Counselors,21,"Complete and maintain accurate records or reports regarding the patients' histories and progress, services provided, or other required information.",,,,,train,1
,,,human-task-exposure-v2.0,,5625,21-1012.00,"Educational, Guidance, and Career Counselors and Advisors",21,"Assess needs for assistance, such as rehabilitation, financial aid, or additional vocational training, and refer clients to the appropriate services.",,,,,validation,1
,,,human-task-exposure-v2.0,,18631,21-1012.00,"Educational, Guidance, and Career Counselors and Advisors",21,"Plan and promote career and employment-related programs and events, such as career planning presentations, work experience programs, job fairs, and career workshops.",,,,,validation,1
,,,human-task-exposure-v2.0,,5634,21-1012.00,"Educational, Guidance, and Career Counselors and Advisors",21,"Provide students with disabilities with assistive devices, supportive technology, and assistance accessing facilities, such as restrooms.",,,,,validation,1
,,,human-task-exposure-v2.0,,9187,21-1013.00,Marriage and Family Therapists,21,"Maintain case files that include activities, progress notes, evaluations, and recommendations.",,,,,train,1
,,,human-task-exposure-v2.0,,9198,21-1013.00,Marriage and Family Therapists,21,Provide family counseling and treatment services to inmates participating in substance abuse programs.,,,,,train,1
,,,human-task-exposure-v2.0,,9185,21-1013.00,Marriage and Family Therapists,21,"Counsel clients on concerns, such as unsatisfactory relationships, divorce and separation, child rearing, home management, or financial difficulties.",,,,,train,1
,,,human-task-exposure-v2.0,,1601,21-1014.00,Mental Health Counselors,21,"Meet with families, probation officers, police, or other interested parties to exchange necessary information during the treatment process.",,,,,train,1
,,,human-task-exposure-v2.0,,1602,21-1014.00,Mental Health Counselors,21,"Refer patients, clients, or family members to community resources or to specialists as necessary.",,,,,train,1
,,,human-task-exposure-v2.0,,1612,21-1014.00,Mental Health Counselors,21,Plan or conduct programs to prevent substance abuse or improve community health or counseling services.,,,,,train,1
,,,human-task-exposure-v2.0,,9211,21-1015.00,Rehabilitation Counselors,21,Develop diagnostic procedures to determine clients' needs.,,,,,test,1
,,,human-task-exposure-v2.0,,20234,21-1015.00,Rehabilitation Counselors,21,"Manage budgets and direct case service allocations, authorizing expenditures and payments.",,,,,test,1
,,,human-task-exposure-v2.0,,21178,21-1015.00,Rehabilitation Counselors,21,Supervise rehabilitation counselors and staff.,,,,,test,1
,,,human-task-exposure-v2.0,,239,21-1021.00,"Child, Family, and School Social Workers",21,"Consult with parents, teachers, and other school personnel to determine causes of problems, such as truancy and misbehavior, and to implement solutions.",,,,,validation,1
,,,human-task-exposure-v2.0,,236,21-1021.00,"Child, Family, and School Social Workers",21,"Counsel individuals, groups, families, or communities regarding issues including mental health, poverty, unemployment, substance abuse, physical abuse, rehabilitation, social adjustment, child care, or medical care.",,,,,validation,1
,,,human-task-exposure-v2.0,,254,21-1021.00,"Child, Family, and School Social Workers",21,Determine clients' eligibility for financial assistance.,,,,,validation,1
,,,human-task-exposure-v2.0,,260,21-1022.00,Healthcare Social Workers,21,"Refer patient, client, or family to community resources to assist in recovery from mental or physical illness and to provide access to services such as financial assistance, legal aid, housing, job placement or education.",,,,,train,1
,,,human-task-exposure-v2.0,,261,21-1022.00,Healthcare Social Workers,21,"Counsel clients and patients in individual and group sessions to help them overcome dependencies, recover from illness, and adjust to life.",,,,,train,1
,,,human-task-exposure-v2.0,,270,21-1022.00,Healthcare Social Workers,21,Oversee Medicaid- and Medicare-related paperwork and recordkeeping in hospitals.,,,,,train,1
,,,human-task-exposure-v2.0,,18487,21-1023.00,Mental Health and Substance Abuse Social Workers,21,"Interview clients, review records, conduct assessments, or confer with other professionals to evaluate the mental or physical condition of clients or patients.",,,,,train,1
,,,human-task-exposure-v2.0,,279,21-1023.00,Mental Health and Substance Abuse Social Workers,21,Modify treatment plans according to changes in client status.,,,,,train,1
,,,human-task-exposure-v2.0,,282,21-1023.00,Mental Health and Substance Abuse Social Workers,21,Develop or advise on social policy or assist in community development.,,,,,train,1
,,,human-task-exposure-v2.0,,9224,21-1091.00,Health Education Specialists,21,Design and conduct evaluations and diagnostic studies to assess the quality and performance of health education programs.,,,,,train,1
,,,human-task-exposure-v2.0,,9220,21-1091.00,Health Education Specialists,21,Develop operational plans and policies necessary to achieve health education objectives and services.,,,,,train,1
,,,human-task-exposure-v2.0,,20235,21-1091.00,Health Education Specialists,21,"Develop educational materials and programs for community agencies, local government, and state government.",,,,,train,1
,,,human-task-exposure-v2.0,,1633,21-1092.00,Probation Officers and Correctional Treatment Specialists,21,"Develop and prepare packets containing information about social service agencies, assistance organizations, and programs that might be useful for inmates or offenders.",,,,,train,1
,,,human-task-exposure-v2.0,,1624,21-1092.00,Probation Officers and Correctional Treatment Specialists,21,Recommend remedial action or initiate court action in response to noncompliance with terms of probation or parole.,,,,,train,1
,,,human-task-exposure-v2.0,,1632,21-1092.00,Probation Officers and Correctional Treatment Specialists,21,Identify and approve work placements for offenders with community service sentences.,,,,,train,1
,,,human-task-exposure-v2.0,,21179,21-1093.00,Social and Human Service Assistants,21,Assess clients' cognitive abilities and physical and emotional needs to determine appropriate interventions.,,,,,train,1
,,,human-task-exposure-v2.0,,3756,21-1093.00,Social and Human Service Assistants,21,"Advise clients regarding food stamps, child care, food, money management, sanitation, or housekeeping.",,,,,train,1
,,,human-task-exposure-v2.0,,3765,21-1093.00,Social and Human Service Assistants,21,Consult with supervisor concerning programs for individual families.,,,,,train,1
,,,human-task-exposure-v2.0,,19027,21-1094.00,Community Health Workers,21,"Distribute flyers, brochures, or other informational or educational documents to inform members of a targeted community.",,,,,test,1
,,,human-task-exposure-v2.0,,19018,21-1094.00,Community Health Workers,21,"Advise clients or community groups on issues related to risk or prevention of conditions, such as lead poisoning, human immunodeficiency virus (HIV), prenatal substance abuse, or domestic violence.",,,,,test,1
,,,human-task-exposure-v2.0,,19033,21-1094.00,Community Health Workers,21,"Perform basic diagnostic procedures, such as blood pressure screening, breast cancer screening, or communicable disease screening.",,,,,test,1
,,,human-task-exposure-v2.0,,20749,21-2011.00,Clergy,21,"Organize or engage in interfaith, community, civic, educational, or recreational activities sponsored by or related to religious programs.",,,,,train,1
,,,human-task-exposure-v2.0,,10950,21-2011.00,Clergy,21,Prepare people for participation in religious ceremonies.,,,,,train,1
,,,human-task-exposure-v2.0,,10943,21-2011.00,Clergy,21,Administer religious rites or ordinances.,,,,,train,1
,,,human-task-exposure-v2.0,,12984,21-2021.00,"Directors, Religious Activities and Education",21,"Confer with clergy members, congregational officials, or congregational organizations to encourage support of or participation in religious education activities.",,,,,train,1
,,,human-task-exposure-v2.0,,12988,21-2021.00,"Directors, Religious Activities and Education",21,"Locate and distribute resources, such as periodicals or curricula, to enhance the effectiveness of educational programs.",,,,,train,1
,,,human-task-exposure-v2.0,,12992,21-2021.00,"Directors, Religious Activities and Education",21,"Interpret religious education activities to the public through speaking, leading discussions, or writing articles for local or national publications.",,,,,train,1
,,,human-task-exposure-v2.0,,20877,23-1011.00,Lawyers,23,"Prepare, draft, and review legal documents, such as wills, deeds, patent applications, mortgages, leases, and contracts.",,,,,train,1
,,,human-task-exposure-v2.0,,3786,23-1011.00,Lawyers,23,Negotiate settlements of civil disputes.,,,,,train,1
,,,human-task-exposure-v2.0,,3782,23-1011.00,Lawyers,23,Present evidence to defend clients or prosecute defendants in criminal or civil litigation.,,,,,train,1
,,,human-task-exposure-v2.0,,19053,23-1012.00,Judicial Law Clerks,23,Review dockets of pending litigation to ensure adequate progress.,,,,,validation,1
,,,human-task-exposure-v2.0,,19047,23-1012.00,Judicial Law Clerks,23,"Draft or proofread judicial opinions, decisions, or citations.",,,,,validation,1
,,,human-task-exposure-v2.0,,19057,23-1012.00,Judicial Law Clerks,23,"Enter information into computerized court calendar, filing, or case management systems.",,,,,validation,1
,,,human-task-exposure-v2.0,,7627,23-1021.00,"Administrative Law Judges, Adjudicators, and Hearing Officers",23,"Determine existence and amount of liability according to current laws, administrative and judicial precedents, and available evidence.",,,,,train,1
,,,human-task-exposure-v2.0,,7622,23-1021.00,"Administrative Law Judges, Adjudicators, and Hearing Officers",23,Explain to claimants how they can appeal rulings that go against them.,,,,,train,1
,,,human-task-exposure-v2.0,,7624,23-1021.00,"Administrative Law Judges, Adjudicators, and Hearing Officers",23,Authorize payment of valid claims and determine method of payment.,,,,,train,1
,,,human-task-exposure-v2.0,,13007,23-1022.00,"Arbitrators, Mediators, and Conciliators",23,Recommend acceptance or rejection of compromise settlement offers.,,,,,test,1
,,,human-task-exposure-v2.0,,12995,23-1022.00,"Arbitrators, Mediators, and Conciliators",23,Set up appointments for parties to meet for mediation.,,,,,test,1
,,,human-task-exposure-v2.0,,12997,23-1022.00,"Arbitrators, Mediators, and Conciliators",23,"Organize or deliver public presentations about mediation to organizations, such as community agencies or schools.",,,,,test,1
,,,human-task-exposure-v2.0,,5655,23-1023.00,"Judges, Magistrate Judges, and Magistrates",23,Settle disputes between opposing attorneys.,,,,,train,1
,,,human-task-exposure-v2.0,,5645,23-1023.00,"Judges, Magistrate Judges, and Magistrates",23,Rule on admissibility of evidence and methods of conducting testimony.,,,,,train,1
,,,human-task-exposure-v2.0,,20057,23-1023.00,"Judges, Magistrate Judges, and Magistrates",23,Provide information regarding the judicial system or other legal issues through the media and public speeches.,,,,,train,1
,,,human-task-exposure-v2.0,,18492,23-2011.00,Paralegals and Legal Assistants,23,Prepare for trial by performing tasks such as organizing exhibits.,,,,,train,1
,,,human-task-exposure-v2.0,,21062,23-2011.00,Paralegals and Legal Assistants,23,"Investigate facts and law of cases and search pertinent sources, such as public records and internet sources, to determine causes of action and to prepare cases.",,,,,train,1
,,,human-task-exposure-v2.0,,1642,23-2011.00,Paralegals and Legal Assistants,23,Appraise and inventory real and personal property for estate planning.,,,,,train,1
,,,human-task-exposure-v2.0,,9242,23-2093.00,"Title Examiners, Abstractors, and Searchers",23,"Summarize pertinent legal or insurance details, or sections of statutes or case law from reference books for use in examinations or as proofs or ready reference.",,,,,train,1
,,,human-task-exposure-v2.0,,9243,23-2093.00,"Title Examiners, Abstractors, and Searchers",23,Retrieve and examine real estate closing files for accuracy and to ensure that information included is recorded and executed according to regulations.,,,,,train,1
,,,human-task-exposure-v2.0,,9245,23-2093.00,"Title Examiners, Abstractors, and Searchers",23,"Determine whether land-related documents can be registered under the relevant legislation, such as the Land Titles Act.",,,,,train,1
,,,human-task-exposure-v2.0,,5671,25-1011.00,"Business Teachers, Postsecondary",25,Advise students on academic and vocational curricula and career issues.,,,,,train,1
,,,human-task-exposure-v2.0,,5678,25-1011.00,"Business Teachers, Postsecondary",25,Compile bibliographies of specialized materials for outside reading assignments.,,,,,train,1
,,,human-task-exposure-v2.0,,5679,25-1011.00,"Business Teachers, Postsecondary",25,"Perform administrative duties, such as serving as department head.",,,,,train,1
,,,human-task-exposure-v2.0,,5694,25-1021.00,"Computer Science Teachers, Postsecondary",25,Maintain regularly scheduled office hours to advise and assist students.,,,,,train,1
,,,human-task-exposure-v2.0,,5692,25-1021.00,"Computer Science Teachers, Postsecondary",25,"Plan, evaluate, and revise curricula, course content, and course materials and methods of instruction.",,,,,train,1
,,,human-task-exposure-v2.0,,5700,25-1021.00,"Computer Science Teachers, Postsecondary",25,Act as advisers to student organizations.,,,,,train,1
,,,human-task-exposure-v2.0,,20060,25-1022.00,"Mathematical Science Teachers, Postsecondary",25,"Keep abreast of developments and technological advances in the mathematical field by reading current literature, talking with colleagues, and participating in professional conferences.",,,,,validation,1
,,,human-task-exposure-v2.0,,5714,25-1022.00,"Mathematical Science Teachers, Postsecondary",25,Maintain regularly scheduled office hours to advise and assist students.,,,,,validation,1
,,,human-task-exposure-v2.0,,21111,25-1022.00,"Mathematical Science Teachers, Postsecondary",25,Conduct faculty performance evaluations.,,,,,validation,1
,,,human-task-exposure-v2.0,,5737,25-1031.00,"Architecture Teachers, Postsecondary",25,"Maintain student attendance records, grades, and other required records.",,,,,train,1
,,,human-task-exposure-v2.0,,5740,25-1031.00,"Architecture Teachers, Postsecondary",25,"Conduct research in a particular field of knowledge and publish findings in professional journals, books, or electronic media.",,,,,train,1
,,,human-task-exposure-v2.0,,5750,25-1031.00,"Architecture Teachers, Postsecondary",25,"Perform administrative duties, such as serving as department head.",,,,,train,1
,,,human-task-exposure-v2.0,,5770,25-1032.00,"Engineering Teachers, Postsecondary",25,"Serve on academic or administrative committees that deal with institutional policies, departmental matters, and academic issues.",,,,,train,1
,,,human-task-exposure-v2.0,,5755,25-1032.00,"Engineering Teachers, Postsecondary",25,"Supervise undergraduate or graduate teaching, internship, and research work.",,,,,train,1
,,,human-task-exposure-v2.0,,5773,25-1032.00,"Engineering Teachers, Postsecondary",25,Compile bibliographies of specialized materials for outside reading assignments.,,,,,train,1
,,,human-task-exposure-v2.0,,5789,25-1041.00,"Agricultural Sciences Teachers, Postsecondary",25,Collaborate with colleagues to address teaching and research issues.,,,,,test,1
,,,human-task-exposure-v2.0,,5781,25-1041.00,"Agricultural Sciences Teachers, Postsecondary",25,"Conduct research in a particular field of knowledge and publish findings in professional journals, books, or electronic media.",,,,,test,1
,,,human-task-exposure-v2.0,,5797,25-1041.00,"Agricultural Sciences Teachers, Postsecondary",25,"Perform administrative duties, such as serving as department head.",,,,,test,1
,,,human-task-exposure-v2.0,,20064,25-1042.00,"Biological Science Teachers, Postsecondary",25,Review papers for publication in journals.,,,,,train,1
,,,human-task-exposure-v2.0,,5810,25-1042.00,"Biological Science Teachers, Postsecondary",25,"Supervise undergraduate or graduate teaching, internship, and research work.",,,,,train,1
,,,human-task-exposure-v2.0,,5818,25-1042.00,"Biological Science Teachers, Postsecondary",25,Act as advisers to student organizations.,,,,,train,1
,,,human-task-exposure-v2.0,,5836,25-1043.00,"Forestry and Conservation Science Teachers, Postsecondary",25,Maintain regularly scheduled office hours to advise and assist students.,,,,,validation,1
,,,human-task-exposure-v2.0,,5830,25-1043.00,"Forestry and Conservation Science Teachers, Postsecondary",25,"Compile, administer, and grade examinations, or assign this work to others.",,,,,validation,1
,,,human-task-exposure-v2.0,,5840,25-1043.00,"Forestry and Conservation Science Teachers, Postsecondary",25,Provide professional consulting services to government or industry.,,,,,validation,1
,,,human-task-exposure-v2.0,,5863,25-1051.00,"Atmospheric, Earth, Marine, and Space Sciences Teachers, Postsecondary",25,"Serve on academic or administrative committees that deal with institutional policies, departmental matters, and academic issues.",,,,,train,1
,,,human-task-exposure-v2.0,,5859,25-1051.00,"Atmospheric, Earth, Marine, and Space Sciences Teachers, Postsecondary",25,"Maintain student attendance records, grades, and other required records.",,,,,train,1
,,,human-task-exposure-v2.0,,5846,25-1051.00,"Atmospheric, Earth, Marine, and Space Sciences Teachers, Postsecondary",25,Write grant proposals to procure external research funding.,,,,,train,1
,,,human-task-exposure-v2.0,,21115,25-1052.00,"Chemistry Teachers, Postsecondary",25,Clean laboratory facilities.,,,,,train,1
,,,human-task-exposure-v2.0,,5874,25-1052.00,"Chemistry Teachers, Postsecondary",25,Maintain regularly scheduled office hours to advise and assist students.,,,,,train,1
,,,human-task-exposure-v2.0,,5891,25-1052.00,"Chemistry Teachers, Postsecondary",25,Provide professional consulting services to government or industry.,,,,,train,1
,,,human-task-exposure-v2.0,,5895,25-1053.00,"Environmental Science Teachers, Postsecondary",25,"Evaluate and grade students' class work, laboratory work, assignments, and papers.",,,,,train,1
,,,human-task-exposure-v2.0,,5906,25-1053.00,"Environmental Science Teachers, Postsecondary",25,Maintain regularly scheduled office hours to advise and assist students.,,,,,train,1
,,,human-task-exposure-v2.0,,5913,25-1053.00,"Environmental Science Teachers, Postsecondary",25,Participate in campus and community events.,,,,,train,1
,,,human-task-exposure-v2.0,,20075,25-1054.00,"Physics Teachers, Postsecondary",25,Maintain and repair laboratory equipment.,,,,,train,1
,,,human-task-exposure-v2.0,,5924,25-1054.00,"Physics Teachers, Postsecondary",25,"Plan, evaluate, and revise curricula, course content, course materials, and methods of instruction.",,,,,train,1
,,,human-task-exposure-v2.0,,5935,25-1054.00,"Physics Teachers, Postsecondary",25,Provide professional consulting services to government or industry.,,,,,train,1
,,,human-task-exposure-v2.0,,5950,25-1061.00,"Anthropology and Archeology Teachers, Postsecondary",25,"Maintain student attendance records, grades, and other required records.",,,,,train,1
,,,human-task-exposure-v2.0,,5940,25-1061.00,"Anthropology and Archeology Teachers, Postsecondary",25,"Prepare and deliver lectures to undergraduate or graduate students on topics such as research methods, urban anthropology, and language and culture.",,,,,train,1
,,,human-task-exposure-v2.0,,5959,25-1061.00,"Anthropology and Archeology Teachers, Postsecondary",25,Provide professional consulting services to government or industry.,,,,,train,1
,,,human-task-exposure-v2.0,,5976,25-1062.00,"Area, Ethnic, and Cultural Studies Teachers, Postsecondary",25,Compile bibliographies of specialized materials for outside reading assignments.,,,,,train,1
,,,human-task-exposure-v2.0,,5974,25-1062.00,"Area, Ethnic, and Cultural Studies Teachers, Postsecondary",25,"Select and obtain materials and supplies, such as textbooks.",,,,,train,1
,,,human-task-exposure-v2.0,,5983,25-1062.00,"Area, Ethnic, and Cultural Studies Teachers, Postsecondary",25,Provide professional consulting services to government or industry.,,,,,train,1
,,,human-task-exposure-v2.0,,5993,25-1063.00,"Economics Teachers, Postsecondary",25,"Plan, evaluate, and revise curricula, course content, course materials, and methods of instruction.",,,,,train,1
,,,human-task-exposure-v2.0,,5996,25-1063.00,"Economics Teachers, Postsecondary",25,Advise students on academic and vocational curricula and on career issues.,,,,,train,1
,,,human-task-exposure-v2.0,,6003,25-1063.00,"Economics Teachers, Postsecondary",25,Participate in campus and community events.,,,,,train,1
,,,human-task-exposure-v2.0,,6014,25-1064.00,"Geography Teachers, Postsecondary",25,"Plan, evaluate, and revise curricula, course content, course materials, and methods of instruction.",,,,,train,1
,,,human-task-exposure-v2.0,,6010,25-1064.00,"Geography Teachers, Postsecondary",25,"Maintain student attendance records, grades, and other required records.",,,,,train,1
,,,human-task-exposure-v2.0,,6023,25-1064.00,"Geography Teachers, Postsecondary",25,Participate in campus and community events.,,,,,train,1
,,,human-task-exposure-v2.0,,6036,25-1065.00,"Political Science Teachers, Postsecondary",25,"Keep abreast of developments in the field by reading current literature, talking with colleagues, and participating in professional conferences.",,,,,validation,1
,,,human-task-exposure-v2.0,,6039,25-1065.00,"Political Science Teachers, Postsecondary",25,Maintain regularly scheduled office hours to advise and assist students.,,,,,validation,1
,,,human-task-exposure-v2.0,,6051,25-1065.00,"Political Science Teachers, Postsecondary",25,Write grant proposals to procure external research funding.,,,,,validation,1
,,,human-task-exposure-v2.0,,6073,25-1066.00,"Psychology Teachers, Postsecondary",25,Write grant proposals to procure external research funding.,,,,,train,1
,,,human-task-exposure-v2.0,,6054,25-1066.00,"Psychology Teachers, Postsecondary",25,"Evaluate and grade students' class work, laboratory work, assignments, and papers.",,,,,train,1
,,,human-task-exposure-v2.0,,6075,25-1066.00,"Psychology Teachers, Postsecondary",25,Provide professional consulting services to government or industry.,,,,,train,1
,,,human-task-exposure-v2.0,,6082,25-1067.00,"Sociology Teachers, Postsecondary",25,"Maintain student attendance records, grades, and other required records.",,,,,train,1
,,,human-task-exposure-v2.0,,21121,25-1067.00,"Sociology Teachers, Postsecondary",25,Mentor new faculty.,,,,,train,1
,,,human-task-exposure-v2.0,,6098,25-1067.00,"Sociology Teachers, Postsecondary",25,Provide professional consulting services to government or industry.,,,,,train,1
,,,human-task-exposure-v2.0,,6103,25-1071.00,"Health Specialties Teachers, Postsecondary",25,"Prepare course materials, such as syllabi, homework assignments, and handouts.",,,,,test,1
,,,human-task-exposure-v2.0,,6100,25-1071.00,"Health Specialties Teachers, Postsecondary",25,"Keep abreast of developments in the field by reading current literature, talking with colleagues, and participating in professional conferences.",,,,,test,1
,,,human-task-exposure-v2.0,,6104,25-1071.00,"Health Specialties Teachers, Postsecondary",25,"Prepare and deliver lectures to undergraduate or graduate students on topics such as public health, stress management, and work site health promotion.",,,,,test,1
,,,human-task-exposure-v2.0,,6145,25-1072.00,"Nursing Instructors and Teachers, Postsecondary",25,Demonstrate patient care in clinical units of hospitals.,,,,,train,1
,,,human-task-exposure-v2.0,,6122,25-1072.00,"Nursing Instructors and Teachers, Postsecondary",25,"Initiate, facilitate, and moderate classroom discussions.",,,,,train,1
,,,human-task-exposure-v2.0,,6147,25-1072.00,"Nursing Instructors and Teachers, Postsecondary",25,Provide professional consulting services to government or industry.,,,,,train,1
,,,human-task-exposure-v2.0,,6161,25-1081.00,"Education Teachers, Postsecondary",25,"Select and obtain materials and supplies, such as textbooks.",,,,,train,1
,,,human-task-exposure-v2.0,,6151,25-1081.00,"Education Teachers, Postsecondary",25,"Evaluate and grade students' class work, assignments, and papers.",,,,,train,1
,,,human-task-exposure-v2.0,,6170,25-1081.00,"Education Teachers, Postsecondary",25,Provide professional consulting services to government or industry.,,,,,train,1
,,,human-task-exposure-v2.0,,6179,25-1082.00,"Library Science Teachers, Postsecondary",25,Collaborate with colleagues to address teaching and research issues.,,,,,train,1
,,,human-task-exposure-v2.0,,20088,25-1082.00,"Library Science Teachers, Postsecondary",25,"Keep abreast of developments in the field by reading current literature, talking with colleagues, giving presentations at conferences, and serving on committees in professional associations.",,,,,train,1
,,,human-task-exposure-v2.0,,6192,25-1082.00,"Library Science Teachers, Postsecondary",25,Provide professional consulting services to government or industry.,,,,,train,1
,,,human-task-exposure-v2.0,,21124,25-1111.00,"Criminal Justice and Law Enforcement Teachers, Postsecondary",25,Write letters of recommendation for students.,,,,,train,1
,,,human-task-exposure-v2.0,,6210,25-1111.00,"Criminal Justice and Law Enforcement Teachers, Postsecondary",25,"Participate in student recruitment, registration, and placement activities.",,,,,train,1
,,,human-task-exposure-v2.0,,6207,25-1111.00,"Criminal Justice and Law Enforcement Teachers, Postsecondary",25,Write grant proposals to procure external research funding.,,,,,train,1
,,,human-task-exposure-v2.0,,6222,25-1112.00,"Law Teachers, Postsecondary",25,Maintain regularly scheduled office hours to advise and assist students.,,,,,train,1
,,,human-task-exposure-v2.0,,6226,25-1112.00,"Law Teachers, Postsecondary",25,"Select and obtain materials and supplies, such as textbooks.",,,,,train,1
,,,human-task-exposure-v2.0,,6237,25-1112.00,"Law Teachers, Postsecondary",25,Write grant proposals to procure external research funding.,,,,,train,1
,,,human-task-exposure-v2.0,,6250,25-1113.00,"Social Work Teachers, Postsecondary",25,Advise students on academic and vocational curricula and on career issues.,,,,,train,1
,,,human-task-exposure-v2.0,,6245,25-1113.00,"Social Work Teachers, Postsecondary",25,"Supervise undergraduate or graduate teaching, internship, and research work.",,,,,train,1
,,,human-task-exposure-v2.0,,6252,25-1113.00,"Social Work Teachers, Postsecondary",25,Write grant proposals to procure external research funding.,,,,,train,1
,,,human-task-exposure-v2.0,,6276,25-1121.00,"Art, Drama, and Music Teachers, Postsecondary",25,"Participate in student recruitment, registration, and placement activities.",,,,,validation,1
,,,human-task-exposure-v2.0,,6268,25-1121.00,"Art, Drama, and Music Teachers, Postsecondary",25,"Keep abreast of developments in the field by reading current literature, talking with colleagues, and participating in professional conferences.",,,,,validation,1
,,,human-task-exposure-v2.0,,6271,25-1121.00,"Art, Drama, and Music Teachers, Postsecondary",25,"Conduct research in a particular field of knowledge and publish findings in professional journals, books, or electronic media.",,,,,validation,1
,,,human-task-exposure-v2.0,,6307,25-1122.00,"Communications Teachers, Postsecondary",25,"Perform administrative duties, such as serving as department head.",,,,,train,1
,,,human-task-exposure-v2.0,,6289,25-1122.00,"Communications Teachers, Postsecondary",25,"Prepare course materials, such as syllabi, homework assignments, and handouts.",,,,,train,1
,,,human-task-exposure-v2.0,,6309,25-1122.00,"Communications Teachers, Postsecondary",25,Provide professional consulting services to government or industry.,,,,,train,1
,,,human-task-exposure-v2.0,,6325,25-1123.00,"English Language and Literature Teachers, Postsecondary",25,"Participate in student recruitment, registration, and placement activities.",,,,,train,1
,,,human-task-exposure-v2.0,,6315,25-1123.00,"English Language and Literature Teachers, Postsecondary",25,"Plan, evaluate, and revise curricula, course content, course materials, and methods of instruction.",,,,,train,1
,,,human-task-exposure-v2.0,,6328,25-1123.00,"English Language and Literature Teachers, Postsecondary",25,Provide assistance to students in college writing centers.,,,,,train,1
,,,human-task-exposure-v2.0,,6348,25-1124.00,"Foreign Language and Literature Teachers, Postsecondary",25,"Participate in student recruitment, registration, and placement activities.",,,,,train,1
,,,human-task-exposure-v2.0,,6340,25-1124.00,"Foreign Language and Literature Teachers, Postsecondary",25,Prepare and deliver lectures to undergraduate or graduate students on topics such as how to speak and write a foreign language and the cultural aspects of areas where a particular language is used.,,,,,train,1
,,,human-task-exposure-v2.0,,6354,25-1124.00,"Foreign Language and Literature Teachers, Postsecondary",25,Write grant proposals to procure external research funding.,,,,,train,1
,,,human-task-exposure-v2.0,,6356,25-1125.00,"History Teachers, Postsecondary",25,"Prepare and deliver lectures to undergraduate or graduate students on topics such as ancient history, postwar civilizations, and the history of third-world countries.",,,,,test,1
,,,human-task-exposure-v2.0,,6367,25-1125.00,"History Teachers, Postsecondary",25,Advise students on academic and vocational curricula and on career issues.,,,,,test,1
,,,human-task-exposure-v2.0,,6370,25-1125.00,"History Teachers, Postsecondary",25,Participate in campus and community events.,,,,,test,1
,,,human-task-exposure-v2.0,,6383,25-1126.00,"Philosophy and Religion Teachers, Postsecondary",25,"Keep abreast of developments in the field by reading current literature, talking with colleagues, and participating in professional conferences.",,,,,validation,1
,,,human-task-exposure-v2.0,,6391,25-1126.00,"Philosophy and Religion Teachers, Postsecondary",25,"Serve on academic or administrative committees that deal with institutional policies, departmental matters, and academic issues.",,,,,validation,1
,,,human-task-exposure-v2.0,,6398,25-1126.00,"Philosophy and Religion Teachers, Postsecondary",25,Write grant proposals to procure external research funding.,,,,,validation,1
,,,human-task-exposure-v2.0,,6413,25-1192.00,"Family and Consumer Sciences Teachers, Postsecondary",25,Collaborate with colleagues to address teaching and research issues.,,,,,train,1
,,,human-task-exposure-v2.0,,6406,25-1192.00,"Family and Consumer Sciences Teachers, Postsecondary",25,"Plan, evaluate, and revise curricula, course content, course materials, and methods of instruction.",,,,,train,1
,,,human-task-exposure-v2.0,,6414,25-1192.00,"Family and Consumer Sciences Teachers, Postsecondary",25,Act as advisers to student organizations.,,,,,train,1
,,,human-task-exposure-v2.0,,6435,25-1193.00,"Recreation and Fitness Studies Teachers, Postsecondary",25,Participate in campus and community events.,,,,,validation,1
,,,human-task-exposure-v2.0,,6437,25-1193.00,"Recreation and Fitness Studies Teachers, Postsecondary",25,Compile bibliographies of specialized materials for outside reading assignments.,,,,,validation,1
,,,human-task-exposure-v2.0,,6444,25-1193.00,"Recreation and Fitness Studies Teachers, Postsecondary",25,Provide professional consulting services to government or industry.,,,,,validation,1
,,,human-task-exposure-v2.0,,6448,25-1194.00,"Career/Technical Education Teachers, Postsecondary",25,"Administer oral, written, or performance tests to measure progress and to evaluate training effectiveness.",,,,,train,1
,,,human-task-exposure-v2.0,,6459,25-1194.00,"Career/Technical Education Teachers, Postsecondary",25,"Advise students on course selection, career decisions, and other academic and vocational concerns.",,,,,train,1
,,,human-task-exposure-v2.0,,6462,25-1194.00,"Career/Technical Education Teachers, Postsecondary",25,Review enrollment applications and correspond with applicants to obtain additional information.,,,,,train,1
,,,human-task-exposure-v2.0,,6485,25-2011.00,"Preschool Teachers, Except Special Education",25,Organize and label materials and display students' work in a manner appropriate for their ages and perceptual skills.,,,,,train,1
,,,human-task-exposure-v2.0,,6472,25-2011.00,"Preschool Teachers, Except Special Education",25,"Meet with parents and guardians to discuss their children's progress and needs, determine their priorities for their children, and suggest ways that they can promote learning and development.",,,,,train,1
,,,human-task-exposure-v2.0,,6495,25-2011.00,"Preschool Teachers, Except Special Education",25,"Perform administrative duties, such as hall and cafeteria monitoring and bus loading and unloading.",,,,,train,1
,,,human-task-exposure-v2.0,,6504,25-2012.00,"Kindergarten Teachers, Except Special Education",25,"Provide a variety of materials and resources for children to explore, manipulate, and use, both in learning activities and in imaginative play.",,,,,train,1
,,,human-task-exposure-v2.0,,6500,25-2012.00,"Kindergarten Teachers, Except Special Education",25,"Observe and evaluate children's performance, behavior, social development, and physical health.",,,,,train,1
,,,human-task-exposure-v2.0,,6534,25-2012.00,"Kindergarten Teachers, Except Special Education",25,"Provide students with disabilities with assistive devices, supportive technology, and assistance accessing facilities, such as restrooms.",,,,,train,1
,,,human-task-exposure-v2.0,,6564,25-2021.00,"Elementary School Teachers, Except Special Education",25,Organize and label materials and display students' work.,,,,,train,1
,,,human-task-exposure-v2.0,,6538,25-2021.00,"Elementary School Teachers, Except Special Education",25,Adapt teaching methods and instructional materials to meet students' varying needs and interests.,,,,,train,1
,,,human-task-exposure-v2.0,,6571,25-2021.00,"Elementary School Teachers, Except Special Education",25,"Provide students with disabilities with assistive devices, supportive technology, and assistance accessing facilities, such as restrooms.",,,,,train,1
,,,human-task-exposure-v2.0,,6577,25-2022.00,"Middle School Teachers, Except Special and Career/Technical Education",25,"Establish clear objectives for all lessons, units, and projects, and communicate these objectives to students.",,,,,train,1
,,,human-task-exposure-v2.0,,6597,25-2022.00,"Middle School Teachers, Except Special and Career/Technical Education",25,"Attend professional meetings, educational conferences, and teacher training workshops to maintain and improve professional competence.",,,,,train,1
,,,human-task-exposure-v2.0,,6607,25-2022.00,"Middle School Teachers, Except Special and Career/Technical Education",25,"Supervise, evaluate, and plan assignments for teacher assistants and volunteers.",,,,,train,1
,,,human-task-exposure-v2.0,,6613,25-2023.00,"Career/Technical Education Teachers, Middle School",25,"Establish clear objectives for all lessons, units, and projects, and communicate those objectives to students.",,,,,test,1
,,,human-task-exposure-v2.0,,6619,25-2023.00,"Career/Technical Education Teachers, Middle School",25,"Observe and evaluate students' performance, behavior, social development, and physical health.",,,,,test,1
,,,human-task-exposure-v2.0,,6637,25-2023.00,"Career/Technical Education Teachers, Middle School",25,"Perform administrative duties, such as school library assistance, hall and cafeteria monitoring, and bus loading and unloading.",,,,,test,1
,,,human-task-exposure-v2.0,,6657,25-2031.00,"Secondary School Teachers, Except Special and Career/Technical Education",25,"Prepare objectives and outlines for courses of study, following curriculum guidelines or requirements of states and schools.",,,,,test,1
,,,human-task-exposure-v2.0,,6639,25-2031.00,"Secondary School Teachers, Except Special and Career/Technical Education",25,Establish and enforce rules for behavior and procedures for maintaining order among students.,,,,,test,1
,,,human-task-exposure-v2.0,,6664,25-2031.00,"Secondary School Teachers, Except Special and Career/Technical Education",25,"Select, store, order, issue, and inventory classroom equipment, materials, and supplies.",,,,,test,1
,,,human-task-exposure-v2.0,,6684,25-2032.00,"Career/Technical Education Teachers, Secondary School",25,"Plan and supervise work-experience programs in businesses, industrial shops, and school laboratories.",,,,,train,1
,,,human-task-exposure-v2.0,,6677,25-2032.00,"Career/Technical Education Teachers, Secondary School",25,"Plan and conduct activities for a balanced program of instruction, demonstration, and work time that provides students with opportunities to observe, question, and investigate.",,,,,train,1
,,,human-task-exposure-v2.0,,6702,25-2032.00,"Career/Technical Education Teachers, Secondary School",25,"Perform administrative duties, such as school library assistance, hall and cafeteria monitoring, and bus loading and unloading.",,,,,train,1
,,,human-task-exposure-v2.0,,19083,25-2051.00,"Special Education Teachers, Preschool",25,Serve meals or snacks in accordance with nutritional guidelines.,,,,,train,1
,,,human-task-exposure-v2.0,,19095,25-2051.00,"Special Education Teachers, Preschool",25,Organize and display students' work in a manner appropriate for their perceptual skills.,,,,,train,1
,,,human-task-exposure-v2.0,,19098,25-2051.00,"Special Education Teachers, Preschool",25,"Provide assistive devices, supportive technology, or assistance accessing facilities, such as restrooms.",,,,,train,1
,,,human-task-exposure-v2.0,,22343,25-2055.00,"Special Education Teachers, Kindergarten",25,"Meet with parents or guardians to discuss their children's progress, advise them on using community resources, or teach skills for dealing with students' impairments.",,,,,train,1
,,,human-task-exposure-v2.0,,22344,25-2055.00,"Special Education Teachers, Kindergarten",25,Modify the general kindergarten education curriculum for students with disabilities.,,,,,train,1
,,,human-task-exposure-v2.0,,22350,25-2055.00,"Special Education Teachers, Kindergarten",25,"Plan or supervise experiential learning activities, such as class projects, field trips, demonstrations, or visits by guest speakers.",,,,,train,1
,,,human-task-exposure-v2.0,,22365,25-2056.00,"Special Education Teachers, Elementary School",25,Develop or implement strategies to meet the needs of students with a variety of disabilities.,,,,,train,1
,,,human-task-exposure-v2.0,,22363,25-2056.00,"Special Education Teachers, Elementary School",25,"Confer with parents, administrators, testing specialists, social workers, or other professionals to develop individual educational plans (IEPs) for students' educational, physical, or social development.",,,,,train,1
,,,human-task-exposure-v2.0,,22386,25-2056.00,"Special Education Teachers, Elementary School",25,"Provide assistive devices, supportive technology, or assistance accessing facilities, such as restrooms.",,,,,train,1
,,,human-task-exposure-v2.0,,6752,25-2057.00,"Special Education Teachers, Middle School",25,"Confer with parents or guardians, other teachers, counselors, and administrators to resolve students' behavioral and academic problems.",,,,,validation,1
,,,human-task-exposure-v2.0,,6775,25-2057.00,"Special Education Teachers, Middle School",25,"Attend staff meetings and serve on committees, as required.",,,,,validation,1
,,,human-task-exposure-v2.0,,6782,25-2057.00,"Special Education Teachers, Middle School",25,Visit schools to tutor students with sensory impairments and to consult with teachers regarding students' special needs.,,,,,validation,1
,,,human-task-exposure-v2.0,,6786,25-2058.00,"Special Education Teachers, Secondary School",25,Prepare materials and classrooms for class activities.,,,,,train,1
,,,human-task-exposure-v2.0,,6787,25-2058.00,"Special Education Teachers, Secondary School",25,Establish and enforce rules for behavior and policies and procedures to maintain order among students.,,,,,train,1
,,,human-task-exposure-v2.0,,6823,25-2058.00,"Special Education Teachers, Secondary School",25,"Sponsor extracurricular activities, such as clubs, student organizations, and academic contests.",,,,,train,1
,,,human-task-exposure-v2.0,,17013,25-2059.01,Adapted Physical Education Specialists,25,Assist in screening or placement of students in adapted physical education programs.,,,,,test,1
,,,human-task-exposure-v2.0,,17008,25-2059.01,Adapted Physical Education Specialists,25,"Maintain thorough student records to document attendance, participation, or progress, ensuring confidentiality of all records.",,,,,test,1
,,,human-task-exposure-v2.0,,17017,25-2059.01,Adapted Physical Education Specialists,25,"Provide adapted physical education services to students with intellectual disabilities, autism, traumatic brain injury, orthopedic impairments, or other disabling condition.",,,,,test,1
,,,human-task-exposure-v2.0,,6849,25-3011.00,"Adult Basic Education, Adult Secondary Education, and English as a Second Language Instructors",25,Prepare reports on students and activities as required by administration.,,,,,train,1
,,,human-task-exposure-v2.0,,6853,25-3011.00,"Adult Basic Education, Adult Secondary Education, and English as a Second Language Instructors",25,"Attend staff meetings and serve on committees, as required.",,,,,train,1
,,,human-task-exposure-v2.0,,6860,25-3011.00,"Adult Basic Education, Adult Secondary Education, and English as a Second Language Instructors",25,Confer with leaders of government and community groups to coordinate student training or to find opportunities for students to fulfill curriculum requirements.,,,,,train,1
,,,human-task-exposure-v2.0,,8664,25-3021.00,Self-Enrichment Teachers,25,Adapt teaching methods and instructional materials to meet students' varying needs and interests.,,,,,test,1
,,,human-task-exposure-v2.0,,8668,25-3021.00,Self-Enrichment Teachers,25,"Instruct students individually and in groups, using various teaching methods, such as lectures, discussions, and demonstrations.",,,,,test,1
,,,human-task-exposure-v2.0,,8677,25-3021.00,Self-Enrichment Teachers,25,Participate in publicity planning and student recruitment.,,,,,test,1
,,,human-task-exposure-v2.0,,22405,25-3031.00,"Substitute Teachers, Short-Term",25,"Teach social skills to students, such as communication, conflict resolution, and etiquette.",,,,,train,1
,,,human-task-exposure-v2.0,,22406,25-3031.00,"Substitute Teachers, Short-Term",25,Tutor or assist students individually or in small groups.,,,,,train,1
,,,human-task-exposure-v2.0,,22399,25-3031.00,"Substitute Teachers, Short-Term",25,Organize and supervise games or other recreational activities.,,,,,train,1
,,,human-task-exposure-v2.0,,17037,25-3041.00,Tutors,25,"Provide private instruction to individual or small groups of students to improve academic performance, improve occupational skills, or prepare for academic or occupational tests.",,,,,train,1
,,,human-task-exposure-v2.0,,17025,25-3041.00,Tutors,25,"Monitor student performance or assist students in academic environments, such as classrooms, laboratories, or computing centers.",,,,,train,1
,,,human-task-exposure-v2.0,,17021,25-3041.00,Tutors,25,"Research or recommend textbooks, software, equipment, or other learning materials to complement tutoring.",,,,,train,1
,,,human-task-exposure-v2.0,,3807,25-4013.00,Museum Technicians and Conservators,25,"Coordinate exhibit installations, assisting with design, constructing displays, dioramas, display cases, and models, and ensuring the availability of necessary materials.",,,,,train,1
,,,human-task-exposure-v2.0,,18643,25-4013.00,Museum Technicians and Conservators,25,"Direct and supervise curatorial, technical, and student staff in the handling, mounting, care, and storage of art objects.",,,,,train,1
,,,human-task-exposure-v2.0,,18645,25-4013.00,Museum Technicians and Conservators,25,Lead tours and teach educational courses to students and the general public.,,,,,train,1
,,,human-task-exposure-v2.0,,22414,25-4022.00,Librarians and Media Collections Specialists,25,"Plan and teach classes on topics such as information literacy, library instruction, and technology use.",,,,,train,1
,,,human-task-exposure-v2.0,,22415,25-4022.00,Librarians and Media Collections Specialists,25,"Confer with colleagues, faculty, and community members and organizations to conduct informational programs, make collection decisions, and determine library services to offer.",,,,,train,1
,,,human-task-exposure-v2.0,,22432,25-4022.00,Librarians and Media Collections Specialists,25,"Set up, adjust, and operate audio-visual equipment, such as cameras, film and slide projectors, and recording equipment, for meetings, events, classes, seminars, and video conferences.",,,,,train,1
,,,human-task-exposure-v2.0,,1697,25-4031.00,Library Technicians,25,Take actions to halt disruption of library activities by problem patrons.,,,,,train,1
,,,human-task-exposure-v2.0,,1689,25-4031.00,Library Technicians,25,Enter and update patrons' records on computers.,,,,,train,1
,,,human-task-exposure-v2.0,,1698,25-4031.00,Library Technicians,25,Process interlibrary loans for patrons.,,,,,train,1
,,,human-task-exposure-v2.0,,6870,25-9031.00,Instructional Coordinators,25,"Research, evaluate, and prepare recommendations on curricula, instructional methods, and materials for school systems.",,,,,validation,1
,,,human-task-exposure-v2.0,,6867,25-9031.00,Instructional Coordinators,25,Interpret and enforce provisions of state education codes and rules and regulations of state education boards.,,,,,validation,1
,,,human-task-exposure-v2.0,,22443,25-9031.00,Instructional Coordinators,25,"Design learning products, including Web-based aids or electronic performance support systems.",,,,,validation,1
,,,human-task-exposure-v2.0,,22477,25-9042.00,"Teaching Assistants, Preschool, Elementary, Middle, and Secondary School, Except Special Education",25,Requisition and stock teaching materials and supplies.,,,,,train,1
,,,human-task-exposure-v2.0,,22482,25-9042.00,"Teaching Assistants, Preschool, Elementary, Middle, and Secondary School, Except Special Education",25,"Type, file, and duplicate materials.",,,,,train,1
,,,human-task-exposure-v2.0,,22454,25-9042.00,"Teaching Assistants, Preschool, Elementary, Middle, and Secondary School, Except Special Education",25,Assist in bus loading and unloading.,,,,,train,1
,,,human-task-exposure-v2.0,,22494,25-9043.00,"Teaching Assistants, Special Education",25,Instruct and monitor students in the use and care of equipment and materials to prevent injuries and damage.,,,,,train,1
,,,human-task-exposure-v2.0,,22498,25-9043.00,"Teaching Assistants, Special Education",25,"Observe students' performance, and record relevant data to assess progress.",,,,,train,1
,,,human-task-exposure-v2.0,,22485,25-9043.00,"Teaching Assistants, Special Education",25,Assist librarians in school libraries.,,,,,train,1
,,,human-task-exposure-v2.0,,10971,25-9044.00,"Teaching Assistants, Postsecondary",25,Order or obtain materials needed for classes.,,,,,test,1
,,,human-task-exposure-v2.0,,10967,25-9044.00,"Teaching Assistants, Postsecondary",25,"Develop teaching materials, such as syllabi, visual aids, answer keys, supplementary notes, or course Web sites.",,,,,test,1
,,,human-task-exposure-v2.0,,20879,25-9044.00,"Teaching Assistants, Postsecondary",25,Attend lectures given by the supervising instructor.,,,,,test,1
,,,human-task-exposure-v2.0,,20242,27-1011.00,Art Directors,27,"Research current trends and new technology, such as printing production techniques, computer software, and design trends.",,,,,train,1
,,,human-task-exposure-v2.0,,286,27-1011.00,Art Directors,27,"Manage own accounts and projects, working within budget and scheduling requirements.",,,,,train,1
,,,human-task-exposure-v2.0,,298,27-1011.00,Art Directors,27,Prepare detailed storyboards showing sequence and timing of story development for television production.,,,,,train,1
,,,human-task-exposure-v2.0,,10993,27-1013.00,"Fine Artists, Including Painters, Sculptors, and Illustrators",27,"Maintain portfolios of artistic work to demonstrate styles, interests, and abilities.",,,,,train,1
,,,human-task-exposure-v2.0,,10990,27-1013.00,"Fine Artists, Including Painters, Sculptors, and Illustrators",27,"Integrate and develop visual elements, such as line, space, mass, color, and perspective, to produce desired effects, such as the illustration of ideas, emotions, or moods.",,,,,train,1
,,,human-task-exposure-v2.0,,11004,27-1013.00,"Fine Artists, Including Painters, Sculptors, and Illustrators",27,"Collaborate with engineers, mechanics, and other technical experts as necessary to build and install creations.",,,,,train,1
,,,human-task-exposure-v2.0,,6882,27-1014.00,Special Effects Artists and Animators,27,"Design complex graphics and animation, using independent judgment, creativity, and computer equipment.",,,,,test,1
,,,human-task-exposure-v2.0,,6886,27-1014.00,Special Effects Artists and Animators,27,"Apply story development, directing, cinematography, and editing to animation to create storyboards that show the flow of the animation and map out key scenes and characters.",,,,,test,1
,,,human-task-exposure-v2.0,,6885,27-1014.00,Special Effects Artists and Animators,27,"Assemble, typeset, scan, and produce digital camera-ready art or film negatives and printer's proofs.",,,,,test,1
,,,human-task-exposure-v2.0,,6898,27-1021.00,Commercial and Industrial Designers,27,"Modify and refine designs, using working models, to conform with customer specifications, production limitations, or changes in design trends.",,,,,test,1
,,,human-task-exposure-v2.0,,6897,27-1021.00,Commercial and Industrial Designers,27,Direct and coordinate the fabrication of models or samples and the drafting of working drawings and specification sheets from sketches.,,,,,test,1
,,,human-task-exposure-v2.0,,6912,27-1021.00,Commercial and Industrial Designers,27,Advise corporations on issues involving corporate image projects or problems.,,,,,test,1
,,,human-task-exposure-v2.0,,13018,27-1022.00,Fashion Designers,27,Attend fashion shows and review garment magazines and manuals to gather information about fashion trends and consumer preferences.,,,,,validation,1
,,,human-task-exposure-v2.0,,13019,27-1022.00,Fashion Designers,27,Select materials and production techniques to be used for products.,,,,,validation,1
,,,human-task-exposure-v2.0,,13031,27-1022.00,Fashion Designers,27,"Sew together sections of material to form mockups or samples of garments or articles, using sewing equipment.",,,,,validation,1
,,,human-task-exposure-v2.0,,1727,27-1023.00,Floral Designers,27,"Inform customers about the care, maintenance, and handling of various flowers and foliage, indoor plants, and other items.",,,,,train,1
,,,human-task-exposure-v2.0,,1725,27-1023.00,Floral Designers,27,"Trim material and arrange bouquets, wreaths, terrariums, and other items, using trimmers, shapers, wire, pins, floral tape, foam, and other materials.",,,,,train,1
,,,human-task-exposure-v2.0,,1723,27-1023.00,Floral Designers,27,Order and purchase flowers and supplies from wholesalers and growers.,,,,,train,1
,,,human-task-exposure-v2.0,,302,27-1024.00,Graphic Designers,27,"Mark up, paste, and assemble final layouts to prepare layouts for printer.",,,,,train,1
,,,human-task-exposure-v2.0,,308,27-1024.00,Graphic Designers,27,"Prepare illustrations or rough sketches of material, discussing them with clients or supervisors and making necessary changes.",,,,,train,1
,,,human-task-exposure-v2.0,,312,27-1024.00,Graphic Designers,27,"Photograph layouts, using camera, to make layout prints for supervisors or clients.",,,,,train,1
,,,human-task-exposure-v2.0,,18519,27-1025.00,Interior Designers,27,"Coordinate with other professionals, such as contractors, architects, engineers, and plumbers, to ensure job success.",,,,,test,1
,,,human-task-exposure-v2.0,,20998,27-1025.00,Interior Designers,27,"Design spaces to be environmentally friendly, using sustainable, recycled materials when feasible.",,,,,test,1
,,,human-task-exposure-v2.0,,1741,27-1025.00,Interior Designers,27,"Plan and design interior environments for boats, planes, buses, trains, and other enclosed spaces.",,,,,test,1
,,,human-task-exposure-v2.0,,9281,27-1026.00,Merchandise Displayers and Window Trimmers,27,"Install booths, exhibits, displays, carpets, or drapes, as guided by floor plan of building or specifications.",,,,,train,1
,,,human-task-exposure-v2.0,,9267,27-1026.00,Merchandise Displayers and Window Trimmers,27,Develop ideas or plans for merchandise displays or window decorations.,,,,,train,1
,,,human-task-exposure-v2.0,,9282,27-1026.00,Merchandise Displayers and Window Trimmers,27,"Install decorations, such as flags, banners, festive lights, or bunting on or in building, street, exhibit hall, or booth.",,,,,train,1
,,,human-task-exposure-v2.0,,9286,27-1027.00,Set and Exhibit Designers,27,"Prepare rough drafts and scale working drawings of sets, including floor plans, scenery, and properties to be constructed.",,,,,validation,1
,,,human-task-exposure-v2.0,,9293,27-1027.00,Set and Exhibit Designers,27,"Submit plans for approval, and adapt plans to serve intended purposes, or to conform to budget or fabrication restrictions.",,,,,validation,1
,,,human-task-exposure-v2.0,,9299,27-1027.00,Set and Exhibit Designers,27,"Coordinate the removal of sets, props, and exhibits after productions or events are complete.",,,,,validation,1
,,,human-task-exposure-v2.0,,7644,27-2011.00,Actors,27,"Work closely with directors, other actors, and playwrights to find the interpretation most suited to the role.",,,,,test,1
,,,human-task-exposure-v2.0,,7647,27-2011.00,Actors,27,"Perform humorous and serious interpretations of emotions, actions, and situations, using body movements, facial expressions, and gestures.",,,,,test,1
,,,human-task-exposure-v2.0,,7651,27-2011.00,Actors,27,Sing or dance during dramatic or comedic performances.,,,,,test,1
,,,human-task-exposure-v2.0,,22518,27-2012.00,Producers and Directors,27,"Coordinate the activities of writers, directors, managers, and other personnel throughout the production process.",,,,,train,1
,,,human-task-exposure-v2.0,,22524,27-2012.00,Producers and Directors,27,"Consult with writers, producers, or actors about script changes or ""workshop"" scripts, through rehearsal with writers and actors to create final drafts.",,,,,train,1
,,,human-task-exposure-v2.0,,22540,27-2012.00,Producers and Directors,27,"Develop marketing plans for finished products, collaborating with sales associates to supervise product distribution.",,,,,train,1
,,,human-task-exposure-v2.0,,7662,27-2012.03,Media Programming Directors,27,"Plan and schedule programming and event coverage, based on broadcast length, time availability, and other factors, such as community needs, ratings data, and viewer demographics.",,,,,test,1
,,,human-task-exposure-v2.0,,7675,27-2012.03,Media Programming Directors,27,Prepare copy and edit tape so that material is ready for broadcasting.,,,,,test,1
,,,human-task-exposure-v2.0,,7670,27-2012.03,Media Programming Directors,27,Develop budgets for programming and broadcasting activities and monitor expenditures to ensure that they remain within budgetary limits.,,,,,test,1
,,,human-task-exposure-v2.0,,11020,27-2012.04,Talent Directors,27,Prepare actors for auditions by providing scripts and information about roles and casting requirements.,,,,,test,1
,,,human-task-exposure-v2.0,,11022,27-2012.04,Talent Directors,27,Attend or view productions to maintain knowledge of available actors.,,,,,test,1
,,,human-task-exposure-v2.0,,11027,27-2012.04,Talent Directors,27,"Locate performers or extras for crowd and background scenes, and stand-ins or photo doubles for actors, by direct contact or through agents.",,,,,test,1
,,,human-task-exposure-v2.0,,3902,27-2012.05,Media Technical Directors/Managers,27,Operate equipment to produce programs or broadcast live programs from remote locations.,,,,,train,1
,,,human-task-exposure-v2.0,,3901,27-2012.05,Media Technical Directors/Managers,27,Confer with operations directors to formulate and maintain fair and attainable technical policies for programs.,,,,,train,1
,,,human-task-exposure-v2.0,,3905,27-2012.05,Media Technical Directors/Managers,27,"Set up and execute video transitions and special effects, such as fades, dissolves, cuts, keys, and supers, using computers to manipulate pictures as necessary.",,,,,train,1
,,,human-task-exposure-v2.0,,13040,27-2021.00,Athletes and Sports Competitors,27,"Represent teams or professional sports clubs, performing such activities as meeting with members of the media, making speeches, or participating in charity events.",,,,,train,1
,,,human-task-exposure-v2.0,,13034,27-2021.00,Athletes and Sports Competitors,27,"Participate in athletic events or competitive sports, according to established rules and regulations.",,,,,train,1
,,,human-task-exposure-v2.0,,13033,27-2021.00,Athletes and Sports Competitors,27,Attend scheduled practice or training sessions.,,,,,train,1
,,,human-task-exposure-v2.0,,1747,27-2022.00,Coaches and Scouts,27,"Adjust coaching techniques, based on the strengths and weaknesses of athletes.",,,,,validation,1
,,,human-task-exposure-v2.0,,20109,27-2022.00,Coaches and Scouts,27,"Provide training direction, encouragement, motivation, and nutritional advice to prepare athletes for games, competitive events, or tours.",,,,,validation,1
,,,human-task-exposure-v2.0,,20110,27-2022.00,Coaches and Scouts,27,Teach instructional courses and advise students.,,,,,validation,1
,,,human-task-exposure-v2.0,,3915,27-2023.00,"Umpires, Referees, and Other Sports Officials",27,"Resolve claims of rule infractions or complaints by participants and assess any necessary penalties, according to regulations.",,,,,test,1
,,,human-task-exposure-v2.0,,3918,27-2023.00,"Umpires, Referees, and Other Sports Officials",27,"Report to regulating organizations regarding sporting activities, complaints made, and actions taken or needed, such as fines or other disciplinary actions.",,,,,test,1
,,,human-task-exposure-v2.0,,3923,27-2023.00,"Umpires, Referees, and Other Sports Officials",27,Compile scores and other athletic records.,,,,,test,1
,,,human-task-exposure-v2.0,,7691,27-2031.00,Dancers,27,"Attend costume fittings, photography sessions, and makeup calls associated with dance performances.",,,,,test,1
,,,human-task-exposure-v2.0,,7694,27-2031.00,Dancers,27,Monitor the field of dance to remain aware of current trends and innovations.,,,,,test,1
,,,human-task-exposure-v2.0,,7695,27-2031.00,Dancers,27,Teach dance students.,,,,,test,1
,,,human-task-exposure-v2.0,,11033,27-2032.00,Choreographers,27,Coordinate production music with music directors.,,,,,train,1
,,,human-task-exposure-v2.0,,11041,27-2032.00,Choreographers,27,"Seek influences from other art forms, such as theatre, the visual arts, and architecture.",,,,,train,1
,,,human-task-exposure-v2.0,,11044,27-2032.00,Choreographers,27,"Restage traditional dances and works in dance companies' repertoires, developing new interpretations.",,,,,train,1
,,,human-task-exposure-v2.0,,22570,27-2041.00,Music Directors and Composers,27,Copy parts from scores for individual performers.,,,,,train,1
,,,human-task-exposure-v2.0,,22558,27-2041.00,Music Directors and Composers,27,Meet with soloists and concertmasters to discuss and prepare for performances.,,,,,train,1
,,,human-task-exposure-v2.0,,22573,27-2041.00,Music Directors and Composers,27,Stay abreast of the latest trends in music and music technology.,,,,,train,1
,,,human-task-exposure-v2.0,,22581,27-2042.00,Musicians and Singers,27,"Play musical instruments as soloists, or as members or guest artists of musical groups such as orchestras, ensembles, or bands.",,,,,test,1
,,,human-task-exposure-v2.0,,22577,27-2042.00,Musicians and Singers,27,Specialize in playing a specific family of instruments or a particular type of music.,,,,,test,1
,,,human-task-exposure-v2.0,,22593,27-2042.00,Musicians and Singers,27,"Research particular roles to find out more about a character, or the time and place in which a piece is set.",,,,,test,1
,,,human-task-exposure-v2.0,,22617,27-2091.00,"Disc Jockeys, Except Radio",27,Maintain up-to-date knowledge of music releases and trends.,,,,,validation,1
,,,human-task-exposure-v2.0,,22606,27-2091.00,"Disc Jockeys, Except Radio",27,Advertise services using media such as internet advertising and brochures.,,,,,validation,1
,,,human-task-exposure-v2.0,,22618,27-2091.00,"Disc Jockeys, Except Radio",27,"Mix, cut, or sample recorded music using DJ controllers, CDJs, or DJ mixers.",,,,,validation,1
,,,human-task-exposure-v2.0,,3929,27-3011.00,Broadcast Announcers and Radio Disc Jockeys,27,"Comment on music and other matters, such as weather or traffic conditions.",,,,,validation,1
,,,human-task-exposure-v2.0,,3933,27-3011.00,Broadcast Announcers and Radio Disc Jockeys,27,Make promotional appearances at public or private events to represent their employers.,,,,,validation,1
,,,human-task-exposure-v2.0,,3931,27-3011.00,Broadcast Announcers and Radio Disc Jockeys,27,Discuss various topics over the telephone with viewers or listeners.,,,,,validation,1
,,,human-task-exposure-v2.0,,22644,27-3023.00,"News Analysts, Reporters, and Journalists",27,Photograph or videotape news events.,,,,,train,1
,,,human-task-exposure-v2.0,,22648,27-3023.00,"News Analysts, Reporters, and Journalists",27,"Develop ideas or material for columns or commentaries by analyzing and interpreting news, current issues, or personal experiences.",,,,,train,1
,,,human-task-exposure-v2.0,,22632,27-3023.00,"News Analysts, Reporters, and Journalists",27,"Present news stories, and introduce in-depth videotaped segments or live transmissions from on-the-scene reporters.",,,,,train,1
,,,human-task-exposure-v2.0,,20555,27-3031.00,Public Relations Specialists,27,"Plan or direct development or communication of programs to maintain favorable public or stockholder perceptions of an organization's accomplishments, agenda, or environmental responsibility.",,,,,train,1
,,,human-task-exposure-v2.0,,20554,27-3031.00,Public Relations Specialists,27,Write press releases or other media communications to promote clients.,,,,,train,1
,,,human-task-exposure-v2.0,,19809,27-3031.00,Public Relations Specialists,27,Coordinate public responses to environmental management incidents or conflicts.,,,,,train,1
,,,human-task-exposure-v2.0,,1776,27-3041.00,Editors,27,"Prepare, rewrite and edit copy to improve readability, or supervise others who do this work.",,,,,train,1
,,,human-task-exposure-v2.0,,1791,27-3041.00,Editors,27,"Select local, state, national, and international news items received from wire services, based on assessment of items' significance and interest value.",,,,,train,1
,,,human-task-exposure-v2.0,,1790,27-3041.00,Editors,27,Make manuscript acceptance or revision recommendations to the publisher.,,,,,train,1
,,,human-task-exposure-v2.0,,3970,27-3042.00,Technical Writers,27,"Review published materials and recommend revisions or changes in scope, format, content, and methods of reproduction and binding.",,,,,test,1
,,,human-task-exposure-v2.0,,3969,27-3042.00,Technical Writers,27,"Confer with customer representatives, vendors, plant executives, or publisher to establish technical specifications and to determine subject material to be developed for publication.",,,,,test,1
,,,human-task-exposure-v2.0,,3974,27-3042.00,Technical Writers,27,"Observe production, developmental, and experimental activities to determine operating procedure and detail.",,,,,test,1
,,,human-task-exposure-v2.0,,22658,27-3043.00,Writers and Authors,27,Conduct research and interviews to determine which of a product's selling features should be promoted.,,,,,train,1
,,,human-task-exposure-v2.0,,22664,27-3043.00,Writers and Authors,27,"Edit or rewrite existing written material as necessary, and submit written material for approval by supervisor, editor, or publisher.",,,,,train,1
,,,human-task-exposure-v2.0,,22656,27-3043.00,Writers and Authors,27,"Develop advertising campaigns for a wide range of clients, working with an advertising agency's creative director and art director to determine the best way to present advertising information.",,,,,train,1
,,,human-task-exposure-v2.0,,11051,27-3043.05,"Poets, Lyricists and Creative Writers",27,"Write fiction or nonfiction prose, such as short stories, novels, biographies, articles, descriptive or critical analyses, and essays.",,,,,validation,1
,,,human-task-exposure-v2.0,,11049,27-3043.05,"Poets, Lyricists and Creative Writers",27,"Prepare works in appropriate format for publication, and send them to publishers or producers.",,,,,validation,1
,,,human-task-exposure-v2.0,,11061,27-3043.05,"Poets, Lyricists and Creative Writers",27,Collaborate with other writers on specific projects.,,,,,validation,1
,,,human-task-exposure-v2.0,,9327,27-3091.00,Interpreters and Translators,27,"Identify and resolve conflicts related to the meanings of words, concepts, practices, or behaviors.",,,,,validation,1
,,,human-task-exposure-v2.0,,9328,27-3091.00,Interpreters and Translators,27,"Translate messages simultaneously or consecutively into specified languages, orally or by using hand signs, maintaining message content, context, and style as much as possible.",,,,,validation,1
,,,human-task-exposure-v2.0,,9342,27-3091.00,Interpreters and Translators,27,Travel with or guide tourists who speak another language.,,,,,validation,1
,,,human-task-exposure-v2.0,,8661,27-3092.00,Court Reporters and Simultaneous Captioners,27,Record depositions and other proceedings for attorneys.,,,,,train,1
,,,human-task-exposure-v2.0,,8657,27-3092.00,Court Reporters and Simultaneous Captioners,27,Ask speakers to clarify inaudible statements.,,,,,train,1
,,,human-task-exposure-v2.0,,24028,27-3092.00,Court Reporters and Simultaneous Captioners,27,File exhibits.,,,,,train,1
,,,human-task-exposure-v2.0,,18650,27-4011.00,Audio and Video Technicians,27,Diagnose and resolve media system problems.,,,,,train,1
,,,human-task-exposure-v2.0,,3997,27-4011.00,Audio and Video Technicians,27,"Record and edit audio material, such as movie soundtracks, using audio recording and editing equipment.",,,,,train,1
,,,human-task-exposure-v2.0,,3981,27-4011.00,Audio and Video Technicians,27,Monitor incoming and outgoing pictures and sound feeds to ensure quality and notify directors of any possible problems.,,,,,train,1
,,,human-task-exposure-v2.0,,18654,27-4012.00,Broadcast Technicians,27,"Play and record broadcast programs, using automation systems.",,,,,train,1
,,,human-task-exposure-v2.0,,4025,27-4012.00,Broadcast Technicians,27,"Determine the number, type, and approximate location of microphones needed for best sound recording or transmission quality, and position them appropriately.",,,,,train,1
,,,human-task-exposure-v2.0,,4028,27-4012.00,Broadcast Technicians,27,Discuss production requirements with clients.,,,,,train,1
,,,human-task-exposure-v2.0,,9357,27-4021.00,Photographers,27,"Enhance, retouch, and resize photographs and negatives, using airbrushing and other techniques.",,,,,train,1
,,,human-task-exposure-v2.0,,9361,27-4021.00,Photographers,27,Direct activities of workers setting up photographic equipment.,,,,,train,1
,,,human-task-exposure-v2.0,,9362,27-4021.00,Photographers,27,"Employ a variety of specialized photographic materials and techniques, including infrared and ultraviolet films, macro photography, photogrammetry and sensitometry.",,,,,train,1
,,,human-task-exposure-v2.0,,4037,27-4031.00,"Camera Operators, Television, Video, and Film",27,"Confer with directors, sound and lighting technicians, electricians, and other crew members to discuss assignments and determine filming sequences, desired effects, camera movements, and lighting requirements.",,,,,validation,1
,,,human-task-exposure-v2.0,,4030,27-4031.00,"Camera Operators, Television, Video, and Film",27,"Operate television or motion picture cameras to record scenes for television broadcasts, advertising, or motion pictures.",,,,,validation,1
,,,human-task-exposure-v2.0,,18667,27-4031.00,"Camera Operators, Television, Video, and Film",27,Stay current with new technologies in the field by reading trade magazines.,,,,,validation,1
,,,human-task-exposure-v2.0,,4061,27-4032.00,Film and Video Editors,27,"Set up and operate computer editing systems, electronic titling systems, video switching equipment, and digital video effects units to produce a final product.",,,,,train,1
,,,human-task-exposure-v2.0,,4050,27-4032.00,Film and Video Editors,27,"Cut shot sequences to different angles at specific points in scenes, making each individual cut as fluid and seamless as possible.",,,,,train,1
,,,human-task-exposure-v2.0,,4069,27-4032.00,Film and Video Editors,27,Conduct film screenings for directors and members of production staffs.,,,,,train,1
,,,human-task-exposure-v2.0,,6942,29-1021.00,"Dentists, General",29,"Plan, organize, or maintain dental health programs.",,,,,test,1
,,,human-task-exposure-v2.0,,6936,29-1021.00,"Dentists, General",29,"Eliminate irritating margins of fillings and correct occlusions, using dental instruments.",,,,,test,1
,,,human-task-exposure-v2.0,,6943,29-1021.00,"Dentists, General",29,Produce or evaluate dental health educational materials.,,,,,test,1
,,,human-task-exposure-v2.0,,331,29-1031.00,Dietitians and Nutritionists,29,"Plan and conduct training programs in dietetics, nutrition, and institutional management and administration for medical students, health-care personnel, and the general public.",,,,,test,1
,,,human-task-exposure-v2.0,,23913,29-1031.00,Dietitians and Nutritionists,29,Evaluate laboratory tests in preparing nutrition recommendations.,,,,,test,1
,,,human-task-exposure-v2.0,,23917,29-1031.00,Dietitians and Nutritionists,29,"Plan, conduct, and evaluate nutrigenomic or nutrigenetic research.",,,,,test,1
,,,human-task-exposure-v2.0,,1811,29-1051.00,Pharmacists,29,"Order and purchase pharmaceutical supplies, medical supplies, or drugs, maintaining stock and storing and handling it properly.",,,,,validation,1
,,,human-task-exposure-v2.0,,1812,29-1051.00,Pharmacists,29,"Maintain records, such as pharmacy files, patient profiles, charge system files, inventories, control records for radioactive nuclei, or registries of poisons, narcotics, or controlled drugs.",,,,,validation,1
,,,human-task-exposure-v2.0,,20405,29-1051.00,Pharmacists,29,Contact insurance companies to resolve billing issues.,,,,,validation,1
,,,human-task-exposure-v2.0,,4078,29-1071.00,Physician Assistants,29,Prescribe therapy or medication with physician approval.,,,,,train,1
,,,human-task-exposure-v2.0,,4084,29-1071.00,Physician Assistants,29,Order medical and laboratory supplies and equipment.,,,,,train,1
,,,human-task-exposure-v2.0,,4075,29-1071.00,Physician Assistants,29,Make tentative diagnoses and decisions about management and treatment of patients.,,,,,train,1
,,,human-task-exposure-v2.0,,17298,29-1071.01,Anesthesiologist Assistants,29,Collect samples or specimens for diagnostic testing.,,,,,train,1
,,,human-task-exposure-v2.0,,17301,29-1071.01,Anesthesiologist Assistants,29,"Provide airway management interventions including tracheal intubation, fiber optics, or ventilary support.",,,,,train,1
,,,human-task-exposure-v2.0,,17311,29-1071.01,Anesthesiologist Assistants,29,"Administer anesthetic, adjuvant, or accessory drugs under the direction of an anesthesiologist.",,,,,train,1
,,,human-task-exposure-v2.0,,354,29-1122.00,Occupational Therapists,29,"Help clients improve decision making, abstract reasoning, memory, sequencing, coordination, and perceptual skills, using computer programs.",,,,,train,1
,,,human-task-exposure-v2.0,,359,29-1122.00,Occupational Therapists,29,"Lay out materials such as puzzles, scissors and eating utensils for use in therapy, and clean and repair these tools after therapy sessions.",,,,,train,1
,,,human-task-exposure-v2.0,,362,29-1122.00,Occupational Therapists,29,Provide patients with assistance in locating or holding jobs.,,,,,train,1
,,,human-task-exposure-v2.0,,17345,29-1122.01,"Low Vision Therapists, Orientation and Mobility Specialists, and Vision Rehabilitation Therapists",29,"Teach clients to travel independently, using a variety of actual or simulated travel situations or exercises.",,,,,train,1
,,,human-task-exposure-v2.0,,17352,29-1122.01,"Low Vision Therapists, Orientation and Mobility Specialists, and Vision Rehabilitation Therapists",29,"Train clients with visual impairments to use mobility devices or systems, such as human guides, dog guides, electronic travel aids (ETAs), and other adaptive mobility devices (AMDs).",,,,,train,1
,,,human-task-exposure-v2.0,,17343,29-1122.01,"Low Vision Therapists, Orientation and Mobility Specialists, and Vision Rehabilitation Therapists",29,Administer tests and interpret test results to develop rehabilitation plans for clients.,,,,,train,1
,,,human-task-exposure-v2.0,,378,29-1123.00,Physical Therapists,29,"Administer treatment involving application of physical agents, using equipment, moist packs, ultraviolet or infrared lamps, or ultrasound machines.",,,,,train,1
,,,human-task-exposure-v2.0,,384,29-1123.00,Physical Therapists,29,Participate in community or community agency activities or help to formulate public policy.,,,,,train,1
,,,human-task-exposure-v2.0,,386,29-1123.00,Physical Therapists,29,Direct group rehabilitation activities.,,,,,train,1
,,,human-task-exposure-v2.0,,4092,29-1124.00,Radiation Therapists,29,Check radiation therapy equipment to ensure proper operation.,,,,,train,1
,,,human-task-exposure-v2.0,,4093,29-1124.00,Radiation Therapists,29,Observe and reassure patients during treatment and report unusual reactions to physician or turn equipment off if unexpected adverse reactions occur.,,,,,train,1
,,,human-task-exposure-v2.0,,4103,29-1124.00,Radiation Therapists,29,Implement appropriate follow-up care plans.,,,,,train,1
,,,human-task-exposure-v2.0,,400,29-1126.00,Respiratory Therapists,29,"Monitor patient's physiological responses to therapy, such as vital signs, arterial blood gases, or blood chemistry changes, and consult with physician if adverse reactions occur.",,,,,validation,1
,,,human-task-exposure-v2.0,,410,29-1126.00,Respiratory Therapists,29,Perform bronchopulmonary drainage and assist or instruct patients in performance of breathing exercises.,,,,,validation,1
,,,human-task-exposure-v2.0,,24033,29-1126.00,Respiratory Therapists,29,Attend high-risk and caesarian section infant deliveries to provide neonatal respiratory care as needed.,,,,,validation,1
,,,human-task-exposure-v2.0,,18526,29-1127.00,Speech-Language Pathologists,29,"Participate in and write reports for meetings regarding patients' progress, such as individualized educational planning (IEP) meetings, in-service meetings, or intervention assistance team meetings.",,,,,train,1
,,,human-task-exposure-v2.0,,1875,29-1127.00,Speech-Language Pathologists,29,Develop speech exercise programs to reduce disabilities.,,,,,train,1
,,,human-task-exposure-v2.0,,1882,29-1127.00,Speech-Language Pathologists,29,"Communicate with students who use an alternative method of communications, using sign language or computer technology.",,,,,train,1
,,,human-task-exposure-v2.0,,19201,29-1128.00,Exercise Physiologists,29,Recommend methods to increase lifestyle physical activity.,,,,,train,1
,,,human-task-exposure-v2.0,,19203,29-1128.00,Exercise Physiologists,29,Assess physical performance requirements to aid in the development of individualized recovery or rehabilitation exercise programs.,,,,,train,1
,,,human-task-exposure-v2.0,,19215,29-1128.00,Exercise Physiologists,29,"Teach group exercise for low-, medium-, or high-risk clients to improve participant strength, flexibility, endurance, or circulatory functioning.",,,,,train,1
,,,human-task-exposure-v2.0,,19148,29-1129.01,Art Therapists,29,Establish goals or objectives for art therapy sessions in consultation with clients or site administrators.,,,,,validation,1
,,,human-task-exposure-v2.0,,19154,29-1129.01,Art Therapists,29,"Write treatment plans, case summaries, or progress or other reports related to individual clients or client groups.",,,,,validation,1
,,,human-task-exposure-v2.0,,19156,29-1129.01,Art Therapists,29,Coordinate art showcases to display artwork produced by clients.,,,,,validation,1
,,,human-task-exposure-v2.0,,19188,29-1129.02,Music Therapists,29,"Integrate behavioral, developmental, improvisational, medical, or neurological approaches into music therapy treatments.",,,,,validation,1
,,,human-task-exposure-v2.0,,19164,29-1129.02,Music Therapists,29,Adapt existing or develop new music therapy assessment instruments or procedures to meet an individual client's needs.,,,,,validation,1
,,,human-task-exposure-v2.0,,19181,29-1129.02,Music Therapists,29,"Communicate with clients to build rapport, acknowledge their progress, or reflect upon their reactions to musical experiences.",,,,,validation,1
,,,human-task-exposure-v2.0,,4109,29-1131.00,Veterinarians,29,"Collect body tissue, feces, blood, urine, or other body fluids for examination and analysis.",,,,,train,1
,,,human-task-exposure-v2.0,,18534,29-1131.00,Veterinarians,29,"Perform administrative or business management tasks, such as scheduling appointments, accepting payments from clients, budgeting, or maintaining business records.",,,,,train,1
,,,human-task-exposure-v2.0,,4119,29-1131.00,Veterinarians,29,"Direct the overall operations of animal hospitals, clinics, or mobile services to farms.",,,,,train,1
,,,human-task-exposure-v2.0,,1857,29-1141.00,Registered Nurses,29,Conduct specified laboratory tests.,,,,,validation,1
,,,human-task-exposure-v2.0,,20413,29-1141.00,Registered Nurses,29,Administer medications to patients and monitor patients for reactions or side effects.,,,,,validation,1
,,,human-task-exposure-v2.0,,1866,29-1141.00,Registered Nurses,29,Engage in research activities related to nursing.,,,,,validation,1
,,,human-task-exposure-v2.0,,18308,29-1141.01,Acute Care Nurses,29,"Document data related to patients' care, including assessment results, interventions, medications, patient responses, or treatment changes.",,,,,test,1
,,,human-task-exposure-v2.0,,18317,29-1141.01,Acute Care Nurses,29,Assist patients in organizing their health care system activities.,,,,,test,1
,,,human-task-exposure-v2.0,,18314,29-1141.01,Acute Care Nurses,29,"Prescribe medications and observe patients' reactions, modifying prescriptions as needed.",,,,,test,1
,,,human-task-exposure-v2.0,,17332,29-1141.02,Advanced Practice Psychiatric Nurses,29,"Collaborate with interdisciplinary team members, including psychiatrists, psychologists, or nursing staff, to develop, implement, or evaluate treatment plans.",,,,,train,1
,,,human-task-exposure-v2.0,,17334,29-1141.02,Advanced Practice Psychiatric Nurses,29,Diagnose psychiatric disorders and mental health conditions.,,,,,train,1
,,,human-task-exposure-v2.0,,17312,29-1141.02,Advanced Practice Psychiatric Nurses,29,"Teach classes in mental health topics, such as stress reduction.",,,,,train,1
,,,human-task-exposure-v2.0,,18331,29-1141.03,Critical Care Nurses,29,"Advocate for patients' and families' needs, or provide emotional support for patients and their families.",,,,,test,1
,,,human-task-exposure-v2.0,,18326,29-1141.03,Critical Care Nurses,29,Provide post-mortem care.,,,,,test,1
,,,human-task-exposure-v2.0,,18328,29-1141.03,Critical Care Nurses,29,"Perform approved therapeutic or diagnostic procedures, based upon patients' clinical status.",,,,,test,1
,,,human-task-exposure-v2.0,,18000,29-1141.04,Clinical Nurse Specialists,29,Coordinate or conduct educational programs or in-service training sessions on topics such as clinical procedures.,,,,,train,1
,,,human-task-exposure-v2.0,,20419,29-1141.04,Clinical Nurse Specialists,29,Chair nursing departments or committees.,,,,,train,1
,,,human-task-exposure-v2.0,,20418,29-1141.04,Clinical Nurse Specialists,29,"Lead nursing department implementation of, or compliance with, regulatory or accreditation processes.",,,,,train,1
,,,human-task-exposure-v2.0,,18377,29-1151.00,Nurse Anesthetists,29,"Request anesthesia equipment repairs, adjustments, or safety tests.",,,,,train,1
,,,human-task-exposure-v2.0,,18367,29-1151.00,Nurse Anesthetists,29,Assess patients' medical histories to predict anesthesia response.,,,,,train,1
,,,human-task-exposure-v2.0,,18368,29-1151.00,Nurse Anesthetists,29,Develop anesthesia care plans.,,,,,train,1
,,,human-task-exposure-v2.0,,18450,29-1161.00,Nurse Midwives,29,Initiate emergency interventions to stabilize patients.,,,,,test,1
,,,human-task-exposure-v2.0,,18458,29-1161.00,Nurse Midwives,29,"Establish practice guidelines for specialty areas such as primary health care of women, care of the childbearing family, and newborn care.",,,,,test,1
,,,human-task-exposure-v2.0,,18451,29-1161.00,Nurse Midwives,29,Manage newborn care during the first weeks of life.,,,,,test,1
,,,human-task-exposure-v2.0,,18381,29-1171.00,Nurse Practitioners,29,"Order, perform, or interpret the results of diagnostic tests, such as complete blood counts (CBCs), electrocardiograms (EKGs), and radiographs (x-rays).",,,,,train,1
,,,human-task-exposure-v2.0,,18383,29-1171.00,Nurse Practitioners,29,"Diagnose or treat acute health care problems, such as illnesses, infections, or injuries.",,,,,train,1
,,,human-task-exposure-v2.0,,18394,29-1171.00,Nurse Practitioners,29,"Recommend diagnostic or therapeutic interventions with attention to safety, cost, invasiveness, simplicity, acceptability, adherence, and efficacy.",,,,,train,1
,,,human-task-exposure-v2.0,,18689,29-1181.00,Audiologists,29,"Perform administrative tasks, such as managing office functions and finances.",,,,,train,1
,,,human-task-exposure-v2.0,,18685,29-1181.00,Audiologists,29,Work with multidisciplinary teams to assess and rehabilitate recipients of implanted hearing devices through auditory training and counseling.,,,,,train,1
,,,human-task-exposure-v2.0,,18683,29-1181.00,Audiologists,29,Provide information to the public on hearing or balance topics.,,,,,train,1
,,,human-task-exposure-v2.0,,24034,29-1211.00,Anesthesiologists,29,Place invasive intravascular monitors into patients.,,,,,train,1
,,,human-task-exposure-v2.0,,7761,29-1211.00,Anesthesiologists,29,Confer with other medical professionals to determine type and method of anesthetic or sedation to render patient insensible to pain.,,,,,train,1
,,,human-task-exposure-v2.0,,7768,29-1211.00,Anesthesiologists,29,"Schedule and maintain use of surgical suite, including operating, wash-up, waiting rooms, or anesthetic and sterilizing equipment.",,,,,train,1
,,,human-task-exposure-v2.0,,22714,29-1212.00,Cardiologists,29,Talk to other physicians about patients to create a treatment plan.,,,,,test,1
,,,human-task-exposure-v2.0,,22704,29-1212.00,Cardiologists,29,"Monitor patients' conditions and progress, and reevaluate treatments, as necessary.",,,,,test,1
,,,human-task-exposure-v2.0,,22713,29-1212.00,Cardiologists,29,Supervise or train cardiology technologists or students.,,,,,test,1
,,,human-task-exposure-v2.0,,17095,29-1213.00,Dermatologists,29,"Diagnose and treat skin conditions such as acne, dandruff, athlete's foot, moles, psoriasis, or skin cancer.",,,,,test,1
,,,human-task-exposure-v2.0,,17092,29-1213.00,Dermatologists,29,"Diagnose and treat pigmented lesions such as common acquired nevi, congenital nevi, dysplastic nevi, Spitz nevi, blue nevi, or melanoma.",,,,,test,1
,,,human-task-exposure-v2.0,,17083,29-1213.00,Dermatologists,29,"Evaluate patients to determine eligibility for cosmetic procedures such as liposuction, laser resurfacing, or microdermabrasion.",,,,,test,1
,,,human-task-exposure-v2.0,,22722,29-1214.00,Emergency Medicine Physicians,29,Discuss patients' treatment plans with physicians and other medical professionals.,,,,,train,1
,,,human-task-exposure-v2.0,,22718,29-1214.00,Emergency Medicine Physicians,29,Communicate likely outcomes of medical diseases or traumatic conditions to patients or their representatives.,,,,,train,1
,,,human-task-exposure-v2.0,,22726,29-1214.00,Emergency Medicine Physicians,29,Perform emergency resuscitations on patients.,,,,,train,1
,,,human-task-exposure-v2.0,,7787,29-1216.00,General Internal Medicine Physicians,29,"Prescribe or administer medication, therapy, and other specialized medical care to treat or prevent illness, disease, or injury.",,,,,train,1
,,,human-task-exposure-v2.0,,7803,29-1216.00,General Internal Medicine Physicians,29,"Prepare government or organizational reports on birth, death, and disease statistics, workforce evaluations, or the medical status of individuals.",,,,,train,1
,,,human-task-exposure-v2.0,,7802,29-1216.00,General Internal Medicine Physicians,29,"Conduct research to develop or test medications, treatments, or procedures to prevent or control disease or injury.",,,,,train,1
,,,human-task-exposure-v2.0,,17113,29-1217.00,Neurologists,29,"Counsel patients or others on the background of neurological disorders including risk factors, or genetic or environmental concerns.",,,,,test,1
,,,human-task-exposure-v2.0,,17115,29-1217.00,Neurologists,29,Refer patients to other health care practitioners as necessary.,,,,,test,1
,,,human-task-exposure-v2.0,,17120,29-1217.00,Neurologists,29,"Perform specialized treatments in areas such as sleep disorders, neuroimmunology, neuro-oncology, behavioral neurology, and neurogenetics.",,,,,test,1
,,,human-task-exposure-v2.0,,7829,29-1221.00,"Pediatricians, General",29,"Direct and coordinate activities of nurses, students, assistants, specialists, therapists, and other medical staff.",,,,,train,1
,,,human-task-exposure-v2.0,,7822,29-1221.00,"Pediatricians, General",29,"Collect, record, and maintain patient information, such as medical history, reports, or examination results.",,,,,train,1
,,,human-task-exposure-v2.0,,7832,29-1221.00,"Pediatricians, General",29,"Operate on patients to remove, repair, or improve functioning of diseased or injured body parts and systems.",,,,,train,1
,,,human-task-exposure-v2.0,,17193,29-1222.00,"Physicians, Pathologists",29,Consult with physicians about ordering and interpreting tests or providing treatments.,,,,,train,1
,,,human-task-exposure-v2.0,,17192,29-1222.00,"Physicians, Pathologists",29,Communicate pathologic findings to surgeons or other physicians.,,,,,train,1
,,,human-task-exposure-v2.0,,17177,29-1222.00,"Physicians, Pathologists",29,Testify in depositions or trials as an expert witness.,,,,,train,1
,,,human-task-exposure-v2.0,,17249,29-1224.00,Radiologists,29,Develop or monitor procedures to ensure adequate quality control of images.,,,,,train,1
,,,human-task-exposure-v2.0,,17241,29-1224.00,Radiologists,29,"Recognize or treat complications during and after procedures, including blood pressure problems, pain, oversedation, or bleeding.",,,,,train,1
,,,human-task-exposure-v2.0,,22733,29-1224.00,Radiologists,29,"Advise other physicians of the clinical indications, limitations, assessments, or risks of diagnostic and therapeutic applications of radioactive materials.",,,,,train,1
,,,human-task-exposure-v2.0,,17066,29-1229.01,Allergists and Immunologists,29,"Prescribe medication such as antihistamines, antibiotics, and nasal, oral, topical, or inhaled glucocorticosteroids.",,,,,test,1
,,,human-task-exposure-v2.0,,17065,29-1229.01,Allergists and Immunologists,29,Provide allergy or immunology consultation or education to physicians or other health care providers.,,,,,test,1
,,,human-task-exposure-v2.0,,17061,29-1229.01,Allergists and Immunologists,29,Present research findings at national meetings or in peer-reviewed journals.,,,,,test,1
,,,human-task-exposure-v2.0,,17105,29-1229.02,Hospitalists,29,Conduct discharge planning and discharge patients.,,,,,validation,1
,,,human-task-exposure-v2.0,,17108,29-1229.02,Hospitalists,29,"Communicate with patients' primary care physicians upon admission, when treatment plans change, or at discharge to maintain continuity and quality of care.",,,,,validation,1
,,,human-task-exposure-v2.0,,17100,29-1229.02,Hospitalists,29,Direct the operations of short stay or specialty units.,,,,,validation,1
,,,human-task-exposure-v2.0,,17284,29-1229.03,Urologists,29,Provide urology consultation to physicians or other health care professionals.,,,,,train,1
,,,human-task-exposure-v2.0,,17293,29-1229.03,Urologists,29,"Order and interpret the results of diagnostic tests, such as prostate specific antigen (PSA) screening, to detect prostate cancer.",,,,,train,1
,,,human-task-exposure-v2.0,,17286,29-1229.03,Urologists,29,"Direct the work of nurses, residents, or other staff to provide patient care.",,,,,train,1
,,,human-task-exposure-v2.0,,17209,29-1229.04,Physical Medicine and Rehabilitation Physicians,29,"Prescribe orthotic and prosthetic applications and adaptive equipment, such as wheelchairs, bracing, or communication devices, to maximize patient function and self-sufficiency.",,,,,train,1
,,,human-task-exposure-v2.0,,17210,29-1229.04,Physical Medicine and Rehabilitation Physicians,29,"Provide inpatient or outpatient medical management of neuromuscular disorders, musculoskeletal trauma, acute and chronic pain, deformity or amputation, cardiac or pulmonary disease, or other disabling conditions.",,,,,train,1
,,,human-task-exposure-v2.0,,17205,29-1229.04,Physical Medicine and Rehabilitation Physicians,29,Coordinate physical medicine and rehabilitation services with other medical activities.,,,,,train,1
,,,human-task-exposure-v2.0,,17219,29-1229.05,Preventive Medicine Physicians,29,"Direct public health education programs dealing with topics such as preventable diseases, injuries, nutrition, food service sanitation, water supply safety, sewage and waste disposal, insect control, and immunizations.",,,,,train,1
,,,human-task-exposure-v2.0,,17222,29-1229.05,Preventive Medicine Physicians,29,"Direct or manage prevention programs in specialty areas such as aerospace, occupational, infectious disease, and environmental medicine.",,,,,train,1
,,,human-task-exposure-v2.0,,17216,29-1229.05,Preventive Medicine Physicians,29,Evaluate the effectiveness of prescribed risk reduction measures or other interventions.,,,,,train,1
,,,human-task-exposure-v2.0,,17263,29-1229.06,Sports Medicine Physicians,29,"Advise athletes, trainers, or coaches to alter or cease sports practices that are potentially harmful.",,,,,train,1
,,,human-task-exposure-v2.0,,17280,29-1229.06,Sports Medicine Physicians,29,"Examine, evaluate and treat athletes who have been injured or who have medical problems such as exercise-induced asthma.",,,,,train,1
,,,human-task-exposure-v2.0,,17267,29-1229.06,Sports Medicine Physicians,29,"Refer athletes for specialized consultation, physical therapy, or diagnostic testing.",,,,,train,1
,,,human-task-exposure-v2.0,,17162,29-1241.00,"Ophthalmologists, Except Pediatric",29,Develop or implement plans and procedures for ophthalmologic services.,,,,,train,1
,,,human-task-exposure-v2.0,,17172,29-1241.00,"Ophthalmologists, Except Pediatric",29,"Perform laser surgeries to alter, remove, reshape, or replace ocular tissue.",,,,,train,1
,,,human-task-exposure-v2.0,,17164,29-1241.00,"Ophthalmologists, Except Pediatric",29,Conduct clinical or laboratory-based research in ophthalmology.,,,,,train,1
,,,human-task-exposure-v2.0,,22770,29-1243.00,Pediatric Surgeons,29,Interpret results of preoperative tests and physical examinations.,,,,,test,1
,,,human-task-exposure-v2.0,,22772,29-1243.00,Pediatric Surgeons,29,"Monitor patient's recovery, making follow-up visits and using postoperative assessment techniques, such as blood and imaging tests.",,,,,test,1
,,,human-task-exposure-v2.0,,22777,29-1243.00,Pediatric Surgeons,29,Refer patient to medical specialist or other practitioners when necessary.,,,,,test,1
,,,human-task-exposure-v2.0,,17356,29-1291.00,Acupuncturists,29,"Formulate herbal preparations to treat conditions considering herbal properties, such as taste, toxicity, effects of preparation, contraindications, and incompatibilities.",,,,,validation,1
,,,human-task-exposure-v2.0,,17373,29-1291.00,Acupuncturists,29,"Identify correct anatomical and proportional point locations based on patients' anatomy and positions, contraindications, and precautions related to treatments, such as intradermal needles, moxibustion, electricity, guasha, or bleeding.",,,,,validation,1
,,,human-task-exposure-v2.0,,17362,29-1291.00,Acupuncturists,29,"Treat patients using tools, such as needles, cups, ear balls, seeds, pellets, or nutritional supplements.",,,,,validation,1
,,,human-task-exposure-v2.0,,422,29-1292.00,Dental Hygienists,29,Expose and develop x-ray film.,,,,,train,1
,,,human-task-exposure-v2.0,,417,29-1292.00,Dental Hygienists,29,Feel and visually examine gums for sores and signs of disease.,,,,,train,1
,,,human-task-exposure-v2.0,,425,29-1292.00,Dental Hygienists,29,Make impressions for study casts.,,,,,train,1
,,,human-task-exposure-v2.0,,18420,29-1299.01,Naturopathic Physicians,29,"Consult with other health professionals to provide optimal patient care, referring patients to traditional health care professionals as necessary.",,,,,train,1
,,,human-task-exposure-v2.0,,18409,29-1299.01,Naturopathic Physicians,29,"Administer, dispense, or prescribe natural medicines, such as food or botanical extracts, herbs, dietary supplements, vitamins, nutraceuticals, and amino acids.",,,,,train,1
,,,human-task-exposure-v2.0,,18419,29-1299.01,Naturopathic Physicians,29,"Perform minor surgical procedures, such as removing warts, moles, or cysts, sampling tissues for skin cancer or lipomas, and applying or removing sutures.",,,,,train,1
,,,human-task-exposure-v2.0,,17380,29-2011.01,Cytogenetic Technologists,29,Prepare slides of cell cultures following standard procedures.,,,,,validation,1
,,,human-task-exposure-v2.0,,20568,29-2011.01,Cytogenetic Technologists,29,"Input details of specimen processing, analysis, and technical issues into logs or laboratory information systems (LIS).",,,,,validation,1
,,,human-task-exposure-v2.0,,17387,29-2011.01,Cytogenetic Technologists,29,"Communicate test results or technical information to patients, physicians, family members, or researchers.",,,,,validation,1
,,,human-task-exposure-v2.0,,4134,29-2031.00,Cardiovascular Technologists and Technicians,29,"Obtain and record patient identification, medical history, or test results.",,,,,test,1
,,,human-task-exposure-v2.0,,4137,29-2031.00,Cardiovascular Technologists and Technicians,29,"Check, test, and maintain cardiology equipment, making minor repairs when necessary, to ensure proper operation.",,,,,test,1
,,,human-task-exposure-v2.0,,15234,29-2031.00,Cardiovascular Technologists and Technicians,29,"Perform general administrative tasks, such as scheduling appointments or ordering supplies or equipment.",,,,,test,1
,,,human-task-exposure-v2.0,,436,29-2032.00,Diagnostic Medical Sonographers,29,Select appropriate equipment settings and adjust patient positions to obtain the best sites and angles.,,,,,train,1
,,,human-task-exposure-v2.0,,449,29-2032.00,Diagnostic Medical Sonographers,29,"Perform medical procedures, such as administering oxygen, inserting and removing airways, taking vital signs, or giving emergency treatment, such as first aid or cardiopulmonary resuscitation (CPR).",,,,,train,1
,,,human-task-exposure-v2.0,,438,29-2032.00,Diagnostic Medical Sonographers,29,Process and code film from procedures and complete appropriate documentation.,,,,,train,1
,,,human-task-exposure-v2.0,,15240,29-2033.00,Nuclear Medicine Technologists,29,Perform quality control checks on laboratory equipment or cameras.,,,,,test,1
,,,human-task-exposure-v2.0,,4155,29-2033.00,Nuclear Medicine Technologists,29,Record and process results of procedures.,,,,,test,1
,,,human-task-exposure-v2.0,,4162,29-2033.00,Nuclear Medicine Technologists,29,"Add radioactive substances to biological specimens, such as blood, urine, or feces, to determine therapeutic drug or hormone levels.",,,,,test,1
,,,human-task-exposure-v2.0,,22816,29-2034.00,Radiologic Technologists and Technicians,29,"Monitor patients' conditions and reactions, reporting abnormal signs to physician.",,,,,test,1
,,,human-task-exposure-v2.0,,22814,29-2034.00,Radiologic Technologists and Technicians,29,Operate digital picture archiving communications systems.,,,,,test,1
,,,human-task-exposure-v2.0,,22830,29-2034.00,Radiologic Technologists and Technicians,29,"Perform supervisory duties, such as developing departmental operating budget, coordinating purchases of supplies or equipment, or preparing work schedules.",,,,,test,1
,,,human-task-exposure-v2.0,,19223,29-2035.00,Magnetic Resonance Imaging Technologists,29,"Intravenously inject contrast dyes, such as gadolinium contrast, in accordance with scope of practice.",,,,,train,1
,,,human-task-exposure-v2.0,,19231,29-2035.00,Magnetic Resonance Imaging Technologists,29,Instruct medical staff or students in magnetic resonance imaging (MRI) procedures or equipment operation.,,,,,train,1
,,,human-task-exposure-v2.0,,19233,29-2035.00,Magnetic Resonance Imaging Technologists,29,"Place and secure small, portable magnetic resonance imaging (MRI) scanners on body part to be imaged, such as arm, leg, or head.",,,,,train,1
,,,human-task-exposure-v2.0,,22851,29-2036.00,Medical Dosimetrists,29,"Teach medical dosimetry, including its application, to students, radiation therapists, or residents.",,,,,train,1
,,,human-task-exposure-v2.0,,22839,29-2036.00,Medical Dosimetrists,29,"Develop requirements for the use of patient immobilization devices and positioning aides, such as molds or casts, as part of treatment plans to ensure accurate delivery of radiation and comfort of patient.",,,,,train,1
,,,human-task-exposure-v2.0,,22846,29-2036.00,Medical Dosimetrists,29,"Measure the amount of radioactivity in patients or equipment, using radiation monitoring devices.",,,,,train,1
,,,human-task-exposure-v2.0,,22862,29-2042.00,Emergency Medical Technicians,29,"Observe, record, and report to physician the patient's condition or injury, the treatment provided, and reactions to drugs or treatment.",,,,,train,1
,,,human-task-exposure-v2.0,,22861,29-2042.00,Emergency Medical Technicians,29,"Maintain vehicles and medical and communication equipment, and replenish first aid equipment and supplies.",,,,,train,1
,,,human-task-exposure-v2.0,,22852,29-2042.00,Emergency Medical Technicians,29,Administer first aid treatment or life support care to sick or injured persons in prehospital settings.,,,,,train,1
,,,human-task-exposure-v2.0,,22875,29-2043.00,Paramedics,29,Perform emergency invasive intervention before delivering patient to an acute care facility.,,,,,train,1
,,,human-task-exposure-v2.0,,22869,29-2043.00,Paramedics,29,"Coordinate with treatment center personnel to obtain patients' vital statistics and medical history, to determine the circumstances of the emergency, and to administer emergency treatment.",,,,,train,1
,,,human-task-exposure-v2.0,,22870,29-2043.00,Paramedics,29,Coordinate work with other emergency medical team members or police or fire department personnel.,,,,,train,1
,,,human-task-exposure-v2.0,,1946,29-2052.00,Pharmacy Technicians,29,"Establish or maintain patient profiles, including lists of medications taken by individual patients.",,,,,train,1
,,,human-task-exposure-v2.0,,18545,29-2052.00,Pharmacy Technicians,29,"Receive and store incoming supplies, verify quantities against invoices, check for outdated medications in current inventory, and inform supervisors of stock needs and shortages.",,,,,train,1
,,,human-task-exposure-v2.0,,1949,29-2052.00,Pharmacy Technicians,29,"Transfer medication from vials to the appropriate number of sterile, disposable syringes, using aseptic techniques.",,,,,train,1
,,,human-task-exposure-v2.0,,6944,29-2053.00,Psychiatric Technicians,29,Monitor patients' physical and emotional well-being and report unusual behavior or physical ailments to medical staff.,,,,,train,1
,,,human-task-exposure-v2.0,,6945,29-2053.00,Psychiatric Technicians,29,"Provide nursing, psychiatric, or personal care to patients with cognitive, intellectual, or developmental disabilities.",,,,,train,1
,,,human-task-exposure-v2.0,,6957,29-2053.00,Psychiatric Technicians,29,Contact patients' relatives to arrange family conferences.,,,,,train,1
,,,human-task-exposure-v2.0,,1965,29-2055.00,Surgical Technologists,29,"Prepare, care for, and dispose of tissue specimens taken for laboratory analysis.",,,,,train,1
,,,human-task-exposure-v2.0,,15243,29-2055.00,Surgical Technologists,29,"Prepare patients for surgery, including positioning patients on the operating table and covering them with sterile surgical drapes to prevent exposure.",,,,,train,1
,,,human-task-exposure-v2.0,,24038,29-2055.00,Surgical Technologists,29,Transport patients to and from the operating room.,,,,,train,1
,,,human-task-exposure-v2.0,,4187,29-2056.00,Veterinary Technologists and Technicians,29,Observe the behavior and condition of animals and monitor their clinical symptoms.,,,,,train,1
,,,human-task-exposure-v2.0,,4184,29-2056.00,Veterinary Technologists and Technicians,29,"Fill prescriptions, measuring medications and labeling containers.",,,,,train,1
,,,human-task-exposure-v2.0,,4200,29-2056.00,Veterinary Technologists and Technicians,29,"Conduct specialized procedures, such as animal branding or tattooing or hoof trimming.",,,,,train,1
,,,human-task-exposure-v2.0,,19246,29-2057.00,Ophthalmic Medical Technicians,29,Instruct patients in the care and use of contact lenses.,,,,,validation,1
,,,human-task-exposure-v2.0,,19240,29-2057.00,Ophthalmic Medical Technicians,29,"Assess refractive conditions of eyes, using retinoscopes.",,,,,validation,1
,,,human-task-exposure-v2.0,,19253,29-2057.00,Ophthalmic Medical Technicians,29,Adjust or make minor repairs to spectacles or eyeglasses.,,,,,validation,1
,,,human-task-exposure-v2.0,,513,29-2061.00,Licensed Practical and Licensed Vocational Nurses,29,Supervise nurses' aides or assistants.,,,,,train,1
,,,human-task-exposure-v2.0,,507,29-2061.00,Licensed Practical and Licensed Vocational Nurses,29,"Observe patients, charting and reporting changes in patients' conditions, such as adverse reactions to medication or treatment, and taking any necessary action.",,,,,train,1
,,,human-task-exposure-v2.0,,527,29-2061.00,Licensed Practical and Licensed Vocational Nurses,29,Wash and dress bodies of deceased persons.,,,,,train,1
,,,human-task-exposure-v2.0,,22886,29-2072.00,Medical Records Specialists,29,Protect the security of medical records to ensure that confidentiality is maintained.,,,,,test,1
,,,human-task-exposure-v2.0,,22891,29-2072.00,Medical Records Specialists,29,Scan patients' health records into electronic formats.,,,,,test,1
,,,human-task-exposure-v2.0,,22884,29-2072.00,Medical Records Specialists,29,Process and prepare business or government forms.,,,,,test,1
,,,human-task-exposure-v2.0,,4202,29-2081.00,"Opticians, Dispensing",29,Verify that finished lenses are ground to specifications.,,,,,test,1
,,,human-task-exposure-v2.0,,4210,29-2081.00,"Opticians, Dispensing",29,Evaluate prescriptions in conjunction with clients' vocational and avocational visual requirements.,,,,,test,1
,,,human-task-exposure-v2.0,,4213,29-2081.00,"Opticians, Dispensing",29,"Show customers how to insert, remove, and care for their contact lenses.",,,,,test,1
,,,human-task-exposure-v2.0,,17426,29-2099.01,Neurodiagnostic Technologists,29,"Calibrate, troubleshoot, or repair equipment and correct malfunctions, as needed.",,,,,train,1
,,,human-task-exposure-v2.0,,17438,29-2099.01,Neurodiagnostic Technologists,29,"Participate in research projects, conferences, or technical meetings.",,,,,train,1
,,,human-task-exposure-v2.0,,17433,29-2099.01,Neurodiagnostic Technologists,29,Adjust equipment to optimize viewing of the nervous system.,,,,,train,1
,,,human-task-exposure-v2.0,,19275,29-2099.05,Ophthalmic Medical Technologists,29,"Measure visual acuity, including near, distance, pinhole, or dynamic visual acuity, using appropriate tests.",,,,,train,1
,,,human-task-exposure-v2.0,,19284,29-2099.05,Ophthalmic Medical Technologists,29,Conduct low vision blindness tests.,,,,,train,1
,,,human-task-exposure-v2.0,,19278,29-2099.05,Ophthalmic Medical Technologists,29,"Perform slit lamp biomicroscopy procedures to diagnose disorders of the eye, such as retinitis, presbyopia, cataracts, or retinal detachment.",,,,,train,1
,,,human-task-exposure-v2.0,,17671,29-2099.08,Patient Representatives,29,Refer patients to appropriate health care services or resources.,,,,,train,1
,,,human-task-exposure-v2.0,,17678,29-2099.08,Patient Representatives,29,Maintain knowledge of community services and resources available to patients.,,,,,train,1
,,,human-task-exposure-v2.0,,17675,29-2099.08,Patient Representatives,29,Teach patients to use home health care equipment.,,,,,train,1
,,,human-task-exposure-v2.0,,4222,29-9091.00,Athletic Trainers,29,"Care for athletic injuries, using physical therapy equipment, techniques, or medication.",,,,,train,1
,,,human-task-exposure-v2.0,,4227,29-9091.00,Athletic Trainers,29,Advise athletes on the proper use of equipment.,,,,,train,1
,,,human-task-exposure-v2.0,,18692,29-9091.00,Athletic Trainers,29,File athlete insurance claims and communicate with insurance providers.,,,,,train,1
,,,human-task-exposure-v2.0,,17505,29-9092.00,Genetic Counselors,29,"Determine or coordinate treatment plans by requesting laboratory services, reviewing genetics or counseling literature, and considering histories or diagnostic data.",,,,,train,1
,,,human-task-exposure-v2.0,,17508,29-9092.00,Genetic Counselors,29,"Interview patients or review medical records to obtain comprehensive patient or family medical histories, and document findings.",,,,,train,1
,,,human-task-exposure-v2.0,,17516,29-9092.00,Genetic Counselors,29,Identify funding sources and write grant proposals for eligible programs or services.,,,,,train,1
,,,human-task-exposure-v2.0,,19299,29-9093.00,Surgical Assistants,29,Monitor and maintain aseptic technique throughout procedures.,,,,,train,1
,,,human-task-exposure-v2.0,,19306,29-9093.00,Surgical Assistants,29,Cover patients with surgical drapes to create and maintain a sterile operative field.,,,,,train,1
,,,human-task-exposure-v2.0,,19314,29-9093.00,Surgical Assistants,29,Transport patients to operating room.,,,,,train,1
,,,human-task-exposure-v2.0,,17486,29-9099.01,Midwives,29,"Provide necessary medical care for infants at birth, including emergency care such as resuscitation.",,,,,train,1
,,,human-task-exposure-v2.0,,17484,29-9099.01,Midwives,29,Perform post-partum health assessments of mothers and babies at regular intervals.,,,,,train,1
,,,human-task-exposure-v2.0,,17492,29-9099.01,Midwives,29,Complete birth certificates.,,,,,train,1
,,,human-task-exposure-v2.0,,4246,31-1121.00,Home Health Aides,31,Direct patients in simple prescribed exercises or in the use of braces or artificial limbs.,,,,,train,1
,,,human-task-exposure-v2.0,,4242,31-1121.00,Home Health Aides,31,"Provide patients and families with emotional support and instruction in areas such as caring for infants, preparing healthy meals, living independently, or adapting to disability or illness.",,,,,train,1
,,,human-task-exposure-v2.0,,4252,31-1121.00,Home Health Aides,31,Care for children with disabilities or who have sick parents or parents with disabilities.,,,,,train,1
,,,human-task-exposure-v2.0,,2374,31-1122.00,Personal Care Aides,31,"Instruct or advise clients on issues, such as household cleanliness, utilities, hygiene, nutrition, or infant care.",,,,,train,1
,,,human-task-exposure-v2.0,,2376,31-1122.00,Personal Care Aides,31,"Participate in case reviews, consulting with the team caring for the client, to evaluate the client's needs and plan for continuing services.",,,,,train,1
,,,human-task-exposure-v2.0,,2377,31-1122.00,Personal Care Aides,31,"Transport clients to locations outside the home, such as to physicians' offices or on outings, using a motor vehicle.",,,,,train,1
,,,human-task-exposure-v2.0,,19340,31-1131.00,Nursing Assistants,31,"Transport patients to treatment units, testing units, operating rooms, or other areas, using wheelchairs, stretchers, or moveable beds.",,,,,train,1
,,,human-task-exposure-v2.0,,19328,31-1131.00,Nursing Assistants,31,"Observe or examine patients to detect symptoms that may require medical attention, such as bruises, open wounds, or blood in urine.",,,,,train,1
,,,human-task-exposure-v2.0,,19316,31-1131.00,Nursing Assistants,31,"Administer medications or treatments, such as catheterizations, suppositories, irrigations, enemas, massages, or douches, as directed by a physician or nurse.",,,,,train,1
,,,human-task-exposure-v2.0,,19353,31-1132.00,Orderlies,31,"Clean equipment, such as wheelchairs, hospital beds, or portable medical equipment, documenting needed repairs or maintenance.",,,,,train,1
,,,human-task-exposure-v2.0,,19356,31-1132.00,Orderlies,31,"Disinfect or sterilize equipment or supplies, using germicides or sterilizing equipment.",,,,,train,1
,,,human-task-exposure-v2.0,,19365,31-1132.00,Orderlies,31,Transport bodies to the morgue.,,,,,train,1
,,,human-task-exposure-v2.0,,18696,31-1133.00,Psychiatric Aides,31,Complete physical checks and monitor patients to detect unusual or harmful behavior and report observations to professional staff.,,,,,validation,1
,,,human-task-exposure-v2.0,,2003,31-1133.00,Psychiatric Aides,31,"Provide patients with assistance in bathing, dressing, or grooming, demonstrating these skills as necessary.",,,,,validation,1
,,,human-task-exposure-v2.0,,1999,31-1133.00,Psychiatric Aides,31,"Perform nursing duties, such as administering medications, measuring vital signs, collecting specimens, or drawing blood samples.",,,,,validation,1
,,,human-task-exposure-v2.0,,4259,31-2011.00,Occupational Therapy Assistants,31,"Evaluate the daily living skills or capacities of clients with physical, developmental, or mental health disabilities.",,,,,train,1
,,,human-task-exposure-v2.0,,4258,31-2011.00,Occupational Therapy Assistants,31,"Instruct, or assist in instructing, patients and families in home programs, basic living skills, or the care and use of adaptive equipment.",,,,,train,1
,,,human-task-exposure-v2.0,,4272,31-2011.00,Occupational Therapy Assistants,31,Assist educational specialists or clinical psychologists in administering situational or diagnostic tests to measure client's abilities or progress.,,,,,train,1
,,,human-task-exposure-v2.0,,9405,31-2012.00,Occupational Therapy Aides,31,Supervise patients in choosing and completing work assignments or arts and crafts projects.,,,,,train,1
,,,human-task-exposure-v2.0,,9404,31-2012.00,Occupational Therapy Aides,31,"Instruct patients and families in work, social, and living skills, the care and use of adaptive equipment, and other skills to facilitate home and work adjustment to disability.",,,,,train,1
,,,human-task-exposure-v2.0,,9411,31-2012.00,Occupational Therapy Aides,31,Assist educational specialists or clinical psychologists in administering situational or diagnostic tests to measure client's abilities or progress.,,,,,train,1
,,,human-task-exposure-v2.0,,15250,31-2021.00,Physical Therapist Assistants,31,"Attend or conduct continuing education courses, seminars, or in-service activities.",,,,,train,1
,,,human-task-exposure-v2.0,,21193,31-2021.00,Physical Therapist Assistants,31,"Instruct patients in proper body mechanics and in ways to improve functional mobility, such as aquatic exercise.",,,,,train,1
,,,human-task-exposure-v2.0,,21194,31-2021.00,Physical Therapist Assistants,31,Perform therapeutic wound care.,,,,,train,1
,,,human-task-exposure-v2.0,,4278,31-2022.00,Physical Therapist Aides,31,"Confer with physical therapy staff or others to discuss and evaluate patient information for planning, modifying, or coordinating treatment.",,,,,validation,1
,,,human-task-exposure-v2.0,,4281,31-2022.00,Physical Therapist Aides,31,"Maintain equipment or furniture to keep it in good working condition, including performing the assembly or disassembly of equipment or accessories.",,,,,validation,1
,,,human-task-exposure-v2.0,,4290,31-2022.00,Physical Therapist Aides,31,"Administer traction to relieve neck or back pain, using intermittent or static traction equipment.",,,,,validation,1
,,,human-task-exposure-v2.0,,23928,31-9011.00,Massage Therapists,31,Maintain massage areas by restocking supplies or sanitizing equipment.,,,,,test,1
,,,human-task-exposure-v2.0,,20757,31-9011.00,Massage Therapists,31,Perform other adjunctive therapies or treatment techniques in addition to massage.,,,,,test,1
,,,human-task-exposure-v2.0,,7886,31-9011.00,Massage Therapists,31,"Use complementary aids, such as infrared lamps, wet compresses, ice, and whirlpool baths to promote clients' recovery, relaxation, and well-being.",,,,,test,1
,,,human-task-exposure-v2.0,,552,31-9091.00,Dental Assistants,31,Record treatment information in patient records.,,,,,train,1
,,,human-task-exposure-v2.0,,559,31-9091.00,Dental Assistants,31,Clean and polish removable appliances.,,,,,train,1
,,,human-task-exposure-v2.0,,18553,31-9091.00,Dental Assistants,31,"Fabricate and fit orthodontic appliances and materials for patients, such as retainers, wires, or bands.",,,,,train,1
,,,human-task-exposure-v2.0,,2036,31-9092.00,Medical Assistants,31,Greet and log in patients arriving at office or clinic.,,,,,train,1
,,,human-task-exposure-v2.0,,2032,31-9092.00,Medical Assistants,31,"Prepare treatment rooms for patient examinations, keeping the rooms neat and clean.",,,,,train,1
,,,human-task-exposure-v2.0,,2042,31-9092.00,Medical Assistants,31,"Keep financial records or perform other bookkeeping duties, such as handling credit or collections or mailing monthly statements to patients.",,,,,train,1
,,,human-task-exposure-v2.0,,4301,31-9093.00,Medical Equipment Preparers,31,Attend hospital in-service programs related to areas of work specialization.,,,,,test,1
,,,human-task-exposure-v2.0,,4302,31-9093.00,Medical Equipment Preparers,31,Purge wastes from equipment by connecting equipment to water sources and flushing water through systems.,,,,,test,1
,,,human-task-exposure-v2.0,,4304,31-9093.00,Medical Equipment Preparers,31,"Assist hospital staff with patient care duties, such as providing transportation or setting up traction.",,,,,test,1
,,,human-task-exposure-v2.0,,9413,31-9094.00,Medical Transcriptionists,31,"Transcribe dictation for a variety of medical reports, such as patient histories, physical examinations, emergency room visits, operations, chart reviews, consultation, or discharge summaries.",,,,,train,1
,,,human-task-exposure-v2.0,,9427,31-9094.00,Medical Transcriptionists,31,Receive and screen telephone calls and visitors.,,,,,train,1
,,,human-task-exposure-v2.0,,9422,31-9094.00,Medical Transcriptionists,31,"Answer inquiries concerning the progress of medical cases, within the limits of confidentiality laws.",,,,,train,1
,,,human-task-exposure-v2.0,,2061,31-9095.00,Pharmacy Aides,31,Calculate anticipated drug usage for a prescribed period.,,,,,train,1
,,,human-task-exposure-v2.0,,2052,31-9095.00,Pharmacy Aides,31,Operate cash register to process cash or credit sales.,,,,,train,1
,,,human-task-exposure-v2.0,,2049,31-9095.00,Pharmacy Aides,31,"Unpack, sort, count, and label incoming merchandise, including items requiring special handling or refrigeration.",,,,,train,1
,,,human-task-exposure-v2.0,,4322,31-9096.00,Veterinary Assistants and Laboratory Animal Caretakers,31,"Record information relating to animal genealogy, feeding schedules, appearance, behavior, or breeding.",,,,,train,1
,,,human-task-exposure-v2.0,,4306,31-9096.00,Veterinary Assistants and Laboratory Animal Caretakers,31,Monitor animals recovering from surgery and notify veterinarians of any unusual changes or symptoms.,,,,,train,1
,,,human-task-exposure-v2.0,,4333,31-9096.00,Veterinary Assistants and Laboratory Animal Caretakers,31,"Groom, trim, or clip animals' coats.",,,,,train,1
,,,human-task-exposure-v2.0,,19394,31-9097.00,Phlebotomists,31,Serve refreshments to donors to ensure absorption of sugar into their systems.,,,,,train,1
,,,human-task-exposure-v2.0,,19392,31-9097.00,Phlebotomists,31,Process blood or other fluid samples for further analysis by other medical professionals.,,,,,train,1
,,,human-task-exposure-v2.0,,19384,31-9097.00,Phlebotomists,31,"Calibrate or maintain machines, such as those used for plasma collection.",,,,,train,1
,,,human-task-exposure-v2.0,,17540,31-9099.01,Speech-Language Pathology Assistants,31,"Prepare charts, graphs, or other visual displays to communicate clients' performance information.",,,,,train,1
,,,human-task-exposure-v2.0,,17535,31-9099.01,Speech-Language Pathology Assistants,31,Document clients' progress toward meeting established treatment objectives.,,,,,train,1
,,,human-task-exposure-v2.0,,17538,31-9099.01,Speech-Language Pathology Assistants,31,"Conduct in-service training sessions, or family and community education programs.",,,,,train,1
,,,human-task-exposure-v2.0,,17528,31-9099.02,Endoscopy Technicians,31,Conduct in-service training sessions to disseminate information regarding equipment or instruments.,,,,,train,1
,,,human-task-exposure-v2.0,,17527,31-9099.02,Endoscopy Technicians,31,"Collect specimens from patients, using standard medical procedures.",,,,,train,1
,,,human-task-exposure-v2.0,,17525,31-9099.02,Endoscopy Technicians,31,Assist physicians or registered nurses in the conduct of endoscopic procedures.,,,,,train,1
,,,human-task-exposure-v2.0,,9443,33-1011.00,First-Line Supervisors of Correctional Officers,33,Set up employee work schedules.,,,,,train,1
,,,human-task-exposure-v2.0,,9428,33-1011.00,First-Line Supervisors of Correctional Officers,33,"Take, receive, or check periodic inmate counts.",,,,,train,1
,,,human-task-exposure-v2.0,,9441,33-1011.00,First-Line Supervisors of Correctional Officers,33,"Supervise or provide security for offenders performing tasks, such as construction, maintenance, laundry, food service, or other industrial or agricultural operations.",,,,,train,1
,,,human-task-exposure-v2.0,,570,33-1012.00,First-Line Supervisors of Police and Detectives,33,"Monitor and evaluate the job performance of subordinates, and authorize promotions and transfers.",,,,,validation,1
,,,human-task-exposure-v2.0,,575,33-1012.00,First-Line Supervisors of Police and Detectives,33,Discipline staff for violation of department rules and regulations.,,,,,validation,1
,,,human-task-exposure-v2.0,,572,33-1012.00,First-Line Supervisors of Police and Detectives,33,"Develop, implement, and revise departmental policies and procedures.",,,,,validation,1
,,,human-task-exposure-v2.0,,22939,33-1021.00,First-Line Supervisors of Firefighting and Prevention Workers,33,Recruit or hire firefighting personnel.,,,,,validation,1
,,,human-task-exposure-v2.0,,22929,33-1021.00,First-Line Supervisors of Firefighting and Prevention Workers,33,"Perform administrative duties, such as compiling and maintaining records, completing forms, preparing reports, or composing correspondence.",,,,,validation,1
,,,human-task-exposure-v2.0,,22934,33-1021.00,First-Line Supervisors of Firefighting and Prevention Workers,33,Study and interpret fire safety codes to establish procedures for issuing permits to handle hazardous or flammable substances.,,,,,validation,1
,,,human-task-exposure-v2.0,,22956,33-1091.00,First-Line Supervisors of Security Workers,33,"Screen individuals and belongings to prevent passage of prohibited materials using walkthrough detectors, wands, or bag searches.",,,,,test,1
,,,human-task-exposure-v2.0,,22950,33-1091.00,First-Line Supervisors of Security Workers,33,Monitor closed-circuit television cameras.,,,,,test,1
,,,human-task-exposure-v2.0,,22952,33-1091.00,First-Line Supervisors of Security Workers,33,"Order materials or supplies, such as keys, uniforms, and badges.",,,,,test,1
,,,human-task-exposure-v2.0,,22975,33-2011.00,Firefighters,33,Participate in fire drills and demonstrations of fire fighting techniques.,,,,,train,1
,,,human-task-exposure-v2.0,,22981,33-2011.00,Firefighters,33,"Salvage property by removing broken glass, pumping out water, and ventilating buildings to remove smoke.",,,,,train,1
,,,human-task-exposure-v2.0,,22982,33-2011.00,Firefighters,33,"Orient self in relation to fire, using compass and map, and collect supplies and equipment dropped by parachute.",,,,,train,1
,,,human-task-exposure-v2.0,,23010,33-2021.00,Fire Inspectors and Investigators,33,Conduct fire exit drills to monitor and evaluate evacuation procedures.,,,,,train,1
,,,human-task-exposure-v2.0,,22997,33-2021.00,Fire Inspectors and Investigators,33,"Examine fire sites and collect evidence such as glass, metal fragments, charred wood, and accelerant residue for use in determining the cause of a fire.",,,,,train,1
,,,human-task-exposure-v2.0,,23018,33-2021.00,Fire Inspectors and Investigators,33,Issue permits for public assemblies.,,,,,train,1
,,,human-task-exposure-v2.0,,11112,33-2022.00,Forest Fire Inspectors and Prevention Specialists,33,"Patrol assigned areas, looking for forest fires, hazardous conditions, and weather phenomena.",,,,,train,1
,,,human-task-exposure-v2.0,,11104,33-2022.00,Forest Fire Inspectors and Prevention Specialists,33,"Estimate sizes and characteristics of fires, and report findings to base camps by radio or telephone.",,,,,train,1
,,,human-task-exposure-v2.0,,11102,33-2022.00,Forest Fire Inspectors and Prevention Specialists,33,"Relay messages about emergencies, accidents, locations of crew and personnel, and fire hazard conditions.",,,,,train,1
,,,human-task-exposure-v2.0,,2098,33-3011.00,Bailiffs,33,Stop people from entering courtroom while judge charges jury.,,,,,validation,1
,,,human-task-exposure-v2.0,,2095,33-3011.00,Bailiffs,33,Report need for police or medical assistance to sheriff's office.,,,,,validation,1
,,,human-task-exposure-v2.0,,2093,33-3011.00,Bailiffs,33,Provide jury escort to restaurant and other areas outside of courtroom to prevent jury contact with public.,,,,,validation,1
,,,human-task-exposure-v2.0,,15253,33-3012.00,Correctional Officers and Jailers,33,"Monitor conduct of prisoners in housing unit, or during work or recreational activities, according to established policies, regulations, and procedures, to prevent escape or violence.",,,,,test,1
,,,human-task-exposure-v2.0,,15260,33-3012.00,Correctional Officers and Jailers,33,"Counsel inmates and respond to legitimate questions, concerns, and requests.",,,,,test,1
,,,human-task-exposure-v2.0,,23976,33-3012.00,Correctional Officers and Jailers,33,"Take fingerprints of arrestees, prisoners, or the general public.",,,,,test,1
,,,human-task-exposure-v2.0,,23022,33-3021.00,Detectives and Criminal Investigators,33,"Obtain facts or statements from complainants, witnesses, and accused persons and record interviews, using recording device.",,,,,test,1
,,,human-task-exposure-v2.0,,23036,33-3021.00,Detectives and Criminal Investigators,33,Question individuals or observe persons and establishments to confirm information given to patrol officers.,,,,,test,1
,,,human-task-exposure-v2.0,,23045,33-3021.00,Detectives and Criminal Investigators,33,"Search for and collect evidence, such as fingerprints, using investigative equipment.",,,,,test,1
,,,human-task-exposure-v2.0,,18711,33-3021.02,Police Identification and Records Officers,33,Serve as technical advisor and coordinate with other law enforcement workers or legal personnel to exchange information on crime scene collection activities.,,,,,train,1
,,,human-task-exposure-v2.0,,21036,33-3021.02,Police Identification and Records Officers,33,"Analyze and process evidence at crime scenes, during autopsies, or in the laboratory, wearing protective equipment and using powders and chemicals.",,,,,train,1
,,,human-task-exposure-v2.0,,18713,33-3021.02,Police Identification and Records Officers,33,"Interview survivors, witnesses, suspects, and other law enforcement personnel.",,,,,train,1
,,,human-task-exposure-v2.0,,17555,33-3021.06,Intelligence Analysts,33,Validate known intelligence with data from other sources.,,,,,train,1
,,,human-task-exposure-v2.0,,17552,33-3021.06,Intelligence Analysts,33,"Prepare comprehensive written reports, presentations, maps, or charts, based on research, collection, and analysis of intelligence data.",,,,,train,1
,,,human-task-exposure-v2.0,,17557,33-3021.06,Intelligence Analysts,33,"Develop defense plans or tactics, using intelligence and other information.",,,,,train,1
,,,human-task-exposure-v2.0,,7923,33-3031.00,Fish and Game Wardens,33,Recommend revisions in hunting and trapping regulations or in animal management programs so that wildlife balances or habitats can be maintained.,,,,,test,1
,,,human-task-exposure-v2.0,,20582,33-3031.00,Fish and Game Wardens,33,Compile and present evidence for court actions.,,,,,test,1
,,,human-task-exposure-v2.0,,7924,33-3031.00,Fish and Game Wardens,33,"Inspect commercial operations relating to fish or wildlife, recreation, or protected areas.",,,,,test,1
,,,human-task-exposure-v2.0,,7935,33-3041.00,Parking Enforcement Workers,33,Patrol an assigned area by vehicle or on foot to ensure public compliance with existing parking ordinance.,,,,,train,1
,,,human-task-exposure-v2.0,,7943,33-3041.00,Parking Enforcement Workers,33,"Observe and report hazardous conditions, such as missing traffic signals or signs, and street markings that need to be repainted.",,,,,train,1
,,,human-task-exposure-v2.0,,7956,33-3041.00,Parking Enforcement Workers,33,Assign and review the work of subordinates.,,,,,train,1
,,,human-task-exposure-v2.0,,23059,33-3051.00,Police and Sheriff's Patrol Officers,33,"Drive vehicles or patrol specific areas to detect law violators, issue citations, and make arrests.",,,,,train,1
,,,human-task-exposure-v2.0,,23061,33-3051.00,Police and Sheriff's Patrol Officers,33,Relay complaint and emergency-request information to appropriate agency dispatchers.,,,,,train,1
,,,human-task-exposure-v2.0,,23080,33-3051.00,Police and Sheriff's Patrol Officers,33,Conduct community programs for all ages concerning topics such as drugs and violence.,,,,,train,1
,,,human-task-exposure-v2.0,,9450,33-3051.04,Customs and Border Protection Officers,33,"Examine immigration applications, visas, and passports and interview persons to determine eligibility for admission, residence, and travel in the U.S.",,,,,train,1
,,,human-task-exposure-v2.0,,9458,33-3051.04,Customs and Border Protection Officers,33,Determine duty and taxes to be paid on goods.,,,,,train,1
,,,human-task-exposure-v2.0,,9460,33-3051.04,Customs and Border Protection Officers,33,Investigate applications for duty refunds and petition for remission or mitigation of penalties when warranted.,,,,,train,1
,,,human-task-exposure-v2.0,,21004,33-3052.00,Transit and Railroad Police,33,Provide training to the public or law enforcement personnel in railroad safety or security.,,,,,train,1
,,,human-task-exposure-v2.0,,21003,33-3052.00,Transit and Railroad Police,33,Enforce traffic laws regarding the transit system and reprimand individuals who violate them.,,,,,train,1
,,,human-task-exposure-v2.0,,9481,33-3052.00,Transit and Railroad Police,33,Direct or coordinate the daily activities or training of security staff.,,,,,train,1
,,,human-task-exposure-v2.0,,7971,33-9011.00,Animal Control Workers,33,"Examine animal licenses, and inspect establishments housing animals for compliance with laws.",,,,,train,1
,,,human-task-exposure-v2.0,,7965,33-9011.00,Animal Control Workers,33,"Prepare for prosecutions related to animal treatment, and give evidence in court.",,,,,train,1
,,,human-task-exposure-v2.0,,7973,33-9011.00,Animal Control Workers,33,"Train police officers in dog handling and training techniques for tracking, crowd control, and narcotics and bomb detection.",,,,,train,1
,,,human-task-exposure-v2.0,,13100,33-9021.00,Private Detectives and Investigators,33,Testify at hearings or court trials to present evidence.,,,,,train,1
,,,human-task-exposure-v2.0,,13102,33-9021.00,Private Detectives and Investigators,33,"Observe and document activities of individuals to detect unlawful acts or to obtain evidence for cases, using binoculars and still or video cameras.",,,,,train,1
,,,human-task-exposure-v2.0,,13109,33-9021.00,Private Detectives and Investigators,33,"Count cash and review transactions, sales checks, or register tapes to verify amounts or to identify shortages.",,,,,train,1
,,,human-task-exposure-v2.0,,4411,33-9031.00,Gambling Surveillance Officers and Gambling Investigators,33,Supervise or train surveillance observers.,,,,,train,1
,,,human-task-exposure-v2.0,,4410,33-9031.00,Gambling Surveillance Officers and Gambling Investigators,33,Act as oversight or security agents for management or customers.,,,,,train,1
,,,human-task-exposure-v2.0,,4407,33-9031.00,Gambling Surveillance Officers and Gambling Investigators,33,"Observe casino or casino hotel operations for irregular activities, such as cheating or theft by employees or patrons, using audio and video equipment and one-way mirrors.",,,,,train,1
,,,human-task-exposure-v2.0,,20895,33-9032.00,Security Guards,33,Respond to medical emergencies by administering basic first aid or by obtaining assistance from paramedics.,,,,,validation,1
,,,human-task-exposure-v2.0,,20894,33-9032.00,Security Guards,33,Lock doors and gates of entrances and exits to secure buildings.,,,,,validation,1
,,,human-task-exposure-v2.0,,2143,33-9032.00,Security Guards,33,"Monitor and adjust controls that regulate building systems, such as air conditioning, furnace, or boiler.",,,,,validation,1
,,,human-task-exposure-v2.0,,11120,33-9091.00,Crossing Guards and Flaggers,33,Report unsafe behavior of children to school officials.,,,,,validation,1
,,,human-task-exposure-v2.0,,11122,33-9091.00,Crossing Guards and Flaggers,33,"Direct traffic movement or warn of hazards, using signs, flags, lanterns, and hand signals.",,,,,validation,1
,,,human-task-exposure-v2.0,,11127,33-9091.00,Crossing Guards and Flaggers,33,Inform drivers of detour routes through construction sites.,,,,,validation,1
,,,human-task-exposure-v2.0,,5046,33-9092.00,"Lifeguards, Ski Patrol, and Other Recreational Protective Service Workers",33,"Inspect recreational equipment, such as rope tows, T-bars, J-bars, or chair lifts, for safety hazards and damage or wear.",,,,,train,1
,,,human-task-exposure-v2.0,,20129,33-9092.00,"Lifeguards, Ski Patrol, and Other Recreational Protective Service Workers",33,Maintain quality of pool water by testing chemical levels.,,,,,train,1
,,,human-task-exposure-v2.0,,5052,33-9092.00,"Lifeguards, Ski Patrol, and Other Recreational Protective Service Workers",33,Participate in recreational demonstrations to entertain resort guests.,,,,,train,1
,,,human-task-exposure-v2.0,,15345,33-9093.00,Transportation Security Screeners,33,Notify supervisors or other appropriate personnel when security breaches occur.,,,,,test,1
,,,human-task-exposure-v2.0,,15342,33-9093.00,Transportation Security Screeners,33,Inspect checked baggage for signs of tampering.,,,,,test,1
,,,human-task-exposure-v2.0,,15343,33-9093.00,Transportation Security Screeners,33,"Locate suspicious bags pictured in printouts sent from remote monitoring areas, and set these bags aside for inspection.",,,,,test,1
,,,human-task-exposure-v2.0,,23081,33-9094.00,School Bus Monitors,33,Announce routes or stops.,,,,,train,1
,,,human-task-exposure-v2.0,,23087,33-9094.00,School Bus Monitors,33,Escort young children across roads or highways.,,,,,train,1
,,,human-task-exposure-v2.0,,23090,33-9094.00,School Bus Monitors,33,Monitor for trains at railroad crossings and signal the bus driver when it is safe to proceed.,,,,,train,1
,,,human-task-exposure-v2.0,,17573,33-9099.02,Retail Loss Prevention Specialists,33,"Verify proper functioning of physical security systems, such as closed-circuit televisions, alarms, sensor tag systems, or locks.",,,,,train,1
,,,human-task-exposure-v2.0,,17572,33-9099.02,Retail Loss Prevention Specialists,33,Train establishment personnel in loss prevention activities.,,,,,train,1
,,,human-task-exposure-v2.0,,17576,33-9099.02,Retail Loss Prevention Specialists,33,Conduct employee background investigations and review reports with operational or human resources managers.,,,,,train,1
,,,human-task-exposure-v2.0,,11133,35-1011.00,Chefs and Head Cooks,35,"Inspect supplies, equipment, or work areas to ensure conformance to established standards.",,,,,test,1
,,,human-task-exposure-v2.0,,11128,35-1011.00,Chefs and Head Cooks,35,Check the quality of raw or cooked food products to ensure that standards are met.,,,,,test,1
,,,human-task-exposure-v2.0,,11146,35-1011.00,Chefs and Head Cooks,35,Record production or operational data on specified forms.,,,,,test,1
,,,human-task-exposure-v2.0,,2156,35-1012.00,First-Line Supervisors of Food Preparation and Serving Workers,35,"Greet and seat guests, and present menus and wine lists.",,,,,test,1
,,,human-task-exposure-v2.0,,2146,35-1012.00,First-Line Supervisors of Food Preparation and Serving Workers,35,"Train workers in food preparation, and in service, sanitation, and safety procedures.",,,,,test,1
,,,human-task-exposure-v2.0,,2165,35-1012.00,First-Line Supervisors of Food Preparation and Serving Workers,35,"Develop departmental objectives, budgets, policies, procedures, and strategies.",,,,,test,1
,,,human-task-exposure-v2.0,,5061,35-2011.00,"Cooks, Fast Food",35,"Cook and package batches of food, such as hamburgers or fried chicken, prepared to order or kept warm until sold.",,,,,train,1
,,,human-task-exposure-v2.0,,5059,35-2011.00,"Cooks, Fast Food",35,"Wash, cut, and prepare foods designated for cooking.",,,,,train,1
,,,human-task-exposure-v2.0,,5067,35-2011.00,"Cooks, Fast Food",35,"Schedule activities and equipment use with managers, using information about daily menus to help coordinate cooking times.",,,,,train,1
,,,human-task-exposure-v2.0,,9499,35-2012.00,"Cooks, Institution and Cafeteria",35,"Requisition food supplies, kitchen equipment, and appliances, based on estimates of future needs.",,,,,train,1
,,,human-task-exposure-v2.0,,9494,35-2012.00,"Cooks, Institution and Cafeteria",35,"Bake breads, rolls, or other pastries.",,,,,train,1
,,,human-task-exposure-v2.0,,9498,35-2012.00,"Cooks, Institution and Cafeteria",35,"Plan menus that are varied, nutritionally balanced, and appetizing, taking advantage of foods in season and local availability.",,,,,train,1
,,,human-task-exposure-v2.0,,20896,35-2013.00,"Cooks, Private Household",35,"Cool, package, label, and freeze foods for later consumption and provide instructions for reheating.",,,,,train,1
,,,human-task-exposure-v2.0,,9505,35-2013.00,"Cooks, Private Household",35,"Stock, organize, and clean kitchens and cooking utensils.",,,,,train,1
,,,human-task-exposure-v2.0,,9511,35-2013.00,"Cooks, Private Household",35,Travel with employers to vacation homes to provide meal preparation at those locations.,,,,,train,1
,,,human-task-exposure-v2.0,,2176,35-2014.00,"Cooks, Restaurant",35,"Bake, roast, broil, and steam meats, fish, vegetables, and other foods.",,,,,train,1
,,,human-task-exposure-v2.0,,18723,35-2014.00,"Cooks, Restaurant",35,"Ensure food is stored and cooked at correct temperature by regulating temperature of ovens, broilers, grills, and roasters.",,,,,train,1
,,,human-task-exposure-v2.0,,2185,35-2014.00,"Cooks, Restaurant",35,Keep records and accounts.,,,,,train,1
,,,human-task-exposure-v2.0,,2190,35-2015.00,"Cooks, Short Order",35,"Take orders from customers and cook foods requiring short preparation times, according to customer requirements.",,,,,validation,1
,,,human-task-exposure-v2.0,,18725,35-2015.00,"Cooks, Short Order",35,"Restock kitchen supplies, rotate food, and stamp the time and date on food in coolers.",,,,,validation,1
,,,human-task-exposure-v2.0,,2194,35-2015.00,"Cooks, Short Order",35,Order supplies and stock them on shelves.,,,,,validation,1
,,,human-task-exposure-v2.0,,2212,35-2021.00,Food Preparation Workers,35,Scrape leftovers from dishes into garbage containers.,,,,,train,1
,,,human-task-exposure-v2.0,,18730,35-2021.00,Food Preparation Workers,35,"Take and record temperature of food and food storage areas, such as refrigerators and freezers.",,,,,train,1
,,,human-task-exposure-v2.0,,2218,35-2021.00,Food Preparation Workers,35,"Butcher and clean fowl, fish, poultry, and shellfish to prepare for cooking or serving.",,,,,train,1
,,,human-task-exposure-v2.0,,2234,35-3011.00,Bartenders,35,"Ask customers who become loud and obnoxious to leave, or physically remove them.",,,,,train,1
,,,human-task-exposure-v2.0,,2231,35-3011.00,Bartenders,35,"Mix ingredients, such as liquor, soda, water, sugar, and bitters, to prepare cocktails and other drinks.",,,,,train,1
,,,human-task-exposure-v2.0,,2240,35-3011.00,Bartenders,35,"Prepare appetizers such as pickles, cheese, and cold meats.",,,,,train,1
,,,human-task-exposure-v2.0,,23115,35-3023.00,Fast Food and Counter Workers,35,"Prepare and serve cold drinks, frozen milk drinks, or desserts, using drink-dispensing, milkshake, or frozen-custard machines.",,,,,train,1
,,,human-task-exposure-v2.0,,23110,35-3023.00,Fast Food and Counter Workers,35,Serve customers in eating places that specialize in fast service and inexpensive carry-out food.,,,,,train,1
,,,human-task-exposure-v2.0,,23120,35-3023.00,Fast Food and Counter Workers,35,Distribute food to servers.,,,,,train,1
,,,human-task-exposure-v2.0,,17596,35-3023.01,Baristas,35,"Demonstrate the use of retail equipment, such as espresso machines.",,,,,train,1
,,,human-task-exposure-v2.0,,17588,35-3023.01,Baristas,35,Receive and process customer payments.,,,,,train,1
,,,human-task-exposure-v2.0,,17595,35-3023.01,Baristas,35,Create signs to advertise store products or events.,,,,,train,1
,,,human-task-exposure-v2.0,,2289,35-3031.00,Waiters and Waitresses,35,"Perform food preparation duties, such as preparing salads, appetizers, and cold dishes, portioning desserts, and brewing coffee.",,,,,test,1
,,,human-task-exposure-v2.0,,2284,35-3031.00,Waiters and Waitresses,35,Inform customers of daily specials.,,,,,test,1
,,,human-task-exposure-v2.0,,2294,35-3031.00,Waiters and Waitresses,35,Describe and recommend wines to customers.,,,,,test,1
,,,human-task-exposure-v2.0,,11157,35-3041.00,"Food Servers, Nonrestaurant",35,"Prepare food items, such as sandwiches, salads, soups, or beverages.",,,,,validation,1
,,,human-task-exposure-v2.0,,11152,35-3041.00,"Food Servers, Nonrestaurant",35,Place food servings on plates or trays according to orders or instructions.,,,,,validation,1
,,,human-task-exposure-v2.0,,11162,35-3041.00,"Food Servers, Nonrestaurant",35,"Total checks, present them to customers, and accept payment for services.",,,,,validation,1
,,,human-task-exposure-v2.0,,11169,35-9011.00,Dining Room and Cafeteria Attendants and Bartender Helpers,35,"Serve ice water, coffee, rolls, or butter to patrons.",,,,,train,1
,,,human-task-exposure-v2.0,,11173,35-9011.00,Dining Room and Cafeteria Attendants and Bartender Helpers,35,"Carry food, dishes, trays, or silverware from kitchens or supply departments to serving counters.",,,,,train,1
,,,human-task-exposure-v2.0,,11184,35-9011.00,Dining Room and Cafeteria Attendants and Bartender Helpers,35,Slice and pit fruit used to garnish drinks.,,,,,train,1
,,,human-task-exposure-v2.0,,11191,35-9021.00,Dishwashers,35,Clean garbage cans with water or steam.,,,,,train,1
,,,human-task-exposure-v2.0,,11188,35-9021.00,Dishwashers,35,"Maintain kitchen work areas, equipment, or utensils in clean and orderly condition.",,,,,train,1
,,,human-task-exposure-v2.0,,11198,35-9021.00,Dishwashers,35,Load or unload trucks that deliver or pick up food or supplies.,,,,,train,1
,,,human-task-exposure-v2.0,,2296,35-9031.00,"Hosts and Hostesses, Restaurant, Lounge, and Coffee Shop",35,Provide guests with menus.,,,,,validation,1
,,,human-task-exposure-v2.0,,18752,35-9031.00,"Hosts and Hostesses, Restaurant, Lounge, and Coffee Shop",35,Inspect dining and serving areas to ensure cleanliness and proper setup.,,,,,validation,1
,,,human-task-exposure-v2.0,,2310,35-9031.00,"Hosts and Hostesses, Restaurant, Lounge, and Coffee Shop",35,"Hire, train, and supervise food and beverage service staff.",,,,,validation,1
,,,human-task-exposure-v2.0,,9529,37-1011.00,First-Line Supervisors of Housekeeping and Janitorial Workers,37,"Select and order or purchase new equipment, supplies, or furnishings.",,,,,train,1
,,,human-task-exposure-v2.0,,9513,37-1011.00,First-Line Supervisors of Housekeeping and Janitorial Workers,37,Inspect work performed to ensure that it meets specifications and established standards.,,,,,train,1
,,,human-task-exposure-v2.0,,20131,37-1011.00,First-Line Supervisors of Housekeeping and Janitorial Workers,37,"Perform grounds maintenance tasks, such as removing snow and mowing the lawn.",,,,,train,1
,,,human-task-exposure-v2.0,,11201,37-1012.00,"First-Line Supervisors of Landscaping, Lawn Service, and Groundskeeping Workers",37,"Direct activities of workers who perform duties, such as landscaping, cultivating lawns, or pruning trees and shrubs.",,,,,train,1
,,,human-task-exposure-v2.0,,11208,37-1012.00,"First-Line Supervisors of Landscaping, Lawn Service, and Groundskeeping Workers",37,Confer with other supervisors to coordinate work activities with those of other departments or units.,,,,,train,1
,,,human-task-exposure-v2.0,,11222,37-1012.00,"First-Line Supervisors of Landscaping, Lawn Service, and Groundskeeping Workers",37,"Negotiate with customers regarding fees for landscaping, lawn service, or groundskeeping work.",,,,,train,1
,,,human-task-exposure-v2.0,,9540,37-2011.00,"Janitors and Cleaners, Except Maids and Housekeeping Cleaners",37,"Clean building floors by sweeping, mopping, scrubbing, or vacuuming.",,,,,train,1
,,,human-task-exposure-v2.0,,9539,37-2011.00,"Janitors and Cleaners, Except Maids and Housekeeping Cleaners",37,Gather and empty trash.,,,,,train,1
,,,human-task-exposure-v2.0,,20591,37-2011.00,"Janitors and Cleaners, Except Maids and Housekeeping Cleaners",37,"Mow or trim lawns or shrubbery, using mowers or hand or power trimmers, and clear debris from grounds.",,,,,train,1
,,,human-task-exposure-v2.0,,9564,37-2012.00,Maids and Housekeeping Cleaners,37,"Keep storage areas and carts well-stocked, clean, and tidy.",,,,,validation,1
,,,human-task-exposure-v2.0,,9563,37-2012.00,Maids and Housekeeping Cleaners,37,"Replenish supplies, such as drinking glasses, linens, writing supplies, and bathroom items.",,,,,validation,1
,,,human-task-exposure-v2.0,,9579,37-2012.00,Maids and Housekeeping Cleaners,37,"Prepare rooms for meetings and arrange decorations, media equipment, and furniture for social or business functions.",,,,,validation,1
,,,human-task-exposure-v2.0,,7975,37-2021.00,Pest Control Workers,37,"Inspect premises to identify infestation source and extent of damage to property, wall, or roof porosity and access to infested locations.",,,,,train,1
,,,human-task-exposure-v2.0,,7977,37-2021.00,Pest Control Workers,37,Clean work site after completion of job.,,,,,train,1
,,,human-task-exposure-v2.0,,7987,37-2021.00,Pest Control Workers,37,"Position and fasten edges of tarpaulins over building, and tape vents to ensure air-tight environment and to check for leaks.",,,,,train,1
,,,human-task-exposure-v2.0,,9593,37-3011.00,Landscaping and Groundskeeping Workers,37,"Prune or trim trees, shrubs, or hedges, using shears, pruners, or chain saws.",,,,,train,1
,,,human-task-exposure-v2.0,,9594,37-3011.00,Landscaping and Groundskeeping Workers,37,Gather and remove litter.,,,,,train,1
,,,human-task-exposure-v2.0,,9601,37-3011.00,Landscaping and Groundskeeping Workers,37,"Follow planned landscaping designs to determine where to lay sod, sow grass, or plant flowers or foliage.",,,,,train,1
,,,human-task-exposure-v2.0,,11229,37-3012.00,"Pesticide Handlers, Sprayers, and Applicators, Vegetation",37,"Cover areas to specified depths with pesticides, applying knowledge of weather conditions, droplet sizes, elevation-to-distance ratios, and obstructions.",,,,,test,1
,,,human-task-exposure-v2.0,,11230,37-3012.00,"Pesticide Handlers, Sprayers, and Applicators, Vegetation",37,"Lift, push, and swing nozzles, hoses, and tubes to direct spray over designated areas.",,,,,test,1
,,,human-task-exposure-v2.0,,11235,37-3012.00,"Pesticide Handlers, Sprayers, and Applicators, Vegetation",37,"Plant grass with seed spreaders, and operate straw blowers to cover seeded areas with mixtures of asphalt and straw.",,,,,test,1
,,,human-task-exposure-v2.0,,13116,37-3013.00,Tree Trimmers and Pruners,37,"Cut away dead and excess branches from trees, or clear branches around power lines, using climbing equipment or buckets of extended truck booms, or chainsaws, hooks, handsaws, shears, and clippers.",,,,,validation,1
,,,human-task-exposure-v2.0,,13121,37-3013.00,Tree Trimmers and Pruners,37,Load debris and refuse onto trucks and haul it away for disposal.,,,,,validation,1
,,,human-task-exposure-v2.0,,13118,37-3013.00,Tree Trimmers and Pruners,37,"Prune, cut down, fertilize, and spray trees as directed by tree surgeons.",,,,,validation,1
,,,human-task-exposure-v2.0,,23142,39-1013.00,First-Line Supervisors of Gambling Services Workers,39,"Enforce safety rules, and report or remove safety hazards as well as guests who are underage, intoxicated, disruptive, or cheating.",,,,,train,1
,,,human-task-exposure-v2.0,,23136,39-1013.00,First-Line Supervisors of Gambling Services Workers,39,Reset slot machines after payoffs.,,,,,train,1
,,,human-task-exposure-v2.0,,23155,39-1013.00,First-Line Supervisors of Gambling Services Workers,39,Interview and hire workers.,,,,,train,1
,,,human-task-exposure-v2.0,,23166,39-1014.00,"First-Line Supervisors of Entertainment and Recreation Workers, Except Gambling Services",39,Observe and evaluate workers' appearance and performance to ensure quality service and compliance with specifications.,,,,,train,1
,,,human-task-exposure-v2.0,,23159,39-1014.00,"First-Line Supervisors of Entertainment and Recreation Workers, Except Gambling Services",39,"Assign work schedules, following work requirements, to ensure quality and timely delivery of service.",,,,,train,1
,,,human-task-exposure-v2.0,,23171,39-1014.00,"First-Line Supervisors of Entertainment and Recreation Workers, Except Gambling Services",39,"Requisition supplies and equipment necessary for workers to facilitate recreational or entertainment activities, such as safety harnesses, flash lights, or first aid kits.",,,,,train,1
,,,human-task-exposure-v2.0,,20763,39-1022.00,First-Line Supervisors of Personal Service Workers,39,Apply customer feedback to service improvement efforts.,,,,,train,1
,,,human-task-exposure-v2.0,,13145,39-1022.00,First-Line Supervisors of Personal Service Workers,39,Resolve customer complaints regarding worker performance or services rendered.,,,,,train,1
,,,human-task-exposure-v2.0,,13154,39-1022.00,First-Line Supervisors of Personal Service Workers,39,"Direct marketing, advertising, or other customer recruitment efforts.",,,,,train,1
,,,human-task-exposure-v2.0,,7996,39-2011.00,Animal Trainers,39,Advise animal owners regarding the purchase of specific animals.,,,,,train,1
,,,human-task-exposure-v2.0,,7993,39-2011.00,Animal Trainers,39,Talk to or interact with animals to familiarize them to human voices or contact.,,,,,train,1
,,,human-task-exposure-v2.0,,8002,39-2011.00,Animal Trainers,39,"Retrain horses to break bad habits, such as kicking, bolting, or resisting bridling or grooming.",,,,,train,1
,,,human-task-exposure-v2.0,,5076,39-2021.00,Animal Caretakers,39,"Respond to questions from patrons, and provide information about animals, such as behavior, habitat, breeding habits, or facility activities.",,,,,train,1
,,,human-task-exposure-v2.0,,5075,39-2021.00,Animal Caretakers,39,"Examine and observe animals to detect signs of illness, disease, or injury.",,,,,train,1
,,,human-task-exposure-v2.0,,5084,39-2021.00,Animal Caretakers,39,Discuss with clients their pets' grooming needs.,,,,,train,1
,,,human-task-exposure-v2.0,,4455,39-3011.00,Gambling Dealers,39,"Apply rule variations to card games such as poker, in which players bet on the value of their hands.",,,,,train,1
,,,human-task-exposure-v2.0,,4450,39-3011.00,Gambling Dealers,39,Stand behind a gaming table and deal the appropriate number of cards to each player.,,,,,train,1
,,,human-task-exposure-v2.0,,4460,39-3011.00,Gambling Dealers,39,Participate in games for gambling establishments to provide the minimum complement of players at a table.,,,,,train,1
,,,human-task-exposure-v2.0,,8008,39-3012.00,Gambling and Sports Book Writers and Runners,39,Collect cards or tickets from players.,,,,,test,1
,,,human-task-exposure-v2.0,,20596,39-3012.00,Gambling and Sports Book Writers and Runners,39,"Compute and verify amounts won or lost, paying out winnings or referring patrons to workers, such as gaming cashiers, so that winnings can be collected.",,,,,test,1
,,,human-task-exposure-v2.0,,8007,39-3012.00,Gambling and Sports Book Writers and Runners,39,"Collect bets in the form of cash or chips, verifying and recording amounts.",,,,,test,1
,,,human-task-exposure-v2.0,,8029,39-3021.00,Motion Picture Projectionists,39,Start projectors and open shutters to project images onto screens.,,,,,train,1
,,,human-task-exposure-v2.0,,8040,39-3021.00,Motion Picture Projectionists,39,Open and close facilities according to rules and schedules.,,,,,train,1
,,,human-task-exposure-v2.0,,8048,39-3021.00,Motion Picture Projectionists,39,"Prepare film inspection reports, attendance sheets, and log books.",,,,,train,1
,,,human-task-exposure-v2.0,,20765,39-3031.00,"Ushers, Lobby Attendants, and Ticket Takers",39,Clean facilities.,,,,,test,1
,,,human-task-exposure-v2.0,,20766,39-3031.00,"Ushers, Lobby Attendants, and Ticket Takers",39,Assist patrons by giving directions to points in or outside of the facility or providing information about local attractions.,,,,,test,1
,,,human-task-exposure-v2.0,,5109,39-3031.00,"Ushers, Lobby Attendants, and Ticket Takers",39,Distribute programs to patrons.,,,,,test,1
,,,human-task-exposure-v2.0,,5130,39-3091.00,Amusement and Recreation Attendants,39,"Direct patrons to rides, seats, or attractions.",,,,,validation,1
,,,human-task-exposure-v2.0,,5119,39-3091.00,Amusement and Recreation Attendants,39,Sell tickets and collect fees from customers.,,,,,validation,1
,,,human-task-exposure-v2.0,,5126,39-3091.00,Amusement and Recreation Attendants,39,"Operate, drive, or explain the use of mechanical riding devices or other automatic equipment in amusement parks, carnivals, or recreation areas.",,,,,validation,1
,,,human-task-exposure-v2.0,,9624,39-3092.00,Costume Attendants,39,Inventory stock to determine types or conditions of available costuming.,,,,,train,1
,,,human-task-exposure-v2.0,,9618,39-3092.00,Costume Attendants,39,Clean and press costumes before and after performances and perform any minor repairs.,,,,,train,1
,,,human-task-exposure-v2.0,,9633,39-3092.00,Costume Attendants,39,"Provide managers with budget recommendations and take responsibility for budgetary line items related to costumes, storage, or makeup needs.",,,,,train,1
,,,human-task-exposure-v2.0,,20134,39-3093.00,"Locker Room, Coatroom, and Dressing Room Attendants",39,Clean facilities such as floors or locker rooms.,,,,,test,1
,,,human-task-exposure-v2.0,,4468,39-3093.00,"Locker Room, Coatroom, and Dressing Room Attendants",39,Refer guest problems or complaints to supervisors.,,,,,test,1
,,,human-task-exposure-v2.0,,24045,39-3093.00,"Locker Room, Coatroom, and Dressing Room Attendants",39,Maintain or repair athletic equipment.,,,,,test,1
,,,human-task-exposure-v2.0,,4505,39-4011.00,Embalmers,39,Assist with placing caskets in hearses and organize cemetery processions.,,,,,train,1
,,,human-task-exposure-v2.0,,4496,39-4011.00,Embalmers,39,"Conduct interviews to arrange for the preparation of obituary notices, to assist with the selection of caskets or urns, and to determine the location and time of burials or cremations.",,,,,train,1
,,,human-task-exposure-v2.0,,4510,39-4011.00,Embalmers,39,Press diaphragm to evacuate air from lungs.,,,,,train,1
,,,human-task-exposure-v2.0,,23182,39-4012.00,Crematory Operators,39,"Embalm, dress, or otherwise prepare the deceased for viewing.",,,,,train,1
,,,human-task-exposure-v2.0,,23184,39-4012.00,Crematory Operators,39,Offer counsel and comfort to bereaved families or friends.,,,,,train,1
,,,human-task-exposure-v2.0,,23181,39-4012.00,Crematory Operators,39,Document divided remains to ensure parts are not misplaced.,,,,,train,1
,,,human-task-exposure-v2.0,,4512,39-4021.00,Funeral Attendants,39,Greet people at the funeral home.,,,,,train,1
,,,human-task-exposure-v2.0,,4519,39-4021.00,Funeral Attendants,39,"Clean and drive funeral vehicles, such as cars or hearses, in funeral processions.",,,,,train,1
,,,human-task-exposure-v2.0,,20607,39-4021.00,Funeral Attendants,39,Prepare obituaries for newspapers.,,,,,train,1
,,,human-task-exposure-v2.0,,3332,39-4031.00,"Morticians, Undertakers, and Funeral Arrangers",39,"Consult with families or friends of the deceased to arrange funeral details, such as obituary notice wording, casket selection, or plans for services.",,,,,train,1
,,,human-task-exposure-v2.0,,15201,39-4031.00,"Morticians, Undertakers, and Funeral Arrangers",39,"Manage funeral home operations, including the hiring, training, or supervision of embalmers, funeral attendants, or other staff.",,,,,train,1
,,,human-task-exposure-v2.0,,21009,39-4031.00,"Morticians, Undertakers, and Funeral Arrangers",39,Remove deceased remains from place of death.,,,,,train,1
,,,human-task-exposure-v2.0,,8065,39-5011.00,Barbers,39,"Recommend and sell lotions, tonics, or other cosmetic supplies.",,,,,test,1
,,,human-task-exposure-v2.0,,8054,39-5011.00,Barbers,39,Record services provided on cashiers' tickets or receive payment from customers.,,,,,test,1
,,,human-task-exposure-v2.0,,8068,39-5011.00,Barbers,39,"Identify hair problems, using microscopes and testing devices, or by sending clients' hair samples out to independent laboratories for analysis.",,,,,test,1
,,,human-task-exposure-v2.0,,649,39-5012.00,"Hairdressers, Hairstylists, and Cosmetologists",39,"Massage and treat scalp for hygienic and remedial purposes, using hands, fingers, or vibrating equipment.",,,,,validation,1
,,,human-task-exposure-v2.0,,644,39-5012.00,"Hairdressers, Hairstylists, and Cosmetologists",39,Develop new styles and techniques.,,,,,validation,1
,,,human-task-exposure-v2.0,,642,39-5012.00,"Hairdressers, Hairstylists, and Cosmetologists",39,Operate cash registers to receive payments from patrons.,,,,,validation,1
,,,human-task-exposure-v2.0,,14800,39-5091.00,"Makeup Artists, Theatrical and Performance",39,Apply makeup to enhance or alter the appearance of people appearing in productions such as movies.,,,,,test,1
,,,human-task-exposure-v2.0,,14799,39-5091.00,"Makeup Artists, Theatrical and Performance",39,"Establish budgets, and work within budgetary limits.",,,,,test,1
,,,human-task-exposure-v2.0,,14813,39-5091.00,"Makeup Artists, Theatrical and Performance",39,Advise hairdressers on the hairstyles required for character parts.,,,,,test,1
,,,human-task-exposure-v2.0,,8754,39-5092.00,Manicurists and Pedicurists,39,Advise clients on nail care and use of products and colors.,,,,,test,1
,,,human-task-exposure-v2.0,,20773,39-5092.00,Manicurists and Pedicurists,39,Treat nails to repair or improve strength and resilience by wrapping.,,,,,test,1
,,,human-task-exposure-v2.0,,20769,39-5092.00,Manicurists and Pedicurists,39,"Prepare nail cuticles with water and oil, using cuticle knives to push back cuticles and scissors or nippers to trim cuticles.",,,,,test,1
,,,human-task-exposure-v2.0,,14820,39-5093.00,Shampooers,39,"Treat scalp conditions and hair loss, using specialized lotions, shampoos, or equipment such as infrared lamps or vibrating equipment.",,,,,test,1
,,,human-task-exposure-v2.0,,14818,39-5093.00,Shampooers,39,"Massage, shampoo, and condition patron's hair and scalp to clean them and remove excess oil.",,,,,test,1
,,,human-task-exposure-v2.0,,14821,39-5093.00,Shampooers,39,Maintain treatment records.,,,,,test,1
,,,human-task-exposure-v2.0,,8081,39-5094.00,Skincare Specialists,39,Apply chemical peels to reduce fine lines and age spots.,,,,,train,1
,,,human-task-exposure-v2.0,,8079,39-5094.00,Skincare Specialists,39,Provide facial and body massages.,,,,,train,1
,,,human-task-exposure-v2.0,,8082,39-5094.00,Skincare Specialists,39,Advise clients about colors and types of makeup and instruct them in makeup application techniques.,,,,,train,1
,,,human-task-exposure-v2.0,,2314,39-6011.00,Baggage Porters and Bellhops,39,"Transfer luggage, trunks, and packages to and from rooms, loading areas, vehicles, or transportation terminals, by hand or using baggage carts.",,,,,train,1
,,,human-task-exposure-v2.0,,2321,39-6011.00,Baggage Porters and Bellhops,39,"Explain the operation of room features, such as locks, ventilation systems, and televisions.",,,,,train,1
,,,human-task-exposure-v2.0,,2330,39-6011.00,Baggage Porters and Bellhops,39,"Set up conference rooms, display tables, racks, or shelves, and arrange merchandise displays for sales personnel.",,,,,train,1
,,,human-task-exposure-v2.0,,4531,39-6012.00,Concierges,39,"Receive, store, or deliver luggage or mail.",,,,,validation,1
,,,human-task-exposure-v2.0,,4529,39-6012.00,Concierges,39,"Provide information about local features, such as shopping, dining, nightlife, or recreational destinations.",,,,,validation,1
,,,human-task-exposure-v2.0,,20265,39-6012.00,Concierges,39,Provide food and beverage services to guests.,,,,,validation,1
,,,human-task-exposure-v2.0,,20135,39-7011.00,Tour Guides and Escorts,39,"Research various topics, including site history, environmental conditions, and clients' skills and abilities to plan appropriate expeditions, instruction, and commentary.",,,,,train,1
,,,human-task-exposure-v2.0,,4544,39-7011.00,Tour Guides and Escorts,39,Provide directions and other pertinent information to visitors.,,,,,train,1
,,,human-task-exposure-v2.0,,4551,39-7011.00,Tour Guides and Escorts,39,Solicit tour patronage and sell souvenirs.,,,,,train,1
,,,human-task-exposure-v2.0,,13155,39-7012.00,Travel Guides,39,"Plan tour itineraries, applying knowledge of travel routes and destination sites.",,,,,train,1
,,,human-task-exposure-v2.0,,13158,39-7012.00,Travel Guides,39,"Arrange for tour or expedition details such as accommodations, transportation, equipment, and the availability of medical personnel.",,,,,train,1
,,,human-task-exposure-v2.0,,13171,39-7012.00,Travel Guides,39,Explain hunting and fishing laws to groups to ensure compliance.,,,,,train,1
,,,human-task-exposure-v2.0,,18760,39-9011.00,Childcare Workers,39,Regulate children's rest periods.,,,,,train,1
,,,human-task-exposure-v2.0,,18759,39-9011.00,Childcare Workers,39,Create developmentally appropriate lesson plans.,,,,,train,1
,,,human-task-exposure-v2.0,,18764,39-9011.00,Childcare Workers,39,"Perform general personnel functions, such as supervision, training, and scheduling.",,,,,train,1
,,,human-task-exposure-v2.0,,2353,39-9011.01,Nannies,39,Meet regularly with parents to discuss children's activities and development.,,,,,train,1
,,,human-task-exposure-v2.0,,2352,39-9011.01,Nannies,39,Regulate children's rest periods and nap schedules.,,,,,train,1
,,,human-task-exposure-v2.0,,21071,39-9011.01,Nannies,39,"Shop for groceries, clothing, and other items needed for children's care.",,,,,train,1
,,,human-task-exposure-v2.0,,4560,39-9031.00,Exercise Trainers and Group Fitness Instructors,39,Teach proper breathing techniques used during physical exertion.,,,,,train,1
,,,human-task-exposure-v2.0,,4561,39-9031.00,Exercise Trainers and Group Fitness Instructors,39,Instruct participants in maintaining exertion levels to maximize benefits from exercise routines.,,,,,train,1
,,,human-task-exposure-v2.0,,4573,39-9031.00,Exercise Trainers and Group Fitness Instructors,39,"Promote health clubs through membership sales, and record member information.",,,,,train,1
,,,human-task-exposure-v2.0,,2382,39-9032.00,Recreation Workers,39,Manage the daily operations of recreational facilities.,,,,,train,1
,,,human-task-exposure-v2.0,,2391,39-9032.00,Recreation Workers,39,"Meet and collaborate with agency personnel, community organizations, and other professional personnel to plan balanced recreational programs for participants.",,,,,train,1
,,,human-task-exposure-v2.0,,18557,39-9032.00,Recreation Workers,39,Conduct individual in-room visits with residents.,,,,,train,1
,,,human-task-exposure-v2.0,,6971,39-9041.00,Residential Advisors,39,Provide emergency first aid and summon medical assistance when necessary.,,,,,train,1
,,,human-task-exposure-v2.0,,6991,39-9041.00,Residential Advisors,39,Order supplies for facilities.,,,,,train,1
,,,human-task-exposure-v2.0,,6990,39-9041.00,Residential Advisors,39,Supervise the activities of housekeeping personnel.,,,,,train,1
,,,human-task-exposure-v2.0,,662,41-1011.00,First-Line Supervisors of Retail Sales Workers,41,"Keep records of purchases, sales, and requisitions.",,,,,train,1
,,,human-task-exposure-v2.0,,668,41-1011.00,First-Line Supervisors of Retail Sales Workers,41,Instruct staff on how to handle difficult and complicated sales.,,,,,train,1
,,,human-task-exposure-v2.0,,669,41-1011.00,First-Line Supervisors of Retail Sales Workers,41,"Formulate pricing policies for merchandise, according to profitability requirements.",,,,,train,1
,,,human-task-exposure-v2.0,,9660,41-1012.00,First-Line Supervisors of Non-Retail Sales Workers,41,"Listen to and resolve customer complaints regarding services, products, or personnel.",,,,,train,1
,,,human-task-exposure-v2.0,,9666,41-1012.00,First-Line Supervisors of Non-Retail Sales Workers,41,"Plan and prepare work schedules, and assign employees to specific duties.",,,,,train,1
,,,human-task-exposure-v2.0,,9668,41-1012.00,First-Line Supervisors of Non-Retail Sales Workers,41,Prepare sales and inventory reports for management and budget departments.,,,,,train,1
,,,human-task-exposure-v2.0,,18765,41-2011.00,Cashiers,41,Assist customers by providing information and resolving their complaints.,,,,,train,1
,,,human-task-exposure-v2.0,,21073,41-2011.00,Cashiers,41,Answer incoming phone calls.,,,,,train,1
,,,human-task-exposure-v2.0,,18768,41-2011.00,Cashiers,41,Supervise others and provide on-the-job training.,,,,,train,1
,,,human-task-exposure-v2.0,,6999,41-2012.00,Gambling Change Persons and Booth Cashiers,41,"Keep accurate records of monetary exchanges, authorization forms, and transaction reconciliations.",,,,,test,1
,,,human-task-exposure-v2.0,,7005,41-2012.00,Gambling Change Persons and Booth Cashiers,41,Reconcile daily summaries of transactions to balance books.,,,,,test,1
,,,human-task-exposure-v2.0,,7006,41-2012.00,Gambling Change Persons and Booth Cashiers,41,"Sell gambling chips, tokens, or tickets to patrons, or to other workers for resale to patrons.",,,,,test,1
,,,human-task-exposure-v2.0,,689,41-2021.00,Counter and Rental Clerks,41,"Receive orders for services, such as rentals, repairs, dry cleaning, and storage.",,,,,train,1
,,,human-task-exposure-v2.0,,688,41-2021.00,Counter and Rental Clerks,41,Reserve items for requested times and keep records of items rented.,,,,,train,1
,,,human-task-exposure-v2.0,,693,41-2021.00,Counter and Rental Clerks,41,Allocate equipment to participants in sporting events or recreational activities.,,,,,train,1
,,,human-task-exposure-v2.0,,2433,41-2022.00,Parts Salespersons,41,"Examine returned parts for defects, and exchange defective parts or refund money.",,,,,train,1
,,,human-task-exposure-v2.0,,2426,41-2022.00,Parts Salespersons,41,"Determine replacement parts required, according to inspections of old parts, customer requests, or customers' descriptions of malfunctions.",,,,,train,1
,,,human-task-exposure-v2.0,,2427,41-2022.00,Parts Salespersons,41,Receive and fill telephone orders for parts.,,,,,train,1
,,,human-task-exposure-v2.0,,703,41-2031.00,Retail Salespersons,41,"Ticket, arrange, and display merchandise to promote sales.",,,,,train,1
,,,human-task-exposure-v2.0,,706,41-2031.00,Retail Salespersons,41,Demonstrate use or operation of merchandise.,,,,,train,1
,,,human-task-exposure-v2.0,,695,41-2031.00,Retail Salespersons,41,"Open and close cash registers, performing tasks such as counting money, separating charge slips, coupons, and vouchers, balancing cash drawers, and making deposits.",,,,,train,1
,,,human-task-exposure-v2.0,,4581,41-3011.00,Advertising Sales Agents,41,Maintain assigned account bases while developing new accounts.,,,,,validation,1
,,,human-task-exposure-v2.0,,4582,41-3011.00,Advertising Sales Agents,41,Process all correspondence and paperwork related to accounts.,,,,,validation,1
,,,human-task-exposure-v2.0,,4589,41-3011.00,Advertising Sales Agents,41,"Obtain and study information about clients' products, needs, problems, advertising history, and business practices to offer effective sales presentations and appropriate product assistance.",,,,,validation,1
,,,human-task-exposure-v2.0,,718,41-3021.00,Insurance Sales Agents,41,"Call on policyholders to deliver and explain policy, to analyze insurance program and suggest additions or changes, or to change beneficiaries.",,,,,validation,1
,,,human-task-exposure-v2.0,,719,41-3021.00,Insurance Sales Agents,41,Calculate premiums and establish payment method.,,,,,validation,1
,,,human-task-exposure-v2.0,,730,41-3021.00,Insurance Sales Agents,41,Monitor insurance claims to ensure they are settled equitably for both the client and the insurer.,,,,,validation,1
,,,human-task-exposure-v2.0,,23203,41-3031.00,"Securities, Commodities, and Financial Services Sales Agents",41,Identify opportunities or develop channels for purchase or sale of securities or commodities.,,,,,train,1
,,,human-task-exposure-v2.0,,23196,41-3031.00,"Securities, Commodities, and Financial Services Sales Agents",41,"Buy or sell stocks, bonds, commodity futures, foreign currencies, or other securities on behalf of investment dealers.",,,,,train,1
,,,human-task-exposure-v2.0,,23216,41-3031.00,"Securities, Commodities, and Financial Services Sales Agents",41,Supervise support staff and ensure proper execution of contracts.,,,,,train,1
,,,human-task-exposure-v2.0,,740,41-3041.00,Travel Agents,41,"Book transportation and hotel reservations, using computer or telephone.",,,,,train,1
,,,human-task-exposure-v2.0,,742,41-3041.00,Travel Agents,41,"Provide customer with brochures and publications containing travel information, such as local customs, points of interest, or foreign country regulations.",,,,,train,1
,,,human-task-exposure-v2.0,,743,41-3041.00,Travel Agents,41,"Print or request transportation carrier tickets, using computer printer system or system link to travel carrier.",,,,,train,1
,,,human-task-exposure-v2.0,,23227,41-3091.00,"Sales Representatives of Services, Except Advertising, Insurance, Financial Services, and Travel",41,Create forms or agreements to complete sales.,,,,,train,1
,,,human-task-exposure-v2.0,,23222,41-3091.00,"Sales Representatives of Services, Except Advertising, Insurance, Financial Services, and Travel",41,"Answer customers' questions about services, prices, availability, or credit terms.",,,,,train,1
,,,human-task-exposure-v2.0,,23223,41-3091.00,"Sales Representatives of Services, Except Advertising, Insurance, Financial Services, and Travel",41,"Attend sales or trade meetings or read related publications to obtain information about market conditions, business trends, regulations, or industry developments.",,,,,train,1
,,,human-task-exposure-v2.0,,20612,41-4011.00,"Sales Representatives, Wholesale and Manufacturing, Technical and Scientific Products",41,"Identify prospective customers, using business directories, leads from existing clients, participation in organizations, or trade show or conference attendance.",,,,,train,1
,,,human-task-exposure-v2.0,,11261,41-4011.00,"Sales Representatives, Wholesale and Manufacturing, Technical and Scientific Products",41,"Compute customer's installation or production costs and estimate savings from new services, products, or equipment.",,,,,train,1
,,,human-task-exposure-v2.0,,11257,41-4011.00,"Sales Representatives, Wholesale and Manufacturing, Technical and Scientific Products",41,Arrange for installation and testing of products or machinery.,,,,,train,1
,,,human-task-exposure-v2.0,,17662,41-4011.07,Solar Sales Representatives and Assessors,41,"Prepare or review detailed design drawings, specifications, or lists related to solar installations.",,,,,train,1
,,,human-task-exposure-v2.0,,17656,41-4011.07,Solar Sales Representatives and Assessors,41,"Select solar energy products, systems, or services for customers based on electrical energy requirements, site conditions, price, or other factors.",,,,,train,1
,,,human-task-exposure-v2.0,,17665,41-4011.07,Solar Sales Representatives and Assessors,41,Take quote requests or orders from dealers or customers.,,,,,train,1
,,,human-task-exposure-v2.0,,8124,41-4012.00,"Sales Representatives, Wholesale and Manufacturing, Except Technical and Scientific Products",41,"Perform administrative duties, such as preparing sales budgets and reports, keeping sales records, and filing expense account reports.",,,,,train,1
,,,human-task-exposure-v2.0,,8115,41-4012.00,"Sales Representatives, Wholesale and Manufacturing, Except Technical and Scientific Products",41,"Contact regular and prospective customers to demonstrate products, explain product features, and solicit orders.",,,,,train,1
,,,human-task-exposure-v2.0,,8121,41-4012.00,"Sales Representatives, Wholesale and Manufacturing, Except Technical and Scientific Products",41,Arrange and direct delivery and installation of products and equipment.,,,,,train,1
,,,human-task-exposure-v2.0,,13201,41-9011.00,Demonstrators and Product Promoters,41,Learn about competitors' products or consumers' interests or concerns to answer questions or provide more complete information.,,,,,train,1
,,,human-task-exposure-v2.0,,13195,41-9011.00,Demonstrators and Product Promoters,41,Set up and arrange displays or demonstration areas to attract the attention of prospective customers.,,,,,train,1
,,,human-task-exposure-v2.0,,13207,41-9011.00,Demonstrators and Product Promoters,41,Recommend product or service improvements to employers.,,,,,train,1
,,,human-task-exposure-v2.0,,23931,41-9012.00,Models,41,Pose for artists and photographers.,,,,,test,1
,,,human-task-exposure-v2.0,,13221,41-9012.00,Models,41,"Apply makeup to face and style hair to enhance appearance, considering such factors as color, camera techniques, and facial features.",,,,,test,1
,,,human-task-exposure-v2.0,,13225,41-9012.00,Models,41,"Pose as directed, or strike suitable interpretive poses for promoting and selling merchandise or fashions during appearances, filming, or photo sessions.",,,,,test,1
,,,human-task-exposure-v2.0,,4613,41-9021.00,Real Estate Brokers,41,Arrange for title searches of properties being sold.,,,,,train,1
,,,human-task-exposure-v2.0,,4608,41-9021.00,Real Estate Brokers,41,"Appraise property values, assessing income potential when relevant.",,,,,train,1
,,,human-task-exposure-v2.0,,4617,41-9021.00,Real Estate Brokers,41,"Maintain working knowledge of various factors that determine a farm's capacity to produce, such as agricultural variables and proximity to market centers and transportation facilities.",,,,,train,1
,,,human-task-exposure-v2.0,,2456,41-9022.00,Real Estate Sales Agents,41,Advise sellers on how to make homes more appealing to potential buyers.,,,,,train,1
,,,human-task-exposure-v2.0,,21155,41-9022.00,Real Estate Sales Agents,41,Contact previous clients for prospecting of referral business.,,,,,train,1
,,,human-task-exposure-v2.0,,2471,41-9022.00,Real Estate Sales Agents,41,"Locate and appraise undeveloped areas for building sites, based on evaluations of area market conditions.",,,,,train,1
,,,human-task-exposure-v2.0,,9691,41-9031.00,Sales Engineers,41,Arrange for demonstrations or trial installations of equipment.,,,,,train,1
,,,human-task-exposure-v2.0,,9698,41-9031.00,Sales Engineers,41,"Document account activities, generate reports, and keep records of business transactions with customers and suppliers.",,,,,train,1
,,,human-task-exposure-v2.0,,9694,41-9031.00,Sales Engineers,41,Provide information needed for the development of custom-made machinery.,,,,,train,1
,,,human-task-exposure-v2.0,,4619,41-9041.00,Telemarketers,41,"Contact businesses or private individuals by telephone to solicit sales for goods or services, or to request donations for charitable causes.",,,,,train,1
,,,human-task-exposure-v2.0,,4620,41-9041.00,Telemarketers,41,"Explain products or services and prices, and answer questions from customers.",,,,,train,1
,,,human-task-exposure-v2.0,,4624,41-9041.00,Telemarketers,41,"Obtain names and telephone numbers of potential customers from sources such as telephone directories, magazine reply cards, and lists purchased from other organizations.",,,,,train,1
,,,human-task-exposure-v2.0,,13236,41-9091.00,"Door-to-Door Sales Workers, News and Street Vendors, and Related Workers",41,Answer questions about product features and benefits.,,,,,train,1
,,,human-task-exposure-v2.0,,13238,41-9091.00,"Door-to-Door Sales Workers, News and Street Vendors, and Related Workers",41,Develop prospect lists.,,,,,train,1
,,,human-task-exposure-v2.0,,13242,41-9091.00,"Door-to-Door Sales Workers, News and Street Vendors, and Related Workers",41,Stock carts or stands.,,,,,train,1
,,,human-task-exposure-v2.0,,9713,43-1011.00,First-Line Supervisors of Office and Administrative Support Workers,43,"Prepare and issue work schedules, deadlines, and duty assignments for office or administrative staff.",,,,,train,1
,,,human-task-exposure-v2.0,,9710,43-1011.00,First-Line Supervisors of Office and Administrative Support Workers,43,"Review records or reports pertaining to activities such as production, payroll, or shipping to verify details, monitor work activities, or evaluate performance.",,,,,train,1
,,,human-task-exposure-v2.0,,9723,43-1011.00,First-Line Supervisors of Office and Administrative Support Workers,43,"Design, implement, or evaluate staff training and development programs, customer service initiatives, or performance measurement criteria.",,,,,train,1
,,,human-task-exposure-v2.0,,4630,43-2011.00,"Switchboard Operators, Including Answering Service",43,"Operate communication systems, such as telephone, switchboard, intercom, two-way radio, or public address.",,,,,validation,1
,,,human-task-exposure-v2.0,,4633,43-2011.00,"Switchboard Operators, Including Answering Service",43,"Page individuals to inform them of telephone calls, using paging or interoffice communication equipment.",,,,,validation,1
,,,human-task-exposure-v2.0,,4639,43-2011.00,"Switchboard Operators, Including Answering Service",43,Keep records of calls placed and charges incurred.,,,,,validation,1
,,,human-task-exposure-v2.0,,2474,43-3011.00,Bill and Account Collectors,43,Record information about financial status of customers and status of collection efforts.,,,,,test,1
,,,human-task-exposure-v2.0,,2479,43-3011.00,Bill and Account Collectors,43,"Sort and file correspondence and perform miscellaneous clerical duties, such as answering correspondence and writing reports.",,,,,test,1
,,,human-task-exposure-v2.0,,18560,43-3011.00,Bill and Account Collectors,43,Contact insurance companies to check on status of claims payments and write appeal letters for denial on claims.,,,,,test,1
,,,human-task-exposure-v2.0,,23240,43-3021.00,Billing and Posting Clerks,43,"Prepare itemized statements, bills, or invoices and record amounts due for items purchased or services rendered.",,,,,train,1
,,,human-task-exposure-v2.0,,23242,43-3021.00,Billing and Posting Clerks,43,"Operate typing, adding, calculating, or billing machines.",,,,,train,1
,,,human-task-exposure-v2.0,,23249,43-3021.00,Billing and Posting Clerks,43,"Fix minor problems, such as equipment jams, and notify repair personnel of major equipment problems.",,,,,train,1
,,,human-task-exposure-v2.0,,2495,43-3031.00,"Bookkeeping, Accounting, and Auditing Clerks",43,"Operate 10-key calculators, typewriters, and copy machines to perform calculations and produce documents.",,,,,train,1
,,,human-task-exposure-v2.0,,2490,43-3031.00,"Bookkeeping, Accounting, and Auditing Clerks",43,"Classify, record, and summarize numerical and financial data to compile and keep financial records, using journals and ledgers or computers.",,,,,train,1
,,,human-task-exposure-v2.0,,2511,43-3031.00,"Bookkeeping, Accounting, and Auditing Clerks",43,Maintain inventory records.,,,,,train,1
,,,human-task-exposure-v2.0,,4668,43-3041.00,Gambling Cage Workers,43,Cash checks and process credit card advances for patrons.,,,,,train,1
,,,human-task-exposure-v2.0,,4673,43-3041.00,Gambling Cage Workers,43,Provide customers with information about casino operations.,,,,,train,1
,,,human-task-exposure-v2.0,,4677,43-3041.00,Gambling Cage Workers,43,Establish new computer accounts.,,,,,train,1
,,,human-task-exposure-v2.0,,18564,43-3051.00,Payroll and Timekeeping Clerks,43,Conduct verifications of employment.,,,,,test,1
,,,human-task-exposure-v2.0,,2521,43-3051.00,Payroll and Timekeeping Clerks,43,Issue and record adjustments to pay related to previous errors or retroactive increases.,,,,,test,1
,,,human-task-exposure-v2.0,,2527,43-3051.00,Payroll and Timekeeping Clerks,43,"Complete, verify, and process forms and documentation for administration of benefits, such as pension plans, and unemployment and medical insurance.",,,,,test,1
,,,human-task-exposure-v2.0,,2542,43-3061.00,Procurement Clerks,43,Compare suppliers' bills with bids and purchase orders to verify accuracy.,,,,,train,1
,,,human-task-exposure-v2.0,,2532,43-3061.00,Procurement Clerks,43,"Determine if inventory quantities are sufficient for needs, ordering more materials when necessary.",,,,,train,1
,,,human-task-exposure-v2.0,,2547,43-3061.00,Procurement Clerks,43,"Monitor contractor performance, recommending contract modifications when necessary.",,,,,train,1
,,,human-task-exposure-v2.0,,2552,43-3071.00,Tellers,43,"Examine checks for endorsements and to verify other information, such as dates, bank names, identification of the persons receiving payments, and the legality of the documents.",,,,,train,1
,,,human-task-exposure-v2.0,,2556,43-3071.00,Tellers,43,Prepare and verify cashier's checks.,,,,,train,1
,,,human-task-exposure-v2.0,,2574,43-3071.00,Tellers,43,Inform customers about foreign currency regulations and compute transaction fees for currency exchanges.,,,,,train,1
,,,human-task-exposure-v2.0,,11280,43-4021.00,Correspondence Clerks,43,"Compose letters in reply to correspondence concerning such items as requests for merchandise, damage claims, credit information requests, delinquent accounts, incorrect billing, or unsatisfactory service.",,,,,train,1
,,,human-task-exposure-v2.0,,11270,43-4021.00,Correspondence Clerks,43,"Prepare documents and correspondence, such as damage claims, credit and billing inquiries, invoices, and service complaints.",,,,,train,1
,,,human-task-exposure-v2.0,,11272,43-4021.00,Correspondence Clerks,43,Present clear and concise explanations of governing rules and regulations.,,,,,train,1
,,,human-task-exposure-v2.0,,23278,43-4031.00,"Court, Municipal, and License Clerks",43,"Record case dispositions, court orders, or arrangements made for payment of court fees.",,,,,test,1
,,,human-task-exposure-v2.0,,23291,43-4031.00,"Court, Municipal, and License Clerks",43,Research information in the municipal archives upon request of public officials or private citizens.,,,,,test,1
,,,human-task-exposure-v2.0,,23277,43-4031.00,"Court, Municipal, and License Clerks",43,Code information on license applications for entry into computers.,,,,,test,1
,,,human-task-exposure-v2.0,,2584,43-4051.00,Customer Service Representatives,43,"Complete contract forms, prepare change of address records, or issue service discontinuance orders, using computers.",,,,,train,1
,,,human-task-exposure-v2.0,,2580,43-4051.00,Customer Service Representatives,43,Check to ensure that appropriate changes were made to resolve customers' problems.,,,,,train,1
,,,human-task-exposure-v2.0,,2591,43-4051.00,Customer Service Representatives,43,"Recommend improvements in products, packaging, shipping, service, or billing methods and procedures to prevent future problems.",,,,,train,1
,,,human-task-exposure-v2.0,,9732,43-4061.00,"Eligibility Interviewers, Government Programs",43,Answer applicants' questions about benefits and claim procedures.,,,,,train,1
,,,human-task-exposure-v2.0,,9734,43-4061.00,"Eligibility Interviewers, Government Programs",43,"Interpret and explain information such as eligibility requirements, application details, payment methods, and applicants' legal rights.",,,,,train,1
,,,human-task-exposure-v2.0,,9747,43-4061.00,"Eligibility Interviewers, Government Programs",43,Investigate claimants for the possibility of fraud or abuse.,,,,,train,1
,,,human-task-exposure-v2.0,,20628,43-4071.00,File Clerks,43,"Perform general office activities, such as typing, answering telephones, operating office machines, processing mail, or securing confidential materials.",,,,,train,1
,,,human-task-exposure-v2.0,,2601,43-4071.00,File Clerks,43,Assign and record or stamp identification numbers or codes to index materials for filing.,,,,,train,1
,,,human-task-exposure-v2.0,,2595,43-4071.00,File Clerks,43,Track materials removed from files to ensure that borrowed files are returned.,,,,,train,1
,,,human-task-exposure-v2.0,,2622,43-4081.00,"Hotel, Motel, and Resort Desk Clerks",43,"Record guest comments or complaints, referring customers to managers as necessary.",,,,,train,1
,,,human-task-exposure-v2.0,,18566,43-4081.00,"Hotel, Motel, and Resort Desk Clerks",43,"Perform bookkeeping activities, such as balancing accounts and conducting nightly audits.",,,,,train,1
,,,human-task-exposure-v2.0,,18569,43-4081.00,"Hotel, Motel, and Resort Desk Clerks",43,"Prepare for basic food service, such as setting up continental breakfast or coffee and tea supplies.",,,,,train,1
,,,human-task-exposure-v2.0,,20434,43-4111.00,"Interviewers, Except Eligibility and Loan",43,Supervise or train other staff members.,,,,,train,1
,,,human-task-exposure-v2.0,,2630,43-4111.00,"Interviewers, Except Eligibility and Loan",43,Review data obtained from interview for completeness and accuracy.,,,,,train,1
,,,human-task-exposure-v2.0,,2638,43-4111.00,"Interviewers, Except Eligibility and Loan",43,Locate and list addresses and households.,,,,,train,1
,,,human-task-exposure-v2.0,,18778,43-4121.00,"Library Assistants, Clerical",43,Prepare library statistics reports.,,,,,validation,1
,,,human-task-exposure-v2.0,,18773,43-4121.00,"Library Assistants, Clerical",43,"Manage reserve materials by placing items on reserve for library patrons, checking items in and out of library, and removing out-of-date items.",,,,,validation,1
,,,human-task-exposure-v2.0,,2654,43-4121.00,"Library Assistants, Clerical",43,Classify and catalog items according to content and purpose.,,,,,validation,1
,,,human-task-exposure-v2.0,,11294,43-4131.00,Loan Interviewers and Clerks,43,Answer questions and advise customers regarding loans and transactions.,,,,,train,1
,,,human-task-exposure-v2.0,,11299,43-4131.00,Loan Interviewers and Clerks,43,"Calculate, review, and correct errors on interest, principal, payment, and closing costs, using computers or calculators.",,,,,train,1
,,,human-task-exposure-v2.0,,11304,43-4131.00,Loan Interviewers and Clerks,43,Accept payment on accounts.,,,,,train,1
,,,human-task-exposure-v2.0,,2677,43-4151.00,Order Clerks,43,"File copies of orders received, or post orders on records.",,,,,train,1
,,,human-task-exposure-v2.0,,2678,43-4151.00,Order Clerks,43,Compute total charges for merchandise or services and shipping charges.,,,,,train,1
,,,human-task-exposure-v2.0,,2673,43-4151.00,Order Clerks,43,Direct specified departments or units to prepare and ship orders to designated locations.,,,,,train,1
,,,human-task-exposure-v2.0,,2692,43-4161.00,"Human Resources Assistants, Except Payroll and Timekeeping",43,Examine employee files to answer inquiries and provide information for personnel actions.,,,,,test,1
,,,human-task-exposure-v2.0,,21013,43-4161.00,"Human Resources Assistants, Except Payroll and Timekeeping",43,Prepare and set up for new employee orientations.,,,,,test,1
,,,human-task-exposure-v2.0,,2695,43-4161.00,"Human Resources Assistants, Except Payroll and Timekeeping",43,Interview job applicants to obtain and verify information used to screen and evaluate them.,,,,,test,1
,,,human-task-exposure-v2.0,,746,43-4171.00,Receptionists and Information Clerks,43,"Perform administrative support tasks, such as proofreading, transcribing handwritten information, or operating calculators or computers to work with pay records, invoices, balance sheets, or other documents.",,,,,train,1
,,,human-task-exposure-v2.0,,749,43-4171.00,Receptionists and Information Clerks,43,File and maintain records.,,,,,train,1
,,,human-task-exposure-v2.0,,756,43-4171.00,Receptionists and Information Clerks,43,"Calculate and quote rates for tours, stocks, insurance policies, or other products or services.",,,,,train,1
,,,human-task-exposure-v2.0,,9767,43-4181.00,Reservation and Transportation Ticket Agents and Travel Clerks,43,Contact customers or travel agents to advise them of travel conveyance changes or to confirm reservations.,,,,,train,1
,,,human-task-exposure-v2.0,,9754,43-4181.00,Reservation and Transportation Ticket Agents and Travel Clerks,43,"Determine whether space is available on travel dates requested by customers, assigning requested spaces when available.",,,,,train,1
,,,human-task-exposure-v2.0,,9756,43-4181.00,Reservation and Transportation Ticket Agents and Travel Clerks,43,Maintain computerized inventories of available passenger space and provide information on space reserved or available.,,,,,train,1
,,,human-task-exposure-v2.0,,20271,43-5011.00,Cargo and Freight Agents,43,Track delivery progress of shipments.,,,,,validation,1
,,,human-task-exposure-v2.0,,8195,43-5011.00,Cargo and Freight Agents,43,Enter shipping information into a computer by hand or by a hand-held scanner that reads bar codes on goods.,,,,,validation,1
,,,human-task-exposure-v2.0,,20274,43-5011.00,Cargo and Freight Agents,43,"Prepare manifests showing numbers of airplane passengers and baggage, mail, and freight weights, transmitting data to destinations.",,,,,validation,1
,,,human-task-exposure-v2.0,,17704,43-5011.01,Freight Forwarders,43,"Provide shipment status notification to exporters, consignees, or insurers.",,,,,train,1
,,,human-task-exposure-v2.0,,17694,43-5011.01,Freight Forwarders,43,Obtain or arrange cargo insurance.,,,,,train,1
,,,human-task-exposure-v2.0,,19832,43-5011.01,Freight Forwarders,43,Recommend shipping solutions to minimize cost or environmental impacts.,,,,,train,1
,,,human-task-exposure-v2.0,,7013,43-5021.00,Couriers and Messengers,43,"Receive messages or materials to be delivered, and information on recipients, such as names, addresses, telephone numbers, and delivery instructions, communicated via telephone, two-way radio, or in person.",,,,,train,1
,,,human-task-exposure-v2.0,,7010,43-5021.00,Couriers and Messengers,43,"Walk, ride bicycles, drive vehicles, or use public conveyances to reach destinations to deliver messages or materials.",,,,,train,1
,,,human-task-exposure-v2.0,,7022,43-5021.00,Couriers and Messengers,43,"Open, sort, and distribute incoming mail.",,,,,train,1
,,,human-task-exposure-v2.0,,2719,43-5031.00,Public Safety Telecommunicators,43,Provide emergency medical instructions to callers.,,,,,train,1
,,,human-task-exposure-v2.0,,2707,43-5031.00,Public Safety Telecommunicators,43,Question callers to determine their locations and the nature of their problems to determine type of response needed.,,,,,train,1
,,,human-task-exposure-v2.0,,2720,43-5031.00,Public Safety Telecommunicators,43,"Monitor alarm systems to detect emergencies, such as fires and illegal entry into establishments.",,,,,train,1
,,,human-task-exposure-v2.0,,2730,43-5032.00,"Dispatchers, Except Police, Fire, and Ambulance",43,Monitor personnel or equipment locations and utilization to coordinate service and schedules.,,,,,validation,1
,,,human-task-exposure-v2.0,,2732,43-5032.00,"Dispatchers, Except Police, Fire, and Ambulance",43,"Determine types or amounts of equipment, vehicles, materials, or personnel required, according to work orders or specifications.",,,,,validation,1
,,,human-task-exposure-v2.0,,2735,43-5032.00,"Dispatchers, Except Police, Fire, and Ambulance",43,Order supplies or equipment and issue them to personnel.,,,,,validation,1
,,,human-task-exposure-v2.0,,11326,43-5051.00,Postal Service Clerks,43,Check mail to ensure correct postage and that packages and letters are in proper condition for mailing.,,,,,train,1
,,,human-task-exposure-v2.0,,11327,43-5051.00,Postal Service Clerks,43,"Answer questions regarding mail regulations and procedures, postage rates, and post office boxes.",,,,,train,1
,,,human-task-exposure-v2.0,,11324,43-5051.00,Postal Service Clerks,43,"Register, certify, and insure letters and parcels.",,,,,train,1
,,,human-task-exposure-v2.0,,11354,43-5052.00,Postal Service Mail Carriers,43,Answer customers' questions about postal services and regulations.,,,,,train,1
,,,human-task-exposure-v2.0,,11351,43-5052.00,Postal Service Mail Carriers,43,Meet schedules for the collection and return of mail.,,,,,train,1
,,,human-task-exposure-v2.0,,11358,43-5052.00,Postal Service Mail Carriers,43,Travel to post offices to pick up the mail for routes or pick up mail from postal relay boxes.,,,,,train,1
,,,human-task-exposure-v2.0,,8221,43-5053.00,"Postal Service Mail Sorters, Processors, and Processing Machine Operators",43,Clear jams in sorting equipment.,,,,,train,1
,,,human-task-exposure-v2.0,,8219,43-5053.00,"Postal Service Mail Sorters, Processors, and Processing Machine Operators",43,"Operate various types of equipment, such as computer scanning equipment, addressographs, mimeographs, optical character readers, and bar-code sorters.",,,,,train,1
,,,human-task-exposure-v2.0,,8217,43-5053.00,"Postal Service Mail Sorters, Processors, and Processing Machine Operators",43,Train new workers.,,,,,train,1
,,,human-task-exposure-v2.0,,11372,43-5061.00,"Production, Planning, and Expediting Clerks",43,"Arrange for delivery, assembly, or distribution of supplies or parts to expedite flow of materials and meet production schedules.",,,,,train,1
,,,human-task-exposure-v2.0,,11368,43-5061.00,"Production, Planning, and Expediting Clerks",43,Requisition and maintain inventories of materials or supplies necessary to meet production demands.,,,,,train,1
,,,human-task-exposure-v2.0,,11377,43-5061.00,"Production, Planning, and Expediting Clerks",43,"Compile and prepare documentation related to production sequences, transportation, personnel schedules, or purchase, maintenance, or repair orders.",,,,,train,1
,,,human-task-exposure-v2.0,,20279,43-5071.00,"Shipping, Receiving, and Inventory Clerks",43,"Determine shipping methods, routes, or rates for materials to be shipped.",,,,,train,1
,,,human-task-exposure-v2.0,,4739,43-5071.00,"Shipping, Receiving, and Inventory Clerks",43,"Record shipment data, such as weight, charges, space availability, damages, or discrepancies, for reporting, accounting, or recordkeeping purposes.",,,,,train,1
,,,human-task-exposure-v2.0,,19834,43-5071.00,"Shipping, Receiving, and Inventory Clerks",43,Compare shipping routes or methods to determine which have the least environmental impact.,,,,,train,1
,,,human-task-exposure-v2.0,,11397,43-5111.00,"Weighers, Measurers, Checkers, and Samplers, Recordkeeping",43,"Examine products or materials, parts, subassemblies, and packaging for damage, defects, or shortages, using specification sheets, gauges, and standards charts.",,,,,train,1
,,,human-task-exposure-v2.0,,11380,43-5111.00,"Weighers, Measurers, Checkers, and Samplers, Recordkeeping",43,"Document quantity, quality, type, weight, test result data, and value of materials or products to maintain shipping, receiving, and production records and files.",,,,,train,1
,,,human-task-exposure-v2.0,,11382,43-5111.00,"Weighers, Measurers, Checkers, and Samplers, Recordkeeping",43,"Count or estimate quantities of materials, parts, or products received or shipped.",,,,,train,1
,,,human-task-exposure-v2.0,,2775,43-6011.00,Executive Secretaries and Executive Administrative Assistants,43,Greet visitors and determine whether they should be given access to specific individuals.,,,,,validation,1
,,,human-task-exposure-v2.0,,18574,43-6011.00,Executive Secretaries and Executive Administrative Assistants,43,"Perform general office duties, such as ordering supplies, maintaining records management database systems, and performing basic bookkeeping work.",,,,,validation,1
,,,human-task-exposure-v2.0,,2787,43-6011.00,Executive Secretaries and Executive Administrative Assistants,43,"Review operating practices and procedures to determine whether improvements can be made in areas such as workflow, reporting procedures, or expenditures.",,,,,validation,1
,,,human-task-exposure-v2.0,,767,43-6012.00,Legal Secretaries and Administrative Assistants,43,"Make photocopies of correspondence, documents, and other printed matter.",,,,,test,1
,,,human-task-exposure-v2.0,,774,43-6012.00,Legal Secretaries and Administrative Assistants,43,"Complete various forms, such as accident reports, trial and courtroom requests, and applications for clients.",,,,,test,1
,,,human-task-exposure-v2.0,,770,43-6012.00,Legal Secretaries and Administrative Assistants,43,"Attend legal meetings, such as client interviews, hearings, or depositions, and take notes.",,,,,test,1
,,,human-task-exposure-v2.0,,787,43-6013.00,Medical Secretaries and Administrative Assistants,43,"Perform bookkeeping duties, such as credits or collections, preparing and sending financial statements or bills, and keeping financial records.",,,,,train,1
,,,human-task-exposure-v2.0,,780,43-6013.00,Medical Secretaries and Administrative Assistants,43,"Interview patients to complete documents, case histories, or forms, such as intake or insurance forms.",,,,,train,1
,,,human-task-exposure-v2.0,,20438,43-6013.00,Medical Secretaries and Administrative Assistants,43,"Schedule tests or procedures for patients, such as lab work or x-rays, based on physician orders.",,,,,train,1
,,,human-task-exposure-v2.0,,2797,43-6014.00,"Secretaries and Administrative Assistants, Except Legal, Medical, and Executive",43,"Review work done by others to check for correct spelling and grammar, ensure that company format policies are followed, and recommend revisions.",,,,,train,1
,,,human-task-exposure-v2.0,,20280,43-6014.00,"Secretaries and Administrative Assistants, Except Legal, Medical, and Executive",43,"Use computers for various applications, such as database management or word processing.",,,,,train,1
,,,human-task-exposure-v2.0,,2814,43-6014.00,"Secretaries and Administrative Assistants, Except Legal, Medical, and Executive",43,Supervise other clerical staff and provide training and orientation to new staff.,,,,,train,1
,,,human-task-exposure-v2.0,,11407,43-9021.00,Data Entry Keyers,43,Select materials needed to complete work assignments.,,,,,train,1
,,,human-task-exposure-v2.0,,11403,43-9021.00,Data Entry Keyers,43,"Compare data with source documents, or re-enter data in verification format to detect errors.",,,,,train,1
,,,human-task-exposure-v2.0,,11406,43-9021.00,Data Entry Keyers,43,Maintain logs of activities and completed work.,,,,,train,1
,,,human-task-exposure-v2.0,,796,43-9022.00,Word Processors and Typists,43,Keep records of work performed.,,,,,train,1
,,,human-task-exposure-v2.0,,795,43-9022.00,Word Processors and Typists,43,Print and make copies of work.,,,,,train,1
,,,human-task-exposure-v2.0,,797,43-9022.00,Word Processors and Typists,43,"Compute and verify totals on report forms, requisitions, or bills, using adding machine or calculator.",,,,,train,1
,,,human-task-exposure-v2.0,,2817,43-9031.00,Desktop Publishers,43,"View monitors for visual representation of work in progress and for instructions and feedback throughout process, making modifications as necessary.",,,,,train,1
,,,human-task-exposure-v2.0,,2824,43-9031.00,Desktop Publishers,43,"Prepare sample layouts for approval, using computer software.",,,,,train,1
,,,human-task-exposure-v2.0,,2831,43-9031.00,Desktop Publishers,43,"Collaborate with graphic artists, editors and writers to produce master copies according to design specifications.",,,,,train,1
,,,human-task-exposure-v2.0,,23324,43-9041.00,Insurance Claims and Policy Processing Clerks,43,"Compare information from application to criteria for policy reinstatement, and approve reinstatement when criteria are met.",,,,,test,1
,,,human-task-exposure-v2.0,,23320,43-9041.00,Insurance Claims and Policy Processing Clerks,43,"Organize or work with detailed office or warehouse records, using computers to enter, access, search or retrieve data.",,,,,test,1
,,,human-task-exposure-v2.0,,23336,43-9041.00,Insurance Claims and Policy Processing Clerks,43,"Calculate premiums, refunds, commissions, adjustments, or new reserve requirements, using insurance rate standards.",,,,,test,1
,,,human-task-exposure-v2.0,,13269,43-9051.00,"Mail Clerks and Mail Machine Operators, Except Postal Service",43,Fold letters or circulars and insert them in envelopes.,,,,,test,1
,,,human-task-exposure-v2.0,,13262,43-9051.00,"Mail Clerks and Mail Machine Operators, Except Postal Service",43,"Place incoming or outgoing letters or packages into sacks or bins based on destination or type, and place identifying tags on sacks or bins.",,,,,test,1
,,,human-task-exposure-v2.0,,13279,43-9051.00,"Mail Clerks and Mail Machine Operators, Except Postal Service",43,Stamp dates and times of receipt of incoming mail.,,,,,test,1
,,,human-task-exposure-v2.0,,840,43-9061.00,"Office Clerks, General",43,"Type, format, proofread, and edit correspondence and other documents, from notes or dictating machines, using computers or typewriters.",,,,,train,1
,,,human-task-exposure-v2.0,,835,43-9061.00,"Office Clerks, General",43,Deliver messages and run errands.,,,,,train,1
,,,human-task-exposure-v2.0,,838,43-9061.00,"Office Clerks, General",43,"Process and prepare documents, such as business or government forms and expense reports.",,,,,train,1
,,,human-task-exposure-v2.0,,13288,43-9071.00,"Office Machine Operators, Except Computer",43,"Read job orders to determine the type of work to be done, the quantities to be produced, and the materials needed.",,,,,validation,1
,,,human-task-exposure-v2.0,,13296,43-9071.00,"Office Machine Operators, Except Computer",43,"Maintain stock of supplies, and requisition any needed items.",,,,,validation,1
,,,human-task-exposure-v2.0,,13303,43-9071.00,"Office Machine Operators, Except Computer",43,"Cut copies apart and write identifying information, such as page numbers or titles, on copies.",,,,,validation,1
,,,human-task-exposure-v2.0,,23365,45-1011.00,"First-Line Supervisors of Farming, Fishing, and Forestry Workers",45,"Issue equipment, such as farm implements, machinery, ladders, or containers to workers, and collect equipment when work is complete.",,,,,train,1
,,,human-task-exposure-v2.0,,23345,45-1011.00,"First-Line Supervisors of Farming, Fishing, and Forestry Workers",45,"Train workers in tree felling or bucking, operation of tractors or loading machines, yarding or loading techniques, or safety regulations.",,,,,train,1
,,,human-task-exposure-v2.0,,23369,45-1011.00,"First-Line Supervisors of Farming, Fishing, and Forestry Workers",45,Plan work schedules according to personnel and equipment availability.,,,,,train,1
,,,human-task-exposure-v2.0,,14848,45-2011.00,Agricultural Inspectors,45,Verify that transportation and handling procedures meet regulatory requirements.,,,,,train,1
,,,human-task-exposure-v2.0,,14866,45-2011.00,Agricultural Inspectors,45,"Provide consultative services in areas such as equipment or product evaluation, plant construction or layout, or food safety systems.",,,,,train,1
,,,human-task-exposure-v2.0,,14853,45-2011.00,Agricultural Inspectors,45,Monitor the operations and sanitary conditions of slaughtering or meat processing plants.,,,,,train,1
,,,human-task-exposure-v2.0,,8238,45-2021.00,Animal Breeders,45,"Record animal characteristics such as weights, growth patterns, and diets.",,,,,validation,1
,,,human-task-exposure-v2.0,,8236,45-2021.00,Animal Breeders,45,Treat minor injuries and ailments and contact veterinarians to obtain treatment for animals with serious illnesses or injuries.,,,,,validation,1
,,,human-task-exposure-v2.0,,8245,45-2021.00,Animal Breeders,45,Maintain logs of semen specimens used and animals bred.,,,,,validation,1
,,,human-task-exposure-v2.0,,13349,45-2041.00,"Graders and Sorters, Agricultural Products",45,"Grade and sort products according to factors such as color, species, length, width, appearance, feel, smell, and quality to ensure correct processing and usage.",,,,,test,1
,,,human-task-exposure-v2.0,,13350,45-2041.00,"Graders and Sorters, Agricultural Products",45,"Discard inferior or defective products or foreign matter, and place acceptable products in containers for further processing.",,,,,test,1
,,,human-task-exposure-v2.0,,13353,45-2041.00,"Graders and Sorters, Agricultural Products",45,"Record grade or identification numbers on tags or on shipping, receiving, or sales sheets.",,,,,test,1
,,,human-task-exposure-v2.0,,13369,45-2091.00,Agricultural Equipment Operators,45,"Load and unload crops or containers of materials, manually or using conveyors, handtrucks, forklifts, or transfer augers.",,,,,train,1
,,,human-task-exposure-v2.0,,13363,45-2091.00,Agricultural Equipment Operators,45,"Spray fertilizer or pesticide solutions to control insects, fungus and weed growth, and diseases, using hand sprayers.",,,,,train,1
,,,human-task-exposure-v2.0,,13361,45-2091.00,Agricultural Equipment Operators,45,"Direct and monitor the activities of work crews engaged in planting, weeding, or harvesting activities.",,,,,train,1
,,,human-task-exposure-v2.0,,23397,45-2092.00,"Farmworkers and Laborers, Crop, Nursery, and Greenhouse",45,"Load agricultural products into trucks, and drive trucks to market or storage facilities.",,,,,train,1
,,,human-task-exposure-v2.0,,23375,45-2092.00,"Farmworkers and Laborers, Crop, Nursery, and Greenhouse",45,"Clean work areas, and maintain grounds and landscaping.",,,,,train,1
,,,human-task-exposure-v2.0,,23388,45-2092.00,"Farmworkers and Laborers, Crop, Nursery, and Greenhouse",45,"Repair farm buildings, fences, and other structures.",,,,,train,1
,,,human-task-exposure-v2.0,,13424,45-2093.00,"Farmworkers, Farm, Ranch, and Aquacultural Animals",45,"Segregate animals according to weight, age, color, and physical condition.",,,,,train,1
,,,human-task-exposure-v2.0,,13413,45-2093.00,"Farmworkers, Farm, Ranch, and Aquacultural Animals",45,"Provide medical treatment, such as administering medications and vaccinations, or arrange for veterinarians to provide more extensive treatment.",,,,,train,1
,,,human-task-exposure-v2.0,,13421,45-2093.00,"Farmworkers, Farm, Ranch, and Aquacultural Animals",45,"Order food for animals, and arrange for its delivery.",,,,,train,1
,,,human-task-exposure-v2.0,,23424,45-3031.00,Fishing and Hunting Workers,45,"Connect accessories such as floats, weights, flags, lights, or markers to nets, lines, or traps.",,,,,train,1
,,,human-task-exposure-v2.0,,23428,45-3031.00,Fishing and Hunting Workers,45,"Direct fishing or hunting operations, and supervise crew members.",,,,,train,1
,,,human-task-exposure-v2.0,,23418,45-3031.00,Fishing and Hunting Workers,45,Transport fish to processing plants or to buyers.,,,,,train,1
,,,human-task-exposure-v2.0,,7026,45-4011.00,Forest and Conservation Workers,45,Check equipment to ensure that it is operating properly.,,,,,validation,1
,,,human-task-exposure-v2.0,,7029,45-4011.00,Forest and Conservation Workers,45,"Perform fire protection or suppression duties, such as constructing fire breaks or disposing of brush.",,,,,validation,1
,,,human-task-exposure-v2.0,,7031,45-4011.00,Forest and Conservation Workers,45,"Identify diseased or undesirable trees and remove them, using power saws or hand saws.",,,,,validation,1
,,,human-task-exposure-v2.0,,13484,45-4021.00,Fallers,45,"Stop saw engines, pull cutting bars from cuts, and run to safety as tree falls.",,,,,train,1
,,,human-task-exposure-v2.0,,13488,45-4021.00,Fallers,45,"Measure felled trees and cut them into specified log lengths, using chain saws and axes.",,,,,train,1
,,,human-task-exposure-v2.0,,13500,45-4021.00,Fallers,45,"Work as a member of a team, rotating between chain saw operation and skidder operation.",,,,,train,1
,,,human-task-exposure-v2.0,,9804,45-4022.00,Logging Equipment Operators,45,Drive crawler or wheeled tractors to drag or transport logs from felling sites to log landing areas for processing and loading.,,,,,test,1
,,,human-task-exposure-v2.0,,9802,45-4022.00,Logging Equipment Operators,45,"Inspect equipment for safety prior to use, and perform necessary basic maintenance tasks.",,,,,test,1
,,,human-task-exposure-v2.0,,9810,45-4022.00,Logging Equipment Operators,45,"Calculate total board feet, cordage, or other wood measurement units, using conversion tables.",,,,,test,1
,,,human-task-exposure-v2.0,,9813,45-4023.00,Log Graders and Scalers,45,"Paint identification marks of specified colors on logs to identify grades or species, using spray cans, or call out grades to log markers.",,,,,validation,1
,,,human-task-exposure-v2.0,,9817,45-4023.00,Log Graders and Scalers,45,"Jab logs with metal ends of scale sticks, and inspect logs to ascertain characteristics or defects such as water damage, splits, knots, broken ends, rotten areas, twists, and curves.",,,,,validation,1
,,,human-task-exposure-v2.0,,9819,45-4023.00,Log Graders and Scalers,45,Communicate with coworkers by signals to direct log movement.,,,,,validation,1
,,,human-task-exposure-v2.0,,11433,47-1011.00,First-Line Supervisors of Construction Trades and Extraction Workers,47,"Provide assistance to workers engaged in construction or extraction activities, using hand tools or other equipment.",,,,,train,1
,,,human-task-exposure-v2.0,,11427,47-1011.00,First-Line Supervisors of Construction Trades and Extraction Workers,47,"Confer with managerial or technical personnel, other departments, or contractors to resolve problems or to coordinate activities.",,,,,train,1
,,,human-task-exposure-v2.0,,11435,47-1011.00,First-Line Supervisors of Construction Trades and Extraction Workers,47,"Analyze worker or production problems and recommend solutions, such as improving production methods or implementing motivational plans.",,,,,train,1
,,,human-task-exposure-v2.0,,17729,47-1011.03,Solar Energy Installation Managers,47,Coordinate or schedule building inspections for solar installation projects.,,,,,validation,1
,,,human-task-exposure-v2.0,,17739,47-1011.03,Solar Energy Installation Managers,47,Purchase or rent equipment for solar energy system installation.,,,,,validation,1
,,,human-task-exposure-v2.0,,17736,47-1011.03,Solar Energy Installation Managers,47,"Evaluate subcontractors or subcontractor bids for quality, cost, and reliability.",,,,,validation,1
,,,human-task-exposure-v2.0,,11452,47-2011.00,Boilermakers,47,"Clean pressure vessel equipment, using scrapers, wire brushes, and cleaning solvents.",,,,,validation,1
,,,human-task-exposure-v2.0,,11441,47-2011.00,Boilermakers,47,"Repair or replace defective pressure vessel parts, such as safety valves or regulators, using torches, jacks, caulking hammers, power saws, threading dies, welding equipment, or metalworking machinery.",,,,,validation,1
,,,human-task-exposure-v2.0,,11454,47-2011.00,Boilermakers,47,Assemble large vessels in an on-site fabrication shop prior to installation to ensure proper fit.,,,,,validation,1
,,,human-task-exposure-v2.0,,4770,47-2021.00,Brickmasons and Blockmasons,47,Calculate angles and courses and determine vertical and horizontal alignment of courses.,,,,,validation,1
,,,human-task-exposure-v2.0,,4780,47-2021.00,Brickmasons and Blockmasons,47,"Remove burned or damaged brick or mortar, using sledgehammer, crowbar, chipping gun, or chisel.",,,,,validation,1
,,,human-task-exposure-v2.0,,4779,47-2021.00,Brickmasons and Blockmasons,47,"Lay and align bricks, blocks, or tiles to build or repair structures or high temperature equipment, such as cupola, kilns, ovens, or furnaces.",,,,,validation,1
,,,human-task-exposure-v2.0,,23430,47-2031.00,Carpenters,47,Follow established safety rules and regulations and maintain a safe and clean environment.,,,,,train,1
,,,human-task-exposure-v2.0,,23445,47-2031.00,Carpenters,47,Maintain job records and schedule work crew.,,,,,train,1
,,,human-task-exposure-v2.0,,23455,47-2031.00,Carpenters,47,Construct forms or chutes for pouring concrete.,,,,,train,1
,,,human-task-exposure-v2.0,,2834,47-2041.00,Carpet Installers,47,"Cut and trim carpet to fit along wall edges, openings, and projections, finishing the edges with a wall trimmer.",,,,,train,1
,,,human-task-exposure-v2.0,,2833,47-2041.00,Carpet Installers,47,"Join edges of carpet and seam edges where necessary, by sewing or by using tape with glue and heated carpet iron.",,,,,train,1
,,,human-task-exposure-v2.0,,2844,47-2041.00,Carpet Installers,47,"Measure, cut and install tackless strips along the baseboard or wall.",,,,,train,1
,,,human-task-exposure-v2.0,,8257,47-2042.00,"Floor Layers, Except Carpet, Wood, and Hard Tiles",47,"Form a smooth foundation by stapling plywood or Masonite over the floor or by brushing waterproof compound onto surface and filling cracks with plaster, putty, or grout to seal pores.",,,,,train,1
,,,human-task-exposure-v2.0,,8259,47-2042.00,"Floor Layers, Except Carpet, Wood, and Hard Tiles",47,"Cut covering and foundation materials, according to blueprints and sketches.",,,,,train,1
,,,human-task-exposure-v2.0,,8262,47-2042.00,"Floor Layers, Except Carpet, Wood, and Hard Tiles",47,Determine traffic areas and decide location of seams.,,,,,train,1
,,,human-task-exposure-v2.0,,2863,47-2044.00,Tile and Stone Setters,47,"Remove any old tile, grout and adhesive using chisels and scrapers and clean the surface carefully.",,,,,train,1
,,,human-task-exposure-v2.0,,2862,47-2044.00,Tile and Stone Setters,47,"Cut tile backing to required size, using shears.",,,,,train,1
,,,human-task-exposure-v2.0,,2857,47-2044.00,Tile and Stone Setters,47,"Build underbeds and install anchor bolts, wires, and brackets.",,,,,train,1
,,,human-task-exposure-v2.0,,7064,47-2051.00,Cement Masons and Concrete Finishers,47,"Build wooden molds, and clamp molds around area to be repaired, using hand tools.",,,,,train,1
,,,human-task-exposure-v2.0,,7053,47-2051.00,Cement Masons and Concrete Finishers,47,"Produce rough concrete surface, using broom.",,,,,train,1
,,,human-task-exposure-v2.0,,7067,47-2051.00,Cement Masons and Concrete Finishers,47,"Fabricate concrete beams, columns, and panels.",,,,,train,1
,,,human-task-exposure-v2.0,,9824,47-2053.00,Terrazzo Workers and Finishers,47,"Blend marble chip mixtures, place into panels, and push a roller over the surface to embed the chips.",,,,,validation,1
,,,human-task-exposure-v2.0,,9828,47-2053.00,Terrazzo Workers and Finishers,47,"Grind curved surfaces or areas inaccessible to surfacing machine, such as stairways or cabinet tops, with portable hand grinder.",,,,,validation,1
,,,human-task-exposure-v2.0,,9848,47-2053.00,Terrazzo Workers and Finishers,47,Wet concrete surface and rub with stone to smooth surface and obtain specified finish.,,,,,validation,1
,,,human-task-exposure-v2.0,,11455,47-2061.00,Construction Laborers,47,Clean or prepare construction sites to eliminate possible hazards.,,,,,train,1
,,,human-task-exposure-v2.0,,11461,47-2061.00,Construction Laborers,47,"Measure, mark, or record openings or distances to layout areas where construction work will be performed.",,,,,train,1
,,,human-task-exposure-v2.0,,11466,47-2061.00,Construction Laborers,47,Operate jackhammers or drills to break up concrete or pavement.,,,,,train,1
,,,human-task-exposure-v2.0,,4798,47-2071.00,"Paving, Surfacing, and Tamping Equipment Operators",47,"Operate machines to spread, smooth, level, or steel-reinforce stone, concrete, or asphalt on road beds.",,,,,train,1
,,,human-task-exposure-v2.0,,20143,47-2071.00,"Paving, Surfacing, and Tamping Equipment Operators",47,Control traffic.,,,,,train,1
,,,human-task-exposure-v2.0,,4814,47-2071.00,"Paving, Surfacing, and Tamping Equipment Operators",47,"Place strips of material, such as cork, asphalt, or steel into joints, or place rolls of expansion-joint material on machines that automatically insert material.",,,,,train,1
,,,human-task-exposure-v2.0,,9851,47-2073.00,Operating Engineers and Other Construction Equipment Operators,47,"Adjust handwheels and depress pedals to control attachments, such as blades, buckets, scrapers, or swing booms.",,,,,train,1
,,,human-task-exposure-v2.0,,9853,47-2073.00,Operating Engineers and Other Construction Equipment Operators,47,"Locate underground services, such as pipes or wires, prior to beginning work.",,,,,train,1
,,,human-task-exposure-v2.0,,9866,47-2073.00,Operating Engineers and Other Construction Equipment Operators,47,"Operate compactors, scrapers, or rollers to level, compact, or cover refuse at disposal grounds.",,,,,train,1
,,,human-task-exposure-v2.0,,13507,47-2081.00,Drywall and Ceiling Tile Installers,47,"Measure and cut openings in panels or tiles for electrical outlets, windows, vents, plumbing, or other fixtures, using keyhole saws or other cutting tools.",,,,,train,1
,,,human-task-exposure-v2.0,,13514,47-2081.00,Drywall and Ceiling Tile Installers,47,"Cut fixture or border tiles to size, using keyhole saws, and insert them into surrounding frameworks.",,,,,train,1
,,,human-task-exposure-v2.0,,13520,47-2081.00,Drywall and Ceiling Tile Installers,47,Seal joints between ceiling tiles and walls.,,,,,train,1
,,,human-task-exposure-v2.0,,2890,47-2111.00,Electricians,47,Fasten small metal or plastic boxes to walls to house electrical switches or outlets.,,,,,train,1
,,,human-task-exposure-v2.0,,2877,47-2111.00,Electricians,47,Advise management on whether continued operation of equipment could be hazardous.,,,,,train,1
,,,human-task-exposure-v2.0,,2893,47-2111.00,Electricians,47,"Provide assistance during emergencies by operating floodlights or generators, placing flares, or driving needed vehicles.",,,,,train,1
,,,human-task-exposure-v2.0,,11497,47-2121.00,Glaziers,47,"Cut and attach mounting strips, metal or wood moldings, rubber gaskets, or metal clips to surfaces in preparation for mirror installation.",,,,,train,1
,,,human-task-exposure-v2.0,,11488,47-2121.00,Glaziers,47,"Fasten glass panes into wood sashes or frames with clips, points, or moldings, adding weather seals or putty around pane edges to seal joints.",,,,,train,1
,,,human-task-exposure-v2.0,,11510,47-2121.00,Glaziers,47,"Create patterns on glass by etching, sandblasting, or painting designs.",,,,,train,1
,,,human-task-exposure-v2.0,,13553,47-2131.00,"Insulation Workers, Floor, Ceiling, and Wall",47,"Remove old insulation, such as asbestos, following safety procedures.",,,,,train,1
,,,human-task-exposure-v2.0,,13549,47-2131.00,"Insulation Workers, Floor, Ceiling, and Wall",47,"Distribute insulating materials evenly into small spaces within floors, ceilings, or walls, using blowers and hose attachments, or cement mortars.",,,,,train,1
,,,human-task-exposure-v2.0,,13552,47-2131.00,"Insulation Workers, Floor, Ceiling, and Wall",47,"Prepare surfaces for insulation application by brushing or spreading on adhesives, cement, or asphalt, or by attaching metal pins to surfaces.",,,,,train,1
,,,human-task-exposure-v2.0,,13554,47-2132.00,"Insulation Workers, Mechanical",47,"Measure and cut insulation for covering surfaces, using tape measures, handsaws, knives, and scissors.",,,,,validation,1
,,,human-task-exposure-v2.0,,13557,47-2132.00,"Insulation Workers, Mechanical",47,Install sheet metal around insulated pipes with screws to protect the insulation from weather conditions or physical damage.,,,,,validation,1
,,,human-task-exposure-v2.0,,13559,47-2132.00,"Insulation Workers, Mechanical",47,"Select appropriate insulation, such as fiberglass, Styrofoam, or cork, based on the heat retaining or excluding characteristics of the material.",,,,,validation,1
,,,human-task-exposure-v2.0,,11519,47-2141.00,"Painters, Construction and Maintenance",47,"Wash and treat surfaces with oil, turpentine, mildew remover, or other preparations, and sand rough spots to ensure that finishes will adhere properly.",,,,,train,1
,,,human-task-exposure-v2.0,,11513,47-2141.00,"Painters, Construction and Maintenance",47,"Apply primers or sealers to prepare new surfaces, such as bare wood or metal, for finish coats.",,,,,train,1
,,,human-task-exposure-v2.0,,11527,47-2141.00,"Painters, Construction and Maintenance",47,Cut stencils and brush or spray lettering or decorations on surfaces.,,,,,train,1
,,,human-task-exposure-v2.0,,14914,47-2142.00,Paperhangers,47,"Place strips or sections of paper on surfaces, aligning section edges and patterns.",,,,,validation,1
,,,human-task-exposure-v2.0,,14906,47-2142.00,Paperhangers,47,Smooth strips or sections of paper with brushes or rollers to remove wrinkles and bubbles and to smooth joints.,,,,,validation,1
,,,human-task-exposure-v2.0,,14921,47-2142.00,Paperhangers,47,"Apply thinned glue to waterproof porous surfaces, using brushes, rollers, or pasting machines.",,,,,validation,1
,,,human-task-exposure-v2.0,,11530,47-2151.00,Pipelayers,47,"Check slopes for conformance to requirements, using levels or lasers.",,,,,train,1
,,,human-task-exposure-v2.0,,11543,47-2151.00,Pipelayers,47,"Locate existing pipes needing repair or replacement, using magnetic or radio indicators.",,,,,train,1
,,,human-task-exposure-v2.0,,11538,47-2151.00,Pipelayers,47,Align and position pipes to prepare them for welding or sealing.,,,,,train,1
,,,human-task-exposure-v2.0,,23459,47-2152.00,"Plumbers, Pipefitters, and Steamfitters",47,"Cut, thread, or hammer pipes to specifications, using tools such as saws, cutting torches, pipe threaders, or pipe benders.",,,,,train,1
,,,human-task-exposure-v2.0,,23488,47-2152.00,"Plumbers, Pipefitters, and Steamfitters",47,Repair or remove and replace system components.,,,,,train,1
,,,human-task-exposure-v2.0,,23482,47-2152.00,"Plumbers, Pipefitters, and Steamfitters",47,Inspect work sites for obstructions or holes that could cause structural weakness.,,,,,train,1
,,,human-task-exposure-v2.0,,17774,47-2152.04,Solar Thermal Installers and Technicians,47,"Install circulating pumps using pipe, fittings, soldering equipment, electrical supplies, and hand tools.",,,,,validation,1
,,,human-task-exposure-v2.0,,17777,47-2152.04,Solar Thermal Installers and Technicians,47,Install heat exchangers and heat exchanger fluids according to installation manuals and schematics.,,,,,validation,1
,,,human-task-exposure-v2.0,,17783,47-2152.04,Solar Thermal Installers and Technicians,47,Apply ultraviolet radiation protection to prevent degradation of plumbing.,,,,,validation,1
,,,human-task-exposure-v2.0,,19851,47-2181.00,Roofers,47,"Apply reflective roof coatings, such as special paints or single-ply roofing sheets, to existing roofs to reduce solar heat absorption.",,,,,train,1
,,,human-task-exposure-v2.0,,19855,47-2181.00,Roofers,47,Install skylights on roofs to increase natural light inside structures or to reduce energy costs.,,,,,train,1
,,,human-task-exposure-v2.0,,13591,47-2181.00,Roofers,47,Mop or pour hot asphalt or tar onto roof bases.,,,,,train,1
,,,human-task-exposure-v2.0,,5179,47-2211.00,Sheet Metal Workers,47,Transport prefabricated parts to construction sites for assembly and installation.,,,,,train,1
,,,human-task-exposure-v2.0,,19858,47-2211.00,Sheet Metal Workers,47,"Fabricate ducts for high efficiency heating, ventilating, and air conditioning (HVAC) systems to maximize efficiency of systems.",,,,,train,1
,,,human-task-exposure-v2.0,,20644,47-2211.00,Sheet Metal Workers,47,Fasten roof panel edges or machine-made moldings to structures by nailing or welding.,,,,,train,1
,,,human-task-exposure-v2.0,,11558,47-2221.00,Structural Iron and Steel Workers,47,Drive drift pins through rivet holes to align rivet holes in structural steel members with corresponding holes in previously placed members.,,,,,train,1
,,,human-task-exposure-v2.0,,11556,47-2221.00,Structural Iron and Steel Workers,47,"Erect metal or precast concrete components for structures, such as buildings, bridges, dams, towers, storage tanks, fences, or highway guard rails.",,,,,train,1
,,,human-task-exposure-v2.0,,11560,47-2221.00,Structural Iron and Steel Workers,47,"Insert sealing strips, wiring, insulating material, ladders, flanges, gauges, or valves, depending on types of structures being assembled.",,,,,train,1
,,,human-task-exposure-v2.0,,17751,47-2231.00,Solar Photovoltaic Installers,47,Examine designs to determine current requirements for all parts of the photovoltaic (PV) system electrical circuit.,,,,,train,1
,,,human-task-exposure-v2.0,,17745,47-2231.00,Solar Photovoltaic Installers,47,"Apply weather sealing to array, building, or support mechanisms.",,,,,train,1
,,,human-task-exposure-v2.0,,17741,47-2231.00,Solar Photovoltaic Installers,47,"Install active solar systems, including solar collectors, concentrators, pumps, or fans.",,,,,train,1
,,,human-task-exposure-v2.0,,20443,47-3012.00,Helpers--Carpenters,47,Drill holes in timbers or lumber.,,,,,train,1
,,,human-task-exposure-v2.0,,8280,47-3012.00,Helpers--Carpenters,47,Glue and clamp edges or joints of assembled parts.,,,,,train,1
,,,human-task-exposure-v2.0,,8283,47-3012.00,Helpers--Carpenters,47,Cover surfaces with laminated plastic covering material.,,,,,train,1
,,,human-task-exposure-v2.0,,4832,47-3013.00,Helpers--Electricians,47,"Trace out short circuits in wiring, using test meter.",,,,,train,1
,,,human-task-exposure-v2.0,,4846,47-3013.00,Helpers--Electricians,47,"Install copper-clad ground rods, using a manual post driver.",,,,,train,1
,,,human-task-exposure-v2.0,,4849,47-3013.00,Helpers--Electricians,47,"Requisition materials, using warehouse requisition or release forms.",,,,,train,1
,,,human-task-exposure-v2.0,,4863,47-3015.00,"Helpers--Pipelayers, Plumbers, Pipefitters, and Steamfitters",47,"Excavate and grade ditches, and lay and join pipe for water and sewer service.",,,,,train,1
,,,human-task-exposure-v2.0,,4860,47-3015.00,"Helpers--Pipelayers, Plumbers, Pipefitters, and Steamfitters",47,"Requisition tools and equipment, select type and size of pipe, and collect and transport materials and equipment to work site.",,,,,train,1
,,,human-task-exposure-v2.0,,4868,47-3015.00,"Helpers--Pipelayers, Plumbers, Pipefitters, and Steamfitters",47,"Immerse pipe in chemical solution to remove dirt, oil, and scale.",,,,,train,1
,,,human-task-exposure-v2.0,,14936,47-3016.00,Helpers--Roofers,47,"Provide assistance to skilled roofers installing and repairing roofs, flashings, and surfaces.",,,,,train,1
,,,human-task-exposure-v2.0,,14931,47-3016.00,Helpers--Roofers,47,"Cover roofs with layers of roofing felt or asphalt strips before installing tile, slate, or composition materials.",,,,,train,1
,,,human-task-exposure-v2.0,,14935,47-3016.00,Helpers--Roofers,47,"Place tiles, nail them to roof boards, and cover nailheads with roofing cement.",,,,,train,1
,,,human-task-exposure-v2.0,,870,47-4011.00,Construction and Building Inspectors,47,Maintain daily logs and supplement inspection records with photographs.,,,,,train,1
,,,human-task-exposure-v2.0,,880,47-4011.00,Construction and Building Inspectors,47,"Train, direct, or supervise other construction inspectors.",,,,,train,1
,,,human-task-exposure-v2.0,,19866,47-4011.00,Construction and Building Inspectors,47,Monitor construction activities to ensure that environmental regulations are not violated.,,,,,train,1
,,,human-task-exposure-v2.0,,18073,47-4011.01,Energy Auditors,47,"Inspect or evaluate building envelopes, mechanical systems, electrical systems, or process systems to determine the energy consumption of each system.",,,,,train,1
,,,human-task-exposure-v2.0,,18078,47-4011.01,Energy Auditors,47,Collect and analyze field data related to energy usage.,,,,,train,1
,,,human-task-exposure-v2.0,,19563,47-4011.01,Energy Auditors,47,Verify income eligibility of participants in publicly financed weatherization programs.,,,,,train,1
,,,human-task-exposure-v2.0,,11565,47-4021.00,Elevator and Escalator Installers and Repairers,47,"Test newly installed equipment to ensure that it meets specifications, such as stopping at floors for set amounts of time.",,,,,validation,1
,,,human-task-exposure-v2.0,,11564,47-4021.00,Elevator and Escalator Installers and Repairers,47,"Assemble, install, repair, and maintain elevators, escalators, moving sidewalks, and dumbwaiters, using hand and power tools, and testing devices such as test lamps, ammeters, and voltmeters.",,,,,validation,1
,,,human-task-exposure-v2.0,,11581,47-4021.00,Elevator and Escalator Installers and Repairers,47,"Cut prefabricated sections of framework, rails, and other components to specified dimensions.",,,,,validation,1
,,,human-task-exposure-v2.0,,13631,47-4031.00,Fence Erectors,47,"Nail top and bottom rails to fence posts, or insert them in slots on posts.",,,,,validation,1
,,,human-task-exposure-v2.0,,13630,47-4031.00,Fence Erectors,47,"Make rails for fences, by sawing lumber or by cutting metal tubing to required lengths.",,,,,validation,1
,,,human-task-exposure-v2.0,,13642,47-4031.00,Fence Erectors,47,Blast rock formations and rocky areas with dynamite to facilitate posthole digging.,,,,,validation,1
,,,human-task-exposure-v2.0,,19869,47-4041.00,Hazardous Materials Removal Workers,47,Clean mold-contaminated sites by removing damaged porous materials or thoroughly cleaning all contaminated nonporous materials.,,,,,train,1
,,,human-task-exposure-v2.0,,11587,47-4041.00,Hazardous Materials Removal Workers,47,"Operate machines or equipment to remove, package, store, or transport loads of waste materials.",,,,,train,1
,,,human-task-exposure-v2.0,,19871,47-4041.00,Hazardous Materials Removal Workers,47,"Process e-waste, such as computer components containing lead or mercury.",,,,,train,1
,,,human-task-exposure-v2.0,,4877,47-4051.00,Highway Maintenance Workers,47,"Haul and spread sand, gravel, and clay to fill washouts and repair road shoulders.",,,,,train,1
,,,human-task-exposure-v2.0,,4871,47-4051.00,Highway Maintenance Workers,47,Flag motorists to warn them of obstacles or repair work ahead.,,,,,train,1
,,,human-task-exposure-v2.0,,4883,47-4051.00,Highway Maintenance Workers,47,Inspect markers to verify accurate installation.,,,,,train,1
,,,human-task-exposure-v2.0,,13648,47-4061.00,Rail-Track Laying and Maintenance Equipment Operators,47,"Cut rails to specified lengths, using rail saws.",,,,,train,1
,,,human-task-exposure-v2.0,,13645,47-4061.00,Rail-Track Laying and Maintenance Equipment Operators,47,"Repair or adjust track switches, using wrenches and replacement parts.",,,,,train,1
,,,human-task-exposure-v2.0,,13662,47-4061.00,Rail-Track Laying and Maintenance Equipment Operators,47,"Turn wheels of machines, using lever controls, to adjust guidelines for track alignments or grades, following specifications.",,,,,train,1
,,,human-task-exposure-v2.0,,11602,47-4071.00,Septic Tank Servicers and Sewer Pipe Cleaners,47,"Communicate with supervisors and other workers, using equipment such as wireless phones, pagers, or radio telephones.",,,,,train,1
,,,human-task-exposure-v2.0,,11610,47-4071.00,Septic Tank Servicers and Sewer Pipe Cleaners,47,"Clean and repair septic tanks, sewer lines, or related structures such as manholes, culverts, and catch basins.",,,,,train,1
,,,human-task-exposure-v2.0,,11621,47-4071.00,Septic Tank Servicers and Sewer Pipe Cleaners,47,Tap mainline sewers to install sewer saddles.,,,,,train,1
,,,human-task-exposure-v2.0,,17801,47-4099.03,Weatherization Installers and Technicians,47,Contact residents or building owners to schedule appointments.,,,,,train,1
,,,human-task-exposure-v2.0,,17797,47-4099.03,Weatherization Installers and Technicians,47,"Wrap air ducts and water lines with insulating materials, such as duct wrap and pipe insulation.",,,,,train,1
,,,human-task-exposure-v2.0,,21204,47-4099.03,Weatherization Installers and Technicians,47,"Test combustible appliances, such as gas appliances.",,,,,train,1
,,,human-task-exposure-v2.0,,8307,47-5012.00,"Rotary Drill Operators, Oil and Gas",47,"Monitor progress of drilling operations, and select and change drill bits according to the nature of strata, using hand tools.",,,,,train,1
,,,human-task-exposure-v2.0,,8303,47-5012.00,"Rotary Drill Operators, Oil and Gas",47,Start and examine operation of slush pumps to ensure circulation and consistency of drilling fluid or mud in well.,,,,,train,1
,,,human-task-exposure-v2.0,,8315,47-5012.00,"Rotary Drill Operators, Oil and Gas",47,"Plug observation wells, and restore sites.",,,,,train,1
,,,human-task-exposure-v2.0,,7075,47-5013.00,"Service Unit Operators, Oil and Gas",47,Drive truck-mounted units to well sites.,,,,,train,1
,,,human-task-exposure-v2.0,,7088,47-5013.00,"Service Unit Operators, Oil and Gas",47,Interpret instrument readings to ascertain the depth of obstruction.,,,,,train,1
,,,human-task-exposure-v2.0,,7087,47-5013.00,"Service Unit Operators, Oil and Gas",47,Insert detection instruments into wells with obstructions.,,,,,train,1
,,,human-task-exposure-v2.0,,12783,47-5022.00,"Excavating and Loading Machine and Dragline Operators, Surface Mining",47,"Lubricate, adjust, or repair machinery and replace parts, such as gears, bearings, or bucket teeth.",,,,,train,1
,,,human-task-exposure-v2.0,,12780,47-5022.00,"Excavating and Loading Machine and Dragline Operators, Surface Mining",47,"Become familiar with digging plans, machine capabilities and limitations, and efficient and safe digging procedures in a given application.",,,,,train,1
,,,human-task-exposure-v2.0,,12787,47-5022.00,"Excavating and Loading Machine and Dragline Operators, Surface Mining",47,Adjust dig face angles for varying overburden depths and set lengths.,,,,,train,1
,,,human-task-exposure-v2.0,,13678,47-5023.00,"Earth Drillers, Except Oil and Gas",47,"Perform routine maintenance and upgrade work on machines and equipment, such as replacing parts, building up drill bits, and lubricating machinery.",,,,,train,1
,,,human-task-exposure-v2.0,,13671,47-5023.00,"Earth Drillers, Except Oil and Gas",47,"Start, stop, and control drilling speed of machines and insertion of casings into holes.",,,,,train,1
,,,human-task-exposure-v2.0,,13685,47-5023.00,"Earth Drillers, Except Oil and Gas",47,Perform pumping tests to assess well performance.,,,,,train,1
,,,human-task-exposure-v2.0,,9904,47-5032.00,"Explosives Workers, Ordnance Handling Experts, and Blasters",47,Examine blast areas to determine amounts and kinds of explosive charges needed and to ensure that safety laws are observed.,,,,,train,1
,,,human-task-exposure-v2.0,,9913,47-5032.00,"Explosives Workers, Ordnance Handling Experts, and Blasters",47,"Lay primacord between rows of charged blast holes, and tie cord into main lines to form blast patterns.",,,,,train,1
,,,human-task-exposure-v2.0,,9924,47-5032.00,"Explosives Workers, Ordnance Handling Experts, and Blasters",47,"Insert waterproof sealers, bullets, and/or powder charges into guns, and screw gun ports back into place.",,,,,train,1
,,,human-task-exposure-v2.0,,23495,47-5044.00,"Loading and Moving Machine Operators, Underground Mining",47,"Clean, fuel, service, and perform safety checks on all equipment, and repair and replace parts as necessary.",,,,,test,1
,,,human-task-exposure-v2.0,,23498,47-5044.00,"Loading and Moving Machine Operators, Underground Mining",47,Drive loaded shuttle cars to ramps and move controls to discharge loads into mine cars or onto conveyors.,,,,,test,1
,,,human-task-exposure-v2.0,,15193,47-5044.00,"Loading and Moving Machine Operators, Underground Mining",47,Signal workers to move loaded cars.,,,,,test,1
,,,human-task-exposure-v2.0,,20145,47-5071.00,"Roustabouts, Oil and Gas",47,"Walk flow lines to locate leaks, using electronic detectors and by making visual inspections, and repair the leaks.",,,,,train,1
,,,human-task-exposure-v2.0,,7115,47-5071.00,"Roustabouts, Oil and Gas",47,"Move pipes to and from trucks, using truck winches and motorized lifts, or by hand.",,,,,train,1
,,,human-task-exposure-v2.0,,7120,47-5071.00,"Roustabouts, Oil and Gas",47,Supply equipment to rig floors as requested and provide assistance to roughnecks.,,,,,train,1
,,,human-task-exposure-v2.0,,2921,49-1011.00,"First-Line Supervisors of Mechanics, Installers, and Repairers",49,"Conduct or arrange for worker training in safety, repair, or maintenance techniques, operational procedures, or equipment use.",,,,,train,1
,,,human-task-exposure-v2.0,,2922,49-1011.00,"First-Line Supervisors of Mechanics, Installers, and Repairers",49,Investigate accidents or injuries and prepare reports of findings.,,,,,train,1
,,,human-task-exposure-v2.0,,15264,49-1011.00,"First-Line Supervisors of Mechanics, Installers, and Repairers",49,"Review, evaluate, accept, and coordinate completion of work bid from contractors.",,,,,train,1
,,,human-task-exposure-v2.0,,11640,49-2011.00,"Computer, Automated Teller, and Office Machine Repairers",49,"Clean, oil, or adjust mechanical parts to maintain machines' operating efficiency and to prevent breakdowns.",,,,,train,1
,,,human-task-exposure-v2.0,,11632,49-2011.00,"Computer, Automated Teller, and Office Machine Repairers",49,"Install and configure new equipment, including operating software or peripheral equipment.",,,,,train,1
,,,human-task-exposure-v2.0,,11647,49-2011.00,"Computer, Automated Teller, and Office Machine Repairers",49,Calibrate testing instruments.,,,,,train,1
,,,human-task-exposure-v2.0,,19414,49-2021.00,"Radio, Cellular, and Tower Equipment Installers and Repairers",49,"Take site survey photos or photos of work performed, using digital cameras.",,,,,train,1
,,,human-task-exposure-v2.0,,19402,49-2021.00,"Radio, Cellular, and Tower Equipment Installers and Repairers",49,"Install all necessary transmission equipment components, including antennas or antenna mounts, surge arrestors, transmission lines, connectors, or tower-mounted amplifiers (TMAs).",,,,,train,1
,,,human-task-exposure-v2.0,,19400,49-2021.00,"Radio, Cellular, and Tower Equipment Installers and Repairers",49,"Climb communication towers to install, replace, or repair antennas or auxiliary equipment used to transmit and receive radio waves.",,,,,train,1
,,,human-task-exposure-v2.0,,11684,49-2022.00,"Telecommunications Equipment Installers and Repairers, Except Line Installers",49,Dig holes or trenches as necessary for equipment installation and access.,,,,,validation,1
,,,human-task-exposure-v2.0,,11667,49-2022.00,"Telecommunications Equipment Installers and Repairers, Except Line Installers",49,Designate cables available for use.,,,,,validation,1
,,,human-task-exposure-v2.0,,11677,49-2022.00,"Telecommunications Equipment Installers and Repairers, Except Line Installers",49,"Perform database verifications, using computers.",,,,,validation,1
,,,human-task-exposure-v2.0,,9934,49-2091.00,Avionics Technicians,49,"Test and troubleshoot instruments, components, and assemblies, using circuit testers, oscilloscopes, or voltmeters.",,,,,train,1
,,,human-task-exposure-v2.0,,9942,49-2091.00,Avionics Technicians,49,Fabricate parts and test aids as required.,,,,,train,1
,,,human-task-exposure-v2.0,,9935,49-2091.00,Avionics Technicians,49,Keep records of maintenance and repair work.,,,,,train,1
,,,human-task-exposure-v2.0,,11699,49-2092.00,"Electric Motor, Power Tool, and Related Repairers",49,Lubricate moving parts.,,,,,train,1
,,,human-task-exposure-v2.0,,11694,49-2092.00,"Electric Motor, Power Tool, and Related Repairers",49,"Inspect electrical connections, wiring, relays, charging resistance boxes, and storage batteries, following wiring diagrams.",,,,,train,1
,,,human-task-exposure-v2.0,,11704,49-2092.00,"Electric Motor, Power Tool, and Related Repairers",49,"Reface, ream, and polish commutators and machine parts to specified tolerances, using machine tools.",,,,,train,1
,,,human-task-exposure-v2.0,,888,49-2094.00,"Electrical and Electronics Repairers, Commercial and Industrial Equipment",49,Calibrate testing instruments and installed or repaired equipment to prescribed specifications.,,,,,train,1
,,,human-task-exposure-v2.0,,891,49-2094.00,"Electrical and Electronics Repairers, Commercial and Industrial Equipment",49,"Study blueprints, schematics, manuals, or other specifications to determine installation procedures.",,,,,train,1
,,,human-task-exposure-v2.0,,900,49-2094.00,"Electrical and Electronics Repairers, Commercial and Industrial Equipment",49,Sign overhaul documents for equipment replaced or repaired.,,,,,train,1
,,,human-task-exposure-v2.0,,11745,49-2095.00,"Electrical and Electronics Repairers, Powerhouse, Substation, and Relay",49,Notify facility personnel of equipment shutdowns.,,,,,validation,1
,,,human-task-exposure-v2.0,,11748,49-2095.00,"Electrical and Electronics Repairers, Powerhouse, Substation, and Relay",49,"Analyze test data to diagnose malfunctions, to determine performance characteristics of systems, or to evaluate effects of system modifications.",,,,,validation,1
,,,human-task-exposure-v2.0,,11754,49-2095.00,"Electrical and Electronics Repairers, Powerhouse, Substation, and Relay",49,Schedule and supervise splicing or termination of cables in color-code order.,,,,,validation,1
,,,human-task-exposure-v2.0,,13746,49-2097.00,Audiovisual Equipment Installers and Repairers,49,"Make service calls to repair units in customers' homes, or return units to shops for major repairs.",,,,,train,1
,,,human-task-exposure-v2.0,,13739,49-2097.00,Audiovisual Equipment Installers and Repairers,49,"Calibrate and test equipment, and locate circuit and component faults, using hand and power tools and measuring and testing instruments such as resistance meters and oscilloscopes.",,,,,train,1
,,,human-task-exposure-v2.0,,13743,49-2097.00,Audiovisual Equipment Installers and Repairers,49,Compute cost estimates for labor and materials.,,,,,train,1
,,,human-task-exposure-v2.0,,11760,49-2098.00,Security and Fire Alarm Systems Installers,49,"Mount and fasten control panels, door and window contacts, sensors, or video cameras, and attach electrical and telephone wiring to connect components.",,,,,train,1
,,,human-task-exposure-v2.0,,20800,49-2098.00,Security and Fire Alarm Systems Installers,49,"Test backup batteries, keypad programming, sirens, or other security features to ensure proper functioning or to diagnose malfunctions.",,,,,train,1
,,,human-task-exposure-v2.0,,11772,49-2098.00,Security and Fire Alarm Systems Installers,49,"Prepare documents, such as invoices or warranties.",,,,,train,1
,,,human-task-exposure-v2.0,,9957,49-3011.00,Aircraft Mechanics and Service Technicians,49,"Test operation of engines and other systems, using test equipment, such as ignition analyzers, compression checkers, distributor timers, or ammeters.",,,,,validation,1
,,,human-task-exposure-v2.0,,9981,49-3011.00,Aircraft Mechanics and Service Technicians,49,"Listen to operating engines to detect and diagnose malfunctions, such as sticking or burned valves.",,,,,validation,1
,,,human-task-exposure-v2.0,,9983,49-3011.00,Aircraft Mechanics and Service Technicians,49,"Remove, inspect, repair, and install in-flight refueling stores and external fuel tanks.",,,,,validation,1
,,,human-task-exposure-v2.0,,2934,49-3021.00,Automotive Body and Related Repairers,49,"Sand body areas to be painted and cover bumpers, windows, and trim with masking tape or paper to protect them from the paint.",,,,,validation,1
,,,human-task-exposure-v2.0,,2951,49-3021.00,Automotive Body and Related Repairers,49,"Apply heat to plastic panels, using hot-air welding guns or immersion in hot water, and press the softened panels back into shape by hand.",,,,,validation,1
,,,human-task-exposure-v2.0,,2953,49-3021.00,Automotive Body and Related Repairers,49,"Cut openings in vehicle bodies for the installation of customized windows, using templates and power shears or chisels.",,,,,validation,1
,,,human-task-exposure-v2.0,,8328,49-3022.00,Automotive Glass Installers and Repairers,49,"Remove moldings, clips, windshield wipers, screws, bolts, and inside A-pillar moldings and lower headliners in preparation for installation or repair work.",,,,,train,1
,,,human-task-exposure-v2.0,,8333,49-3022.00,Automotive Glass Installers and Repairers,49,Replace or adjust motorized or manual window-raising mechanisms.,,,,,train,1
,,,human-task-exposure-v2.0,,8332,49-3022.00,Automotive Glass Installers and Repairers,49,Cut flat safety glass according to specified patterns or perform precision pattern making and glass cutting to custom fit replacement windows.,,,,,train,1
,,,human-task-exposure-v2.0,,23529,49-3023.00,Automotive Service Technicians and Mechanics,49,Confer with customers to obtain descriptions of vehicle problems and to discuss work to be performed and future repair requirements.,,,,,train,1
,,,human-task-exposure-v2.0,,23533,49-3023.00,Automotive Service Technicians and Mechanics,49,"Perform routine and scheduled maintenance services, such as oil changes, lubrications, and tune-ups.",,,,,train,1
,,,human-task-exposure-v2.0,,23550,49-3023.00,Automotive Service Technicians and Mechanics,49,Repair or rebuild transmissions.,,,,,train,1
,,,human-task-exposure-v2.0,,23955,49-3031.00,Bus and Truck Mechanics and Diesel Engine Specialists,49,"Dismount, mount, and repair or replace tires.",,,,,test,1
,,,human-task-exposure-v2.0,,20453,49-3031.00,Bus and Truck Mechanics and Diesel Engine Specialists,49,Install or repair accessories.,,,,,test,1
,,,human-task-exposure-v2.0,,2999,49-3031.00,Bus and Truck Mechanics and Diesel Engine Specialists,49,Operate valve-grinding machines to grind and reset valves.,,,,,test,1
,,,human-task-exposure-v2.0,,13750,49-3041.00,Farm Equipment Mechanics and Service Technicians,49,"Maintain, repair, and overhaul farm machinery and vehicles, such as tractors, harvesters, and irrigation systems.",,,,,train,1
,,,human-task-exposure-v2.0,,13758,49-3041.00,Farm Equipment Mechanics and Service Technicians,49,"Fabricate new metal parts, using drill presses, engine lathes, and other machine tools.",,,,,train,1
,,,human-task-exposure-v2.0,,13760,49-3041.00,Farm Equipment Mechanics and Service Technicians,49,"Install and repair agricultural irrigation, plumbing, and sprinkler systems.",,,,,train,1
,,,human-task-exposure-v2.0,,3007,49-3042.00,"Mobile Heavy Equipment Mechanics, Except Engines",49,"Schedule maintenance for industrial machines and equipment, and keep equipment service records.",,,,,train,1
,,,human-task-exposure-v2.0,,3008,49-3042.00,"Mobile Heavy Equipment Mechanics, Except Engines",49,"Read and understand operating manuals, blueprints, and technical drawings.",,,,,train,1
,,,human-task-exposure-v2.0,,3012,49-3042.00,"Mobile Heavy Equipment Mechanics, Except Engines",49,"Weld or solder broken parts and structural members, using electric or gas welders and soldering tools.",,,,,train,1
,,,human-task-exposure-v2.0,,9986,49-3043.00,Rail Car Repairers,49,"Record conditions of cars, and repair and maintenance work performed or to be performed.",,,,,train,1
,,,human-task-exposure-v2.0,,9991,49-3043.00,Rail Car Repairers,49,"Perform scheduled maintenance, and clean units and components.",,,,,train,1
,,,human-task-exposure-v2.0,,9997,49-3043.00,Rail Car Repairers,49,"Replace defective wiring and insulation, and tighten electrical connections, using hand tools.",,,,,train,1
,,,human-task-exposure-v2.0,,13767,49-3051.00,Motorboat Mechanics and Service Technicians,49,Idle motors and observe thermometers to determine the effectiveness of cooling systems.,,,,,validation,1
,,,human-task-exposure-v2.0,,13769,49-3051.00,Motorboat Mechanics and Service Technicians,49,"Adjust carburetor mixtures, electrical point settings, or timing while motors are running in water-filled test tanks.",,,,,validation,1
,,,human-task-exposure-v2.0,,13765,49-3051.00,Motorboat Mechanics and Service Technicians,49,Document inspection and test results and work performed or to be performed.,,,,,validation,1
,,,human-task-exposure-v2.0,,13785,49-3053.00,Outdoor Power Equipment and Other Small Engine Mechanics,49,Replace motors.,,,,,test,1
,,,human-task-exposure-v2.0,,13782,49-3053.00,Outdoor Power Equipment and Other Small Engine Mechanics,49,Sell parts and equipment.,,,,,test,1
,,,human-task-exposure-v2.0,,13787,49-3053.00,Outdoor Power Equipment and Other Small Engine Mechanics,49,"Remove engines from equipment, and position and bolt engines to repair stands.",,,,,test,1
,,,human-task-exposure-v2.0,,5184,49-3091.00,Bicycle Repairers,49,Install and adjust speed and gear mechanisms.,,,,,train,1
,,,human-task-exposure-v2.0,,20918,49-3091.00,Bicycle Repairers,49,Install new tires and tubes.,,,,,train,1
,,,human-task-exposure-v2.0,,5192,49-3091.00,Bicycle Repairers,49,"Paint bicycle frames, using spray guns or brushes.",,,,,train,1
,,,human-task-exposure-v2.0,,20804,49-3092.00,Recreational Vehicle Service Technicians,49,Diagnose and repair furnace or air conditioning systems.,,,,,train,1
,,,human-task-exposure-v2.0,,20802,49-3092.00,Recreational Vehicle Service Technicians,49,Explain proper operation of vehicle systems to customers.,,,,,train,1
,,,human-task-exposure-v2.0,,10017,49-3092.00,Recreational Vehicle Service Technicians,49,"Seal open sides of modular units to prepare them for shipment, using polyethylene sheets, nails, and hammers.",,,,,train,1
,,,human-task-exposure-v2.0,,8382,49-3093.00,Tire Repairers and Changers,49,"Prepare rims and wheel drums for reassembly by scraping, grinding, or sandblasting.",,,,,train,1
,,,human-task-exposure-v2.0,,20657,49-3093.00,Tire Repairers and Changers,49,Clean and tidy up the shop.,,,,,train,1
,,,human-task-exposure-v2.0,,8383,49-3093.00,Tire Repairers and Changers,49,Order replacements for tires or tubes.,,,,,train,1
,,,human-task-exposure-v2.0,,8396,49-9011.00,Mechanical Door Repairers,49,"Remove or disassemble defective automatic mechanical door closers, using hand tools.",,,,,train,1
,,,human-task-exposure-v2.0,,8387,49-9011.00,Mechanical Door Repairers,49,"Adjust doors to open or close with the correct amount of effort, or make simple adjustments to electric openers.",,,,,train,1
,,,human-task-exposure-v2.0,,8411,49-9011.00,Mechanical Door Repairers,49,"Cover treadles with carpeting or other floor covering materials, and test systems by operating treadles.",,,,,train,1
,,,human-task-exposure-v2.0,,11780,49-9012.00,"Control and Valve Installers and Repairers, Except Mechanical Door",49,"Record maintenance information, including test results, material usage, and repairs made.",,,,,validation,1
,,,human-task-exposure-v2.0,,11779,49-9012.00,"Control and Valve Installers and Repairers, Except Mechanical Door",49,"Disassemble and repair mechanical control devices or valves, such as regulators, thermostats, or hydrants, using power tools, hand tools, and cutting torches.",,,,,validation,1
,,,human-task-exposure-v2.0,,11795,49-9012.00,"Control and Valve Installers and Repairers, Except Mechanical Door",49,Trace and tag meters or house lines.,,,,,validation,1
,,,human-task-exposure-v2.0,,23566,49-9021.00,"Heating, Air Conditioning, and Refrigeration Mechanics and Installers",49,"Install expansion and control valves, using acetylene torches and wrenches.",,,,,train,1
,,,human-task-exposure-v2.0,,23574,49-9021.00,"Heating, Air Conditioning, and Refrigeration Mechanics and Installers",49,"Estimate, order, pick up, deliver, and install materials and supplies needed to maintain equipment in good working condition.",,,,,train,1
,,,human-task-exposure-v2.0,,23581,49-9021.00,"Heating, Air Conditioning, and Refrigeration Mechanics and Installers",49,"Test pipes, lines, components, and connections for leaks.",,,,,train,1
,,,human-task-exposure-v2.0,,13792,49-9031.00,Home Appliance Repairers,49,"Replace worn and defective parts such as switches, bearings, transmissions, belts, gears, circuit boards, or defective wiring.",,,,,train,1
,,,human-task-exposure-v2.0,,13797,49-9031.00,Home Appliance Repairers,49,"Maintain stocks of parts used in on-site installation, maintenance, and repair of appliances.",,,,,train,1
,,,human-task-exposure-v2.0,,13809,49-9031.00,Home Appliance Repairers,49,Install gas pipes and water lines to connect appliances to existing gas lines or plumbing.,,,,,train,1
,,,human-task-exposure-v2.0,,11814,49-9041.00,Industrial Machinery Mechanics,49,Repair or replace broken or malfunctioning components of machinery or equipment.,,,,,test,1
,,,human-task-exposure-v2.0,,11820,49-9041.00,Industrial Machinery Mechanics,49,"Clean, lubricate, or adjust parts, equipment, or machinery.",,,,,test,1
,,,human-task-exposure-v2.0,,23935,49-9041.00,Industrial Machinery Mechanics,49,Assign schedules to work crews.,,,,,test,1
,,,human-task-exposure-v2.0,,11839,49-9043.00,"Maintenance Workers, Machinery",49,"Transport machine parts, tools, equipment, and other material between work areas and storage, using cranes, hoists, or dollies.",,,,,train,1
,,,human-task-exposure-v2.0,,11831,49-9043.00,"Maintenance Workers, Machinery",49,"Lubricate or apply adhesives or other materials to machines, machine parts, or other equipment according to specified procedures.",,,,,train,1
,,,human-task-exposure-v2.0,,11844,49-9043.00,"Maintenance Workers, Machinery",49,"Measure, mix, prepare, and test chemical solutions used to clean or repair machinery and equipment.",,,,,train,1
,,,human-task-exposure-v2.0,,18785,49-9044.00,Millwrights,49,"Conduct preventative maintenance and repair, and lubricate machines and equipment.",,,,,test,1
,,,human-task-exposure-v2.0,,3058,49-9044.00,Millwrights,49,"Construct foundation for machines, using hand tools and building materials such as wood, cement, and steel.",,,,,test,1
,,,human-task-exposure-v2.0,,3059,49-9044.00,Millwrights,49,"Install robot and modify its program, using teach pendant.",,,,,test,1
,,,human-task-exposure-v2.0,,8412,49-9051.00,Electrical Power-Line Installers and Repairers,49,"Adhere to safety practices and procedures, such as checking equipment regularly and erecting barriers around work areas.",,,,,train,1
,,,human-task-exposure-v2.0,,8433,49-9051.00,Electrical Power-Line Installers and Repairers,49,"Lay underground cable directly in trenches, or string it through conduit running through the trenches.",,,,,train,1
,,,human-task-exposure-v2.0,,8431,49-9051.00,Electrical Power-Line Installers and Repairers,49,"Clean, tin, and splice corresponding conductors by twisting ends together or by joining ends with metal clamps and soldering connections.",,,,,train,1
,,,human-task-exposure-v2.0,,24058,49-9052.00,Telecommunications Line Installers and Repairers,49,"Set up service for customers, installing, connecting, testing, or adjusting equipment, such as digital subscriber line modems.",,,,,validation,1
,,,human-task-exposure-v2.0,,11857,49-9052.00,Telecommunications Line Installers and Repairers,49,Clean or maintain tools or test equipment.,,,,,validation,1
,,,human-task-exposure-v2.0,,11859,49-9052.00,Telecommunications Line Installers and Repairers,49,Compute impedance of wires from poles to houses to determine additional resistance needed for reducing signals to desired levels.,,,,,validation,1
,,,human-task-exposure-v2.0,,23980,49-9062.00,Medical Equipment Repairers,49,"Inspect, test, or troubleshoot malfunctioning medical or related equipment, following manufacturers' specifications and using test and analysis instruments.",,,,,train,1
,,,human-task-exposure-v2.0,,3067,49-9062.00,Medical Equipment Repairers,49,Explain or demonstrate correct operation or preventive maintenance of medical equipment to personnel.,,,,,train,1
,,,human-task-exposure-v2.0,,3074,49-9062.00,Medical Equipment Repairers,49,Contribute expertise to develop medical maintenance standard operating procedures.,,,,,train,1
,,,human-task-exposure-v2.0,,11871,49-9063.00,Musical Instrument Repairers and Tuners,49,Compare instrument pitches with tuning tool pitches to tune instruments.,,,,,train,1
,,,human-task-exposure-v2.0,,11865,49-9063.00,Musical Instrument Repairers and Tuners,49,Play instruments to evaluate their sound quality and to locate any defects.,,,,,train,1
,,,human-task-exposure-v2.0,,11898,49-9063.00,Musical Instrument Repairers and Tuners,49,Assemble and install new pipe organs and pianos in buildings.,,,,,train,1
,,,human-task-exposure-v2.0,,3025,49-9071.00,"Maintenance and Repair Workers, General",49,Record type and cost of maintenance or repair work.,,,,,train,1
,,,human-task-exposure-v2.0,,3037,49-9071.00,"Maintenance and Repair Workers, General",49,"Fabricate or repair counters, benches, partitions, or other wooden structures, such as sheds or outbuildings.",,,,,train,1
,,,human-task-exposure-v2.0,,19897,49-9071.00,"Maintenance and Repair Workers, General",49,"Assemble boilers at installation sites, using tools such as levels, plumb bobs, hammers, torches, or other hand tools.",,,,,train,1
,,,human-task-exposure-v2.0,,13839,49-9091.00,"Coin, Vending, and Amusement Machine Servicers and Repairers",49,Inspect machines and meters to determine causes of malfunctions and fix minor problems such as jammed bills or stuck products.,,,,,test,1
,,,human-task-exposure-v2.0,,13842,49-9091.00,"Coin, Vending, and Amusement Machine Servicers and Repairers",49,Clean and oil machine parts.,,,,,test,1
,,,human-task-exposure-v2.0,,13849,49-9091.00,"Coin, Vending, and Amusement Machine Servicers and Repairers",49,"Disassemble and assemble machines, according to specifications and using hand and power tools.",,,,,test,1
,,,human-task-exposure-v2.0,,13872,49-9092.00,Commercial Divers,49,"Carry out non-destructive testing, such as tests for cracks on the legs of oil rigs at sea.",,,,,train,1
,,,human-task-exposure-v2.0,,13861,49-9092.00,Commercial Divers,49,"Cut and weld steel, using underwater welding equipment, jigs, and supports.",,,,,train,1
,,,human-task-exposure-v2.0,,13874,49-9092.00,Commercial Divers,49,Remove rubbish or pollution from the sea.,,,,,train,1
,,,human-task-exposure-v2.0,,7125,49-9094.00,Locksmiths and Safe Repairers,49,Keep records of company locks and keys.,,,,,train,1
,,,human-task-exposure-v2.0,,7124,49-9094.00,Locksmiths and Safe Repairers,49,"Cut new or duplicate keys, using key cutting machines.",,,,,train,1
,,,human-task-exposure-v2.0,,7132,49-9094.00,Locksmiths and Safe Repairers,49,"Remove interior and exterior finishes on safes and vaults, and spray on new finishes.",,,,,train,1
,,,human-task-exposure-v2.0,,13902,49-9096.00,Riggers,49,Dismantle and store rigging equipment after use.,,,,,test,1
,,,human-task-exposure-v2.0,,21206,49-9096.00,Riggers,49,Load machines onto trucks to prepare for transportation.,,,,,test,1
,,,human-task-exposure-v2.0,,13903,49-9096.00,Riggers,49,"Install ground rigging for yarding lines, attaching chokers to logs and to the lines.",,,,,test,1
,,,human-task-exposure-v2.0,,20153,49-9098.00,"Helpers--Installation, Maintenance, and Repair Workers",49,"Design, weld, and fabricate parts, using blueprints or other mechanical plans.",,,,,train,1
,,,human-task-exposure-v2.0,,20152,49-9098.00,"Helpers--Installation, Maintenance, and Repair Workers",49,Diagnose electrical problems and install and rewire electrical components.,,,,,train,1
,,,human-task-exposure-v2.0,,3088,49-9098.00,"Helpers--Installation, Maintenance, and Repair Workers",49,"Assemble and maintain physical structures, using hand or power tools.",,,,,train,1
,,,human-task-exposure-v2.0,,17950,49-9099.01,Geothermal Technicians,49,Collect and record data associated with operating geothermal power plants or well fields.,,,,,test,1
,,,human-task-exposure-v2.0,,17934,49-9099.01,Geothermal Technicians,49,Monitor and adjust operations of geothermal power plant equipment or systems.,,,,,test,1
,,,human-task-exposure-v2.0,,17935,49-9099.01,Geothermal Technicians,49,Adjust power production systems to meet load and distribution demands.,,,,,test,1
,,,human-task-exposure-v2.0,,8462,51-1011.00,First-Line Supervisors of Production and Operating Workers,51,"Determine standards, budgets, production goals, and rates, based on company policies, equipment and labor availability, and workloads.",,,,,train,1
,,,human-task-exposure-v2.0,,8460,51-1011.00,First-Line Supervisors of Production and Operating Workers,51,"Maintain operations data, such as time, production, and cost records, and prepare management reports of production results.",,,,,train,1
,,,human-task-exposure-v2.0,,8466,51-1011.00,First-Line Supervisors of Production and Operating Workers,51,"Calculate labor and equipment requirements and production specifications, using standard formulas.",,,,,train,1
,,,human-task-exposure-v2.0,,20812,51-2011.00,"Aircraft Structure, Surfaces, Rigging, and Systems Assemblers",51,"Adjust, repair, rework, or replace parts or assemblies to ensure proper operation.",,,,,train,1
,,,human-task-exposure-v2.0,,20810,51-2011.00,"Aircraft Structure, Surfaces, Rigging, and Systems Assemblers",51,"Assemble parts, fittings, or subassemblies on aircraft, using layout tools, hand tools, power tools, or fasteners, such as bolts, screws, rivets, or clamps.",,,,,train,1
,,,human-task-exposure-v2.0,,13930,51-2011.00,"Aircraft Structure, Surfaces, Rigging, and Systems Assemblers",51,Fit and fasten sheet metal coverings to surface areas or other sections of aircraft prior to welding or riveting.,,,,,train,1
,,,human-task-exposure-v2.0,,10045,51-2041.00,Structural Metal Fabricators and Fitters,51,"Hammer, chip, and grind workpieces to cut, bend, and straighten metal.",,,,,train,1
,,,human-task-exposure-v2.0,,10053,51-2041.00,Structural Metal Fabricators and Fitters,51,"Lift or move materials and finished products, using large cranes.",,,,,train,1
,,,human-task-exposure-v2.0,,10057,51-2041.00,Structural Metal Fabricators and Fitters,51,Erect ladders and scaffolding to fit together large assemblies.,,,,,train,1
,,,human-task-exposure-v2.0,,11919,51-3011.00,Bakers,51,"Roll, knead, cut, or shape dough to form sweet rolls, pie crusts, tarts, cookies, or other products.",,,,,train,1
,,,human-task-exposure-v2.0,,11926,51-3011.00,Bakers,51,"Set time and speed controls for mixing machines, blending machines, or steam kettles so that ingredients will be mixed or cooked according to instructions.",,,,,train,1
,,,human-task-exposure-v2.0,,11931,51-3011.00,Bakers,51,Develop new recipes for baked goods.,,,,,train,1
,,,human-task-exposure-v2.0,,8786,51-3021.00,Butchers and Meat Cutters,51,"Cut, trim, bone, tie, and grind meats, such as beef, pork, poultry, and fish, to prepare in cooking form.",,,,,train,1
,,,human-task-exposure-v2.0,,8789,51-3021.00,Butchers and Meat Cutters,51,Estimate requirements and order or requisition meat supplies to maintain inventories.,,,,,train,1
,,,human-task-exposure-v2.0,,8792,51-3021.00,Butchers and Meat Cutters,51,Negotiate with representatives from supply companies to determine order details.,,,,,train,1
,,,human-task-exposure-v2.0,,8804,51-3022.00,"Meat, Poultry, and Fish Cutters and Trimmers",51,Weigh meats and tag containers for weight and contents.,,,,,validation,1
,,,human-task-exposure-v2.0,,8797,51-3022.00,"Meat, Poultry, and Fish Cutters and Trimmers",51,Cut and trim meat to prepare for packing.,,,,,validation,1
,,,human-task-exposure-v2.0,,8800,51-3022.00,"Meat, Poultry, and Fish Cutters and Trimmers",51,Produce hamburger meat and meat trimmings.,,,,,validation,1
,,,human-task-exposure-v2.0,,13998,51-3023.00,Slaughterers and Meat Packers,51,"Grind meat into hamburger, and into trimmings used to prepare sausages, luncheon meats, and other meat products.",,,,,train,1
,,,human-task-exposure-v2.0,,13987,51-3023.00,Slaughterers and Meat Packers,51,"Cut, trim, skin, sort, and wash viscera of slaughtered animals to separate edible portions from offal.",,,,,train,1
,,,human-task-exposure-v2.0,,13991,51-3023.00,Slaughterers and Meat Packers,51,Sever jugular veins to drain blood and facilitate slaughtering.,,,,,train,1
,,,human-task-exposure-v2.0,,10061,51-3091.00,"Food and Tobacco Roasting, Baking, and Drying Machine Operators and Tenders",51,"Set temperature and time controls, light ovens, burners, driers, or roasters, and start equipment, such as conveyors, cylinders, blowers, driers, or pumps.",,,,,train,1
,,,human-task-exposure-v2.0,,10064,51-3091.00,"Food and Tobacco Roasting, Baking, and Drying Machine Operators and Tenders",51,"Weigh or measure products, using scale hoppers or scale conveyors.",,,,,train,1
,,,human-task-exposure-v2.0,,10071,51-3091.00,"Food and Tobacco Roasting, Baking, and Drying Machine Operators and Tenders",51,"Push racks or carts to transfer products to storage, cooling stations, or the next stage of processing.",,,,,train,1
,,,human-task-exposure-v2.0,,4941,51-3092.00,Food Batchmakers,51,"Modify cooking and forming operations based on the results of sampling processes, adjusting time cycles and ingredients to achieve desired qualities, such as firmness or texture.",,,,,train,1
,,,human-task-exposure-v2.0,,4928,51-3092.00,Food Batchmakers,51,Turn valve controls to start equipment and to adjust operation to maintain product quality.,,,,,train,1
,,,human-task-exposure-v2.0,,4943,51-3092.00,Food Batchmakers,51,"Manipulate products, by hand or using machines, to separate, spread, knead, spin, cast, cut, pull, or roll products.",,,,,train,1
,,,human-task-exposure-v2.0,,4956,51-3093.00,Food Cooking Machine Operators and Tenders,51,"Turn valves or start pumps to add ingredients or drain products from equipment and to transfer products for storage, cooling, or further processing.",,,,,validation,1
,,,human-task-exposure-v2.0,,4958,51-3093.00,Food Cooking Machine Operators and Tenders,51,"Pour, dump, or load prescribed quantities of ingredients or products into cooking equipment, manually or using a hoist.",,,,,validation,1
,,,human-task-exposure-v2.0,,4959,51-3093.00,Food Cooking Machine Operators and Tenders,51,"Activate agitators and paddles to mix or stir ingredients, stopping machines when ingredients are thoroughly mixed.",,,,,validation,1
,,,human-task-exposure-v2.0,,8473,51-4021.00,"Extruding and Drawing Machine Setters, Operators, and Tenders, Metal and Plastic",51,"Measure and examine extruded products to locate defects and to check for conformance to specifications, adjusting controls as necessary to alter products.",,,,,validation,1
,,,human-task-exposure-v2.0,,8482,51-4021.00,"Extruding and Drawing Machine Setters, Operators, and Tenders, Metal and Plastic",51,Adjust controls to draw or press metal into specified shapes and diameters.,,,,,validation,1
,,,human-task-exposure-v2.0,,8484,51-4021.00,"Extruding and Drawing Machine Setters, Operators, and Tenders, Metal and Plastic",51,"Select nozzles, spacers, and wire guides, according to diameters and lengths of rods.",,,,,validation,1
,,,human-task-exposure-v2.0,,10104,51-4023.00,"Rolling Machine Setters, Operators, and Tenders, Metal and Plastic",51,"Signal and assist other workers to remove and position equipment, fill hoppers, and feed materials into machines.",,,,,train,1
,,,human-task-exposure-v2.0,,10091,51-4023.00,"Rolling Machine Setters, Operators, and Tenders, Metal and Plastic",51,"Adjust and correct machine set-ups to reduce thicknesses, reshape products, and eliminate product defects.",,,,,train,1
,,,human-task-exposure-v2.0,,10108,51-4023.00,"Rolling Machine Setters, Operators, and Tenders, Metal and Plastic",51,"Remove scratches and polish roll surfaces, using polishing stones and electric buffers.",,,,,train,1
,,,human-task-exposure-v2.0,,10113,51-4031.00,"Cutting, Punching, and Press Machine Setters, Operators, and Tenders, Metal and Plastic",51,"Load workpieces, plastic material, or chemical solutions into machines.",,,,,train,1
,,,human-task-exposure-v2.0,,10111,51-4031.00,"Cutting, Punching, and Press Machine Setters, Operators, and Tenders, Metal and Plastic",51,"Examine completed workpieces for defects, such as chipped edges or marred surfaces and sort defective pieces according to types of flaws.",,,,,train,1
,,,human-task-exposure-v2.0,,10137,51-4031.00,"Cutting, Punching, and Press Machine Setters, Operators, and Tenders, Metal and Plastic",51,Hone cutters with oilstones to remove nicks.,,,,,train,1
,,,human-task-exposure-v2.0,,10145,51-4033.00,"Grinding, Lapping, Polishing, and Buffing Machine Tool Setters, Operators, and Tenders, Metal and Plastic",51,"Measure workpieces and lay out work, using precision measuring devices.",,,,,train,1
,,,human-task-exposure-v2.0,,10148,51-4033.00,"Grinding, Lapping, Polishing, and Buffing Machine Tool Setters, Operators, and Tenders, Metal and Plastic",51,"Mount and position tools in machine chucks, spindles, or other tool holding devices, using hand tools.",,,,,train,1
,,,human-task-exposure-v2.0,,10153,51-4033.00,"Grinding, Lapping, Polishing, and Buffing Machine Tool Setters, Operators, and Tenders, Metal and Plastic",51,Slide spacers between buffs on spindles to set spacing.,,,,,train,1
,,,human-task-exposure-v2.0,,12004,51-4034.00,"Lathe and Turning Machine Tool Setters, Operators, and Tenders, Metal and Plastic",51,Turn valve handles to direct the flow of coolant onto work areas or to coat disks with spinning compounds.,,,,,train,1
,,,human-task-exposure-v2.0,,11993,51-4034.00,"Lathe and Turning Machine Tool Setters, Operators, and Tenders, Metal and Plastic",51,Adjust machine controls and change tool settings to keep dimensions within specified tolerances.,,,,,train,1
,,,human-task-exposure-v2.0,,11994,51-4034.00,"Lathe and Turning Machine Tool Setters, Operators, and Tenders, Metal and Plastic",51,"Move controls to set cutting speeds and depths and feed rates, and to position tools in relation to workpieces.",,,,,train,1
,,,human-task-exposure-v2.0,,20294,51-4041.00,Machinists,51,Maintain machine tools in proper operational condition.,,,,,train,1
,,,human-task-exposure-v2.0,,3116,51-4041.00,Machinists,51,Confer with numerical control programmers to check and ensure that new programs or machinery will function properly and that output will meet specifications.,,,,,train,1
,,,human-task-exposure-v2.0,,3121,51-4041.00,Machinists,51,"Install experimental parts or assemblies, such as hydraulic systems, electrical wiring, lubricants, or batteries into machines or mechanisms.",,,,,train,1
,,,human-task-exposure-v2.0,,10177,51-4072.00,"Molding, Coremaking, and Casting Machine Setters, Operators, and Tenders, Metal and Plastic",51,"Turn valves and dials of machines to regulate pressure, temperature, and speed and feed rates, and to set cycle times.",,,,,train,1
,,,human-task-exposure-v2.0,,10186,51-4072.00,"Molding, Coremaking, and Casting Machine Setters, Operators, and Tenders, Metal and Plastic",51,"Read specifications, blueprints, and work orders to determine setups, temperatures, and time settings required to mold, form, or cast plastic materials, as well as to plan production sequences.",,,,,train,1
,,,human-task-exposure-v2.0,,10176,51-4072.00,"Molding, Coremaking, and Casting Machine Setters, Operators, and Tenders, Metal and Plastic",51,"Position and secure workpieces on machines, and start feeding mechanisms.",,,,,train,1
,,,human-task-exposure-v2.0,,10209,51-4081.00,"Multiple Machine Tool Setters, Operators, and Tenders, Metal and Plastic",51,"Set up and operate machines, such as lathes, cutters, shears, borers, millers, grinders, presses, drills, or auxiliary machines, to make metallic and plastic workpieces.",,,,,train,1
,,,human-task-exposure-v2.0,,10208,51-4081.00,"Multiple Machine Tool Setters, Operators, and Tenders, Metal and Plastic",51,Read blueprints or job orders to determine product specifications and tooling instructions and to plan operational sequences.,,,,,train,1
,,,human-task-exposure-v2.0,,23937,51-4081.00,"Multiple Machine Tool Setters, Operators, and Tenders, Metal and Plastic",51,Write programs for computer numerical control (CNC) machines to cut metal and plastic materials.,,,,,train,1
,,,human-task-exposure-v2.0,,8498,51-4111.00,Tool and Die Makers,51,"Lift, position, and secure machined parts on surface plates or worktables, using hoists, vises, v-blocks, or angle plates.",,,,,train,1
,,,human-task-exposure-v2.0,,8500,51-4111.00,Tool and Die Makers,51,"Cut, shape, and trim blanks or blocks to specified lengths or shapes, using power saws, power shears, rules, and hand tools.",,,,,train,1
,,,human-task-exposure-v2.0,,8504,51-4111.00,Tool and Die Makers,51,"Develop and design new tools and dies, using computer-aided design software.",,,,,train,1
,,,human-task-exposure-v2.0,,23608,51-4121.00,"Welders, Cutters, Solderers, and Brazers",51,Hammer out bulges or bends in metal workpieces.,,,,,train,1
,,,human-task-exposure-v2.0,,23585,51-4121.00,"Welders, Cutters, Solderers, and Brazers",51,"Recognize, set up, and operate hand and power tools common to the welding trade, such as shielded metal arc and gas metal arc welding equipment.",,,,,train,1
,,,human-task-exposure-v2.0,,23606,51-4121.00,"Welders, Cutters, Solderers, and Brazers",51,"Operate metal shaping, straightening, and bending machines, such as brakes and shears.",,,,,train,1
,,,human-task-exposure-v2.0,,10266,51-4122.00,"Welding, Soldering, and Brazing Machine Setters, Operators, and Tenders",51,Turn and press knobs and buttons or enter operating instructions into computers to adjust and start welding machines.,,,,,train,1
,,,human-task-exposure-v2.0,,10290,51-4122.00,"Welding, Soldering, and Brazing Machine Setters, Operators, and Tenders",51,"Transfer components, metal products, or assemblies, using moving equipment.",,,,,train,1
,,,human-task-exposure-v2.0,,10278,51-4122.00,"Welding, Soldering, and Brazing Machine Setters, Operators, and Tenders",51,"Dress electrodes, using tip dressers, files, emery cloths, or dressing wheels.",,,,,train,1
,,,human-task-exposure-v2.0,,12094,51-4191.00,"Heat Treating Equipment Setters, Operators, and Tenders, Metal and Plastic",51,"Adjust controls to maintain temperatures and heating times, using thermal instruments and charts, dials and gauges of furnaces, and color of stock in furnaces to make setting determinations.",,,,,train,1
,,,human-task-exposure-v2.0,,12091,51-4191.00,"Heat Treating Equipment Setters, Operators, and Tenders, Metal and Plastic",51,"Remove parts from furnaces after specified times, and air dry or cool parts in water, oil brine, or other baths.",,,,,train,1
,,,human-task-exposure-v2.0,,12108,51-4191.00,"Heat Treating Equipment Setters, Operators, and Tenders, Metal and Plastic",51,"Heat billets, bars, plates, rods, and other stock to specified temperatures preparatory to forging, rolling, or processing, using oil, gas, or electrical furnaces.",,,,,train,1
,,,human-task-exposure-v2.0,,10311,51-4193.00,"Plating Machine Setters, Operators, and Tenders, Metal and Plastic",51,Immerse workpieces in coating solutions or liquid metal or plastic for specified times.,,,,,train,1
,,,human-task-exposure-v2.0,,10342,51-4193.00,"Plating Machine Setters, Operators, and Tenders, Metal and Plastic",51,"Remove excess materials or impurities from objects, using air hoses or grinding machines.",,,,,train,1
,,,human-task-exposure-v2.0,,10332,51-4193.00,"Plating Machine Setters, Operators, and Tenders, Metal and Plastic",51,"Mix and test solutions, and turn valves to fill tanks with solutions.",,,,,train,1
,,,human-task-exposure-v2.0,,10351,51-4194.00,"Tool Grinders, Filers, and Sharpeners",51,"Set up and operate grinding or polishing machines to grind metal workpieces, such as dies, parts, and tools.",,,,,test,1
,,,human-task-exposure-v2.0,,10353,51-4194.00,"Tool Grinders, Filers, and Sharpeners",51,"File or finish surfaces of workpieces, using prescribed hand tools.",,,,,test,1
,,,human-task-exposure-v2.0,,10359,51-4194.00,"Tool Grinders, Filers, and Sharpeners",51,Turn valves to direct flow of coolant against cutting wheels and workpieces during grinding.,,,,,test,1
,,,human-task-exposure-v2.0,,19425,51-5112.00,Printing Press Operators,51,Input production job settings into workstation terminals that control automated printing systems.,,,,,train,1
,,,human-task-exposure-v2.0,,19428,51-5112.00,Printing Press Operators,51,Obtain or mix inks and fill ink fountains.,,,,,train,1
,,,human-task-exposure-v2.0,,19438,51-5112.00,Printing Press Operators,51,"Set up or operate auxiliary equipment, such as cutting, folding, plate-making, drilling, or laminating machines.",,,,,train,1
,,,human-task-exposure-v2.0,,19455,51-5113.00,Print Binding and Finishing Workers,51,"Set up or operate bindery machines, such as coil binders, thermal or tape binders, plastic comb binders, or specialty binders.",,,,,train,1
,,,human-task-exposure-v2.0,,19456,51-5113.00,Print Binding and Finishing Workers,51,"Set up or operate glue machines by filling glue reservoirs, turning switches to activate heating elements, or adjusting glue flow or conveyor speed.",,,,,train,1
,,,human-task-exposure-v2.0,,19451,51-5113.00,Print Binding and Finishing Workers,51,"Perform highly skilled hand finishing binding operations, such as grooving or lettering.",,,,,train,1
,,,human-task-exposure-v2.0,,12121,51-6011.00,Laundry and Dry-Cleaning Workers,51,"Load articles into washers or dry-cleaning machines, or direct other workers to perform loading.",,,,,train,1
,,,human-task-exposure-v2.0,,12124,51-6011.00,Laundry and Dry-Cleaning Workers,51,"Remove items from washers or dry-cleaning machines, or direct other workers to do so.",,,,,train,1
,,,human-task-exposure-v2.0,,12137,51-6011.00,Laundry and Dry-Cleaning Workers,51,"Mix bleaching agents with hot water in vats, and soak material until it is bleached.",,,,,train,1
,,,human-task-exposure-v2.0,,14042,51-6021.00,"Pressers, Textile, Garment, and Related Materials",51,"Finish pleated garments, determining sizes of pleats from evidence of old pleats or from work orders, using machine presses or hand irons.",,,,,train,1
,,,human-task-exposure-v2.0,,14053,51-6021.00,"Pressers, Textile, Garment, and Related Materials",51,Block or shape knitted garments after cleaning.,,,,,train,1
,,,human-task-exposure-v2.0,,14059,51-6021.00,"Pressers, Textile, Garment, and Related Materials",51,"Examine and measure finished articles to verify conformance to standards, using measuring devices such as tape measures and micrometers.",,,,,train,1
,,,human-task-exposure-v2.0,,12159,51-6031.00,Sewing Machine Operators,51,Cut excess material or thread from finished products.,,,,,train,1
,,,human-task-exposure-v2.0,,12155,51-6031.00,Sewing Machine Operators,51,Record quantities of materials processed.,,,,,train,1
,,,human-task-exposure-v2.0,,12168,51-6031.00,Sewing Machine Operators,51,"Position material or articles in clamps, templates, or hoop frames prior to automatic operation of machines.",,,,,train,1
,,,human-task-exposure-v2.0,,14063,51-6041.00,Shoe and Leather Workers and Repairers,51,"Construct, decorate, or repair leather products according to specifications, using sewing machines, needles and thread, leather lacing, glue, clamps, hand tools, or rivets.",,,,,train,1
,,,human-task-exposure-v2.0,,14064,51-6041.00,Shoe and Leather Workers and Repairers,51,"Align and stitch or glue materials such as fabric, fleece, leather, or wood, to join parts.",,,,,train,1
,,,human-task-exposure-v2.0,,14069,51-6041.00,Shoe and Leather Workers and Repairers,51,"Attach insoles to shoe lasts, affix shoe uppers, and apply heels and outsoles.",,,,,train,1
,,,human-task-exposure-v2.0,,14092,51-6042.00,Shoe Machine Operators and Tenders,51,"Cut excess thread or material from shoe parts, using scissors or knives.",,,,,test,1
,,,human-task-exposure-v2.0,,14105,51-6042.00,Shoe Machine Operators and Tenders,51,"Select and place spools of thread or pre-wound bobbins into shuttles, or onto spindles or loupers of stitching machines.",,,,,test,1
,,,human-task-exposure-v2.0,,14104,51-6042.00,Shoe Machine Operators and Tenders,51,"Staple sides of shoes, pressing a foot treadle to position and hold each shoe under the feeder of the machine.",,,,,test,1
,,,human-task-exposure-v2.0,,12175,51-6052.00,"Tailors, Dressmakers, and Custom Sewers",51,Fit and study garments on customers to determine required alterations.,,,,,train,1
,,,human-task-exposure-v2.0,,12179,51-6052.00,"Tailors, Dressmakers, and Custom Sewers",51,Let out or take in seams in suits and other garments to improve fit.,,,,,train,1
,,,human-task-exposure-v2.0,,12177,51-6052.00,"Tailors, Dressmakers, and Custom Sewers",51,"Measure parts, such as sleeves or pant legs, and mark or pin-fold alteration lines.",,,,,train,1
,,,human-task-exposure-v2.0,,14121,51-6061.00,Textile Bleaching and Dyeing Machine Operators and Tenders,51,"Add dyes, water, detergents, or chemicals to tanks to dilute or strengthen solutions, according to established formulas and solution test results.",,,,,train,1
,,,human-task-exposure-v2.0,,14124,51-6061.00,Textile Bleaching and Dyeing Machine Operators and Tenders,51,"Observe display screens, control panels, equipment, and cloth entering or exiting processes to determine if equipment is operating correctly.",,,,,train,1
,,,human-task-exposure-v2.0,,14136,51-6061.00,Textile Bleaching and Dyeing Machine Operators and Tenders,51,"Sew ends of cloth together, by hand or using machines, to form endless lengths of cloth to facilitate processing.",,,,,train,1
,,,human-task-exposure-v2.0,,14147,51-6062.00,"Textile Cutting Machine Setters, Operators, and Tenders",51,"Repair or replace worn or defective parts or components, using hand tools.",,,,,train,1
,,,human-task-exposure-v2.0,,21156,51-6062.00,"Textile Cutting Machine Setters, Operators, and Tenders",51,Inspect products to ensure that the quality standards and specifications are met.,,,,,train,1
,,,human-task-exposure-v2.0,,14156,51-6062.00,"Textile Cutting Machine Setters, Operators, and Tenders",51,"Operate machines to cut multiple layers of fabric into parts for articles such as canvas goods, house furnishings, garments, hats, or stuffed toys.",,,,,train,1
,,,human-task-exposure-v2.0,,14167,51-6063.00,"Textile Knitting and Weaving Machine Setters, Operators, and Tenders",51,"Examine looms to determine causes of loom stoppage, such as warp filling, harness breaks, or mechanical defects.",,,,,validation,1
,,,human-task-exposure-v2.0,,14173,51-6063.00,"Textile Knitting and Weaving Machine Setters, Operators, and Tenders",51,"Confer with co-workers to obtain information about orders, processes, or problems.",,,,,validation,1
,,,human-task-exposure-v2.0,,14169,51-6063.00,"Textile Knitting and Weaving Machine Setters, Operators, and Tenders",51,"Set up, or set up and operate textile machines that perform textile processing and manufacturing operations such as winding, twisting, knitting, weaving, bonding, or stretching.",,,,,validation,1
,,,human-task-exposure-v2.0,,14190,51-6064.00,"Textile Winding, Twisting, and Drawing Out Machine Setters, Operators, and Tenders",51,"Thread yarn, thread, or fabric through guides, needles, and rollers of machines.",,,,,train,1
,,,human-task-exposure-v2.0,,14184,51-6064.00,"Textile Winding, Twisting, and Drawing Out Machine Setters, Operators, and Tenders",51,"Start machines, monitor operation, and make adjustments as needed.",,,,,train,1
,,,human-task-exposure-v2.0,,14185,51-6064.00,"Textile Winding, Twisting, and Drawing Out Machine Setters, Operators, and Tenders",51,"Tend machines with multiple winding units that wind thread onto shuttle bobbins for use on sewing machines or other kinds of bobbins for sole-stitching, knitting, or weaving machinery.",,,,,train,1
,,,human-task-exposure-v2.0,,14208,51-6091.00,"Extruding and Forming Machine Setters, Operators, and Tenders, Synthetic and Glass Fibers",51,"Set up, operate, or tend machines that extrude and form filaments from synthetic materials such as rayon, fiberglass, or liquid polymers.",,,,,train,1
,,,human-task-exposure-v2.0,,14211,51-6091.00,"Extruding and Forming Machine Setters, Operators, and Tenders, Synthetic and Glass Fibers",51,Move controls to activate and adjust extruding and forming machines.,,,,,train,1
,,,human-task-exposure-v2.0,,14215,51-6091.00,"Extruding and Forming Machine Setters, Operators, and Tenders, Synthetic and Glass Fibers",51,"Observe flow of finish across finish rollers, and turn valves to adjust flow to specifications.",,,,,train,1
,,,human-task-exposure-v2.0,,14233,51-6093.00,Upholsterers,51,"Read work orders, and apply knowledge and experience with materials to determine types and amounts of materials required to cover workpieces.",,,,,test,1
,,,human-task-exposure-v2.0,,14232,51-6093.00,Upholsterers,51,"Remove covering, webbing, padding, or defective springs from workpieces, using hand tools such as hammers and tack pullers.",,,,,test,1
,,,human-task-exposure-v2.0,,14248,51-6093.00,Upholsterers,51,"Make, repair, or replace automobile upholstery and convertible and vinyl tops, using knowledge of fabric and upholstery methods.",,,,,test,1
,,,human-task-exposure-v2.0,,12226,51-7011.00,Cabinetmakers and Bench Carpenters,51,"Repair or alter wooden furniture, cabinetry, fixtures, paneling, or other pieces.",,,,,train,1
,,,human-task-exposure-v2.0,,12213,51-7011.00,Cabinetmakers and Bench Carpenters,51,"Measure and mark dimensions of parts on paper or lumber stock prior to cutting, following blueprints, to ensure a tight fit and quality product.",,,,,train,1
,,,human-task-exposure-v2.0,,12228,51-7011.00,Cabinetmakers and Bench Carpenters,51,"Design furniture, using computer-aided drawing programs.",,,,,train,1
,,,human-task-exposure-v2.0,,14263,51-7021.00,Furniture Finishers,51,"Remove accessories prior to finishing, and mask areas that should not be exposed to finishing processes or substances.",,,,,train,1
,,,human-task-exposure-v2.0,,14254,51-7021.00,Furniture Finishers,51,"Fill and smooth cracks or depressions, remove marks and imperfections, and repair broken parts, using plastic or wood putty, glue, nails, or screws.",,,,,train,1
,,,human-task-exposure-v2.0,,14270,51-7021.00,Furniture Finishers,51,Brush bleaching agents on wood surfaces to restore natural color.,,,,,train,1
,,,human-task-exposure-v2.0,,12240,51-7032.00,"Patternmakers, Wood",51,"Finish completed products or models with shellac, lacquer, wax, or paint.",,,,,train,1
,,,human-task-exposure-v2.0,,12241,51-7032.00,"Patternmakers, Wood",51,Glue fillets along interior angles of patterns.,,,,,train,1
,,,human-task-exposure-v2.0,,12248,51-7032.00,"Patternmakers, Wood",51,Issue patterns to designated machine operators.,,,,,train,1
,,,human-task-exposure-v2.0,,12263,51-7041.00,"Sawing Machine Setters, Operators, and Tenders, Wood",51,"Lubricate or clean machines, using wrenches, grease guns, or solvents.",,,,,test,1
,,,human-task-exposure-v2.0,,12253,51-7041.00,"Sawing Machine Setters, Operators, and Tenders, Wood",51,"Set up, operate, or tend saws or machines that cut or trim wood to specified dimensions, such as circular saws, band saws, multiple-blade sawing machines, scroll saws, ripsaws, or crozer machines.",,,,,test,1
,,,human-task-exposure-v2.0,,12262,51-7041.00,"Sawing Machine Setters, Operators, and Tenders, Wood",51,"Count, sort, or stack finished workpieces.",,,,,test,1
,,,human-task-exposure-v2.0,,12282,51-7042.00,"Woodworking Machine Setters, Operators, and Tenders, Except Sawing",51,"Install and adjust blades, cutterheads, boring-bits, or sanding-belts, using hand tools and rules.",,,,,test,1
,,,human-task-exposure-v2.0,,12284,51-7042.00,"Woodworking Machine Setters, Operators, and Tenders, Except Sawing",51,"Push or hold workpieces against, under, or through cutting, boring, or shaping mechanisms.",,,,,test,1
,,,human-task-exposure-v2.0,,12297,51-7042.00,"Woodworking Machine Setters, Operators, and Tenders, Except Sawing",51,Start machines and move levers to engage hydraulic lifts that press woodstocks into desired forms and disengage lifts after appropriate drying times.,,,,,test,1
,,,human-task-exposure-v2.0,,8510,51-8011.00,Nuclear Power Reactor Operators,51,"Note malfunctions of equipment, instruments, or controls and report these conditions to supervisors.",,,,,train,1
,,,human-task-exposure-v2.0,,8509,51-8011.00,Nuclear Power Reactor Operators,51,"Implement operational procedures, such as those controlling start-up or shut-down activities.",,,,,train,1
,,,human-task-exposure-v2.0,,8517,51-8011.00,Nuclear Power Reactor Operators,51,Authorize maintenance activities on units or changes in equipment or system operational status.,,,,,train,1
,,,human-task-exposure-v2.0,,12319,51-8013.00,Power Plant Operators,51,"Start or stop generators, auxiliary pumping equipment, turbines, or other power plant equipment as necessary.",,,,,validation,1
,,,human-task-exposure-v2.0,,12320,51-8013.00,Power Plant Operators,51,Inspect records or log book entries or communicate with plant personnel to assess equipment operating status.,,,,,validation,1
,,,human-task-exposure-v2.0,,23619,51-8013.00,Power Plant Operators,51,Verify that well field monitoring data conforms to applicable regulations.,,,,,validation,1
,,,human-task-exposure-v2.0,,17869,51-8013.03,Biomass Plant Technicians,51,Read and interpret instruction manuals or technical drawings related to biomass-fueled power or biofuels production equipment or processes.,,,,,train,1
,,,human-task-exposure-v2.0,,17864,51-8013.03,Biomass Plant Technicians,51,Operate high-pressure steam boiler or water chiller equipment for electrical cogeneration operations.,,,,,train,1
,,,human-task-exposure-v2.0,,17868,51-8013.03,Biomass Plant Technicians,51,Manage parts and supply inventories for biomass plants.,,,,,train,1
,,,human-task-exposure-v2.0,,17917,51-8013.04,Hydroelectric Plant Technicians,51,"Install or calibrate electrical or mechanical equipment, such as motors, engines, switchboards, relays, switch gears, meters, pumps, hydraulics, or flood channels.",,,,,train,1
,,,human-task-exposure-v2.0,,17923,51-8013.04,Hydroelectric Plant Technicians,51,"Test and repair or replace electrical equipment, such as circuit breakers, station batteries, cable trays, conduits, or control devices.",,,,,train,1
,,,human-task-exposure-v2.0,,17918,51-8013.04,Hydroelectric Plant Technicians,51,"Maintain logs, reports, work requests, or other records of work performed in hydroelectric plants.",,,,,train,1
,,,human-task-exposure-v2.0,,10475,51-8021.00,Stationary Engineers and Boiler Operators,51,Analyze problems and take appropriate action to ensure continuous and reliable operation of equipment and systems.,,,,,train,1
,,,human-task-exposure-v2.0,,10476,51-8021.00,Stationary Engineers and Boiler Operators,51,"Maintain daily logs of operation, maintenance, and safety activities, including test results, instrument readings, and details of equipment malfunctions and maintenance work.",,,,,train,1
,,,human-task-exposure-v2.0,,10488,51-8021.00,Stationary Engineers and Boiler Operators,51,"Supervise the work of assistant stationary engineers, turbine operators, boiler tenders, or air conditioning and refrigeration operators and mechanics.",,,,,train,1
,,,human-task-exposure-v2.0,,927,51-8031.00,Water and Wastewater Treatment Plant and System Operators,51,"Inspect equipment or monitor operating conditions, meters, and gauges to determine load requirements and detect malfunctions.",,,,,train,1
,,,human-task-exposure-v2.0,,926,51-8031.00,Water and Wastewater Treatment Plant and System Operators,51,"Operate and adjust controls on equipment to purify and clarify water, process or dispose of sewage, and generate power.",,,,,train,1
,,,human-task-exposure-v2.0,,925,51-8031.00,Water and Wastewater Treatment Plant and System Operators,51,"Add chemicals, such as ammonia, chlorine, or lime, to disinfect and deodorize water and other liquids.",,,,,train,1
,,,human-task-exposure-v2.0,,10511,51-8091.00,Chemical Plant and System Operators,51,"Supervise the cleaning of towers, strainers, or spray tips.",,,,,train,1
,,,human-task-exposure-v2.0,,10504,51-8091.00,Chemical Plant and System Operators,51,"Inspect operating units, such as towers, soap-spray storage tanks, scrubbers, collectors, or driers to ensure that all are functioning and to maintain maximum efficiency.",,,,,train,1
,,,human-task-exposure-v2.0,,10495,51-8091.00,Chemical Plant and System Operators,51,"Control or operate chemical processes or systems of machines, using panelboards, control boards, or semi-automatic equipment.",,,,,train,1
,,,human-task-exposure-v2.0,,14290,51-8092.00,Gas Plant Operators,51,"Record, review, and compile operations records, test results, and gauge readings such as temperatures, pressures, concentrations, and flows.",,,,,validation,1
,,,human-task-exposure-v2.0,,14300,51-8092.00,Gas Plant Operators,51,"Control equipment to regulate flow and pressure of gas to feedlines of boilers, furnaces, and related steam-generating or heating equipment.",,,,,validation,1
,,,human-task-exposure-v2.0,,14304,51-8092.00,Gas Plant Operators,51,Operate construction equipment to install and maintain gas distribution systems.,,,,,validation,1
,,,human-task-exposure-v2.0,,14315,51-8093.00,"Petroleum Pump System Operators, Refinery Operators, and Gaugers",51,"Record and compile operating data, instrument readings, documentation, and results of laboratory analyses.",,,,,validation,1
,,,human-task-exposure-v2.0,,14318,51-8093.00,"Petroleum Pump System Operators, Refinery Operators, and Gaugers",51,"Maintain and repair equipment, or report malfunctioning equipment to supervisors so that repairs can be scheduled.",,,,,validation,1
,,,human-task-exposure-v2.0,,14327,51-8093.00,"Petroleum Pump System Operators, Refinery Operators, and Gaugers",51,Clamp seals around valves to secure tanks.,,,,,validation,1
,,,human-task-exposure-v2.0,,17835,51-8099.01,Biofuels Processing Technicians,51,"Perform routine maintenance on mechanical, electrical, or electronic equipment or instruments used in the processing of biofuels.",,,,,validation,1
,,,human-task-exposure-v2.0,,17821,51-8099.01,Biofuels Processing Technicians,51,"Operate valves, pumps, engines, or generators to control and adjust biofuels production.",,,,,validation,1
,,,human-task-exposure-v2.0,,17834,51-8099.01,Biofuels Processing Technicians,51,Coordinate raw product sourcing or collection.,,,,,validation,1
,,,human-task-exposure-v2.0,,12344,51-9011.00,Chemical Equipment Operators and Tenders,51,"Add treating or neutralizing agents to products, and pump products through filters or centrifuges to remove impurities or to precipitate products.",,,,,train,1
,,,human-task-exposure-v2.0,,12340,51-9011.00,Chemical Equipment Operators and Tenders,51,"Test product samples for specific gravity, chemical characteristics, pH levels, concentrations, or viscosities, or send them to laboratories for testing.",,,,,train,1
,,,human-task-exposure-v2.0,,12354,51-9011.00,Chemical Equipment Operators and Tenders,51,Inventory supplies received and consumed.,,,,,train,1
,,,human-task-exposure-v2.0,,19918,51-9012.00,"Separating, Filtering, Clarifying, Precipitating, and Still Machine Setters, Operators, and Tenders",51,"Operate machines to process materials in compliance with applicable safety, energy, or environmental regulations.",,,,,train,1
,,,human-task-exposure-v2.0,,12365,51-9012.00,"Separating, Filtering, Clarifying, Precipitating, and Still Machine Setters, Operators, and Tenders",51,"Inspect machines or equipment for hazards, operating efficiency, malfunctions, wear, or leaks.",,,,,train,1
,,,human-task-exposure-v2.0,,12373,51-9012.00,"Separating, Filtering, Clarifying, Precipitating, and Still Machine Setters, Operators, and Tenders",51,Remove full containers from discharge outlets and replace them with empty containers.,,,,,train,1
,,,human-task-exposure-v2.0,,12377,51-9021.00,"Crushing, Grinding, and Polishing Machine Setters, Operators, and Tenders",51,"Move controls to start, stop, or adjust machinery and equipment that crushes, grinds, polishes, or blends materials.",,,,,train,1
,,,human-task-exposure-v2.0,,12389,51-9021.00,"Crushing, Grinding, and Polishing Machine Setters, Operators, and Tenders",51,"Tend accessory equipment, such as pumps and conveyors, to move materials or ingredients through production processes.",,,,,train,1
,,,human-task-exposure-v2.0,,12383,51-9021.00,"Crushing, Grinding, and Polishing Machine Setters, Operators, and Tenders",51,Set mill gauges to specified fineness of grind.,,,,,train,1
,,,human-task-exposure-v2.0,,14339,51-9022.00,"Grinding and Polishing Workers, Hand",51,"Transfer equipment, objects, or parts to specified work areas, using moving devices.",,,,,train,1
,,,human-task-exposure-v2.0,,14329,51-9022.00,"Grinding and Polishing Workers, Hand",51,"Grind, sand, clean, or polish objects or parts to correct defects or to prepare surfaces for further finishing, using hand tools and power tools.",,,,,train,1
,,,human-task-exposure-v2.0,,14348,51-9022.00,"Grinding and Polishing Workers, Hand",51,Clean brass particles from files by drawing file cards through file grooves.,,,,,train,1
,,,human-task-exposure-v2.0,,12403,51-9023.00,"Mixing and Blending Machine Setters, Operators, and Tenders",51,Stop mixing or blending machines when specified product qualities are obtained and open valves and start pumps to transfer mixtures.,,,,,test,1
,,,human-task-exposure-v2.0,,12409,51-9023.00,"Mixing and Blending Machine Setters, Operators, and Tenders",51,"Tend accessory equipment, such as pumps or conveyors, to move materials or ingredients through production processes.",,,,,test,1
,,,human-task-exposure-v2.0,,12415,51-9023.00,"Mixing and Blending Machine Setters, Operators, and Tenders",51,Open valves to drain slurry from mixers into storage tanks.,,,,,test,1
,,,human-task-exposure-v2.0,,14363,51-9031.00,"Cutters and Trimmers, Hand",51,Replace or sharpen dulled cutting tools such as saws.,,,,,train,1
,,,human-task-exposure-v2.0,,14361,51-9031.00,"Cutters and Trimmers, Hand",51,"Position templates or measure materials to locate specified points of cuts or to obtain maximum yields, using rules, scales, or patterns.",,,,,train,1
,,,human-task-exposure-v2.0,,14364,51-9031.00,"Cutters and Trimmers, Hand",51,"Lower table-mounted cutters such as knife blades, cutting wheels, or saws to cut items to specified sizes.",,,,,train,1
,,,human-task-exposure-v2.0,,12425,51-9032.00,"Cutting and Slicing Machine Setters, Operators, and Tenders",51,Monitor operation of cutting or slicing machines to detect malfunctions or to determine whether supplies need replenishment.,,,,,validation,1
,,,human-task-exposure-v2.0,,12421,51-9032.00,"Cutting and Slicing Machine Setters, Operators, and Tenders",51,"Remove defective or substandard materials from machines, and readjust machine components so that products meet standards.",,,,,validation,1
,,,human-task-exposure-v2.0,,12438,51-9032.00,"Cutting and Slicing Machine Setters, Operators, and Tenders",51,"Position width gauge blocks between blades, and level blades and insert wedges into frames to secure blades to frames.",,,,,validation,1
,,,human-task-exposure-v2.0,,12456,51-9041.00,"Extruding, Forming, Pressing, and Compacting Machine Setters, Operators, and Tenders",51,"Move materials, supplies, components, and finished products between storage and work areas, using work aids such as racks, hoists, and handtrucks.",,,,,train,1
,,,human-task-exposure-v2.0,,12453,51-9041.00,"Extruding, Forming, Pressing, and Compacting Machine Setters, Operators, and Tenders",51,Synchronize speeds of sections of machines when producing products involving several steps or processes.,,,,,train,1
,,,human-task-exposure-v2.0,,12471,51-9041.00,"Extruding, Forming, Pressing, and Compacting Machine Setters, Operators, and Tenders",51,Measure arbors and dies to verify sizes specified on work tickets.,,,,,train,1
,,,human-task-exposure-v2.0,,4964,51-9051.00,"Furnace, Kiln, Oven, Drier, and Kettle Operators and Tenders",51,"Read and interpret work orders and instructions to determine work assignments, process specifications, and production schedules.",,,,,validation,1
,,,human-task-exposure-v2.0,,4962,51-9051.00,"Furnace, Kiln, Oven, Drier, and Kettle Operators and Tenders",51,"Press and adjust controls to activate, set, and regulate equipment according to specifications.",,,,,validation,1
,,,human-task-exposure-v2.0,,4970,51-9051.00,"Furnace, Kiln, Oven, Drier, and Kettle Operators and Tenders",51,"Stop equipment and clear blockages or jams, using fingers, wire, or hand tools.",,,,,validation,1
,,,human-task-exposure-v2.0,,20299,51-9061.00,"Inspectors, Testers, Sorters, Samplers, and Weighers",51,Notify supervisors or other personnel of production problems.,,,,,train,1
,,,human-task-exposure-v2.0,,12485,51-9061.00,"Inspectors, Testers, Sorters, Samplers, and Weighers",51,"Write test or inspection reports describing results, recommendations, or needed repairs.",,,,,train,1
,,,human-task-exposure-v2.0,,20301,51-9061.00,"Inspectors, Testers, Sorters, Samplers, and Weighers",51,"Clean, maintain, calibrate, or repair measuring instruments or test equipment, such as dial indicators, fixed gauges, or height gauges.",,,,,train,1
,,,human-task-exposure-v2.0,,23642,51-9071.00,Jewelers and Precious Stone and Metal Workers,51,"Mark, engrave, or emboss designs on metal pieces such as castings, wire, or jewelry, following specifications.",,,,,train,1
,,,human-task-exposure-v2.0,,23630,51-9071.00,Jewelers and Precious Stone and Metal Workers,51,"Construct preliminary models of wax, metal, clay, or plaster, and form sample castings in molds.",,,,,train,1
,,,human-task-exposure-v2.0,,23643,51-9071.00,Jewelers and Precious Stone and Metal Workers,51,Cut designs in molds or other materials to be used as models in the fabrication of metal and jewelry products.,,,,,train,1
,,,human-task-exposure-v2.0,,15094,51-9071.06,Gem and Diamond Workers,51,"Estimate wholesale and retail value of gems, following pricing guides, market fluctuations, and other relevant economic factors.",,,,,train,1
,,,human-task-exposure-v2.0,,15098,51-9071.06,Gem and Diamond Workers,51,"Examine diamonds or gems to ascertain the shape, cut, and width of cut stones, or to select the cuts that will result in the biggest, best quality stones.",,,,,train,1
,,,human-task-exposure-v2.0,,15100,51-9071.06,Gem and Diamond Workers,51,"Hold stones, gems, dies, or styluses against rotating plates, wheels, saws, or slitters to cut, shape, slit, grind, or polish them.",,,,,train,1
,,,human-task-exposure-v2.0,,7133,51-9081.00,Dental Laboratory Technicians,51,Read prescriptions or specifications and examine models or impressions to determine the design of dental products to be constructed.,,,,,train,1
,,,human-task-exposure-v2.0,,7134,51-9081.00,Dental Laboratory Technicians,51,"Fabricate, alter, or repair dental devices, such as dentures, crowns, bridges, inlays, or appliances for straightening teeth.",,,,,train,1
,,,human-task-exposure-v2.0,,7145,51-9081.00,Dental Laboratory Technicians,51,Prepare wax bite blocks and impression trays for use.,,,,,train,1
,,,human-task-exposure-v2.0,,10536,51-9083.00,Ophthalmic Laboratory Technicians,51,Set dials and start machines to polish lenses or hold lenses against rotating wheels to polish them manually.,,,,,train,1
,,,human-task-exposure-v2.0,,10532,51-9083.00,Ophthalmic Laboratory Technicians,51,"Inspect lens blanks to detect flaws, verify smoothness of surface, and ensure thickness of coating on lenses.",,,,,train,1
,,,human-task-exposure-v2.0,,10541,51-9083.00,Ophthalmic Laboratory Technicians,51,Remove lenses from molds and separate lenses in containers for further processing or storage.,,,,,train,1
,,,human-task-exposure-v2.0,,3126,51-9111.00,Packaging and Filling Machine Operators and Tenders,51,Tend or operate machine that packages product.,,,,,train,1
,,,human-task-exposure-v2.0,,3138,51-9111.00,Packaging and Filling Machine Operators and Tenders,51,Start machine by engaging controls.,,,,,train,1
,,,human-task-exposure-v2.0,,3128,51-9111.00,Packaging and Filling Machine Operators and Tenders,51,"Regulate machine flow, speed, or temperature.",,,,,train,1
,,,human-task-exposure-v2.0,,23665,51-9124.00,"Coating, Painting, and Spraying Machine Setters, Operators, and Tenders",51,Use brush to hand-paint areas in need of retouching or unreachable with a spray gun.,,,,,train,1
,,,human-task-exposure-v2.0,,23655,51-9124.00,"Coating, Painting, and Spraying Machine Setters, Operators, and Tenders",51,"Disassemble, clean, and reassemble sprayers or power equipment, using solvents, wire brushes, and cloths.",,,,,train,1
,,,human-task-exposure-v2.0,,23658,51-9124.00,"Coating, Painting, and Spraying Machine Setters, Operators, and Tenders",51,"Mix paints to match color specifications or original colors, stirring or thinning paints, using spatulas or power mixing equipment.",,,,,train,1
,,,human-task-exposure-v2.0,,12580,51-9141.00,Semiconductor Processing Technicians,51,"Place semiconductor wafers in processing containers or equipment holders, using vacuum wand or tweezers.",,,,,train,1
,,,human-task-exposure-v2.0,,12577,51-9141.00,Semiconductor Processing Technicians,51,"Study work orders, instructions, formulas, and processing charts to determine specifications and sequence of operations.",,,,,train,1
,,,human-task-exposure-v2.0,,12584,51-9141.00,Semiconductor Processing Technicians,51,"Monitor operation and adjust controls of processing machines and equipment to produce compositions with specific electronic properties, using computer terminals.",,,,,train,1
,,,human-task-exposure-v2.0,,19473,51-9151.00,Photographic Process Workers and Processing Machine Operators,51,"Measure and mix chemicals to prepare solutions for processing, according to formulas.",,,,,train,1
,,,human-task-exposure-v2.0,,19474,51-9151.00,Photographic Process Workers and Processing Machine Operators,51,Monitor equipment operation to detect malfunctions.,,,,,train,1
,,,human-task-exposure-v2.0,,19499,51-9151.00,Photographic Process Workers and Processing Machine Operators,51,"Thread filmstrips through densitometers or sensitometers and expose film to light to determine density of film, necessary color corrections, or light sensitivity.",,,,,train,1
,,,human-task-exposure-v2.0,,11932,51-9161.00,Computer Numerically Controlled Tool Operators,51,"Measure dimensions of finished workpieces to ensure conformance to specifications, using precision measuring instruments, templates, and fixtures.",,,,,test,1
,,,human-task-exposure-v2.0,,11945,51-9161.00,Computer Numerically Controlled Tool Operators,51,Confer with supervisors or programmers to resolve machine malfunctions or production errors or to obtain approval to continue production.,,,,,test,1
,,,human-task-exposure-v2.0,,11957,51-9161.00,Computer Numerically Controlled Tool Operators,51,"Examine electronic components for defects or completeness of laser-beam trimming, using microscopes.",,,,,test,1
,,,human-task-exposure-v2.0,,8548,51-9193.00,Cooling and Freezing Equipment Operators and Tenders,51,"Assemble equipment, and attach pipes, fittings, or valves, using hand tools.",,,,,train,1
,,,human-task-exposure-v2.0,,8546,51-9193.00,Cooling and Freezing Equipment Operators and Tenders,51,"Correct machinery malfunctions by performing actions such as removing jams, and inform supervisors of malfunctions as necessary.",,,,,train,1
,,,human-task-exposure-v2.0,,8556,51-9193.00,Cooling and Freezing Equipment Operators and Tenders,51,"Place or position containers into equipment, and remove containers after completion of cooling or freezing processes.",,,,,train,1
,,,human-task-exposure-v2.0,,14395,51-9194.00,Etchers and Engravers,51,"Inspect etched work for depth of etching, uniformity, and defects, using calibrated microscopes, gauges, fingers, or magnifying lenses.",,,,,validation,1
,,,human-task-exposure-v2.0,,14385,51-9194.00,Etchers and Engravers,51,Clean and polish engraved areas.,,,,,validation,1
,,,human-task-exposure-v2.0,,14401,51-9194.00,Etchers and Engravers,51,"Guide stylus over template, causing cutting tool to duplicate design or letters on workpiece.",,,,,validation,1
,,,human-task-exposure-v2.0,,23666,51-9195.00,"Molders, Shapers, and Casters, Except Metal and Plastic",51,Read work orders or examine parts to determine parts or sections of products to be produced.,,,,,train,1
,,,human-task-exposure-v2.0,,23667,51-9195.00,"Molders, Shapers, and Casters, Except Metal and Plastic",51,"Trim or remove excess material, using scrapers, knives, or band saws.",,,,,train,1
,,,human-task-exposure-v2.0,,23678,51-9195.00,"Molders, Shapers, and Casters, Except Metal and Plastic",51,"Patch broken edges or fractures, using clay or plaster.",,,,,train,1
,,,human-task-exposure-v2.0,,12618,51-9195.03,"Stone Cutters and Carvers, Manufacturing",51,"Drill holes and cut or carve moldings and grooves in stone, according to diagrams and patterns.",,,,,train,1
,,,human-task-exposure-v2.0,,12615,51-9195.03,"Stone Cutters and Carvers, Manufacturing",51,"Verify depths and dimensions of cuts or carvings to ensure adherence to specifications, blueprints, or models, using measuring instruments.",,,,,train,1
,,,human-task-exposure-v2.0,,12622,51-9195.03,"Stone Cutters and Carvers, Manufacturing",51,"Carve rough designs freehand or by chipping along marks on stone, using mallets and chisels or pneumatic tools.",,,,,train,1
,,,human-task-exposure-v2.0,,20829,51-9195.04,"Glass Blowers, Molders, Benders, and Finishers",51,Operate electric kilns that heat and mold glass sheets to the shape and curve of metal jigs.,,,,,test,1
,,,human-task-exposure-v2.0,,12645,51-9195.04,"Glass Blowers, Molders, Benders, and Finishers",51,"Cut lengths of tubing to specified sizes, using files or cutting wheels.",,,,,test,1
,,,human-task-exposure-v2.0,,12639,51-9195.04,"Glass Blowers, Molders, Benders, and Finishers",51,Place rubber hoses on ends of tubing and charge tubing with gas.,,,,,test,1
,,,human-task-exposure-v2.0,,15122,51-9195.05,"Potters, Manufacturing",51,Move pieces from wheels so that they can dry.,,,,,train,1
,,,human-task-exposure-v2.0,,21211,51-9195.05,"Potters, Manufacturing",51,"Mix and apply glazes to pottery pieces, using tools, such as spray guns.",,,,,train,1
,,,human-task-exposure-v2.0,,15128,51-9195.05,"Potters, Manufacturing",51,Operate drying chambers to dry or finish molded ceramic ware.,,,,,train,1
,,,human-task-exposure-v2.0,,12689,51-9196.00,"Paper Goods Machine Setters, Operators, and Tenders",51,"Disassemble machines to maintain, repair, or replace broken or worn parts, using hand or power tools.",,,,,validation,1
,,,human-task-exposure-v2.0,,12679,51-9196.00,"Paper Goods Machine Setters, Operators, and Tenders",51,"Start machines and move controls to regulate tension on pressure rolls, to synchronize speed of machine components, and to adjust temperatures of glue or paraffin.",,,,,validation,1
,,,human-task-exposure-v2.0,,12685,51-9196.00,"Paper Goods Machine Setters, Operators, and Tenders",51,"Place rolls of paper or cardboard on machine feed tracks, and thread paper through gluing, coating, and slitting rollers.",,,,,validation,1
,,,human-task-exposure-v2.0,,14430,51-9197.00,Tire Builders,51,Trim excess rubber and imperfections during retreading processes.,,,,,train,1
,,,human-task-exposure-v2.0,,14418,51-9197.00,Tire Builders,51,Build semi-raw rubber treads onto buffed tire casings to prepare tires for vulcanization in recapping or retreading processes.,,,,,train,1
,,,human-task-exposure-v2.0,,14424,51-9197.00,Tire Builders,51,Rub cement sticks on drum edges to provide adhesive surfaces for plies.,,,,,train,1
,,,human-task-exposure-v2.0,,12696,51-9198.00,Helpers--Production Workers,51,"Lift raw materials, finished products, and packed items, manually or using hoists.",,,,,train,1
,,,human-task-exposure-v2.0,,12710,51-9198.00,Helpers--Production Workers,51,"Transfer finished products, raw materials, tools, or equipment between storage and work areas of plants and warehouses, by hand or using hand trucks or powered lift trucks.",,,,,train,1
,,,human-task-exposure-v2.0,,12703,51-9198.00,Helpers--Production Workers,51,Start machines or equipment to begin production processes.,,,,,train,1
,,,human-task-exposure-v2.0,,8562,53-1042.00,"First-Line Supervisors of Helpers, Laborers, and Material Movers, Hand",53,Collaborate with workers and managers to solve work-related problems.,,,,,train,1
,,,human-task-exposure-v2.0,,8569,53-1042.00,"First-Line Supervisors of Helpers, Laborers, and Material Movers, Hand",53,"Perform the same work duties as those supervised, or perform more difficult or skilled tasks or assist in their performance.",,,,,train,1
,,,human-task-exposure-v2.0,,8567,53-1042.00,"First-Line Supervisors of Helpers, Laborers, and Material Movers, Hand",53,Examine freight to determine loading sequences.,,,,,train,1
,,,human-task-exposure-v2.0,,17888,53-1042.01,Recycling Coordinators,53,Oversee recycling pick-up or drop-off programs to ensure compliance with community ordinances.,,,,,train,1
,,,human-task-exposure-v2.0,,17910,53-1042.01,Recycling Coordinators,53,Review customer requests for service to determine service needs and deploy appropriate resources to provide service.,,,,,train,1
,,,human-task-exposure-v2.0,,17892,53-1042.01,Recycling Coordinators,53,Coordinate shipments of recycling materials with shipping brokers or processing companies.,,,,,train,1
,,,human-task-exposure-v2.0,,8593,53-1043.00,First-Line Supervisors of Material-Moving Machine and Vehicle Operators,53,"Interpret transportation or tariff regulations, shipping orders, safety regulations, or company policies and procedures for workers.",,,,,train,1
,,,human-task-exposure-v2.0,,8588,53-1043.00,First-Line Supervisors of Material-Moving Machine and Vehicle Operators,53,Resolve worker problems or collaborate with employees to assist in problem resolution.,,,,,train,1
,,,human-task-exposure-v2.0,,8602,53-1043.00,First-Line Supervisors of Material-Moving Machine and Vehicle Operators,53,Perform or schedule repairs or preventive maintenance of vehicles or other equipment.,,,,,train,1
,,,human-task-exposure-v2.0,,23699,53-1044.00,First-Line Supervisors of Passenger Attendants,53,"Confer with customers, supervisors, contractors, or other personnel to exchange information or to resolve problems.",,,,,train,1
,,,human-task-exposure-v2.0,,23712,53-1044.00,First-Line Supervisors of Passenger Attendants,53,Resolve customer complaints regarding worker performance or services rendered.,,,,,train,1
,,,human-task-exposure-v2.0,,23700,53-1044.00,First-Line Supervisors of Passenger Attendants,53,"Direct or coordinate the activities of workers, such as flight or car attendants.",,,,,train,1
,,,human-task-exposure-v2.0,,10562,53-2011.00,"Airline Pilots, Copilots, and Flight Engineers",53,Use instrumentation to guide flights when visibility is poor.,,,,,test,1
,,,human-task-exposure-v2.0,,10566,53-2011.00,"Airline Pilots, Copilots, and Flight Engineers",53,"Steer aircraft along planned routes, using autopilot and flight management computers.",,,,,test,1
,,,human-task-exposure-v2.0,,10583,53-2011.00,"Airline Pilots, Copilots, and Flight Engineers",53,Conduct in-flight tests and evaluations at specified altitudes and in all types of weather to determine the receptivity and other characteristics of equipment and systems.,,,,,test,1
,,,human-task-exposure-v2.0,,10591,53-2012.00,Commercial Pilots,53,"Consider airport altitudes, outside temperatures, plane weights, and wind speeds and directions to calculate the speed needed to become airborne.",,,,,test,1
,,,human-task-exposure-v2.0,,10588,53-2012.00,Commercial Pilots,53,"Contact control towers for takeoff clearances, arrival instructions, and other information, using radio equipment.",,,,,test,1
,,,human-task-exposure-v2.0,,10602,53-2012.00,Commercial Pilots,53,Instruct other pilots and student pilots in aircraft operations.,,,,,test,1
,,,human-task-exposure-v2.0,,12731,53-2021.00,Air Traffic Controllers,53,"Inform pilots about nearby planes or potentially hazardous conditions, such as weather, speed and direction of wind, or visibility problems.",,,,,train,1
,,,human-task-exposure-v2.0,,20691,53-2021.00,Air Traffic Controllers,53,Provide on-the-job training to new air traffic controllers.,,,,,train,1
,,,human-task-exposure-v2.0,,12748,53-2021.00,Air Traffic Controllers,53,"Review records or reports for clarity and completeness and maintain records or reports, as required under federal law.",,,,,train,1
,,,human-task-exposure-v2.0,,23941,53-2022.00,Airfield Operations Specialists,53,Initiate or conduct airport-wide coordination of snow removal on runways and taxiways.,,,,,train,1
,,,human-task-exposure-v2.0,,20457,53-2022.00,Airfield Operations Specialists,53,Manage wildlife on and around airport grounds.,,,,,train,1
,,,human-task-exposure-v2.0,,10624,53-2022.00,Airfield Operations Specialists,53,"Receive and post weather information and flight plan data, such as air routes or arrival and departure times.",,,,,train,1
,,,human-task-exposure-v2.0,,9644,53-2031.00,Flight Attendants,53,"Check to ensure that food, beverages, blankets, reading material, emergency equipment, and other supplies are aboard and are in adequate supply.",,,,,train,1
,,,human-task-exposure-v2.0,,9658,53-2031.00,Flight Attendants,53,Heat and serve prepared foods.,,,,,train,1
,,,human-task-exposure-v2.0,,9653,53-2031.00,Flight Attendants,53,"Take inventory of headsets, alcoholic beverages, and money collected.",,,,,train,1
,,,human-task-exposure-v2.0,,8609,53-3011.00,"Ambulance Drivers and Attendants, Except Emergency Medical Technicians",53,Accompany and assist emergency medical technicians on calls.,,,,,train,1
,,,human-task-exposure-v2.0,,8607,53-3011.00,"Ambulance Drivers and Attendants, Except Emergency Medical Technicians",53,Remove and replace soiled linens or equipment to maintain sanitary conditions.,,,,,train,1
,,,human-task-exposure-v2.0,,8611,53-3011.00,"Ambulance Drivers and Attendants, Except Emergency Medical Technicians",53,Replace supplies and disposable items on ambulances.,,,,,train,1
,,,human-task-exposure-v2.0,,3156,53-3031.00,Driver/Sales Workers,53,Inform regular customers of new products or services and price changes.,,,,,train,1
,,,human-task-exposure-v2.0,,3164,53-3031.00,Driver/Sales Workers,53,Maintain trucks and food-dispensing equipment and clean inside of machines that dispense food or beverages.,,,,,train,1
,,,human-task-exposure-v2.0,,3162,53-3031.00,Driver/Sales Workers,53,"Review lists of dealers, customers, or station drops and load trucks.",,,,,train,1
,,,human-task-exposure-v2.0,,10646,53-3032.00,Heavy and Tractor-Trailer Truck Drivers,53,"Couple or uncouple trailers by changing trailer jack positions, connecting or disconnecting air or electrical lines, or manipulating fifth-wheel locks.",,,,,train,1
,,,human-task-exposure-v2.0,,20694,53-3032.00,Heavy and Tractor-Trailer Truck Drivers,53,Drive trucks to weigh stations before and after loading and along routes in compliance with state regulations.,,,,,train,1
,,,human-task-exposure-v2.0,,10659,53-3032.00,Heavy and Tractor-Trailer Truck Drivers,53,Give directions to laborers who are packing goods and moving them onto trailers.,,,,,train,1
,,,human-task-exposure-v2.0,,8618,53-3033.00,Light Truck Drivers,53,Present bills and receipts and collect payments for goods delivered or loaded.,,,,,train,1
,,,human-task-exposure-v2.0,,8615,53-3033.00,Light Truck Drivers,53,Obey traffic laws and follow established traffic and transportation procedures.,,,,,train,1
,,,human-task-exposure-v2.0,,8624,53-3033.00,Light Truck Drivers,53,"Report delays, accidents, or other traffic and transportation situations to bases or other vehicles, using telephones or mobile two-way radios.",,,,,train,1
,,,human-task-exposure-v2.0,,23728,53-3051.00,"Bus Drivers, School",53,"Regulate heating, lighting, and ventilation systems for student comfort.",,,,,train,1
,,,human-task-exposure-v2.0,,23727,53-3051.00,"Bus Drivers, School",53,Record bus routes.,,,,,train,1
,,,human-task-exposure-v2.0,,23723,53-3051.00,"Bus Drivers, School",53,Make minor repairs to vehicles.,,,,,train,1
,,,human-task-exposure-v2.0,,18798,53-3052.00,"Bus Drivers, Transit and Intercity",53,Collect tickets or cash fares from passengers.,,,,,train,1
,,,human-task-exposure-v2.0,,3144,53-3052.00,"Bus Drivers, Transit and Intercity",53,"Inspect vehicles and check gas, oil, and water levels prior to departure.",,,,,train,1
,,,human-task-exposure-v2.0,,3151,53-3052.00,"Bus Drivers, Transit and Intercity",53,Load and unload baggage in baggage compartments.,,,,,train,1
,,,human-task-exposure-v2.0,,23745,53-3053.00,Shuttle Drivers and Chauffeurs,53,"Perform routine vehicle maintenance, such as regulating tire pressure and adding gasoline, oil, and water.",,,,,train,1
,,,human-task-exposure-v2.0,,23754,53-3053.00,Shuttle Drivers and Chauffeurs,53,Report any vehicle malfunctions or needed repairs.,,,,,train,1
,,,human-task-exposure-v2.0,,23744,53-3053.00,Shuttle Drivers and Chauffeurs,53,"Perform minor vehicle repairs, such as cleaning spark plugs, or take vehicles to mechanics for servicing.",,,,,train,1
,,,human-task-exposure-v2.0,,23763,53-3054.00,Taxi Drivers,53,"Follow relevant safety regulations and state laws governing vehicle operation, and ensure that passengers follow safety regulations.",,,,,validation,1
,,,human-task-exposure-v2.0,,23771,53-3054.00,Taxi Drivers,53,"Test vehicle equipment, such as lights, brakes, horns, or windshield wipers, to ensure proper operation.",,,,,validation,1
,,,human-task-exposure-v2.0,,23766,53-3054.00,Taxi Drivers,53,"Perform routine vehicle maintenance, such as regulating tire pressure and adding gasoline, oil, and water.",,,,,validation,1
,,,human-task-exposure-v2.0,,12762,53-4011.00,Locomotive Engineers,53,Inspect locomotives after runs to detect damaged or defective equipment.,,,,,train,1
,,,human-task-exposure-v2.0,,12755,53-4011.00,Locomotive Engineers,53,Operate locomotives to transport freight or passengers between stations or to assemble or disassemble trains within rail yards.,,,,,train,1
,,,human-task-exposure-v2.0,,12763,53-4011.00,Locomotive Engineers,53,Drive diesel-electric rail-detector cars to transport rail-flaw-detecting machines over tracks.,,,,,train,1
,,,human-task-exposure-v2.0,,10681,53-4013.00,"Rail Yard Engineers, Dinkey Operators, and Hostlers",53,Pull knuckles to open them for coupling.,,,,,test,1
,,,human-task-exposure-v2.0,,10683,53-4013.00,"Rail Yard Engineers, Dinkey Operators, and Hostlers",53,"Drive locomotives to and from various stations in roundhouses to have locomotives cleaned, serviced, repaired, or supplied.",,,,,test,1
,,,human-task-exposure-v2.0,,10688,53-4013.00,"Rail Yard Engineers, Dinkey Operators, and Hostlers",53,Provide assistance in the installation or repair of rails and ties.,,,,,test,1
,,,human-task-exposure-v2.0,,23801,53-4022.00,"Railroad Brake, Signal, and Switch Operators and Locomotive Firers",53,Conduct brake tests to determine the condition of brakes on trains.,,,,,train,1
,,,human-task-exposure-v2.0,,23786,53-4022.00,"Railroad Brake, Signal, and Switch Operators and Locomotive Firers",53,Signal other workers to set brakes and to throw track switches when switching cars from trains to way stations.,,,,,train,1
,,,human-task-exposure-v2.0,,23785,53-4022.00,"Railroad Brake, Signal, and Switch Operators and Locomotive Firers",53,Inspect locomotives to detect damaged or worn parts.,,,,,train,1
,,,human-task-exposure-v2.0,,10692,53-4031.00,Railroad Conductors and Yardmasters,53,"Direct and instruct workers engaged in yard activities, such as switching tracks, coupling and uncoupling cars, and routing inbound and outbound traffic.",,,,,test,1
,,,human-task-exposure-v2.0,,10700,53-4031.00,Railroad Conductors and Yardmasters,53,Arrange for the removal of defective cars from trains at stations or stops.,,,,,test,1
,,,human-task-exposure-v2.0,,10705,53-4031.00,Railroad Conductors and Yardmasters,53,"Supervise and coordinate crew activities to transport freight and passengers and to provide boarding, porter, maid, and meal services to passengers.",,,,,test,1
,,,human-task-exposure-v2.0,,14467,53-5011.00,Sailors and Marine Oilers,53,"Lubricate machinery, equipment, or engine parts, such as gears, shafts, or bearings.",,,,,train,1
,,,human-task-exposure-v2.0,,14469,53-5011.00,Sailors and Marine Oilers,53,"Splice and repair ropes, wire cables, or cordage, using marlinespikes, wire cutters, twine, and hand tools.",,,,,train,1
,,,human-task-exposure-v2.0,,14482,53-5011.00,Sailors and Marine Oilers,53,"Tie barges together into tow units for tugboats to handle, inspecting barges periodically during voyages and disconnecting them when destinations are reached.",,,,,train,1
,,,human-task-exposure-v2.0,,23811,53-5021.00,"Captains, Mates, and Pilots of Water Vessels",53,"Read gauges to verify sufficient levels of hydraulic fluid, air pressure, or oxygen.",,,,,test,1
,,,human-task-exposure-v2.0,,23809,53-5021.00,"Captains, Mates, and Pilots of Water Vessels",53,Stand watches on vessels during specified periods while vessels are under way.,,,,,test,1
,,,human-task-exposure-v2.0,,23829,53-5021.00,"Captains, Mates, and Pilots of Water Vessels",53,Assign watches or living quarters to crew members.,,,,,test,1
,,,human-task-exposure-v2.0,,14559,53-5031.00,Ship Engineers,53,Monitor and test operations of engines or other equipment so that malfunctions and their causes can be identified.,,,,,train,1
,,,human-task-exposure-v2.0,,14562,53-5031.00,Ship Engineers,53,Operate or maintain off-loading liquid pumps or valves.,,,,,train,1
,,,human-task-exposure-v2.0,,14568,53-5031.00,Ship Engineers,53,"Fabricate engine replacement parts, such as valves, stay rods, or bolts, using metalworking machinery.",,,,,train,1
,,,human-task-exposure-v2.0,,7153,53-6011.00,Bridge and Lock Tenders,53,"Direct movements of vessels in locks or bridge areas, using signals, telecommunication equipment, or loudspeakers.",,,,,train,1
,,,human-task-exposure-v2.0,,7154,53-6011.00,Bridge and Lock Tenders,53,Prepare accident reports.,,,,,train,1
,,,human-task-exposure-v2.0,,7163,53-6011.00,Bridge and Lock Tenders,53,Check that bridges are clear of vehicles and pedestrians prior to opening.,,,,,train,1
,,,human-task-exposure-v2.0,,20839,53-6021.00,Parking Attendants,53,"Call emergency responders or the proper authorities and provide motorist assistance, such as giving directions or helping jump start a stalled vehicle.",,,,,train,1
,,,human-task-exposure-v2.0,,20836,53-6021.00,Parking Attendants,53,"Perform cash handling tasks, such as making change, balancing and recording cash drawer, or distributing tips.",,,,,train,1
,,,human-task-exposure-v2.0,,3195,53-6021.00,Parking Attendants,53,"Lift, position, and remove barricades to open or close parking areas.",,,,,train,1
,,,human-task-exposure-v2.0,,10725,53-6031.00,Automotive and Watercraft Service Attendants,53,"Sell and install accessories, such as batteries, windshield wiper blades, fan belts, bulbs, or headlamps.",,,,,train,1
,,,human-task-exposure-v2.0,,10715,53-6031.00,Automotive and Watercraft Service Attendants,53,"Clean parking areas, offices, restrooms, or equipment, and remove trash.",,,,,train,1
,,,human-task-exposure-v2.0,,10718,53-6031.00,Automotive and Watercraft Service Attendants,53,Provide customers with information about local roads or highways.,,,,,train,1
,,,human-task-exposure-v2.0,,23839,53-6032.00,Aircraft Service Attendants,53,"Guide aircraft to designated areas using hand signals, batons, or other methods.",,,,,train,1
,,,human-task-exposure-v2.0,,23844,53-6032.00,Aircraft Service Attendants,53,Radio to flight dispatchers or other personnel to discuss incoming or outgoing aircraft.,,,,,train,1
,,,human-task-exposure-v2.0,,23841,53-6032.00,Aircraft Service Attendants,53,Load baggage or cargo for crew or passengers.,,,,,train,1
,,,human-task-exposure-v2.0,,8632,53-6041.00,Traffic Technicians,53,"Plan, design, and improve components of traffic control systems to accommodate current or projected traffic and to increase usability and efficiency.",,,,,train,1
,,,human-task-exposure-v2.0,,8638,53-6041.00,Traffic Technicians,53,"Operate counters and record data to assess the volume, type, and movement of vehicular or pedestrian traffic at specified times.",,,,,train,1
,,,human-task-exposure-v2.0,,8639,53-6041.00,Traffic Technicians,53,Provide technical supervision regarding traffic control devices to other traffic technicians or laborers.,,,,,train,1
,,,human-task-exposure-v2.0,,23861,53-6051.00,Transportation Inspectors,53,Read draft markings to determine depths of vessels in water.,,,,,train,1
,,,human-task-exposure-v2.0,,23860,53-6051.00,Transportation Inspectors,53,"Determine cargo transportation capabilities by reading documents that set forth cargo loading and securing procedures, capacities, and stability factors.",,,,,train,1
,,,human-task-exposure-v2.0,,23864,53-6051.00,Transportation Inspectors,53,Post warning signs on vehicles containing explosives or flammable or radioactive materials.,,,,,train,1
,,,human-task-exposure-v2.0,,10736,53-6051.01,Aviation Inspectors,53,"Recommend changes in rules, policies, standards, and regulations, based on knowledge of operating conditions, aircraft improvements, and other factors.",,,,,validation,1
,,,human-task-exposure-v2.0,,10730,53-6051.01,Aviation Inspectors,53,Examine aircraft access plates and doors for security.,,,,,validation,1
,,,human-task-exposure-v2.0,,10740,53-6051.01,Aviation Inspectors,53,"Conduct flight test programs to test equipment, instruments, and systems under a variety of conditions, using both manual and automatic controls.",,,,,validation,1
,,,human-task-exposure-v2.0,,14573,53-6051.07,"Transportation Vehicle, Equipment and Systems Inspectors, Except Aviation",53,Inspect repairs to transportation vehicles or equipment to ensure that repair work was performed properly.,,,,,test,1
,,,human-task-exposure-v2.0,,14575,53-6051.07,"Transportation Vehicle, Equipment and Systems Inspectors, Except Aviation",53,Issue notices and recommend corrective actions when infractions or problems are found.,,,,,test,1
,,,human-task-exposure-v2.0,,14580,53-6051.07,"Transportation Vehicle, Equipment and Systems Inspectors, Except Aviation",53,"Investigate incidents or violations, such as delays, accidents, and equipment failures.",,,,,test,1
,,,human-task-exposure-v2.0,,13175,53-6061.00,Passenger Attendants,53,Explain and demonstrate safety procedures and safety equipment use.,,,,,train,1
,,,human-task-exposure-v2.0,,13176,53-6061.00,Passenger Attendants,53,Perform equipment safety checks prior to departure.,,,,,train,1
,,,human-task-exposure-v2.0,,13182,53-6061.00,Passenger Attendants,53,"Provide customers with information on routes, gates, prices, timetables, terminals, or concourses.",,,,,train,1
,,,human-task-exposure-v2.0,,10750,53-7011.00,Conveyor Operators and Tenders,53,"Observe conveyor operations and monitor lights, dials, and gauges to maintain specified operating levels and to detect equipment malfunctions.",,,,,validation,1
,,,human-task-exposure-v2.0,,10757,53-7011.00,Conveyor Operators and Tenders,53,"Load, unload, or adjust materials or products on conveyors by hand, by using lifts, hoists, and scoops, or by opening gates, chutes, or hoppers.",,,,,validation,1
,,,human-task-exposure-v2.0,,10756,53-7011.00,Conveyor Operators and Tenders,53,"Collect samples of materials or products, checking them to ensure conformance to specifications or sending them to laboratories for analysis.",,,,,validation,1
,,,human-task-exposure-v2.0,,10773,53-7021.00,Crane and Tower Operators,53,"Load or unload bundles from trucks, or move containers to storage bins, using moving equipment.",,,,,train,1
,,,human-task-exposure-v2.0,,10769,53-7021.00,Crane and Tower Operators,53,"Inspect cables or grappling devices for wear and install or replace cables, as needed.",,,,,train,1
,,,human-task-exposure-v2.0,,10776,53-7021.00,Crane and Tower Operators,53,"Direct truck drivers backing vehicles into loading bays and cover, uncover, or secure loads for delivery.",,,,,train,1
,,,human-task-exposure-v2.0,,3202,53-7051.00,Industrial Truck and Tractor Operators,53,"Move levers or controls that operate lifting devices, such as forklifts, lift beams with swivel-hooks, hoists, or elevating platforms, to load, unload, transport, or stack material.",,,,,test,1
,,,human-task-exposure-v2.0,,3203,53-7051.00,Industrial Truck and Tractor Operators,53,"Position lifting devices under, over, or around loaded pallets, skids, or boxes and secure material or products for transport to designated areas.",,,,,test,1
,,,human-task-exposure-v2.0,,3206,53-7051.00,Industrial Truck and Tractor Operators,53,Weigh materials or products and record weight or other production data on tags or labels.,,,,,test,1
,,,human-task-exposure-v2.0,,5002,53-7061.00,Cleaners of Vehicles and Equipment,53,Monitor operation of cleaning machines and stop machines or notify supervisors when malfunctions occur.,,,,,train,1
,,,human-task-exposure-v2.0,,4992,53-7061.00,Cleaners of Vehicles and Equipment,53,"Inspect parts, equipment, or vehicles for cleanliness, damage, and compliance with standards or regulations.",,,,,train,1
,,,human-task-exposure-v2.0,,5003,53-7061.00,Cleaners of Vehicles and Equipment,53,"Disassemble and reassemble machines or equipment or remove and reattach vehicle parts or trim, using hand tools.",,,,,train,1
,,,human-task-exposure-v2.0,,10779,53-7062.00,"Laborers and Freight, Stock, and Material Movers, Hand",53,Read work orders or receive oral instructions to determine work assignments or material or equipment needs.,,,,,train,1
,,,human-task-exposure-v2.0,,10781,53-7062.00,"Laborers and Freight, Stock, and Material Movers, Hand",53,"Move freight, stock, or other materials to and from storage or production areas, loading docks, delivery vehicles, ships, or containers, by hand or using trucks, tractors, or other equipment.",,,,,train,1
,,,human-task-exposure-v2.0,,10780,53-7062.00,"Laborers and Freight, Stock, and Material Movers, Hand",53,"Record numbers of units handled or moved, using daily production sheets or work tickets.",,,,,train,1
,,,human-task-exposure-v2.0,,17886,53-7062.04,Recycling and Reclamation Workers,53,"Clean, inspect, or lubricate recyclable collection equipment or perform routine maintenance or minor repairs on recycling equipment, such as star gears, finger sorters, destoners, belts, and grinders.",,,,,train,1
,,,human-task-exposure-v2.0,,17882,53-7062.04,Recycling and Reclamation Workers,53,"Sort metals to separate high-grade metals, such as copper, brass, and aluminum, for recycling.",,,,,train,1
,,,human-task-exposure-v2.0,,17873,53-7062.04,Recycling and Reclamation Workers,53,Collect recyclable materials from curbside for delivery to designated facilities.,,,,,train,1
,,,human-task-exposure-v2.0,,14591,53-7063.00,Machine Feeders and Offbearers,53,"Record production and operational data, such as amount of materials processed.",,,,,test,1
,,,human-task-exposure-v2.0,,14583,53-7063.00,Machine Feeders and Offbearers,53,"Inspect materials and products for defects, and to ensure conformance to specifications.",,,,,test,1
,,,human-task-exposure-v2.0,,14594,53-7063.00,Machine Feeders and Offbearers,53,Open and close gates of belt and pneumatic conveyors on machines that are fed directly from preceding machines.,,,,,test,1
,,,human-task-exposure-v2.0,,3214,53-7064.00,"Packers and Packagers, Hand",53,"Record product, packaging, and order information on specified forms and records.",,,,,train,1
,,,human-task-exposure-v2.0,,3211,53-7064.00,"Packers and Packagers, Hand",53,"Mark and label containers, container tags, or products, using marking tools.",,,,,train,1
,,,human-task-exposure-v2.0,,3220,53-7064.00,"Packers and Packagers, Hand",53,Transport packages to customers' vehicles.,,,,,train,1
,,,human-task-exposure-v2.0,,23898,53-7065.00,Stockers and Order Fillers,53,"Determine proper storage methods, identification, and stock location, based on turnover, environmental factors, and physical capabilities of facilities.",,,,,train,1
,,,human-task-exposure-v2.0,,23891,53-7065.00,Stockers and Order Fillers,53,"Dispose of damaged or defective items, or return them to vendors.",,,,,train,1
,,,human-task-exposure-v2.0,,23896,53-7065.00,Stockers and Order Fillers,53,Compute prices of items or groups of items.,,,,,train,1
,,,human-task-exposure-v2.0,,21160,53-7073.00,Wellhead Pumpers,53,Gauge oil and gas production.,,,,,validation,1
,,,human-task-exposure-v2.0,,5014,53-7073.00,Wellhead Pumpers,53,"Operate engines and pumps to shut off wells according to production schedules, and to switch flow of oil into storage tanks.",,,,,validation,1
,,,human-task-exposure-v2.0,,5021,53-7073.00,Wellhead Pumpers,53,Supervise oil pumpers and other workers engaged in producing oil from wells.,,,,,validation,1
,,,human-task-exposure-v2.0,,7178,53-7081.00,Refuse and Recyclable Material Collectors,53,"Communicate with dispatchers concerning delays, unsafe sites, accidents, equipment breakdowns, or other maintenance problems.",,,,,train,1
,,,human-task-exposure-v2.0,,7181,53-7081.00,Refuse and Recyclable Material Collectors,53,Clean trucks or compactor bodies after routes have been completed.,,,,,train,1
,,,human-task-exposure-v2.0,,19932,53-7081.00,Refuse and Recyclable Material Collectors,53,"Make special pickups of recyclable materials, such as food scraps, used oil, discarded computers, or other electronic items.",,,,,train,1
,,,human-task-exposure-v2.0,,12797,53-7121.00,"Tank Car, Truck, and Ship Loaders",53,Check conditions and weights of vessels to ensure cleanliness and compliance with loading procedures.,,,,,train,1
,,,human-task-exposure-v2.0,,12792,53-7121.00,"Tank Car, Truck, and Ship Loaders",53,"Verify tank car, barge, or truck load numbers to ensure car placement accuracy based on written or verbal instructions.",,,,,train,1
,,,human-task-exposure-v2.0,,12802,53-7121.00,"Tank Car, Truck, and Ship Loaders",53,"Remove and replace tank car dome caps, or direct other workers in their removal and replacement.",,,,,train,1
