occupation_code,occupation_title,soc_code,soc_major_group,task_id,task_text,task_source,onet_version,bls_source,employment_size,projected_employment,annual_openings,reviewer_1_score,reviewer_2_score,adjudicated_exposure_score,reviewer_1_confidence,reviewer_2_confidence,adjudication_status,agreement_status,label_source,label_status,rubric_version,not_human_ground_truth,split,split_key
11-1011.00,Chief Executives,11-1011,11,8835,Establish departmental responsibilities and coordinate functions among departments and sites.,O*NET 31.0 Task Statements,31.0,"BLS Employment Projections Occupation.xlsx Table 1.2, 2025-2035",291.6,300.9,19.1,,,,,,,,,unscored_human_template,human-task-exposure-v2.0,true,train,11-1011.00
11-1011.00,Chief Executives,11-1011,11,8836,Implement corrective action plans to solve organizational or departmental problems.,O*NET 31.0 Task Statements,31.0,"BLS Employment Projections Occupation.xlsx Table 1.2, 2025-2035",291.6,300.9,19.1,,,,,,,,,unscored_human_template,human-task-exposure-v2.0,true,train,11-1011.00
11-1011.00,Chief Executives,11-1011,11,8844,"Make presentations to legislative or other government committees regarding policies, programs, or budgets.",O*NET 31.0 Task Statements,31.0,"BLS Employment Projections Occupation.xlsx Table 1.2, 2025-2035",291.6,300.9,19.1,,,,,,,,,unscored_human_template,human-task-exposure-v2.0,true,train,11-1011.00
11-1011.03,Chief Sustainability Officers,11-1011,11,15373,Write and distribute financial or environmental impact reports.,O*NET 31.0 Task Statements,31.0,"BLS Employment Projections Occupation.xlsx Table 1.2, 2025-2035",291.6,300.9,19.1,,,,,,,,,unscored_human_template,human-task-exposure-v2.0,true,train,11-1011.03
11-1011.03,Chief Sustainability Officers,11-1011,11,15381,Develop methodologies to assess the viability or success of sustainability initiatives.,O*NET 31.0 Task Statements,31.0,"BLS Employment Projections Occupation.xlsx Table 1.2, 2025-2035",291.6,300.9,19.1,,,,,,,,,unscored_human_template,human-task-exposure-v2.0,true,train,11-1011.03
11-1011.03,Chief Sustainability Officers,11-1011,11,15379,"Develop, or oversee the development of, sustainability evaluation or monitoring systems.",O*NET 31.0 Task Statements,31.0,"BLS Employment Projections Occupation.xlsx Table 1.2, 2025-2035",291.6,300.9,19.1,,,,,,,,,unscored_human_template,human-task-exposure-v2.0,true,train,11-1011.03
11-1021.00,General and Operations Managers,11-1021,11,933,"Direct and coordinate activities of businesses or departments concerned with the production, pricing, sales, or distribution of products.",O*NET 31.0 Task Statements,31.0,"BLS Employment Projections Occupation.xlsx Table 1.2, 2025-2035",3599,3780.3,285,,,,,,,,,unscored_human_template,human-task-exposure-v2.0,true,train,11-1021.00
11-1021.00,General and Operations Managers,11-1021,11,20701,Prepare staff work schedules and assign specific duties.,O*NET 31.0 Task Statements,31.0,"BLS Employment Projections Occupation.xlsx Table 1.2, 2025-2035",3599,3780.3,285,,,,,,,,,unscored_human_template,human-task-exposure-v2.0,true,train,11-1021.00
11-1021.00,General and Operations Managers,11-1021,11,20708,"Manage the movement of goods into and out of production facilities to ensure efficiency, effectiveness, or sustainability of operations.",O*NET 31.0 Task Statements,31.0,"BLS Employment Projections Occupation.xlsx Table 1.2, 2025-2035",3599,3780.3,285,,,,,,,,,unscored_human_template,human-task-exposure-v2.0,true,train,11-1021.00
11-1031.00,Legislators,11-1031,11,15295,"Represent their government at local, national, and international meetings and conferences.",O*NET 31.0 Task Statements,31.0,"BLS Employment Projections Occupation.xlsx Table 1.2, 2025-2035",,,,,,,,,,,,unscored_human_template,human-task-exposure-v2.0,true,train,11-1031.00
11-1031.00,Legislators,11-1031,11,15286,"Attend receptions, dinners, and conferences to meet people, exchange views and information, and develop working relationships.",O*NET 31.0 Task Statements,31.0,"BLS Employment Projections Occupation.xlsx Table 1.2, 2025-2035",,,,,,,,,,,,unscored_human_template,human-task-exposure-v2.0,true,train,11-1031.00
11-1031.00,Legislators,11-1031,11,15283,"Vote on motions, amendments, and decisions on whether or not to report a bill out from committee to the assembly floor.",O*NET 31.0 Task Statements,31.0,"BLS Employment Projections Occupation.xlsx Table 1.2, 2025-2035",,,,,,,,,,,,unscored_human_template,human-task-exposure-v2.0,true,train,11-1031.00
11-2011.00,Advertising and Promotions Managers,11-2011,11,3243,Contact organizations to explain services and facilities offered.,O*NET 31.0 Task Statements,31.0,"BLS Employment Projections Occupation.xlsx Table 1.2, 2025-2035",33.2,31.9,2.3,,,,,,,,,unscored_human_template,human-task-exposure-v2.0,true,train,11-2011.00
11-2011.00,Advertising and Promotions Managers,11-2011,11,21219,"Attend or participate in conferences, community events, and promotional events related to products or technologies.",O*NET 31.0 Task Statements,31.0,"BLS Employment Projections Occupation.xlsx Table 1.2, 2025-2035",33.2,31.9,2.3,,,,,,,,,unscored_human_template,human-task-exposure-v2.0,true,train,11-2011.00
11-2011.00,Advertising and Promotions Managers,11-2011,11,3229,"Identify and develop contacts for promotional campaigns and industry programs that meet identified buyer targets, such as dealers, distributors, or consumers.",O*NET 31.0 Task Statements,31.0,"BLS Employment Projections Occupation.xlsx Table 1.2, 2025-2035",33.2,31.9,2.3,,,,,,,,,unscored_human_template,human-task-exposure-v2.0,true,train,11-2011.00
11-2021.00,Marketing Managers,11-2021,11,952,"Evaluate the financial aspects of product development, such as budgets, expenditures, research and development appropriations, or return-on-investment and profit-loss projections.",O*NET 31.0 Task Statements,31.0,"BLS Employment Projections Occupation.xlsx Table 1.2, 2025-2035",421.6,450.8,34,,,,,,,,,unscored_human_template,human-task-exposure-v2.0,true,train,11-2021.00
11-2021.00,Marketing Managers,11-2021,11,958,"Use sales forecasting or strategic planning to ensure the sale and profitability of products, lines, or services, analyzing business developments and monitoring market trends.",O*NET 31.0 Task Statements,31.0,"BLS Employment Projections Occupation.xlsx Table 1.2, 2025-2035",421.6,450.8,34,,,,,,,,,unscored_human_template,human-task-exposure-v2.0,true,train,11-2021.00
11-2021.00,Marketing Managers,11-2021,11,955,"Negotiate contracts with vendors or distributors to manage product distribution, establishing distribution networks or developing distribution strategies.",O*NET 31.0 Task Statements,31.0,"BLS Employment Projections Occupation.xlsx Table 1.2, 2025-2035",421.6,450.8,34,,,,,,,,,unscored_human_template,human-task-exposure-v2.0,true,train,11-2021.00
11-2022.00,Sales Managers,11-2022,11,6,"Direct, coordinate, and review sales and service accounting and record-keeping, as well as receiving and shipping.",O*NET 31.0 Task Statements,31.0,"BLS Employment Projections Occupation.xlsx Table 1.2, 2025-2035",650.1,679.1,47.3,,,,,,,,,unscored_human_template,human-task-exposure-v2.0,true,train,11-2022.00
11-2022.00,Sales Managers,11-2022,11,15,"Direct clerical staff to keep records of export correspondence, bid requests, and credit collections, and to maintain current information on tariffs, licenses, and restrictions.",O*NET 31.0 Task Statements,31.0,"BLS Employment Projections Occupation.xlsx Table 1.2, 2025-2035",650.1,679.1,47.3,,,,,,,,,unscored_human_template,human-task-exposure-v2.0,true,train,11-2022.00
11-2022.00,Sales Managers,11-2022,11,16,Direct foreign sales and service outlets of an organization.,O*NET 31.0 Task Statements,31.0,"BLS Employment Projections Occupation.xlsx Table 1.2, 2025-2035",650.1,679.1,47.3,,,,,,,,,unscored_human_template,human-task-exposure-v2.0,true,train,11-2022.00
11-2032.00,Public Relations Managers,11-2032,11,21235,"Facilitate consumer relations or the relationship between parts of the company, such as the managers and employees, or different branch offices.",O*NET 31.0 Task Statements,31.0,"BLS Employment Projections Occupation.xlsx Table 1.2, 2025-2035",80.8,85.4,6.1,,,,,,,,,unscored_human_template,human-task-exposure-v2.0,true,train,11-2032.00
11-2032.00,Public Relations Managers,11-2032,11,21240,Manage in-house communication courses.,O*NET 31.0 Task Statements,31.0,"BLS Employment Projections Occupation.xlsx Table 1.2, 2025-2035",80.8,85.4,6.1,,,,,,,,,unscored_human_template,human-task-exposure-v2.0,true,train,11-2032.00
11-2032.00,Public Relations Managers,11-2032,11,21238,Maintain company archives.,O*NET 31.0 Task Statements,31.0,"BLS Employment Projections Occupation.xlsx Table 1.2, 2025-2035",80.8,85.4,6.1,,,,,,,,,unscored_human_template,human-task-exposure-v2.0,true,train,11-2032.00
11-3013.01,Security Managers,11-3013,11,21296,"Develop, recommend, or manage security procedures for operations or processes, such as security call centers, access control, and reporting tools.",O*NET 31.0 Task Statements,31.0,"BLS Employment Projections Occupation.xlsx Table 1.2, 2025-2035",165.9,173.5,14.2,,,,,,,,,unscored_human_template,human-task-exposure-v2.0,true,train,11-3013.01
11-3013.01,Security Managers,11-3013,11,21306,Review financial reports to ensure efficiency and quality of security operations.,O*NET 31.0 Task Statements,31.0,"BLS Employment Projections Occupation.xlsx Table 1.2, 2025-2035",165.9,173.5,14.2,,,,,,,,,unscored_human_template,human-task-exposure-v2.0,true,train,11-3013.01
11-3013.01,Security Managers,11-3013,11,21304,"Purchase security-related supplies, equipment, or technology.",O*NET 31.0 Task Statements,31.0,"BLS Employment Projections Occupation.xlsx Table 1.2, 2025-2035",165.9,173.5,14.2,,,,,,,,,unscored_human_template,human-task-exposure-v2.0,true,train,11-3013.01
11-3031.00,Financial Managers,11-3031,11,21315,Evaluate data pertaining to costs to plan budgets.,O*NET 31.0 Task Statements,31.0,"BLS Employment Projections Occupation.xlsx Table 1.2, 2025-2035",879.7,964.6,65.6,,,,,,,,,unscored_human_template,human-task-exposure-v2.0,true,train,11-3031.00
11-3031.00,Financial Managers,11-3031,11,21311,Establish and maintain relationships with individual or business customers or provide assistance with problems these customers may encounter.,O*NET 31.0 Task Statements,31.0,"BLS Employment Projections Occupation.xlsx Table 1.2, 2025-2035",879.7,964.6,65.6,,,,,,,,,unscored_human_template,human-task-exposure-v2.0,true,train,11-3031.00
11-3031.00,Financial Managers,11-3031,11,21323,"Evaluate financial reporting systems, accounting or collection procedures, or investment activities and make recommendations for changes to procedures, operating systems, budgets, or other financial control functions.",O*NET 31.0 Task Statements,31.0,"BLS Employment Projections Occupation.xlsx Table 1.2, 2025-2035",879.7,964.6,65.6,,,,,,,,,unscored_human_template,human-task-exposure-v2.0,true,train,11-3031.00
11-3031.01,Treasurers and Controllers,11-3031,11,8863,"Monitor and evaluate the performance of accounting and other financial staff, recommending and implementing personnel actions, such as promotions and dismissals.",O*NET 31.0 Task Statements,31.0,"BLS Employment Projections Occupation.xlsx Table 1.2, 2025-2035",879.7,964.6,65.6,,,,,,,,,unscored_human_template,human-task-exposure-v2.0,true,train,11-3031.01
11-3031.01,Treasurers and Controllers,11-3031,11,8861,"Receive, record, and authorize requests for disbursements in accordance with company policies and procedures.",O*NET 31.0 Task Statements,31.0,"BLS Employment Projections Occupation.xlsx Table 1.2, 2025-2035",879.7,964.6,65.6,,,,,,,,,unscored_human_template,human-task-exposure-v2.0,true,train,11-3031.01
11-3031.01,Treasurers and Controllers,11-3031,11,8857,"Supervise employees performing financial reporting, accounting, billing, collections, payroll, and budgeting duties.",O*NET 31.0 Task Statements,31.0,"BLS Employment Projections Occupation.xlsx Table 1.2, 2025-2035",879.7,964.6,65.6,,,,,,,,,unscored_human_template,human-task-exposure-v2.0,true,train,11-3031.01
11-3051.01,Quality Control Systems Managers,11-3051,11,15424,"Direct the tracking of defects, test results, or other regularly reported quality control data.",O*NET 31.0 Task Statements,31.0,"BLS Employment Projections Occupation.xlsx Table 1.2, 2025-2035",252.1,258.6,17,,,,,,,,,unscored_human_template,human-task-exposure-v2.0,true,train,11-3051.01
11-3051.01,Quality Control Systems Managers,11-3051,11,15422,Identify critical points in the manufacturing process and specify sampling procedures to be used at these points.,O*NET 31.0 Task Statements,31.0,"BLS Employment Projections Occupation.xlsx Table 1.2, 2025-2035",252.1,258.6,17,,,,,,,,,unscored_human_template,human-task-exposure-v2.0,true,train,11-3051.01
11-3051.01,Quality Control Systems Managers,11-3051,11,15412,Audit and inspect subcontractor facilities including external laboratories.,O*NET 31.0 Task Statements,31.0,"BLS Employment Projections Occupation.xlsx Table 1.2, 2025-2035",252.1,258.6,17,,,,,,,,,unscored_human_template,human-task-exposure-v2.0,true,train,11-3051.01
11-3051.04,Biomass Power Plant Managers,11-3051,11,15470,"Review logs, datasheets, or reports to ensure adequate production levels and safe production environments or to identify abnormalities with power production equipment or processes.",O*NET 31.0 Task Statements,31.0,"BLS Employment Projections Occupation.xlsx Table 1.2, 2025-2035",252.1,258.6,17,,,,,,,,,unscored_human_template,human-task-exposure-v2.0,true,train,11-3051.04
11-3051.04,Biomass Power Plant Managers,11-3051,11,15478,"Supervise biomass plant or substation operations, maintenance, repair, or testing activities.",O*NET 31.0 Task Statements,31.0,"BLS Employment Projections Occupation.xlsx Table 1.2, 2025-2035",252.1,258.6,17,,,,,,,,,unscored_human_template,human-task-exposure-v2.0,true,train,11-3051.04
11-3051.04,Biomass Power Plant Managers,11-3051,11,15463,"Test, maintain, or repair electrical power distribution machinery or equipment, using hand tools, power tools, and testing devices.",O*NET 31.0 Task Statements,31.0,"BLS Employment Projections Occupation.xlsx Table 1.2, 2025-2035",252.1,258.6,17,,,,,,,,,unscored_human_template,human-task-exposure-v2.0,true,train,11-3051.04
11-3051.06,Hydroelectric Production Managers,11-3051,11,15503,Provide technical direction in the erection or commissioning of hydroelectric equipment or supporting electrical or mechanical systems.,O*NET 31.0 Task Statements,31.0,"BLS Employment Projections Occupation.xlsx Table 1.2, 2025-2035",252.1,258.6,17,,,,,,,,,unscored_human_template,human-task-exposure-v2.0,true,train,11-3051.06
11-3051.06,Hydroelectric Production Managers,11-3051,11,15519,Supervise or monitor hydroelectric facility operations to ensure that generation or mechanical equipment conform to applicable regulations or standards.,O*NET 31.0 Task Statements,31.0,"BLS Employment Projections Occupation.xlsx Table 1.2, 2025-2035",252.1,258.6,17,,,,,,,,,unscored_human_template,human-task-exposure-v2.0,true,train,11-3051.06
11-3051.06,Hydroelectric Production Managers,11-3051,11,15517,Create or enforce hydrostation voltage schedules.,O*NET 31.0 Task Statements,31.0,"BLS Employment Projections Occupation.xlsx Table 1.2, 2025-2035",252.1,258.6,17,,,,,,,,,unscored_human_template,human-task-exposure-v2.0,true,train,11-3051.06
11-3061.00,Purchasing Managers,11-3061,11,1034,Prepare reports regarding market conditions and merchandise costs.,O*NET 31.0 Task Statements,31.0,"BLS Employment Projections Occupation.xlsx Table 1.2, 2025-2035",88.3,91.8,6.4,,,,,,,,,unscored_human_template,human-task-exposure-v2.0,true,train,11-3061.00
11-3061.00,Purchasing Managers,11-3061,11,1020,Maintain records of goods ordered and received.,O*NET 31.0 Task Statements,31.0,"BLS Employment Projections Occupation.xlsx Table 1.2, 2025-2035",88.3,91.8,6.4,,,,,,,,,unscored_human_template,human-task-exposure-v2.0,true,train,11-3061.00
11-3061.00,Purchasing Managers,11-3061,11,1031,"Review, evaluate, and approve specifications for issuing and awarding bids.",O*NET 31.0 Task Statements,31.0,"BLS Employment Projections Occupation.xlsx Table 1.2, 2025-2035",88.3,91.8,6.4,,,,,,,,,unscored_human_template,human-task-exposure-v2.0,true,train,11-3061.00
11-3071.00,"Transportation, Storage, and Distribution Managers",11-3071,11,21358,"Confer with department heads to coordinate warehouse activities, such as production, sales, records control, or purchasing.",O*NET 31.0 Task Statements,31.0,"BLS Employment Projections Occupation.xlsx Table 1.2, 2025-2035",228.1,242.1,18.3,,,,,,,,,unscored_human_template,human-task-exposure-v2.0,true,train,11-3071.00
11-3071.00,"Transportation, Storage, and Distribution Managers",11-3071,11,21352,Prepare and manage departmental budgets.,O*NET 31.0 Task Statements,31.0,"BLS Employment Projections Occupation.xlsx Table 1.2, 2025-2035",228.1,242.1,18.3,,,,,,,,,unscored_human_template,human-task-exposure-v2.0,true,train,11-3071.00
11-3071.00,"Transportation, Storage, and Distribution Managers",11-3071,11,21367,Plan or implement improvements to internal or external systems or processes.,O*NET 31.0 Task Statements,31.0,"BLS Employment Projections Occupation.xlsx Table 1.2, 2025-2035",228.1,242.1,18.3,,,,,,,,,unscored_human_template,human-task-exposure-v2.0,true,train,11-3071.00
11-9013.00,"Farmers, Ranchers, and Other Agricultural Managers",11-9013,11,21384,Coordinate the selection and maintenance of brood stock.,O*NET 31.0 Task Statements,31.0,"BLS Employment Projections Occupation.xlsx Table 1.2, 2025-2035",788.7,762.2,70.8,,,,,,,,,unscored_human_template,human-task-exposure-v2.0,true,train,11-9013.00
11-9013.00,"Farmers, Ranchers, and Other Agricultural Managers",11-9013,11,21385,Analyze soil to determine types or quantities of fertilizer required for maximum crop production.,O*NET 31.0 Task Statements,31.0,"BLS Employment Projections Occupation.xlsx Table 1.2, 2025-2035",788.7,762.2,70.8,,,,,,,,,unscored_human_template,human-task-exposure-v2.0,true,train,11-9013.00
11-9013.00,"Farmers, Ranchers, and Other Agricultural Managers",11-9013,11,21398,Monitor environments to ensure maintenance of optimum animal or plant life.,O*NET 31.0 Task Statements,31.0,"BLS Employment Projections Occupation.xlsx Table 1.2, 2025-2035",788.7,762.2,70.8,,,,,,,,,unscored_human_template,human-task-exposure-v2.0,true,train,11-9013.00
11-9021.00,Construction Managers,11-9021,11,3317,Determine labor requirements for dispatching workers to construction sites.,O*NET 31.0 Task Statements,31.0,"BLS Employment Projections Occupation.xlsx Table 1.2, 2025-2035",609.1,664.3,49.7,,,,,,,,,unscored_human_template,human-task-exposure-v2.0,true,train,11-9021.00
11-9021.00,Construction Managers,11-9021,11,19520,Develop or implement environmental protection programs.,O*NET 31.0 Task Statements,31.0,"BLS Employment Projections Occupation.xlsx Table 1.2, 2025-2035",609.1,664.3,49.7,,,,,,,,,unscored_human_template,human-task-exposure-v2.0,true,train,11-9021.00
11-9021.00,Construction Managers,11-9021,11,3331,Direct acquisition of land for construction projects.,O*NET 31.0 Task Statements,31.0,"BLS Employment Projections Occupation.xlsx Table 1.2, 2025-2035",609.1,664.3,49.7,,,,,,,,,unscored_human_template,human-task-exposure-v2.0,true,train,11-9021.00
11-9032.00,"Education Administrators, Kindergarten through Secondary",11-9032,11,5221,"Direct and coordinate activities of teachers, administrators, and support staff at schools, public agencies, and institutions.",O*NET 31.0 Task Statements,31.0,"BLS Employment Projections Occupation.xlsx Table 1.2, 2025-2035",343.8,342.7,20.6,,,,,,,,,unscored_human_template,human-task-exposure-v2.0,true,train,11-9032.00
11-9032.00,"Education Administrators, Kindergarten through Secondary",11-9032,11,5211,"Prepare, maintain, or oversee the preparation and maintenance of attendance, activity, planning, or personnel reports and records.",O*NET 31.0 Task Statements,31.0,"BLS Employment Projections Occupation.xlsx Table 1.2, 2025-2035",343.8,342.7,20.6,,,,,,,,,unscored_human_template,human-task-exposure-v2.0,true,train,11-9032.00
11-9032.00,"Education Administrators, Kindergarten through Secondary",11-9032,11,5214,Direct and coordinate school maintenance services and the use of school facilities.,O*NET 31.0 Task Statements,31.0,"BLS Employment Projections Occupation.xlsx Table 1.2, 2025-2035",343.8,342.7,20.6,,,,,,,,,unscored_human_template,human-task-exposure-v2.0,true,train,11-9032.00
11-9033.00,"Education Administrators, Postsecondary",11-9033,11,18596,"Promote the university by participating in community, state, and national events or meetings, and by developing partnerships with industry and secondary education institutions.",O*NET 31.0 Task Statements,31.0,"BLS Employment Projections Occupation.xlsx Table 1.2, 2025-2035",231.8,235.9,14.5,,,,,,,,,unscored_human_template,human-task-exposure-v2.0,true,train,11-9033.00
11-9033.00,"Education Administrators, Postsecondary",11-9033,11,5236,"Plan, administer, and control budgets, maintain financial records, and produce financial reports.",O*NET 31.0 Task Statements,31.0,"BLS Employment Projections Occupation.xlsx Table 1.2, 2025-2035",231.8,235.9,14.5,,,,,,,,,unscored_human_template,human-task-exposure-v2.0,true,train,11-9033.00
11-9033.00,"Education Administrators, Postsecondary",11-9033,11,5254,"Coordinate the production and dissemination of university publications, such as course catalogs and class schedules.",O*NET 31.0 Task Statements,31.0,"BLS Employment Projections Occupation.xlsx Table 1.2, 2025-2035",231.8,235.9,14.5,,,,,,,,,unscored_human_template,human-task-exposure-v2.0,true,train,11-9033.00
11-9041.00,Architectural and Engineering Managers,11-9041,11,20176,"Develop or implement policies, standards, or procedures for engineering and technical work.",O*NET 31.0 Task Statements,31.0,"BLS Employment Projections Occupation.xlsx Table 1.2, 2025-2035",220.9,233.1,14.9,,,,,,,,,unscored_human_template,human-task-exposure-v2.0,true,train,11-9041.00
11-9041.00,Architectural and Engineering Managers,11-9041,11,1070,"Present and explain proposals, reports, or findings to clients.",O*NET 31.0 Task Statements,31.0,"BLS Employment Projections Occupation.xlsx Table 1.2, 2025-2035",220.9,233.1,14.9,,,,,,,,,unscored_human_template,human-task-exposure-v2.0,true,train,11-9041.00
11-9041.00,Architectural and Engineering Managers,11-9041,11,20179,Solicit project support by conferring with officials or providing information to the public.,O*NET 31.0 Task Statements,31.0,"BLS Employment Projections Occupation.xlsx Table 1.2, 2025-2035",220.9,233.1,14.9,,,,,,,,,unscored_human_template,human-task-exposure-v2.0,true,train,11-9041.00
11-9041.01,Biofuels/Biodiesel Technology and Product Development Managers,11-9041,11,15578,"Analyze data from biofuels studies, such as fluid dynamics, water treatments, or solvent extraction and recovery processes.",O*NET 31.0 Task Statements,31.0,"BLS Employment Projections Occupation.xlsx Table 1.2, 2025-2035",220.9,233.1,14.9,,,,,,,,,unscored_human_template,human-task-exposure-v2.0,true,train,11-9041.01
11-9041.01,Biofuels/Biodiesel Technology and Product Development Managers,11-9041,11,15566,Provide technical or scientific guidance to technical staff in the conduct of biofuels research or development.,O*NET 31.0 Task Statements,31.0,"BLS Employment Projections Occupation.xlsx Table 1.2, 2025-2035",220.9,233.1,14.9,,,,,,,,,unscored_human_template,human-task-exposure-v2.0,true,train,11-9041.01
11-9041.01,Biofuels/Biodiesel Technology and Product Development Managers,11-9041,11,15581,"Conduct research to breed or develop energy crops with improved biomass yield, environmental adaptability, pest resistance, production efficiency, bioprocessing characteristics, or reduced environmental impacts.",O*NET 31.0 Task Statements,31.0,"BLS Employment Projections Occupation.xlsx Table 1.2, 2025-2035",220.9,233.1,14.9,,,,,,,,,unscored_human_template,human-task-exposure-v2.0,true,train,11-9041.01
11-9071.00,Gambling Managers,11-9071,11,7196,Track supplies of money to tables and perform any required paperwork.,O*NET 31.0 Task Statements,31.0,"BLS Employment Projections Occupation.xlsx Table 1.2, 2025-2035",5.6,5.8,0.6,,,,,,,,,unscored_human_template,human-task-exposure-v2.0,true,train,11-9071.00
11-9071.00,Gambling Managers,11-9071,11,7194,"Direct the distribution of complimentary hotel rooms, meals, or other discounts or free items given to players, based on their length of play and betting totals.",O*NET 31.0 Task Statements,31.0,"BLS Employment Projections Occupation.xlsx Table 1.2, 2025-2035",5.6,5.8,0.6,,,,,,,,,unscored_human_template,human-task-exposure-v2.0,true,train,11-9071.00
11-9071.00,Gambling Managers,11-9071,11,7199,"Review operational expenses, budget estimates, betting accounts, or collection reports for accuracy.",O*NET 31.0 Task Statements,31.0,"BLS Employment Projections Occupation.xlsx Table 1.2, 2025-2035",5.6,5.8,0.6,,,,,,,,,unscored_human_template,human-task-exposure-v2.0,true,train,11-9071.00
11-9072.00,"Entertainment and Recreation Managers, Except Gambling",11-9072,11,21413,Talk to customers to convey information about events or activities.,O*NET 31.0 Task Statements,31.0,"BLS Employment Projections Occupation.xlsx Table 1.2, 2025-2035",43.9,46.5,5.1,,,,,,,,,unscored_human_template,human-task-exposure-v2.0,true,train,11-9072.00
11-9072.00,"Entertainment and Recreation Managers, Except Gambling",11-9072,11,21408,Plan programs of events or schedules of activities.,O*NET 31.0 Task Statements,31.0,"BLS Employment Projections Occupation.xlsx Table 1.2, 2025-2035",43.9,46.5,5.1,,,,,,,,,unscored_human_template,human-task-exposure-v2.0,true,train,11-9072.00
11-9072.00,"Entertainment and Recreation Managers, Except Gambling",11-9072,11,21405,"Inspect equipment, such as rides, games, and vehicles, to detect wear and damage.",O*NET 31.0 Task Statements,31.0,"BLS Employment Projections Occupation.xlsx Table 1.2, 2025-2035",43.9,46.5,5.1,,,,,,,,,unscored_human_template,human-task-exposure-v2.0,true,train,11-9072.00
11-9081.00,Lodging Managers,11-9081,11,1119,"Purchase supplies, and arrange for outside services, such as deliveries, laundry, maintenance and repair, and trash collection.",O*NET 31.0 Task Statements,31.0,"BLS Employment Projections Occupation.xlsx Table 1.2, 2025-2035",54.8,56.9,5.5,,,,,,,,,unscored_human_template,human-task-exposure-v2.0,true,train,11-9081.00
11-9081.00,Lodging Managers,11-9081,11,1118,Interview and hire applicants.,O*NET 31.0 Task Statements,31.0,"BLS Employment Projections Occupation.xlsx Table 1.2, 2025-2035",54.8,56.9,5.5,,,,,,,,,unscored_human_template,human-task-exposure-v2.0,true,train,11-9081.00
11-9081.00,Lodging Managers,11-9081,11,1126,Book tickets for guests for local tours and attractions.,O*NET 31.0 Task Statements,31.0,"BLS Employment Projections Occupation.xlsx Table 1.2, 2025-2035",54.8,56.9,5.5,,,,,,,,,unscored_human_template,human-task-exposure-v2.0,true,train,11-9081.00
11-9111.00,Medical and Health Services Managers,11-9111,11,52,"Establish work schedules and assignments for staff, according to workload, space, and equipment availability.",O*NET 31.0 Task Statements,31.0,"BLS Employment Projections Occupation.xlsx Table 1.2, 2025-2035",640.4,795.5,62.3,,,,,,,,,unscored_human_template,human-task-exposure-v2.0,true,train,11-9111.00
11-9111.00,Medical and Health Services Managers,11-9111,11,53,"Maintain communication between governing boards, medical staff, and department heads by attending board meetings and coordinating interdepartmental functioning.",O*NET 31.0 Task Statements,31.0,"BLS Employment Projections Occupation.xlsx Table 1.2, 2025-2035",640.4,795.5,62.3,,,,,,,,,unscored_human_template,human-task-exposure-v2.0,true,train,11-9111.00
11-9111.00,Medical and Health Services Managers,11-9111,11,60,"Inspect facilities and recommend building or equipment modifications to ensure emergency readiness and compliance to access, safety, and sanitation regulations.",O*NET 31.0 Task Statements,31.0,"BLS Employment Projections Occupation.xlsx Table 1.2, 2025-2035",640.4,795.5,62.3,,,,,,,,,unscored_human_template,human-task-exposure-v2.0,true,train,11-9111.00
11-9121.01,Clinical Research Coordinators,11-9121,11,15585,"Prepare for or participate in quality assurance audits conducted by study sponsors, federal agencies, or specially designated review groups.",O*NET 31.0 Task Statements,31.0,"BLS Employment Projections Occupation.xlsx Table 1.2, 2025-2035",112.2,121.5,9.2,,,,,,,,,unscored_human_template,human-task-exposure-v2.0,true,train,11-9121.01
11-9121.01,Clinical Research Coordinators,11-9121,11,15593,"Review proposed study protocols to evaluate factors such as sample collection processes, data management plans, or potential subject risks.",O*NET 31.0 Task Statements,31.0,"BLS Employment Projections Occupation.xlsx Table 1.2, 2025-2035",112.2,121.5,9.2,,,,,,,,,unscored_human_template,human-task-exposure-v2.0,true,train,11-9121.01
11-9121.01,Clinical Research Coordinators,11-9121,11,15586,Participate in preparation and management of research budgets and monetary disbursements.,O*NET 31.0 Task Statements,31.0,"BLS Employment Projections Occupation.xlsx Table 1.2, 2025-2035",112.2,121.5,9.2,,,,,,,,,unscored_human_template,human-task-exposure-v2.0,true,train,11-9121.01
11-9141.00,"Property, Real Estate, and Community Association Managers",11-9141,11,7231,"Market vacant space to prospective tenants through leasing agents, advertising, or other methods.",O*NET 31.0 Task Statements,31.0,"BLS Employment Projections Occupation.xlsx Table 1.2, 2025-2035",460.4,477.6,36.9,,,,,,,,,unscored_human_template,human-task-exposure-v2.0,true,train,11-9141.00
11-9141.00,"Property, Real Estate, and Community Association Managers",11-9141,11,7220,"Direct collection of monthly assessments, rental fees, and deposits and payment of insurance premiums, mortgage, taxes, and incurred operating expenses.",O*NET 31.0 Task Statements,31.0,"BLS Employment Projections Occupation.xlsx Table 1.2, 2025-2035",460.4,477.6,36.9,,,,,,,,,unscored_human_template,human-task-exposure-v2.0,true,train,11-9141.00
11-9141.00,"Property, Real Estate, and Community Association Managers",11-9141,11,7243,Contract with architectural firms to draw up detailed plans for new structures.,O*NET 31.0 Task Statements,31.0,"BLS Employment Projections Occupation.xlsx Table 1.2, 2025-2035",460.4,477.6,36.9,,,,,,,,,unscored_human_template,human-task-exposure-v2.0,true,train,11-9141.00
11-9151.00,Social and Community Service Managers,11-9151,11,1139,"Act as consultants to agency staff and other community programs regarding the interpretation of program-related federal, state, and county regulations and policies.",O*NET 31.0 Task Statements,31.0,"BLS Employment Projections Occupation.xlsx Table 1.2, 2025-2035",231,247.7,18.5,,,,,,,,,unscored_human_template,human-task-exposure-v2.0,true,train,11-9151.00
11-9151.00,Social and Community Service Managers,11-9151,11,1134,"Speak to community groups to explain and interpret agency purposes, programs, and policies.",O*NET 31.0 Task Statements,31.0,"BLS Employment Projections Occupation.xlsx Table 1.2, 2025-2035",231,247.7,18.5,,,,,,,,,unscored_human_template,human-task-exposure-v2.0,true,train,11-9151.00
11-9151.00,Social and Community Service Managers,11-9151,11,1138,"Analyze proposed legislation, regulations, or rule changes to determine how agency services could be impacted.",O*NET 31.0 Task Statements,31.0,"BLS Employment Projections Occupation.xlsx Table 1.2, 2025-2035",231,247.7,18.5,,,,,,,,,unscored_human_template,human-task-exposure-v2.0,true,train,11-9151.00
11-9179.02,Spa Managers,11-9179,11,17610,"Perform accounting duties, such as recording daily cash flow, preparing bank deposits, or generating financial statements.",O*NET 31.0 Task Statements,31.0,"BLS Employment Projections Occupation.xlsx Table 1.2, 2025-2035",25.5,27.1,2,,,,,,,,,unscored_human_template,human-task-exposure-v2.0,true,train,11-9179.02
11-9179.02,Spa Managers,11-9179,11,17604,Check spa equipment to ensure proper functioning.,O*NET 31.0 Task Statements,31.0,"BLS Employment Projections Occupation.xlsx Table 1.2, 2025-2035",25.5,27.1,2,,,,,,,,,unscored_human_template,human-task-exposure-v2.0,true,train,11-9179.02
11-9179.02,Spa Managers,11-9179,11,17617,Maintain client databases.,O*NET 31.0 Task Statements,31.0,"BLS Employment Projections Occupation.xlsx Table 1.2, 2025-2035",25.5,27.1,2,,,,,,,,,unscored_human_template,human-task-exposure-v2.0,true,train,11-9179.02
11-9199.01,Regulatory Affairs Managers,11-9199,11,18022,"Direct the preparation and submission of regulatory agency applications, reports, or correspondence.",O*NET 31.0 Task Statements,31.0,"BLS Employment Projections Occupation.xlsx Table 1.2, 2025-2035",1338.8,1404.4,100.9,,,,,,,,,unscored_human_template,human-task-exposure-v2.0,true,train,11-9199.01
11-9199.01,Regulatory Affairs Managers,11-9199,11,18028,Implement or monitor complaint processing systems to ensure effective and timely resolution of all complaint investigations.,O*NET 31.0 Task Statements,31.0,"BLS Employment Projections Occupation.xlsx Table 1.2, 2025-2035",1338.8,1404.4,100.9,,,,,,,,,unscored_human_template,human-task-exposure-v2.0,true,train,11-9199.01
11-9199.01,Regulatory Affairs Managers,11-9199,11,18044,Evaluate new software publishing systems and confer with regulatory agencies concerning news or updates on electronic publishing of submissions.,O*NET 31.0 Task Statements,31.0,"BLS Employment Projections Occupation.xlsx Table 1.2, 2025-2035",1338.8,1404.4,100.9,,,,,,,,,unscored_human_template,human-task-exposure-v2.0,true,train,11-9199.01
11-9199.02,Compliance Managers,11-9199,11,15639,Consult with corporate attorneys as necessary to address difficult legal compliance issues.,O*NET 31.0 Task Statements,31.0,"BLS Employment Projections Occupation.xlsx Table 1.2, 2025-2035",1338.8,1404.4,100.9,,,,,,,,,unscored_human_template,human-task-exposure-v2.0,true,train,11-9199.02
11-9199.02,Compliance Managers,11-9199,11,21089,"Verify that all regulatory policies and procedures have been documented, implemented, and communicated.",O*NET 31.0 Task Statements,31.0,"BLS Employment Projections Occupation.xlsx Table 1.2, 2025-2035",1338.8,1404.4,100.9,,,,,,,,,unscored_human_template,human-task-exposure-v2.0,true,train,11-9199.02
11-9199.02,Compliance Managers,11-9199,11,15636,Verify that software technology is in place to adequately provide oversight and monitoring in all required areas.,O*NET 31.0 Task Statements,31.0,"BLS Employment Projections Occupation.xlsx Table 1.2, 2025-2035",1338.8,1404.4,100.9,,,,,,,,,unscored_human_template,human-task-exposure-v2.0,true,train,11-9199.02
11-9199.08,Loss Prevention Managers,11-9199,11,15800,Coordinate or conduct internal investigations of problems such as employee theft and violations of corporate loss prevention policies.,O*NET 31.0 Task Statements,31.0,"BLS Employment Projections Occupation.xlsx Table 1.2, 2025-2035",1338.8,1404.4,100.9,,,,,,,,,unscored_human_template,human-task-exposure-v2.0,true,train,11-9199.08
11-9199.08,Loss Prevention Managers,11-9199,11,15803,Analyze retail data to identify current or emerging trends in theft or fraud.,O*NET 31.0 Task Statements,31.0,"BLS Employment Projections Occupation.xlsx Table 1.2, 2025-2035",1338.8,1404.4,100.9,,,,,,,,,unscored_human_template,human-task-exposure-v2.0,true,train,11-9199.08
11-9199.08,Loss Prevention Managers,11-9199,11,15785,"Maintain databases such as bad check logs, reports on multiple offenders, and alarm activation lists.",O*NET 31.0 Task Statements,31.0,"BLS Employment Projections Occupation.xlsx Table 1.2, 2025-2035",1338.8,1404.4,100.9,,,,,,,,,unscored_human_template,human-task-exposure-v2.0,true,train,11-9199.08
11-9199.09,Wind Energy Operations Managers,11-9199,11,15811,Manage warranty repair or replacement services.,O*NET 31.0 Task Statements,31.0,"BLS Employment Projections Occupation.xlsx Table 1.2, 2025-2035",1338.8,1404.4,100.9,,,,,,,,,unscored_human_template,human-task-exposure-v2.0,true,train,11-9199.09
11-9199.09,Wind Energy Operations Managers,11-9199,11,15821,Prepare wind field operational budgets.,O*NET 31.0 Task Statements,31.0,"BLS Employment Projections Occupation.xlsx Table 1.2, 2025-2035",1338.8,1404.4,100.9,,,,,,,,,unscored_human_template,human-task-exposure-v2.0,true,train,11-9199.09
11-9199.09,Wind Energy Operations Managers,11-9199,11,15814,"Review, negotiate, or approve wind farm contracts.",O*NET 31.0 Task Statements,31.0,"BLS Employment Projections Occupation.xlsx Table 1.2, 2025-2035",1338.8,1404.4,100.9,,,,,,,,,unscored_human_template,human-task-exposure-v2.0,true,train,11-9199.09
11-9199.10,Wind Energy Development Managers,11-9199,11,15830,"Provide verbal or written project status reports to project teams, management, subcontractors, customers, or owners.",O*NET 31.0 Task Statements,31.0,"BLS Employment Projections Occupation.xlsx Table 1.2, 2025-2035",1338.8,1404.4,100.9,,,,,,,,,unscored_human_template,human-task-exposure-v2.0,true,train,11-9199.10
11-9199.10,Wind Energy Development Managers,11-9199,11,15834,Manage wind project costs to stay within budget limits.,O*NET 31.0 Task Statements,31.0,"BLS Employment Projections Occupation.xlsx Table 1.2, 2025-2035",1338.8,1404.4,100.9,,,,,,,,,unscored_human_template,human-task-exposure-v2.0,true,train,11-9199.10
11-9199.10,Wind Energy Development Managers,11-9199,11,15835,"Develop scope of work for wind project functions, such as design, site assessment, environmental studies, surveying, or field support services.",O*NET 31.0 Task Statements,31.0,"BLS Employment Projections Occupation.xlsx Table 1.2, 2025-2035",1338.8,1404.4,100.9,,,,,,,,,unscored_human_template,human-task-exposure-v2.0,true,train,11-9199.10
11-9199.11,Brownfield Redevelopment Specialists and Site Managers,11-9199,11,15847,Inspect sites to assess environmental damage or monitor cleanup progress.,O*NET 31.0 Task Statements,31.0,"BLS Employment Projections Occupation.xlsx Table 1.2, 2025-2035",1338.8,1404.4,100.9,,,,,,,,,unscored_human_template,human-task-exposure-v2.0,true,train,11-9199.11
11-9199.11,Brownfield Redevelopment Specialists and Site Managers,11-9199,11,15855,Design or conduct environmental restoration studies.,O*NET 31.0 Task Statements,31.0,"BLS Employment Projections Occupation.xlsx Table 1.2, 2025-2035",1338.8,1404.4,100.9,,,,,,,,,unscored_human_template,human-task-exposure-v2.0,true,train,11-9199.11
11-9199.11,Brownfield Redevelopment Specialists and Site Managers,11-9199,11,15851,Develop or implement plans for revegetation of brownfield sites.,O*NET 31.0 Task Statements,31.0,"BLS Employment Projections Occupation.xlsx Table 1.2, 2025-2035",1338.8,1404.4,100.9,,,,,,,,,unscored_human_template,human-task-exposure-v2.0,true,train,11-9199.11
13-1023.00,"Purchasing Agents, Except Wholesale, Retail, and Farm Products",13-1023,13,1153,Study sales records and inventory levels of current stock to develop strategic purchasing programs that facilitate employee access to supplies.,O*NET 31.0 Task Statements,31.0,"BLS Employment Projections Occupation.xlsx Table 1.2, 2025-2035",,,,,,,,,,,,unscored_human_template,human-task-exposure-v2.0,true,train,13-1023.00
13-1023.00,"Purchasing Agents, Except Wholesale, Retail, and Farm Products",13-1023,13,1142,Purchase the highest quality merchandise at the lowest possible price and in correct amounts.,O*NET 31.0 Task Statements,31.0,"BLS Employment Projections Occupation.xlsx Table 1.2, 2025-2035",,,,,,,,,,,,unscored_human_template,human-task-exposure-v2.0,true,train,13-1023.00
13-1023.00,"Purchasing Agents, Except Wholesale, Retail, and Farm Products",13-1023,13,1154,"Interview vendors and visit suppliers' plants and distribution centers to examine and learn about products, services, and prices.",O*NET 31.0 Task Statements,31.0,"BLS Employment Projections Occupation.xlsx Table 1.2, 2025-2035",,,,,,,,,,,,unscored_human_template,human-task-exposure-v2.0,true,train,13-1023.00
13-1031.00,"Claims Adjusters, Examiners, and Investigators",13-1031,13,21431,Collect evidence to support contested claims in court.,O*NET 31.0 Task Statements,31.0,"BLS Employment Projections Occupation.xlsx Table 1.2, 2025-2035",376.1,355.5,20.9,,,,,,,,,unscored_human_template,human-task-exposure-v2.0,true,train,13-1031.00
13-1031.00,"Claims Adjusters, Examiners, and Investigators",13-1031,13,21417,Examine claims forms and other records to determine insurance coverage.,O*NET 31.0 Task Statements,31.0,"BLS Employment Projections Occupation.xlsx Table 1.2, 2025-2035",376.1,355.5,20.9,,,,,,,,,unscored_human_template,human-task-exposure-v2.0,true,train,13-1031.00
13-1031.00,"Claims Adjusters, Examiners, and Investigators",13-1031,13,21442,Obtain credit information from banks and other credit services.,O*NET 31.0 Task Statements,31.0,"BLS Employment Projections Occupation.xlsx Table 1.2, 2025-2035",376.1,355.5,20.9,,,,,,,,,unscored_human_template,human-task-exposure-v2.0,true,train,13-1031.00
13-1041.00,Compliance Officers,13-1041,13,21446,Warn violators of infractions or penalties.,O*NET 31.0 Task Statements,31.0,"BLS Employment Projections Occupation.xlsx Table 1.2, 2025-2035",436.4,453.1,32.7,,,,,,,,,unscored_human_template,human-task-exposure-v2.0,true,train,13-1041.00
13-1041.00,Compliance Officers,13-1041,13,21450,Report law or regulation violations to appropriate boards or agencies.,O*NET 31.0 Task Statements,31.0,"BLS Employment Projections Occupation.xlsx Table 1.2, 2025-2035",436.4,453.1,32.7,,,,,,,,,unscored_human_template,human-task-exposure-v2.0,true,train,13-1041.00
13-1041.00,Compliance Officers,13-1041,13,21455,Visit establishments to verify that valid licenses or permits are displayed and that licensing standards are being upheld.,O*NET 31.0 Task Statements,31.0,"BLS Employment Projections Occupation.xlsx Table 1.2, 2025-2035",436.4,453.1,32.7,,,,,,,,,unscored_human_template,human-task-exposure-v2.0,true,train,13-1041.00
13-1041.06,Coroners,13-1041,13,8930,"Collect wills, burial instructions, and other documentation needed for investigations and for handling of the remains.",O*NET 31.0 Task Statements,31.0,"BLS Employment Projections Occupation.xlsx Table 1.2, 2025-2035",436.4,453.1,32.7,,,,,,,,,unscored_human_template,human-task-exposure-v2.0,true,train,13-1041.06
13-1041.06,Coroners,13-1041,13,8923,Provide information concerning the circumstances of death to relatives of the deceased.,O*NET 31.0 Task Statements,31.0,"BLS Employment Projections Occupation.xlsx Table 1.2, 2025-2035",436.4,453.1,32.7,,,,,,,,,unscored_human_template,human-task-exposure-v2.0,true,train,13-1041.06
13-1041.06,Coroners,13-1041,13,8929,"Record the disposition of minor children, as well as details of arrangements made for their care.",O*NET 31.0 Task Statements,31.0,"BLS Employment Projections Occupation.xlsx Table 1.2, 2025-2035",436.4,453.1,32.7,,,,,,,,,unscored_human_template,human-task-exposure-v2.0,true,train,13-1041.06
13-1041.08,Customs Brokers,13-1041,13,15933,"Stay abreast of changes in import or export laws or regulations by reading current literature, attending meetings or conferences, or conferring with colleagues.",O*NET 31.0 Task Statements,31.0,"BLS Employment Projections Occupation.xlsx Table 1.2, 2025-2035",436.4,453.1,32.7,,,,,,,,,unscored_human_template,human-task-exposure-v2.0,true,train,13-1041.08
13-1041.08,Customs Brokers,13-1041,13,15946,Clear goods through customs and to their destinations for clients.,O*NET 31.0 Task Statements,31.0,"BLS Employment Projections Occupation.xlsx Table 1.2, 2025-2035",436.4,453.1,32.7,,,,,,,,,unscored_human_template,human-task-exposure-v2.0,true,train,13-1041.08
13-1041.08,Customs Brokers,13-1041,13,15938,Maintain relationships with customs brokers in other ports to expedite clearing of cargo.,O*NET 31.0 Task Statements,31.0,"BLS Employment Projections Occupation.xlsx Table 1.2, 2025-2035",436.4,453.1,32.7,,,,,,,,,unscored_human_template,human-task-exposure-v2.0,true,train,13-1041.08
13-1051.00,Cost Estimators,13-1051,13,85,Prepare estimates for use in selecting vendors or subcontractors.,O*NET 31.0 Task Statements,31.0,"BLS Employment Projections Occupation.xlsx Table 1.2, 2025-2035",226.4,219.5,17.6,,,,,,,,,unscored_human_template,human-task-exposure-v2.0,true,train,13-1051.00
13-1051.00,Cost Estimators,13-1051,13,86,Review material and labor requirements to decide whether it is more cost-effective to produce or purchase components.,O*NET 31.0 Task Statements,31.0,"BLS Employment Projections Occupation.xlsx Table 1.2, 2025-2035",226.4,219.5,17.6,,,,,,,,,unscored_human_template,human-task-exposure-v2.0,true,train,13-1051.00
13-1051.00,Cost Estimators,13-1051,13,88,"Prepare and maintain a directory of suppliers, contractors and subcontractors.",O*NET 31.0 Task Statements,31.0,"BLS Employment Projections Occupation.xlsx Table 1.2, 2025-2035",226.4,219.5,17.6,,,,,,,,,unscored_human_template,human-task-exposure-v2.0,true,train,13-1051.00
13-1071.00,Human Resources Specialists,13-1071,13,18860,"Inform job applicants of details such as duties and responsibilities, compensation, benefits, schedules, working conditions, or promotion opportunities.",O*NET 31.0 Task Statements,31.0,"BLS Employment Projections Occupation.xlsx Table 1.2, 2025-2035",939.7,999.7,73.7,,,,,,,,,unscored_human_template,human-task-exposure-v2.0,true,train,13-1071.00
13-1071.00,Human Resources Specialists,13-1071,13,18867,"Provide management with information or training related to interviewing, performance appraisals, counseling techniques, or documentation of performance issues.",O*NET 31.0 Task Statements,31.0,"BLS Employment Projections Occupation.xlsx Table 1.2, 2025-2035",939.7,999.7,73.7,,,,,,,,,unscored_human_template,human-task-exposure-v2.0,true,train,13-1071.00
13-1071.00,Human Resources Specialists,13-1071,13,18855,Conduct reference or background checks on job applicants.,O*NET 31.0 Task Statements,31.0,"BLS Employment Projections Occupation.xlsx Table 1.2, 2025-2035",939.7,999.7,73.7,,,,,,,,,unscored_human_template,human-task-exposure-v2.0,true,train,13-1071.00
13-1081.00,Logisticians,13-1081,13,8945,"Provide project management services, including the provision and analysis of technical data.",O*NET 31.0 Task Statements,31.0,"BLS Employment Projections Occupation.xlsx Table 1.2, 2025-2035",255.1,300,26.6,,,,,,,,,unscored_human_template,human-task-exposure-v2.0,true,train,13-1081.00
13-1081.00,Logisticians,13-1081,13,8936,Protect and control proprietary materials.,O*NET 31.0 Task Statements,31.0,"BLS Employment Projections Occupation.xlsx Table 1.2, 2025-2035",255.1,300,26.6,,,,,,,,,unscored_human_template,human-task-exposure-v2.0,true,train,13-1081.00
13-1081.00,Logisticians,13-1081,13,8939,"Direct team activities, establishing task priorities, scheduling and tracking work assignments, providing guidance, and ensuring the availability of resources.",O*NET 31.0 Task Statements,31.0,"BLS Employment Projections Occupation.xlsx Table 1.2, 2025-2035",255.1,300,26.6,,,,,,,,,unscored_human_template,human-task-exposure-v2.0,true,train,13-1081.00
13-1081.01,Logistics Engineers,13-1081,13,15870,Identify or develop business rules or standard operating procedures to streamline operating processes.,O*NET 31.0 Task Statements,31.0,"BLS Employment Projections Occupation.xlsx Table 1.2, 2025-2035",255.1,300,26.6,,,,,,,,,unscored_human_template,human-task-exposure-v2.0,true,train,13-1081.01
13-1081.01,Logistics Engineers,13-1081,13,20005,Determine requirements for compliance with environmental certification standards.,O*NET 31.0 Task Statements,31.0,"BLS Employment Projections Occupation.xlsx Table 1.2, 2025-2035",255.1,300,26.6,,,,,,,,,unscored_human_template,human-task-exposure-v2.0,true,train,13-1081.01
13-1081.01,Logistics Engineers,13-1081,13,20008,"Assess the environmental impact or energy efficiency of logistics activities, using carbon mitigation software.",O*NET 31.0 Task Statements,31.0,"BLS Employment Projections Occupation.xlsx Table 1.2, 2025-2035",255.1,300,26.6,,,,,,,,,unscored_human_template,human-task-exposure-v2.0,true,train,13-1081.01
13-1081.02,Logistics Analysts,13-1081,13,15888,Contact carriers for rates or schedules.,O*NET 31.0 Task Statements,31.0,"BLS Employment Projections Occupation.xlsx Table 1.2, 2025-2035",255.1,300,26.6,,,,,,,,,unscored_human_template,human-task-exposure-v2.0,true,train,13-1081.02
13-1081.02,Logistics Analysts,13-1081,13,15905,"Analyze logistics data, using methods such as data mining, data modeling, or cost or benefit analysis.",O*NET 31.0 Task Statements,31.0,"BLS Employment Projections Occupation.xlsx Table 1.2, 2025-2035",255.1,300,26.6,,,,,,,,,unscored_human_template,human-task-exposure-v2.0,true,train,13-1081.02
13-1081.02,Logistics Analysts,13-1081,13,20011,"Route or reroute drivers in real time with remote route navigation software, satellite linkup systems, or global positioning systems (GPS) to improve operational efficiencies.",O*NET 31.0 Task Statements,31.0,"BLS Employment Projections Occupation.xlsx Table 1.2, 2025-2035",255.1,300,26.6,,,,,,,,,unscored_human_template,human-task-exposure-v2.0,true,train,13-1081.02
13-1111.00,Management Analysts,13-1111,13,7281,"Interview personnel and conduct on-site observation to ascertain unit functions, work performed, and methods, equipment, and personnel used.",O*NET 31.0 Task Statements,31.0,"BLS Employment Projections Occupation.xlsx Table 1.2, 2025-2035",1077.1,1186.3,94.1,,,,,,,,,unscored_human_template,human-task-exposure-v2.0,true,train,13-1111.00
13-1111.00,Management Analysts,13-1111,13,7277,Analyze data gathered and develop solutions or alternative methods of proceeding.,O*NET 31.0 Task Statements,31.0,"BLS Employment Projections Occupation.xlsx Table 1.2, 2025-2035",1077.1,1186.3,94.1,,,,,,,,,unscored_human_template,human-task-exposure-v2.0,true,train,13-1111.00
13-1111.00,Management Analysts,13-1111,13,7286,Recommend purchase of storage equipment and design area layout to locate equipment in space available.,O*NET 31.0 Task Statements,31.0,"BLS Employment Projections Occupation.xlsx Table 1.2, 2025-2035",1077.1,1186.3,94.1,,,,,,,,,unscored_human_template,human-task-exposure-v2.0,true,train,13-1111.00
13-1121.00,"Meeting, Convention, and Event Planners",13-1121,13,1214,"Coordinate services for events, such as accommodation and transportation for participants, facilities, catering, signage, displays, special needs requirements, printing and event security.",O*NET 31.0 Task Statements,31.0,"BLS Employment Projections Occupation.xlsx Table 1.2, 2025-2035",172.1,182.1,16.8,,,,,,,,,unscored_human_template,human-task-exposure-v2.0,true,train,13-1121.00
13-1121.00,"Meeting, Convention, and Event Planners",13-1121,13,1219,"Negotiate contracts with such service providers and suppliers as hotels, convention centers, and speakers.",O*NET 31.0 Task Statements,31.0,"BLS Employment Projections Occupation.xlsx Table 1.2, 2025-2035",172.1,182.1,16.8,,,,,,,,,unscored_human_template,human-task-exposure-v2.0,true,train,13-1121.00
13-1121.00,"Meeting, Convention, and Event Planners",13-1121,13,1224,Organize registration of event participants.,O*NET 31.0 Task Statements,31.0,"BLS Employment Projections Occupation.xlsx Table 1.2, 2025-2035",172.1,182.1,16.8,,,,,,,,,unscored_human_template,human-task-exposure-v2.0,true,train,13-1121.00
13-1141.00,"Compensation, Benefits, and Job Analysis Specialists",13-1141,13,3369,Plan and develop curricula and materials for training programs and conduct training.,O*NET 31.0 Task Statements,31.0,"BLS Employment Projections Occupation.xlsx Table 1.2, 2025-2035",118.1,125.2,9,,,,,,,,,unscored_human_template,human-task-exposure-v2.0,true,train,13-1141.00
13-1141.00,"Compensation, Benefits, and Job Analysis Specialists",13-1141,13,3357,Assist in preparing and maintaining personnel records and handbooks.,O*NET 31.0 Task Statements,31.0,"BLS Employment Projections Occupation.xlsx Table 1.2, 2025-2035",118.1,125.2,9,,,,,,,,,unscored_human_template,human-task-exposure-v2.0,true,train,13-1141.00
13-1141.00,"Compensation, Benefits, and Job Analysis Specialists",13-1141,13,3362,Perform multifactor data and cost analyses that may be used in areas such as support of collective bargaining agreements.,O*NET 31.0 Task Statements,31.0,"BLS Employment Projections Occupation.xlsx Table 1.2, 2025-2035",118.1,125.2,9,,,,,,,,,unscored_human_template,human-task-exposure-v2.0,true,train,13-1141.00
13-1151.00,Training and Development Specialists,13-1151,13,20477,"Supervise, evaluate, or refer instructors to skill development classes.",O*NET 31.0 Task Statements,31.0,"BLS Employment Projections Occupation.xlsx Table 1.2, 2025-2035",472.5,523.7,46,,,,,,,,,unscored_human_template,human-task-exposure-v2.0,true,train,13-1151.00
13-1151.00,Training and Development Specialists,13-1151,13,20475,"Obtain, organize, or develop training procedure manuals, guides, or course materials, such as handouts or visual materials.",O*NET 31.0 Task Statements,31.0,"BLS Employment Projections Occupation.xlsx Table 1.2, 2025-2035",472.5,523.7,46,,,,,,,,,unscored_human_template,human-task-exposure-v2.0,true,train,13-1151.00
13-1151.00,Training and Development Specialists,13-1151,13,111,"Refer trainees to employer relations representatives, to locations offering job placement assistance, or to appropriate social services agencies, if warranted.",O*NET 31.0 Task Statements,31.0,"BLS Employment Projections Occupation.xlsx Table 1.2, 2025-2035",472.5,523.7,46,,,,,,,,,unscored_human_template,human-task-exposure-v2.0,true,train,13-1151.00
13-1161.01,Search Marketing Strategists,13-1161,13,16186,"Conduct market research analysis to identify search query trends, real-time search and news media activity, popular social media topics, electronic commerce trends, market opportunities, or competitor performance.",O*NET 31.0 Task Statements,31.0,"BLS Employment Projections Occupation.xlsx Table 1.2, 2025-2035",952.7,1019,82,,,,,,,,,unscored_human_template,human-task-exposure-v2.0,true,train,13-1161.01
13-1161.01,Search Marketing Strategists,13-1161,13,20321,Create content strategies for digital media.,O*NET 31.0 Task Statements,31.0,"BLS Employment Projections Occupation.xlsx Table 1.2, 2025-2035",952.7,1019,82,,,,,,,,,unscored_human_template,human-task-exposure-v2.0,true,train,13-1161.01
13-1161.01,Search Marketing Strategists,13-1161,13,16184,"Develop transactional Web applications, using Web programming software and knowledge of programming languages, such as hypertext markup language (HTML) and extensible markup language (XML).",O*NET 31.0 Task Statements,31.0,"BLS Employment Projections Occupation.xlsx Table 1.2, 2025-2035",952.7,1019,82,,,,,,,,,unscored_human_template,human-task-exposure-v2.0,true,train,13-1161.01
13-1199.04,Business Continuity Planners,13-1199,13,15949,Interpret government regulations and applicable codes to ensure compliance.,O*NET 31.0 Task Statements,31.0,"BLS Employment Projections Occupation.xlsx Table 1.2, 2025-2035",1157.6,1202.3,98.7,,,,,,,,,unscored_human_template,human-task-exposure-v2.0,true,train,13-1199.04
13-1199.04,Business Continuity Planners,13-1199,13,15953,Create business continuity and disaster recovery budgets.,O*NET 31.0 Task Statements,31.0,"BLS Employment Projections Occupation.xlsx Table 1.2, 2025-2035",1157.6,1202.3,98.7,,,,,,,,,unscored_human_template,human-task-exposure-v2.0,true,train,13-1199.04
13-1199.04,Business Continuity Planners,13-1199,13,15966,"Conduct or oversee collection of corporate intelligence to avoid fraud, financial crime, cyber attack, terrorism, and infrastructure failure.",O*NET 31.0 Task Statements,31.0,"BLS Employment Projections Occupation.xlsx Table 1.2, 2025-2035",1157.6,1202.3,98.7,,,,,,,,,unscored_human_template,human-task-exposure-v2.0,true,train,13-1199.04
13-1199.06,Online Merchants,13-1199,13,15710,"Create, manage, or automate orders or invoices, using order management or invoicing software.",O*NET 31.0 Task Statements,31.0,"BLS Employment Projections Occupation.xlsx Table 1.2, 2025-2035",1157.6,1202.3,98.7,,,,,,,,,unscored_human_template,human-task-exposure-v2.0,true,train,13-1199.06
13-1199.06,Online Merchants,13-1199,13,15728,"Correspond with online customers via electronic mail, telephone, or other electronic messaging to address questions or complaints about products, policies, or shipping methods.",O*NET 31.0 Task Statements,31.0,"BLS Employment Projections Occupation.xlsx Table 1.2, 2025-2035",1157.6,1202.3,98.7,,,,,,,,,unscored_human_template,human-task-exposure-v2.0,true,train,13-1199.06
13-1199.06,Online Merchants,13-1199,13,15706,Integrate online retailing strategy with physical or catalogue retailing operations.,O*NET 31.0 Task Statements,31.0,"BLS Employment Projections Occupation.xlsx Table 1.2, 2025-2035",1157.6,1202.3,98.7,,,,,,,,,unscored_human_template,human-task-exposure-v2.0,true,train,13-1199.06
13-1199.07,Security Management Specialists,13-1199,13,21483,Budget and schedule security design work.,O*NET 31.0 Task Statements,31.0,"BLS Employment Projections Occupation.xlsx Table 1.2, 2025-2035",1157.6,1202.3,98.7,,,,,,,,,unscored_human_template,human-task-exposure-v2.0,true,train,13-1199.07
13-1199.07,Security Management Specialists,13-1199,13,21502,"Review design drawings or technical documents for completeness, correctness, or appropriateness.",O*NET 31.0 Task Statements,31.0,"BLS Employment Projections Occupation.xlsx Table 1.2, 2025-2035",1157.6,1202.3,98.7,,,,,,,,,unscored_human_template,human-task-exposure-v2.0,true,train,13-1199.07
13-1199.07,Security Management Specialists,13-1199,13,21489,"Engineer, install, maintain, or repair security systems, programmable logic controls, or other security-related electronic systems.",O*NET 31.0 Task Statements,31.0,"BLS Employment Projections Occupation.xlsx Table 1.2, 2025-2035",1157.6,1202.3,98.7,,,,,,,,,unscored_human_template,human-task-exposure-v2.0,true,train,13-1199.07
13-2011.00,Accountants and Auditors,13-2011,13,21518,Examine inventory to verify journal and ledger entries.,O*NET 31.0 Task Statements,31.0,"BLS Employment Projections Occupation.xlsx Table 1.2, 2025-2035",1595.2,1674.6,115.3,,,,,,,,,unscored_human_template,human-task-exposure-v2.0,true,train,13-2011.00
13-2011.00,Accountants and Auditors,13-2011,13,21507,"Collect and analyze data to detect deficient controls, duplicated effort, extravagance, fraud, or non-compliance with laws, regulations, and management policies.",O*NET 31.0 Task Statements,31.0,"BLS Employment Projections Occupation.xlsx Table 1.2, 2025-2035",1595.2,1674.6,115.3,,,,,,,,,unscored_human_template,human-task-exposure-v2.0,true,train,13-2011.00
13-2011.00,Accountants and Auditors,13-2011,13,21534,"Review data about material assets, net worth, liabilities, capital stock, surplus, income, or expenditures.",O*NET 31.0 Task Statements,31.0,"BLS Employment Projections Occupation.xlsx Table 1.2, 2025-2035",1595.2,1674.6,115.3,,,,,,,,,unscored_human_template,human-task-exposure-v2.0,true,train,13-2011.00
13-2051.00,Financial and Investment Analysts,13-2051,13,21587,Determine the prices at which securities should be syndicated and offered to the public.,O*NET 31.0 Task Statements,31.0,"BLS Employment Projections Occupation.xlsx Table 1.2, 2025-2035",377.2,404.3,24.7,,,,,,,,,unscored_human_template,human-task-exposure-v2.0,true,train,13-2051.00
13-2051.00,Financial and Investment Analysts,13-2051,13,21598,Prepare all materials for transactions or execution of deals.,O*NET 31.0 Task Statements,31.0,"BLS Employment Projections Occupation.xlsx Table 1.2, 2025-2035",377.2,404.3,24.7,,,,,,,,,unscored_human_template,human-task-exposure-v2.0,true,train,13-2051.00
13-2051.00,Financial and Investment Analysts,13-2051,13,21594,"Interpret data on price, yield, stability, future investment-risk trends, economic influences, and other factors affecting investment programs.",O*NET 31.0 Task Statements,31.0,"BLS Employment Projections Occupation.xlsx Table 1.2, 2025-2035",377.2,404.3,24.7,,,,,,,,,unscored_human_template,human-task-exposure-v2.0,true,train,13-2051.00
13-2052.00,Personal Financial Advisors,13-2052,13,20185,Recruit and maintain client bases.,O*NET 31.0 Task Statements,31.0,"BLS Employment Projections Occupation.xlsx Table 1.2, 2025-2035",299.4,303.5,17.1,,,,,,,,,unscored_human_template,human-task-exposure-v2.0,true,train,13-2052.00
13-2052.00,Personal Financial Advisors,13-2052,13,12905,Answer clients' questions about the purposes and details of financial plans and strategies.,O*NET 31.0 Task Statements,31.0,"BLS Employment Projections Occupation.xlsx Table 1.2, 2025-2035",299.4,303.5,17.1,,,,,,,,,unscored_human_template,human-task-exposure-v2.0,true,train,13-2052.00
13-2052.00,Personal Financial Advisors,13-2052,13,19570,"Inform clients about tax benefits, government rebates, or other financial benefits of alternative-fuel vehicle purchases or energy-efficient home construction, improvements, or remodeling.",O*NET 31.0 Task Statements,31.0,"BLS Employment Projections Occupation.xlsx Table 1.2, 2025-2035",299.4,303.5,17.1,,,,,,,,,unscored_human_template,human-task-exposure-v2.0,true,train,13-2052.00
13-2054.00,Financial Risk Specialists,13-2054,13,21615,Devise systems or processes to monitor validity of risk assessments.,O*NET 31.0 Task Statements,31.0,"BLS Employment Projections Occupation.xlsx Table 1.2, 2025-2035",66,70.8,4.8,,,,,,,,,unscored_human_template,human-task-exposure-v2.0,true,train,13-2054.00
13-2054.00,Financial Risk Specialists,13-2054,13,21630,Provide statistical modeling advice to other departments.,O*NET 31.0 Task Statements,31.0,"BLS Employment Projections Occupation.xlsx Table 1.2, 2025-2035",66,70.8,4.8,,,,,,,,,unscored_human_template,human-task-exposure-v2.0,true,train,13-2054.00
13-2054.00,Financial Risk Specialists,13-2054,13,21616,"Document, and ensure communication of, key risks.",O*NET 31.0 Task Statements,31.0,"BLS Employment Projections Occupation.xlsx Table 1.2, 2025-2035",66,70.8,4.8,,,,,,,,,unscored_human_template,human-task-exposure-v2.0,true,train,13-2054.00
13-2061.00,Financial Examiners,13-2061,13,7327,"Resolve problems concerning the overall financial integrity of banking institutions including loan investment portfolios, capital, earnings, and specific or large troubled accounts.",O*NET 31.0 Task Statements,31.0,"BLS Employment Projections Occupation.xlsx Table 1.2, 2025-2035",70,76.5,4.5,,,,,,,,,unscored_human_template,human-task-exposure-v2.0,true,train,13-2061.00
13-2061.00,Financial Examiners,13-2061,13,7322,Train other examiners in the financial examination process.,O*NET 31.0 Task Statements,31.0,"BLS Employment Projections Occupation.xlsx Table 1.2, 2025-2035",70,76.5,4.5,,,,,,,,,unscored_human_template,human-task-exposure-v2.0,true,train,13-2061.00
13-2061.00,Financial Examiners,13-2061,13,7329,"Confer with officials of real estate, securities, or financial institution industries to exchange views and discuss issues or pending cases.",O*NET 31.0 Task Statements,31.0,"BLS Employment Projections Occupation.xlsx Table 1.2, 2025-2035",70,76.5,4.5,,,,,,,,,unscored_human_template,human-task-exposure-v2.0,true,train,13-2061.00
13-2071.00,Credit Counselors,13-2071,13,18940,"Maintain or update records of client account activity, including financial transactions, counseling session notes, correspondence, document images, or client inquiries.",O*NET 31.0 Task Statements,31.0,"BLS Employment Projections Occupation.xlsx Table 1.2, 2025-2035",31.2,32.3,2,,,,,,,,,unscored_human_template,human-task-exposure-v2.0,true,train,13-2071.00
13-2071.00,Credit Counselors,13-2071,13,18944,"Recommend educational materials or resources to clients on matters, such as financial planning, budgeting, or credit.",O*NET 31.0 Task Statements,31.0,"BLS Employment Projections Occupation.xlsx Table 1.2, 2025-2035",31.2,32.3,2,,,,,,,,,unscored_human_template,human-task-exposure-v2.0,true,train,13-2071.00
13-2071.00,Credit Counselors,13-2071,13,18951,Disburse funds from client accounts to creditors.,O*NET 31.0 Task Statements,31.0,"BLS Employment Projections Occupation.xlsx Table 1.2, 2025-2035",31.2,32.3,2,,,,,,,,,unscored_human_template,human-task-exposure-v2.0,true,train,13-2071.00
13-2082.00,Tax Preparers,13-2082,13,21165,Schedule appointments with clients.,O*NET 31.0 Task Statements,31.0,"BLS Employment Projections Occupation.xlsx Table 1.2, 2025-2035",95.8,100.3,9.4,,,,,,,,,unscored_human_template,human-task-exposure-v2.0,true,train,13-2082.00
13-2082.00,Tax Preparers,13-2082,13,7360,"Use all appropriate adjustments, deductions, and credits to keep clients' taxes to a minimum.",O*NET 31.0 Task Statements,31.0,"BLS Employment Projections Occupation.xlsx Table 1.2, 2025-2035",95.8,100.3,9.4,,,,,,,,,unscored_human_template,human-task-exposure-v2.0,true,train,13-2082.00
13-2082.00,Tax Preparers,13-2082,13,20364,Explain federal and state tax laws to individuals and companies.,O*NET 31.0 Task Statements,31.0,"BLS Employment Projections Occupation.xlsx Table 1.2, 2025-2035",95.8,100.3,9.4,,,,,,,,,unscored_human_template,human-task-exposure-v2.0,true,train,13-2082.00
13-2099.01,Financial Quantitative Analysts,13-2099,13,15987,Maintain or modify all financial analytic models in use.,O*NET 31.0 Task Statements,31.0,"BLS Employment Projections Occupation.xlsx Table 1.2, 2025-2035",137.8,143.4,9.4,,,,,,,,,unscored_human_template,human-task-exposure-v2.0,true,train,13-2099.01
13-2099.01,Financial Quantitative Analysts,13-2099,13,15992,Consult traders or other financial industry personnel to determine the need for new or improved analytical applications.,O*NET 31.0 Task Statements,31.0,"BLS Employment Projections Occupation.xlsx Table 1.2, 2025-2035",137.8,143.4,9.4,,,,,,,,,unscored_human_template,human-task-exposure-v2.0,true,train,13-2099.01
13-2099.01,Financial Quantitative Analysts,13-2099,13,19574,"Develop methods of assessing or measuring corporate performance in terms of environmental, social, and governance (ESG) issues.",O*NET 31.0 Task Statements,31.0,"BLS Employment Projections Occupation.xlsx Table 1.2, 2025-2035",137.8,143.4,9.4,,,,,,,,,unscored_human_template,human-task-exposure-v2.0,true,train,13-2099.01
13-2099.04,"Fraud Examiners, Investigators and Analysts",13-2099,13,16056,"Conduct in-depth investigations of suspicious financial activity, such as suspected money-laundering efforts.",O*NET 31.0 Task Statements,31.0,"BLS Employment Projections Occupation.xlsx Table 1.2, 2025-2035",137.8,143.4,9.4,,,,,,,,,unscored_human_template,human-task-exposure-v2.0,true,train,13-2099.04
13-2099.04,"Fraud Examiners, Investigators and Analysts",13-2099,13,16043,Testify in court regarding investigation findings.,O*NET 31.0 Task Statements,31.0,"BLS Employment Projections Occupation.xlsx Table 1.2, 2025-2035",137.8,143.4,9.4,,,,,,,,,unscored_human_template,human-task-exposure-v2.0,true,train,13-2099.04
13-2099.04,"Fraud Examiners, Investigators and Analysts",13-2099,13,16042,Arrest individuals to be charged with fraud.,O*NET 31.0 Task Statements,31.0,"BLS Employment Projections Occupation.xlsx Table 1.2, 2025-2035",137.8,143.4,9.4,,,,,,,,,unscored_human_template,human-task-exposure-v2.0,true,train,13-2099.04
15-1212.00,Information Security Analysts,15-1212,15,5318,Coordinate implementation of computer system plan with establishment personnel and outside vendors.,O*NET 31.0 Task Statements,31.0,"BLS Employment Projections Occupation.xlsx Table 1.2, 2025-2035",192.9,233.4,14.1,,,,,,,,,unscored_human_template,human-task-exposure-v2.0,true,train,15-1212.00
15-1212.00,Information Security Analysts,15-1212,15,5317,"Modify computer security files to incorporate new software, correct errors, or change individual access status.",O*NET 31.0 Task Statements,31.0,"BLS Employment Projections Occupation.xlsx Table 1.2, 2025-2035",192.9,233.4,14.1,,,,,,,,,unscored_human_template,human-task-exposure-v2.0,true,train,15-1212.00
15-1212.00,Information Security Analysts,15-1212,15,5315,"Confer with users to discuss issues such as computer data access needs, security violations, and programming changes.",O*NET 31.0 Task Statements,31.0,"BLS Employment Projections Occupation.xlsx Table 1.2, 2025-2035",192.9,233.4,14.1,,,,,,,,,unscored_human_template,human-task-exposure-v2.0,true,train,15-1212.00
15-1221.00,Computer and Information Research Scientists,15-1221,15,14630,"Develop and interpret organizational goals, policies, and procedures.",O*NET 31.0 Task Statements,31.0,"BLS Employment Projections Occupation.xlsx Table 1.2, 2025-2035",38.6,47,2.9,,,,,,,,,unscored_human_template,human-task-exposure-v2.0,true,train,15-1221.00
15-1221.00,Computer and Information Research Scientists,15-1221,15,14623,Analyze problems to develop solutions involving computer hardware and software.,O*NET 31.0 Task Statements,31.0,"BLS Employment Projections Occupation.xlsx Table 1.2, 2025-2035",38.6,47,2.9,,,,,,,,,unscored_human_template,human-task-exposure-v2.0,true,train,15-1221.00
15-1221.00,Computer and Information Research Scientists,15-1221,15,14631,Participate in staffing decisions and direct training of subordinates.,O*NET 31.0 Task Statements,31.0,"BLS Employment Projections Occupation.xlsx Table 1.2, 2025-2035",38.6,47,2.9,,,,,,,,,unscored_human_template,human-task-exposure-v2.0,true,train,15-1221.00
15-1231.00,Computer Network Support Specialists,15-1231,15,18990,"Configure and define parameters for installation or testing of local area network (LAN), wide area network (WAN), hubs, routers, switches, controllers, multiplexers, or related networking equipment.",O*NET 31.0 Task Statements,31.0,"BLS Employment Projections Occupation.xlsx Table 1.2, 2025-2035",152.5,154.4,9,,,,,,,,,unscored_human_template,human-task-exposure-v2.0,true,train,15-1231.00
15-1231.00,Computer Network Support Specialists,15-1231,15,19012,Run monthly network reports.,O*NET 31.0 Task Statements,31.0,"BLS Employment Projections Occupation.xlsx Table 1.2, 2025-2035",152.5,154.4,9,,,,,,,,,unscored_human_template,human-task-exposure-v2.0,true,train,15-1231.00
15-1231.00,Computer Network Support Specialists,15-1231,15,19002,Troubleshoot network or connectivity problems for users or user groups.,O*NET 31.0 Task Statements,31.0,"BLS Employment Projections Occupation.xlsx Table 1.2, 2025-2035",152.5,154.4,9,,,,,,,,,unscored_human_template,human-task-exposure-v2.0,true,train,15-1231.00
15-1241.00,Computer Network Architects,15-1241,15,18984,Research and test new or modified hardware or software products to determine performance and interoperability.,O*NET 31.0 Task Statements,31.0,"BLS Employment Projections Occupation.xlsx Table 1.2, 2025-2035",181.8,195.8,9.6,,,,,,,,,unscored_human_template,human-task-exposure-v2.0,true,train,15-1241.00
15-1241.00,Computer Network Architects,15-1241,15,18972,Develop plans or budgets for network equipment replacement.,O*NET 31.0 Task Statements,31.0,"BLS Employment Projections Occupation.xlsx Table 1.2, 2025-2035",181.8,195.8,9.6,,,,,,,,,unscored_human_template,human-task-exposure-v2.0,true,train,15-1241.00
15-1241.00,Computer Network Architects,15-1241,15,18978,"Maintain or coordinate the maintenance of network peripherals, such as printers.",O*NET 31.0 Task Statements,31.0,"BLS Employment Projections Occupation.xlsx Table 1.2, 2025-2035",181.8,195.8,9.6,,,,,,,,,unscored_human_template,human-task-exposure-v2.0,true,train,15-1241.00
15-1242.00,Database Administrators,15-1242,15,1298,Develop standards and guidelines for the use and acquisition of software and to protect vulnerable information.,O*NET 31.0 Task Statements,31.0,"BLS Employment Projections Occupation.xlsx Table 1.2, 2025-2035",75,74.9,3.3,,,,,,,,,unscored_human_template,human-task-exposure-v2.0,true,train,15-1242.00
15-1242.00,Database Administrators,15-1242,15,1306,"Develop data models describing data elements and how they are used, following procedures and using pen, template, or computer software.",O*NET 31.0 Task Statements,31.0,"BLS Employment Projections Occupation.xlsx Table 1.2, 2025-2035",75,74.9,3.3,,,,,,,,,unscored_human_template,human-task-exposure-v2.0,true,train,15-1242.00
15-1242.00,Database Administrators,15-1242,15,1314,"Review workflow charts developed by programmer analyst to understand tasks computer will perform, such as updating records.",O*NET 31.0 Task Statements,31.0,"BLS Employment Projections Occupation.xlsx Table 1.2, 2025-2035",75,74.9,3.3,,,,,,,,,unscored_human_template,human-task-exposure-v2.0,true,train,15-1242.00
15-1243.00,Database Architects,15-1243,15,16106,"Develop or maintain archived procedures, procedural codes, or queries for applications.",O*NET 31.0 Task Statements,31.0,"BLS Employment Projections Occupation.xlsx Table 1.2, 2025-2035",69.5,76,3.9,,,,,,,,,unscored_human_template,human-task-exposure-v2.0,true,train,15-1243.00
15-1243.00,Database Architects,15-1243,15,21656,Review project requests describing database user needs to estimate time and cost required to accomplish project.,O*NET 31.0 Task Statements,31.0,"BLS Employment Projections Occupation.xlsx Table 1.2, 2025-2035",69.5,76,3.9,,,,,,,,,unscored_human_template,human-task-exposure-v2.0,true,train,15-1243.00
15-1243.00,Database Architects,15-1243,15,21658,Train users and answer questions.,O*NET 31.0 Task Statements,31.0,"BLS Employment Projections Occupation.xlsx Table 1.2, 2025-2035",69.5,76,3.9,,,,,,,,,unscored_human_template,human-task-exposure-v2.0,true,train,15-1243.00
15-1251.00,Computer Programmers,15-1251,15,1273,"Write, analyze, review, and rewrite programs, using workflow chart and diagram, and applying knowledge of computer capabilities, subject matter, and symbolic logic.",O*NET 31.0 Task Statements,31.0,"BLS Employment Projections Occupation.xlsx Table 1.2, 2025-2035",110.8,102.7,4.4,,,,,,,,,unscored_human_template,human-task-exposure-v2.0,true,train,15-1251.00
15-1251.00,Computer Programmers,15-1251,15,1267,Correct errors by making appropriate changes and rechecking the program to ensure that the desired results are produced.,O*NET 31.0 Task Statements,31.0,"BLS Employment Projections Occupation.xlsx Table 1.2, 2025-2035",110.8,102.7,4.4,,,,,,,,,unscored_human_template,human-task-exposure-v2.0,true,train,15-1251.00
15-1251.00,Computer Programmers,15-1251,15,1280,Collaborate with computer manufacturers and other users to develop new programming methods.,O*NET 31.0 Task Statements,31.0,"BLS Employment Projections Occupation.xlsx Table 1.2, 2025-2035",110.8,102.7,4.4,,,,,,,,,unscored_human_template,human-task-exposure-v2.0,true,train,15-1251.00
15-1252.00,Software Developers,15-1252,15,21665,"Consult with customers or other departments on project status, proposals, or technical issues, such as software system design or maintenance.",O*NET 31.0 Task Statements,31.0,"BLS Employment Projections Occupation.xlsx Table 1.2, 2025-2035",1717.8,1892.6,95.3,,,,,,,,,unscored_human_template,human-task-exposure-v2.0,true,train,15-1252.00
15-1252.00,Software Developers,15-1252,15,21676,"Store, retrieve, and manipulate data for analysis of system capabilities and requirements.",O*NET 31.0 Task Statements,31.0,"BLS Employment Projections Occupation.xlsx Table 1.2, 2025-2035",1717.8,1892.6,95.3,,,,,,,,,unscored_human_template,human-task-exposure-v2.0,true,train,15-1252.00
15-1252.00,Software Developers,15-1252,15,21678,"Supervise the work of programmers, technologists and technicians and other engineering and scientific personnel.",O*NET 31.0 Task Statements,31.0,"BLS Employment Projections Occupation.xlsx Table 1.2, 2025-2035",1717.8,1892.6,95.3,,,,,,,,,unscored_human_template,human-task-exposure-v2.0,true,train,15-1252.00
15-1253.00,Software Quality Assurance Analysts and Testers,15-1253,15,14651,Investigate customer problems referred by technical support.,O*NET 31.0 Task Statements,31.0,"BLS Employment Projections Occupation.xlsx Table 1.2, 2025-2035",187.6,198.2,10.7,,,,,,,,,unscored_human_template,human-task-exposure-v2.0,true,train,15-1253.00
15-1253.00,Software Quality Assurance Analysts and Testers,15-1253,15,14647,"Review software documentation to ensure technical accuracy, compliance, or completeness, or to mitigate risks.",O*NET 31.0 Task Statements,31.0,"BLS Employment Projections Occupation.xlsx Table 1.2, 2025-2035",187.6,198.2,10.7,,,,,,,,,unscored_human_template,human-task-exposure-v2.0,true,train,15-1253.00
15-1253.00,Software Quality Assurance Analysts and Testers,15-1253,15,21680,"Modify existing software to correct errors, allow it to adapt to new hardware, or to improve its performance.",O*NET 31.0 Task Statements,31.0,"BLS Employment Projections Occupation.xlsx Table 1.2, 2025-2035",187.6,198.2,10.7,,,,,,,,,unscored_human_template,human-task-exposure-v2.0,true,train,15-1253.00
15-1255.01,Video Game Designers,15-1255,15,16197,Create gameplay test plans for internal and external test groups.,O*NET 31.0 Task Statements,31.0,"BLS Employment Projections Occupation.xlsx Table 1.2, 2025-2035",132.7,140.8,8.3,,,,,,,,,unscored_human_template,human-task-exposure-v2.0,true,train,15-1255.01
15-1255.01,Video Game Designers,15-1255,15,16196,"Keep abreast of game design technology and techniques, industry trends, or audience interests, reactions, and needs by reviewing current literature, talking with colleagues, participating in educational programs, attending meetings or workshops, or participating in professional organizations or conferences.",O*NET 31.0 Task Statements,31.0,"BLS Employment Projections Occupation.xlsx Table 1.2, 2025-2035",132.7,140.8,8.3,,,,,,,,,unscored_human_template,human-task-exposure-v2.0,true,train,15-1255.01
15-1255.01,Video Game Designers,15-1255,15,16200,Write or supervise the writing of game text and dialogue.,O*NET 31.0 Task Statements,31.0,"BLS Employment Projections Occupation.xlsx Table 1.2, 2025-2035",132.7,140.8,8.3,,,,,,,,,unscored_human_template,human-task-exposure-v2.0,true,train,15-1255.01
15-1299.01,Web Administrators,15-1299,15,14738,Test backup or recovery plans regularly and resolve any problems.,O*NET 31.0 Task Statements,31.0,"BLS Employment Projections Occupation.xlsx Table 1.2, 2025-2035",471.2,495.3,27,,,,,,,,,unscored_human_template,human-task-exposure-v2.0,true,train,15-1299.01
15-1299.01,Web Administrators,15-1299,15,14737,"Collaborate with development teams to discuss, analyze, or resolve usability issues.",O*NET 31.0 Task Statements,31.0,"BLS Employment Projections Occupation.xlsx Table 1.2, 2025-2035",471.2,495.3,27,,,,,,,,,unscored_human_template,human-task-exposure-v2.0,true,train,15-1299.01
15-1299.01,Web Administrators,15-1299,15,14736,"Administer internet or intranet infrastructure, including Web, file, and mail servers.",O*NET 31.0 Task Statements,31.0,"BLS Employment Projections Occupation.xlsx Table 1.2, 2025-2035",471.2,495.3,27,,,,,,,,,unscored_human_template,human-task-exposure-v2.0,true,train,15-1299.01
15-1299.02,Geographic Information Systems Technologists and Technicians,15-1299,15,21733,"Design, program, or model Geographic Information Systems (GIS) applications or procedures.",O*NET 31.0 Task Statements,31.0,"BLS Employment Projections Occupation.xlsx Table 1.2, 2025-2035",471.2,495.3,27,,,,,,,,,unscored_human_template,human-task-exposure-v2.0,true,train,15-1299.02
15-1299.02,Geographic Information Systems Technologists and Technicians,15-1299,15,21717,Maintain or modify existing Geographic Information Systems (GIS) databases.,O*NET 31.0 Task Statements,31.0,"BLS Employment Projections Occupation.xlsx Table 1.2, 2025-2035",471.2,495.3,27,,,,,,,,,unscored_human_template,human-task-exposure-v2.0,true,train,15-1299.02
15-1299.02,Geographic Information Systems Technologists and Technicians,15-1299,15,21734,"Develop specialized computer software routines, internet-based Geographic Information Systems (GIS) databases, or business applications to customize geographic information.",O*NET 31.0 Task Statements,31.0,"BLS Employment Projections Occupation.xlsx Table 1.2, 2025-2035",471.2,495.3,27,,,,,,,,,unscored_human_template,human-task-exposure-v2.0,true,train,15-1299.02
15-1299.03,Document Management Specialists,15-1299,15,16238,"Implement electronic document processing, retrieval, and distribution systems in collaboration with other information technology specialists.",O*NET 31.0 Task Statements,31.0,"BLS Employment Projections Occupation.xlsx Table 1.2, 2025-2035",471.2,495.3,27,,,,,,,,,unscored_human_template,human-task-exposure-v2.0,true,train,15-1299.03
15-1299.03,Document Management Specialists,15-1299,15,16232,"Assist in the development of document or content classification taxonomies to facilitate information capture, search, and retrieval.",O*NET 31.0 Task Statements,31.0,"BLS Employment Projections Occupation.xlsx Table 1.2, 2025-2035",471.2,495.3,27,,,,,,,,,unscored_human_template,human-task-exposure-v2.0,true,train,15-1299.03
15-1299.03,Document Management Specialists,15-1299,15,16235,"Analyze, interpret, or disseminate system performance data.",O*NET 31.0 Task Statements,31.0,"BLS Employment Projections Occupation.xlsx Table 1.2, 2025-2035",471.2,495.3,27,,,,,,,,,unscored_human_template,human-task-exposure-v2.0,true,train,15-1299.03
15-1299.04,Penetration Testers,15-1299,15,21754,Document penetration test findings.,O*NET 31.0 Task Statements,31.0,"BLS Employment Projections Occupation.xlsx Table 1.2, 2025-2035",471.2,495.3,27,,,,,,,,,unscored_human_template,human-task-exposure-v2.0,true,train,15-1299.04
15-1299.04,Penetration Testers,15-1299,15,21762,Prepare and submit reports describing the results of security fixes.,O*NET 31.0 Task Statements,31.0,"BLS Employment Projections Occupation.xlsx Table 1.2, 2025-2035",471.2,495.3,27,,,,,,,,,unscored_human_template,human-task-exposure-v2.0,true,train,15-1299.04
15-1299.04,Penetration Testers,15-1299,15,21761,Maintain up-to-date knowledge of hacking trends.,O*NET 31.0 Task Statements,31.0,"BLS Employment Projections Occupation.xlsx Table 1.2, 2025-2035",471.2,495.3,27,,,,,,,,,unscored_human_template,human-task-exposure-v2.0,true,train,15-1299.04
15-1299.05,Information Security Engineers,15-1299,15,21782,"Scan networks, using vulnerability assessment tools to identify vulnerabilities.",O*NET 31.0 Task Statements,31.0,"BLS Employment Projections Occupation.xlsx Table 1.2, 2025-2035",471.2,495.3,27,,,,,,,,,unscored_human_template,human-task-exposure-v2.0,true,train,15-1299.05
15-1299.05,Information Security Engineers,15-1299,15,21777,"Oversee development of plans to safeguard computer files against accidental or unauthorized modification, destruction, or disclosure or to meet emergency data processing needs.",O*NET 31.0 Task Statements,31.0,"BLS Employment Projections Occupation.xlsx Table 1.2, 2025-2035",471.2,495.3,27,,,,,,,,,unscored_human_template,human-task-exposure-v2.0,true,train,15-1299.05
15-1299.05,Information Security Engineers,15-1299,15,21772,"Develop or implement software tools to assist in the detection, prevention, and analysis of security threats.",O*NET 31.0 Task Statements,31.0,"BLS Employment Projections Occupation.xlsx Table 1.2, 2025-2035",471.2,495.3,27,,,,,,,,,unscored_human_template,human-task-exposure-v2.0,true,train,15-1299.05
15-1299.06,Digital Forensics Analysts,15-1299,15,21803,"Write cyber defense recommendations, reports, or white papers using research or experience.",O*NET 31.0 Task Statements,31.0,"BLS Employment Projections Occupation.xlsx Table 1.2, 2025-2035",471.2,495.3,27,,,,,,,,,unscored_human_template,human-task-exposure-v2.0,true,train,15-1299.06
15-1299.06,Digital Forensics Analysts,15-1299,15,21805,Write technical summaries to report findings.,O*NET 31.0 Task Statements,31.0,"BLS Employment Projections Occupation.xlsx Table 1.2, 2025-2035",471.2,495.3,27,,,,,,,,,unscored_human_template,human-task-exposure-v2.0,true,train,15-1299.06
15-1299.06,Digital Forensics Analysts,15-1299,15,21800,Recommend cyber defense software or hardware to support responses to cyber incidents.,O*NET 31.0 Task Statements,31.0,"BLS Employment Projections Occupation.xlsx Table 1.2, 2025-2035",471.2,495.3,27,,,,,,,,,unscored_human_template,human-task-exposure-v2.0,true,train,15-1299.06
15-1299.07,Blockchain Engineers,15-1299,15,21806,"Assess blockchain threats, such as untested code and unprotected keys.",O*NET 31.0 Task Statements,31.0,"BLS Employment Projections Occupation.xlsx Table 1.2, 2025-2035",471.2,495.3,27,,,,,,,,,unscored_human_template,human-task-exposure-v2.0,true,train,15-1299.07
15-1299.07,Blockchain Engineers,15-1299,15,21816,"Discuss data needs with engineers, product managers, or data scientists to identify blockchain requirements.",O*NET 31.0 Task Statements,31.0,"BLS Employment Projections Occupation.xlsx Table 1.2, 2025-2035",471.2,495.3,27,,,,,,,,,unscored_human_template,human-task-exposure-v2.0,true,train,15-1299.07
15-1299.07,Blockchain Engineers,15-1299,15,21815,"Discuss and plan systems with solution architects, system engineers, or cybersecurity experts to meet customer requirements.",O*NET 31.0 Task Statements,31.0,"BLS Employment Projections Occupation.xlsx Table 1.2, 2025-2035",471.2,495.3,27,,,,,,,,,unscored_human_template,human-task-exposure-v2.0,true,train,15-1299.07
15-1299.09,Information Technology Project Managers,15-1299,15,16170,"Develop or update project plans for information technology projects including information such as project objectives, technologies, systems, information specifications, schedules, funding, and staffing.",O*NET 31.0 Task Statements,31.0,"BLS Employment Projections Occupation.xlsx Table 1.2, 2025-2035",471.2,495.3,27,,,,,,,,,unscored_human_template,human-task-exposure-v2.0,true,train,15-1299.09
15-1299.09,Information Technology Project Managers,15-1299,15,16167,"Assign duties, responsibilities, and spans of authority to project personnel.",O*NET 31.0 Task Statements,31.0,"BLS Employment Projections Occupation.xlsx Table 1.2, 2025-2035",471.2,495.3,27,,,,,,,,,unscored_human_template,human-task-exposure-v2.0,true,train,15-1299.09
15-1299.09,Information Technology Project Managers,15-1299,15,16158,Negotiate with project stakeholders or suppliers to obtain resources or materials.,O*NET 31.0 Task Statements,31.0,"BLS Employment Projections Occupation.xlsx Table 1.2, 2025-2035",471.2,495.3,27,,,,,,,,,unscored_human_template,human-task-exposure-v2.0,true,train,15-1299.09
15-2011.00,Actuaries,15-2011,15,3501,"Analyze statistical information to estimate mortality, accident, sickness, disability, and retirement rates.",O*NET 31.0 Task Statements,31.0,"BLS Employment Projections Occupation.xlsx Table 1.2, 2025-2035",31.2,34.1,1.5,,,,,,,,,unscored_human_template,human-task-exposure-v2.0,true,train,15-2011.00
15-2011.00,Actuaries,15-2011,15,3506,"Provide advice to clients on a contract basis, working as a consultant.",O*NET 31.0 Task Statements,31.0,"BLS Employment Projections Occupation.xlsx Table 1.2, 2025-2035",31.2,34.1,1.5,,,,,,,,,unscored_human_template,human-task-exposure-v2.0,true,train,15-2011.00
15-2011.00,Actuaries,15-2011,15,3513,Explain changes in contract provisions to customers.,O*NET 31.0 Task Statements,31.0,"BLS Employment Projections Occupation.xlsx Table 1.2, 2025-2035",31.2,34.1,1.5,,,,,,,,,unscored_human_template,human-task-exposure-v2.0,true,train,15-2011.00
15-2021.00,Mathematicians,15-2021,15,7372,"Assemble sets of assumptions, and explore the consequences of each set.",O*NET 31.0 Task Statements,31.0,"BLS Employment Projections Occupation.xlsx Table 1.2, 2025-2035",2.2,2.2,0.1,,,,,,,,,unscored_human_template,human-task-exposure-v2.0,true,train,15-2021.00
15-2021.00,Mathematicians,15-2021,15,7374,Develop new principles and new relationships between existing mathematical principles to advance mathematical science.,O*NET 31.0 Task Statements,31.0,"BLS Employment Projections Occupation.xlsx Table 1.2, 2025-2035",2.2,2.2,0.1,,,,,,,,,unscored_human_template,human-task-exposure-v2.0,true,train,15-2021.00
15-2021.00,Mathematicians,15-2021,15,7375,"Design, analyze, and decipher encryption systems designed to transmit military, political, financial, or law-enforcement-related information in code.",O*NET 31.0 Task Statements,31.0,"BLS Employment Projections Occupation.xlsx Table 1.2, 2025-2035",2.2,2.2,0.1,,,,,,,,,unscored_human_template,human-task-exposure-v2.0,true,train,15-2021.00
15-2041.01,Biostatisticians,15-2041,15,16249,Write program code to analyze data with statistical analysis software.,O*NET 31.0 Task Statements,31.0,"BLS Employment Projections Occupation.xlsx Table 1.2, 2025-2035",31.3,34.7,1.9,,,,,,,,,unscored_human_template,human-task-exposure-v2.0,true,train,15-2041.01
15-2041.01,Biostatisticians,15-2041,15,16242,Teach graduate or continuing education courses or seminars in biostatistics.,O*NET 31.0 Task Statements,31.0,"BLS Employment Projections Occupation.xlsx Table 1.2, 2025-2035",31.3,34.7,1.9,,,,,,,,,unscored_human_template,human-task-exposure-v2.0,true,train,15-2041.01
15-2041.01,Biostatisticians,15-2041,15,16250,Write detailed analysis plans and descriptions of analyses and findings for research protocols or reports.,O*NET 31.0 Task Statements,31.0,"BLS Employment Projections Occupation.xlsx Table 1.2, 2025-2035",31.3,34.7,1.9,,,,,,,,,unscored_human_template,human-task-exposure-v2.0,true,train,15-2041.01
15-2051.00,Data Scientists,15-2051,15,21827,"Compare models using statistical performance metrics, such as loss functions or proportion of explained variance.",O*NET 31.0 Task Statements,31.0,"BLS Employment Projections Occupation.xlsx Table 1.2, 2025-2035",275.6,371,24.8,,,,,,,,,unscored_human_template,human-task-exposure-v2.0,true,train,15-2051.00
15-2051.00,Data Scientists,15-2051,15,21828,"Create graphs, charts, or other visualizations to convey the results of data analysis using specialized software.",O*NET 31.0 Task Statements,31.0,"BLS Employment Projections Occupation.xlsx Table 1.2, 2025-2035",275.6,371,24.8,,,,,,,,,unscored_human_template,human-task-exposure-v2.0,true,train,15-2051.00
15-2051.00,Data Scientists,15-2051,15,21830,"Design surveys, opinion polls, or other instruments to collect data.",O*NET 31.0 Task Statements,31.0,"BLS Employment Projections Occupation.xlsx Table 1.2, 2025-2035",275.6,371,24.8,,,,,,,,,unscored_human_template,human-task-exposure-v2.0,true,train,15-2051.00
15-2051.02,Clinical Data Managers,15-2051,15,16269,"Evaluate processes and technologies, and suggest revisions to increase productivity and efficiency.",O*NET 31.0 Task Statements,31.0,"BLS Employment Projections Occupation.xlsx Table 1.2, 2025-2035",275.6,371,24.8,,,,,,,,,unscored_human_template,human-task-exposure-v2.0,true,train,15-2051.02
15-2051.02,Clinical Data Managers,15-2051,15,16283,Analyze clinical data using appropriate statistical tools.,O*NET 31.0 Task Statements,31.0,"BLS Employment Projections Occupation.xlsx Table 1.2, 2025-2035",275.6,371,24.8,,,,,,,,,unscored_human_template,human-task-exposure-v2.0,true,train,15-2051.02
15-2051.02,Clinical Data Managers,15-2051,15,16267,"Provide support and information to functional areas such as marketing, clinical monitoring, and medical affairs.",O*NET 31.0 Task Statements,31.0,"BLS Employment Projections Occupation.xlsx Table 1.2, 2025-2035",275.6,371,24.8,,,,,,,,,unscored_human_template,human-task-exposure-v2.0,true,train,15-2051.02
17-1011.00,"Architects, Except Landscape and Naval",17-1011,17,19595,"Perform predesign services, such as feasibility or environmental impact studies.",O*NET 31.0 Task Statements,31.0,"BLS Employment Projections Occupation.xlsx Table 1.2, 2025-2035",124.6,129.9,6.9,,,,,,,,,unscored_human_template,human-task-exposure-v2.0,true,train,17-1011.00
17-1011.00,"Architects, Except Landscape and Naval",17-1011,17,19590,Calculate potential energy savings by comparing estimated energy consumption of proposed design to baseline standards.,O*NET 31.0 Task Statements,31.0,"BLS Employment Projections Occupation.xlsx Table 1.2, 2025-2035",124.6,129.9,6.9,,,,,,,,,unscored_human_template,human-task-exposure-v2.0,true,train,17-1011.00
17-1011.00,"Architects, Except Landscape and Naval",17-1011,17,20479,"Prepare scale drawings or architectural designs, using computer-aided design or other tools.",O*NET 31.0 Task Statements,31.0,"BLS Employment Projections Occupation.xlsx Table 1.2, 2025-2035",124.6,129.9,6.9,,,,,,,,,unscored_human_template,human-task-exposure-v2.0,true,train,17-1011.00
17-1012.00,Landscape Architects,17-1012,17,20380,"Collaborate with estimators to cost projects, create project plans, or coordinate bids from landscaping contractors.",O*NET 31.0 Task Statements,31.0,"BLS Employment Projections Occupation.xlsx Table 1.2, 2025-2035",23.5,24.5,1.7,,,,,,,,,unscored_human_template,human-task-exposure-v2.0,true,train,17-1012.00
17-1012.00,Landscape Architects,17-1012,17,20379,Develop planting plans to help clients garden productively or to achieve particular aesthetic effects.,O*NET 31.0 Task Statements,31.0,"BLS Employment Projections Occupation.xlsx Table 1.2, 2025-2035",23.5,24.5,1.7,,,,,,,,,unscored_human_template,human-task-exposure-v2.0,true,train,17-1012.00
17-1012.00,Landscape Architects,17-1012,17,18470,Prepare graphic representations or drawings of proposed plans or designs.,O*NET 31.0 Task Statements,31.0,"BLS Employment Projections Occupation.xlsx Table 1.2, 2025-2035",23.5,24.5,1.7,,,,,,,,,unscored_human_template,human-task-exposure-v2.0,true,train,17-1012.00
17-1022.00,Surveyors,17-1022,17,3542,Analyze survey objectives and specifications to prepare survey proposals or to direct others in survey proposal preparation.,O*NET 31.0 Task Statements,31.0,"BLS Employment Projections Occupation.xlsx Table 1.2, 2025-2035",52,55,3.1,,,,,,,,,unscored_human_template,human-task-exposure-v2.0,true,train,17-1022.00
17-1022.00,Surveyors,17-1022,17,3535,"Plan and conduct ground surveys designed to establish baselines, elevations, and other geodetic measurements.",O*NET 31.0 Task Statements,31.0,"BLS Employment Projections Occupation.xlsx Table 1.2, 2025-2035",52,55,3.1,,,,,,,,,unscored_human_template,human-task-exposure-v2.0,true,train,17-1022.00
17-1022.00,Surveyors,17-1022,17,3545,Develop criteria for the design and modification of survey instruments.,O*NET 31.0 Task Statements,31.0,"BLS Employment Projections Occupation.xlsx Table 1.2, 2025-2035",52,55,3.1,,,,,,,,,unscored_human_template,human-task-exposure-v2.0,true,train,17-1022.00
17-2011.00,Aerospace Engineers,17-2011,17,1339,"Formulate mathematical models or other methods of computer analysis to develop, evaluate, or modify design, according to customer engineering requirements.",O*NET 31.0 Task Statements,31.0,"BLS Employment Projections Occupation.xlsx Table 1.2, 2025-2035",68.7,74.4,3.8,,,,,,,,,unscored_human_template,human-task-exposure-v2.0,true,train,17-2011.00
17-2011.00,Aerospace Engineers,17-2011,17,1345,Plan or coordinate investigation and resolution of customers' reports of technical problems with aircraft or aerospace vehicles.,O*NET 31.0 Task Statements,31.0,"BLS Employment Projections Occupation.xlsx Table 1.2, 2025-2035",68.7,74.4,3.8,,,,,,,,,unscored_human_template,human-task-exposure-v2.0,true,train,17-2011.00
17-2011.00,Aerospace Engineers,17-2011,17,20728,Direct aerospace research and development programs.,O*NET 31.0 Task Statements,31.0,"BLS Employment Projections Occupation.xlsx Table 1.2, 2025-2035",68.7,74.4,3.8,,,,,,,,,unscored_human_template,human-task-exposure-v2.0,true,train,17-2011.00
17-2031.00,Bioengineers and Biomedical Engineers,17-2031,17,8970,"Advise hospital administrators on the planning, acquisition, and use of medical equipment.",O*NET 31.0 Task Statements,31.0,"BLS Employment Projections Occupation.xlsx Table 1.2, 2025-2035",23.8,25.7,1.2,,,,,,,,,unscored_human_template,human-task-exposure-v2.0,true,train,17-2031.00
17-2031.00,Bioengineers and Biomedical Engineers,17-2031,17,21844,Consult with chemists or biologists to develop or evaluate novel technologies.,O*NET 31.0 Task Statements,31.0,"BLS Employment Projections Occupation.xlsx Table 1.2, 2025-2035",23.8,25.7,1.2,,,,,,,,,unscored_human_template,human-task-exposure-v2.0,true,train,17-2031.00
17-2031.00,Bioengineers and Biomedical Engineers,17-2031,17,21848,Design or direct bench or pilot production experiments to determine the scale of production methods that optimize product yield and minimize production costs.,O*NET 31.0 Task Statements,31.0,"BLS Employment Projections Occupation.xlsx Table 1.2, 2025-2035",23.8,25.7,1.2,,,,,,,,,unscored_human_template,human-task-exposure-v2.0,true,train,17-2031.00
17-2051.00,Civil Engineers,17-2051,17,20490,"Manage and direct the construction, operations, or maintenance activities at project site.",O*NET 31.0 Task Statements,31.0,"BLS Employment Projections Occupation.xlsx Table 1.2, 2025-2035",380.6,405.1,22.7,,,,,,,,,unscored_human_template,human-task-exposure-v2.0,true,train,17-2051.00
17-2051.00,Civil Engineers,17-2051,17,20489,"Provide technical advice to industrial or managerial personnel regarding design, construction, program modifications, or structural repairs.",O*NET 31.0 Task Statements,31.0,"BLS Employment Projections Occupation.xlsx Table 1.2, 2025-2035",380.6,405.1,22.7,,,,,,,,,unscored_human_template,human-task-exposure-v2.0,true,train,17-2051.00
17-2051.00,Civil Engineers,17-2051,17,19608,"Design or engineer systems to efficiently dispose of chemical, biological, or other toxic wastes.",O*NET 31.0 Task Statements,31.0,"BLS Employment Projections Occupation.xlsx Table 1.2, 2025-2035",380.6,405.1,22.7,,,,,,,,,unscored_human_template,human-task-exposure-v2.0,true,train,17-2051.00
17-2051.02,Water/Wastewater Engineers,17-2051,17,16348,Design sludge treatment plants.,O*NET 31.0 Task Statements,31.0,"BLS Employment Projections Occupation.xlsx Table 1.2, 2025-2035",380.6,405.1,22.7,,,,,,,,,unscored_human_template,human-task-exposure-v2.0,true,train,17-2051.02
17-2051.02,Water/Wastewater Engineers,17-2051,17,16333,"Perform hydrological analyses, using three-dimensional simulation software, to model the movement of water or forecast the dispersion of chemical pollutants in the water supply.",O*NET 31.0 Task Statements,31.0,"BLS Employment Projections Occupation.xlsx Table 1.2, 2025-2035",380.6,405.1,22.7,,,,,,,,,unscored_human_template,human-task-exposure-v2.0,true,train,17-2051.02
17-2051.02,Water/Wastewater Engineers,17-2051,17,16332,"Perform mathematical modeling of underground or surface water resources, such as floodplains, ocean coastlines, streams, rivers, or wetlands.",O*NET 31.0 Task Statements,31.0,"BLS Employment Projections Occupation.xlsx Table 1.2, 2025-2035",380.6,405.1,22.7,,,,,,,,,unscored_human_template,human-task-exposure-v2.0,true,train,17-2051.02
17-2061.00,Computer Hardware Engineers,17-2061,17,7404,Provide training and support to system designers and users.,O*NET 31.0 Task Statements,31.0,"BLS Employment Projections Occupation.xlsx Table 1.2, 2025-2035",76.1,83,4.1,,,,,,,,,unscored_human_template,human-task-exposure-v2.0,true,train,17-2061.00
17-2061.00,Computer Hardware Engineers,17-2061,17,7397,Analyze user needs and recommend appropriate hardware.,O*NET 31.0 Task Statements,31.0,"BLS Employment Projections Occupation.xlsx Table 1.2, 2025-2035",76.1,83,4.1,,,,,,,,,unscored_human_template,human-task-exposure-v2.0,true,train,17-2061.00
17-2061.00,Computer Hardware Engineers,17-2061,17,7408,"Recommend purchase of equipment to control dust, temperature, and humidity in area of system installation.",O*NET 31.0 Task Statements,31.0,"BLS Employment Projections Occupation.xlsx Table 1.2, 2025-2035",76.1,83,4.1,,,,,,,,,unscored_human_template,human-task-exposure-v2.0,true,train,17-2061.00
17-2071.00,Electrical Engineers,17-2071,17,1358,"Prepare technical drawings, specifications of electrical systems, or topographical maps to ensure that installation and operations conform to standards and customer requirements.",O*NET 31.0 Task Statements,31.0,"BLS Employment Projections Occupation.xlsx Table 1.2, 2025-2035",199.7,219.5,11.4,,,,,,,,,unscored_human_template,human-task-exposure-v2.0,true,train,17-2071.00
17-2071.00,Electrical Engineers,17-2071,17,1351,"Perform detailed calculations to compute and establish manufacturing, construction, or installation standards or specifications.",O*NET 31.0 Task Statements,31.0,"BLS Employment Projections Occupation.xlsx Table 1.2, 2025-2035",199.7,219.5,11.4,,,,,,,,,unscored_human_template,human-task-exposure-v2.0,true,train,17-2071.00
17-2071.00,Electrical Engineers,17-2071,17,1365,"Conduct field surveys or study maps, graphs, diagrams, or other data to identify and correct power system problems.",O*NET 31.0 Task Statements,31.0,"BLS Employment Projections Occupation.xlsx Table 1.2, 2025-2035",199.7,219.5,11.4,,,,,,,,,unscored_human_template,human-task-exposure-v2.0,true,train,17-2071.00
17-2072.01,Radio Frequency Identification Device Specialists,17-2072,17,16366,Determine means of integrating radio frequency identification device (RFID) into other applications.,O*NET 31.0 Task Statements,31.0,"BLS Employment Projections Occupation.xlsx Table 1.2, 2025-2035",98.2,101.8,4.9,,,,,,,,,unscored_human_template,human-task-exposure-v2.0,true,train,17-2072.01
17-2072.01,Radio Frequency Identification Device Specialists,17-2072,17,16370,"Integrate tags, readers, or software in radio frequency identification device (RFID) designs.",O*NET 31.0 Task Statements,31.0,"BLS Employment Projections Occupation.xlsx Table 1.2, 2025-2035",98.2,101.8,4.9,,,,,,,,,unscored_human_template,human-task-exposure-v2.0,true,train,17-2072.01
17-2072.01,Radio Frequency Identification Device Specialists,17-2072,17,16362,Perform acceptance testing on newly installed or updated systems.,O*NET 31.0 Task Statements,31.0,"BLS Employment Projections Occupation.xlsx Table 1.2, 2025-2035",98.2,101.8,4.9,,,,,,,,,unscored_human_template,human-task-exposure-v2.0,true,train,17-2072.01
17-2081.00,Environmental Engineers,17-2081,17,1366,"Prepare, review, or update environmental investigation or recommendation reports.",O*NET 31.0 Task Statements,31.0,"BLS Employment Projections Occupation.xlsx Table 1.2, 2025-2035",39.1,41.6,2.3,,,,,,,,,unscored_human_template,human-task-exposure-v2.0,true,train,17-2081.00
17-2081.00,Environmental Engineers,17-2081,17,23987,Attend professional conferences to share information.,O*NET 31.0 Task Statements,31.0,"BLS Employment Projections Occupation.xlsx Table 1.2, 2025-2035",39.1,41.6,2.3,,,,,,,,,unscored_human_template,human-task-exposure-v2.0,true,train,17-2081.00
17-2081.00,Environmental Engineers,17-2081,17,1388,"Assess, sort, characterize, or pack known or unknown materials.",O*NET 31.0 Task Statements,31.0,"BLS Employment Projections Occupation.xlsx Table 1.2, 2025-2035",39.1,41.6,2.3,,,,,,,,,unscored_human_template,human-task-exposure-v2.0,true,train,17-2081.00
17-2111.00,"Health and Safety Engineers, Except Mining Safety Engineers and Inspectors",17-2111,17,21863,"Conduct or coordinate worker training in areas such as safety laws and regulations, hazardous condition monitoring, and use of safety equipment.",O*NET 31.0 Task Statements,31.0,"BLS Employment Projections Occupation.xlsx Table 1.2, 2025-2035",22.3,23.5,1.2,,,,,,,,,unscored_human_template,human-task-exposure-v2.0,true,train,17-2111.00
17-2111.00,"Health and Safety Engineers, Except Mining Safety Engineers and Inspectors",17-2111,17,21877,Develop industry standards of product safety.,O*NET 31.0 Task Statements,31.0,"BLS Employment Projections Occupation.xlsx Table 1.2, 2025-2035",22.3,23.5,1.2,,,,,,,,,unscored_human_template,human-task-exposure-v2.0,true,train,17-2111.00
17-2111.00,"Health and Safety Engineers, Except Mining Safety Engineers and Inspectors",17-2111,17,21886,Install safety devices on machinery or direct device installation.,O*NET 31.0 Task Statements,31.0,"BLS Employment Projections Occupation.xlsx Table 1.2, 2025-2035",22.3,23.5,1.2,,,,,,,,,unscored_human_template,human-task-exposure-v2.0,true,train,17-2111.00
17-2112.00,Industrial Engineers,17-2112,17,1394,Plan and establish sequence of operations to fabricate and assemble parts or products and to promote efficient utilization.,O*NET 31.0 Task Statements,31.0,"BLS Employment Projections Occupation.xlsx Table 1.2, 2025-2035",365.1,410.6,23.1,,,,,,,,,unscored_human_template,human-task-exposure-v2.0,true,train,17-2112.00
17-2112.00,Industrial Engineers,17-2112,17,1408,"Complete production reports, purchase orders, and material, tool, and equipment lists.",O*NET 31.0 Task Statements,31.0,"BLS Employment Projections Occupation.xlsx Table 1.2, 2025-2035",365.1,410.6,23.1,,,,,,,,,unscored_human_template,human-task-exposure-v2.0,true,train,17-2112.00
17-2112.00,Industrial Engineers,17-2112,17,1410,Regulate and alter workflow schedules according to established manufacturing sequences and lead times to expedite production operations.,O*NET 31.0 Task Statements,31.0,"BLS Employment Projections Occupation.xlsx Table 1.2, 2025-2035",365.1,410.6,23.1,,,,,,,,,unscored_human_template,human-task-exposure-v2.0,true,train,17-2112.00
17-2112.01,Human Factors Engineers and Ergonomists,17-2112,17,16396,"Advocate for end users in collaboration with other professionals, including engineers, designers, managers, or customers.",O*NET 31.0 Task Statements,31.0,"BLS Employment Projections Occupation.xlsx Table 1.2, 2025-2035",365.1,410.6,23.1,,,,,,,,,unscored_human_template,human-task-exposure-v2.0,true,train,17-2112.01
17-2112.01,Human Factors Engineers and Ergonomists,17-2112,17,16376,"Investigate theoretical or conceptual issues, such as the human design considerations of lunar landers or habitats.",O*NET 31.0 Task Statements,31.0,"BLS Employment Projections Occupation.xlsx Table 1.2, 2025-2035",365.1,410.6,23.1,,,,,,,,,unscored_human_template,human-task-exposure-v2.0,true,train,17-2112.01
17-2112.01,Human Factors Engineers and Ergonomists,17-2112,17,16394,"Apply modeling or quantitative analysis to forecast events, such as human decisions or behaviors, the structure or processes of organizations, or the attitudes or actions of human groups.",O*NET 31.0 Task Statements,31.0,"BLS Employment Projections Occupation.xlsx Table 1.2, 2025-2035",365.1,410.6,23.1,,,,,,,,,unscored_human_template,human-task-exposure-v2.0,true,train,17-2112.01
17-2112.02,Validation Engineers,17-2112,17,19647,"Validate or characterize sustainable or environmentally friendly products, using electronic testing platforms.",O*NET 31.0 Task Statements,31.0,"BLS Employment Projections Occupation.xlsx Table 1.2, 2025-2035",365.1,410.6,23.1,,,,,,,,,unscored_human_template,human-task-exposure-v2.0,true,train,17-2112.02
17-2112.02,Validation Engineers,17-2112,17,18139,Resolve testing problems by modifying testing methods or revising test objectives and standards.,O*NET 31.0 Task Statements,31.0,"BLS Employment Projections Occupation.xlsx Table 1.2, 2025-2035",365.1,410.6,23.1,,,,,,,,,unscored_human_template,human-task-exposure-v2.0,true,train,17-2112.02
17-2112.02,Validation Engineers,17-2112,17,21054,Devise automated lab validation test stations or other test fixtures or equipment.,O*NET 31.0 Task Statements,31.0,"BLS Employment Projections Occupation.xlsx Table 1.2, 2025-2035",365.1,410.6,23.1,,,,,,,,,unscored_human_template,human-task-exposure-v2.0,true,train,17-2112.02
17-2112.03,Manufacturing Engineers,17-2112,17,20960,"Identify opportunities or implement changes to improve manufacturing processes or products or to reduce costs, using knowledge of fabrication processes, tooling and production equipment, assembly methods, quality control standards, or product design, materials and parts.",O*NET 31.0 Task Statements,31.0,"BLS Employment Projections Occupation.xlsx Table 1.2, 2025-2035",365.1,410.6,23.1,,,,,,,,,unscored_human_template,human-task-exposure-v2.0,true,train,17-2112.03
17-2112.03,Manufacturing Engineers,17-2112,17,18180,Review product designs for manufacturability or completeness.,O*NET 31.0 Task Statements,31.0,"BLS Employment Projections Occupation.xlsx Table 1.2, 2025-2035",365.1,410.6,23.1,,,,,,,,,unscored_human_template,human-task-exposure-v2.0,true,train,17-2112.03
17-2112.03,Manufacturing Engineers,17-2112,17,19652,Redesign packaging for manufactured products to minimize raw material use or waste.,O*NET 31.0 Task Statements,31.0,"BLS Employment Projections Occupation.xlsx Table 1.2, 2025-2035",365.1,410.6,23.1,,,,,,,,,unscored_human_template,human-task-exposure-v2.0,true,train,17-2112.03
17-2121.00,Marine Engineers and Naval Architects,17-2121,17,21903,Coordinate activities with regulatory bodies to ensure repairs and alterations are at minimum cost and consistent with safety.,O*NET 31.0 Task Statements,31.0,"BLS Employment Projections Occupation.xlsx Table 1.2, 2025-2035",8.4,8.9,0.5,,,,,,,,,unscored_human_template,human-task-exposure-v2.0,true,train,17-2121.00
17-2121.00,Marine Engineers and Naval Architects,17-2121,17,21911,"Determine conditions under which tests are to be conducted, as well as sequences and phases of test operations.",O*NET 31.0 Task Statements,31.0,"BLS Employment Projections Occupation.xlsx Table 1.2, 2025-2035",8.4,8.9,0.5,,,,,,,,,unscored_human_template,human-task-exposure-v2.0,true,train,17-2121.00
17-2121.00,Marine Engineers and Naval Architects,17-2121,17,21908,Maintain and coordinate repair of marine machinery and equipment for installation on vessels.,O*NET 31.0 Task Statements,31.0,"BLS Employment Projections Occupation.xlsx Table 1.2, 2025-2035",8.4,8.9,0.5,,,,,,,,,unscored_human_template,human-task-exposure-v2.0,true,train,17-2121.00
17-2131.00,Materials Engineers,17-2131,17,9014,"Plan and implement laboratory operations to develop material and fabrication procedures that meet cost, product specification, and performance standards.",O*NET 31.0 Task Statements,31.0,"BLS Employment Projections Occupation.xlsx Table 1.2, 2025-2035",23.8,25.6,1.3,,,,,,,,,unscored_human_template,human-task-exposure-v2.0,true,train,17-2131.00
17-2131.00,Materials Engineers,17-2131,17,9015,Determine appropriate methods for fabricating and joining materials.,O*NET 31.0 Task Statements,31.0,"BLS Employment Projections Occupation.xlsx Table 1.2, 2025-2035",23.8,25.6,1.3,,,,,,,,,unscored_human_template,human-task-exposure-v2.0,true,train,17-2131.00
17-2131.00,Materials Engineers,17-2131,17,9012,"Modify properties of metal alloys, using thermal and mechanical treatments.",O*NET 31.0 Task Statements,31.0,"BLS Employment Projections Occupation.xlsx Table 1.2, 2025-2035",23.8,25.6,1.3,,,,,,,,,unscored_human_template,human-task-exposure-v2.0,true,train,17-2131.00
17-2141.01,Fuel Cell Engineers,17-2141,17,16408,"Plan or conduct experiments to validate new materials, optimize startup protocols, reduce conditioning time, or examine contaminant tolerance.",O*NET 31.0 Task Statements,31.0,"BLS Employment Projections Occupation.xlsx Table 1.2, 2025-2035",298.5,332,17.8,,,,,,,,,unscored_human_template,human-task-exposure-v2.0,true,train,17-2141.01
17-2141.01,Fuel Cell Engineers,17-2141,17,19946,"Plan or implement fuel cell cost reduction or product improvement projects in collaboration with other engineers, suppliers, support personnel, or customers.",O*NET 31.0 Task Statements,31.0,"BLS Employment Projections Occupation.xlsx Table 1.2, 2025-2035",298.5,332,17.8,,,,,,,,,unscored_human_template,human-task-exposure-v2.0,true,train,17-2141.01
17-2141.01,Fuel Cell Engineers,17-2141,17,19952,Develop or evaluate systems or methods of hydrogen storage for fuel cell applications.,O*NET 31.0 Task Statements,31.0,"BLS Employment Projections Occupation.xlsx Table 1.2, 2025-2035",298.5,332,17.8,,,,,,,,,unscored_human_template,human-task-exposure-v2.0,true,train,17-2141.01
17-2141.02,Automotive Engineers,17-2141,17,16430,Develop or integrate control feature requirements.,O*NET 31.0 Task Statements,31.0,"BLS Employment Projections Occupation.xlsx Table 1.2, 2025-2035",298.5,332,17.8,,,,,,,,,unscored_human_template,human-task-exposure-v2.0,true,train,17-2141.02
17-2141.02,Automotive Engineers,17-2141,17,16438,Conduct or direct system-level automotive testing.,O*NET 31.0 Task Statements,31.0,"BLS Employment Projections Occupation.xlsx Table 1.2, 2025-2035",298.5,332,17.8,,,,,,,,,unscored_human_template,human-task-exposure-v2.0,true,train,17-2141.02
17-2141.02,Automotive Engineers,17-2141,17,16426,Conduct research studies to develop new concepts in the field of automotive engineering.,O*NET 31.0 Task Statements,31.0,"BLS Employment Projections Occupation.xlsx Table 1.2, 2025-2035",298.5,332,17.8,,,,,,,,,unscored_human_template,human-task-exposure-v2.0,true,train,17-2141.02
17-2151.00,"Mining and Geological Engineers, Including Mining Safety Engineers",17-2151,17,3568,"Select or develop mineral location, extraction, and production methods, based on factors such as safety, cost, and deposit characteristics.",O*NET 31.0 Task Statements,31.0,"BLS Employment Projections Occupation.xlsx Table 1.2, 2025-2035",6.2,6.4,0.3,,,,,,,,,unscored_human_template,human-task-exposure-v2.0,true,train,17-2151.00
17-2151.00,"Mining and Geological Engineers, Including Mining Safety Engineers",17-2151,17,3561,"Inspect mining areas for unsafe structures, equipment, and working conditions.",O*NET 31.0 Task Statements,31.0,"BLS Employment Projections Occupation.xlsx Table 1.2, 2025-2035",6.2,6.4,0.3,,,,,,,,,unscored_human_template,human-task-exposure-v2.0,true,train,17-2151.00
17-2151.00,"Mining and Geological Engineers, Including Mining Safety Engineers",17-2151,17,3575,"Lay out, direct, and supervise mine construction operations, such as the construction of shafts and tunnels.",O*NET 31.0 Task Statements,31.0,"BLS Employment Projections Occupation.xlsx Table 1.2, 2025-2035",6.2,6.4,0.3,,,,,,,,,unscored_human_template,human-task-exposure-v2.0,true,train,17-2151.00
17-2161.00,Nuclear Engineers,17-2161,17,5381,Keep abreast of developments and changes in the nuclear field by reading technical journals or by independent study and research.,O*NET 31.0 Task Statements,31.0,"BLS Employment Projections Occupation.xlsx Table 1.2, 2025-2035",16.6,16.6,0.8,,,,,,,,,unscored_human_template,human-task-exposure-v2.0,true,train,17-2161.00
17-2161.00,Nuclear Engineers,17-2161,17,19639,"Conduct environmental studies on topics such as nuclear power generation, nuclear waste disposal, or nuclear weapon deployment.",O*NET 31.0 Task Statements,31.0,"BLS Employment Projections Occupation.xlsx Table 1.2, 2025-2035",16.6,16.6,0.8,,,,,,,,,unscored_human_template,human-task-exposure-v2.0,true,train,17-2161.00
17-2161.00,Nuclear Engineers,17-2161,17,19642,Direct environmental compliance activities associated with nuclear plant operations or maintenance.,O*NET 31.0 Task Statements,31.0,"BLS Employment Projections Occupation.xlsx Table 1.2, 2025-2035",16.6,16.6,0.8,,,,,,,,,unscored_human_template,human-task-exposure-v2.0,true,train,17-2161.00
17-2171.00,Petroleum Engineers,17-2171,17,3587,"Confer with scientific, engineering, and technical personnel to resolve design, research, and testing problems.",O*NET 31.0 Task Statements,31.0,"BLS Employment Projections Occupation.xlsx Table 1.2, 2025-2035",18.5,18.8,1,,,,,,,,,unscored_human_template,human-task-exposure-v2.0,true,train,17-2171.00
17-2171.00,Petroleum Engineers,17-2171,17,3598,"Coordinate activities of workers engaged in research, planning, and development.",O*NET 31.0 Task Statements,31.0,"BLS Employment Projections Occupation.xlsx Table 1.2, 2025-2035",18.5,18.8,1,,,,,,,,,unscored_human_template,human-task-exposure-v2.0,true,train,17-2171.00
17-2171.00,Petroleum Engineers,17-2171,17,3600,Test machinery and equipment to ensure that it is safe and conforms to performance specifications.,O*NET 31.0 Task Statements,31.0,"BLS Employment Projections Occupation.xlsx Table 1.2, 2025-2035",18.5,18.8,1,,,,,,,,,unscored_human_template,human-task-exposure-v2.0,true,train,17-2171.00
17-2199.03,"Energy Engineers, Except Wind and Solar",17-2199,17,20857,"Advise clients or colleagues on topics such as climate control systems, energy modeling, data logging, sustainable design, or energy auditing.",O*NET 31.0 Task Statements,31.0,"BLS Employment Projections Occupation.xlsx Table 1.2, 2025-2035",166.7,173,8.8,,,,,,,,,unscored_human_template,human-task-exposure-v2.0,true,train,17-2199.03
17-2199.03,"Energy Engineers, Except Wind and Solar",17-2199,17,18166,Train personnel or clients on topics such as energy management.,O*NET 31.0 Task Statements,31.0,"BLS Employment Projections Occupation.xlsx Table 1.2, 2025-2035",166.7,173,8.8,,,,,,,,,unscored_human_template,human-task-exposure-v2.0,true,train,17-2199.03
17-2199.03,"Energy Engineers, Except Wind and Solar",17-2199,17,20863,"Research renewable or alternative energy systems or technologies, such as solar thermal or photovoltaic energy.",O*NET 31.0 Task Statements,31.0,"BLS Employment Projections Occupation.xlsx Table 1.2, 2025-2035",166.7,173,8.8,,,,,,,,,unscored_human_template,human-task-exposure-v2.0,true,train,17-2199.03
17-2199.07,Photonics Engineers,17-2199,17,18193,Conduct research on new photonics technologies.,O*NET 31.0 Task Statements,31.0,"BLS Employment Projections Occupation.xlsx Table 1.2, 2025-2035",166.7,173,8.8,,,,,,,,,unscored_human_template,human-task-exposure-v2.0,true,train,17-2199.07
17-2199.07,Photonics Engineers,17-2199,17,18199,Develop or test photonic prototypes or models.,O*NET 31.0 Task Statements,31.0,"BLS Employment Projections Occupation.xlsx Table 1.2, 2025-2035",166.7,173,8.8,,,,,,,,,unscored_human_template,human-task-exposure-v2.0,true,train,17-2199.07
17-2199.07,Photonics Engineers,17-2199,17,19662,Design or develop new crystals for photonics applications.,O*NET 31.0 Task Statements,31.0,"BLS Employment Projections Occupation.xlsx Table 1.2, 2025-2035",166.7,173,8.8,,,,,,,,,unscored_human_template,human-task-exposure-v2.0,true,train,17-2199.07
17-2199.08,Robotics Engineers,17-2199,17,16528,"Design software to control robotic systems for applications, such as military defense or manufacturing.",O*NET 31.0 Task Statements,31.0,"BLS Employment Projections Occupation.xlsx Table 1.2, 2025-2035",166.7,173,8.8,,,,,,,,,unscored_human_template,human-task-exposure-v2.0,true,train,17-2199.08
17-2199.08,Robotics Engineers,17-2199,17,16511,Provide technical support for robotic systems.,O*NET 31.0 Task Statements,31.0,"BLS Employment Projections Occupation.xlsx Table 1.2, 2025-2035",166.7,173,8.8,,,,,,,,,unscored_human_template,human-task-exposure-v2.0,true,train,17-2199.08
17-2199.08,Robotics Engineers,17-2199,17,16518,Plan mobile robot paths and teach path plans to robots.,O*NET 31.0 Task Statements,31.0,"BLS Employment Projections Occupation.xlsx Table 1.2, 2025-2035",166.7,173,8.8,,,,,,,,,unscored_human_template,human-task-exposure-v2.0,true,train,17-2199.08
17-2199.09,Nanosystems Engineers,17-2199,17,19671,"Design nano-enabled products with reduced toxicity, increased durability, or improved energy efficiency.",O*NET 31.0 Task Statements,31.0,"BLS Employment Projections Occupation.xlsx Table 1.2, 2025-2035",166.7,173,8.8,,,,,,,,,unscored_human_template,human-task-exposure-v2.0,true,train,17-2199.09
17-2199.09,Nanosystems Engineers,17-2199,17,16535,"Provide technical guidance or support to customers on topics such as nanosystem start-up, maintenance, or use.",O*NET 31.0 Task Statements,31.0,"BLS Employment Projections Occupation.xlsx Table 1.2, 2025-2035",166.7,173,8.8,,,,,,,,,unscored_human_template,human-task-exposure-v2.0,true,train,17-2199.09
17-2199.09,Nanosystems Engineers,17-2199,17,16538,Prepare nanotechnology-related invention disclosures or patent applications.,O*NET 31.0 Task Statements,31.0,"BLS Employment Projections Occupation.xlsx Table 1.2, 2025-2035",166.7,173,8.8,,,,,,,,,unscored_human_template,human-task-exposure-v2.0,true,train,17-2199.09
17-2199.10,Wind Energy Engineers,17-2199,17,16559,"Create or maintain wind farm layouts, schematics, or other visual documentation for wind farms.",O*NET 31.0 Task Statements,31.0,"BLS Employment Projections Occupation.xlsx Table 1.2, 2025-2035",166.7,173,8.8,,,,,,,,,unscored_human_template,human-task-exposure-v2.0,true,train,17-2199.10
17-2199.10,Wind Energy Engineers,17-2199,17,16560,"Create models to optimize the layout of wind farm access roads, crane pads, crane paths, collection systems, substations, switchyards, or transmission lines.",O*NET 31.0 Task Statements,31.0,"BLS Employment Projections Occupation.xlsx Table 1.2, 2025-2035",166.7,173,8.8,,,,,,,,,unscored_human_template,human-task-exposure-v2.0,true,train,17-2199.10
17-2199.10,Wind Energy Engineers,17-2199,17,16552,"Test wind turbine components, using mechanical or electronic testing equipment.",O*NET 31.0 Task Statements,31.0,"BLS Employment Projections Occupation.xlsx Table 1.2, 2025-2035",166.7,173,8.8,,,,,,,,,unscored_human_template,human-task-exposure-v2.0,true,train,17-2199.10
17-2199.11,Solar Energy Systems Engineers,17-2199,17,16568,"Provide technical direction or support to installation teams during installation, start-up, testing, system commissioning, or performance monitoring.",O*NET 31.0 Task Statements,31.0,"BLS Employment Projections Occupation.xlsx Table 1.2, 2025-2035",166.7,173,8.8,,,,,,,,,unscored_human_template,human-task-exposure-v2.0,true,train,17-2199.11
17-2199.11,Solar Energy Systems Engineers,17-2199,17,16570,"Develop design specifications and functional requirements for residential, commercial, or industrial solar energy systems or components.",O*NET 31.0 Task Statements,31.0,"BLS Employment Projections Occupation.xlsx Table 1.2, 2025-2035",166.7,173,8.8,,,,,,,,,unscored_human_template,human-task-exposure-v2.0,true,train,17-2199.11
17-2199.11,Solar Energy Systems Engineers,17-2199,17,16563,Test or evaluate photovoltaic (PV) cells or modules.,O*NET 31.0 Task Statements,31.0,"BLS Employment Projections Occupation.xlsx Table 1.2, 2025-2035",166.7,173,8.8,,,,,,,,,unscored_human_template,human-task-exposure-v2.0,true,train,17-2199.11
17-3011.00,Architectural and Civil Drafters,17-3011,17,21925,"Finish and duplicate drawings and documentation packages according to required mediums and specifications for reproduction, using blueprinting, photography, or other duplicating methods.",O*NET 31.0 Task Statements,31.0,"BLS Employment Projections Occupation.xlsx Table 1.2, 2025-2035",104.1,109.5,9.1,,,,,,,,,unscored_human_template,human-task-exposure-v2.0,true,train,17-3011.00
17-3011.00,Architectural and Civil Drafters,17-3011,17,21944,"Review rough sketches, drawings, specifications, and other engineering data to ensure that they conform to design concepts.",O*NET 31.0 Task Statements,31.0,"BLS Employment Projections Occupation.xlsx Table 1.2, 2025-2035",104.1,109.5,9.1,,,,,,,,,unscored_human_template,human-task-exposure-v2.0,true,train,17-3011.00
17-3011.00,Architectural and Civil Drafters,17-3011,17,21941,"Calculate heat loss and gain of buildings and structures to determine required equipment specifications, following standard procedures.",O*NET 31.0 Task Statements,31.0,"BLS Employment Projections Occupation.xlsx Table 1.2, 2025-2035",104.1,109.5,9.1,,,,,,,,,unscored_human_template,human-task-exposure-v2.0,true,train,17-3011.00
17-3012.00,Electrical and Electronics Drafters,17-3012,17,21951,"Draft detail and assembly drawings of design components, circuitry or printed circuit boards, using computer-assisted equipment or standard drafting techniques and devices.",O*NET 31.0 Task Statements,31.0,"BLS Employment Projections Occupation.xlsx Table 1.2, 2025-2035",18.9,18.2,1.4,,,,,,,,,unscored_human_template,human-task-exposure-v2.0,true,train,17-3012.00
17-3012.00,Electrical and Electronics Drafters,17-3012,17,21953,"Locate files relating to specified design project in database library, load program into computer, and record completed job data.",O*NET 31.0 Task Statements,31.0,"BLS Employment Projections Occupation.xlsx Table 1.2, 2025-2035",18.9,18.2,1.4,,,,,,,,,unscored_human_template,human-task-exposure-v2.0,true,train,17-3012.00
17-3012.00,Electrical and Electronics Drafters,17-3012,17,21974,"Use computer-aided drafting equipment or conventional drafting stations, technical handbooks, tables, calculators, or traditional drafting tools, such as boards, pencils, protractors, or T-squares.",O*NET 31.0 Task Statements,31.0,"BLS Employment Projections Occupation.xlsx Table 1.2, 2025-2035",18.9,18.2,1.4,,,,,,,,,unscored_human_template,human-task-exposure-v2.0,true,train,17-3012.00
17-3013.00,Mechanical Drafters,17-3013,17,1447,"Develop detailed design drawings and specifications for mechanical equipment, dies, tools, and controls, using computer-assisted drafting (CAD) equipment.",O*NET 31.0 Task Statements,31.0,"BLS Employment Projections Occupation.xlsx Table 1.2, 2025-2035",42.1,39.6,2.9,,,,,,,,,unscored_human_template,human-task-exposure-v2.0,true,train,17-3013.00
17-3013.00,Mechanical Drafters,17-3013,17,24018,Create bills of materials.,O*NET 31.0 Task Statements,31.0,"BLS Employment Projections Occupation.xlsx Table 1.2, 2025-2035",42.1,39.6,2.9,,,,,,,,,unscored_human_template,human-task-exposure-v2.0,true,train,17-3013.00
17-3013.00,Mechanical Drafters,17-3013,17,1457,"Draw freehand sketches of designs, trace finished drawings onto designated paper for the reproduction of blueprints, and reproduce working drawings on copy machines.",O*NET 31.0 Task Statements,31.0,"BLS Employment Projections Occupation.xlsx Table 1.2, 2025-2035",42.1,39.6,2.9,,,,,,,,,unscored_human_template,human-task-exposure-v2.0,true,train,17-3013.00
17-3022.00,Civil Engineering Technologists and Technicians,17-3022,17,1462,Draft detailed dimensional drawings and design layouts for projects to ensure conformance to specifications.,O*NET 31.0 Task Statements,31.0,"BLS Employment Projections Occupation.xlsx Table 1.2, 2025-2035",70.9,73.2,6.1,,,,,,,,,unscored_human_template,human-task-exposure-v2.0,true,train,17-3022.00
17-3022.00,Civil Engineering Technologists and Technicians,17-3022,17,1470,Report maintenance problems occurring at project site to supervisor and negotiate changes to resolve system conflicts.,O*NET 31.0 Task Statements,31.0,"BLS Employment Projections Occupation.xlsx Table 1.2, 2025-2035",70.9,73.2,6.1,,,,,,,,,unscored_human_template,human-task-exposure-v2.0,true,train,17-3022.00
17-3022.00,Civil Engineering Technologists and Technicians,17-3022,17,1469,"Develop plans and estimate costs for installation of systems, utilization of facilities, or construction of structures.",O*NET 31.0 Task Statements,31.0,"BLS Employment Projections Occupation.xlsx Table 1.2, 2025-2035",70.9,73.2,6.1,,,,,,,,,unscored_human_template,human-task-exposure-v2.0,true,train,17-3022.00
17-3024.00,Electro-Mechanical and Mechatronics Technologists and Technicians,17-3024,17,10893,"Read blueprints, schematics, diagrams, or technical orders to determine methods and sequences of assembly.",O*NET 31.0 Task Statements,31.0,"BLS Employment Projections Occupation.xlsx Table 1.2, 2025-2035",15.7,16.2,1.4,,,,,,,,,unscored_human_template,human-task-exposure-v2.0,true,train,17-3024.00
17-3024.00,Electro-Mechanical and Mechatronics Technologists and Technicians,17-3024,17,10895,"Align, fit, or assemble component parts, using hand or power tools, fixtures, templates, or microscopes.",O*NET 31.0 Task Statements,31.0,"BLS Employment Projections Occupation.xlsx Table 1.2, 2025-2035",15.7,16.2,1.4,,,,,,,,,unscored_human_template,human-task-exposure-v2.0,true,train,17-3024.00
17-3024.00,Electro-Mechanical and Mechatronics Technologists and Technicians,17-3024,17,10899,"Operate metalworking machines to fabricate housings, jigs, fittings, or fixtures.",O*NET 31.0 Task Statements,31.0,"BLS Employment Projections Occupation.xlsx Table 1.2, 2025-2035",15.7,16.2,1.4,,,,,,,,,unscored_human_template,human-task-exposure-v2.0,true,train,17-3024.00
17-3025.00,Environmental Engineering Technologists and Technicians,17-3025,17,3649,"Inspect facilities to monitor compliance with regulations governing substances, such as asbestos, lead, or wastewater.",O*NET 31.0 Task Statements,31.0,"BLS Employment Projections Occupation.xlsx Table 1.2, 2025-2035",12.5,12.9,1.1,,,,,,,,,unscored_human_template,human-task-exposure-v2.0,true,train,17-3025.00
17-3025.00,Environmental Engineering Technologists and Technicians,17-3025,17,19691,Prepare and package environmental samples for shipping or testing.,O*NET 31.0 Task Statements,31.0,"BLS Employment Projections Occupation.xlsx Table 1.2, 2025-2035",12.5,12.9,1.1,,,,,,,,,unscored_human_template,human-task-exposure-v2.0,true,train,17-3025.00
17-3025.00,Environmental Engineering Technologists and Technicians,17-3025,17,3650,"Provide technical engineering support in the planning of projects, such as wastewater treatment plants, to ensure compliance with environmental regulations and policies.",O*NET 31.0 Task Statements,31.0,"BLS Employment Projections Occupation.xlsx Table 1.2, 2025-2035",12.5,12.9,1.1,,,,,,,,,unscored_human_template,human-task-exposure-v2.0,true,train,17-3025.00
17-3026.00,Industrial Engineering Technologists and Technicians,17-3026,17,22031,"Develop or implement programs to address problems related to production, materials, safety, or quality.",O*NET 31.0 Task Statements,31.0,"BLS Employment Projections Occupation.xlsx Table 1.2, 2025-2035",76.7,79,6.6,,,,,,,,,unscored_human_template,human-task-exposure-v2.0,true,train,17-3026.00
17-3026.00,Industrial Engineering Technologists and Technicians,17-3026,17,22027,"Coordinate equipment purchases, installations, or transfers.",O*NET 31.0 Task Statements,31.0,"BLS Employment Projections Occupation.xlsx Table 1.2, 2025-2035",76.7,79,6.6,,,,,,,,,unscored_human_template,human-task-exposure-v2.0,true,train,17-3026.00
17-3026.00,Industrial Engineering Technologists and Technicians,17-3026,17,22036,"Oversee equipment start-up, characterization, qualification, or release.",O*NET 31.0 Task Statements,31.0,"BLS Employment Projections Occupation.xlsx Table 1.2, 2025-2035",76.7,79,6.6,,,,,,,,,unscored_human_template,human-task-exposure-v2.0,true,train,17-3026.00
17-3026.01,Nanotechnology Engineering Technologists and Technicians,17-3026,17,22045,"Operate nanotechnology compounding, testing, processing, or production equipment in accordance with appropriate standard operating procedures, good manufacturing practices, hazardous material restrictions, or health and safety requirements.",O*NET 31.0 Task Statements,31.0,"BLS Employment Projections Occupation.xlsx Table 1.2, 2025-2035",76.7,79,6.6,,,,,,,,,unscored_human_template,human-task-exposure-v2.0,true,train,17-3026.01
17-3026.01,Nanotechnology Engineering Technologists and Technicians,17-3026,17,22051,"Monitor equipment during operation to ensure adherence to specifications for characteristics such as pressure, temperature, or flow.",O*NET 31.0 Task Statements,31.0,"BLS Employment Projections Occupation.xlsx Table 1.2, 2025-2035",76.7,79,6.6,,,,,,,,,unscored_human_template,human-task-exposure-v2.0,true,train,17-3026.01
17-3026.01,Nanotechnology Engineering Technologists and Technicians,17-3026,17,22062,"Perform functional tests of nano-enhanced assemblies, components, or systems, using equipment such as torque gauges or conductivity meters.",O*NET 31.0 Task Statements,31.0,"BLS Employment Projections Occupation.xlsx Table 1.2, 2025-2035",76.7,79,6.6,,,,,,,,,unscored_human_template,human-task-exposure-v2.0,true,train,17-3026.01
17-3031.00,Surveying and Mapping Technicians,17-3031,17,22125,"Enter Global Positioning System (GPS) data, legal deeds, field notes, or land survey reports into geographic information system (GIS) workstations so that information can be transformed into graphic land descriptions, such as maps and drawings.",O*NET 31.0 Task Statements,31.0,"BLS Employment Projections Occupation.xlsx Table 1.2, 2025-2035",58.8,62.2,6.9,,,,,,,,,unscored_human_template,human-task-exposure-v2.0,true,train,17-3031.00
17-3031.00,Surveying and Mapping Technicians,17-3031,17,22130,"Search for section corners, property irons, or survey points.",O*NET 31.0 Task Statements,31.0,"BLS Employment Projections Occupation.xlsx Table 1.2, 2025-2035",58.8,62.2,6.9,,,,,,,,,unscored_human_template,human-task-exposure-v2.0,true,train,17-3031.00
17-3031.00,Surveying and Mapping Technicians,17-3031,17,22127,Prepare cost estimates for mapping projects.,O*NET 31.0 Task Statements,31.0,"BLS Employment Projections Occupation.xlsx Table 1.2, 2025-2035",58.8,62.2,6.9,,,,,,,,,unscored_human_template,human-task-exposure-v2.0,true,train,17-3031.00
19-1013.00,Soil and Plant Scientists,19-1013,19,9037,Consult with engineers or other technical personnel working on construction projects about the effects of soil problems and possible solutions to these problems.,O*NET 31.0 Task Statements,31.0,"BLS Employment Projections Occupation.xlsx Table 1.2, 2025-2035",19.9,21.3,1.4,,,,,,,,,unscored_human_template,human-task-exposure-v2.0,true,train,19-1013.00
19-1013.00,Soil and Plant Scientists,19-1013,19,19754,"Study ways to improve agricultural sustainability, such as the use of new methods of composting.",O*NET 31.0 Task Statements,31.0,"BLS Employment Projections Occupation.xlsx Table 1.2, 2025-2035",19.9,21.3,1.4,,,,,,,,,unscored_human_template,human-task-exposure-v2.0,true,train,19-1013.00
19-1013.00,Soil and Plant Scientists,19-1013,19,9031,"Survey undisturbed or disturbed lands for classification, inventory, mapping, environmental impact assessments, environmental protection planning, conservation planning, or reclamation planning.",O*NET 31.0 Task Statements,31.0,"BLS Employment Projections Occupation.xlsx Table 1.2, 2025-2035",19.9,21.3,1.4,,,,,,,,,unscored_human_template,human-task-exposure-v2.0,true,train,19-1013.00
19-1029.01,Bioinformatics Scientists,19-1029,19,16787,Develop data models and databases.,O*NET 31.0 Task Statements,31.0,"BLS Employment Projections Occupation.xlsx Table 1.2, 2025-2035",59.6,62.4,4.3,,,,,,,,,unscored_human_template,human-task-exposure-v2.0,true,train,19-1029.01
19-1029.01,Bioinformatics Scientists,19-1029,19,16791,"Compile data for use in activities, such as gene expression profiling, genome annotation, or structural bioinformatics.",O*NET 31.0 Task Statements,31.0,"BLS Employment Projections Occupation.xlsx Table 1.2, 2025-2035",59.6,62.4,4.3,,,,,,,,,unscored_human_template,human-task-exposure-v2.0,true,train,19-1029.01
19-1029.01,Bioinformatics Scientists,19-1029,19,16778,"Confer with departments, such as marketing, business development, or operations, to coordinate product development or improvement.",O*NET 31.0 Task Statements,31.0,"BLS Employment Projections Occupation.xlsx Table 1.2, 2025-2035",59.6,62.4,4.3,,,,,,,,,unscored_human_template,human-task-exposure-v2.0,true,train,19-1029.01
19-1029.03,Geneticists,19-1029,19,16825,Confer with information technology specialists to develop computer applications for genetic data analysis.,O*NET 31.0 Task Statements,31.0,"BLS Employment Projections Occupation.xlsx Table 1.2, 2025-2035",59.6,62.4,4.3,,,,,,,,,unscored_human_template,human-task-exposure-v2.0,true,train,19-1029.03
19-1029.03,Geneticists,19-1029,19,16828,"Supervise or direct the work of other geneticists, biologists, technicians, or biometricians working on genetics research projects.",O*NET 31.0 Task Statements,31.0,"BLS Employment Projections Occupation.xlsx Table 1.2, 2025-2035",59.6,62.4,4.3,,,,,,,,,unscored_human_template,human-task-exposure-v2.0,true,train,19-1029.03
19-1029.03,Geneticists,19-1029,19,16824,Design and maintain genetics computer databases.,O*NET 31.0 Task Statements,31.0,"BLS Employment Projections Occupation.xlsx Table 1.2, 2025-2035",59.6,62.4,4.3,,,,,,,,,unscored_human_template,human-task-exposure-v2.0,true,train,19-1029.03
19-1029.04,Biologists,19-1029,19,175,Collect and analyze biological data about relationships among and between organisms and their environment.,O*NET 31.0 Task Statements,31.0,"BLS Employment Projections Occupation.xlsx Table 1.2, 2025-2035",59.6,62.4,4.3,,,,,,,,,unscored_human_template,human-task-exposure-v2.0,true,train,19-1029.04
19-1029.04,Biologists,19-1029,19,186,Supervise biological technicians and technologists and other scientists.,O*NET 31.0 Task Statements,31.0,"BLS Employment Projections Occupation.xlsx Table 1.2, 2025-2035",59.6,62.4,4.3,,,,,,,,,unscored_human_template,human-task-exposure-v2.0,true,train,19-1029.04
19-1029.04,Biologists,19-1029,19,191,Prepare plans for management of renewable resources.,O*NET 31.0 Task Statements,31.0,"BLS Employment Projections Occupation.xlsx Table 1.2, 2025-2035",59.6,62.4,4.3,,,,,,,,,unscored_human_template,human-task-exposure-v2.0,true,train,19-1029.04
19-1031.02,Range Managers,19-1031,19,7508,Study forage plants and their growth requirements to determine varieties best suited to particular range.,O*NET 31.0 Task Statements,31.0,"BLS Employment Projections Occupation.xlsx Table 1.2, 2025-2035",27.7,29.2,2.1,,,,,,,,,unscored_human_template,human-task-exposure-v2.0,true,train,19-1031.02
19-1031.02,Range Managers,19-1031,19,7509,Develop methods for protecting range from fire and rodent damage and for controlling poisonous plants.,O*NET 31.0 Task Statements,31.0,"BLS Employment Projections Occupation.xlsx Table 1.2, 2025-2035",27.7,29.2,2.1,,,,,,,,,unscored_human_template,human-task-exposure-v2.0,true,train,19-1031.02
19-1031.02,Range Managers,19-1031,19,24019,Apply herbicide to eliminate harmful plants.,O*NET 31.0 Task Statements,31.0,"BLS Employment Projections Occupation.xlsx Table 1.2, 2025-2035",27.7,29.2,2.1,,,,,,,,,unscored_human_template,human-task-exposure-v2.0,true,train,19-1031.02
19-1031.03,Park Naturalists,19-1031,19,3696,Research stories regarding the area's natural history or environment.,O*NET 31.0 Task Statements,31.0,"BLS Employment Projections Occupation.xlsx Table 1.2, 2025-2035",27.7,29.2,2.1,,,,,,,,,unscored_human_template,human-task-exposure-v2.0,true,train,19-1031.03
19-1031.03,Park Naturalists,19-1031,19,20867,Develop environmental educational programs and curricula for schools.,O*NET 31.0 Task Statements,31.0,"BLS Employment Projections Occupation.xlsx Table 1.2, 2025-2035",27.7,29.2,2.1,,,,,,,,,unscored_human_template,human-task-exposure-v2.0,true,train,19-1031.03
19-1031.03,Park Naturalists,19-1031,19,3697,Interview specialists in desired fields to obtain and develop data for park information programs.,O*NET 31.0 Task Statements,31.0,"BLS Employment Projections Occupation.xlsx Table 1.2, 2025-2035",27.7,29.2,2.1,,,,,,,,,unscored_human_template,human-task-exposure-v2.0,true,train,19-1031.03
19-1032.00,Foresters,19-1032,19,198,"Choose and prepare sites for new trees, using controlled burning, bulldozers, or herbicides to clear weeds, brush, and logging debris.",O*NET 31.0 Task Statements,31.0,"BLS Employment Projections Occupation.xlsx Table 1.2, 2025-2035",13.2,13.5,0.9,,,,,,,,,unscored_human_template,human-task-exposure-v2.0,true,train,19-1032.00
19-1032.00,Foresters,19-1032,19,214,"Plan and direct construction and maintenance of recreation facilities, fire towers, trails, roads and bridges, ensuring that they comply with guidelines and regulations set for forested public lands.",O*NET 31.0 Task Statements,31.0,"BLS Employment Projections Occupation.xlsx Table 1.2, 2025-2035",13.2,13.5,0.9,,,,,,,,,unscored_human_template,human-task-exposure-v2.0,true,train,19-1032.00
19-1032.00,Foresters,19-1032,19,218,Develop new techniques for wood or residue use.,O*NET 31.0 Task Statements,31.0,"BLS Employment Projections Occupation.xlsx Table 1.2, 2025-2035",13.2,13.5,0.9,,,,,,,,,unscored_human_template,human-task-exposure-v2.0,true,train,19-1032.00
19-1042.00,"Medical Scientists, Except Epidemiologists",19-1042,19,7514,Follow strict safety procedures when handling toxic materials to avoid contamination.,O*NET 31.0 Task Statements,31.0,"BLS Employment Projections Occupation.xlsx Table 1.2, 2025-2035",181,203.7,10.5,,,,,,,,,unscored_human_template,human-task-exposure-v2.0,true,train,19-1042.00
19-1042.00,"Medical Scientists, Except Epidemiologists",19-1042,19,20201,Write and publish articles in scientific journals.,O*NET 31.0 Task Statements,31.0,"BLS Employment Projections Occupation.xlsx Table 1.2, 2025-2035",181,203.7,10.5,,,,,,,,,unscored_human_template,human-task-exposure-v2.0,true,train,19-1042.00
19-1042.00,"Medical Scientists, Except Epidemiologists",19-1042,19,7518,"Standardize drug dosages, methods of immunization, and procedures for manufacture of drugs and medicinal compounds.",O*NET 31.0 Task Statements,31.0,"BLS Employment Projections Occupation.xlsx Table 1.2, 2025-2035",181,203.7,10.5,,,,,,,,,unscored_human_template,human-task-exposure-v2.0,true,train,19-1042.00
19-2012.00,Physicists,19-2012,19,10911,"Develop theories and laws on the basis of observation and experiments, and apply these theories and laws to problems in areas such as nuclear energy, optics, and aerospace technology.",O*NET 31.0 Task Statements,31.0,"BLS Employment Projections Occupation.xlsx Table 1.2, 2025-2035",23.2,24.8,1.3,,,,,,,,,unscored_human_template,human-task-exposure-v2.0,true,train,19-2012.00
19-2012.00,Physicists,19-2012,19,24021,Perform peer reviews of scientific papers.,O*NET 31.0 Task Statements,31.0,"BLS Employment Projections Occupation.xlsx Table 1.2, 2025-2035",23.2,24.8,1.3,,,,,,,,,unscored_human_template,human-task-exposure-v2.0,true,train,19-2012.00
19-2012.00,Physicists,19-2012,19,10913,"Develop manufacturing, assembly, and fabrication processes of lasers, masers, infrared, and other light-emitting and light-sensitive devices.",O*NET 31.0 Task Statements,31.0,"BLS Employment Projections Occupation.xlsx Table 1.2, 2025-2035",23.2,24.8,1.3,,,,,,,,,unscored_human_template,human-task-exposure-v2.0,true,train,19-2012.00
19-2021.00,Atmospheric and Space Scientists,19-2021,19,9068,"Broadcast weather conditions, forecasts, or severe weather warnings to the public via television, radio, or the Internet or provide this information to the news media.",O*NET 31.0 Task Statements,31.0,"BLS Employment Projections Occupation.xlsx Table 1.2, 2025-2035",10.7,10.9,0.8,,,,,,,,,unscored_human_template,human-task-exposure-v2.0,true,train,19-2021.00
19-2021.00,Atmospheric and Space Scientists,19-2021,19,20206,"Prepare weather reports or maps for analysis, distribution, or use in weather broadcasts, using computer graphics.",O*NET 31.0 Task Statements,31.0,"BLS Employment Projections Occupation.xlsx Table 1.2, 2025-2035",10.7,10.9,0.8,,,,,,,,,unscored_human_template,human-task-exposure-v2.0,true,train,19-2021.00
19-2021.00,Atmospheric and Space Scientists,19-2021,19,19758,Estimate or predict the effects of global warming over time for specific geographic regions.,O*NET 31.0 Task Statements,31.0,"BLS Employment Projections Occupation.xlsx Table 1.2, 2025-2035",10.7,10.9,0.8,,,,,,,,,unscored_human_template,human-task-exposure-v2.0,true,train,19-2021.00
19-2041.00,"Environmental Scientists and Specialists, Including Health",19-2041,19,1517,"Review and implement environmental technical standards, guidelines, policies, and formal regulations that meet all appropriate requirements.",O*NET 31.0 Task Statements,31.0,"BLS Employment Projections Occupation.xlsx Table 1.2, 2025-2035",93.4,99.2,7.3,,,,,,,,,unscored_human_template,human-task-exposure-v2.0,true,train,19-2041.00
19-2041.00,"Environmental Scientists and Specialists, Including Health",19-2041,19,15222,"Supervise or train students, environmental technologists, technicians, or other related staff.",O*NET 31.0 Task Statements,31.0,"BLS Employment Projections Occupation.xlsx Table 1.2, 2025-2035",93.4,99.2,7.3,,,,,,,,,unscored_human_template,human-task-exposure-v2.0,true,train,19-2041.00
19-2041.00,"Environmental Scientists and Specialists, Including Health",19-2041,19,15223,"Conduct applied research on environmental topics, such as waste control or treatment or pollution abatement methods.",O*NET 31.0 Task Statements,31.0,"BLS Employment Projections Occupation.xlsx Table 1.2, 2025-2035",93.4,99.2,7.3,,,,,,,,,unscored_human_template,human-task-exposure-v2.0,true,train,19-2041.00
19-2041.01,Climate Change Policy Analysts,19-2041,19,16846,"Gather and review climate-related studies from government agencies, research laboratories, and other organizations.",O*NET 31.0 Task Statements,31.0,"BLS Employment Projections Occupation.xlsx Table 1.2, 2025-2035",93.4,99.2,7.3,,,,,,,,,unscored_human_template,human-task-exposure-v2.0,true,train,19-2041.01
19-2041.01,Climate Change Policy Analysts,19-2041,19,16851,"Make legislative recommendations related to climate change or environmental management, based on climate change policies, principles, programs, practices, and processes.",O*NET 31.0 Task Statements,31.0,"BLS Employment Projections Occupation.xlsx Table 1.2, 2025-2035",93.4,99.2,7.3,,,,,,,,,unscored_human_template,human-task-exposure-v2.0,true,train,19-2041.01
19-2041.01,Climate Change Policy Analysts,19-2041,19,16847,"Develop, or contribute to the development of, educational or outreach programs on the environment or climate change.",O*NET 31.0 Task Statements,31.0,"BLS Employment Projections Occupation.xlsx Table 1.2, 2025-2035",93.4,99.2,7.3,,,,,,,,,unscored_human_template,human-task-exposure-v2.0,true,train,19-2041.01
19-2042.00,"Geoscientists, Except Hydrologists and Geographers",19-2042,19,3707,"Assess ground or surface water movement to provide advice on issues, such as waste management, route and site selection, or the restoration of contaminated sites.",O*NET 31.0 Task Statements,31.0,"BLS Employment Projections Occupation.xlsx Table 1.2, 2025-2035",25.4,26.7,1.8,,,,,,,,,unscored_human_template,human-task-exposure-v2.0,true,train,19-2042.00
19-2042.00,"Geoscientists, Except Hydrologists and Geographers",19-2042,19,3706,"Locate and estimate probable natural gas, oil, or mineral ore deposits or underground water resources, using aerial photographs, charts, or research or survey results.",O*NET 31.0 Task Statements,31.0,"BLS Employment Projections Occupation.xlsx Table 1.2, 2025-2035",25.4,26.7,1.8,,,,,,,,,unscored_human_template,human-task-exposure-v2.0,true,train,19-2042.00
19-2042.00,"Geoscientists, Except Hydrologists and Geographers",19-2042,19,19760,Collaborate with medical or health researchers to address health problems related to geological materials or processes.,O*NET 31.0 Task Statements,31.0,"BLS Employment Projections Occupation.xlsx Table 1.2, 2025-2035",25.4,26.7,1.8,,,,,,,,,unscored_human_template,human-task-exposure-v2.0,true,train,19-2042.00
19-2043.00,Hydrologists,19-2043,19,9115,"Study and analyze the physical aspects of the earth in terms of hydrological components, including atmosphere, hydrosphere, and interior structure.",O*NET 31.0 Task Statements,31.0,"BLS Employment Projections Occupation.xlsx Table 1.2, 2025-2035",6.3,6.4,0.4,,,,,,,,,unscored_human_template,human-task-exposure-v2.0,true,train,19-2043.00
19-2043.00,Hydrologists,19-2043,19,9123,"Investigate properties, origins, and activities of glaciers, ice, snow, and permafrost.",O*NET 31.0 Task Statements,31.0,"BLS Employment Projections Occupation.xlsx Table 1.2, 2025-2035",6.3,6.4,0.4,,,,,,,,,unscored_human_template,human-task-exposure-v2.0,true,train,19-2043.00
19-2043.00,Hydrologists,19-2043,19,9117,"Design civil works associated with hydrographic activities and supervise their construction, installation, and maintenance.",O*NET 31.0 Task Statements,31.0,"BLS Employment Projections Occupation.xlsx Table 1.2, 2025-2035",6.3,6.4,0.4,,,,,,,,,unscored_human_template,human-task-exposure-v2.0,true,train,19-2043.00
19-3011.01,Environmental Economists,19-3011,19,16908,"Develop environmental research project plans, including information on budgets, goals, deliverables, timelines, and resource requirements.",O*NET 31.0 Task Statements,31.0,"BLS Employment Projections Occupation.xlsx Table 1.2, 2025-2035",18.6,19.5,1.1,,,,,,,,,unscored_human_template,human-task-exposure-v2.0,true,train,19-3011.01
19-3011.01,Environmental Economists,19-3011,19,19985,"Assess the costs and benefits of various activities, policies, or regulations that affect the environment or natural resource stocks.",O*NET 31.0 Task Statements,31.0,"BLS Employment Projections Occupation.xlsx Table 1.2, 2025-2035",18.6,19.5,1.1,,,,,,,,,unscored_human_template,human-task-exposure-v2.0,true,train,19-3011.01
19-3011.01,Environmental Economists,19-3011,19,16900,Identify and recommend environmentally friendly business practices.,O*NET 31.0 Task Statements,31.0,"BLS Employment Projections Occupation.xlsx Table 1.2, 2025-2035",18.6,19.5,1.1,,,,,,,,,unscored_human_template,human-task-exposure-v2.0,true,train,19-3011.01
19-3032.00,Industrial-Organizational Psychologists,19-3032,19,7573,Counsel workers about job and career-related issues.,O*NET 31.0 Task Statements,31.0,"BLS Employment Projections Occupation.xlsx Table 1.2, 2025-2035",4,4.3,0.3,,,,,,,,,unscored_human_template,human-task-exposure-v2.0,true,train,19-3032.00
19-3032.00,Industrial-Organizational Psychologists,19-3032,19,7566,"Conduct research studies of physical work environments, organizational structures, communication systems, group interactions, morale, or motivation to assess organizational functioning.",O*NET 31.0 Task Statements,31.0,"BLS Employment Projections Occupation.xlsx Table 1.2, 2025-2035",4,4.3,0.3,,,,,,,,,unscored_human_template,human-task-exposure-v2.0,true,train,19-3032.00
19-3032.00,Industrial-Organizational Psychologists,19-3032,19,7574,"Study consumers' reactions to new products and package designs, and to advertising efforts, using surveys and tests.",O*NET 31.0 Task Statements,31.0,"BLS Employment Projections Occupation.xlsx Table 1.2, 2025-2035",4,4.3,0.3,,,,,,,,,unscored_human_template,human-task-exposure-v2.0,true,train,19-3032.00
19-3034.00,School Psychologists,19-3034,19,5459,"Refer students and their families to appropriate community agencies for medical, vocational, or social services.",O*NET 31.0 Task Statements,31.0,"BLS Employment Projections Occupation.xlsx Table 1.2, 2025-2035",64,64.5,3.4,,,,,,,,,unscored_human_template,human-task-exposure-v2.0,true,train,19-3034.00
19-3034.00,School Psychologists,19-3034,19,5447,"Report any pertinent information to the proper authorities in cases of child endangerment, neglect, or abuse.",O*NET 31.0 Task Statements,31.0,"BLS Employment Projections Occupation.xlsx Table 1.2, 2025-2035",64,64.5,3.4,,,,,,,,,unscored_human_template,human-task-exposure-v2.0,true,train,19-3034.00
19-3034.00,School Psychologists,19-3034,19,5446,"Compile and interpret students' test results, along with information from teachers and parents, to diagnose conditions and to help assess eligibility for special services.",O*NET 31.0 Task Statements,31.0,"BLS Employment Projections Occupation.xlsx Table 1.2, 2025-2035",64,64.5,3.4,,,,,,,,,unscored_human_template,human-task-exposure-v2.0,true,train,19-3034.00
19-3039.02,Neuropsychologists,19-3039,19,22203,"Participate in educational programs, in-service training, or workshops to remain current in methods and techniques.",O*NET 31.0 Task Statements,31.0,"BLS Employment Projections Occupation.xlsx Table 1.2, 2025-2035",60,61.4,3.5,,,,,,,,,unscored_human_template,human-task-exposure-v2.0,true,train,19-3039.02
19-3039.02,Neuropsychologists,19-3039,19,22201,Establish neurobehavioral baseline measures for monitoring progressive cerebral disease or recovery.,O*NET 31.0 Task Statements,31.0,"BLS Employment Projections Occupation.xlsx Table 1.2, 2025-2035",60,61.4,3.5,,,,,,,,,unscored_human_template,human-task-exposure-v2.0,true,train,19-3039.02
19-3039.02,Neuropsychologists,19-3039,19,22200,"Educate and supervise practicum students, psychology interns, or hospital staff.",O*NET 31.0 Task Statements,31.0,"BLS Employment Projections Occupation.xlsx Table 1.2, 2025-2035",60,61.4,3.5,,,,,,,,,unscored_human_template,human-task-exposure-v2.0,true,train,19-3039.02
19-3039.03,Clinical Neuropsychologists,19-3039,19,22217,Establish neurobehavioral baseline measures for monitoring progressive cerebral disease or recovery.,O*NET 31.0 Task Statements,31.0,"BLS Employment Projections Occupation.xlsx Table 1.2, 2025-2035",60,61.4,3.5,,,,,,,,,unscored_human_template,human-task-exposure-v2.0,true,train,19-3039.03
19-3039.03,Clinical Neuropsychologists,19-3039,19,22224,"Write or prepare detailed clinical neuropsychological reports, using data from psychological or neuropsychological tests, self-report measures, rating scales, direct observations, or interviews.",O*NET 31.0 Task Statements,31.0,"BLS Employment Projections Occupation.xlsx Table 1.2, 2025-2035",60,61.4,3.5,,,,,,,,,unscored_human_template,human-task-exposure-v2.0,true,train,19-3039.03
19-3039.03,Clinical Neuropsychologists,19-3039,19,22207,"Compare patients' progress before and after pharmacologic, surgical, or behavioral interventions.",O*NET 31.0 Task Statements,31.0,"BLS Employment Projections Occupation.xlsx Table 1.2, 2025-2035",60,61.4,3.5,,,,,,,,,unscored_human_template,human-task-exposure-v2.0,true,train,19-3039.03
19-3051.00,Urban and Regional Planners,19-3051,19,230,Mediate community disputes or assist in developing alternative plans or recommendations for programs or projects.,O*NET 31.0 Task Statements,31.0,"BLS Employment Projections Occupation.xlsx Table 1.2, 2025-2035",45.8,47.6,3.2,,,,,,,,,unscored_human_template,human-task-exposure-v2.0,true,train,19-3051.00
19-3051.00,Urban and Regional Planners,19-3051,19,20523,Determine the effects of regulatory limitations on land use projects.,O*NET 31.0 Task Statements,31.0,"BLS Employment Projections Occupation.xlsx Table 1.2, 2025-2035",45.8,47.6,3.2,,,,,,,,,unscored_human_template,human-task-exposure-v2.0,true,train,19-3051.00
19-3051.00,Urban and Regional Planners,19-3051,19,22226,"Prepare reports, using statistics, charts, and graphs, to illustrate planning studies in areas such as population, land use, or zoning.",O*NET 31.0 Task Statements,31.0,"BLS Employment Projections Occupation.xlsx Table 1.2, 2025-2035",45.8,47.6,3.2,,,,,,,,,unscored_human_template,human-task-exposure-v2.0,true,train,19-3051.00
19-3091.00,Anthropologists and Archeologists,19-3091,19,22250,"Collaborate with economic development planners to decide on the implementation of proposed development policies, plans, and programs based on culturally institutionalized barriers and facilitating circumstances.",O*NET 31.0 Task Statements,31.0,"BLS Employment Projections Occupation.xlsx Table 1.2, 2025-2035",10.2,10.8,0.8,,,,,,,,,unscored_human_template,human-task-exposure-v2.0,true,train,19-3091.00
19-3091.00,Anthropologists and Archeologists,19-3091,19,22234,Write about and present research findings for a variety of specialized and general audiences.,O*NET 31.0 Task Statements,31.0,"BLS Employment Projections Occupation.xlsx Table 1.2, 2025-2035",10.2,10.8,0.8,,,,,,,,,unscored_human_template,human-task-exposure-v2.0,true,train,19-3091.00
19-3091.00,Anthropologists and Archeologists,19-3091,19,22251,"Clean, restore, and preserve artifacts.",O*NET 31.0 Task Statements,31.0,"BLS Employment Projections Occupation.xlsx Table 1.2, 2025-2035",10.2,10.8,0.8,,,,,,,,,unscored_human_template,human-task-exposure-v2.0,true,train,19-3091.00
19-3093.00,Historians,19-3093,19,3717,"Organize data, and analyze and interpret its authenticity and relative significance.",O*NET 31.0 Task Statements,31.0,"BLS Employment Projections Occupation.xlsx Table 1.2, 2025-2035",3.8,3.9,0.3,,,,,,,,,unscored_human_template,human-task-exposure-v2.0,true,train,19-3093.00
19-3093.00,Historians,19-3093,19,3728,"Organize information for publication and for other means of dissemination, such as via storage media or the Internet.",O*NET 31.0 Task Statements,31.0,"BLS Employment Projections Occupation.xlsx Table 1.2, 2025-2035",3.8,3.9,0.3,,,,,,,,,unscored_human_template,human-task-exposure-v2.0,true,train,19-3093.00
19-3093.00,Historians,19-3093,19,3721,"Teach and conduct research in colleges, universities, museums, and other research agencies and schools.",O*NET 31.0 Task Statements,31.0,"BLS Employment Projections Occupation.xlsx Table 1.2, 2025-2035",3.8,3.9,0.3,,,,,,,,,unscored_human_template,human-task-exposure-v2.0,true,train,19-3093.00
19-4012.00,Agricultural Technicians,19-4012,19,5542,"Perform crop production duties, such as tilling, hoeing, pruning, weeding, or harvesting crops.",O*NET 31.0 Task Statements,31.0,"BLS Employment Projections Occupation.xlsx Table 1.2, 2025-2035",19.5,20.6,2.8,,,,,,,,,unscored_human_template,human-task-exposure-v2.0,true,train,19-4012.00
19-4012.00,Agricultural Technicians,19-4012,19,5528,"Record data pertaining to experimentation, research, or animal care.",O*NET 31.0 Task Statements,31.0,"BLS Employment Projections Occupation.xlsx Table 1.2, 2025-2035",19.5,20.6,2.8,,,,,,,,,unscored_human_template,human-task-exposure-v2.0,true,train,19-4012.00
19-4012.00,Agricultural Technicians,19-4012,19,20535,Perform tests on seeds to evaluate seed viability.,O*NET 31.0 Task Statements,31.0,"BLS Employment Projections Occupation.xlsx Table 1.2, 2025-2035",19.5,20.6,2.8,,,,,,,,,unscored_human_template,human-task-exposure-v2.0,true,train,19-4012.00
19-4012.01,Precision Agriculture Technicians,19-4012,19,19803,Provide advice on the development or application of better boom-spray technology to limit the overapplication of chemicals and to reduce the migration of chemicals beyond the fields being treated.,O*NET 31.0 Task Statements,31.0,"BLS Employment Projections Occupation.xlsx Table 1.2, 2025-2035",19.5,20.6,2.8,,,,,,,,,unscored_human_template,human-task-exposure-v2.0,true,train,19-4012.01
19-4012.01,Precision Agriculture Technicians,19-4012,19,18288,"Recommend best crop varieties or seeding rates for specific field areas, based on analysis of geospatial data.",O*NET 31.0 Task Statements,31.0,"BLS Employment Projections Occupation.xlsx Table 1.2, 2025-2035",19.5,20.6,2.8,,,,,,,,,unscored_human_template,human-task-exposure-v2.0,true,train,19-4012.01
19-4012.01,Precision Agriculture Technicians,19-4012,19,18293,"Analyze remote sensing imagery to identify relationships between soil quality, crop canopy densities, light reflectance, and weather history.",O*NET 31.0 Task Statements,31.0,"BLS Employment Projections Occupation.xlsx Table 1.2, 2025-2035",19.5,20.6,2.8,,,,,,,,,unscored_human_template,human-task-exposure-v2.0,true,train,19-4012.01
19-4013.00,Food Science Technicians,19-4013,19,7583,"Examine chemical or biological samples to identify cell structures or to locate bacteria or extraneous material, using a microscope.",O*NET 31.0 Task Statements,31.0,"BLS Employment Projections Occupation.xlsx Table 1.2, 2025-2035",20.8,21.8,3,,,,,,,,,unscored_human_template,human-task-exposure-v2.0,true,train,19-4013.00
19-4013.00,Food Science Technicians,19-4013,19,20397,Train newly hired laboratory personnel.,O*NET 31.0 Task Statements,31.0,"BLS Employment Projections Occupation.xlsx Table 1.2, 2025-2035",20.8,21.8,3,,,,,,,,,unscored_human_template,human-task-exposure-v2.0,true,train,19-4013.00
19-4013.00,Food Science Technicians,19-4013,19,7584,"Mix, blend, or cultivate ingredients to make reagents or to manufacture food or beverage products.",O*NET 31.0 Task Statements,31.0,"BLS Employment Projections Occupation.xlsx Table 1.2, 2025-2035",20.8,21.8,3,,,,,,,,,unscored_human_template,human-task-exposure-v2.0,true,train,19-4013.00
19-4021.00,Biological Technicians,19-4021,19,20981,Input data into databases.,O*NET 31.0 Task Statements,31.0,"BLS Employment Projections Occupation.xlsx Table 1.2, 2025-2035",74.4,79.9,9.4,,,,,,,,,unscored_human_template,human-task-exposure-v2.0,true,train,19-4021.00
19-4021.00,Biological Technicians,19-4021,19,3740,"Use computers, computer-interfaced equipment, robotics or high-technology industrial applications to perform work duties.",O*NET 31.0 Task Statements,31.0,"BLS Employment Projections Occupation.xlsx Table 1.2, 2025-2035",74.4,79.9,9.4,,,,,,,,,unscored_human_template,human-task-exposure-v2.0,true,train,19-4021.00
19-4021.00,Biological Technicians,19-4021,19,3751,"Conduct or supervise operational programs, such as fish hatcheries, greenhouses and livestock production programs.",O*NET 31.0 Task Statements,31.0,"BLS Employment Projections Occupation.xlsx Table 1.2, 2025-2035",74.4,79.9,9.4,,,,,,,,,unscored_human_template,human-task-exposure-v2.0,true,train,19-4021.00
19-4031.00,Chemical Technicians,19-4031,19,20538,Train new employees on topics such as the proper operation of laboratory equipment.,O*NET 31.0 Task Statements,31.0,"BLS Employment Projections Occupation.xlsx Table 1.2, 2025-2035",60,63,7.6,,,,,,,,,unscored_human_template,human-task-exposure-v2.0,true,train,19-4031.00
19-4031.00,Chemical Technicians,19-4031,19,1539,Provide technical support or assistance to chemists or engineers.,O*NET 31.0 Task Statements,31.0,"BLS Employment Projections Occupation.xlsx Table 1.2, 2025-2035",60,63,7.6,,,,,,,,,unscored_human_template,human-task-exposure-v2.0,true,train,19-4031.00
19-4031.00,Chemical Technicians,19-4031,19,1547,Develop new chemical engineering processes or production techniques.,O*NET 31.0 Task Statements,31.0,"BLS Employment Projections Occupation.xlsx Table 1.2, 2025-2035",60,63,7.6,,,,,,,,,unscored_human_template,human-task-exposure-v2.0,true,train,19-4031.00
19-4042.00,"Environmental Science and Protection Technicians, Including Health",19-4042,19,20871,Develop testing procedures.,O*NET 31.0 Task Statements,31.0,"BLS Employment Projections Occupation.xlsx Table 1.2, 2025-2035",36.4,38.9,5.3,,,,,,,,,unscored_human_template,human-task-exposure-v2.0,true,train,19-4042.00
19-4042.00,"Environmental Science and Protection Technicians, Including Health",19-4042,19,19799,Monitor emission control devices to ensure they are operating properly and comply with state and federal regulations.,O*NET 31.0 Task Statements,31.0,"BLS Employment Projections Occupation.xlsx Table 1.2, 2025-2035",36.4,38.9,5.3,,,,,,,,,unscored_human_template,human-task-exposure-v2.0,true,train,19-4042.00
19-4042.00,"Environmental Science and Protection Technicians, Including Health",19-4042,19,1558,Initiate procedures to close down or fine establishments violating environmental or health regulations.,O*NET 31.0 Task Statements,31.0,"BLS Employment Projections Occupation.xlsx Table 1.2, 2025-2035",36.4,38.9,5.3,,,,,,,,,unscored_human_template,human-task-exposure-v2.0,true,train,19-4042.00
19-4051.00,Nuclear Technicians,19-4051,19,22313,Follow policies and procedures for radiation workers to ensure personnel safety.,O*NET 31.0 Task Statements,31.0,"BLS Employment Projections Occupation.xlsx Table 1.2, 2025-2035",6.7,6.8,0.9,,,,,,,,,unscored_human_template,human-task-exposure-v2.0,true,train,19-4051.00
19-4051.00,Nuclear Technicians,19-4051,19,22308,Follow nuclear equipment operational policies and procedures that ensure environmental safety.,O*NET 31.0 Task Statements,31.0,"BLS Employment Projections Occupation.xlsx Table 1.2, 2025-2035",6.7,6.8,0.9,,,,,,,,,unscored_human_template,human-task-exposure-v2.0,true,train,19-4051.00
19-4051.00,Nuclear Technicians,19-4051,19,22320,"Measure the intensity and identify the types of radiation in work areas, equipment, or materials, using radiation detectors or other instruments.",O*NET 31.0 Task Statements,31.0,"BLS Employment Projections Occupation.xlsx Table 1.2, 2025-2035",6.7,6.8,0.9,,,,,,,,,unscored_human_template,human-task-exposure-v2.0,true,train,19-4051.00
19-4071.00,Forest and Conservation Technicians,19-4071,19,5569,Patrol park or forest areas to protect resources and prevent damage.,O*NET 31.0 Task Statements,31.0,"BLS Employment Projections Occupation.xlsx Table 1.2, 2025-2035",32.8,32.2,3.8,,,,,,,,,unscored_human_template,human-task-exposure-v2.0,true,train,19-4071.00
19-4071.00,Forest and Conservation Technicians,19-4071,19,5570,"Provide information about, and enforce, regulations, such as those concerning environmental protection, resource utilization, fire safety, and accident prevention.",O*NET 31.0 Task Statements,31.0,"BLS Employment Projections Occupation.xlsx Table 1.2, 2025-2035",32.8,32.2,3.8,,,,,,,,,unscored_human_template,human-task-exposure-v2.0,true,train,19-4071.00
19-4071.00,Forest and Conservation Technicians,19-4071,19,5574,Develop and maintain computer databases.,O*NET 31.0 Task Statements,31.0,"BLS Employment Projections Occupation.xlsx Table 1.2, 2025-2035",32.8,32.2,3.8,,,,,,,,,unscored_human_template,human-task-exposure-v2.0,true,train,19-4071.00
19-4092.00,Forensic Science Technicians,19-4092,19,18482,Examine and analyze blood stain patterns at crime scenes.,O*NET 31.0 Task Statements,31.0,"BLS Employment Projections Occupation.xlsx Table 1.2, 2025-2035",20.1,22.8,2.8,,,,,,,,,unscored_human_template,human-task-exposure-v2.0,true,train,19-4092.00
19-4092.00,Forensic Science Technicians,19-4092,19,1583,Analyze gunshot residue and bullet paths to determine how shootings occurred.,O*NET 31.0 Task Statements,31.0,"BLS Employment Projections Occupation.xlsx Table 1.2, 2025-2035",20.1,22.8,2.8,,,,,,,,,unscored_human_template,human-task-exposure-v2.0,true,train,19-4092.00
19-4092.00,Forensic Science Technicians,19-4092,19,23967,"Examine physical evidence, such as hair, biological fluids, fiber, wood, or soil residues to obtain information about its source and composition.",O*NET 31.0 Task Statements,31.0,"BLS Employment Projections Occupation.xlsx Table 1.2, 2025-2035",20.1,22.8,2.8,,,,,,,,,unscored_human_template,human-task-exposure-v2.0,true,train,19-4092.00
19-4099.01,Quality Control Analysts,19-4099,19,16967,Receive and inspect raw materials.,O*NET 31.0 Task Statements,31.0,"BLS Employment Projections Occupation.xlsx Table 1.2, 2025-2035",89.5,93.4,11.2,,,,,,,,,unscored_human_template,human-task-exposure-v2.0,true,train,19-4099.01
19-4099.01,Quality Control Analysts,19-4099,19,16980,"Conduct routine and non-routine analyses of in-process materials, raw materials, environmental samples, finished goods, or stability samples.",O*NET 31.0 Task Statements,31.0,"BLS Employment Projections Occupation.xlsx Table 1.2, 2025-2035",89.5,93.4,11.2,,,,,,,,,unscored_human_template,human-task-exposure-v2.0,true,train,19-4099.01
19-4099.01,Quality Control Analysts,19-4099,19,16962,Develop and qualify new testing methods.,O*NET 31.0 Task Statements,31.0,"BLS Employment Projections Occupation.xlsx Table 1.2, 2025-2035",89.5,93.4,11.2,,,,,,,,,unscored_human_template,human-task-exposure-v2.0,true,train,19-4099.01
19-4099.03,Remote Sensing Technicians,19-4099,19,16996,"Consult with remote sensing scientists, surveyors, cartographers, or engineers to determine project needs.",O*NET 31.0 Task Statements,31.0,"BLS Employment Projections Occupation.xlsx Table 1.2, 2025-2035",89.5,93.4,11.2,,,,,,,,,unscored_human_template,human-task-exposure-v2.0,true,train,19-4099.03
19-4099.03,Remote Sensing Technicians,19-4099,19,16987,"Prepare documentation or presentations, including charts, photos, or graphs.",O*NET 31.0 Task Statements,31.0,"BLS Employment Projections Occupation.xlsx Table 1.2, 2025-2035",89.5,93.4,11.2,,,,,,,,,unscored_human_template,human-task-exposure-v2.0,true,train,19-4099.03
19-4099.03,Remote Sensing Technicians,19-4099,19,16989,"Monitor raw data quality during collection, and make equipment corrections as necessary.",O*NET 31.0 Task Statements,31.0,"BLS Employment Projections Occupation.xlsx Table 1.2, 2025-2035",89.5,93.4,11.2,,,,,,,,,unscored_human_template,human-task-exposure-v2.0,true,train,19-4099.03
19-5011.00,Occupational Health and Safety Specialists,19-5011,19,11068,Collaborate with engineers or physicians to institute control or remedial measures for hazardous or potentially hazardous conditions or equipment.,O*NET 31.0 Task Statements,31.0,"BLS Employment Projections Occupation.xlsx Table 1.2, 2025-2035",143.1,169.6,17.1,,,,,,,,,unscored_human_template,human-task-exposure-v2.0,true,train,19-5011.00
19-5011.00,Occupational Health and Safety Specialists,19-5011,19,11066,"Develop or maintain hygiene programs, such as noise surveys, continuous atmosphere monitoring, ventilation surveys, or asbestos management plans.",O*NET 31.0 Task Statements,31.0,"BLS Employment Projections Occupation.xlsx Table 1.2, 2025-2035",143.1,169.6,17.1,,,,,,,,,unscored_human_template,human-task-exposure-v2.0,true,train,19-5011.00
19-5011.00,Occupational Health and Safety Specialists,19-5011,19,11080,"Prepare hazardous, radioactive, or mixed waste samples for transportation or storage by treating, compacting, packaging, and labeling them.",O*NET 31.0 Task Statements,31.0,"BLS Employment Projections Occupation.xlsx Table 1.2, 2025-2035",143.1,169.6,17.1,,,,,,,,,unscored_human_template,human-task-exposure-v2.0,true,train,19-5011.00
21-1011.00,Substance Abuse and Behavioral Disorder Counselors,21-1011,21,5588,Intervene as an advocate for clients or patients to resolve emergency problems in crisis situations.,O*NET 31.0 Task Statements,31.0,"BLS Employment Projections Occupation.xlsx Table 1.2, 2025-2035",,,,,,,,,,,,unscored_human_template,human-task-exposure-v2.0,true,train,21-1011.00
21-1011.00,Substance Abuse and Behavioral Disorder Counselors,21-1011,21,5601,Follow progress of discharged patients to determine effectiveness of treatments.,O*NET 31.0 Task Statements,31.0,"BLS Employment Projections Occupation.xlsx Table 1.2, 2025-2035",,,,,,,,,,,,unscored_human_template,human-task-exposure-v2.0,true,train,21-1011.00
21-1011.00,Substance Abuse and Behavioral Disorder Counselors,21-1011,21,5584,"Complete and maintain accurate records or reports regarding the patients' histories and progress, services provided, or other required information.",O*NET 31.0 Task Statements,31.0,"BLS Employment Projections Occupation.xlsx Table 1.2, 2025-2035",,,,,,,,,,,,unscored_human_template,human-task-exposure-v2.0,true,train,21-1011.00
21-1013.00,Marriage and Family Therapists,21-1013,21,9187,"Maintain case files that include activities, progress notes, evaluations, and recommendations.",O*NET 31.0 Task Statements,31.0,"BLS Employment Projections Occupation.xlsx Table 1.2, 2025-2035",76.3,86.6,6.9,,,,,,,,,unscored_human_template,human-task-exposure-v2.0,true,train,21-1013.00
21-1013.00,Marriage and Family Therapists,21-1013,21,9198,Provide family counseling and treatment services to inmates participating in substance abuse programs.,O*NET 31.0 Task Statements,31.0,"BLS Employment Projections Occupation.xlsx Table 1.2, 2025-2035",76.3,86.6,6.9,,,,,,,,,unscored_human_template,human-task-exposure-v2.0,true,train,21-1013.00
21-1013.00,Marriage and Family Therapists,21-1013,21,9185,"Counsel clients on concerns, such as unsatisfactory relationships, divorce and separation, child rearing, home management, or financial difficulties.",O*NET 31.0 Task Statements,31.0,"BLS Employment Projections Occupation.xlsx Table 1.2, 2025-2035",76.3,86.6,6.9,,,,,,,,,unscored_human_template,human-task-exposure-v2.0,true,train,21-1013.00
21-1014.00,Mental Health Counselors,21-1014,21,1601,"Meet with families, probation officers, police, or other interested parties to exchange necessary information during the treatment process.",O*NET 31.0 Task Statements,31.0,"BLS Employment Projections Occupation.xlsx Table 1.2, 2025-2035",,,,,,,,,,,,unscored_human_template,human-task-exposure-v2.0,true,train,21-1014.00
21-1014.00,Mental Health Counselors,21-1014,21,1602,"Refer patients, clients, or family members to community resources or to specialists as necessary.",O*NET 31.0 Task Statements,31.0,"BLS Employment Projections Occupation.xlsx Table 1.2, 2025-2035",,,,,,,,,,,,unscored_human_template,human-task-exposure-v2.0,true,train,21-1014.00
21-1014.00,Mental Health Counselors,21-1014,21,1612,Plan or conduct programs to prevent substance abuse or improve community health or counseling services.,O*NET 31.0 Task Statements,31.0,"BLS Employment Projections Occupation.xlsx Table 1.2, 2025-2035",,,,,,,,,,,,unscored_human_template,human-task-exposure-v2.0,true,train,21-1014.00
21-1022.00,Healthcare Social Workers,21-1022,21,260,"Refer patient, client, or family to community resources to assist in recovery from mental or physical illness and to provide access to services such as financial assistance, legal aid, housing, job placement or education.",O*NET 31.0 Task Statements,31.0,"BLS Employment Projections Occupation.xlsx Table 1.2, 2025-2035",194.8,211.3,16.9,,,,,,,,,unscored_human_template,human-task-exposure-v2.0,true,train,21-1022.00
21-1022.00,Healthcare Social Workers,21-1022,21,261,"Counsel clients and patients in individual and group sessions to help them overcome dependencies, recover from illness, and adjust to life.",O*NET 31.0 Task Statements,31.0,"BLS Employment Projections Occupation.xlsx Table 1.2, 2025-2035",194.8,211.3,16.9,,,,,,,,,unscored_human_template,human-task-exposure-v2.0,true,train,21-1022.00
21-1022.00,Healthcare Social Workers,21-1022,21,270,Oversee Medicaid- and Medicare-related paperwork and recordkeeping in hospitals.,O*NET 31.0 Task Statements,31.0,"BLS Employment Projections Occupation.xlsx Table 1.2, 2025-2035",194.8,211.3,16.9,,,,,,,,,unscored_human_template,human-task-exposure-v2.0,true,train,21-1022.00
21-1023.00,Mental Health and Substance Abuse Social Workers,21-1023,21,18487,"Interview clients, review records, conduct assessments, or confer with other professionals to evaluate the mental or physical condition of clients or patients.",O*NET 31.0 Task Statements,31.0,"BLS Employment Projections Occupation.xlsx Table 1.2, 2025-2035",138.9,153.2,12.5,,,,,,,,,unscored_human_template,human-task-exposure-v2.0,true,train,21-1023.00
21-1023.00,Mental Health and Substance Abuse Social Workers,21-1023,21,279,Modify treatment plans according to changes in client status.,O*NET 31.0 Task Statements,31.0,"BLS Employment Projections Occupation.xlsx Table 1.2, 2025-2035",138.9,153.2,12.5,,,,,,,,,unscored_human_template,human-task-exposure-v2.0,true,train,21-1023.00
21-1023.00,Mental Health and Substance Abuse Social Workers,21-1023,21,282,Develop or advise on social policy or assist in community development.,O*NET 31.0 Task Statements,31.0,"BLS Employment Projections Occupation.xlsx Table 1.2, 2025-2035",138.9,153.2,12.5,,,,,,,,,unscored_human_template,human-task-exposure-v2.0,true,train,21-1023.00
21-1091.00,Health Education Specialists,21-1091,21,9224,Design and conduct evaluations and diagnostic studies to assess the quality and performance of health education programs.,O*NET 31.0 Task Statements,31.0,"BLS Employment Projections Occupation.xlsx Table 1.2, 2025-2035",70.4,74.4,6.9,,,,,,,,,unscored_human_template,human-task-exposure-v2.0,true,train,21-1091.00
21-1091.00,Health Education Specialists,21-1091,21,9220,Develop operational plans and policies necessary to achieve health education objectives and services.,O*NET 31.0 Task Statements,31.0,"BLS Employment Projections Occupation.xlsx Table 1.2, 2025-2035",70.4,74.4,6.9,,,,,,,,,unscored_human_template,human-task-exposure-v2.0,true,train,21-1091.00
21-1091.00,Health Education Specialists,21-1091,21,20235,"Develop educational materials and programs for community agencies, local government, and state government.",O*NET 31.0 Task Statements,31.0,"BLS Employment Projections Occupation.xlsx Table 1.2, 2025-2035",70.4,74.4,6.9,,,,,,,,,unscored_human_template,human-task-exposure-v2.0,true,train,21-1091.00
21-1092.00,Probation Officers and Correctional Treatment Specialists,21-1092,21,1633,"Develop and prepare packets containing information about social service agencies, assistance organizations, and programs that might be useful for inmates or offenders.",O*NET 31.0 Task Statements,31.0,"BLS Employment Projections Occupation.xlsx Table 1.2, 2025-2035",93.7,96.5,7.9,,,,,,,,,unscored_human_template,human-task-exposure-v2.0,true,train,21-1092.00
21-1092.00,Probation Officers and Correctional Treatment Specialists,21-1092,21,1624,Recommend remedial action or initiate court action in response to noncompliance with terms of probation or parole.,O*NET 31.0 Task Statements,31.0,"BLS Employment Projections Occupation.xlsx Table 1.2, 2025-2035",93.7,96.5,7.9,,,,,,,,,unscored_human_template,human-task-exposure-v2.0,true,train,21-1092.00
21-1092.00,Probation Officers and Correctional Treatment Specialists,21-1092,21,1632,Identify and approve work placements for offenders with community service sentences.,O*NET 31.0 Task Statements,31.0,"BLS Employment Projections Occupation.xlsx Table 1.2, 2025-2035",93.7,96.5,7.9,,,,,,,,,unscored_human_template,human-task-exposure-v2.0,true,train,21-1092.00
21-1093.00,Social and Human Service Assistants,21-1093,21,21179,Assess clients' cognitive abilities and physical and emotional needs to determine appropriate interventions.,O*NET 31.0 Task Statements,31.0,"BLS Employment Projections Occupation.xlsx Table 1.2, 2025-2035",463.4,497.6,48.9,,,,,,,,,unscored_human_template,human-task-exposure-v2.0,true,train,21-1093.00
21-1093.00,Social and Human Service Assistants,21-1093,21,3756,"Advise clients regarding food stamps, child care, food, money management, sanitation, or housekeeping.",O*NET 31.0 Task Statements,31.0,"BLS Employment Projections Occupation.xlsx Table 1.2, 2025-2035",463.4,497.6,48.9,,,,,,,,,unscored_human_template,human-task-exposure-v2.0,true,train,21-1093.00
21-1093.00,Social and Human Service Assistants,21-1093,21,3765,Consult with supervisor concerning programs for individual families.,O*NET 31.0 Task Statements,31.0,"BLS Employment Projections Occupation.xlsx Table 1.2, 2025-2035",463.4,497.6,48.9,,,,,,,,,unscored_human_template,human-task-exposure-v2.0,true,train,21-1093.00
21-2011.00,Clergy,21-2011,21,20749,"Organize or engage in interfaith, community, civic, educational, or recreational activities sponsored by or related to religious programs.",O*NET 31.0 Task Statements,31.0,"BLS Employment Projections Occupation.xlsx Table 1.2, 2025-2035",242,247.8,19.2,,,,,,,,,unscored_human_template,human-task-exposure-v2.0,true,train,21-2011.00
21-2011.00,Clergy,21-2011,21,10950,Prepare people for participation in religious ceremonies.,O*NET 31.0 Task Statements,31.0,"BLS Employment Projections Occupation.xlsx Table 1.2, 2025-2035",242,247.8,19.2,,,,,,,,,unscored_human_template,human-task-exposure-v2.0,true,train,21-2011.00
21-2011.00,Clergy,21-2011,21,10943,Administer religious rites or ordinances.,O*NET 31.0 Task Statements,31.0,"BLS Employment Projections Occupation.xlsx Table 1.2, 2025-2035",242,247.8,19.2,,,,,,,,,unscored_human_template,human-task-exposure-v2.0,true,train,21-2011.00
21-2021.00,"Directors, Religious Activities and Education",21-2021,21,12984,"Confer with clergy members, congregational officials, or congregational organizations to encourage support of or participation in religious education activities.",O*NET 31.0 Task Statements,31.0,"BLS Employment Projections Occupation.xlsx Table 1.2, 2025-2035",141.9,146.6,13,,,,,,,,,unscored_human_template,human-task-exposure-v2.0,true,train,21-2021.00
21-2021.00,"Directors, Religious Activities and Education",21-2021,21,12988,"Locate and distribute resources, such as periodicals or curricula, to enhance the effectiveness of educational programs.",O*NET 31.0 Task Statements,31.0,"BLS Employment Projections Occupation.xlsx Table 1.2, 2025-2035",141.9,146.6,13,,,,,,,,,unscored_human_template,human-task-exposure-v2.0,true,train,21-2021.00
21-2021.00,"Directors, Religious Activities and Education",21-2021,21,12992,"Interpret religious education activities to the public through speaking, leading discussions, or writing articles for local or national publications.",O*NET 31.0 Task Statements,31.0,"BLS Employment Projections Occupation.xlsx Table 1.2, 2025-2035",141.9,146.6,13,,,,,,,,,unscored_human_template,human-task-exposure-v2.0,true,train,21-2021.00
23-1011.00,Lawyers,23-1011,23,20877,"Prepare, draft, and review legal documents, such as wills, deeds, patent applications, mortgages, leases, and contracts.",O*NET 31.0 Task Statements,31.0,"BLS Employment Projections Occupation.xlsx Table 1.2, 2025-2035",863.7,904.3,28.7,,,,,,,,,unscored_human_template,human-task-exposure-v2.0,true,train,23-1011.00
23-1011.00,Lawyers,23-1011,23,3786,Negotiate settlements of civil disputes.,O*NET 31.0 Task Statements,31.0,"BLS Employment Projections Occupation.xlsx Table 1.2, 2025-2035",863.7,904.3,28.7,,,,,,,,,unscored_human_template,human-task-exposure-v2.0,true,train,23-1011.00
23-1011.00,Lawyers,23-1011,23,3782,Present evidence to defend clients or prosecute defendants in criminal or civil litigation.,O*NET 31.0 Task Statements,31.0,"BLS Employment Projections Occupation.xlsx Table 1.2, 2025-2035",863.7,904.3,28.7,,,,,,,,,unscored_human_template,human-task-exposure-v2.0,true,train,23-1011.00
23-1021.00,"Administrative Law Judges, Adjudicators, and Hearing Officers",23-1021,23,7627,"Determine existence and amount of liability according to current laws, administrative and judicial precedents, and available evidence.",O*NET 31.0 Task Statements,31.0,"BLS Employment Projections Occupation.xlsx Table 1.2, 2025-2035",17.4,17.4,0.5,,,,,,,,,unscored_human_template,human-task-exposure-v2.0,true,train,23-1021.00
23-1021.00,"Administrative Law Judges, Adjudicators, and Hearing Officers",23-1021,23,7622,Explain to claimants how they can appeal rulings that go against them.,O*NET 31.0 Task Statements,31.0,"BLS Employment Projections Occupation.xlsx Table 1.2, 2025-2035",17.4,17.4,0.5,,,,,,,,,unscored_human_template,human-task-exposure-v2.0,true,train,23-1021.00
23-1021.00,"Administrative Law Judges, Adjudicators, and Hearing Officers",23-1021,23,7624,Authorize payment of valid claims and determine method of payment.,O*NET 31.0 Task Statements,31.0,"BLS Employment Projections Occupation.xlsx Table 1.2, 2025-2035",17.4,17.4,0.5,,,,,,,,,unscored_human_template,human-task-exposure-v2.0,true,train,23-1021.00
23-1023.00,"Judges, Magistrate Judges, and Magistrates",23-1023,23,5655,Settle disputes between opposing attorneys.,O*NET 31.0 Task Statements,31.0,"BLS Employment Projections Occupation.xlsx Table 1.2, 2025-2035",25.3,26,0.8,,,,,,,,,unscored_human_template,human-task-exposure-v2.0,true,train,23-1023.00
23-1023.00,"Judges, Magistrate Judges, and Magistrates",23-1023,23,5645,Rule on admissibility of evidence and methods of conducting testimony.,O*NET 31.0 Task Statements,31.0,"BLS Employment Projections Occupation.xlsx Table 1.2, 2025-2035",25.3,26,0.8,,,,,,,,,unscored_human_template,human-task-exposure-v2.0,true,train,23-1023.00
23-1023.00,"Judges, Magistrate Judges, and Magistrates",23-1023,23,20057,Provide information regarding the judicial system or other legal issues through the media and public speeches.,O*NET 31.0 Task Statements,31.0,"BLS Employment Projections Occupation.xlsx Table 1.2, 2025-2035",25.3,26,0.8,,,,,,,,,unscored_human_template,human-task-exposure-v2.0,true,train,23-1023.00
23-2011.00,Paralegals and Legal Assistants,23-2011,23,18492,Prepare for trial by performing tasks such as organizing exhibits.,O*NET 31.0 Task Statements,31.0,"BLS Employment Projections Occupation.xlsx Table 1.2, 2025-2035",404.9,403.8,40.8,,,,,,,,,unscored_human_template,human-task-exposure-v2.0,true,train,23-2011.00
23-2011.00,Paralegals and Legal Assistants,23-2011,23,21062,"Investigate facts and law of cases and search pertinent sources, such as public records and internet sources, to determine causes of action and to prepare cases.",O*NET 31.0 Task Statements,31.0,"BLS Employment Projections Occupation.xlsx Table 1.2, 2025-2035",404.9,403.8,40.8,,,,,,,,,unscored_human_template,human-task-exposure-v2.0,true,train,23-2011.00
23-2011.00,Paralegals and Legal Assistants,23-2011,23,1642,Appraise and inventory real and personal property for estate planning.,O*NET 31.0 Task Statements,31.0,"BLS Employment Projections Occupation.xlsx Table 1.2, 2025-2035",404.9,403.8,40.8,,,,,,,,,unscored_human_template,human-task-exposure-v2.0,true,train,23-2011.00
23-2093.00,"Title Examiners, Abstractors, and Searchers",23-2093,23,9242,"Summarize pertinent legal or insurance details, or sections of statutes or case law from reference books for use in examinations or as proofs or ready reference.",O*NET 31.0 Task Statements,31.0,"BLS Employment Projections Occupation.xlsx Table 1.2, 2025-2035",59.8,61.1,5.3,,,,,,,,,unscored_human_template,human-task-exposure-v2.0,true,train,23-2093.00
23-2093.00,"Title Examiners, Abstractors, and Searchers",23-2093,23,9243,Retrieve and examine real estate closing files for accuracy and to ensure that information included is recorded and executed according to regulations.,O*NET 31.0 Task Statements,31.0,"BLS Employment Projections Occupation.xlsx Table 1.2, 2025-2035",59.8,61.1,5.3,,,,,,,,,unscored_human_template,human-task-exposure-v2.0,true,train,23-2093.00
23-2093.00,"Title Examiners, Abstractors, and Searchers",23-2093,23,9245,"Determine whether land-related documents can be registered under the relevant legislation, such as the Land Titles Act.",O*NET 31.0 Task Statements,31.0,"BLS Employment Projections Occupation.xlsx Table 1.2, 2025-2035",59.8,61.1,5.3,,,,,,,,,unscored_human_template,human-task-exposure-v2.0,true,train,23-2093.00
25-1011.00,"Business Teachers, Postsecondary",25-1011,25,5671,Advise students on academic and vocational curricula and career issues.,O*NET 31.0 Task Statements,31.0,"BLS Employment Projections Occupation.xlsx Table 1.2, 2025-2035",103.6,109.7,7.6,,,,,,,,,unscored_human_template,human-task-exposure-v2.0,true,train,25-1011.00
25-1011.00,"Business Teachers, Postsecondary",25-1011,25,5678,Compile bibliographies of specialized materials for outside reading assignments.,O*NET 31.0 Task Statements,31.0,"BLS Employment Projections Occupation.xlsx Table 1.2, 2025-2035",103.6,109.7,7.6,,,,,,,,,unscored_human_template,human-task-exposure-v2.0,true,train,25-1011.00
25-1011.00,"Business Teachers, Postsecondary",25-1011,25,5679,"Perform administrative duties, such as serving as department head.",O*NET 31.0 Task Statements,31.0,"BLS Employment Projections Occupation.xlsx Table 1.2, 2025-2035",103.6,109.7,7.6,,,,,,,,,unscored_human_template,human-task-exposure-v2.0,true,train,25-1011.00
25-1021.00,"Computer Science Teachers, Postsecondary",25-1021,25,5694,Maintain regularly scheduled office hours to advise and assist students.,O*NET 31.0 Task Statements,31.0,"BLS Employment Projections Occupation.xlsx Table 1.2, 2025-2035",43.9,46.1,3.2,,,,,,,,,unscored_human_template,human-task-exposure-v2.0,true,train,25-1021.00
25-1021.00,"Computer Science Teachers, Postsecondary",25-1021,25,5692,"Plan, evaluate, and revise curricula, course content, and course materials and methods of instruction.",O*NET 31.0 Task Statements,31.0,"BLS Employment Projections Occupation.xlsx Table 1.2, 2025-2035",43.9,46.1,3.2,,,,,,,,,unscored_human_template,human-task-exposure-v2.0,true,train,25-1021.00
25-1021.00,"Computer Science Teachers, Postsecondary",25-1021,25,5700,Act as advisers to student organizations.,O*NET 31.0 Task Statements,31.0,"BLS Employment Projections Occupation.xlsx Table 1.2, 2025-2035",43.9,46.1,3.2,,,,,,,,,unscored_human_template,human-task-exposure-v2.0,true,train,25-1021.00
25-1031.00,"Architecture Teachers, Postsecondary",25-1031,25,5737,"Maintain student attendance records, grades, and other required records.",O*NET 31.0 Task Statements,31.0,"BLS Employment Projections Occupation.xlsx Table 1.2, 2025-2035",9.7,10,0.7,,,,,,,,,unscored_human_template,human-task-exposure-v2.0,true,train,25-1031.00
25-1031.00,"Architecture Teachers, Postsecondary",25-1031,25,5740,"Conduct research in a particular field of knowledge and publish findings in professional journals, books, or electronic media.",O*NET 31.0 Task Statements,31.0,"BLS Employment Projections Occupation.xlsx Table 1.2, 2025-2035",9.7,10,0.7,,,,,,,,,unscored_human_template,human-task-exposure-v2.0,true,train,25-1031.00
25-1031.00,"Architecture Teachers, Postsecondary",25-1031,25,5750,"Perform administrative duties, such as serving as department head.",O*NET 31.0 Task Statements,31.0,"BLS Employment Projections Occupation.xlsx Table 1.2, 2025-2035",9.7,10,0.7,,,,,,,,,unscored_human_template,human-task-exposure-v2.0,true,train,25-1031.00
25-1032.00,"Engineering Teachers, Postsecondary",25-1032,25,5770,"Serve on academic or administrative committees that deal with institutional policies, departmental matters, and academic issues.",O*NET 31.0 Task Statements,31.0,"BLS Employment Projections Occupation.xlsx Table 1.2, 2025-2035",50.9,54.9,3.9,,,,,,,,,unscored_human_template,human-task-exposure-v2.0,true,train,25-1032.00
25-1032.00,"Engineering Teachers, Postsecondary",25-1032,25,5755,"Supervise undergraduate or graduate teaching, internship, and research work.",O*NET 31.0 Task Statements,31.0,"BLS Employment Projections Occupation.xlsx Table 1.2, 2025-2035",50.9,54.9,3.9,,,,,,,,,unscored_human_template,human-task-exposure-v2.0,true,train,25-1032.00
25-1032.00,"Engineering Teachers, Postsecondary",25-1032,25,5773,Compile bibliographies of specialized materials for outside reading assignments.,O*NET 31.0 Task Statements,31.0,"BLS Employment Projections Occupation.xlsx Table 1.2, 2025-2035",50.9,54.9,3.9,,,,,,,,,unscored_human_template,human-task-exposure-v2.0,true,train,25-1032.00
25-1042.00,"Biological Science Teachers, Postsecondary",25-1042,25,20064,Review papers for publication in journals.,O*NET 31.0 Task Statements,31.0,"BLS Employment Projections Occupation.xlsx Table 1.2, 2025-2035",62,66.5,4.7,,,,,,,,,unscored_human_template,human-task-exposure-v2.0,true,train,25-1042.00
25-1042.00,"Biological Science Teachers, Postsecondary",25-1042,25,5810,"Supervise undergraduate or graduate teaching, internship, and research work.",O*NET 31.0 Task Statements,31.0,"BLS Employment Projections Occupation.xlsx Table 1.2, 2025-2035",62,66.5,4.7,,,,,,,,,unscored_human_template,human-task-exposure-v2.0,true,train,25-1042.00
25-1042.00,"Biological Science Teachers, Postsecondary",25-1042,25,5818,Act as advisers to student organizations.,O*NET 31.0 Task Statements,31.0,"BLS Employment Projections Occupation.xlsx Table 1.2, 2025-2035",62,66.5,4.7,,,,,,,,,unscored_human_template,human-task-exposure-v2.0,true,train,25-1042.00
25-1051.00,"Atmospheric, Earth, Marine, and Space Sciences Teachers, Postsecondary",25-1051,25,5863,"Serve on academic or administrative committees that deal with institutional policies, departmental matters, and academic issues.",O*NET 31.0 Task Statements,31.0,"BLS Employment Projections Occupation.xlsx Table 1.2, 2025-2035",12,12.3,0.8,,,,,,,,,unscored_human_template,human-task-exposure-v2.0,true,train,25-1051.00
25-1051.00,"Atmospheric, Earth, Marine, and Space Sciences Teachers, Postsecondary",25-1051,25,5859,"Maintain student attendance records, grades, and other required records.",O*NET 31.0 Task Statements,31.0,"BLS Employment Projections Occupation.xlsx Table 1.2, 2025-2035",12,12.3,0.8,,,,,,,,,unscored_human_template,human-task-exposure-v2.0,true,train,25-1051.00
25-1051.00,"Atmospheric, Earth, Marine, and Space Sciences Teachers, Postsecondary",25-1051,25,5846,Write grant proposals to procure external research funding.,O*NET 31.0 Task Statements,31.0,"BLS Employment Projections Occupation.xlsx Table 1.2, 2025-2035",12,12.3,0.8,,,,,,,,,unscored_human_template,human-task-exposure-v2.0,true,train,25-1051.00
25-1052.00,"Chemistry Teachers, Postsecondary",25-1052,25,21115,Clean laboratory facilities.,O*NET 31.0 Task Statements,31.0,"BLS Employment Projections Occupation.xlsx Table 1.2, 2025-2035",24.9,25.4,1.7,,,,,,,,,unscored_human_template,human-task-exposure-v2.0,true,train,25-1052.00
25-1052.00,"Chemistry Teachers, Postsecondary",25-1052,25,5874,Maintain regularly scheduled office hours to advise and assist students.,O*NET 31.0 Task Statements,31.0,"BLS Employment Projections Occupation.xlsx Table 1.2, 2025-2035",24.9,25.4,1.7,,,,,,,,,unscored_human_template,human-task-exposure-v2.0,true,train,25-1052.00
25-1052.00,"Chemistry Teachers, Postsecondary",25-1052,25,5891,Provide professional consulting services to government or industry.,O*NET 31.0 Task Statements,31.0,"BLS Employment Projections Occupation.xlsx Table 1.2, 2025-2035",24.9,25.4,1.7,,,,,,,,,unscored_human_template,human-task-exposure-v2.0,true,train,25-1052.00
25-1053.00,"Environmental Science Teachers, Postsecondary",25-1053,25,5895,"Evaluate and grade students' class work, laboratory work, assignments, and papers.",O*NET 31.0 Task Statements,31.0,"BLS Employment Projections Occupation.xlsx Table 1.2, 2025-2035",8.4,8.7,0.6,,,,,,,,,unscored_human_template,human-task-exposure-v2.0,true,train,25-1053.00
25-1053.00,"Environmental Science Teachers, Postsecondary",25-1053,25,5906,Maintain regularly scheduled office hours to advise and assist students.,O*NET 31.0 Task Statements,31.0,"BLS Employment Projections Occupation.xlsx Table 1.2, 2025-2035",8.4,8.7,0.6,,,,,,,,,unscored_human_template,human-task-exposure-v2.0,true,train,25-1053.00
25-1053.00,"Environmental Science Teachers, Postsecondary",25-1053,25,5913,Participate in campus and community events.,O*NET 31.0 Task Statements,31.0,"BLS Employment Projections Occupation.xlsx Table 1.2, 2025-2035",8.4,8.7,0.6,,,,,,,,,unscored_human_template,human-task-exposure-v2.0,true,train,25-1053.00
25-1054.00,"Physics Teachers, Postsecondary",25-1054,25,20075,Maintain and repair laboratory equipment.,O*NET 31.0 Task Statements,31.0,"BLS Employment Projections Occupation.xlsx Table 1.2, 2025-2035",16.4,16.8,1.1,,,,,,,,,unscored_human_template,human-task-exposure-v2.0,true,train,25-1054.00
25-1054.00,"Physics Teachers, Postsecondary",25-1054,25,5924,"Plan, evaluate, and revise curricula, course content, course materials, and methods of instruction.",O*NET 31.0 Task Statements,31.0,"BLS Employment Projections Occupation.xlsx Table 1.2, 2025-2035",16.4,16.8,1.1,,,,,,,,,unscored_human_template,human-task-exposure-v2.0,true,train,25-1054.00
25-1054.00,"Physics Teachers, Postsecondary",25-1054,25,5935,Provide professional consulting services to government or industry.,O*NET 31.0 Task Statements,31.0,"BLS Employment Projections Occupation.xlsx Table 1.2, 2025-2035",16.4,16.8,1.1,,,,,,,,,unscored_human_template,human-task-exposure-v2.0,true,train,25-1054.00
25-1061.00,"Anthropology and Archeology Teachers, Postsecondary",25-1061,25,5950,"Maintain student attendance records, grades, and other required records.",O*NET 31.0 Task Statements,31.0,"BLS Employment Projections Occupation.xlsx Table 1.2, 2025-2035",6.5,6.7,0.4,,,,,,,,,unscored_human_template,human-task-exposure-v2.0,true,train,25-1061.00
25-1061.00,"Anthropology and Archeology Teachers, Postsecondary",25-1061,25,5940,"Prepare and deliver lectures to undergraduate or graduate students on topics such as research methods, urban anthropology, and language and culture.",O*NET 31.0 Task Statements,31.0,"BLS Employment Projections Occupation.xlsx Table 1.2, 2025-2035",6.5,6.7,0.4,,,,,,,,,unscored_human_template,human-task-exposure-v2.0,true,train,25-1061.00
25-1061.00,"Anthropology and Archeology Teachers, Postsecondary",25-1061,25,5959,Provide professional consulting services to government or industry.,O*NET 31.0 Task Statements,31.0,"BLS Employment Projections Occupation.xlsx Table 1.2, 2025-2035",6.5,6.7,0.4,,,,,,,,,unscored_human_template,human-task-exposure-v2.0,true,train,25-1061.00
25-1062.00,"Area, Ethnic, and Cultural Studies Teachers, Postsecondary",25-1062,25,5976,Compile bibliographies of specialized materials for outside reading assignments.,O*NET 31.0 Task Statements,31.0,"BLS Employment Projections Occupation.xlsx Table 1.2, 2025-2035",14.3,14.7,1,,,,,,,,,unscored_human_template,human-task-exposure-v2.0,true,train,25-1062.00
25-1062.00,"Area, Ethnic, and Cultural Studies Teachers, Postsecondary",25-1062,25,5974,"Select and obtain materials and supplies, such as textbooks.",O*NET 31.0 Task Statements,31.0,"BLS Employment Projections Occupation.xlsx Table 1.2, 2025-2035",14.3,14.7,1,,,,,,,,,unscored_human_template,human-task-exposure-v2.0,true,train,25-1062.00
25-1062.00,"Area, Ethnic, and Cultural Studies Teachers, Postsecondary",25-1062,25,5983,Provide professional consulting services to government or industry.,O*NET 31.0 Task Statements,31.0,"BLS Employment Projections Occupation.xlsx Table 1.2, 2025-2035",14.3,14.7,1,,,,,,,,,unscored_human_template,human-task-exposure-v2.0,true,train,25-1062.00
25-1063.00,"Economics Teachers, Postsecondary",25-1063,25,5993,"Plan, evaluate, and revise curricula, course content, course materials, and methods of instruction.",O*NET 31.0 Task Statements,31.0,"BLS Employment Projections Occupation.xlsx Table 1.2, 2025-2035",14.6,15,1,,,,,,,,,unscored_human_template,human-task-exposure-v2.0,true,train,25-1063.00
25-1063.00,"Economics Teachers, Postsecondary",25-1063,25,5996,Advise students on academic and vocational curricula and on career issues.,O*NET 31.0 Task Statements,31.0,"BLS Employment Projections Occupation.xlsx Table 1.2, 2025-2035",14.6,15,1,,,,,,,,,unscored_human_template,human-task-exposure-v2.0,true,train,25-1063.00
25-1063.00,"Economics Teachers, Postsecondary",25-1063,25,6003,Participate in campus and community events.,O*NET 31.0 Task Statements,31.0,"BLS Employment Projections Occupation.xlsx Table 1.2, 2025-2035",14.6,15,1,,,,,,,,,unscored_human_template,human-task-exposure-v2.0,true,train,25-1063.00
25-1064.00,"Geography Teachers, Postsecondary",25-1064,25,6014,"Plan, evaluate, and revise curricula, course content, course materials, and methods of instruction.",O*NET 31.0 Task Statements,31.0,"BLS Employment Projections Occupation.xlsx Table 1.2, 2025-2035",4.1,4.2,0.3,,,,,,,,,unscored_human_template,human-task-exposure-v2.0,true,train,25-1064.00
25-1064.00,"Geography Teachers, Postsecondary",25-1064,25,6010,"Maintain student attendance records, grades, and other required records.",O*NET 31.0 Task Statements,31.0,"BLS Employment Projections Occupation.xlsx Table 1.2, 2025-2035",4.1,4.2,0.3,,,,,,,,,unscored_human_template,human-task-exposure-v2.0,true,train,25-1064.00
25-1064.00,"Geography Teachers, Postsecondary",25-1064,25,6023,Participate in campus and community events.,O*NET 31.0 Task Statements,31.0,"BLS Employment Projections Occupation.xlsx Table 1.2, 2025-2035",4.1,4.2,0.3,,,,,,,,,unscored_human_template,human-task-exposure-v2.0,true,train,25-1064.00
25-1066.00,"Psychology Teachers, Postsecondary",25-1066,25,6073,Write grant proposals to procure external research funding.,O*NET 31.0 Task Statements,31.0,"BLS Employment Projections Occupation.xlsx Table 1.2, 2025-2035",52.3,54.4,3.7,,,,,,,,,unscored_human_template,human-task-exposure-v2.0,true,train,25-1066.00
25-1066.00,"Psychology Teachers, Postsecondary",25-1066,25,6054,"Evaluate and grade students' class work, laboratory work, assignments, and papers.",O*NET 31.0 Task Statements,31.0,"BLS Employment Projections Occupation.xlsx Table 1.2, 2025-2035",52.3,54.4,3.7,,,,,,,,,unscored_human_template,human-task-exposure-v2.0,true,train,25-1066.00
25-1066.00,"Psychology Teachers, Postsecondary",25-1066,25,6075,Provide professional consulting services to government or industry.,O*NET 31.0 Task Statements,31.0,"BLS Employment Projections Occupation.xlsx Table 1.2, 2025-2035",52.3,54.4,3.7,,,,,,,,,unscored_human_template,human-task-exposure-v2.0,true,train,25-1066.00
25-1067.00,"Sociology Teachers, Postsecondary",25-1067,25,6082,"Maintain student attendance records, grades, and other required records.",O*NET 31.0 Task Statements,31.0,"BLS Employment Projections Occupation.xlsx Table 1.2, 2025-2035",14.6,15,1,,,,,,,,,unscored_human_template,human-task-exposure-v2.0,true,train,25-1067.00
25-1067.00,"Sociology Teachers, Postsecondary",25-1067,25,21121,Mentor new faculty.,O*NET 31.0 Task Statements,31.0,"BLS Employment Projections Occupation.xlsx Table 1.2, 2025-2035",14.6,15,1,,,,,,,,,unscored_human_template,human-task-exposure-v2.0,true,train,25-1067.00
25-1067.00,"Sociology Teachers, Postsecondary",25-1067,25,6098,Provide professional consulting services to government or industry.,O*NET 31.0 Task Statements,31.0,"BLS Employment Projections Occupation.xlsx Table 1.2, 2025-2035",14.6,15,1,,,,,,,,,unscored_human_template,human-task-exposure-v2.0,true,train,25-1067.00
25-1072.00,"Nursing Instructors and Teachers, Postsecondary",25-1072,25,6145,Demonstrate patient care in clinical units of hospitals.,O*NET 31.0 Task Statements,31.0,"BLS Employment Projections Occupation.xlsx Table 1.2, 2025-2035",96.1,112.6,8.5,,,,,,,,,unscored_human_template,human-task-exposure-v2.0,true,train,25-1072.00
25-1072.00,"Nursing Instructors and Teachers, Postsecondary",25-1072,25,6122,"Initiate, facilitate, and moderate classroom discussions.",O*NET 31.0 Task Statements,31.0,"BLS Employment Projections Occupation.xlsx Table 1.2, 2025-2035",96.1,112.6,8.5,,,,,,,,,unscored_human_template,human-task-exposure-v2.0,true,train,25-1072.00
25-1072.00,"Nursing Instructors and Teachers, Postsecondary",25-1072,25,6147,Provide professional consulting services to government or industry.,O*NET 31.0 Task Statements,31.0,"BLS Employment Projections Occupation.xlsx Table 1.2, 2025-2035",96.1,112.6,8.5,,,,,,,,,unscored_human_template,human-task-exposure-v2.0,true,train,25-1072.00
25-1081.00,"Education Teachers, Postsecondary",25-1081,25,6161,"Select and obtain materials and supplies, such as textbooks.",O*NET 31.0 Task Statements,31.0,"BLS Employment Projections Occupation.xlsx Table 1.2, 2025-2035",77.2,79.2,5.3,,,,,,,,,unscored_human_template,human-task-exposure-v2.0,true,train,25-1081.00
25-1081.00,"Education Teachers, Postsecondary",25-1081,25,6151,"Evaluate and grade students' class work, assignments, and papers.",O*NET 31.0 Task Statements,31.0,"BLS Employment Projections Occupation.xlsx Table 1.2, 2025-2035",77.2,79.2,5.3,,,,,,,,,unscored_human_template,human-task-exposure-v2.0,true,train,25-1081.00
25-1081.00,"Education Teachers, Postsecondary",25-1081,25,6170,Provide professional consulting services to government or industry.,O*NET 31.0 Task Statements,31.0,"BLS Employment Projections Occupation.xlsx Table 1.2, 2025-2035",77.2,79.2,5.3,,,,,,,,,unscored_human_template,human-task-exposure-v2.0,true,train,25-1081.00
25-1082.00,"Library Science Teachers, Postsecondary",25-1082,25,6179,Collaborate with colleagues to address teaching and research issues.,O*NET 31.0 Task Statements,31.0,"BLS Employment Projections Occupation.xlsx Table 1.2, 2025-2035",4.5,4.6,0.3,,,,,,,,,unscored_human_template,human-task-exposure-v2.0,true,train,25-1082.00
25-1082.00,"Library Science Teachers, Postsecondary",25-1082,25,20088,"Keep abreast of developments in the field by reading current literature, talking with colleagues, giving presentations at conferences, and serving on committees in professional associations.",O*NET 31.0 Task Statements,31.0,"BLS Employment Projections Occupation.xlsx Table 1.2, 2025-2035",4.5,4.6,0.3,,,,,,,,,unscored_human_template,human-task-exposure-v2.0,true,train,25-1082.00
25-1082.00,"Library Science Teachers, Postsecondary",25-1082,25,6192,Provide professional consulting services to government or industry.,O*NET 31.0 Task Statements,31.0,"BLS Employment Projections Occupation.xlsx Table 1.2, 2025-2035",4.5,4.6,0.3,,,,,,,,,unscored_human_template,human-task-exposure-v2.0,true,train,25-1082.00
25-1111.00,"Criminal Justice and Law Enforcement Teachers, Postsecondary",25-1111,25,21124,Write letters of recommendation for students.,O*NET 31.0 Task Statements,31.0,"BLS Employment Projections Occupation.xlsx Table 1.2, 2025-2035",15.7,15.9,1.1,,,,,,,,,unscored_human_template,human-task-exposure-v2.0,true,train,25-1111.00
25-1111.00,"Criminal Justice and Law Enforcement Teachers, Postsecondary",25-1111,25,6210,"Participate in student recruitment, registration, and placement activities.",O*NET 31.0 Task Statements,31.0,"BLS Employment Projections Occupation.xlsx Table 1.2, 2025-2035",15.7,15.9,1.1,,,,,,,,,unscored_human_template,human-task-exposure-v2.0,true,train,25-1111.00
25-1111.00,"Criminal Justice and Law Enforcement Teachers, Postsecondary",25-1111,25,6207,Write grant proposals to procure external research funding.,O*NET 31.0 Task Statements,31.0,"BLS Employment Projections Occupation.xlsx Table 1.2, 2025-2035",15.7,15.9,1.1,,,,,,,,,unscored_human_template,human-task-exposure-v2.0,true,train,25-1111.00
25-1112.00,"Law Teachers, Postsecondary",25-1112,25,6222,Maintain regularly scheduled office hours to advise and assist students.,O*NET 31.0 Task Statements,31.0,"BLS Employment Projections Occupation.xlsx Table 1.2, 2025-2035",25.8,26.5,1.8,,,,,,,,,unscored_human_template,human-task-exposure-v2.0,true,train,25-1112.00
25-1112.00,"Law Teachers, Postsecondary",25-1112,25,6226,"Select and obtain materials and supplies, such as textbooks.",O*NET 31.0 Task Statements,31.0,"BLS Employment Projections Occupation.xlsx Table 1.2, 2025-2035",25.8,26.5,1.8,,,,,,,,,unscored_human_template,human-task-exposure-v2.0,true,train,25-1112.00
25-1112.00,"Law Teachers, Postsecondary",25-1112,25,6237,Write grant proposals to procure external research funding.,O*NET 31.0 Task Statements,31.0,"BLS Employment Projections Occupation.xlsx Table 1.2, 2025-2035",25.8,26.5,1.8,,,,,,,,,unscored_human_template,human-task-exposure-v2.0,true,train,25-1112.00
25-1113.00,"Social Work Teachers, Postsecondary",25-1113,25,6250,Advise students on academic and vocational curricula and on career issues.,O*NET 31.0 Task Statements,31.0,"BLS Employment Projections Occupation.xlsx Table 1.2, 2025-2035",16,16.4,1.1,,,,,,,,,unscored_human_template,human-task-exposure-v2.0,true,train,25-1113.00
25-1113.00,"Social Work Teachers, Postsecondary",25-1113,25,6245,"Supervise undergraduate or graduate teaching, internship, and research work.",O*NET 31.0 Task Statements,31.0,"BLS Employment Projections Occupation.xlsx Table 1.2, 2025-2035",16,16.4,1.1,,,,,,,,,unscored_human_template,human-task-exposure-v2.0,true,train,25-1113.00
25-1113.00,"Social Work Teachers, Postsecondary",25-1113,25,6252,Write grant proposals to procure external research funding.,O*NET 31.0 Task Statements,31.0,"BLS Employment Projections Occupation.xlsx Table 1.2, 2025-2035",16,16.4,1.1,,,,,,,,,unscored_human_template,human-task-exposure-v2.0,true,train,25-1113.00
25-1122.00,"Communications Teachers, Postsecondary",25-1122,25,6307,"Perform administrative duties, such as serving as department head.",O*NET 31.0 Task Statements,31.0,"BLS Employment Projections Occupation.xlsx Table 1.2, 2025-2035",35.8,36.5,2.4,,,,,,,,,unscored_human_template,human-task-exposure-v2.0,true,train,25-1122.00
25-1122.00,"Communications Teachers, Postsecondary",25-1122,25,6289,"Prepare course materials, such as syllabi, homework assignments, and handouts.",O*NET 31.0 Task Statements,31.0,"BLS Employment Projections Occupation.xlsx Table 1.2, 2025-2035",35.8,36.5,2.4,,,,,,,,,unscored_human_template,human-task-exposure-v2.0,true,train,25-1122.00
25-1122.00,"Communications Teachers, Postsecondary",25-1122,25,6309,Provide professional consulting services to government or industry.,O*NET 31.0 Task Statements,31.0,"BLS Employment Projections Occupation.xlsx Table 1.2, 2025-2035",35.8,36.5,2.4,,,,,,,,,unscored_human_template,human-task-exposure-v2.0,true,train,25-1122.00
25-1123.00,"English Language and Literature Teachers, Postsecondary",25-1123,25,6325,"Participate in student recruitment, registration, and placement activities.",O*NET 31.0 Task Statements,31.0,"BLS Employment Projections Occupation.xlsx Table 1.2, 2025-2035",69.3,69.3,4.5,,,,,,,,,unscored_human_template,human-task-exposure-v2.0,true,train,25-1123.00
25-1123.00,"English Language and Literature Teachers, Postsecondary",25-1123,25,6315,"Plan, evaluate, and revise curricula, course content, course materials, and methods of instruction.",O*NET 31.0 Task Statements,31.0,"BLS Employment Projections Occupation.xlsx Table 1.2, 2025-2035",69.3,69.3,4.5,,,,,,,,,unscored_human_template,human-task-exposure-v2.0,true,train,25-1123.00
25-1123.00,"English Language and Literature Teachers, Postsecondary",25-1123,25,6328,Provide assistance to students in college writing centers.,O*NET 31.0 Task Statements,31.0,"BLS Employment Projections Occupation.xlsx Table 1.2, 2025-2035",69.3,69.3,4.5,,,,,,,,,unscored_human_template,human-task-exposure-v2.0,true,train,25-1123.00
25-1124.00,"Foreign Language and Literature Teachers, Postsecondary",25-1124,25,6348,"Participate in student recruitment, registration, and placement activities.",O*NET 31.0 Task Statements,31.0,"BLS Employment Projections Occupation.xlsx Table 1.2, 2025-2035",24.6,24.7,1.6,,,,,,,,,unscored_human_template,human-task-exposure-v2.0,true,train,25-1124.00
25-1124.00,"Foreign Language and Literature Teachers, Postsecondary",25-1124,25,6340,Prepare and deliver lectures to undergraduate or graduate students on topics such as how to speak and write a foreign language and the cultural aspects of areas where a particular language is used.,O*NET 31.0 Task Statements,31.0,"BLS Employment Projections Occupation.xlsx Table 1.2, 2025-2035",24.6,24.7,1.6,,,,,,,,,unscored_human_template,human-task-exposure-v2.0,true,train,25-1124.00
25-1124.00,"Foreign Language and Literature Teachers, Postsecondary",25-1124,25,6354,Write grant proposals to procure external research funding.,O*NET 31.0 Task Statements,31.0,"BLS Employment Projections Occupation.xlsx Table 1.2, 2025-2035",24.6,24.7,1.6,,,,,,,,,unscored_human_template,human-task-exposure-v2.0,true,train,25-1124.00
25-1192.00,"Family and Consumer Sciences Teachers, Postsecondary",25-1192,25,6413,Collaborate with colleagues to address teaching and research issues.,O*NET 31.0 Task Statements,31.0,"BLS Employment Projections Occupation.xlsx Table 1.2, 2025-2035",3.4,3.5,0.2,,,,,,,,,unscored_human_template,human-task-exposure-v2.0,true,train,25-1192.00
25-1192.00,"Family and Consumer Sciences Teachers, Postsecondary",25-1192,25,6406,"Plan, evaluate, and revise curricula, course content, course materials, and methods of instruction.",O*NET 31.0 Task Statements,31.0,"BLS Employment Projections Occupation.xlsx Table 1.2, 2025-2035",3.4,3.5,0.2,,,,,,,,,unscored_human_template,human-task-exposure-v2.0,true,train,25-1192.00
25-1192.00,"Family and Consumer Sciences Teachers, Postsecondary",25-1192,25,6414,Act as advisers to student organizations.,O*NET 31.0 Task Statements,31.0,"BLS Employment Projections Occupation.xlsx Table 1.2, 2025-2035",3.4,3.5,0.2,,,,,,,,,unscored_human_template,human-task-exposure-v2.0,true,train,25-1192.00
25-1194.00,"Career/Technical Education Teachers, Postsecondary",25-1194,25,6448,"Administer oral, written, or performance tests to measure progress and to evaluate training effectiveness.",O*NET 31.0 Task Statements,31.0,"BLS Employment Projections Occupation.xlsx Table 1.2, 2025-2035",123.1,122.7,8,,,,,,,,,unscored_human_template,human-task-exposure-v2.0,true,train,25-1194.00
25-1194.00,"Career/Technical Education Teachers, Postsecondary",25-1194,25,6459,"Advise students on course selection, career decisions, and other academic and vocational concerns.",O*NET 31.0 Task Statements,31.0,"BLS Employment Projections Occupation.xlsx Table 1.2, 2025-2035",123.1,122.7,8,,,,,,,,,unscored_human_template,human-task-exposure-v2.0,true,train,25-1194.00
25-1194.00,"Career/Technical Education Teachers, Postsecondary",25-1194,25,6462,Review enrollment applications and correspond with applicants to obtain additional information.,O*NET 31.0 Task Statements,31.0,"BLS Employment Projections Occupation.xlsx Table 1.2, 2025-2035",123.1,122.7,8,,,,,,,,,unscored_human_template,human-task-exposure-v2.0,true,train,25-1194.00
25-2011.00,"Preschool Teachers, Except Special Education",25-2011,25,6485,Organize and label materials and display students' work in a manner appropriate for their ages and perceptual skills.,O*NET 31.0 Task Statements,31.0,"BLS Employment Projections Occupation.xlsx Table 1.2, 2025-2035",583.2,609.4,66.7,,,,,,,,,unscored_human_template,human-task-exposure-v2.0,true,train,25-2011.00
25-2011.00,"Preschool Teachers, Except Special Education",25-2011,25,6472,"Meet with parents and guardians to discuss their children's progress and needs, determine their priorities for their children, and suggest ways that they can promote learning and development.",O*NET 31.0 Task Statements,31.0,"BLS Employment Projections Occupation.xlsx Table 1.2, 2025-2035",583.2,609.4,66.7,,,,,,,,,unscored_human_template,human-task-exposure-v2.0,true,train,25-2011.00
25-2011.00,"Preschool Teachers, Except Special Education",25-2011,25,6495,"Perform administrative duties, such as hall and cafeteria monitoring and bus loading and unloading.",O*NET 31.0 Task Statements,31.0,"BLS Employment Projections Occupation.xlsx Table 1.2, 2025-2035",583.2,609.4,66.7,,,,,,,,,unscored_human_template,human-task-exposure-v2.0,true,train,25-2011.00
25-2012.00,"Kindergarten Teachers, Except Special Education",25-2012,25,6504,"Provide a variety of materials and resources for children to explore, manipulate, and use, both in learning activities and in imaginative play.",O*NET 31.0 Task Statements,31.0,"BLS Employment Projections Occupation.xlsx Table 1.2, 2025-2035",111.2,110.9,11.9,,,,,,,,,unscored_human_template,human-task-exposure-v2.0,true,train,25-2012.00
25-2012.00,"Kindergarten Teachers, Except Special Education",25-2012,25,6500,"Observe and evaluate children's performance, behavior, social development, and physical health.",O*NET 31.0 Task Statements,31.0,"BLS Employment Projections Occupation.xlsx Table 1.2, 2025-2035",111.2,110.9,11.9,,,,,,,,,unscored_human_template,human-task-exposure-v2.0,true,train,25-2012.00
25-2012.00,"Kindergarten Teachers, Except Special Education",25-2012,25,6534,"Provide students with disabilities with assistive devices, supportive technology, and assistance accessing facilities, such as restrooms.",O*NET 31.0 Task Statements,31.0,"BLS Employment Projections Occupation.xlsx Table 1.2, 2025-2035",111.2,110.9,11.9,,,,,,,,,unscored_human_template,human-task-exposure-v2.0,true,train,25-2012.00
25-2021.00,"Elementary School Teachers, Except Special Education",25-2021,25,6564,Organize and label materials and display students' work.,O*NET 31.0 Task Statements,31.0,"BLS Employment Projections Occupation.xlsx Table 1.2, 2025-2035",1419.3,1413.4,87.5,,,,,,,,,unscored_human_template,human-task-exposure-v2.0,true,train,25-2021.00
25-2021.00,"Elementary School Teachers, Except Special Education",25-2021,25,6538,Adapt teaching methods and instructional materials to meet students' varying needs and interests.,O*NET 31.0 Task Statements,31.0,"BLS Employment Projections Occupation.xlsx Table 1.2, 2025-2035",1419.3,1413.4,87.5,,,,,,,,,unscored_human_template,human-task-exposure-v2.0,true,train,25-2021.00
25-2021.00,"Elementary School Teachers, Except Special Education",25-2021,25,6571,"Provide students with disabilities with assistive devices, supportive technology, and assistance accessing facilities, such as restrooms.",O*NET 31.0 Task Statements,31.0,"BLS Employment Projections Occupation.xlsx Table 1.2, 2025-2035",1419.3,1413.4,87.5,,,,,,,,,unscored_human_template,human-task-exposure-v2.0,true,train,25-2021.00
25-2022.00,"Middle School Teachers, Except Special and Career/Technical Education",25-2022,25,6577,"Establish clear objectives for all lessons, units, and projects, and communicate these objectives to students.",O*NET 31.0 Task Statements,31.0,"BLS Employment Projections Occupation.xlsx Table 1.2, 2025-2035",630.1,627.4,38.8,,,,,,,,,unscored_human_template,human-task-exposure-v2.0,true,train,25-2022.00
25-2022.00,"Middle School Teachers, Except Special and Career/Technical Education",25-2022,25,6597,"Attend professional meetings, educational conferences, and teacher training workshops to maintain and improve professional competence.",O*NET 31.0 Task Statements,31.0,"BLS Employment Projections Occupation.xlsx Table 1.2, 2025-2035",630.1,627.4,38.8,,,,,,,,,unscored_human_template,human-task-exposure-v2.0,true,train,25-2022.00
25-2022.00,"Middle School Teachers, Except Special and Career/Technical Education",25-2022,25,6607,"Supervise, evaluate, and plan assignments for teacher assistants and volunteers.",O*NET 31.0 Task Statements,31.0,"BLS Employment Projections Occupation.xlsx Table 1.2, 2025-2035",630.1,627.4,38.8,,,,,,,,,unscored_human_template,human-task-exposure-v2.0,true,train,25-2022.00
25-2032.00,"Career/Technical Education Teachers, Secondary School",25-2032,25,6684,"Plan and supervise work-experience programs in businesses, industrial shops, and school laboratories.",O*NET 31.0 Task Statements,31.0,"BLS Employment Projections Occupation.xlsx Table 1.2, 2025-2035",110.5,110.1,6.4,,,,,,,,,unscored_human_template,human-task-exposure-v2.0,true,train,25-2032.00
25-2032.00,"Career/Technical Education Teachers, Secondary School",25-2032,25,6677,"Plan and conduct activities for a balanced program of instruction, demonstration, and work time that provides students with opportunities to observe, question, and investigate.",O*NET 31.0 Task Statements,31.0,"BLS Employment Projections Occupation.xlsx Table 1.2, 2025-2035",110.5,110.1,6.4,,,,,,,,,unscored_human_template,human-task-exposure-v2.0,true,train,25-2032.00
25-2032.00,"Career/Technical Education Teachers, Secondary School",25-2032,25,6702,"Perform administrative duties, such as school library assistance, hall and cafeteria monitoring, and bus loading and unloading.",O*NET 31.0 Task Statements,31.0,"BLS Employment Projections Occupation.xlsx Table 1.2, 2025-2035",110.5,110.1,6.4,,,,,,,,,unscored_human_template,human-task-exposure-v2.0,true,train,25-2032.00
25-2051.00,"Special Education Teachers, Preschool",25-2051,25,19083,Serve meals or snacks in accordance with nutritional guidelines.,O*NET 31.0 Task Statements,31.0,"BLS Employment Projections Occupation.xlsx Table 1.2, 2025-2035",30.5,31.3,2,,,,,,,,,unscored_human_template,human-task-exposure-v2.0,true,train,25-2051.00
25-2051.00,"Special Education Teachers, Preschool",25-2051,25,19095,Organize and display students' work in a manner appropriate for their perceptual skills.,O*NET 31.0 Task Statements,31.0,"BLS Employment Projections Occupation.xlsx Table 1.2, 2025-2035",30.5,31.3,2,,,,,,,,,unscored_human_template,human-task-exposure-v2.0,true,train,25-2051.00
25-2051.00,"Special Education Teachers, Preschool",25-2051,25,19098,"Provide assistive devices, supportive technology, or assistance accessing facilities, such as restrooms.",O*NET 31.0 Task Statements,31.0,"BLS Employment Projections Occupation.xlsx Table 1.2, 2025-2035",30.5,31.3,2,,,,,,,,,unscored_human_template,human-task-exposure-v2.0,true,train,25-2051.00
25-2055.00,"Special Education Teachers, Kindergarten",25-2055,25,22343,"Meet with parents or guardians to discuss their children's progress, advise them on using community resources, or teach skills for dealing with students' impairments.",O*NET 31.0 Task Statements,31.0,"BLS Employment Projections Occupation.xlsx Table 1.2, 2025-2035",,,,,,,,,,,,unscored_human_template,human-task-exposure-v2.0,true,train,25-2055.00
25-2055.00,"Special Education Teachers, Kindergarten",25-2055,25,22344,Modify the general kindergarten education curriculum for students with disabilities.,O*NET 31.0 Task Statements,31.0,"BLS Employment Projections Occupation.xlsx Table 1.2, 2025-2035",,,,,,,,,,,,unscored_human_template,human-task-exposure-v2.0,true,train,25-2055.00
25-2055.00,"Special Education Teachers, Kindergarten",25-2055,25,22350,"Plan or supervise experiential learning activities, such as class projects, field trips, demonstrations, or visits by guest speakers.",O*NET 31.0 Task Statements,31.0,"BLS Employment Projections Occupation.xlsx Table 1.2, 2025-2035",,,,,,,,,,,,unscored_human_template,human-task-exposure-v2.0,true,train,25-2055.00
25-2056.00,"Special Education Teachers, Elementary School",25-2056,25,22365,Develop or implement strategies to meet the needs of students with a variety of disabilities.,O*NET 31.0 Task Statements,31.0,"BLS Employment Projections Occupation.xlsx Table 1.2, 2025-2035",,,,,,,,,,,,unscored_human_template,human-task-exposure-v2.0,true,train,25-2056.00
25-2056.00,"Special Education Teachers, Elementary School",25-2056,25,22363,"Confer with parents, administrators, testing specialists, social workers, or other professionals to develop individual educational plans (IEPs) for students' educational, physical, or social development.",O*NET 31.0 Task Statements,31.0,"BLS Employment Projections Occupation.xlsx Table 1.2, 2025-2035",,,,,,,,,,,,unscored_human_template,human-task-exposure-v2.0,true,train,25-2056.00
25-2056.00,"Special Education Teachers, Elementary School",25-2056,25,22386,"Provide assistive devices, supportive technology, or assistance accessing facilities, such as restrooms.",O*NET 31.0 Task Statements,31.0,"BLS Employment Projections Occupation.xlsx Table 1.2, 2025-2035",,,,,,,,,,,,unscored_human_template,human-task-exposure-v2.0,true,train,25-2056.00
25-2058.00,"Special Education Teachers, Secondary School",25-2058,25,6786,Prepare materials and classrooms for class activities.,O*NET 31.0 Task Statements,31.0,"BLS Employment Projections Occupation.xlsx Table 1.2, 2025-2035",164.8,164.5,10.4,,,,,,,,,unscored_human_template,human-task-exposure-v2.0,true,train,25-2058.00
25-2058.00,"Special Education Teachers, Secondary School",25-2058,25,6787,Establish and enforce rules for behavior and policies and procedures to maintain order among students.,O*NET 31.0 Task Statements,31.0,"BLS Employment Projections Occupation.xlsx Table 1.2, 2025-2035",164.8,164.5,10.4,,,,,,,,,unscored_human_template,human-task-exposure-v2.0,true,train,25-2058.00
25-2058.00,"Special Education Teachers, Secondary School",25-2058,25,6823,"Sponsor extracurricular activities, such as clubs, student organizations, and academic contests.",O*NET 31.0 Task Statements,31.0,"BLS Employment Projections Occupation.xlsx Table 1.2, 2025-2035",164.8,164.5,10.4,,,,,,,,,unscored_human_template,human-task-exposure-v2.0,true,train,25-2058.00
25-3011.00,"Adult Basic Education, Adult Secondary Education, and English as a Second Language Instructors",25-3011,25,6849,Prepare reports on students and activities as required by administration.,O*NET 31.0 Task Statements,31.0,"BLS Employment Projections Occupation.xlsx Table 1.2, 2025-2035",41.1,35.4,3.8,,,,,,,,,unscored_human_template,human-task-exposure-v2.0,true,train,25-3011.00
25-3011.00,"Adult Basic Education, Adult Secondary Education, and English as a Second Language Instructors",25-3011,25,6853,"Attend staff meetings and serve on committees, as required.",O*NET 31.0 Task Statements,31.0,"BLS Employment Projections Occupation.xlsx Table 1.2, 2025-2035",41.1,35.4,3.8,,,,,,,,,unscored_human_template,human-task-exposure-v2.0,true,train,25-3011.00
25-3011.00,"Adult Basic Education, Adult Secondary Education, and English as a Second Language Instructors",25-3011,25,6860,Confer with leaders of government and community groups to coordinate student training or to find opportunities for students to fulfill curriculum requirements.,O*NET 31.0 Task Statements,31.0,"BLS Employment Projections Occupation.xlsx Table 1.2, 2025-2035",41.1,35.4,3.8,,,,,,,,,unscored_human_template,human-task-exposure-v2.0,true,train,25-3011.00
25-3031.00,"Substitute Teachers, Short-Term",25-3031,25,22405,"Teach social skills to students, such as communication, conflict resolution, and etiquette.",O*NET 31.0 Task Statements,31.0,"BLS Employment Projections Occupation.xlsx Table 1.2, 2025-2035",556.1,567,65,,,,,,,,,unscored_human_template,human-task-exposure-v2.0,true,train,25-3031.00
25-3031.00,"Substitute Teachers, Short-Term",25-3031,25,22406,Tutor or assist students individually or in small groups.,O*NET 31.0 Task Statements,31.0,"BLS Employment Projections Occupation.xlsx Table 1.2, 2025-2035",556.1,567,65,,,,,,,,,unscored_human_template,human-task-exposure-v2.0,true,train,25-3031.00
25-3031.00,"Substitute Teachers, Short-Term",25-3031,25,22399,Organize and supervise games or other recreational activities.,O*NET 31.0 Task Statements,31.0,"BLS Employment Projections Occupation.xlsx Table 1.2, 2025-2035",556.1,567,65,,,,,,,,,unscored_human_template,human-task-exposure-v2.0,true,train,25-3031.00
25-3041.00,Tutors,25-3041,25,17037,"Provide private instruction to individual or small groups of students to improve academic performance, improve occupational skills, or prepare for academic or occupational tests.",O*NET 31.0 Task Statements,31.0,"BLS Employment Projections Occupation.xlsx Table 1.2, 2025-2035",208.4,208,34.2,,,,,,,,,unscored_human_template,human-task-exposure-v2.0,true,train,25-3041.00
25-3041.00,Tutors,25-3041,25,17025,"Monitor student performance or assist students in academic environments, such as classrooms, laboratories, or computing centers.",O*NET 31.0 Task Statements,31.0,"BLS Employment Projections Occupation.xlsx Table 1.2, 2025-2035",208.4,208,34.2,,,,,,,,,unscored_human_template,human-task-exposure-v2.0,true,train,25-3041.00
25-3041.00,Tutors,25-3041,25,17021,"Research or recommend textbooks, software, equipment, or other learning materials to complement tutoring.",O*NET 31.0 Task Statements,31.0,"BLS Employment Projections Occupation.xlsx Table 1.2, 2025-2035",208.4,208,34.2,,,,,,,,,unscored_human_template,human-task-exposure-v2.0,true,train,25-3041.00
25-4013.00,Museum Technicians and Conservators,25-4013,25,3807,"Coordinate exhibit installations, assisting with design, constructing displays, dioramas, display cases, and models, and ensuring the availability of necessary materials.",O*NET 31.0 Task Statements,31.0,"BLS Employment Projections Occupation.xlsx Table 1.2, 2025-2035",14,14.5,1.6,,,,,,,,,unscored_human_template,human-task-exposure-v2.0,true,train,25-4013.00
25-4013.00,Museum Technicians and Conservators,25-4013,25,18643,"Direct and supervise curatorial, technical, and student staff in the handling, mounting, care, and storage of art objects.",O*NET 31.0 Task Statements,31.0,"BLS Employment Projections Occupation.xlsx Table 1.2, 2025-2035",14,14.5,1.6,,,,,,,,,unscored_human_template,human-task-exposure-v2.0,true,train,25-4013.00
25-4013.00,Museum Technicians and Conservators,25-4013,25,18645,Lead tours and teach educational courses to students and the general public.,O*NET 31.0 Task Statements,31.0,"BLS Employment Projections Occupation.xlsx Table 1.2, 2025-2035",14,14.5,1.6,,,,,,,,,unscored_human_template,human-task-exposure-v2.0,true,train,25-4013.00
25-4022.00,Librarians and Media Collections Specialists,25-4022,25,22414,"Plan and teach classes on topics such as information literacy, library instruction, and technology use.",O*NET 31.0 Task Statements,31.0,"BLS Employment Projections Occupation.xlsx Table 1.2, 2025-2035",142.3,145.9,12.6,,,,,,,,,unscored_human_template,human-task-exposure-v2.0,true,train,25-4022.00
25-4022.00,Librarians and Media Collections Specialists,25-4022,25,22415,"Confer with colleagues, faculty, and community members and organizations to conduct informational programs, make collection decisions, and determine library services to offer.",O*NET 31.0 Task Statements,31.0,"BLS Employment Projections Occupation.xlsx Table 1.2, 2025-2035",142.3,145.9,12.6,,,,,,,,,unscored_human_template,human-task-exposure-v2.0,true,train,25-4022.00
25-4022.00,Librarians and Media Collections Specialists,25-4022,25,22432,"Set up, adjust, and operate audio-visual equipment, such as cameras, film and slide projectors, and recording equipment, for meetings, events, classes, seminars, and video conferences.",O*NET 31.0 Task Statements,31.0,"BLS Employment Projections Occupation.xlsx Table 1.2, 2025-2035",142.3,145.9,12.6,,,,,,,,,unscored_human_template,human-task-exposure-v2.0,true,train,25-4022.00
25-4031.00,Library Technicians,25-4031,25,1697,Take actions to halt disruption of library activities by problem patrons.,O*NET 31.0 Task Statements,31.0,"BLS Employment Projections Occupation.xlsx Table 1.2, 2025-2035",72.8,68.1,10.8,,,,,,,,,unscored_human_template,human-task-exposure-v2.0,true,train,25-4031.00
25-4031.00,Library Technicians,25-4031,25,1689,Enter and update patrons' records on computers.,O*NET 31.0 Task Statements,31.0,"BLS Employment Projections Occupation.xlsx Table 1.2, 2025-2035",72.8,68.1,10.8,,,,,,,,,unscored_human_template,human-task-exposure-v2.0,true,train,25-4031.00
25-4031.00,Library Technicians,25-4031,25,1698,Process interlibrary loans for patrons.,O*NET 31.0 Task Statements,31.0,"BLS Employment Projections Occupation.xlsx Table 1.2, 2025-2035",72.8,68.1,10.8,,,,,,,,,unscored_human_template,human-task-exposure-v2.0,true,train,25-4031.00
25-9042.00,"Teaching Assistants, Preschool, Elementary, Middle, and Secondary School, Except Special Education",25-9042,25,22477,Requisition and stock teaching materials and supplies.,O*NET 31.0 Task Statements,31.0,"BLS Employment Projections Occupation.xlsx Table 1.2, 2025-2035",,,,,,,,,,,,unscored_human_template,human-task-exposure-v2.0,true,train,25-9042.00
25-9042.00,"Teaching Assistants, Preschool, Elementary, Middle, and Secondary School, Except Special Education",25-9042,25,22482,"Type, file, and duplicate materials.",O*NET 31.0 Task Statements,31.0,"BLS Employment Projections Occupation.xlsx Table 1.2, 2025-2035",,,,,,,,,,,,unscored_human_template,human-task-exposure-v2.0,true,train,25-9042.00
25-9042.00,"Teaching Assistants, Preschool, Elementary, Middle, and Secondary School, Except Special Education",25-9042,25,22454,Assist in bus loading and unloading.,O*NET 31.0 Task Statements,31.0,"BLS Employment Projections Occupation.xlsx Table 1.2, 2025-2035",,,,,,,,,,,,unscored_human_template,human-task-exposure-v2.0,true,train,25-9042.00
25-9043.00,"Teaching Assistants, Special Education",25-9043,25,22494,Instruct and monitor students in the use and care of equipment and materials to prevent injuries and damage.,O*NET 31.0 Task Statements,31.0,"BLS Employment Projections Occupation.xlsx Table 1.2, 2025-2035",,,,,,,,,,,,unscored_human_template,human-task-exposure-v2.0,true,train,25-9043.00
25-9043.00,"Teaching Assistants, Special Education",25-9043,25,22498,"Observe students' performance, and record relevant data to assess progress.",O*NET 31.0 Task Statements,31.0,"BLS Employment Projections Occupation.xlsx Table 1.2, 2025-2035",,,,,,,,,,,,unscored_human_template,human-task-exposure-v2.0,true,train,25-9043.00
25-9043.00,"Teaching Assistants, Special Education",25-9043,25,22485,Assist librarians in school libraries.,O*NET 31.0 Task Statements,31.0,"BLS Employment Projections Occupation.xlsx Table 1.2, 2025-2035",,,,,,,,,,,,unscored_human_template,human-task-exposure-v2.0,true,train,25-9043.00
27-1011.00,Art Directors,27-1011,27,20242,"Research current trends and new technology, such as printing production techniques, computer software, and design trends.",O*NET 31.0 Task Statements,31.0,"BLS Employment Projections Occupation.xlsx Table 1.2, 2025-2035",140.2,146,12.2,,,,,,,,,unscored_human_template,human-task-exposure-v2.0,true,train,27-1011.00
27-1011.00,Art Directors,27-1011,27,286,"Manage own accounts and projects, working within budget and scheduling requirements.",O*NET 31.0 Task Statements,31.0,"BLS Employment Projections Occupation.xlsx Table 1.2, 2025-2035",140.2,146,12.2,,,,,,,,,unscored_human_template,human-task-exposure-v2.0,true,train,27-1011.00
27-1011.00,Art Directors,27-1011,27,298,Prepare detailed storyboards showing sequence and timing of story development for television production.,O*NET 31.0 Task Statements,31.0,"BLS Employment Projections Occupation.xlsx Table 1.2, 2025-2035",140.2,146,12.2,,,,,,,,,unscored_human_template,human-task-exposure-v2.0,true,train,27-1011.00
27-1013.00,"Fine Artists, Including Painters, Sculptors, and Illustrators",27-1013,27,10993,"Maintain portfolios of artistic work to demonstrate styles, interests, and abilities.",O*NET 31.0 Task Statements,31.0,"BLS Employment Projections Occupation.xlsx Table 1.2, 2025-2035",28.9,28,2.2,,,,,,,,,unscored_human_template,human-task-exposure-v2.0,true,train,27-1013.00
27-1013.00,"Fine Artists, Including Painters, Sculptors, and Illustrators",27-1013,27,10990,"Integrate and develop visual elements, such as line, space, mass, color, and perspective, to produce desired effects, such as the illustration of ideas, emotions, or moods.",O*NET 31.0 Task Statements,31.0,"BLS Employment Projections Occupation.xlsx Table 1.2, 2025-2035",28.9,28,2.2,,,,,,,,,unscored_human_template,human-task-exposure-v2.0,true,train,27-1013.00
27-1013.00,"Fine Artists, Including Painters, Sculptors, and Illustrators",27-1013,27,11004,"Collaborate with engineers, mechanics, and other technical experts as necessary to build and install creations.",O*NET 31.0 Task Statements,31.0,"BLS Employment Projections Occupation.xlsx Table 1.2, 2025-2035",28.9,28,2.2,,,,,,,,,unscored_human_template,human-task-exposure-v2.0,true,train,27-1013.00
27-1023.00,Floral Designers,27-1023,27,1727,"Inform customers about the care, maintenance, and handling of various flowers and foliage, indoor plants, and other items.",O*NET 31.0 Task Statements,31.0,"BLS Employment Projections Occupation.xlsx Table 1.2, 2025-2035",45.2,42.7,5.2,,,,,,,,,unscored_human_template,human-task-exposure-v2.0,true,train,27-1023.00
27-1023.00,Floral Designers,27-1023,27,1725,"Trim material and arrange bouquets, wreaths, terrariums, and other items, using trimmers, shapers, wire, pins, floral tape, foam, and other materials.",O*NET 31.0 Task Statements,31.0,"BLS Employment Projections Occupation.xlsx Table 1.2, 2025-2035",45.2,42.7,5.2,,,,,,,,,unscored_human_template,human-task-exposure-v2.0,true,train,27-1023.00
27-1023.00,Floral Designers,27-1023,27,1723,Order and purchase flowers and supplies from wholesalers and growers.,O*NET 31.0 Task Statements,31.0,"BLS Employment Projections Occupation.xlsx Table 1.2, 2025-2035",45.2,42.7,5.2,,,,,,,,,unscored_human_template,human-task-exposure-v2.0,true,train,27-1023.00
27-1024.00,Graphic Designers,27-1024,27,302,"Mark up, paste, and assemble final layouts to prepare layouts for printer.",O*NET 31.0 Task Statements,31.0,"BLS Employment Projections Occupation.xlsx Table 1.2, 2025-2035",253.1,248.8,16,,,,,,,,,unscored_human_template,human-task-exposure-v2.0,true,train,27-1024.00
27-1024.00,Graphic Designers,27-1024,27,308,"Prepare illustrations or rough sketches of material, discussing them with clients or supervisors and making necessary changes.",O*NET 31.0 Task Statements,31.0,"BLS Employment Projections Occupation.xlsx Table 1.2, 2025-2035",253.1,248.8,16,,,,,,,,,unscored_human_template,human-task-exposure-v2.0,true,train,27-1024.00
27-1024.00,Graphic Designers,27-1024,27,312,"Photograph layouts, using camera, to make layout prints for supervisors or clients.",O*NET 31.0 Task Statements,31.0,"BLS Employment Projections Occupation.xlsx Table 1.2, 2025-2035",253.1,248.8,16,,,,,,,,,unscored_human_template,human-task-exposure-v2.0,true,train,27-1024.00
27-1026.00,Merchandise Displayers and Window Trimmers,27-1026,27,9281,"Install booths, exhibits, displays, carpets, or drapes, as guided by floor plan of building or specifications.",O*NET 31.0 Task Statements,31.0,"BLS Employment Projections Occupation.xlsx Table 1.2, 2025-2035",164.8,169.2,17.2,,,,,,,,,unscored_human_template,human-task-exposure-v2.0,true,train,27-1026.00
27-1026.00,Merchandise Displayers and Window Trimmers,27-1026,27,9267,Develop ideas or plans for merchandise displays or window decorations.,O*NET 31.0 Task Statements,31.0,"BLS Employment Projections Occupation.xlsx Table 1.2, 2025-2035",164.8,169.2,17.2,,,,,,,,,unscored_human_template,human-task-exposure-v2.0,true,train,27-1026.00
27-1026.00,Merchandise Displayers and Window Trimmers,27-1026,27,9282,"Install decorations, such as flags, banners, festive lights, or bunting on or in building, street, exhibit hall, or booth.",O*NET 31.0 Task Statements,31.0,"BLS Employment Projections Occupation.xlsx Table 1.2, 2025-2035",164.8,169.2,17.2,,,,,,,,,unscored_human_template,human-task-exposure-v2.0,true,train,27-1026.00
27-2012.00,Producers and Directors,27-2012,27,22518,"Coordinate the activities of writers, directors, managers, and other personnel throughout the production process.",O*NET 31.0 Task Statements,31.0,"BLS Employment Projections Occupation.xlsx Table 1.2, 2025-2035",181,188.3,12.1,,,,,,,,,unscored_human_template,human-task-exposure-v2.0,true,train,27-2012.00
27-2012.00,Producers and Directors,27-2012,27,22524,"Consult with writers, producers, or actors about script changes or ""workshop"" scripts, through rehearsal with writers and actors to create final drafts.",O*NET 31.0 Task Statements,31.0,"BLS Employment Projections Occupation.xlsx Table 1.2, 2025-2035",181,188.3,12.1,,,,,,,,,unscored_human_template,human-task-exposure-v2.0,true,train,27-2012.00
27-2012.00,Producers and Directors,27-2012,27,22540,"Develop marketing plans for finished products, collaborating with sales associates to supervise product distribution.",O*NET 31.0 Task Statements,31.0,"BLS Employment Projections Occupation.xlsx Table 1.2, 2025-2035",181,188.3,12.1,,,,,,,,,unscored_human_template,human-task-exposure-v2.0,true,train,27-2012.00
27-2012.05,Media Technical Directors/Managers,27-2012,27,3902,Operate equipment to produce programs or broadcast live programs from remote locations.,O*NET 31.0 Task Statements,31.0,"BLS Employment Projections Occupation.xlsx Table 1.2, 2025-2035",181,188.3,12.1,,,,,,,,,unscored_human_template,human-task-exposure-v2.0,true,train,27-2012.05
27-2012.05,Media Technical Directors/Managers,27-2012,27,3901,Confer with operations directors to formulate and maintain fair and attainable technical policies for programs.,O*NET 31.0 Task Statements,31.0,"BLS Employment Projections Occupation.xlsx Table 1.2, 2025-2035",181,188.3,12.1,,,,,,,,,unscored_human_template,human-task-exposure-v2.0,true,train,27-2012.05
27-2012.05,Media Technical Directors/Managers,27-2012,27,3905,"Set up and execute video transitions and special effects, such as fades, dissolves, cuts, keys, and supers, using computers to manipulate pictures as necessary.",O*NET 31.0 Task Statements,31.0,"BLS Employment Projections Occupation.xlsx Table 1.2, 2025-2035",181,188.3,12.1,,,,,,,,,unscored_human_template,human-task-exposure-v2.0,true,train,27-2012.05
27-2021.00,Athletes and Sports Competitors,27-2021,27,13040,"Represent teams or professional sports clubs, performing such activities as meeting with members of the media, making speeches, or participating in charity events.",O*NET 31.0 Task Statements,31.0,"BLS Employment Projections Occupation.xlsx Table 1.2, 2025-2035",22.9,24.1,2.2,,,,,,,,,unscored_human_template,human-task-exposure-v2.0,true,train,27-2021.00
27-2021.00,Athletes and Sports Competitors,27-2021,27,13034,"Participate in athletic events or competitive sports, according to established rules and regulations.",O*NET 31.0 Task Statements,31.0,"BLS Employment Projections Occupation.xlsx Table 1.2, 2025-2035",22.9,24.1,2.2,,,,,,,,,unscored_human_template,human-task-exposure-v2.0,true,train,27-2021.00
27-2021.00,Athletes and Sports Competitors,27-2021,27,13033,Attend scheduled practice or training sessions.,O*NET 31.0 Task Statements,31.0,"BLS Employment Projections Occupation.xlsx Table 1.2, 2025-2035",22.9,24.1,2.2,,,,,,,,,unscored_human_template,human-task-exposure-v2.0,true,train,27-2021.00
27-2032.00,Choreographers,27-2032,27,11033,Coordinate production music with music directors.,O*NET 31.0 Task Statements,31.0,"BLS Employment Projections Occupation.xlsx Table 1.2, 2025-2035",4.7,4.9,0.6,,,,,,,,,unscored_human_template,human-task-exposure-v2.0,true,train,27-2032.00
27-2032.00,Choreographers,27-2032,27,11041,"Seek influences from other art forms, such as theatre, the visual arts, and architecture.",O*NET 31.0 Task Statements,31.0,"BLS Employment Projections Occupation.xlsx Table 1.2, 2025-2035",4.7,4.9,0.6,,,,,,,,,unscored_human_template,human-task-exposure-v2.0,true,train,27-2032.00
27-2032.00,Choreographers,27-2032,27,11044,"Restage traditional dances and works in dance companies' repertoires, developing new interpretations.",O*NET 31.0 Task Statements,31.0,"BLS Employment Projections Occupation.xlsx Table 1.2, 2025-2035",4.7,4.9,0.6,,,,,,,,,unscored_human_template,human-task-exposure-v2.0,true,train,27-2032.00
27-2041.00,Music Directors and Composers,27-2041,27,22570,Copy parts from scores for individual performers.,O*NET 31.0 Task Statements,31.0,"BLS Employment Projections Occupation.xlsx Table 1.2, 2025-2035",51.1,51.7,4.2,,,,,,,,,unscored_human_template,human-task-exposure-v2.0,true,train,27-2041.00
27-2041.00,Music Directors and Composers,27-2041,27,22558,Meet with soloists and concertmasters to discuss and prepare for performances.,O*NET 31.0 Task Statements,31.0,"BLS Employment Projections Occupation.xlsx Table 1.2, 2025-2035",51.1,51.7,4.2,,,,,,,,,unscored_human_template,human-task-exposure-v2.0,true,train,27-2041.00
27-2041.00,Music Directors and Composers,27-2041,27,22573,Stay abreast of the latest trends in music and music technology.,O*NET 31.0 Task Statements,31.0,"BLS Employment Projections Occupation.xlsx Table 1.2, 2025-2035",51.1,51.7,4.2,,,,,,,,,unscored_human_template,human-task-exposure-v2.0,true,train,27-2041.00
27-3023.00,"News Analysts, Reporters, and Journalists",27-3023,27,22644,Photograph or videotape news events.,O*NET 31.0 Task Statements,31.0,"BLS Employment Projections Occupation.xlsx Table 1.2, 2025-2035",47.1,44.3,3.4,,,,,,,,,unscored_human_template,human-task-exposure-v2.0,true,train,27-3023.00
27-3023.00,"News Analysts, Reporters, and Journalists",27-3023,27,22648,"Develop ideas or material for columns or commentaries by analyzing and interpreting news, current issues, or personal experiences.",O*NET 31.0 Task Statements,31.0,"BLS Employment Projections Occupation.xlsx Table 1.2, 2025-2035",47.1,44.3,3.4,,,,,,,,,unscored_human_template,human-task-exposure-v2.0,true,train,27-3023.00
27-3023.00,"News Analysts, Reporters, and Journalists",27-3023,27,22632,"Present news stories, and introduce in-depth videotaped segments or live transmissions from on-the-scene reporters.",O*NET 31.0 Task Statements,31.0,"BLS Employment Projections Occupation.xlsx Table 1.2, 2025-2035",47.1,44.3,3.4,,,,,,,,,unscored_human_template,human-task-exposure-v2.0,true,train,27-3023.00
27-3031.00,Public Relations Specialists,27-3031,27,20555,"Plan or direct development or communication of programs to maintain favorable public or stockholder perceptions of an organization's accomplishments, agenda, or environmental responsibility.",O*NET 31.0 Task Statements,31.0,"BLS Employment Projections Occupation.xlsx Table 1.2, 2025-2035",314.5,320.2,23,,,,,,,,,unscored_human_template,human-task-exposure-v2.0,true,train,27-3031.00
27-3031.00,Public Relations Specialists,27-3031,27,20554,Write press releases or other media communications to promote clients.,O*NET 31.0 Task Statements,31.0,"BLS Employment Projections Occupation.xlsx Table 1.2, 2025-2035",314.5,320.2,23,,,,,,,,,unscored_human_template,human-task-exposure-v2.0,true,train,27-3031.00
27-3031.00,Public Relations Specialists,27-3031,27,19809,Coordinate public responses to environmental management incidents or conflicts.,O*NET 31.0 Task Statements,31.0,"BLS Employment Projections Occupation.xlsx Table 1.2, 2025-2035",314.5,320.2,23,,,,,,,,,unscored_human_template,human-task-exposure-v2.0,true,train,27-3031.00
27-3041.00,Editors,27-3041,27,1776,"Prepare, rewrite and edit copy to improve readability, or supervise others who do this work.",O*NET 31.0 Task Statements,31.0,"BLS Employment Projections Occupation.xlsx Table 1.2, 2025-2035",105,103.8,7.9,,,,,,,,,unscored_human_template,human-task-exposure-v2.0,true,train,27-3041.00
27-3041.00,Editors,27-3041,27,1791,"Select local, state, national, and international news items received from wire services, based on assessment of items' significance and interest value.",O*NET 31.0 Task Statements,31.0,"BLS Employment Projections Occupation.xlsx Table 1.2, 2025-2035",105,103.8,7.9,,,,,,,,,unscored_human_template,human-task-exposure-v2.0,true,train,27-3041.00
27-3041.00,Editors,27-3041,27,1790,Make manuscript acceptance or revision recommendations to the publisher.,O*NET 31.0 Task Statements,31.0,"BLS Employment Projections Occupation.xlsx Table 1.2, 2025-2035",105,103.8,7.9,,,,,,,,,unscored_human_template,human-task-exposure-v2.0,true,train,27-3041.00
27-3043.00,Writers and Authors,27-3043,27,22658,Conduct research and interviews to determine which of a product's selling features should be promoted.,O*NET 31.0 Task Statements,31.0,"BLS Employment Projections Occupation.xlsx Table 1.2, 2025-2035",140.3,139.9,11.9,,,,,,,,,unscored_human_template,human-task-exposure-v2.0,true,train,27-3043.00
27-3043.00,Writers and Authors,27-3043,27,22664,"Edit or rewrite existing written material as necessary, and submit written material for approval by supervisor, editor, or publisher.",O*NET 31.0 Task Statements,31.0,"BLS Employment Projections Occupation.xlsx Table 1.2, 2025-2035",140.3,139.9,11.9,,,,,,,,,unscored_human_template,human-task-exposure-v2.0,true,train,27-3043.00
27-3043.00,Writers and Authors,27-3043,27,22656,"Develop advertising campaigns for a wide range of clients, working with an advertising agency's creative director and art director to determine the best way to present advertising information.",O*NET 31.0 Task Statements,31.0,"BLS Employment Projections Occupation.xlsx Table 1.2, 2025-2035",140.3,139.9,11.9,,,,,,,,,unscored_human_template,human-task-exposure-v2.0,true,train,27-3043.00
27-3092.00,Court Reporters and Simultaneous Captioners,27-3092,27,8661,Record depositions and other proceedings for attorneys.,O*NET 31.0 Task Statements,31.0,"BLS Employment Projections Occupation.xlsx Table 1.2, 2025-2035",19.9,19.9,1.8,,,,,,,,,unscored_human_template,human-task-exposure-v2.0,true,train,27-3092.00
27-3092.00,Court Reporters and Simultaneous Captioners,27-3092,27,8657,Ask speakers to clarify inaudible statements.,O*NET 31.0 Task Statements,31.0,"BLS Employment Projections Occupation.xlsx Table 1.2, 2025-2035",19.9,19.9,1.8,,,,,,,,,unscored_human_template,human-task-exposure-v2.0,true,train,27-3092.00
27-3092.00,Court Reporters and Simultaneous Captioners,27-3092,27,24028,File exhibits.,O*NET 31.0 Task Statements,31.0,"BLS Employment Projections Occupation.xlsx Table 1.2, 2025-2035",19.9,19.9,1.8,,,,,,,,,unscored_human_template,human-task-exposure-v2.0,true,train,27-3092.00
27-4011.00,Audio and Video Technicians,27-4011,27,18650,Diagnose and resolve media system problems.,O*NET 31.0 Task Statements,31.0,"BLS Employment Projections Occupation.xlsx Table 1.2, 2025-2035",87.6,91.1,6.6,,,,,,,,,unscored_human_template,human-task-exposure-v2.0,true,train,27-4011.00
27-4011.00,Audio and Video Technicians,27-4011,27,3997,"Record and edit audio material, such as movie soundtracks, using audio recording and editing equipment.",O*NET 31.0 Task Statements,31.0,"BLS Employment Projections Occupation.xlsx Table 1.2, 2025-2035",87.6,91.1,6.6,,,,,,,,,unscored_human_template,human-task-exposure-v2.0,true,train,27-4011.00
27-4011.00,Audio and Video Technicians,27-4011,27,3981,Monitor incoming and outgoing pictures and sound feeds to ensure quality and notify directors of any possible problems.,O*NET 31.0 Task Statements,31.0,"BLS Employment Projections Occupation.xlsx Table 1.2, 2025-2035",87.6,91.1,6.6,,,,,,,,,unscored_human_template,human-task-exposure-v2.0,true,train,27-4011.00
27-4012.00,Broadcast Technicians,27-4012,27,18654,"Play and record broadcast programs, using automation systems.",O*NET 31.0 Task Statements,31.0,"BLS Employment Projections Occupation.xlsx Table 1.2, 2025-2035",24.1,23.3,1.6,,,,,,,,,unscored_human_template,human-task-exposure-v2.0,true,train,27-4012.00
27-4012.00,Broadcast Technicians,27-4012,27,4025,"Determine the number, type, and approximate location of microphones needed for best sound recording or transmission quality, and position them appropriately.",O*NET 31.0 Task Statements,31.0,"BLS Employment Projections Occupation.xlsx Table 1.2, 2025-2035",24.1,23.3,1.6,,,,,,,,,unscored_human_template,human-task-exposure-v2.0,true,train,27-4012.00
27-4012.00,Broadcast Technicians,27-4012,27,4028,Discuss production requirements with clients.,O*NET 31.0 Task Statements,31.0,"BLS Employment Projections Occupation.xlsx Table 1.2, 2025-2035",24.1,23.3,1.6,,,,,,,,,unscored_human_template,human-task-exposure-v2.0,true,train,27-4012.00
27-4021.00,Photographers,27-4021,27,9357,"Enhance, retouch, and resize photographs and negatives, using airbrushing and other techniques.",O*NET 31.0 Task Statements,31.0,"BLS Employment Projections Occupation.xlsx Table 1.2, 2025-2035",145,144,10.7,,,,,,,,,unscored_human_template,human-task-exposure-v2.0,true,train,27-4021.00
27-4021.00,Photographers,27-4021,27,9361,Direct activities of workers setting up photographic equipment.,O*NET 31.0 Task Statements,31.0,"BLS Employment Projections Occupation.xlsx Table 1.2, 2025-2035",145,144,10.7,,,,,,,,,unscored_human_template,human-task-exposure-v2.0,true,train,27-4021.00
27-4021.00,Photographers,27-4021,27,9362,"Employ a variety of specialized photographic materials and techniques, including infrared and ultraviolet films, macro photography, photogrammetry and sensitometry.",O*NET 31.0 Task Statements,31.0,"BLS Employment Projections Occupation.xlsx Table 1.2, 2025-2035",145,144,10.7,,,,,,,,,unscored_human_template,human-task-exposure-v2.0,true,train,27-4021.00
27-4032.00,Film and Video Editors,27-4032,27,4061,"Set up and operate computer editing systems, electronic titling systems, video switching equipment, and digital video effects units to produce a final product.",O*NET 31.0 Task Statements,31.0,"BLS Employment Projections Occupation.xlsx Table 1.2, 2025-2035",39.4,40.8,3.1,,,,,,,,,unscored_human_template,human-task-exposure-v2.0,true,train,27-4032.00
27-4032.00,Film and Video Editors,27-4032,27,4050,"Cut shot sequences to different angles at specific points in scenes, making each individual cut as fluid and seamless as possible.",O*NET 31.0 Task Statements,31.0,"BLS Employment Projections Occupation.xlsx Table 1.2, 2025-2035",39.4,40.8,3.1,,,,,,,,,unscored_human_template,human-task-exposure-v2.0,true,train,27-4032.00
27-4032.00,Film and Video Editors,27-4032,27,4069,Conduct film screenings for directors and members of production staffs.,O*NET 31.0 Task Statements,31.0,"BLS Employment Projections Occupation.xlsx Table 1.2, 2025-2035",39.4,40.8,3.1,,,,,,,,,unscored_human_template,human-task-exposure-v2.0,true,train,27-4032.00
29-1071.00,Physician Assistants,29-1071,29,4078,Prescribe therapy or medication with physician approval.,O*NET 31.0 Task Statements,31.0,"BLS Employment Projections Occupation.xlsx Table 1.2, 2025-2035",168.9,204.6,11.5,,,,,,,,,unscored_human_template,human-task-exposure-v2.0,true,train,29-1071.00
29-1071.00,Physician Assistants,29-1071,29,4084,Order medical and laboratory supplies and equipment.,O*NET 31.0 Task Statements,31.0,"BLS Employment Projections Occupation.xlsx Table 1.2, 2025-2035",168.9,204.6,11.5,,,,,,,,,unscored_human_template,human-task-exposure-v2.0,true,train,29-1071.00
29-1071.00,Physician Assistants,29-1071,29,4075,Make tentative diagnoses and decisions about management and treatment of patients.,O*NET 31.0 Task Statements,31.0,"BLS Employment Projections Occupation.xlsx Table 1.2, 2025-2035",168.9,204.6,11.5,,,,,,,,,unscored_human_template,human-task-exposure-v2.0,true,train,29-1071.00
29-1071.01,Anesthesiologist Assistants,29-1071,29,17298,Collect samples or specimens for diagnostic testing.,O*NET 31.0 Task Statements,31.0,"BLS Employment Projections Occupation.xlsx Table 1.2, 2025-2035",168.9,204.6,11.5,,,,,,,,,unscored_human_template,human-task-exposure-v2.0,true,train,29-1071.01
29-1071.01,Anesthesiologist Assistants,29-1071,29,17301,"Provide airway management interventions including tracheal intubation, fiber optics, or ventilary support.",O*NET 31.0 Task Statements,31.0,"BLS Employment Projections Occupation.xlsx Table 1.2, 2025-2035",168.9,204.6,11.5,,,,,,,,,unscored_human_template,human-task-exposure-v2.0,true,train,29-1071.01
29-1071.01,Anesthesiologist Assistants,29-1071,29,17311,"Administer anesthetic, adjuvant, or accessory drugs under the direction of an anesthesiologist.",O*NET 31.0 Task Statements,31.0,"BLS Employment Projections Occupation.xlsx Table 1.2, 2025-2035",168.9,204.6,11.5,,,,,,,,,unscored_human_template,human-task-exposure-v2.0,true,train,29-1071.01
29-1122.00,Occupational Therapists,29-1122,29,354,"Help clients improve decision making, abstract reasoning, memory, sequencing, coordination, and perceptual skills, using computer programs.",O*NET 31.0 Task Statements,31.0,"BLS Employment Projections Occupation.xlsx Table 1.2, 2025-2035",169.6,194.8,10,,,,,,,,,unscored_human_template,human-task-exposure-v2.0,true,train,29-1122.00
29-1122.00,Occupational Therapists,29-1122,29,359,"Lay out materials such as puzzles, scissors and eating utensils for use in therapy, and clean and repair these tools after therapy sessions.",O*NET 31.0 Task Statements,31.0,"BLS Employment Projections Occupation.xlsx Table 1.2, 2025-2035",169.6,194.8,10,,,,,,,,,unscored_human_template,human-task-exposure-v2.0,true,train,29-1122.00
29-1122.00,Occupational Therapists,29-1122,29,362,Provide patients with assistance in locating or holding jobs.,O*NET 31.0 Task Statements,31.0,"BLS Employment Projections Occupation.xlsx Table 1.2, 2025-2035",169.6,194.8,10,,,,,,,,,unscored_human_template,human-task-exposure-v2.0,true,train,29-1122.00
29-1122.01,"Low Vision Therapists, Orientation and Mobility Specialists, and Vision Rehabilitation Therapists",29-1122,29,17345,"Teach clients to travel independently, using a variety of actual or simulated travel situations or exercises.",O*NET 31.0 Task Statements,31.0,"BLS Employment Projections Occupation.xlsx Table 1.2, 2025-2035",169.6,194.8,10,,,,,,,,,unscored_human_template,human-task-exposure-v2.0,true,train,29-1122.01
29-1122.01,"Low Vision Therapists, Orientation and Mobility Specialists, and Vision Rehabilitation Therapists",29-1122,29,17352,"Train clients with visual impairments to use mobility devices or systems, such as human guides, dog guides, electronic travel aids (ETAs), and other adaptive mobility devices (AMDs).",O*NET 31.0 Task Statements,31.0,"BLS Employment Projections Occupation.xlsx Table 1.2, 2025-2035",169.6,194.8,10,,,,,,,,,unscored_human_template,human-task-exposure-v2.0,true,train,29-1122.01
29-1122.01,"Low Vision Therapists, Orientation and Mobility Specialists, and Vision Rehabilitation Therapists",29-1122,29,17343,Administer tests and interpret test results to develop rehabilitation plans for clients.,O*NET 31.0 Task Statements,31.0,"BLS Employment Projections Occupation.xlsx Table 1.2, 2025-2035",169.6,194.8,10,,,,,,,,,unscored_human_template,human-task-exposure-v2.0,true,train,29-1122.01
29-1123.00,Physical Therapists,29-1123,29,378,"Administer treatment involving application of physical agents, using equipment, moist packs, ultraviolet or infrared lamps, or ultrasound machines.",O*NET 31.0 Task Statements,31.0,"BLS Employment Projections Occupation.xlsx Table 1.2, 2025-2035",283.7,317.6,13.4,,,,,,,,,unscored_human_template,human-task-exposure-v2.0,true,train,29-1123.00
29-1123.00,Physical Therapists,29-1123,29,384,Participate in community or community agency activities or help to formulate public policy.,O*NET 31.0 Task Statements,31.0,"BLS Employment Projections Occupation.xlsx Table 1.2, 2025-2035",283.7,317.6,13.4,,,,,,,,,unscored_human_template,human-task-exposure-v2.0,true,train,29-1123.00
29-1123.00,Physical Therapists,29-1123,29,386,Direct group rehabilitation activities.,O*NET 31.0 Task Statements,31.0,"BLS Employment Projections Occupation.xlsx Table 1.2, 2025-2035",283.7,317.6,13.4,,,,,,,,,unscored_human_template,human-task-exposure-v2.0,true,train,29-1123.00
29-1124.00,Radiation Therapists,29-1124,29,4092,Check radiation therapy equipment to ensure proper operation.,O*NET 31.0 Task Statements,31.0,"BLS Employment Projections Occupation.xlsx Table 1.2, 2025-2035",17.4,17.9,0.7,,,,,,,,,unscored_human_template,human-task-exposure-v2.0,true,train,29-1124.00
29-1124.00,Radiation Therapists,29-1124,29,4093,Observe and reassure patients during treatment and report unusual reactions to physician or turn equipment off if unexpected adverse reactions occur.,O*NET 31.0 Task Statements,31.0,"BLS Employment Projections Occupation.xlsx Table 1.2, 2025-2035",17.4,17.9,0.7,,,,,,,,,unscored_human_template,human-task-exposure-v2.0,true,train,29-1124.00
29-1124.00,Radiation Therapists,29-1124,29,4103,Implement appropriate follow-up care plans.,O*NET 31.0 Task Statements,31.0,"BLS Employment Projections Occupation.xlsx Table 1.2, 2025-2035",17.4,17.9,0.7,,,,,,,,,unscored_human_template,human-task-exposure-v2.0,true,train,29-1124.00
29-1127.00,Speech-Language Pathologists,29-1127,29,18526,"Participate in and write reports for meetings regarding patients' progress, such as individualized educational planning (IEP) meetings, in-service meetings, or intervention assistance team meetings.",O*NET 31.0 Task Statements,31.0,"BLS Employment Projections Occupation.xlsx Table 1.2, 2025-2035",193.4,225.5,12.5,,,,,,,,,unscored_human_template,human-task-exposure-v2.0,true,train,29-1127.00
29-1127.00,Speech-Language Pathologists,29-1127,29,1875,Develop speech exercise programs to reduce disabilities.,O*NET 31.0 Task Statements,31.0,"BLS Employment Projections Occupation.xlsx Table 1.2, 2025-2035",193.4,225.5,12.5,,,,,,,,,unscored_human_template,human-task-exposure-v2.0,true,train,29-1127.00
29-1127.00,Speech-Language Pathologists,29-1127,29,1882,"Communicate with students who use an alternative method of communications, using sign language or computer technology.",O*NET 31.0 Task Statements,31.0,"BLS Employment Projections Occupation.xlsx Table 1.2, 2025-2035",193.4,225.5,12.5,,,,,,,,,unscored_human_template,human-task-exposure-v2.0,true,train,29-1127.00
29-1128.00,Exercise Physiologists,29-1128,29,19201,Recommend methods to increase lifestyle physical activity.,O*NET 31.0 Task Statements,31.0,"BLS Employment Projections Occupation.xlsx Table 1.2, 2025-2035",21.2,23.9,1.4,,,,,,,,,unscored_human_template,human-task-exposure-v2.0,true,train,29-1128.00
29-1128.00,Exercise Physiologists,29-1128,29,19203,Assess physical performance requirements to aid in the development of individualized recovery or rehabilitation exercise programs.,O*NET 31.0 Task Statements,31.0,"BLS Employment Projections Occupation.xlsx Table 1.2, 2025-2035",21.2,23.9,1.4,,,,,,,,,unscored_human_template,human-task-exposure-v2.0,true,train,29-1128.00
29-1128.00,Exercise Physiologists,29-1128,29,19215,"Teach group exercise for low-, medium-, or high-risk clients to improve participant strength, flexibility, endurance, or circulatory functioning.",O*NET 31.0 Task Statements,31.0,"BLS Employment Projections Occupation.xlsx Table 1.2, 2025-2035",21.2,23.9,1.4,,,,,,,,,unscored_human_template,human-task-exposure-v2.0,true,train,29-1128.00
29-1131.00,Veterinarians,29-1131,29,4109,"Collect body tissue, feces, blood, urine, or other body fluids for examination and analysis.",O*NET 31.0 Task Statements,31.0,"BLS Employment Projections Occupation.xlsx Table 1.2, 2025-2035",91.1,99.6,3.1,,,,,,,,,unscored_human_template,human-task-exposure-v2.0,true,train,29-1131.00
29-1131.00,Veterinarians,29-1131,29,18534,"Perform administrative or business management tasks, such as scheduling appointments, accepting payments from clients, budgeting, or maintaining business records.",O*NET 31.0 Task Statements,31.0,"BLS Employment Projections Occupation.xlsx Table 1.2, 2025-2035",91.1,99.6,3.1,,,,,,,,,unscored_human_template,human-task-exposure-v2.0,true,train,29-1131.00
29-1131.00,Veterinarians,29-1131,29,4119,"Direct the overall operations of animal hospitals, clinics, or mobile services to farms.",O*NET 31.0 Task Statements,31.0,"BLS Employment Projections Occupation.xlsx Table 1.2, 2025-2035",91.1,99.6,3.1,,,,,,,,,unscored_human_template,human-task-exposure-v2.0,true,train,29-1131.00
29-1141.02,Advanced Practice Psychiatric Nurses,29-1141,29,17332,"Collaborate with interdisciplinary team members, including psychiatrists, psychologists, or nursing staff, to develop, implement, or evaluate treatment plans.",O*NET 31.0 Task Statements,31.0,"BLS Employment Projections Occupation.xlsx Table 1.2, 2025-2035",3465.4,3660.1,180.8,,,,,,,,,unscored_human_template,human-task-exposure-v2.0,true,train,29-1141.02
29-1141.02,Advanced Practice Psychiatric Nurses,29-1141,29,17334,Diagnose psychiatric disorders and mental health conditions.,O*NET 31.0 Task Statements,31.0,"BLS Employment Projections Occupation.xlsx Table 1.2, 2025-2035",3465.4,3660.1,180.8,,,,,,,,,unscored_human_template,human-task-exposure-v2.0,true,train,29-1141.02
29-1141.02,Advanced Practice Psychiatric Nurses,29-1141,29,17312,"Teach classes in mental health topics, such as stress reduction.",O*NET 31.0 Task Statements,31.0,"BLS Employment Projections Occupation.xlsx Table 1.2, 2025-2035",3465.4,3660.1,180.8,,,,,,,,,unscored_human_template,human-task-exposure-v2.0,true,train,29-1141.02
29-1141.04,Clinical Nurse Specialists,29-1141,29,18000,Coordinate or conduct educational programs or in-service training sessions on topics such as clinical procedures.,O*NET 31.0 Task Statements,31.0,"BLS Employment Projections Occupation.xlsx Table 1.2, 2025-2035",3465.4,3660.1,180.8,,,,,,,,,unscored_human_template,human-task-exposure-v2.0,true,train,29-1141.04
29-1141.04,Clinical Nurse Specialists,29-1141,29,20419,Chair nursing departments or committees.,O*NET 31.0 Task Statements,31.0,"BLS Employment Projections Occupation.xlsx Table 1.2, 2025-2035",3465.4,3660.1,180.8,,,,,,,,,unscored_human_template,human-task-exposure-v2.0,true,train,29-1141.04
29-1141.04,Clinical Nurse Specialists,29-1141,29,20418,"Lead nursing department implementation of, or compliance with, regulatory or accreditation processes.",O*NET 31.0 Task Statements,31.0,"BLS Employment Projections Occupation.xlsx Table 1.2, 2025-2035",3465.4,3660.1,180.8,,,,,,,,,unscored_human_template,human-task-exposure-v2.0,true,train,29-1141.04
29-1151.00,Nurse Anesthetists,29-1151,29,18377,"Request anesthesia equipment repairs, adjustments, or safety tests.",O*NET 31.0 Task Statements,31.0,"BLS Employment Projections Occupation.xlsx Table 1.2, 2025-2035",54.5,59.8,2.4,,,,,,,,,unscored_human_template,human-task-exposure-v2.0,true,train,29-1151.00
29-1151.00,Nurse Anesthetists,29-1151,29,18367,Assess patients' medical histories to predict anesthesia response.,O*NET 31.0 Task Statements,31.0,"BLS Employment Projections Occupation.xlsx Table 1.2, 2025-2035",54.5,59.8,2.4,,,,,,,,,unscored_human_template,human-task-exposure-v2.0,true,train,29-1151.00
29-1151.00,Nurse Anesthetists,29-1151,29,18368,Develop anesthesia care plans.,O*NET 31.0 Task Statements,31.0,"BLS Employment Projections Occupation.xlsx Table 1.2, 2025-2035",54.5,59.8,2.4,,,,,,,,,unscored_human_template,human-task-exposure-v2.0,true,train,29-1151.00
29-1171.00,Nurse Practitioners,29-1171,29,18381,"Order, perform, or interpret the results of diagnostic tests, such as complete blood counts (CBCs), electrocardiograms (EKGs), and radiographs (x-rays).",O*NET 31.0 Task Statements,31.0,"BLS Employment Projections Occupation.xlsx Table 1.2, 2025-2035",336.3,474.1,29.4,,,,,,,,,unscored_human_template,human-task-exposure-v2.0,true,train,29-1171.00
29-1171.00,Nurse Practitioners,29-1171,29,18383,"Diagnose or treat acute health care problems, such as illnesses, infections, or injuries.",O*NET 31.0 Task Statements,31.0,"BLS Employment Projections Occupation.xlsx Table 1.2, 2025-2035",336.3,474.1,29.4,,,,,,,,,unscored_human_template,human-task-exposure-v2.0,true,train,29-1171.00
29-1171.00,Nurse Practitioners,29-1171,29,18394,"Recommend diagnostic or therapeutic interventions with attention to safety, cost, invasiveness, simplicity, acceptability, adherence, and efficacy.",O*NET 31.0 Task Statements,31.0,"BLS Employment Projections Occupation.xlsx Table 1.2, 2025-2035",336.3,474.1,29.4,,,,,,,,,unscored_human_template,human-task-exposure-v2.0,true,train,29-1171.00
29-1181.00,Audiologists,29-1181,29,18689,"Perform administrative tasks, such as managing office functions and finances.",O*NET 31.0 Task Statements,31.0,"BLS Employment Projections Occupation.xlsx Table 1.2, 2025-2035",14.2,15.7,0.6,,,,,,,,,unscored_human_template,human-task-exposure-v2.0,true,train,29-1181.00
29-1181.00,Audiologists,29-1181,29,18685,Work with multidisciplinary teams to assess and rehabilitate recipients of implanted hearing devices through auditory training and counseling.,O*NET 31.0 Task Statements,31.0,"BLS Employment Projections Occupation.xlsx Table 1.2, 2025-2035",14.2,15.7,0.6,,,,,,,,,unscored_human_template,human-task-exposure-v2.0,true,train,29-1181.00
29-1181.00,Audiologists,29-1181,29,18683,Provide information to the public on hearing or balance topics.,O*NET 31.0 Task Statements,31.0,"BLS Employment Projections Occupation.xlsx Table 1.2, 2025-2035",14.2,15.7,0.6,,,,,,,,,unscored_human_template,human-task-exposure-v2.0,true,train,29-1181.00
29-1211.00,Anesthesiologists,29-1211,29,24034,Place invasive intravascular monitors into patients.,O*NET 31.0 Task Statements,31.0,"BLS Employment Projections Occupation.xlsx Table 1.2, 2025-2035",41.5,43,1.1,,,,,,,,,unscored_human_template,human-task-exposure-v2.0,true,train,29-1211.00
29-1211.00,Anesthesiologists,29-1211,29,7761,Confer with other medical professionals to determine type and method of anesthetic or sedation to render patient insensible to pain.,O*NET 31.0 Task Statements,31.0,"BLS Employment Projections Occupation.xlsx Table 1.2, 2025-2035",41.5,43,1.1,,,,,,,,,unscored_human_template,human-task-exposure-v2.0,true,train,29-1211.00
29-1211.00,Anesthesiologists,29-1211,29,7768,"Schedule and maintain use of surgical suite, including operating, wash-up, waiting rooms, or anesthetic and sterilizing equipment.",O*NET 31.0 Task Statements,31.0,"BLS Employment Projections Occupation.xlsx Table 1.2, 2025-2035",41.5,43,1.1,,,,,,,,,unscored_human_template,human-task-exposure-v2.0,true,train,29-1211.00
29-1214.00,Emergency Medicine Physicians,29-1214,29,22722,Discuss patients' treatment plans with physicians and other medical professionals.,O*NET 31.0 Task Statements,31.0,"BLS Employment Projections Occupation.xlsx Table 1.2, 2025-2035",34.9,36.1,0.9,,,,,,,,,unscored_human_template,human-task-exposure-v2.0,true,train,29-1214.00
29-1214.00,Emergency Medicine Physicians,29-1214,29,22718,Communicate likely outcomes of medical diseases or traumatic conditions to patients or their representatives.,O*NET 31.0 Task Statements,31.0,"BLS Employment Projections Occupation.xlsx Table 1.2, 2025-2035",34.9,36.1,0.9,,,,,,,,,unscored_human_template,human-task-exposure-v2.0,true,train,29-1214.00
29-1214.00,Emergency Medicine Physicians,29-1214,29,22726,Perform emergency resuscitations on patients.,O*NET 31.0 Task Statements,31.0,"BLS Employment Projections Occupation.xlsx Table 1.2, 2025-2035",34.9,36.1,0.9,,,,,,,,,unscored_human_template,human-task-exposure-v2.0,true,train,29-1214.00
29-1216.00,General Internal Medicine Physicians,29-1216,29,7787,"Prescribe or administer medication, therapy, and other specialized medical care to treat or prevent illness, disease, or injury.",O*NET 31.0 Task Statements,31.0,"BLS Employment Projections Occupation.xlsx Table 1.2, 2025-2035",73.1,76,1.9,,,,,,,,,unscored_human_template,human-task-exposure-v2.0,true,train,29-1216.00
29-1216.00,General Internal Medicine Physicians,29-1216,29,7803,"Prepare government or organizational reports on birth, death, and disease statistics, workforce evaluations, or the medical status of individuals.",O*NET 31.0 Task Statements,31.0,"BLS Employment Projections Occupation.xlsx Table 1.2, 2025-2035",73.1,76,1.9,,,,,,,,,unscored_human_template,human-task-exposure-v2.0,true,train,29-1216.00
29-1216.00,General Internal Medicine Physicians,29-1216,29,7802,"Conduct research to develop or test medications, treatments, or procedures to prevent or control disease or injury.",O*NET 31.0 Task Statements,31.0,"BLS Employment Projections Occupation.xlsx Table 1.2, 2025-2035",73.1,76,1.9,,,,,,,,,unscored_human_template,human-task-exposure-v2.0,true,train,29-1216.00
29-1221.00,"Pediatricians, General",29-1221,29,7829,"Direct and coordinate activities of nurses, students, assistants, specialists, therapists, and other medical staff.",O*NET 31.0 Task Statements,31.0,"BLS Employment Projections Occupation.xlsx Table 1.2, 2025-2035",42.2,42.9,1,,,,,,,,,unscored_human_template,human-task-exposure-v2.0,true,train,29-1221.00
29-1221.00,"Pediatricians, General",29-1221,29,7822,"Collect, record, and maintain patient information, such as medical history, reports, or examination results.",O*NET 31.0 Task Statements,31.0,"BLS Employment Projections Occupation.xlsx Table 1.2, 2025-2035",42.2,42.9,1,,,,,,,,,unscored_human_template,human-task-exposure-v2.0,true,train,29-1221.00
29-1221.00,"Pediatricians, General",29-1221,29,7832,"Operate on patients to remove, repair, or improve functioning of diseased or injured body parts and systems.",O*NET 31.0 Task Statements,31.0,"BLS Employment Projections Occupation.xlsx Table 1.2, 2025-2035",42.2,42.9,1,,,,,,,,,unscored_human_template,human-task-exposure-v2.0,true,train,29-1221.00
29-1222.00,"Physicians, Pathologists",29-1222,29,17193,Consult with physicians about ordering and interpreting tests or providing treatments.,O*NET 31.0 Task Statements,31.0,"BLS Employment Projections Occupation.xlsx Table 1.2, 2025-2035",11.8,12.4,0.3,,,,,,,,,unscored_human_template,human-task-exposure-v2.0,true,train,29-1222.00
29-1222.00,"Physicians, Pathologists",29-1222,29,17192,Communicate pathologic findings to surgeons or other physicians.,O*NET 31.0 Task Statements,31.0,"BLS Employment Projections Occupation.xlsx Table 1.2, 2025-2035",11.8,12.4,0.3,,,,,,,,,unscored_human_template,human-task-exposure-v2.0,true,train,29-1222.00
29-1222.00,"Physicians, Pathologists",29-1222,29,17177,Testify in depositions or trials as an expert witness.,O*NET 31.0 Task Statements,31.0,"BLS Employment Projections Occupation.xlsx Table 1.2, 2025-2035",11.8,12.4,0.3,,,,,,,,,unscored_human_template,human-task-exposure-v2.0,true,train,29-1222.00
29-1224.00,Radiologists,29-1224,29,17249,Develop or monitor procedures to ensure adequate quality control of images.,O*NET 31.0 Task Statements,31.0,"BLS Employment Projections Occupation.xlsx Table 1.2, 2025-2035",28.7,29.6,0.7,,,,,,,,,unscored_human_template,human-task-exposure-v2.0,true,train,29-1224.00
29-1224.00,Radiologists,29-1224,29,17241,"Recognize or treat complications during and after procedures, including blood pressure problems, pain, oversedation, or bleeding.",O*NET 31.0 Task Statements,31.0,"BLS Employment Projections Occupation.xlsx Table 1.2, 2025-2035",28.7,29.6,0.7,,,,,,,,,unscored_human_template,human-task-exposure-v2.0,true,train,29-1224.00
29-1224.00,Radiologists,29-1224,29,22733,"Advise other physicians of the clinical indications, limitations, assessments, or risks of diagnostic and therapeutic applications of radioactive materials.",O*NET 31.0 Task Statements,31.0,"BLS Employment Projections Occupation.xlsx Table 1.2, 2025-2035",28.7,29.6,0.7,,,,,,,,,unscored_human_template,human-task-exposure-v2.0,true,train,29-1224.00
29-1229.03,Urologists,29-1229,29,17284,Provide urology consultation to physicians or other health care professionals.,O*NET 31.0 Task Statements,31.0,"BLS Employment Projections Occupation.xlsx Table 1.2, 2025-2035",367.4,380.1,9.4,,,,,,,,,unscored_human_template,human-task-exposure-v2.0,true,train,29-1229.03
29-1229.03,Urologists,29-1229,29,17293,"Order and interpret the results of diagnostic tests, such as prostate specific antigen (PSA) screening, to detect prostate cancer.",O*NET 31.0 Task Statements,31.0,"BLS Employment Projections Occupation.xlsx Table 1.2, 2025-2035",367.4,380.1,9.4,,,,,,,,,unscored_human_template,human-task-exposure-v2.0,true,train,29-1229.03
29-1229.03,Urologists,29-1229,29,17286,"Direct the work of nurses, residents, or other staff to provide patient care.",O*NET 31.0 Task Statements,31.0,"BLS Employment Projections Occupation.xlsx Table 1.2, 2025-2035",367.4,380.1,9.4,,,,,,,,,unscored_human_template,human-task-exposure-v2.0,true,train,29-1229.03
29-1229.04,Physical Medicine and Rehabilitation Physicians,29-1229,29,17209,"Prescribe orthotic and prosthetic applications and adaptive equipment, such as wheelchairs, bracing, or communication devices, to maximize patient function and self-sufficiency.",O*NET 31.0 Task Statements,31.0,"BLS Employment Projections Occupation.xlsx Table 1.2, 2025-2035",367.4,380.1,9.4,,,,,,,,,unscored_human_template,human-task-exposure-v2.0,true,train,29-1229.04
29-1229.04,Physical Medicine and Rehabilitation Physicians,29-1229,29,17210,"Provide inpatient or outpatient medical management of neuromuscular disorders, musculoskeletal trauma, acute and chronic pain, deformity or amputation, cardiac or pulmonary disease, or other disabling conditions.",O*NET 31.0 Task Statements,31.0,"BLS Employment Projections Occupation.xlsx Table 1.2, 2025-2035",367.4,380.1,9.4,,,,,,,,,unscored_human_template,human-task-exposure-v2.0,true,train,29-1229.04
29-1229.04,Physical Medicine and Rehabilitation Physicians,29-1229,29,17205,Coordinate physical medicine and rehabilitation services with other medical activities.,O*NET 31.0 Task Statements,31.0,"BLS Employment Projections Occupation.xlsx Table 1.2, 2025-2035",367.4,380.1,9.4,,,,,,,,,unscored_human_template,human-task-exposure-v2.0,true,train,29-1229.04
29-1229.05,Preventive Medicine Physicians,29-1229,29,17219,"Direct public health education programs dealing with topics such as preventable diseases, injuries, nutrition, food service sanitation, water supply safety, sewage and waste disposal, insect control, and immunizations.",O*NET 31.0 Task Statements,31.0,"BLS Employment Projections Occupation.xlsx Table 1.2, 2025-2035",367.4,380.1,9.4,,,,,,,,,unscored_human_template,human-task-exposure-v2.0,true,train,29-1229.05
29-1229.05,Preventive Medicine Physicians,29-1229,29,17222,"Direct or manage prevention programs in specialty areas such as aerospace, occupational, infectious disease, and environmental medicine.",O*NET 31.0 Task Statements,31.0,"BLS Employment Projections Occupation.xlsx Table 1.2, 2025-2035",367.4,380.1,9.4,,,,,,,,,unscored_human_template,human-task-exposure-v2.0,true,train,29-1229.05
29-1229.05,Preventive Medicine Physicians,29-1229,29,17216,Evaluate the effectiveness of prescribed risk reduction measures or other interventions.,O*NET 31.0 Task Statements,31.0,"BLS Employment Projections Occupation.xlsx Table 1.2, 2025-2035",367.4,380.1,9.4,,,,,,,,,unscored_human_template,human-task-exposure-v2.0,true,train,29-1229.05
29-1229.06,Sports Medicine Physicians,29-1229,29,17263,"Advise athletes, trainers, or coaches to alter or cease sports practices that are potentially harmful.",O*NET 31.0 Task Statements,31.0,"BLS Employment Projections Occupation.xlsx Table 1.2, 2025-2035",367.4,380.1,9.4,,,,,,,,,unscored_human_template,human-task-exposure-v2.0,true,train,29-1229.06
29-1229.06,Sports Medicine Physicians,29-1229,29,17280,"Examine, evaluate and treat athletes who have been injured or who have medical problems such as exercise-induced asthma.",O*NET 31.0 Task Statements,31.0,"BLS Employment Projections Occupation.xlsx Table 1.2, 2025-2035",367.4,380.1,9.4,,,,,,,,,unscored_human_template,human-task-exposure-v2.0,true,train,29-1229.06
29-1229.06,Sports Medicine Physicians,29-1229,29,17267,"Refer athletes for specialized consultation, physical therapy, or diagnostic testing.",O*NET 31.0 Task Statements,31.0,"BLS Employment Projections Occupation.xlsx Table 1.2, 2025-2035",367.4,380.1,9.4,,,,,,,,,unscored_human_template,human-task-exposure-v2.0,true,train,29-1229.06
29-1241.00,"Ophthalmologists, Except Pediatric",29-1241,29,17162,Develop or implement plans and procedures for ophthalmologic services.,O*NET 31.0 Task Statements,31.0,"BLS Employment Projections Occupation.xlsx Table 1.2, 2025-2035",9.7,10.2,0.2,,,,,,,,,unscored_human_template,human-task-exposure-v2.0,true,train,29-1241.00
29-1241.00,"Ophthalmologists, Except Pediatric",29-1241,29,17172,"Perform laser surgeries to alter, remove, reshape, or replace ocular tissue.",O*NET 31.0 Task Statements,31.0,"BLS Employment Projections Occupation.xlsx Table 1.2, 2025-2035",9.7,10.2,0.2,,,,,,,,,unscored_human_template,human-task-exposure-v2.0,true,train,29-1241.00
29-1241.00,"Ophthalmologists, Except Pediatric",29-1241,29,17164,Conduct clinical or laboratory-based research in ophthalmology.,O*NET 31.0 Task Statements,31.0,"BLS Employment Projections Occupation.xlsx Table 1.2, 2025-2035",9.7,10.2,0.2,,,,,,,,,unscored_human_template,human-task-exposure-v2.0,true,train,29-1241.00
29-1292.00,Dental Hygienists,29-1292,29,422,Expose and develop x-ray film.,O*NET 31.0 Task Statements,31.0,"BLS Employment Projections Occupation.xlsx Table 1.2, 2025-2035",225.3,243.2,15,,,,,,,,,unscored_human_template,human-task-exposure-v2.0,true,train,29-1292.00
29-1292.00,Dental Hygienists,29-1292,29,417,Feel and visually examine gums for sores and signs of disease.,O*NET 31.0 Task Statements,31.0,"BLS Employment Projections Occupation.xlsx Table 1.2, 2025-2035",225.3,243.2,15,,,,,,,,,unscored_human_template,human-task-exposure-v2.0,true,train,29-1292.00
29-1292.00,Dental Hygienists,29-1292,29,425,Make impressions for study casts.,O*NET 31.0 Task Statements,31.0,"BLS Employment Projections Occupation.xlsx Table 1.2, 2025-2035",225.3,243.2,15,,,,,,,,,unscored_human_template,human-task-exposure-v2.0,true,train,29-1292.00
29-1299.01,Naturopathic Physicians,29-1299,29,18420,"Consult with other health professionals to provide optimal patient care, referring patients to traditional health care professionals as necessary.",O*NET 31.0 Task Statements,31.0,"BLS Employment Projections Occupation.xlsx Table 1.2, 2025-2035",39.6,41.8,1.9,,,,,,,,,unscored_human_template,human-task-exposure-v2.0,true,train,29-1299.01
29-1299.01,Naturopathic Physicians,29-1299,29,18409,"Administer, dispense, or prescribe natural medicines, such as food or botanical extracts, herbs, dietary supplements, vitamins, nutraceuticals, and amino acids.",O*NET 31.0 Task Statements,31.0,"BLS Employment Projections Occupation.xlsx Table 1.2, 2025-2035",39.6,41.8,1.9,,,,,,,,,unscored_human_template,human-task-exposure-v2.0,true,train,29-1299.01
29-1299.01,Naturopathic Physicians,29-1299,29,18419,"Perform minor surgical procedures, such as removing warts, moles, or cysts, sampling tissues for skin cancer or lipomas, and applying or removing sutures.",O*NET 31.0 Task Statements,31.0,"BLS Employment Projections Occupation.xlsx Table 1.2, 2025-2035",39.6,41.8,1.9,,,,,,,,,unscored_human_template,human-task-exposure-v2.0,true,train,29-1299.01
29-2032.00,Diagnostic Medical Sonographers,29-2032,29,436,Select appropriate equipment settings and adjust patient positions to obtain the best sites and angles.,O*NET 31.0 Task Statements,31.0,"BLS Employment Projections Occupation.xlsx Table 1.2, 2025-2035",92.2,105.1,6,,,,,,,,,unscored_human_template,human-task-exposure-v2.0,true,train,29-2032.00
29-2032.00,Diagnostic Medical Sonographers,29-2032,29,449,"Perform medical procedures, such as administering oxygen, inserting and removing airways, taking vital signs, or giving emergency treatment, such as first aid or cardiopulmonary resuscitation (CPR).",O*NET 31.0 Task Statements,31.0,"BLS Employment Projections Occupation.xlsx Table 1.2, 2025-2035",92.2,105.1,6,,,,,,,,,unscored_human_template,human-task-exposure-v2.0,true,train,29-2032.00
29-2032.00,Diagnostic Medical Sonographers,29-2032,29,438,Process and code film from procedures and complete appropriate documentation.,O*NET 31.0 Task Statements,31.0,"BLS Employment Projections Occupation.xlsx Table 1.2, 2025-2035",92.2,105.1,6,,,,,,,,,unscored_human_template,human-task-exposure-v2.0,true,train,29-2032.00
29-2035.00,Magnetic Resonance Imaging Technologists,29-2035,29,19223,"Intravenously inject contrast dyes, such as gadolinium contrast, in accordance with scope of practice.",O*NET 31.0 Task Statements,31.0,"BLS Employment Projections Occupation.xlsx Table 1.2, 2025-2035",43.9,47.3,2.3,,,,,,,,,unscored_human_template,human-task-exposure-v2.0,true,train,29-2035.00
29-2035.00,Magnetic Resonance Imaging Technologists,29-2035,29,19231,Instruct medical staff or students in magnetic resonance imaging (MRI) procedures or equipment operation.,O*NET 31.0 Task Statements,31.0,"BLS Employment Projections Occupation.xlsx Table 1.2, 2025-2035",43.9,47.3,2.3,,,,,,,,,unscored_human_template,human-task-exposure-v2.0,true,train,29-2035.00
29-2035.00,Magnetic Resonance Imaging Technologists,29-2035,29,19233,"Place and secure small, portable magnetic resonance imaging (MRI) scanners on body part to be imaged, such as arm, leg, or head.",O*NET 31.0 Task Statements,31.0,"BLS Employment Projections Occupation.xlsx Table 1.2, 2025-2035",43.9,47.3,2.3,,,,,,,,,unscored_human_template,human-task-exposure-v2.0,true,train,29-2035.00
29-2036.00,Medical Dosimetrists,29-2036,29,22851,"Teach medical dosimetry, including its application, to students, radiation therapists, or residents.",O*NET 31.0 Task Statements,31.0,"BLS Employment Projections Occupation.xlsx Table 1.2, 2025-2035",3.5,3.7,0.2,,,,,,,,,unscored_human_template,human-task-exposure-v2.0,true,train,29-2036.00
29-2036.00,Medical Dosimetrists,29-2036,29,22839,"Develop requirements for the use of patient immobilization devices and positioning aides, such as molds or casts, as part of treatment plans to ensure accurate delivery of radiation and comfort of patient.",O*NET 31.0 Task Statements,31.0,"BLS Employment Projections Occupation.xlsx Table 1.2, 2025-2035",3.5,3.7,0.2,,,,,,,,,unscored_human_template,human-task-exposure-v2.0,true,train,29-2036.00
29-2036.00,Medical Dosimetrists,29-2036,29,22846,"Measure the amount of radioactivity in patients or equipment, using radiation monitoring devices.",O*NET 31.0 Task Statements,31.0,"BLS Employment Projections Occupation.xlsx Table 1.2, 2025-2035",3.5,3.7,0.2,,,,,,,,,unscored_human_template,human-task-exposure-v2.0,true,train,29-2036.00
29-2042.00,Emergency Medical Technicians,29-2042,29,22862,"Observe, record, and report to physician the patient's condition or injury, the treatment provided, and reactions to drugs or treatment.",O*NET 31.0 Task Statements,31.0,"BLS Employment Projections Occupation.xlsx Table 1.2, 2025-2035",181.9,192.5,13.8,,,,,,,,,unscored_human_template,human-task-exposure-v2.0,true,train,29-2042.00
29-2042.00,Emergency Medical Technicians,29-2042,29,22861,"Maintain vehicles and medical and communication equipment, and replenish first aid equipment and supplies.",O*NET 31.0 Task Statements,31.0,"BLS Employment Projections Occupation.xlsx Table 1.2, 2025-2035",181.9,192.5,13.8,,,,,,,,,unscored_human_template,human-task-exposure-v2.0,true,train,29-2042.00
29-2042.00,Emergency Medical Technicians,29-2042,29,22852,Administer first aid treatment or life support care to sick or injured persons in prehospital settings.,O*NET 31.0 Task Statements,31.0,"BLS Employment Projections Occupation.xlsx Table 1.2, 2025-2035",181.9,192.5,13.8,,,,,,,,,unscored_human_template,human-task-exposure-v2.0,true,train,29-2042.00
29-2043.00,Paramedics,29-2043,29,22875,Perform emergency invasive intervention before delivering patient to an acute care facility.,O*NET 31.0 Task Statements,31.0,"BLS Employment Projections Occupation.xlsx Table 1.2, 2025-2035",102.2,108,4.3,,,,,,,,,unscored_human_template,human-task-exposure-v2.0,true,train,29-2043.00
29-2043.00,Paramedics,29-2043,29,22869,"Coordinate with treatment center personnel to obtain patients' vital statistics and medical history, to determine the circumstances of the emergency, and to administer emergency treatment.",O*NET 31.0 Task Statements,31.0,"BLS Employment Projections Occupation.xlsx Table 1.2, 2025-2035",102.2,108,4.3,,,,,,,,,unscored_human_template,human-task-exposure-v2.0,true,train,29-2043.00
29-2043.00,Paramedics,29-2043,29,22870,Coordinate work with other emergency medical team members or police or fire department personnel.,O*NET 31.0 Task Statements,31.0,"BLS Employment Projections Occupation.xlsx Table 1.2, 2025-2035",102.2,108,4.3,,,,,,,,,unscored_human_template,human-task-exposure-v2.0,true,train,29-2043.00
29-2052.00,Pharmacy Technicians,29-2052,29,1946,"Establish or maintain patient profiles, including lists of medications taken by individual patients.",O*NET 31.0 Task Statements,31.0,"BLS Employment Projections Occupation.xlsx Table 1.2, 2025-2035",471.2,501.3,44.7,,,,,,,,,unscored_human_template,human-task-exposure-v2.0,true,train,29-2052.00
29-2052.00,Pharmacy Technicians,29-2052,29,18545,"Receive and store incoming supplies, verify quantities against invoices, check for outdated medications in current inventory, and inform supervisors of stock needs and shortages.",O*NET 31.0 Task Statements,31.0,"BLS Employment Projections Occupation.xlsx Table 1.2, 2025-2035",471.2,501.3,44.7,,,,,,,,,unscored_human_template,human-task-exposure-v2.0,true,train,29-2052.00
29-2052.00,Pharmacy Technicians,29-2052,29,1949,"Transfer medication from vials to the appropriate number of sterile, disposable syringes, using aseptic techniques.",O*NET 31.0 Task Statements,31.0,"BLS Employment Projections Occupation.xlsx Table 1.2, 2025-2035",471.2,501.3,44.7,,,,,,,,,unscored_human_template,human-task-exposure-v2.0,true,train,29-2052.00
29-2053.00,Psychiatric Technicians,29-2053,29,6944,Monitor patients' physical and emotional well-being and report unusual behavior or physical ailments to medical staff.,O*NET 31.0 Task Statements,31.0,"BLS Employment Projections Occupation.xlsx Table 1.2, 2025-2035",161.5,197.5,17,,,,,,,,,unscored_human_template,human-task-exposure-v2.0,true,train,29-2053.00
29-2053.00,Psychiatric Technicians,29-2053,29,6945,"Provide nursing, psychiatric, or personal care to patients with cognitive, intellectual, or developmental disabilities.",O*NET 31.0 Task Statements,31.0,"BLS Employment Projections Occupation.xlsx Table 1.2, 2025-2035",161.5,197.5,17,,,,,,,,,unscored_human_template,human-task-exposure-v2.0,true,train,29-2053.00
29-2053.00,Psychiatric Technicians,29-2053,29,6957,Contact patients' relatives to arrange family conferences.,O*NET 31.0 Task Statements,31.0,"BLS Employment Projections Occupation.xlsx Table 1.2, 2025-2035",161.5,197.5,17,,,,,,,,,unscored_human_template,human-task-exposure-v2.0,true,train,29-2053.00
29-2055.00,Surgical Technologists,29-2055,29,1965,"Prepare, care for, and dispose of tissue specimens taken for laboratory analysis.",O*NET 31.0 Task Statements,31.0,"BLS Employment Projections Occupation.xlsx Table 1.2, 2025-2035",118.4,124.3,7.1,,,,,,,,,unscored_human_template,human-task-exposure-v2.0,true,train,29-2055.00
29-2055.00,Surgical Technologists,29-2055,29,15243,"Prepare patients for surgery, including positioning patients on the operating table and covering them with sterile surgical drapes to prevent exposure.",O*NET 31.0 Task Statements,31.0,"BLS Employment Projections Occupation.xlsx Table 1.2, 2025-2035",118.4,124.3,7.1,,,,,,,,,unscored_human_template,human-task-exposure-v2.0,true,train,29-2055.00
29-2055.00,Surgical Technologists,29-2055,29,24038,Transport patients to and from the operating room.,O*NET 31.0 Task Statements,31.0,"BLS Employment Projections Occupation.xlsx Table 1.2, 2025-2035",118.4,124.3,7.1,,,,,,,,,unscored_human_template,human-task-exposure-v2.0,true,train,29-2055.00
29-2056.00,Veterinary Technologists and Technicians,29-2056,29,4187,Observe the behavior and condition of animals and monitor their clinical symptoms.,O*NET 31.0 Task Statements,31.0,"BLS Employment Projections Occupation.xlsx Table 1.2, 2025-2035",131.4,143.8,13.4,,,,,,,,,unscored_human_template,human-task-exposure-v2.0,true,train,29-2056.00
29-2056.00,Veterinary Technologists and Technicians,29-2056,29,4184,"Fill prescriptions, measuring medications and labeling containers.",O*NET 31.0 Task Statements,31.0,"BLS Employment Projections Occupation.xlsx Table 1.2, 2025-2035",131.4,143.8,13.4,,,,,,,,,unscored_human_template,human-task-exposure-v2.0,true,train,29-2056.00
29-2056.00,Veterinary Technologists and Technicians,29-2056,29,4200,"Conduct specialized procedures, such as animal branding or tattooing or hoof trimming.",O*NET 31.0 Task Statements,31.0,"BLS Employment Projections Occupation.xlsx Table 1.2, 2025-2035",131.4,143.8,13.4,,,,,,,,,unscored_human_template,human-task-exposure-v2.0,true,train,29-2056.00
29-2061.00,Licensed Practical and Licensed Vocational Nurses,29-2061,29,513,Supervise nurses' aides or assistants.,O*NET 31.0 Task Statements,31.0,"BLS Employment Projections Occupation.xlsx Table 1.2, 2025-2035",666.9,686.7,51.8,,,,,,,,,unscored_human_template,human-task-exposure-v2.0,true,train,29-2061.00
29-2061.00,Licensed Practical and Licensed Vocational Nurses,29-2061,29,507,"Observe patients, charting and reporting changes in patients' conditions, such as adverse reactions to medication or treatment, and taking any necessary action.",O*NET 31.0 Task Statements,31.0,"BLS Employment Projections Occupation.xlsx Table 1.2, 2025-2035",666.9,686.7,51.8,,,,,,,,,unscored_human_template,human-task-exposure-v2.0,true,train,29-2061.00
29-2061.00,Licensed Practical and Licensed Vocational Nurses,29-2061,29,527,Wash and dress bodies of deceased persons.,O*NET 31.0 Task Statements,31.0,"BLS Employment Projections Occupation.xlsx Table 1.2, 2025-2035",666.9,686.7,51.8,,,,,,,,,unscored_human_template,human-task-exposure-v2.0,true,train,29-2061.00
29-2099.01,Neurodiagnostic Technologists,29-2099,29,17426,"Calibrate, troubleshoot, or repair equipment and correct malfunctions, as needed.",O*NET 31.0 Task Statements,31.0,"BLS Employment Projections Occupation.xlsx Table 1.2, 2025-2035",185.6,196.4,12.4,,,,,,,,,unscored_human_template,human-task-exposure-v2.0,true,train,29-2099.01
29-2099.01,Neurodiagnostic Technologists,29-2099,29,17438,"Participate in research projects, conferences, or technical meetings.",O*NET 31.0 Task Statements,31.0,"BLS Employment Projections Occupation.xlsx Table 1.2, 2025-2035",185.6,196.4,12.4,,,,,,,,,unscored_human_template,human-task-exposure-v2.0,true,train,29-2099.01
29-2099.01,Neurodiagnostic Technologists,29-2099,29,17433,Adjust equipment to optimize viewing of the nervous system.,O*NET 31.0 Task Statements,31.0,"BLS Employment Projections Occupation.xlsx Table 1.2, 2025-2035",185.6,196.4,12.4,,,,,,,,,unscored_human_template,human-task-exposure-v2.0,true,train,29-2099.01
29-2099.05,Ophthalmic Medical Technologists,29-2099,29,19275,"Measure visual acuity, including near, distance, pinhole, or dynamic visual acuity, using appropriate tests.",O*NET 31.0 Task Statements,31.0,"BLS Employment Projections Occupation.xlsx Table 1.2, 2025-2035",185.6,196.4,12.4,,,,,,,,,unscored_human_template,human-task-exposure-v2.0,true,train,29-2099.05
29-2099.05,Ophthalmic Medical Technologists,29-2099,29,19284,Conduct low vision blindness tests.,O*NET 31.0 Task Statements,31.0,"BLS Employment Projections Occupation.xlsx Table 1.2, 2025-2035",185.6,196.4,12.4,,,,,,,,,unscored_human_template,human-task-exposure-v2.0,true,train,29-2099.05
29-2099.05,Ophthalmic Medical Technologists,29-2099,29,19278,"Perform slit lamp biomicroscopy procedures to diagnose disorders of the eye, such as retinitis, presbyopia, cataracts, or retinal detachment.",O*NET 31.0 Task Statements,31.0,"BLS Employment Projections Occupation.xlsx Table 1.2, 2025-2035",185.6,196.4,12.4,,,,,,,,,unscored_human_template,human-task-exposure-v2.0,true,train,29-2099.05
29-2099.08,Patient Representatives,29-2099,29,17671,Refer patients to appropriate health care services or resources.,O*NET 31.0 Task Statements,31.0,"BLS Employment Projections Occupation.xlsx Table 1.2, 2025-2035",185.6,196.4,12.4,,,,,,,,,unscored_human_template,human-task-exposure-v2.0,true,train,29-2099.08
29-2099.08,Patient Representatives,29-2099,29,17678,Maintain knowledge of community services and resources available to patients.,O*NET 31.0 Task Statements,31.0,"BLS Employment Projections Occupation.xlsx Table 1.2, 2025-2035",185.6,196.4,12.4,,,,,,,,,unscored_human_template,human-task-exposure-v2.0,true,train,29-2099.08
29-2099.08,Patient Representatives,29-2099,29,17675,Teach patients to use home health care equipment.,O*NET 31.0 Task Statements,31.0,"BLS Employment Projections Occupation.xlsx Table 1.2, 2025-2035",185.6,196.4,12.4,,,,,,,,,unscored_human_template,human-task-exposure-v2.0,true,train,29-2099.08
29-9091.00,Athletic Trainers,29-9091,29,4222,"Care for athletic injuries, using physical therapy equipment, techniques, or medication.",O*NET 31.0 Task Statements,31.0,"BLS Employment Projections Occupation.xlsx Table 1.2, 2025-2035",35.2,39.6,2.4,,,,,,,,,unscored_human_template,human-task-exposure-v2.0,true,train,29-9091.00
29-9091.00,Athletic Trainers,29-9091,29,4227,Advise athletes on the proper use of equipment.,O*NET 31.0 Task Statements,31.0,"BLS Employment Projections Occupation.xlsx Table 1.2, 2025-2035",35.2,39.6,2.4,,,,,,,,,unscored_human_template,human-task-exposure-v2.0,true,train,29-9091.00
29-9091.00,Athletic Trainers,29-9091,29,18692,File athlete insurance claims and communicate with insurance providers.,O*NET 31.0 Task Statements,31.0,"BLS Employment Projections Occupation.xlsx Table 1.2, 2025-2035",35.2,39.6,2.4,,,,,,,,,unscored_human_template,human-task-exposure-v2.0,true,train,29-9091.00
29-9092.00,Genetic Counselors,29-9092,29,17505,"Determine or coordinate treatment plans by requesting laboratory services, reviewing genetics or counseling literature, and considering histories or diagnostic data.",O*NET 31.0 Task Statements,31.0,"BLS Employment Projections Occupation.xlsx Table 1.2, 2025-2035",4.2,4.6,0.3,,,,,,,,,unscored_human_template,human-task-exposure-v2.0,true,train,29-9092.00
29-9092.00,Genetic Counselors,29-9092,29,17508,"Interview patients or review medical records to obtain comprehensive patient or family medical histories, and document findings.",O*NET 31.0 Task Statements,31.0,"BLS Employment Projections Occupation.xlsx Table 1.2, 2025-2035",4.2,4.6,0.3,,,,,,,,,unscored_human_template,human-task-exposure-v2.0,true,train,29-9092.00
29-9092.00,Genetic Counselors,29-9092,29,17516,Identify funding sources and write grant proposals for eligible programs or services.,O*NET 31.0 Task Statements,31.0,"BLS Employment Projections Occupation.xlsx Table 1.2, 2025-2035",4.2,4.6,0.3,,,,,,,,,unscored_human_template,human-task-exposure-v2.0,true,train,29-9092.00
29-9093.00,Surgical Assistants,29-9093,29,19299,Monitor and maintain aseptic technique throughout procedures.,O*NET 31.0 Task Statements,31.0,"BLS Employment Projections Occupation.xlsx Table 1.2, 2025-2035",24.4,25.9,1.4,,,,,,,,,unscored_human_template,human-task-exposure-v2.0,true,train,29-9093.00
29-9093.00,Surgical Assistants,29-9093,29,19306,Cover patients with surgical drapes to create and maintain a sterile operative field.,O*NET 31.0 Task Statements,31.0,"BLS Employment Projections Occupation.xlsx Table 1.2, 2025-2035",24.4,25.9,1.4,,,,,,,,,unscored_human_template,human-task-exposure-v2.0,true,train,29-9093.00
29-9093.00,Surgical Assistants,29-9093,29,19314,Transport patients to operating room.,O*NET 31.0 Task Statements,31.0,"BLS Employment Projections Occupation.xlsx Table 1.2, 2025-2035",24.4,25.9,1.4,,,,,,,,,unscored_human_template,human-task-exposure-v2.0,true,train,29-9093.00
29-9099.01,Midwives,29-9099,29,17486,"Provide necessary medical care for infants at birth, including emergency care such as resuscitation.",O*NET 31.0 Task Statements,31.0,"BLS Employment Projections Occupation.xlsx Table 1.2, 2025-2035",39.1,41,2.2,,,,,,,,,unscored_human_template,human-task-exposure-v2.0,true,train,29-9099.01
29-9099.01,Midwives,29-9099,29,17484,Perform post-partum health assessments of mothers and babies at regular intervals.,O*NET 31.0 Task Statements,31.0,"BLS Employment Projections Occupation.xlsx Table 1.2, 2025-2035",39.1,41,2.2,,,,,,,,,unscored_human_template,human-task-exposure-v2.0,true,train,29-9099.01
29-9099.01,Midwives,29-9099,29,17492,Complete birth certificates.,O*NET 31.0 Task Statements,31.0,"BLS Employment Projections Occupation.xlsx Table 1.2, 2025-2035",39.1,41,2.2,,,,,,,,,unscored_human_template,human-task-exposure-v2.0,true,train,29-9099.01
31-1121.00,Home Health Aides,31-1121,31,4246,Direct patients in simple prescribed exercises or in the use of braces or artificial limbs.,O*NET 31.0 Task Statements,31.0,"BLS Employment Projections Occupation.xlsx Table 1.2, 2025-2035",,,,,,,,,,,,unscored_human_template,human-task-exposure-v2.0,true,train,31-1121.00
31-1121.00,Home Health Aides,31-1121,31,4242,"Provide patients and families with emotional support and instruction in areas such as caring for infants, preparing healthy meals, living independently, or adapting to disability or illness.",O*NET 31.0 Task Statements,31.0,"BLS Employment Projections Occupation.xlsx Table 1.2, 2025-2035",,,,,,,,,,,,unscored_human_template,human-task-exposure-v2.0,true,train,31-1121.00
31-1121.00,Home Health Aides,31-1121,31,4252,Care for children with disabilities or who have sick parents or parents with disabilities.,O*NET 31.0 Task Statements,31.0,"BLS Employment Projections Occupation.xlsx Table 1.2, 2025-2035",,,,,,,,,,,,unscored_human_template,human-task-exposure-v2.0,true,train,31-1121.00
31-1122.00,Personal Care Aides,31-1122,31,2374,"Instruct or advise clients on issues, such as household cleanliness, utilities, hygiene, nutrition, or infant care.",O*NET 31.0 Task Statements,31.0,"BLS Employment Projections Occupation.xlsx Table 1.2, 2025-2035",,,,,,,,,,,,unscored_human_template,human-task-exposure-v2.0,true,train,31-1122.00
31-1122.00,Personal Care Aides,31-1122,31,2376,"Participate in case reviews, consulting with the team caring for the client, to evaluate the client's needs and plan for continuing services.",O*NET 31.0 Task Statements,31.0,"BLS Employment Projections Occupation.xlsx Table 1.2, 2025-2035",,,,,,,,,,,,unscored_human_template,human-task-exposure-v2.0,true,train,31-1122.00
31-1122.00,Personal Care Aides,31-1122,31,2377,"Transport clients to locations outside the home, such as to physicians' offices or on outings, using a motor vehicle.",O*NET 31.0 Task Statements,31.0,"BLS Employment Projections Occupation.xlsx Table 1.2, 2025-2035",,,,,,,,,,,,unscored_human_template,human-task-exposure-v2.0,true,train,31-1122.00
31-1131.00,Nursing Assistants,31-1131,31,19340,"Transport patients to treatment units, testing units, operating rooms, or other areas, using wheelchairs, stretchers, or moveable beds.",O*NET 31.0 Task Statements,31.0,"BLS Employment Projections Occupation.xlsx Table 1.2, 2025-2035",1505.9,1544.9,196.2,,,,,,,,,unscored_human_template,human-task-exposure-v2.0,true,train,31-1131.00
31-1131.00,Nursing Assistants,31-1131,31,19328,"Observe or examine patients to detect symptoms that may require medical attention, such as bruises, open wounds, or blood in urine.",O*NET 31.0 Task Statements,31.0,"BLS Employment Projections Occupation.xlsx Table 1.2, 2025-2035",1505.9,1544.9,196.2,,,,,,,,,unscored_human_template,human-task-exposure-v2.0,true,train,31-1131.00
31-1131.00,Nursing Assistants,31-1131,31,19316,"Administer medications or treatments, such as catheterizations, suppositories, irrigations, enemas, massages, or douches, as directed by a physician or nurse.",O*NET 31.0 Task Statements,31.0,"BLS Employment Projections Occupation.xlsx Table 1.2, 2025-2035",1505.9,1544.9,196.2,,,,,,,,,unscored_human_template,human-task-exposure-v2.0,true,train,31-1131.00
31-1132.00,Orderlies,31-1132,31,19353,"Clean equipment, such as wheelchairs, hospital beds, or portable medical equipment, documenting needed repairs or maintenance.",O*NET 31.0 Task Statements,31.0,"BLS Employment Projections Occupation.xlsx Table 1.2, 2025-2035",52.8,54.9,7.2,,,,,,,,,unscored_human_template,human-task-exposure-v2.0,true,train,31-1132.00
31-1132.00,Orderlies,31-1132,31,19356,"Disinfect or sterilize equipment or supplies, using germicides or sterilizing equipment.",O*NET 31.0 Task Statements,31.0,"BLS Employment Projections Occupation.xlsx Table 1.2, 2025-2035",52.8,54.9,7.2,,,,,,,,,unscored_human_template,human-task-exposure-v2.0,true,train,31-1132.00
31-1132.00,Orderlies,31-1132,31,19365,Transport bodies to the morgue.,O*NET 31.0 Task Statements,31.0,"BLS Employment Projections Occupation.xlsx Table 1.2, 2025-2035",52.8,54.9,7.2,,,,,,,,,unscored_human_template,human-task-exposure-v2.0,true,train,31-1132.00
31-2011.00,Occupational Therapy Assistants,31-2011,31,4259,"Evaluate the daily living skills or capacities of clients with physical, developmental, or mental health disabilities.",O*NET 31.0 Task Statements,31.0,"BLS Employment Projections Occupation.xlsx Table 1.2, 2025-2035",52.2,63.4,8.1,,,,,,,,,unscored_human_template,human-task-exposure-v2.0,true,train,31-2011.00
31-2011.00,Occupational Therapy Assistants,31-2011,31,4258,"Instruct, or assist in instructing, patients and families in home programs, basic living skills, or the care and use of adaptive equipment.",O*NET 31.0 Task Statements,31.0,"BLS Employment Projections Occupation.xlsx Table 1.2, 2025-2035",52.2,63.4,8.1,,,,,,,,,unscored_human_template,human-task-exposure-v2.0,true,train,31-2011.00
31-2011.00,Occupational Therapy Assistants,31-2011,31,4272,Assist educational specialists or clinical psychologists in administering situational or diagnostic tests to measure client's abilities or progress.,O*NET 31.0 Task Statements,31.0,"BLS Employment Projections Occupation.xlsx Table 1.2, 2025-2035",52.2,63.4,8.1,,,,,,,,,unscored_human_template,human-task-exposure-v2.0,true,train,31-2011.00
31-2012.00,Occupational Therapy Aides,31-2012,31,9405,Supervise patients in choosing and completing work assignments or arts and crafts projects.,O*NET 31.0 Task Statements,31.0,"BLS Employment Projections Occupation.xlsx Table 1.2, 2025-2035",4.4,4.6,0.6,,,,,,,,,unscored_human_template,human-task-exposure-v2.0,true,train,31-2012.00
31-2012.00,Occupational Therapy Aides,31-2012,31,9404,"Instruct patients and families in work, social, and living skills, the care and use of adaptive equipment, and other skills to facilitate home and work adjustment to disability.",O*NET 31.0 Task Statements,31.0,"BLS Employment Projections Occupation.xlsx Table 1.2, 2025-2035",4.4,4.6,0.6,,,,,,,,,unscored_human_template,human-task-exposure-v2.0,true,train,31-2012.00
31-2012.00,Occupational Therapy Aides,31-2012,31,9411,Assist educational specialists or clinical psychologists in administering situational or diagnostic tests to measure client's abilities or progress.,O*NET 31.0 Task Statements,31.0,"BLS Employment Projections Occupation.xlsx Table 1.2, 2025-2035",4.4,4.6,0.6,,,,,,,,,unscored_human_template,human-task-exposure-v2.0,true,train,31-2012.00
31-2021.00,Physical Therapist Assistants,31-2021,31,15250,"Attend or conduct continuing education courses, seminars, or in-service activities.",O*NET 31.0 Task Statements,31.0,"BLS Employment Projections Occupation.xlsx Table 1.2, 2025-2035",114.1,140.4,18.5,,,,,,,,,unscored_human_template,human-task-exposure-v2.0,true,train,31-2021.00
31-2021.00,Physical Therapist Assistants,31-2021,31,21193,"Instruct patients in proper body mechanics and in ways to improve functional mobility, such as aquatic exercise.",O*NET 31.0 Task Statements,31.0,"BLS Employment Projections Occupation.xlsx Table 1.2, 2025-2035",114.1,140.4,18.5,,,,,,,,,unscored_human_template,human-task-exposure-v2.0,true,train,31-2021.00
31-2021.00,Physical Therapist Assistants,31-2021,31,21194,Perform therapeutic wound care.,O*NET 31.0 Task Statements,31.0,"BLS Employment Projections Occupation.xlsx Table 1.2, 2025-2035",114.1,140.4,18.5,,,,,,,,,unscored_human_template,human-task-exposure-v2.0,true,train,31-2021.00
31-9091.00,Dental Assistants,31-9091,31,552,Record treatment information in patient records.,O*NET 31.0 Task Statements,31.0,"BLS Employment Projections Occupation.xlsx Table 1.2, 2025-2035",388.6,417.4,53,,,,,,,,,unscored_human_template,human-task-exposure-v2.0,true,train,31-9091.00
31-9091.00,Dental Assistants,31-9091,31,559,Clean and polish removable appliances.,O*NET 31.0 Task Statements,31.0,"BLS Employment Projections Occupation.xlsx Table 1.2, 2025-2035",388.6,417.4,53,,,,,,,,,unscored_human_template,human-task-exposure-v2.0,true,train,31-9091.00
31-9091.00,Dental Assistants,31-9091,31,18553,"Fabricate and fit orthodontic appliances and materials for patients, such as retainers, wires, or bands.",O*NET 31.0 Task Statements,31.0,"BLS Employment Projections Occupation.xlsx Table 1.2, 2025-2035",388.6,417.4,53,,,,,,,,,unscored_human_template,human-task-exposure-v2.0,true,train,31-9091.00
31-9092.00,Medical Assistants,31-9092,31,2036,Greet and log in patients arriving at office or clinic.,O*NET 31.0 Task Statements,31.0,"BLS Employment Projections Occupation.xlsx Table 1.2, 2025-2035",833.9,941.5,109.7,,,,,,,,,unscored_human_template,human-task-exposure-v2.0,true,train,31-9092.00
31-9092.00,Medical Assistants,31-9092,31,2032,"Prepare treatment rooms for patient examinations, keeping the rooms neat and clean.",O*NET 31.0 Task Statements,31.0,"BLS Employment Projections Occupation.xlsx Table 1.2, 2025-2035",833.9,941.5,109.7,,,,,,,,,unscored_human_template,human-task-exposure-v2.0,true,train,31-9092.00
31-9092.00,Medical Assistants,31-9092,31,2042,"Keep financial records or perform other bookkeeping duties, such as handling credit or collections or mailing monthly statements to patients.",O*NET 31.0 Task Statements,31.0,"BLS Employment Projections Occupation.xlsx Table 1.2, 2025-2035",833.9,941.5,109.7,,,,,,,,,unscored_human_template,human-task-exposure-v2.0,true,train,31-9092.00
31-9094.00,Medical Transcriptionists,31-9094,31,9413,"Transcribe dictation for a variety of medical reports, such as patient histories, physical examinations, emergency room visits, operations, chart reviews, consultation, or discharge summaries.",O*NET 31.0 Task Statements,31.0,"BLS Employment Projections Occupation.xlsx Table 1.2, 2025-2035",42,40.2,6.2,,,,,,,,,unscored_human_template,human-task-exposure-v2.0,true,train,31-9094.00
31-9094.00,Medical Transcriptionists,31-9094,31,9427,Receive and screen telephone calls and visitors.,O*NET 31.0 Task Statements,31.0,"BLS Employment Projections Occupation.xlsx Table 1.2, 2025-2035",42,40.2,6.2,,,,,,,,,unscored_human_template,human-task-exposure-v2.0,true,train,31-9094.00
31-9094.00,Medical Transcriptionists,31-9094,31,9422,"Answer inquiries concerning the progress of medical cases, within the limits of confidentiality laws.",O*NET 31.0 Task Statements,31.0,"BLS Employment Projections Occupation.xlsx Table 1.2, 2025-2035",42,40.2,6.2,,,,,,,,,unscored_human_template,human-task-exposure-v2.0,true,train,31-9094.00
31-9095.00,Pharmacy Aides,31-9095,31,2061,Calculate anticipated drug usage for a prescribed period.,O*NET 31.0 Task Statements,31.0,"BLS Employment Projections Occupation.xlsx Table 1.2, 2025-2035",39.2,39,5.1,,,,,,,,,unscored_human_template,human-task-exposure-v2.0,true,train,31-9095.00
31-9095.00,Pharmacy Aides,31-9095,31,2052,Operate cash register to process cash or credit sales.,O*NET 31.0 Task Statements,31.0,"BLS Employment Projections Occupation.xlsx Table 1.2, 2025-2035",39.2,39,5.1,,,,,,,,,unscored_human_template,human-task-exposure-v2.0,true,train,31-9095.00
31-9095.00,Pharmacy Aides,31-9095,31,2049,"Unpack, sort, count, and label incoming merchandise, including items requiring special handling or refrigeration.",O*NET 31.0 Task Statements,31.0,"BLS Employment Projections Occupation.xlsx Table 1.2, 2025-2035",39.2,39,5.1,,,,,,,,,unscored_human_template,human-task-exposure-v2.0,true,train,31-9095.00
31-9096.00,Veterinary Assistants and Laboratory Animal Caretakers,31-9096,31,4322,"Record information relating to animal genealogy, feeding schedules, appearance, behavior, or breeding.",O*NET 31.0 Task Statements,31.0,"BLS Employment Projections Occupation.xlsx Table 1.2, 2025-2035",132.1,144.2,23.2,,,,,,,,,unscored_human_template,human-task-exposure-v2.0,true,train,31-9096.00
31-9096.00,Veterinary Assistants and Laboratory Animal Caretakers,31-9096,31,4306,Monitor animals recovering from surgery and notify veterinarians of any unusual changes or symptoms.,O*NET 31.0 Task Statements,31.0,"BLS Employment Projections Occupation.xlsx Table 1.2, 2025-2035",132.1,144.2,23.2,,,,,,,,,unscored_human_template,human-task-exposure-v2.0,true,train,31-9096.00
31-9096.00,Veterinary Assistants and Laboratory Animal Caretakers,31-9096,31,4333,"Groom, trim, or clip animals' coats.",O*NET 31.0 Task Statements,31.0,"BLS Employment Projections Occupation.xlsx Table 1.2, 2025-2035",132.1,144.2,23.2,,,,,,,,,unscored_human_template,human-task-exposure-v2.0,true,train,31-9096.00
31-9097.00,Phlebotomists,31-9097,31,19394,Serve refreshments to donors to ensure absorption of sugar into their systems.,O*NET 31.0 Task Statements,31.0,"BLS Employment Projections Occupation.xlsx Table 1.2, 2025-2035",143.9,153.7,18,,,,,,,,,unscored_human_template,human-task-exposure-v2.0,true,train,31-9097.00
31-9097.00,Phlebotomists,31-9097,31,19392,Process blood or other fluid samples for further analysis by other medical professionals.,O*NET 31.0 Task Statements,31.0,"BLS Employment Projections Occupation.xlsx Table 1.2, 2025-2035",143.9,153.7,18,,,,,,,,,unscored_human_template,human-task-exposure-v2.0,true,train,31-9097.00
31-9097.00,Phlebotomists,31-9097,31,19384,"Calibrate or maintain machines, such as those used for plasma collection.",O*NET 31.0 Task Statements,31.0,"BLS Employment Projections Occupation.xlsx Table 1.2, 2025-2035",143.9,153.7,18,,,,,,,,,unscored_human_template,human-task-exposure-v2.0,true,train,31-9097.00
31-9099.01,Speech-Language Pathology Assistants,31-9099,31,17540,"Prepare charts, graphs, or other visual displays to communicate clients' performance information.",O*NET 31.0 Task Statements,31.0,"BLS Employment Projections Occupation.xlsx Table 1.2, 2025-2035",113.9,119.4,14.1,,,,,,,,,unscored_human_template,human-task-exposure-v2.0,true,train,31-9099.01
31-9099.01,Speech-Language Pathology Assistants,31-9099,31,17535,Document clients' progress toward meeting established treatment objectives.,O*NET 31.0 Task Statements,31.0,"BLS Employment Projections Occupation.xlsx Table 1.2, 2025-2035",113.9,119.4,14.1,,,,,,,,,unscored_human_template,human-task-exposure-v2.0,true,train,31-9099.01
31-9099.01,Speech-Language Pathology Assistants,31-9099,31,17538,"Conduct in-service training sessions, or family and community education programs.",O*NET 31.0 Task Statements,31.0,"BLS Employment Projections Occupation.xlsx Table 1.2, 2025-2035",113.9,119.4,14.1,,,,,,,,,unscored_human_template,human-task-exposure-v2.0,true,train,31-9099.01
31-9099.02,Endoscopy Technicians,31-9099,31,17528,Conduct in-service training sessions to disseminate information regarding equipment or instruments.,O*NET 31.0 Task Statements,31.0,"BLS Employment Projections Occupation.xlsx Table 1.2, 2025-2035",113.9,119.4,14.1,,,,,,,,,unscored_human_template,human-task-exposure-v2.0,true,train,31-9099.02
31-9099.02,Endoscopy Technicians,31-9099,31,17527,"Collect specimens from patients, using standard medical procedures.",O*NET 31.0 Task Statements,31.0,"BLS Employment Projections Occupation.xlsx Table 1.2, 2025-2035",113.9,119.4,14.1,,,,,,,,,unscored_human_template,human-task-exposure-v2.0,true,train,31-9099.02
31-9099.02,Endoscopy Technicians,31-9099,31,17525,Assist physicians or registered nurses in the conduct of endoscopic procedures.,O*NET 31.0 Task Statements,31.0,"BLS Employment Projections Occupation.xlsx Table 1.2, 2025-2035",113.9,119.4,14.1,,,,,,,,,unscored_human_template,human-task-exposure-v2.0,true,train,31-9099.02
33-1011.00,First-Line Supervisors of Correctional Officers,33-1011,33,9443,Set up employee work schedules.,O*NET 31.0 Task Statements,31.0,"BLS Employment Projections Occupation.xlsx Table 1.2, 2025-2035",56.3,54.8,3.7,,,,,,,,,unscored_human_template,human-task-exposure-v2.0,true,train,33-1011.00
33-1011.00,First-Line Supervisors of Correctional Officers,33-1011,33,9428,"Take, receive, or check periodic inmate counts.",O*NET 31.0 Task Statements,31.0,"BLS Employment Projections Occupation.xlsx Table 1.2, 2025-2035",56.3,54.8,3.7,,,,,,,,,unscored_human_template,human-task-exposure-v2.0,true,train,33-1011.00
33-1011.00,First-Line Supervisors of Correctional Officers,33-1011,33,9441,"Supervise or provide security for offenders performing tasks, such as construction, maintenance, laundry, food service, or other industrial or agricultural operations.",O*NET 31.0 Task Statements,31.0,"BLS Employment Projections Occupation.xlsx Table 1.2, 2025-2035",56.3,54.8,3.7,,,,,,,,,unscored_human_template,human-task-exposure-v2.0,true,train,33-1011.00
33-2011.00,Firefighters,33-2011,33,22975,Participate in fire drills and demonstrations of fire fighting techniques.,O*NET 31.0 Task Statements,31.0,"BLS Employment Projections Occupation.xlsx Table 1.2, 2025-2035",355.3,368.4,26.8,,,,,,,,,unscored_human_template,human-task-exposure-v2.0,true,train,33-2011.00
33-2011.00,Firefighters,33-2011,33,22981,"Salvage property by removing broken glass, pumping out water, and ventilating buildings to remove smoke.",O*NET 31.0 Task Statements,31.0,"BLS Employment Projections Occupation.xlsx Table 1.2, 2025-2035",355.3,368.4,26.8,,,,,,,,,unscored_human_template,human-task-exposure-v2.0,true,train,33-2011.00
33-2011.00,Firefighters,33-2011,33,22982,"Orient self in relation to fire, using compass and map, and collect supplies and equipment dropped by parachute.",O*NET 31.0 Task Statements,31.0,"BLS Employment Projections Occupation.xlsx Table 1.2, 2025-2035",355.3,368.4,26.8,,,,,,,,,unscored_human_template,human-task-exposure-v2.0,true,train,33-2011.00
33-2021.00,Fire Inspectors and Investigators,33-2021,33,23010,Conduct fire exit drills to monitor and evaluate evacuation procedures.,O*NET 31.0 Task Statements,31.0,"BLS Employment Projections Occupation.xlsx Table 1.2, 2025-2035",14.7,15.3,1.6,,,,,,,,,unscored_human_template,human-task-exposure-v2.0,true,train,33-2021.00
33-2021.00,Fire Inspectors and Investigators,33-2021,33,22997,"Examine fire sites and collect evidence such as glass, metal fragments, charred wood, and accelerant residue for use in determining the cause of a fire.",O*NET 31.0 Task Statements,31.0,"BLS Employment Projections Occupation.xlsx Table 1.2, 2025-2035",14.7,15.3,1.6,,,,,,,,,unscored_human_template,human-task-exposure-v2.0,true,train,33-2021.00
33-2021.00,Fire Inspectors and Investigators,33-2021,33,23018,Issue permits for public assemblies.,O*NET 31.0 Task Statements,31.0,"BLS Employment Projections Occupation.xlsx Table 1.2, 2025-2035",14.7,15.3,1.6,,,,,,,,,unscored_human_template,human-task-exposure-v2.0,true,train,33-2021.00
33-2022.00,Forest Fire Inspectors and Prevention Specialists,33-2022,33,11112,"Patrol assigned areas, looking for forest fires, hazardous conditions, and weather phenomena.",O*NET 31.0 Task Statements,31.0,"BLS Employment Projections Occupation.xlsx Table 1.2, 2025-2035",3,3.4,0.4,,,,,,,,,unscored_human_template,human-task-exposure-v2.0,true,train,33-2022.00
33-2022.00,Forest Fire Inspectors and Prevention Specialists,33-2022,33,11104,"Estimate sizes and characteristics of fires, and report findings to base camps by radio or telephone.",O*NET 31.0 Task Statements,31.0,"BLS Employment Projections Occupation.xlsx Table 1.2, 2025-2035",3,3.4,0.4,,,,,,,,,unscored_human_template,human-task-exposure-v2.0,true,train,33-2022.00
33-2022.00,Forest Fire Inspectors and Prevention Specialists,33-2022,33,11102,"Relay messages about emergencies, accidents, locations of crew and personnel, and fire hazard conditions.",O*NET 31.0 Task Statements,31.0,"BLS Employment Projections Occupation.xlsx Table 1.2, 2025-2035",3,3.4,0.4,,,,,,,,,unscored_human_template,human-task-exposure-v2.0,true,train,33-2022.00
33-3021.02,Police Identification and Records Officers,33-3021,33,18711,Serve as technical advisor and coordinate with other law enforcement workers or legal personnel to exchange information on crime scene collection activities.,O*NET 31.0 Task Statements,31.0,"BLS Employment Projections Occupation.xlsx Table 1.2, 2025-2035",120.5,120.7,7.8,,,,,,,,,unscored_human_template,human-task-exposure-v2.0,true,train,33-3021.02
33-3021.02,Police Identification and Records Officers,33-3021,33,21036,"Analyze and process evidence at crime scenes, during autopsies, or in the laboratory, wearing protective equipment and using powders and chemicals.",O*NET 31.0 Task Statements,31.0,"BLS Employment Projections Occupation.xlsx Table 1.2, 2025-2035",120.5,120.7,7.8,,,,,,,,,unscored_human_template,human-task-exposure-v2.0,true,train,33-3021.02
33-3021.02,Police Identification and Records Officers,33-3021,33,18713,"Interview survivors, witnesses, suspects, and other law enforcement personnel.",O*NET 31.0 Task Statements,31.0,"BLS Employment Projections Occupation.xlsx Table 1.2, 2025-2035",120.5,120.7,7.8,,,,,,,,,unscored_human_template,human-task-exposure-v2.0,true,train,33-3021.02
33-3021.06,Intelligence Analysts,33-3021,33,17555,Validate known intelligence with data from other sources.,O*NET 31.0 Task Statements,31.0,"BLS Employment Projections Occupation.xlsx Table 1.2, 2025-2035",120.5,120.7,7.8,,,,,,,,,unscored_human_template,human-task-exposure-v2.0,true,train,33-3021.06
33-3021.06,Intelligence Analysts,33-3021,33,17552,"Prepare comprehensive written reports, presentations, maps, or charts, based on research, collection, and analysis of intelligence data.",O*NET 31.0 Task Statements,31.0,"BLS Employment Projections Occupation.xlsx Table 1.2, 2025-2035",120.5,120.7,7.8,,,,,,,,,unscored_human_template,human-task-exposure-v2.0,true,train,33-3021.06
33-3021.06,Intelligence Analysts,33-3021,33,17557,"Develop defense plans or tactics, using intelligence and other information.",O*NET 31.0 Task Statements,31.0,"BLS Employment Projections Occupation.xlsx Table 1.2, 2025-2035",120.5,120.7,7.8,,,,,,,,,unscored_human_template,human-task-exposure-v2.0,true,train,33-3021.06
33-3041.00,Parking Enforcement Workers,33-3041,33,7935,Patrol an assigned area by vehicle or on foot to ensure public compliance with existing parking ordinance.,O*NET 31.0 Task Statements,31.0,"BLS Employment Projections Occupation.xlsx Table 1.2, 2025-2035",9.4,9.3,0.8,,,,,,,,,unscored_human_template,human-task-exposure-v2.0,true,train,33-3041.00
33-3041.00,Parking Enforcement Workers,33-3041,33,7943,"Observe and report hazardous conditions, such as missing traffic signals or signs, and street markings that need to be repainted.",O*NET 31.0 Task Statements,31.0,"BLS Employment Projections Occupation.xlsx Table 1.2, 2025-2035",9.4,9.3,0.8,,,,,,,,,unscored_human_template,human-task-exposure-v2.0,true,train,33-3041.00
33-3041.00,Parking Enforcement Workers,33-3041,33,7956,Assign and review the work of subordinates.,O*NET 31.0 Task Statements,31.0,"BLS Employment Projections Occupation.xlsx Table 1.2, 2025-2035",9.4,9.3,0.8,,,,,,,,,unscored_human_template,human-task-exposure-v2.0,true,train,33-3041.00
33-3051.00,Police and Sheriff's Patrol Officers,33-3051,33,23059,"Drive vehicles or patrol specific areas to detect law violators, issue citations, and make arrests.",O*NET 31.0 Task Statements,31.0,"BLS Employment Projections Occupation.xlsx Table 1.2, 2025-2035",693.2,717.3,51.5,,,,,,,,,unscored_human_template,human-task-exposure-v2.0,true,train,33-3051.00
33-3051.00,Police and Sheriff's Patrol Officers,33-3051,33,23061,Relay complaint and emergency-request information to appropriate agency dispatchers.,O*NET 31.0 Task Statements,31.0,"BLS Employment Projections Occupation.xlsx Table 1.2, 2025-2035",693.2,717.3,51.5,,,,,,,,,unscored_human_template,human-task-exposure-v2.0,true,train,33-3051.00
33-3051.00,Police and Sheriff's Patrol Officers,33-3051,33,23080,Conduct community programs for all ages concerning topics such as drugs and violence.,O*NET 31.0 Task Statements,31.0,"BLS Employment Projections Occupation.xlsx Table 1.2, 2025-2035",693.2,717.3,51.5,,,,,,,,,unscored_human_template,human-task-exposure-v2.0,true,train,33-3051.00
33-3051.04,Customs and Border Protection Officers,33-3051,33,9450,"Examine immigration applications, visas, and passports and interview persons to determine eligibility for admission, residence, and travel in the U.S.",O*NET 31.0 Task Statements,31.0,"BLS Employment Projections Occupation.xlsx Table 1.2, 2025-2035",693.2,717.3,51.5,,,,,,,,,unscored_human_template,human-task-exposure-v2.0,true,train,33-3051.04
33-3051.04,Customs and Border Protection Officers,33-3051,33,9458,Determine duty and taxes to be paid on goods.,O*NET 31.0 Task Statements,31.0,"BLS Employment Projections Occupation.xlsx Table 1.2, 2025-2035",693.2,717.3,51.5,,,,,,,,,unscored_human_template,human-task-exposure-v2.0,true,train,33-3051.04
33-3051.04,Customs and Border Protection Officers,33-3051,33,9460,Investigate applications for duty refunds and petition for remission or mitigation of penalties when warranted.,O*NET 31.0 Task Statements,31.0,"BLS Employment Projections Occupation.xlsx Table 1.2, 2025-2035",693.2,717.3,51.5,,,,,,,,,unscored_human_template,human-task-exposure-v2.0,true,train,33-3051.04
33-3052.00,Transit and Railroad Police,33-3052,33,21004,Provide training to the public or law enforcement personnel in railroad safety or security.,O*NET 31.0 Task Statements,31.0,"BLS Employment Projections Occupation.xlsx Table 1.2, 2025-2035",4.4,4.5,0.3,,,,,,,,,unscored_human_template,human-task-exposure-v2.0,true,train,33-3052.00
33-3052.00,Transit and Railroad Police,33-3052,33,21003,Enforce traffic laws regarding the transit system and reprimand individuals who violate them.,O*NET 31.0 Task Statements,31.0,"BLS Employment Projections Occupation.xlsx Table 1.2, 2025-2035",4.4,4.5,0.3,,,,,,,,,unscored_human_template,human-task-exposure-v2.0,true,train,33-3052.00
33-3052.00,Transit and Railroad Police,33-3052,33,9481,Direct or coordinate the daily activities or training of security staff.,O*NET 31.0 Task Statements,31.0,"BLS Employment Projections Occupation.xlsx Table 1.2, 2025-2035",4.4,4.5,0.3,,,,,,,,,unscored_human_template,human-task-exposure-v2.0,true,train,33-3052.00
33-9011.00,Animal Control Workers,33-9011,33,7971,"Examine animal licenses, and inspect establishments housing animals for compliance with laws.",O*NET 31.0 Task Statements,31.0,"BLS Employment Projections Occupation.xlsx Table 1.2, 2025-2035",13.8,14.3,1.5,,,,,,,,,unscored_human_template,human-task-exposure-v2.0,true,train,33-9011.00
33-9011.00,Animal Control Workers,33-9011,33,7965,"Prepare for prosecutions related to animal treatment, and give evidence in court.",O*NET 31.0 Task Statements,31.0,"BLS Employment Projections Occupation.xlsx Table 1.2, 2025-2035",13.8,14.3,1.5,,,,,,,,,unscored_human_template,human-task-exposure-v2.0,true,train,33-9011.00
33-9011.00,Animal Control Workers,33-9011,33,7973,"Train police officers in dog handling and training techniques for tracking, crowd control, and narcotics and bomb detection.",O*NET 31.0 Task Statements,31.0,"BLS Employment Projections Occupation.xlsx Table 1.2, 2025-2035",13.8,14.3,1.5,,,,,,,,,unscored_human_template,human-task-exposure-v2.0,true,train,33-9011.00
33-9021.00,Private Detectives and Investigators,33-9021,33,13100,Testify at hearings or court trials to present evidence.,O*NET 31.0 Task Statements,31.0,"BLS Employment Projections Occupation.xlsx Table 1.2, 2025-2035",39.5,41.7,3.2,,,,,,,,,unscored_human_template,human-task-exposure-v2.0,true,train,33-9021.00
33-9021.00,Private Detectives and Investigators,33-9021,33,13102,"Observe and document activities of individuals to detect unlawful acts or to obtain evidence for cases, using binoculars and still or video cameras.",O*NET 31.0 Task Statements,31.0,"BLS Employment Projections Occupation.xlsx Table 1.2, 2025-2035",39.5,41.7,3.2,,,,,,,,,unscored_human_template,human-task-exposure-v2.0,true,train,33-9021.00
33-9021.00,Private Detectives and Investigators,33-9021,33,13109,"Count cash and review transactions, sales checks, or register tapes to verify amounts or to identify shortages.",O*NET 31.0 Task Statements,31.0,"BLS Employment Projections Occupation.xlsx Table 1.2, 2025-2035",39.5,41.7,3.2,,,,,,,,,unscored_human_template,human-task-exposure-v2.0,true,train,33-9021.00
33-9031.00,Gambling Surveillance Officers and Gambling Investigators,33-9031,33,4411,Supervise or train surveillance observers.,O*NET 31.0 Task Statements,31.0,"BLS Employment Projections Occupation.xlsx Table 1.2, 2025-2035",9.8,9.6,1.1,,,,,,,,,unscored_human_template,human-task-exposure-v2.0,true,train,33-9031.00
33-9031.00,Gambling Surveillance Officers and Gambling Investigators,33-9031,33,4410,Act as oversight or security agents for management or customers.,O*NET 31.0 Task Statements,31.0,"BLS Employment Projections Occupation.xlsx Table 1.2, 2025-2035",9.8,9.6,1.1,,,,,,,,,unscored_human_template,human-task-exposure-v2.0,true,train,33-9031.00
33-9031.00,Gambling Surveillance Officers and Gambling Investigators,33-9031,33,4407,"Observe casino or casino hotel operations for irregular activities, such as cheating or theft by employees or patrons, using audio and video equipment and one-way mirrors.",O*NET 31.0 Task Statements,31.0,"BLS Employment Projections Occupation.xlsx Table 1.2, 2025-2035",9.8,9.6,1.1,,,,,,,,,unscored_human_template,human-task-exposure-v2.0,true,train,33-9031.00
33-9092.00,"Lifeguards, Ski Patrol, and Other Recreational Protective Service Workers",33-9092,33,5046,"Inspect recreational equipment, such as rope tows, T-bars, J-bars, or chair lifts, for safety hazards and damage or wear.",O*NET 31.0 Task Statements,31.0,"BLS Employment Projections Occupation.xlsx Table 1.2, 2025-2035",162,170.8,45.4,,,,,,,,,unscored_human_template,human-task-exposure-v2.0,true,train,33-9092.00
33-9092.00,"Lifeguards, Ski Patrol, and Other Recreational Protective Service Workers",33-9092,33,20129,Maintain quality of pool water by testing chemical levels.,O*NET 31.0 Task Statements,31.0,"BLS Employment Projections Occupation.xlsx Table 1.2, 2025-2035",162,170.8,45.4,,,,,,,,,unscored_human_template,human-task-exposure-v2.0,true,train,33-9092.00
33-9092.00,"Lifeguards, Ski Patrol, and Other Recreational Protective Service Workers",33-9092,33,5052,Participate in recreational demonstrations to entertain resort guests.,O*NET 31.0 Task Statements,31.0,"BLS Employment Projections Occupation.xlsx Table 1.2, 2025-2035",162,170.8,45.4,,,,,,,,,unscored_human_template,human-task-exposure-v2.0,true,train,33-9092.00
33-9094.00,School Bus Monitors,33-9094,33,23081,Announce routes or stops.,O*NET 31.0 Task Statements,31.0,"BLS Employment Projections Occupation.xlsx Table 1.2, 2025-2035",76.7,75.3,13.4,,,,,,,,,unscored_human_template,human-task-exposure-v2.0,true,train,33-9094.00
33-9094.00,School Bus Monitors,33-9094,33,23087,Escort young children across roads or highways.,O*NET 31.0 Task Statements,31.0,"BLS Employment Projections Occupation.xlsx Table 1.2, 2025-2035",76.7,75.3,13.4,,,,,,,,,unscored_human_template,human-task-exposure-v2.0,true,train,33-9094.00
33-9094.00,School Bus Monitors,33-9094,33,23090,Monitor for trains at railroad crossings and signal the bus driver when it is safe to proceed.,O*NET 31.0 Task Statements,31.0,"BLS Employment Projections Occupation.xlsx Table 1.2, 2025-2035",76.7,75.3,13.4,,,,,,,,,unscored_human_template,human-task-exposure-v2.0,true,train,33-9094.00
33-9099.02,Retail Loss Prevention Specialists,33-9099,33,17573,"Verify proper functioning of physical security systems, such as closed-circuit televisions, alarms, sensor tag systems, or locks.",O*NET 31.0 Task Statements,31.0,"BLS Employment Projections Occupation.xlsx Table 1.2, 2025-2035",82.1,84.6,22.6,,,,,,,,,unscored_human_template,human-task-exposure-v2.0,true,train,33-9099.02
33-9099.02,Retail Loss Prevention Specialists,33-9099,33,17572,Train establishment personnel in loss prevention activities.,O*NET 31.0 Task Statements,31.0,"BLS Employment Projections Occupation.xlsx Table 1.2, 2025-2035",82.1,84.6,22.6,,,,,,,,,unscored_human_template,human-task-exposure-v2.0,true,train,33-9099.02
33-9099.02,Retail Loss Prevention Specialists,33-9099,33,17576,Conduct employee background investigations and review reports with operational or human resources managers.,O*NET 31.0 Task Statements,31.0,"BLS Employment Projections Occupation.xlsx Table 1.2, 2025-2035",82.1,84.6,22.6,,,,,,,,,unscored_human_template,human-task-exposure-v2.0,true,train,33-9099.02
35-2011.00,"Cooks, Fast Food",35-2011,35,5061,"Cook and package batches of food, such as hamburgers or fried chicken, prepared to order or kept warm until sold.",O*NET 31.0 Task Statements,31.0,"BLS Employment Projections Occupation.xlsx Table 1.2, 2025-2035",640.5,644.1,86.4,,,,,,,,,unscored_human_template,human-task-exposure-v2.0,true,train,35-2011.00
35-2011.00,"Cooks, Fast Food",35-2011,35,5059,"Wash, cut, and prepare foods designated for cooking.",O*NET 31.0 Task Statements,31.0,"BLS Employment Projections Occupation.xlsx Table 1.2, 2025-2035",640.5,644.1,86.4,,,,,,,,,unscored_human_template,human-task-exposure-v2.0,true,train,35-2011.00
35-2011.00,"Cooks, Fast Food",35-2011,35,5067,"Schedule activities and equipment use with managers, using information about daily menus to help coordinate cooking times.",O*NET 31.0 Task Statements,31.0,"BLS Employment Projections Occupation.xlsx Table 1.2, 2025-2035",640.5,644.1,86.4,,,,,,,,,unscored_human_template,human-task-exposure-v2.0,true,train,35-2011.00
35-2012.00,"Cooks, Institution and Cafeteria",35-2012,35,9499,"Requisition food supplies, kitchen equipment, and appliances, based on estimates of future needs.",O*NET 31.0 Task Statements,31.0,"BLS Employment Projections Occupation.xlsx Table 1.2, 2025-2035",454,466.6,62.9,,,,,,,,,unscored_human_template,human-task-exposure-v2.0,true,train,35-2012.00
35-2012.00,"Cooks, Institution and Cafeteria",35-2012,35,9494,"Bake breads, rolls, or other pastries.",O*NET 31.0 Task Statements,31.0,"BLS Employment Projections Occupation.xlsx Table 1.2, 2025-2035",454,466.6,62.9,,,,,,,,,unscored_human_template,human-task-exposure-v2.0,true,train,35-2012.00
35-2012.00,"Cooks, Institution and Cafeteria",35-2012,35,9498,"Plan menus that are varied, nutritionally balanced, and appetizing, taking advantage of foods in season and local availability.",O*NET 31.0 Task Statements,31.0,"BLS Employment Projections Occupation.xlsx Table 1.2, 2025-2035",454,466.6,62.9,,,,,,,,,unscored_human_template,human-task-exposure-v2.0,true,train,35-2012.00
35-2013.00,"Cooks, Private Household",35-2013,35,20896,"Cool, package, label, and freeze foods for later consumption and provide instructions for reheating.",O*NET 31.0 Task Statements,31.0,"BLS Employment Projections Occupation.xlsx Table 1.2, 2025-2035",35.4,37.2,5,,,,,,,,,unscored_human_template,human-task-exposure-v2.0,true,train,35-2013.00
35-2013.00,"Cooks, Private Household",35-2013,35,9505,"Stock, organize, and clean kitchens and cooking utensils.",O*NET 31.0 Task Statements,31.0,"BLS Employment Projections Occupation.xlsx Table 1.2, 2025-2035",35.4,37.2,5,,,,,,,,,unscored_human_template,human-task-exposure-v2.0,true,train,35-2013.00
35-2013.00,"Cooks, Private Household",35-2013,35,9511,Travel with employers to vacation homes to provide meal preparation at those locations.,O*NET 31.0 Task Statements,31.0,"BLS Employment Projections Occupation.xlsx Table 1.2, 2025-2035",35.4,37.2,5,,,,,,,,,unscored_human_template,human-task-exposure-v2.0,true,train,35-2013.00
35-2014.00,"Cooks, Restaurant",35-2014,35,2176,"Bake, roast, broil, and steam meats, fish, vegetables, and other foods.",O*NET 31.0 Task Statements,31.0,"BLS Employment Projections Occupation.xlsx Table 1.2, 2025-2035",1417.5,1588.8,218.6,,,,,,,,,unscored_human_template,human-task-exposure-v2.0,true,train,35-2014.00
35-2014.00,"Cooks, Restaurant",35-2014,35,18723,"Ensure food is stored and cooked at correct temperature by regulating temperature of ovens, broilers, grills, and roasters.",O*NET 31.0 Task Statements,31.0,"BLS Employment Projections Occupation.xlsx Table 1.2, 2025-2035",1417.5,1588.8,218.6,,,,,,,,,unscored_human_template,human-task-exposure-v2.0,true,train,35-2014.00
35-2014.00,"Cooks, Restaurant",35-2014,35,2185,Keep records and accounts.,O*NET 31.0 Task Statements,31.0,"BLS Employment Projections Occupation.xlsx Table 1.2, 2025-2035",1417.5,1588.8,218.6,,,,,,,,,unscored_human_template,human-task-exposure-v2.0,true,train,35-2014.00
35-2021.00,Food Preparation Workers,35-2021,35,2212,Scrape leftovers from dishes into garbage containers.,O*NET 31.0 Task Statements,31.0,"BLS Employment Projections Occupation.xlsx Table 1.2, 2025-2035",908.5,881.3,135.7,,,,,,,,,unscored_human_template,human-task-exposure-v2.0,true,train,35-2021.00
35-2021.00,Food Preparation Workers,35-2021,35,18730,"Take and record temperature of food and food storage areas, such as refrigerators and freezers.",O*NET 31.0 Task Statements,31.0,"BLS Employment Projections Occupation.xlsx Table 1.2, 2025-2035",908.5,881.3,135.7,,,,,,,,,unscored_human_template,human-task-exposure-v2.0,true,train,35-2021.00
35-2021.00,Food Preparation Workers,35-2021,35,2218,"Butcher and clean fowl, fish, poultry, and shellfish to prepare for cooking or serving.",O*NET 31.0 Task Statements,31.0,"BLS Employment Projections Occupation.xlsx Table 1.2, 2025-2035",908.5,881.3,135.7,,,,,,,,,unscored_human_template,human-task-exposure-v2.0,true,train,35-2021.00
35-3011.00,Bartenders,35-3011,35,2234,"Ask customers who become loud and obnoxious to leave, or physically remove them.",O*NET 31.0 Task Statements,31.0,"BLS Employment Projections Occupation.xlsx Table 1.2, 2025-2035",762.6,800.5,121.2,,,,,,,,,unscored_human_template,human-task-exposure-v2.0,true,train,35-3011.00
35-3011.00,Bartenders,35-3011,35,2231,"Mix ingredients, such as liquor, soda, water, sugar, and bitters, to prepare cocktails and other drinks.",O*NET 31.0 Task Statements,31.0,"BLS Employment Projections Occupation.xlsx Table 1.2, 2025-2035",762.6,800.5,121.2,,,,,,,,,unscored_human_template,human-task-exposure-v2.0,true,train,35-3011.00
35-3011.00,Bartenders,35-3011,35,2240,"Prepare appetizers such as pickles, cheese, and cold meats.",O*NET 31.0 Task Statements,31.0,"BLS Employment Projections Occupation.xlsx Table 1.2, 2025-2035",762.6,800.5,121.2,,,,,,,,,unscored_human_template,human-task-exposure-v2.0,true,train,35-3011.00
35-3023.00,Fast Food and Counter Workers,35-3023,35,23115,"Prepare and serve cold drinks, frozen milk drinks, or desserts, using drink-dispensing, milkshake, or frozen-custard machines.",O*NET 31.0 Task Statements,31.0,"BLS Employment Projections Occupation.xlsx Table 1.2, 2025-2035",3855.9,4079.1,827.4,,,,,,,,,unscored_human_template,human-task-exposure-v2.0,true,train,35-3023.00
35-3023.00,Fast Food and Counter Workers,35-3023,35,23110,Serve customers in eating places that specialize in fast service and inexpensive carry-out food.,O*NET 31.0 Task Statements,31.0,"BLS Employment Projections Occupation.xlsx Table 1.2, 2025-2035",3855.9,4079.1,827.4,,,,,,,,,unscored_human_template,human-task-exposure-v2.0,true,train,35-3023.00
35-3023.00,Fast Food and Counter Workers,35-3023,35,23120,Distribute food to servers.,O*NET 31.0 Task Statements,31.0,"BLS Employment Projections Occupation.xlsx Table 1.2, 2025-2035",3855.9,4079.1,827.4,,,,,,,,,unscored_human_template,human-task-exposure-v2.0,true,train,35-3023.00
35-3023.01,Baristas,35-3023,35,17596,"Demonstrate the use of retail equipment, such as espresso machines.",O*NET 31.0 Task Statements,31.0,"BLS Employment Projections Occupation.xlsx Table 1.2, 2025-2035",3855.9,4079.1,827.4,,,,,,,,,unscored_human_template,human-task-exposure-v2.0,true,train,35-3023.01
35-3023.01,Baristas,35-3023,35,17588,Receive and process customer payments.,O*NET 31.0 Task Statements,31.0,"BLS Employment Projections Occupation.xlsx Table 1.2, 2025-2035",3855.9,4079.1,827.4,,,,,,,,,unscored_human_template,human-task-exposure-v2.0,true,train,35-3023.01
35-3023.01,Baristas,35-3023,35,17595,Create signs to advertise store products or events.,O*NET 31.0 Task Statements,31.0,"BLS Employment Projections Occupation.xlsx Table 1.2, 2025-2035",3855.9,4079.1,827.4,,,,,,,,,unscored_human_template,human-task-exposure-v2.0,true,train,35-3023.01
35-9011.00,Dining Room and Cafeteria Attendants and Bartender Helpers,35-9011,35,11169,"Serve ice water, coffee, rolls, or butter to patrons.",O*NET 31.0 Task Statements,31.0,"BLS Employment Projections Occupation.xlsx Table 1.2, 2025-2035",546.6,575.5,95.3,,,,,,,,,unscored_human_template,human-task-exposure-v2.0,true,train,35-9011.00
35-9011.00,Dining Room and Cafeteria Attendants and Bartender Helpers,35-9011,35,11173,"Carry food, dishes, trays, or silverware from kitchens or supply departments to serving counters.",O*NET 31.0 Task Statements,31.0,"BLS Employment Projections Occupation.xlsx Table 1.2, 2025-2035",546.6,575.5,95.3,,,,,,,,,unscored_human_template,human-task-exposure-v2.0,true,train,35-9011.00
35-9011.00,Dining Room and Cafeteria Attendants and Bartender Helpers,35-9011,35,11184,Slice and pit fruit used to garnish drinks.,O*NET 31.0 Task Statements,31.0,"BLS Employment Projections Occupation.xlsx Table 1.2, 2025-2035",546.6,575.5,95.3,,,,,,,,,unscored_human_template,human-task-exposure-v2.0,true,train,35-9011.00
35-9021.00,Dishwashers,35-9021,35,11191,Clean garbage cans with water or steam.,O*NET 31.0 Task Statements,31.0,"BLS Employment Projections Occupation.xlsx Table 1.2, 2025-2035",480.4,475.6,68.9,,,,,,,,,unscored_human_template,human-task-exposure-v2.0,true,train,35-9021.00
35-9021.00,Dishwashers,35-9021,35,11188,"Maintain kitchen work areas, equipment, or utensils in clean and orderly condition.",O*NET 31.0 Task Statements,31.0,"BLS Employment Projections Occupation.xlsx Table 1.2, 2025-2035",480.4,475.6,68.9,,,,,,,,,unscored_human_template,human-task-exposure-v2.0,true,train,35-9021.00
35-9021.00,Dishwashers,35-9021,35,11198,Load or unload trucks that deliver or pick up food or supplies.,O*NET 31.0 Task Statements,31.0,"BLS Employment Projections Occupation.xlsx Table 1.2, 2025-2035",480.4,475.6,68.9,,,,,,,,,unscored_human_template,human-task-exposure-v2.0,true,train,35-9021.00
37-1011.00,First-Line Supervisors of Housekeeping and Janitorial Workers,37-1011,37,9529,"Select and order or purchase new equipment, supplies, or furnishings.",O*NET 31.0 Task Statements,31.0,"BLS Employment Projections Occupation.xlsx Table 1.2, 2025-2035",265.2,273.6,30.8,,,,,,,,,unscored_human_template,human-task-exposure-v2.0,true,train,37-1011.00
37-1011.00,First-Line Supervisors of Housekeeping and Janitorial Workers,37-1011,37,9513,Inspect work performed to ensure that it meets specifications and established standards.,O*NET 31.0 Task Statements,31.0,"BLS Employment Projections Occupation.xlsx Table 1.2, 2025-2035",265.2,273.6,30.8,,,,,,,,,unscored_human_template,human-task-exposure-v2.0,true,train,37-1011.00
37-1011.00,First-Line Supervisors of Housekeeping and Janitorial Workers,37-1011,37,20131,"Perform grounds maintenance tasks, such as removing snow and mowing the lawn.",O*NET 31.0 Task Statements,31.0,"BLS Employment Projections Occupation.xlsx Table 1.2, 2025-2035",265.2,273.6,30.8,,,,,,,,,unscored_human_template,human-task-exposure-v2.0,true,train,37-1011.00
37-1012.00,"First-Line Supervisors of Landscaping, Lawn Service, and Groundskeeping Workers",37-1012,37,11201,"Direct activities of workers who perform duties, such as landscaping, cultivating lawns, or pruning trees and shrubs.",O*NET 31.0 Task Statements,31.0,"BLS Employment Projections Occupation.xlsx Table 1.2, 2025-2035",243.3,253,23.9,,,,,,,,,unscored_human_template,human-task-exposure-v2.0,true,train,37-1012.00
37-1012.00,"First-Line Supervisors of Landscaping, Lawn Service, and Groundskeeping Workers",37-1012,37,11208,Confer with other supervisors to coordinate work activities with those of other departments or units.,O*NET 31.0 Task Statements,31.0,"BLS Employment Projections Occupation.xlsx Table 1.2, 2025-2035",243.3,253,23.9,,,,,,,,,unscored_human_template,human-task-exposure-v2.0,true,train,37-1012.00
37-1012.00,"First-Line Supervisors of Landscaping, Lawn Service, and Groundskeeping Workers",37-1012,37,11222,"Negotiate with customers regarding fees for landscaping, lawn service, or groundskeeping work.",O*NET 31.0 Task Statements,31.0,"BLS Employment Projections Occupation.xlsx Table 1.2, 2025-2035",243.3,253,23.9,,,,,,,,,unscored_human_template,human-task-exposure-v2.0,true,train,37-1012.00
37-2011.00,"Janitors and Cleaners, Except Maids and Housekeeping Cleaners",37-2011,37,9540,"Clean building floors by sweeping, mopping, scrubbing, or vacuuming.",O*NET 31.0 Task Statements,31.0,"BLS Employment Projections Occupation.xlsx Table 1.2, 2025-2035",2432.6,2486.2,321.8,,,,,,,,,unscored_human_template,human-task-exposure-v2.0,true,train,37-2011.00
37-2011.00,"Janitors and Cleaners, Except Maids and Housekeeping Cleaners",37-2011,37,9539,Gather and empty trash.,O*NET 31.0 Task Statements,31.0,"BLS Employment Projections Occupation.xlsx Table 1.2, 2025-2035",2432.6,2486.2,321.8,,,,,,,,,unscored_human_template,human-task-exposure-v2.0,true,train,37-2011.00
37-2011.00,"Janitors and Cleaners, Except Maids and Housekeeping Cleaners",37-2011,37,20591,"Mow or trim lawns or shrubbery, using mowers or hand or power trimmers, and clear debris from grounds.",O*NET 31.0 Task Statements,31.0,"BLS Employment Projections Occupation.xlsx Table 1.2, 2025-2035",2432.6,2486.2,321.8,,,,,,,,,unscored_human_template,human-task-exposure-v2.0,true,train,37-2011.00
37-2021.00,Pest Control Workers,37-2021,37,7975,"Inspect premises to identify infestation source and extent of damage to property, wall, or roof porosity and access to infested locations.",O*NET 31.0 Task Statements,31.0,"BLS Employment Projections Occupation.xlsx Table 1.2, 2025-2035",108.7,114.7,13.7,,,,,,,,,unscored_human_template,human-task-exposure-v2.0,true,train,37-2021.00
37-2021.00,Pest Control Workers,37-2021,37,7977,Clean work site after completion of job.,O*NET 31.0 Task Statements,31.0,"BLS Employment Projections Occupation.xlsx Table 1.2, 2025-2035",108.7,114.7,13.7,,,,,,,,,unscored_human_template,human-task-exposure-v2.0,true,train,37-2021.00
37-2021.00,Pest Control Workers,37-2021,37,7987,"Position and fasten edges of tarpaulins over building, and tape vents to ensure air-tight environment and to check for leaks.",O*NET 31.0 Task Statements,31.0,"BLS Employment Projections Occupation.xlsx Table 1.2, 2025-2035",108.7,114.7,13.7,,,,,,,,,unscored_human_template,human-task-exposure-v2.0,true,train,37-2021.00
37-3011.00,Landscaping and Groundskeeping Workers,37-3011,37,9593,"Prune or trim trees, shrubs, or hedges, using shears, pruners, or chain saws.",O*NET 31.0 Task Statements,31.0,"BLS Employment Projections Occupation.xlsx Table 1.2, 2025-2035",1188.6,1244.2,149.5,,,,,,,,,unscored_human_template,human-task-exposure-v2.0,true,train,37-3011.00
37-3011.00,Landscaping and Groundskeeping Workers,37-3011,37,9594,Gather and remove litter.,O*NET 31.0 Task Statements,31.0,"BLS Employment Projections Occupation.xlsx Table 1.2, 2025-2035",1188.6,1244.2,149.5,,,,,,,,,unscored_human_template,human-task-exposure-v2.0,true,train,37-3011.00
37-3011.00,Landscaping and Groundskeeping Workers,37-3011,37,9601,"Follow planned landscaping designs to determine where to lay sod, sow grass, or plant flowers or foliage.",O*NET 31.0 Task Statements,31.0,"BLS Employment Projections Occupation.xlsx Table 1.2, 2025-2035",1188.6,1244.2,149.5,,,,,,,,,unscored_human_template,human-task-exposure-v2.0,true,train,37-3011.00
39-1013.00,First-Line Supervisors of Gambling Services Workers,39-1013,39,23142,"Enforce safety rules, and report or remove safety hazards as well as guests who are underage, intoxicated, disruptive, or cheating.",O*NET 31.0 Task Statements,31.0,"BLS Employment Projections Occupation.xlsx Table 1.2, 2025-2035",27.2,28.1,2.6,,,,,,,,,unscored_human_template,human-task-exposure-v2.0,true,train,39-1013.00
39-1013.00,First-Line Supervisors of Gambling Services Workers,39-1013,39,23136,Reset slot machines after payoffs.,O*NET 31.0 Task Statements,31.0,"BLS Employment Projections Occupation.xlsx Table 1.2, 2025-2035",27.2,28.1,2.6,,,,,,,,,unscored_human_template,human-task-exposure-v2.0,true,train,39-1013.00
39-1013.00,First-Line Supervisors of Gambling Services Workers,39-1013,39,23155,Interview and hire workers.,O*NET 31.0 Task Statements,31.0,"BLS Employment Projections Occupation.xlsx Table 1.2, 2025-2035",27.2,28.1,2.6,,,,,,,,,unscored_human_template,human-task-exposure-v2.0,true,train,39-1013.00
39-1014.00,"First-Line Supervisors of Entertainment and Recreation Workers, Except Gambling Services",39-1014,39,23166,Observe and evaluate workers' appearance and performance to ensure quality service and compliance with specifications.,O*NET 31.0 Task Statements,31.0,"BLS Employment Projections Occupation.xlsx Table 1.2, 2025-2035",109.3,115.1,10.6,,,,,,,,,unscored_human_template,human-task-exposure-v2.0,true,train,39-1014.00
39-1014.00,"First-Line Supervisors of Entertainment and Recreation Workers, Except Gambling Services",39-1014,39,23159,"Assign work schedules, following work requirements, to ensure quality and timely delivery of service.",O*NET 31.0 Task Statements,31.0,"BLS Employment Projections Occupation.xlsx Table 1.2, 2025-2035",109.3,115.1,10.6,,,,,,,,,unscored_human_template,human-task-exposure-v2.0,true,train,39-1014.00
39-1014.00,"First-Line Supervisors of Entertainment and Recreation Workers, Except Gambling Services",39-1014,39,23171,"Requisition supplies and equipment necessary for workers to facilitate recreational or entertainment activities, such as safety harnesses, flash lights, or first aid kits.",O*NET 31.0 Task Statements,31.0,"BLS Employment Projections Occupation.xlsx Table 1.2, 2025-2035",109.3,115.1,10.6,,,,,,,,,unscored_human_template,human-task-exposure-v2.0,true,train,39-1014.00
39-1022.00,First-Line Supervisors of Personal Service Workers,39-1022,39,20763,Apply customer feedback to service improvement efforts.,O*NET 31.0 Task Statements,31.0,"BLS Employment Projections Occupation.xlsx Table 1.2, 2025-2035",122.5,130.2,12,,,,,,,,,unscored_human_template,human-task-exposure-v2.0,true,train,39-1022.00
39-1022.00,First-Line Supervisors of Personal Service Workers,39-1022,39,13145,Resolve customer complaints regarding worker performance or services rendered.,O*NET 31.0 Task Statements,31.0,"BLS Employment Projections Occupation.xlsx Table 1.2, 2025-2035",122.5,130.2,12,,,,,,,,,unscored_human_template,human-task-exposure-v2.0,true,train,39-1022.00
39-1022.00,First-Line Supervisors of Personal Service Workers,39-1022,39,13154,"Direct marketing, advertising, or other customer recruitment efforts.",O*NET 31.0 Task Statements,31.0,"BLS Employment Projections Occupation.xlsx Table 1.2, 2025-2035",122.5,130.2,12,,,,,,,,,unscored_human_template,human-task-exposure-v2.0,true,train,39-1022.00
39-2011.00,Animal Trainers,39-2011,39,7996,Advise animal owners regarding the purchase of specific animals.,O*NET 31.0 Task Statements,31.0,"BLS Employment Projections Occupation.xlsx Table 1.2, 2025-2035",47.8,49.7,6.5,,,,,,,,,unscored_human_template,human-task-exposure-v2.0,true,train,39-2011.00
39-2011.00,Animal Trainers,39-2011,39,7993,Talk to or interact with animals to familiarize them to human voices or contact.,O*NET 31.0 Task Statements,31.0,"BLS Employment Projections Occupation.xlsx Table 1.2, 2025-2035",47.8,49.7,6.5,,,,,,,,,unscored_human_template,human-task-exposure-v2.0,true,train,39-2011.00
39-2011.00,Animal Trainers,39-2011,39,8002,"Retrain horses to break bad habits, such as kicking, bolting, or resisting bridling or grooming.",O*NET 31.0 Task Statements,31.0,"BLS Employment Projections Occupation.xlsx Table 1.2, 2025-2035",47.8,49.7,6.5,,,,,,,,,unscored_human_template,human-task-exposure-v2.0,true,train,39-2011.00
39-2021.00,Animal Caretakers,39-2021,39,5076,"Respond to questions from patrons, and provide information about animals, such as behavior, habitat, breeding habits, or facility activities.",O*NET 31.0 Task Statements,31.0,"BLS Employment Projections Occupation.xlsx Table 1.2, 2025-2035",365.3,409.4,62.8,,,,,,,,,unscored_human_template,human-task-exposure-v2.0,true,train,39-2021.00
39-2021.00,Animal Caretakers,39-2021,39,5075,"Examine and observe animals to detect signs of illness, disease, or injury.",O*NET 31.0 Task Statements,31.0,"BLS Employment Projections Occupation.xlsx Table 1.2, 2025-2035",365.3,409.4,62.8,,,,,,,,,unscored_human_template,human-task-exposure-v2.0,true,train,39-2021.00
39-2021.00,Animal Caretakers,39-2021,39,5084,Discuss with clients their pets' grooming needs.,O*NET 31.0 Task Statements,31.0,"BLS Employment Projections Occupation.xlsx Table 1.2, 2025-2035",365.3,409.4,62.8,,,,,,,,,unscored_human_template,human-task-exposure-v2.0,true,train,39-2021.00
39-3011.00,Gambling Dealers,39-3011,39,4455,"Apply rule variations to card games such as poker, in which players bet on the value of their hands.",O*NET 31.0 Task Statements,31.0,"BLS Employment Projections Occupation.xlsx Table 1.2, 2025-2035",88.9,91.9,13.3,,,,,,,,,unscored_human_template,human-task-exposure-v2.0,true,train,39-3011.00
39-3011.00,Gambling Dealers,39-3011,39,4450,Stand behind a gaming table and deal the appropriate number of cards to each player.,O*NET 31.0 Task Statements,31.0,"BLS Employment Projections Occupation.xlsx Table 1.2, 2025-2035",88.9,91.9,13.3,,,,,,,,,unscored_human_template,human-task-exposure-v2.0,true,train,39-3011.00
39-3011.00,Gambling Dealers,39-3011,39,4460,Participate in games for gambling establishments to provide the minimum complement of players at a table.,O*NET 31.0 Task Statements,31.0,"BLS Employment Projections Occupation.xlsx Table 1.2, 2025-2035",88.9,91.9,13.3,,,,,,,,,unscored_human_template,human-task-exposure-v2.0,true,train,39-3011.00
39-3021.00,Motion Picture Projectionists,39-3021,39,8029,Start projectors and open shutters to project images onto screens.,O*NET 31.0 Task Statements,31.0,"BLS Employment Projections Occupation.xlsx Table 1.2, 2025-2035",1.5,1.4,0.3,,,,,,,,,unscored_human_template,human-task-exposure-v2.0,true,train,39-3021.00
39-3021.00,Motion Picture Projectionists,39-3021,39,8040,Open and close facilities according to rules and schedules.,O*NET 31.0 Task Statements,31.0,"BLS Employment Projections Occupation.xlsx Table 1.2, 2025-2035",1.5,1.4,0.3,,,,,,,,,unscored_human_template,human-task-exposure-v2.0,true,train,39-3021.00
39-3021.00,Motion Picture Projectionists,39-3021,39,8048,"Prepare film inspection reports, attendance sheets, and log books.",O*NET 31.0 Task Statements,31.0,"BLS Employment Projections Occupation.xlsx Table 1.2, 2025-2035",1.5,1.4,0.3,,,,,,,,,unscored_human_template,human-task-exposure-v2.0,true,train,39-3021.00
39-3092.00,Costume Attendants,39-3092,39,9624,Inventory stock to determine types or conditions of available costuming.,O*NET 31.0 Task Statements,31.0,"BLS Employment Projections Occupation.xlsx Table 1.2, 2025-2035",6.6,7,1.7,,,,,,,,,unscored_human_template,human-task-exposure-v2.0,true,train,39-3092.00
39-3092.00,Costume Attendants,39-3092,39,9618,Clean and press costumes before and after performances and perform any minor repairs.,O*NET 31.0 Task Statements,31.0,"BLS Employment Projections Occupation.xlsx Table 1.2, 2025-2035",6.6,7,1.7,,,,,,,,,unscored_human_template,human-task-exposure-v2.0,true,train,39-3092.00
39-3092.00,Costume Attendants,39-3092,39,9633,"Provide managers with budget recommendations and take responsibility for budgetary line items related to costumes, storage, or makeup needs.",O*NET 31.0 Task Statements,31.0,"BLS Employment Projections Occupation.xlsx Table 1.2, 2025-2035",6.6,7,1.7,,,,,,,,,unscored_human_template,human-task-exposure-v2.0,true,train,39-3092.00
39-4011.00,Embalmers,39-4011,39,4505,Assist with placing caskets in hearses and organize cemetery processions.,O*NET 31.0 Task Statements,31.0,"BLS Employment Projections Occupation.xlsx Table 1.2, 2025-2035",3.9,4,0.7,,,,,,,,,unscored_human_template,human-task-exposure-v2.0,true,train,39-4011.00
39-4011.00,Embalmers,39-4011,39,4496,"Conduct interviews to arrange for the preparation of obituary notices, to assist with the selection of caskets or urns, and to determine the location and time of burials or cremations.",O*NET 31.0 Task Statements,31.0,"BLS Employment Projections Occupation.xlsx Table 1.2, 2025-2035",3.9,4,0.7,,,,,,,,,unscored_human_template,human-task-exposure-v2.0,true,train,39-4011.00
39-4011.00,Embalmers,39-4011,39,4510,Press diaphragm to evacuate air from lungs.,O*NET 31.0 Task Statements,31.0,"BLS Employment Projections Occupation.xlsx Table 1.2, 2025-2035",3.9,4,0.7,,,,,,,,,unscored_human_template,human-task-exposure-v2.0,true,train,39-4011.00
39-4012.00,Crematory Operators,39-4012,39,23182,"Embalm, dress, or otherwise prepare the deceased for viewing.",O*NET 31.0 Task Statements,31.0,"BLS Employment Projections Occupation.xlsx Table 1.2, 2025-2035",3,3.1,0.5,,,,,,,,,unscored_human_template,human-task-exposure-v2.0,true,train,39-4012.00
39-4012.00,Crematory Operators,39-4012,39,23184,Offer counsel and comfort to bereaved families or friends.,O*NET 31.0 Task Statements,31.0,"BLS Employment Projections Occupation.xlsx Table 1.2, 2025-2035",3,3.1,0.5,,,,,,,,,unscored_human_template,human-task-exposure-v2.0,true,train,39-4012.00
39-4012.00,Crematory Operators,39-4012,39,23181,Document divided remains to ensure parts are not misplaced.,O*NET 31.0 Task Statements,31.0,"BLS Employment Projections Occupation.xlsx Table 1.2, 2025-2035",3,3.1,0.5,,,,,,,,,unscored_human_template,human-task-exposure-v2.0,true,train,39-4012.00
39-4021.00,Funeral Attendants,39-4021,39,4512,Greet people at the funeral home.,O*NET 31.0 Task Statements,31.0,"BLS Employment Projections Occupation.xlsx Table 1.2, 2025-2035",31.3,32.1,5.4,,,,,,,,,unscored_human_template,human-task-exposure-v2.0,true,train,39-4021.00
39-4021.00,Funeral Attendants,39-4021,39,4519,"Clean and drive funeral vehicles, such as cars or hearses, in funeral processions.",O*NET 31.0 Task Statements,31.0,"BLS Employment Projections Occupation.xlsx Table 1.2, 2025-2035",31.3,32.1,5.4,,,,,,,,,unscored_human_template,human-task-exposure-v2.0,true,train,39-4021.00
39-4021.00,Funeral Attendants,39-4021,39,20607,Prepare obituaries for newspapers.,O*NET 31.0 Task Statements,31.0,"BLS Employment Projections Occupation.xlsx Table 1.2, 2025-2035",31.3,32.1,5.4,,,,,,,,,unscored_human_template,human-task-exposure-v2.0,true,train,39-4021.00
39-4031.00,"Morticians, Undertakers, and Funeral Arrangers",39-4031,39,3332,"Consult with families or friends of the deceased to arrange funeral details, such as obituary notice wording, casket selection, or plans for services.",O*NET 31.0 Task Statements,31.0,"BLS Employment Projections Occupation.xlsx Table 1.2, 2025-2035",26.7,27.5,3,,,,,,,,,unscored_human_template,human-task-exposure-v2.0,true,train,39-4031.00
39-4031.00,"Morticians, Undertakers, and Funeral Arrangers",39-4031,39,15201,"Manage funeral home operations, including the hiring, training, or supervision of embalmers, funeral attendants, or other staff.",O*NET 31.0 Task Statements,31.0,"BLS Employment Projections Occupation.xlsx Table 1.2, 2025-2035",26.7,27.5,3,,,,,,,,,unscored_human_template,human-task-exposure-v2.0,true,train,39-4031.00
39-4031.00,"Morticians, Undertakers, and Funeral Arrangers",39-4031,39,21009,Remove deceased remains from place of death.,O*NET 31.0 Task Statements,31.0,"BLS Employment Projections Occupation.xlsx Table 1.2, 2025-2035",26.7,27.5,3,,,,,,,,,unscored_human_template,human-task-exposure-v2.0,true,train,39-4031.00
39-5094.00,Skincare Specialists,39-5094,39,8081,Apply chemical peels to reduce fine lines and age spots.,O*NET 31.0 Task Statements,31.0,"BLS Employment Projections Occupation.xlsx Table 1.2, 2025-2035",104.2,113.3,14.2,,,,,,,,,unscored_human_template,human-task-exposure-v2.0,true,train,39-5094.00
39-5094.00,Skincare Specialists,39-5094,39,8079,Provide facial and body massages.,O*NET 31.0 Task Statements,31.0,"BLS Employment Projections Occupation.xlsx Table 1.2, 2025-2035",104.2,113.3,14.2,,,,,,,,,unscored_human_template,human-task-exposure-v2.0,true,train,39-5094.00
39-5094.00,Skincare Specialists,39-5094,39,8082,Advise clients about colors and types of makeup and instruct them in makeup application techniques.,O*NET 31.0 Task Statements,31.0,"BLS Employment Projections Occupation.xlsx Table 1.2, 2025-2035",104.2,113.3,14.2,,,,,,,,,unscored_human_template,human-task-exposure-v2.0,true,train,39-5094.00
39-6011.00,Baggage Porters and Bellhops,39-6011,39,2314,"Transfer luggage, trunks, and packages to and from rooms, loading areas, vehicles, or transportation terminals, by hand or using baggage carts.",O*NET 31.0 Task Statements,31.0,"BLS Employment Projections Occupation.xlsx Table 1.2, 2025-2035",29.2,28.4,3.8,,,,,,,,,unscored_human_template,human-task-exposure-v2.0,true,train,39-6011.00
39-6011.00,Baggage Porters and Bellhops,39-6011,39,2321,"Explain the operation of room features, such as locks, ventilation systems, and televisions.",O*NET 31.0 Task Statements,31.0,"BLS Employment Projections Occupation.xlsx Table 1.2, 2025-2035",29.2,28.4,3.8,,,,,,,,,unscored_human_template,human-task-exposure-v2.0,true,train,39-6011.00
39-6011.00,Baggage Porters and Bellhops,39-6011,39,2330,"Set up conference rooms, display tables, racks, or shelves, and arrange merchandise displays for sales personnel.",O*NET 31.0 Task Statements,31.0,"BLS Employment Projections Occupation.xlsx Table 1.2, 2025-2035",29.2,28.4,3.8,,,,,,,,,unscored_human_template,human-task-exposure-v2.0,true,train,39-6011.00
39-7011.00,Tour Guides and Escorts,39-7011,39,20135,"Research various topics, including site history, environmental conditions, and clients' skills and abilities to plan appropriate expeditions, instruction, and commentary.",O*NET 31.0 Task Statements,31.0,"BLS Employment Projections Occupation.xlsx Table 1.2, 2025-2035",,,,,,,,,,,,unscored_human_template,human-task-exposure-v2.0,true,train,39-7011.00
39-7011.00,Tour Guides and Escorts,39-7011,39,4544,Provide directions and other pertinent information to visitors.,O*NET 31.0 Task Statements,31.0,"BLS Employment Projections Occupation.xlsx Table 1.2, 2025-2035",,,,,,,,,,,,unscored_human_template,human-task-exposure-v2.0,true,train,39-7011.00
39-7011.00,Tour Guides and Escorts,39-7011,39,4551,Solicit tour patronage and sell souvenirs.,O*NET 31.0 Task Statements,31.0,"BLS Employment Projections Occupation.xlsx Table 1.2, 2025-2035",,,,,,,,,,,,unscored_human_template,human-task-exposure-v2.0,true,train,39-7011.00
39-7012.00,Travel Guides,39-7012,39,13155,"Plan tour itineraries, applying knowledge of travel routes and destination sites.",O*NET 31.0 Task Statements,31.0,"BLS Employment Projections Occupation.xlsx Table 1.2, 2025-2035",,,,,,,,,,,,unscored_human_template,human-task-exposure-v2.0,true,train,39-7012.00
39-7012.00,Travel Guides,39-7012,39,13158,"Arrange for tour or expedition details such as accommodations, transportation, equipment, and the availability of medical personnel.",O*NET 31.0 Task Statements,31.0,"BLS Employment Projections Occupation.xlsx Table 1.2, 2025-2035",,,,,,,,,,,,unscored_human_template,human-task-exposure-v2.0,true,train,39-7012.00
39-7012.00,Travel Guides,39-7012,39,13171,Explain hunting and fishing laws to groups to ensure compliance.,O*NET 31.0 Task Statements,31.0,"BLS Employment Projections Occupation.xlsx Table 1.2, 2025-2035",,,,,,,,,,,,unscored_human_template,human-task-exposure-v2.0,true,train,39-7012.00
39-9011.00,Childcare Workers,39-9011,39,18760,Regulate children's rest periods.,O*NET 31.0 Task Statements,31.0,"BLS Employment Projections Occupation.xlsx Table 1.2, 2025-2035",1010.3,990.4,150.3,,,,,,,,,unscored_human_template,human-task-exposure-v2.0,true,train,39-9011.00
39-9011.00,Childcare Workers,39-9011,39,18759,Create developmentally appropriate lesson plans.,O*NET 31.0 Task Statements,31.0,"BLS Employment Projections Occupation.xlsx Table 1.2, 2025-2035",1010.3,990.4,150.3,,,,,,,,,unscored_human_template,human-task-exposure-v2.0,true,train,39-9011.00
39-9011.00,Childcare Workers,39-9011,39,18764,"Perform general personnel functions, such as supervision, training, and scheduling.",O*NET 31.0 Task Statements,31.0,"BLS Employment Projections Occupation.xlsx Table 1.2, 2025-2035",1010.3,990.4,150.3,,,,,,,,,unscored_human_template,human-task-exposure-v2.0,true,train,39-9011.00
39-9011.01,Nannies,39-9011,39,2353,Meet regularly with parents to discuss children's activities and development.,O*NET 31.0 Task Statements,31.0,"BLS Employment Projections Occupation.xlsx Table 1.2, 2025-2035",1010.3,990.4,150.3,,,,,,,,,unscored_human_template,human-task-exposure-v2.0,true,train,39-9011.01
39-9011.01,Nannies,39-9011,39,2352,Regulate children's rest periods and nap schedules.,O*NET 31.0 Task Statements,31.0,"BLS Employment Projections Occupation.xlsx Table 1.2, 2025-2035",1010.3,990.4,150.3,,,,,,,,,unscored_human_template,human-task-exposure-v2.0,true,train,39-9011.01
39-9011.01,Nannies,39-9011,39,21071,"Shop for groceries, clothing, and other items needed for children's care.",O*NET 31.0 Task Statements,31.0,"BLS Employment Projections Occupation.xlsx Table 1.2, 2025-2035",1010.3,990.4,150.3,,,,,,,,,unscored_human_template,human-task-exposure-v2.0,true,train,39-9011.01
39-9031.00,Exercise Trainers and Group Fitness Instructors,39-9031,39,4560,Teach proper breathing techniques used during physical exertion.,O*NET 31.0 Task Statements,31.0,"BLS Employment Projections Occupation.xlsx Table 1.2, 2025-2035",388.4,416.9,68,,,,,,,,,unscored_human_template,human-task-exposure-v2.0,true,train,39-9031.00
39-9031.00,Exercise Trainers and Group Fitness Instructors,39-9031,39,4561,Instruct participants in maintaining exertion levels to maximize benefits from exercise routines.,O*NET 31.0 Task Statements,31.0,"BLS Employment Projections Occupation.xlsx Table 1.2, 2025-2035",388.4,416.9,68,,,,,,,,,unscored_human_template,human-task-exposure-v2.0,true,train,39-9031.00
39-9031.00,Exercise Trainers and Group Fitness Instructors,39-9031,39,4573,"Promote health clubs through membership sales, and record member information.",O*NET 31.0 Task Statements,31.0,"BLS Employment Projections Occupation.xlsx Table 1.2, 2025-2035",388.4,416.9,68,,,,,,,,,unscored_human_template,human-task-exposure-v2.0,true,train,39-9031.00
39-9032.00,Recreation Workers,39-9032,39,2382,Manage the daily operations of recreational facilities.,O*NET 31.0 Task Statements,31.0,"BLS Employment Projections Occupation.xlsx Table 1.2, 2025-2035",346.9,361.9,67,,,,,,,,,unscored_human_template,human-task-exposure-v2.0,true,train,39-9032.00
39-9032.00,Recreation Workers,39-9032,39,2391,"Meet and collaborate with agency personnel, community organizations, and other professional personnel to plan balanced recreational programs for participants.",O*NET 31.0 Task Statements,31.0,"BLS Employment Projections Occupation.xlsx Table 1.2, 2025-2035",346.9,361.9,67,,,,,,,,,unscored_human_template,human-task-exposure-v2.0,true,train,39-9032.00
39-9032.00,Recreation Workers,39-9032,39,18557,Conduct individual in-room visits with residents.,O*NET 31.0 Task Statements,31.0,"BLS Employment Projections Occupation.xlsx Table 1.2, 2025-2035",346.9,361.9,67,,,,,,,,,unscored_human_template,human-task-exposure-v2.0,true,train,39-9032.00
39-9041.00,Residential Advisors,39-9041,39,6971,Provide emergency first aid and summon medical assistance when necessary.,O*NET 31.0 Task Statements,31.0,"BLS Employment Projections Occupation.xlsx Table 1.2, 2025-2035",94.1,97.4,16.5,,,,,,,,,unscored_human_template,human-task-exposure-v2.0,true,train,39-9041.00
39-9041.00,Residential Advisors,39-9041,39,6991,Order supplies for facilities.,O*NET 31.0 Task Statements,31.0,"BLS Employment Projections Occupation.xlsx Table 1.2, 2025-2035",94.1,97.4,16.5,,,,,,,,,unscored_human_template,human-task-exposure-v2.0,true,train,39-9041.00
39-9041.00,Residential Advisors,39-9041,39,6990,Supervise the activities of housekeeping personnel.,O*NET 31.0 Task Statements,31.0,"BLS Employment Projections Occupation.xlsx Table 1.2, 2025-2035",94.1,97.4,16.5,,,,,,,,,unscored_human_template,human-task-exposure-v2.0,true,train,39-9041.00
41-1011.00,First-Line Supervisors of Retail Sales Workers,41-1011,41,662,"Keep records of purchases, sales, and requisitions.",O*NET 31.0 Task Statements,31.0,"BLS Employment Projections Occupation.xlsx Table 1.2, 2025-2035",1419.8,1367.4,113.5,,,,,,,,,unscored_human_template,human-task-exposure-v2.0,true,train,41-1011.00
41-1011.00,First-Line Supervisors of Retail Sales Workers,41-1011,41,668,Instruct staff on how to handle difficult and complicated sales.,O*NET 31.0 Task Statements,31.0,"BLS Employment Projections Occupation.xlsx Table 1.2, 2025-2035",1419.8,1367.4,113.5,,,,,,,,,unscored_human_template,human-task-exposure-v2.0,true,train,41-1011.00
41-1011.00,First-Line Supervisors of Retail Sales Workers,41-1011,41,669,"Formulate pricing policies for merchandise, according to profitability requirements.",O*NET 31.0 Task Statements,31.0,"BLS Employment Projections Occupation.xlsx Table 1.2, 2025-2035",1419.8,1367.4,113.5,,,,,,,,,unscored_human_template,human-task-exposure-v2.0,true,train,41-1011.00
41-1012.00,First-Line Supervisors of Non-Retail Sales Workers,41-1012,41,9660,"Listen to and resolve customer complaints regarding services, products, or personnel.",O*NET 31.0 Task Statements,31.0,"BLS Employment Projections Occupation.xlsx Table 1.2, 2025-2035",311.9,313.6,21.7,,,,,,,,,unscored_human_template,human-task-exposure-v2.0,true,train,41-1012.00
41-1012.00,First-Line Supervisors of Non-Retail Sales Workers,41-1012,41,9666,"Plan and prepare work schedules, and assign employees to specific duties.",O*NET 31.0 Task Statements,31.0,"BLS Employment Projections Occupation.xlsx Table 1.2, 2025-2035",311.9,313.6,21.7,,,,,,,,,unscored_human_template,human-task-exposure-v2.0,true,train,41-1012.00
41-1012.00,First-Line Supervisors of Non-Retail Sales Workers,41-1012,41,9668,Prepare sales and inventory reports for management and budget departments.,O*NET 31.0 Task Statements,31.0,"BLS Employment Projections Occupation.xlsx Table 1.2, 2025-2035",311.9,313.6,21.7,,,,,,,,,unscored_human_template,human-task-exposure-v2.0,true,train,41-1012.00
41-2011.00,Cashiers,41-2011,41,18765,Assist customers by providing information and resolving their complaints.,O*NET 31.0 Task Statements,31.0,"BLS Employment Projections Occupation.xlsx Table 1.2, 2025-2035",3106.3,2905.7,521.3,,,,,,,,,unscored_human_template,human-task-exposure-v2.0,true,train,41-2011.00
41-2011.00,Cashiers,41-2011,41,21073,Answer incoming phone calls.,O*NET 31.0 Task Statements,31.0,"BLS Employment Projections Occupation.xlsx Table 1.2, 2025-2035",3106.3,2905.7,521.3,,,,,,,,,unscored_human_template,human-task-exposure-v2.0,true,train,41-2011.00
41-2011.00,Cashiers,41-2011,41,18768,Supervise others and provide on-the-job training.,O*NET 31.0 Task Statements,31.0,"BLS Employment Projections Occupation.xlsx Table 1.2, 2025-2035",3106.3,2905.7,521.3,,,,,,,,,unscored_human_template,human-task-exposure-v2.0,true,train,41-2011.00
41-2021.00,Counter and Rental Clerks,41-2021,41,689,"Receive orders for services, such as rentals, repairs, dry cleaning, and storage.",O*NET 31.0 Task Statements,31.0,"BLS Employment Projections Occupation.xlsx Table 1.2, 2025-2035",409.4,421.9,46.1,,,,,,,,,unscored_human_template,human-task-exposure-v2.0,true,train,41-2021.00
41-2021.00,Counter and Rental Clerks,41-2021,41,688,Reserve items for requested times and keep records of items rented.,O*NET 31.0 Task Statements,31.0,"BLS Employment Projections Occupation.xlsx Table 1.2, 2025-2035",409.4,421.9,46.1,,,,,,,,,unscored_human_template,human-task-exposure-v2.0,true,train,41-2021.00
41-2021.00,Counter and Rental Clerks,41-2021,41,693,Allocate equipment to participants in sporting events or recreational activities.,O*NET 31.0 Task Statements,31.0,"BLS Employment Projections Occupation.xlsx Table 1.2, 2025-2035",409.4,421.9,46.1,,,,,,,,,unscored_human_template,human-task-exposure-v2.0,true,train,41-2021.00
41-2022.00,Parts Salespersons,41-2022,41,2433,"Examine returned parts for defects, and exchange defective parts or refund money.",O*NET 31.0 Task Statements,31.0,"BLS Employment Projections Occupation.xlsx Table 1.2, 2025-2035",273.3,281.6,30,,,,,,,,,unscored_human_template,human-task-exposure-v2.0,true,train,41-2022.00
41-2022.00,Parts Salespersons,41-2022,41,2426,"Determine replacement parts required, according to inspections of old parts, customer requests, or customers' descriptions of malfunctions.",O*NET 31.0 Task Statements,31.0,"BLS Employment Projections Occupation.xlsx Table 1.2, 2025-2035",273.3,281.6,30,,,,,,,,,unscored_human_template,human-task-exposure-v2.0,true,train,41-2022.00
41-2022.00,Parts Salespersons,41-2022,41,2427,Receive and fill telephone orders for parts.,O*NET 31.0 Task Statements,31.0,"BLS Employment Projections Occupation.xlsx Table 1.2, 2025-2035",273.3,281.6,30,,,,,,,,,unscored_human_template,human-task-exposure-v2.0,true,train,41-2022.00
41-2031.00,Retail Salespersons,41-2031,41,703,"Ticket, arrange, and display merchandise to promote sales.",O*NET 31.0 Task Statements,31.0,"BLS Employment Projections Occupation.xlsx Table 1.2, 2025-2035",3998.1,3984.1,520.6,,,,,,,,,unscored_human_template,human-task-exposure-v2.0,true,train,41-2031.00
41-2031.00,Retail Salespersons,41-2031,41,706,Demonstrate use or operation of merchandise.,O*NET 31.0 Task Statements,31.0,"BLS Employment Projections Occupation.xlsx Table 1.2, 2025-2035",3998.1,3984.1,520.6,,,,,,,,,unscored_human_template,human-task-exposure-v2.0,true,train,41-2031.00
41-2031.00,Retail Salespersons,41-2031,41,695,"Open and close cash registers, performing tasks such as counting money, separating charge slips, coupons, and vouchers, balancing cash drawers, and making deposits.",O*NET 31.0 Task Statements,31.0,"BLS Employment Projections Occupation.xlsx Table 1.2, 2025-2035",3998.1,3984.1,520.6,,,,,,,,,unscored_human_template,human-task-exposure-v2.0,true,train,41-2031.00
41-3031.00,"Securities, Commodities, and Financial Services Sales Agents",41-3031,41,23203,Identify opportunities or develop channels for purchase or sale of securities or commodities.,O*NET 31.0 Task Statements,31.0,"BLS Employment Projections Occupation.xlsx Table 1.2, 2025-2035",531,538.5,35.1,,,,,,,,,unscored_human_template,human-task-exposure-v2.0,true,train,41-3031.00
41-3031.00,"Securities, Commodities, and Financial Services Sales Agents",41-3031,41,23196,"Buy or sell stocks, bonds, commodity futures, foreign currencies, or other securities on behalf of investment dealers.",O*NET 31.0 Task Statements,31.0,"BLS Employment Projections Occupation.xlsx Table 1.2, 2025-2035",531,538.5,35.1,,,,,,,,,unscored_human_template,human-task-exposure-v2.0,true,train,41-3031.00
41-3031.00,"Securities, Commodities, and Financial Services Sales Agents",41-3031,41,23216,Supervise support staff and ensure proper execution of contracts.,O*NET 31.0 Task Statements,31.0,"BLS Employment Projections Occupation.xlsx Table 1.2, 2025-2035",531,538.5,35.1,,,,,,,,,unscored_human_template,human-task-exposure-v2.0,true,train,41-3031.00
41-3041.00,Travel Agents,41-3041,41,740,"Book transportation and hotel reservations, using computer or telephone.",O*NET 31.0 Task Statements,31.0,"BLS Employment Projections Occupation.xlsx Table 1.2, 2025-2035",61.5,61.7,5.9,,,,,,,,,unscored_human_template,human-task-exposure-v2.0,true,train,41-3041.00
41-3041.00,Travel Agents,41-3041,41,742,"Provide customer with brochures and publications containing travel information, such as local customs, points of interest, or foreign country regulations.",O*NET 31.0 Task Statements,31.0,"BLS Employment Projections Occupation.xlsx Table 1.2, 2025-2035",61.5,61.7,5.9,,,,,,,,,unscored_human_template,human-task-exposure-v2.0,true,train,41-3041.00
41-3041.00,Travel Agents,41-3041,41,743,"Print or request transportation carrier tickets, using computer printer system or system link to travel carrier.",O*NET 31.0 Task Statements,31.0,"BLS Employment Projections Occupation.xlsx Table 1.2, 2025-2035",61.5,61.7,5.9,,,,,,,,,unscored_human_template,human-task-exposure-v2.0,true,train,41-3041.00
41-3091.00,"Sales Representatives of Services, Except Advertising, Insurance, Financial Services, and Travel",41-3091,41,23227,Create forms or agreements to complete sales.,O*NET 31.0 Task Statements,31.0,"BLS Employment Projections Occupation.xlsx Table 1.2, 2025-2035",1272.7,1306.7,115.7,,,,,,,,,unscored_human_template,human-task-exposure-v2.0,true,train,41-3091.00
41-3091.00,"Sales Representatives of Services, Except Advertising, Insurance, Financial Services, and Travel",41-3091,41,23222,"Answer customers' questions about services, prices, availability, or credit terms.",O*NET 31.0 Task Statements,31.0,"BLS Employment Projections Occupation.xlsx Table 1.2, 2025-2035",1272.7,1306.7,115.7,,,,,,,,,unscored_human_template,human-task-exposure-v2.0,true,train,41-3091.00
41-3091.00,"Sales Representatives of Services, Except Advertising, Insurance, Financial Services, and Travel",41-3091,41,23223,"Attend sales or trade meetings or read related publications to obtain information about market conditions, business trends, regulations, or industry developments.",O*NET 31.0 Task Statements,31.0,"BLS Employment Projections Occupation.xlsx Table 1.2, 2025-2035",1272.7,1306.7,115.7,,,,,,,,,unscored_human_template,human-task-exposure-v2.0,true,train,41-3091.00
41-4011.00,"Sales Representatives, Wholesale and Manufacturing, Technical and Scientific Products",41-4011,41,20612,"Identify prospective customers, using business directories, leads from existing clients, participation in organizations, or trade show or conference attendance.",O*NET 31.0 Task Statements,31.0,"BLS Employment Projections Occupation.xlsx Table 1.2, 2025-2035",292,295.5,23.6,,,,,,,,,unscored_human_template,human-task-exposure-v2.0,true,train,41-4011.00
41-4011.00,"Sales Representatives, Wholesale and Manufacturing, Technical and Scientific Products",41-4011,41,11261,"Compute customer's installation or production costs and estimate savings from new services, products, or equipment.",O*NET 31.0 Task Statements,31.0,"BLS Employment Projections Occupation.xlsx Table 1.2, 2025-2035",292,295.5,23.6,,,,,,,,,unscored_human_template,human-task-exposure-v2.0,true,train,41-4011.00
41-4011.00,"Sales Representatives, Wholesale and Manufacturing, Technical and Scientific Products",41-4011,41,11257,Arrange for installation and testing of products or machinery.,O*NET 31.0 Task Statements,31.0,"BLS Employment Projections Occupation.xlsx Table 1.2, 2025-2035",292,295.5,23.6,,,,,,,,,unscored_human_template,human-task-exposure-v2.0,true,train,41-4011.00
41-4011.07,Solar Sales Representatives and Assessors,41-4011,41,17662,"Prepare or review detailed design drawings, specifications, or lists related to solar installations.",O*NET 31.0 Task Statements,31.0,"BLS Employment Projections Occupation.xlsx Table 1.2, 2025-2035",292,295.5,23.6,,,,,,,,,unscored_human_template,human-task-exposure-v2.0,true,train,41-4011.07
41-4011.07,Solar Sales Representatives and Assessors,41-4011,41,17656,"Select solar energy products, systems, or services for customers based on electrical energy requirements, site conditions, price, or other factors.",O*NET 31.0 Task Statements,31.0,"BLS Employment Projections Occupation.xlsx Table 1.2, 2025-2035",292,295.5,23.6,,,,,,,,,unscored_human_template,human-task-exposure-v2.0,true,train,41-4011.07
41-4011.07,Solar Sales Representatives and Assessors,41-4011,41,17665,Take quote requests or orders from dealers or customers.,O*NET 31.0 Task Statements,31.0,"BLS Employment Projections Occupation.xlsx Table 1.2, 2025-2035",292,295.5,23.6,,,,,,,,,unscored_human_template,human-task-exposure-v2.0,true,train,41-4011.07
41-4012.00,"Sales Representatives, Wholesale and Manufacturing, Except Technical and Scientific Products",41-4012,41,8124,"Perform administrative duties, such as preparing sales budgets and reports, keeping sales records, and filing expense account reports.",O*NET 31.0 Task Statements,31.0,"BLS Employment Projections Occupation.xlsx Table 1.2, 2025-2035",1279.4,1268.2,99.8,,,,,,,,,unscored_human_template,human-task-exposure-v2.0,true,train,41-4012.00
41-4012.00,"Sales Representatives, Wholesale and Manufacturing, Except Technical and Scientific Products",41-4012,41,8115,"Contact regular and prospective customers to demonstrate products, explain product features, and solicit orders.",O*NET 31.0 Task Statements,31.0,"BLS Employment Projections Occupation.xlsx Table 1.2, 2025-2035",1279.4,1268.2,99.8,,,,,,,,,unscored_human_template,human-task-exposure-v2.0,true,train,41-4012.00
41-4012.00,"Sales Representatives, Wholesale and Manufacturing, Except Technical and Scientific Products",41-4012,41,8121,Arrange and direct delivery and installation of products and equipment.,O*NET 31.0 Task Statements,31.0,"BLS Employment Projections Occupation.xlsx Table 1.2, 2025-2035",1279.4,1268.2,99.8,,,,,,,,,unscored_human_template,human-task-exposure-v2.0,true,train,41-4012.00
41-9011.00,Demonstrators and Product Promoters,41-9011,41,13201,Learn about competitors' products or consumers' interests or concerns to answer questions or provide more complete information.,O*NET 31.0 Task Statements,31.0,"BLS Employment Projections Occupation.xlsx Table 1.2, 2025-2035",70.4,70.5,11.4,,,,,,,,,unscored_human_template,human-task-exposure-v2.0,true,train,41-9011.00
41-9011.00,Demonstrators and Product Promoters,41-9011,41,13195,Set up and arrange displays or demonstration areas to attract the attention of prospective customers.,O*NET 31.0 Task Statements,31.0,"BLS Employment Projections Occupation.xlsx Table 1.2, 2025-2035",70.4,70.5,11.4,,,,,,,,,unscored_human_template,human-task-exposure-v2.0,true,train,41-9011.00
41-9011.00,Demonstrators and Product Promoters,41-9011,41,13207,Recommend product or service improvements to employers.,O*NET 31.0 Task Statements,31.0,"BLS Employment Projections Occupation.xlsx Table 1.2, 2025-2035",70.4,70.5,11.4,,,,,,,,,unscored_human_template,human-task-exposure-v2.0,true,train,41-9011.00
41-9021.00,Real Estate Brokers,41-9021,41,4613,Arrange for title searches of properties being sold.,O*NET 31.0 Task Statements,31.0,"BLS Employment Projections Occupation.xlsx Table 1.2, 2025-2035",103.5,104.3,7.8,,,,,,,,,unscored_human_template,human-task-exposure-v2.0,true,train,41-9021.00
41-9021.00,Real Estate Brokers,41-9021,41,4608,"Appraise property values, assessing income potential when relevant.",O*NET 31.0 Task Statements,31.0,"BLS Employment Projections Occupation.xlsx Table 1.2, 2025-2035",103.5,104.3,7.8,,,,,,,,,unscored_human_template,human-task-exposure-v2.0,true,train,41-9021.00
41-9021.00,Real Estate Brokers,41-9021,41,4617,"Maintain working knowledge of various factors that determine a farm's capacity to produce, such as agricultural variables and proximity to market centers and transportation facilities.",O*NET 31.0 Task Statements,31.0,"BLS Employment Projections Occupation.xlsx Table 1.2, 2025-2035",103.5,104.3,7.8,,,,,,,,,unscored_human_template,human-task-exposure-v2.0,true,train,41-9021.00
41-9022.00,Real Estate Sales Agents,41-9022,41,2456,Advise sellers on how to make homes more appealing to potential buyers.,O*NET 31.0 Task Statements,31.0,"BLS Employment Projections Occupation.xlsx Table 1.2, 2025-2035",427,434.5,32.6,,,,,,,,,unscored_human_template,human-task-exposure-v2.0,true,train,41-9022.00
41-9022.00,Real Estate Sales Agents,41-9022,41,21155,Contact previous clients for prospecting of referral business.,O*NET 31.0 Task Statements,31.0,"BLS Employment Projections Occupation.xlsx Table 1.2, 2025-2035",427,434.5,32.6,,,,,,,,,unscored_human_template,human-task-exposure-v2.0,true,train,41-9022.00
41-9022.00,Real Estate Sales Agents,41-9022,41,2471,"Locate and appraise undeveloped areas for building sites, based on evaluations of area market conditions.",O*NET 31.0 Task Statements,31.0,"BLS Employment Projections Occupation.xlsx Table 1.2, 2025-2035",427,434.5,32.6,,,,,,,,,unscored_human_template,human-task-exposure-v2.0,true,train,41-9022.00
41-9031.00,Sales Engineers,41-9031,41,9691,Arrange for demonstrations or trial installations of equipment.,O*NET 31.0 Task Statements,31.0,"BLS Employment Projections Occupation.xlsx Table 1.2, 2025-2035",51.6,53,3.8,,,,,,,,,unscored_human_template,human-task-exposure-v2.0,true,train,41-9031.00
41-9031.00,Sales Engineers,41-9031,41,9698,"Document account activities, generate reports, and keep records of business transactions with customers and suppliers.",O*NET 31.0 Task Statements,31.0,"BLS Employment Projections Occupation.xlsx Table 1.2, 2025-2035",51.6,53,3.8,,,,,,,,,unscored_human_template,human-task-exposure-v2.0,true,train,41-9031.00
41-9031.00,Sales Engineers,41-9031,41,9694,Provide information needed for the development of custom-made machinery.,O*NET 31.0 Task Statements,31.0,"BLS Employment Projections Occupation.xlsx Table 1.2, 2025-2035",51.6,53,3.8,,,,,,,,,unscored_human_template,human-task-exposure-v2.0,true,train,41-9031.00
41-9041.00,Telemarketers,41-9041,41,4619,"Contact businesses or private individuals by telephone to solicit sales for goods or services, or to request donations for charitable causes.",O*NET 31.0 Task Statements,31.0,"BLS Employment Projections Occupation.xlsx Table 1.2, 2025-2035",60.9,47.8,5.8,,,,,,,,,unscored_human_template,human-task-exposure-v2.0,true,train,41-9041.00
41-9041.00,Telemarketers,41-9041,41,4620,"Explain products or services and prices, and answer questions from customers.",O*NET 31.0 Task Statements,31.0,"BLS Employment Projections Occupation.xlsx Table 1.2, 2025-2035",60.9,47.8,5.8,,,,,,,,,unscored_human_template,human-task-exposure-v2.0,true,train,41-9041.00
41-9041.00,Telemarketers,41-9041,41,4624,"Obtain names and telephone numbers of potential customers from sources such as telephone directories, magazine reply cards, and lists purchased from other organizations.",O*NET 31.0 Task Statements,31.0,"BLS Employment Projections Occupation.xlsx Table 1.2, 2025-2035",60.9,47.8,5.8,,,,,,,,,unscored_human_template,human-task-exposure-v2.0,true,train,41-9041.00
41-9091.00,"Door-to-Door Sales Workers, News and Street Vendors, and Related Workers",41-9091,41,13236,Answer questions about product features and benefits.,O*NET 31.0 Task Statements,31.0,"BLS Employment Projections Occupation.xlsx Table 1.2, 2025-2035",50.9,45.6,4.8,,,,,,,,,unscored_human_template,human-task-exposure-v2.0,true,train,41-9091.00
41-9091.00,"Door-to-Door Sales Workers, News and Street Vendors, and Related Workers",41-9091,41,13238,Develop prospect lists.,O*NET 31.0 Task Statements,31.0,"BLS Employment Projections Occupation.xlsx Table 1.2, 2025-2035",50.9,45.6,4.8,,,,,,,,,unscored_human_template,human-task-exposure-v2.0,true,train,41-9091.00
41-9091.00,"Door-to-Door Sales Workers, News and Street Vendors, and Related Workers",41-9091,41,13242,Stock carts or stands.,O*NET 31.0 Task Statements,31.0,"BLS Employment Projections Occupation.xlsx Table 1.2, 2025-2035",50.9,45.6,4.8,,,,,,,,,unscored_human_template,human-task-exposure-v2.0,true,train,41-9091.00
43-1011.00,First-Line Supervisors of Office and Administrative Support Workers,43-1011,43,9713,"Prepare and issue work schedules, deadlines, and duty assignments for office or administrative staff.",O*NET 31.0 Task Statements,31.0,"BLS Employment Projections Occupation.xlsx Table 1.2, 2025-2035",1506.1,1507,127.4,,,,,,,,,unscored_human_template,human-task-exposure-v2.0,true,train,43-1011.00
43-1011.00,First-Line Supervisors of Office and Administrative Support Workers,43-1011,43,9710,"Review records or reports pertaining to activities such as production, payroll, or shipping to verify details, monitor work activities, or evaluate performance.",O*NET 31.0 Task Statements,31.0,"BLS Employment Projections Occupation.xlsx Table 1.2, 2025-2035",1506.1,1507,127.4,,,,,,,,,unscored_human_template,human-task-exposure-v2.0,true,train,43-1011.00
43-1011.00,First-Line Supervisors of Office and Administrative Support Workers,43-1011,43,9723,"Design, implement, or evaluate staff training and development programs, customer service initiatives, or performance measurement criteria.",O*NET 31.0 Task Statements,31.0,"BLS Employment Projections Occupation.xlsx Table 1.2, 2025-2035",1506.1,1507,127.4,,,,,,,,,unscored_human_template,human-task-exposure-v2.0,true,train,43-1011.00
43-3021.00,Billing and Posting Clerks,43-3021,43,23240,"Prepare itemized statements, bills, or invoices and record amounts due for items purchased or services rendered.",O*NET 31.0 Task Statements,31.0,"BLS Employment Projections Occupation.xlsx Table 1.2, 2025-2035",418,417.7,37,,,,,,,,,unscored_human_template,human-task-exposure-v2.0,true,train,43-3021.00
43-3021.00,Billing and Posting Clerks,43-3021,43,23242,"Operate typing, adding, calculating, or billing machines.",O*NET 31.0 Task Statements,31.0,"BLS Employment Projections Occupation.xlsx Table 1.2, 2025-2035",418,417.7,37,,,,,,,,,unscored_human_template,human-task-exposure-v2.0,true,train,43-3021.00
43-3021.00,Billing and Posting Clerks,43-3021,43,23249,"Fix minor problems, such as equipment jams, and notify repair personnel of major equipment problems.",O*NET 31.0 Task Statements,31.0,"BLS Employment Projections Occupation.xlsx Table 1.2, 2025-2035",418,417.7,37,,,,,,,,,unscored_human_template,human-task-exposure-v2.0,true,train,43-3021.00
43-3031.00,"Bookkeeping, Accounting, and Auditing Clerks",43-3031,43,2495,"Operate 10-key calculators, typewriters, and copy machines to perform calculations and produce documents.",O*NET 31.0 Task Statements,31.0,"BLS Employment Projections Occupation.xlsx Table 1.2, 2025-2035",1532.4,1446.8,144.1,,,,,,,,,unscored_human_template,human-task-exposure-v2.0,true,train,43-3031.00
43-3031.00,"Bookkeeping, Accounting, and Auditing Clerks",43-3031,43,2490,"Classify, record, and summarize numerical and financial data to compile and keep financial records, using journals and ledgers or computers.",O*NET 31.0 Task Statements,31.0,"BLS Employment Projections Occupation.xlsx Table 1.2, 2025-2035",1532.4,1446.8,144.1,,,,,,,,,unscored_human_template,human-task-exposure-v2.0,true,train,43-3031.00
43-3031.00,"Bookkeeping, Accounting, and Auditing Clerks",43-3031,43,2511,Maintain inventory records.,O*NET 31.0 Task Statements,31.0,"BLS Employment Projections Occupation.xlsx Table 1.2, 2025-2035",1532.4,1446.8,144.1,,,,,,,,,unscored_human_template,human-task-exposure-v2.0,true,train,43-3031.00
43-3041.00,Gambling Cage Workers,43-3041,43,4668,Cash checks and process credit card advances for patrons.,O*NET 31.0 Task Statements,31.0,"BLS Employment Projections Occupation.xlsx Table 1.2, 2025-2035",15,14.6,1.2,,,,,,,,,unscored_human_template,human-task-exposure-v2.0,true,train,43-3041.00
43-3041.00,Gambling Cage Workers,43-3041,43,4673,Provide customers with information about casino operations.,O*NET 31.0 Task Statements,31.0,"BLS Employment Projections Occupation.xlsx Table 1.2, 2025-2035",15,14.6,1.2,,,,,,,,,unscored_human_template,human-task-exposure-v2.0,true,train,43-3041.00
43-3041.00,Gambling Cage Workers,43-3041,43,4677,Establish new computer accounts.,O*NET 31.0 Task Statements,31.0,"BLS Employment Projections Occupation.xlsx Table 1.2, 2025-2035",15,14.6,1.2,,,,,,,,,unscored_human_template,human-task-exposure-v2.0,true,train,43-3041.00
43-3061.00,Procurement Clerks,43-3061,43,2542,Compare suppliers' bills with bids and purchase orders to verify accuracy.,O*NET 31.0 Task Statements,31.0,"BLS Employment Projections Occupation.xlsx Table 1.2, 2025-2035",56.9,52.3,3.7,,,,,,,,,unscored_human_template,human-task-exposure-v2.0,true,train,43-3061.00
43-3061.00,Procurement Clerks,43-3061,43,2532,"Determine if inventory quantities are sufficient for needs, ordering more materials when necessary.",O*NET 31.0 Task Statements,31.0,"BLS Employment Projections Occupation.xlsx Table 1.2, 2025-2035",56.9,52.3,3.7,,,,,,,,,unscored_human_template,human-task-exposure-v2.0,true,train,43-3061.00
43-3061.00,Procurement Clerks,43-3061,43,2547,"Monitor contractor performance, recommending contract modifications when necessary.",O*NET 31.0 Task Statements,31.0,"BLS Employment Projections Occupation.xlsx Table 1.2, 2025-2035",56.9,52.3,3.7,,,,,,,,,unscored_human_template,human-task-exposure-v2.0,true,train,43-3061.00
43-3071.00,Tellers,43-3071,43,2552,"Examine checks for endorsements and to verify other information, such as dates, bank names, identification of the persons receiving payments, and the legality of the documents.",O*NET 31.0 Task Statements,31.0,"BLS Employment Projections Occupation.xlsx Table 1.2, 2025-2035",339.2,294.5,26.8,,,,,,,,,unscored_human_template,human-task-exposure-v2.0,true,train,43-3071.00
43-3071.00,Tellers,43-3071,43,2556,Prepare and verify cashier's checks.,O*NET 31.0 Task Statements,31.0,"BLS Employment Projections Occupation.xlsx Table 1.2, 2025-2035",339.2,294.5,26.8,,,,,,,,,unscored_human_template,human-task-exposure-v2.0,true,train,43-3071.00
43-3071.00,Tellers,43-3071,43,2574,Inform customers about foreign currency regulations and compute transaction fees for currency exchanges.,O*NET 31.0 Task Statements,31.0,"BLS Employment Projections Occupation.xlsx Table 1.2, 2025-2035",339.2,294.5,26.8,,,,,,,,,unscored_human_template,human-task-exposure-v2.0,true,train,43-3071.00
43-4021.00,Correspondence Clerks,43-4021,43,11280,"Compose letters in reply to correspondence concerning such items as requests for merchandise, damage claims, credit information requests, delinquent accounts, incorrect billing, or unsatisfactory service.",O*NET 31.0 Task Statements,31.0,"BLS Employment Projections Occupation.xlsx Table 1.2, 2025-2035",4.8,4.5,0.5,,,,,,,,,unscored_human_template,human-task-exposure-v2.0,true,train,43-4021.00
43-4021.00,Correspondence Clerks,43-4021,43,11270,"Prepare documents and correspondence, such as damage claims, credit and billing inquiries, invoices, and service complaints.",O*NET 31.0 Task Statements,31.0,"BLS Employment Projections Occupation.xlsx Table 1.2, 2025-2035",4.8,4.5,0.5,,,,,,,,,unscored_human_template,human-task-exposure-v2.0,true,train,43-4021.00
43-4021.00,Correspondence Clerks,43-4021,43,11272,Present clear and concise explanations of governing rules and regulations.,O*NET 31.0 Task Statements,31.0,"BLS Employment Projections Occupation.xlsx Table 1.2, 2025-2035",4.8,4.5,0.5,,,,,,,,,unscored_human_template,human-task-exposure-v2.0,true,train,43-4021.00
43-4051.00,Customer Service Representatives,43-4051,43,2584,"Complete contract forms, prepare change of address records, or issue service discontinuance orders, using computers.",O*NET 31.0 Task Statements,31.0,"BLS Employment Projections Occupation.xlsx Table 1.2, 2025-2035",2666,2524.1,289.5,,,,,,,,,unscored_human_template,human-task-exposure-v2.0,true,train,43-4051.00
43-4051.00,Customer Service Representatives,43-4051,43,2580,Check to ensure that appropriate changes were made to resolve customers' problems.,O*NET 31.0 Task Statements,31.0,"BLS Employment Projections Occupation.xlsx Table 1.2, 2025-2035",2666,2524.1,289.5,,,,,,,,,unscored_human_template,human-task-exposure-v2.0,true,train,43-4051.00
43-4051.00,Customer Service Representatives,43-4051,43,2591,"Recommend improvements in products, packaging, shipping, service, or billing methods and procedures to prevent future problems.",O*NET 31.0 Task Statements,31.0,"BLS Employment Projections Occupation.xlsx Table 1.2, 2025-2035",2666,2524.1,289.5,,,,,,,,,unscored_human_template,human-task-exposure-v2.0,true,train,43-4051.00
43-4061.00,"Eligibility Interviewers, Government Programs",43-4061,43,9732,Answer applicants' questions about benefits and claim procedures.,O*NET 31.0 Task Statements,31.0,"BLS Employment Projections Occupation.xlsx Table 1.2, 2025-2035",162.8,165.3,12.7,,,,,,,,,unscored_human_template,human-task-exposure-v2.0,true,train,43-4061.00
43-4061.00,"Eligibility Interviewers, Government Programs",43-4061,43,9734,"Interpret and explain information such as eligibility requirements, application details, payment methods, and applicants' legal rights.",O*NET 31.0 Task Statements,31.0,"BLS Employment Projections Occupation.xlsx Table 1.2, 2025-2035",162.8,165.3,12.7,,,,,,,,,unscored_human_template,human-task-exposure-v2.0,true,train,43-4061.00
43-4061.00,"Eligibility Interviewers, Government Programs",43-4061,43,9747,Investigate claimants for the possibility of fraud or abuse.,O*NET 31.0 Task Statements,31.0,"BLS Employment Projections Occupation.xlsx Table 1.2, 2025-2035",162.8,165.3,12.7,,,,,,,,,unscored_human_template,human-task-exposure-v2.0,true,train,43-4061.00
43-4071.00,File Clerks,43-4071,43,20628,"Perform general office activities, such as typing, answering telephones, operating office machines, processing mail, or securing confidential materials.",O*NET 31.0 Task Statements,31.0,"BLS Employment Projections Occupation.xlsx Table 1.2, 2025-2035",76.2,64.2,5.6,,,,,,,,,unscored_human_template,human-task-exposure-v2.0,true,train,43-4071.00
43-4071.00,File Clerks,43-4071,43,2601,Assign and record or stamp identification numbers or codes to index materials for filing.,O*NET 31.0 Task Statements,31.0,"BLS Employment Projections Occupation.xlsx Table 1.2, 2025-2035",76.2,64.2,5.6,,,,,,,,,unscored_human_template,human-task-exposure-v2.0,true,train,43-4071.00
43-4071.00,File Clerks,43-4071,43,2595,Track materials removed from files to ensure that borrowed files are returned.,O*NET 31.0 Task Statements,31.0,"BLS Employment Projections Occupation.xlsx Table 1.2, 2025-2035",76.2,64.2,5.6,,,,,,,,,unscored_human_template,human-task-exposure-v2.0,true,train,43-4071.00
43-4081.00,"Hotel, Motel, and Resort Desk Clerks",43-4081,43,2622,"Record guest comments or complaints, referring customers to managers as necessary.",O*NET 31.0 Task Statements,31.0,"BLS Employment Projections Occupation.xlsx Table 1.2, 2025-2035",264.6,269.5,35.5,,,,,,,,,unscored_human_template,human-task-exposure-v2.0,true,train,43-4081.00
43-4081.00,"Hotel, Motel, and Resort Desk Clerks",43-4081,43,18566,"Perform bookkeeping activities, such as balancing accounts and conducting nightly audits.",O*NET 31.0 Task Statements,31.0,"BLS Employment Projections Occupation.xlsx Table 1.2, 2025-2035",264.6,269.5,35.5,,,,,,,,,unscored_human_template,human-task-exposure-v2.0,true,train,43-4081.00
43-4081.00,"Hotel, Motel, and Resort Desk Clerks",43-4081,43,18569,"Prepare for basic food service, such as setting up continental breakfast or coffee and tea supplies.",O*NET 31.0 Task Statements,31.0,"BLS Employment Projections Occupation.xlsx Table 1.2, 2025-2035",264.6,269.5,35.5,,,,,,,,,unscored_human_template,human-task-exposure-v2.0,true,train,43-4081.00
43-4111.00,"Interviewers, Except Eligibility and Loan",43-4111,43,20434,Supervise or train other staff members.,O*NET 31.0 Task Statements,31.0,"BLS Employment Projections Occupation.xlsx Table 1.2, 2025-2035",153.6,137.6,13.2,,,,,,,,,unscored_human_template,human-task-exposure-v2.0,true,train,43-4111.00
43-4111.00,"Interviewers, Except Eligibility and Loan",43-4111,43,2630,Review data obtained from interview for completeness and accuracy.,O*NET 31.0 Task Statements,31.0,"BLS Employment Projections Occupation.xlsx Table 1.2, 2025-2035",153.6,137.6,13.2,,,,,,,,,unscored_human_template,human-task-exposure-v2.0,true,train,43-4111.00
43-4111.00,"Interviewers, Except Eligibility and Loan",43-4111,43,2638,Locate and list addresses and households.,O*NET 31.0 Task Statements,31.0,"BLS Employment Projections Occupation.xlsx Table 1.2, 2025-2035",153.6,137.6,13.2,,,,,,,,,unscored_human_template,human-task-exposure-v2.0,true,train,43-4111.00
43-4131.00,Loan Interviewers and Clerks,43-4131,43,11294,Answer questions and advise customers regarding loans and transactions.,O*NET 31.0 Task Statements,31.0,"BLS Employment Projections Occupation.xlsx Table 1.2, 2025-2035",169.1,165,10.5,,,,,,,,,unscored_human_template,human-task-exposure-v2.0,true,train,43-4131.00
43-4131.00,Loan Interviewers and Clerks,43-4131,43,11299,"Calculate, review, and correct errors on interest, principal, payment, and closing costs, using computers or calculators.",O*NET 31.0 Task Statements,31.0,"BLS Employment Projections Occupation.xlsx Table 1.2, 2025-2035",169.1,165,10.5,,,,,,,,,unscored_human_template,human-task-exposure-v2.0,true,train,43-4131.00
43-4131.00,Loan Interviewers and Clerks,43-4131,43,11304,Accept payment on accounts.,O*NET 31.0 Task Statements,31.0,"BLS Employment Projections Occupation.xlsx Table 1.2, 2025-2035",169.1,165,10.5,,,,,,,,,unscored_human_template,human-task-exposure-v2.0,true,train,43-4131.00
43-4151.00,Order Clerks,43-4151,43,2677,"File copies of orders received, or post orders on records.",O*NET 31.0 Task Statements,31.0,"BLS Employment Projections Occupation.xlsx Table 1.2, 2025-2035",78.9,65.1,6.3,,,,,,,,,unscored_human_template,human-task-exposure-v2.0,true,train,43-4151.00
43-4151.00,Order Clerks,43-4151,43,2678,Compute total charges for merchandise or services and shipping charges.,O*NET 31.0 Task Statements,31.0,"BLS Employment Projections Occupation.xlsx Table 1.2, 2025-2035",78.9,65.1,6.3,,,,,,,,,unscored_human_template,human-task-exposure-v2.0,true,train,43-4151.00
43-4151.00,Order Clerks,43-4151,43,2673,Direct specified departments or units to prepare and ship orders to designated locations.,O*NET 31.0 Task Statements,31.0,"BLS Employment Projections Occupation.xlsx Table 1.2, 2025-2035",78.9,65.1,6.3,,,,,,,,,unscored_human_template,human-task-exposure-v2.0,true,train,43-4151.00
43-4171.00,Receptionists and Information Clerks,43-4171,43,746,"Perform administrative support tasks, such as proofreading, transcribing handwritten information, or operating calculators or computers to work with pay records, invoices, balance sheets, or other documents.",O*NET 31.0 Task Statements,31.0,"BLS Employment Projections Occupation.xlsx Table 1.2, 2025-2035",947.5,931.6,105.1,,,,,,,,,unscored_human_template,human-task-exposure-v2.0,true,train,43-4171.00
43-4171.00,Receptionists and Information Clerks,43-4171,43,749,File and maintain records.,O*NET 31.0 Task Statements,31.0,"BLS Employment Projections Occupation.xlsx Table 1.2, 2025-2035",947.5,931.6,105.1,,,,,,,,,unscored_human_template,human-task-exposure-v2.0,true,train,43-4171.00
43-4171.00,Receptionists and Information Clerks,43-4171,43,756,"Calculate and quote rates for tours, stocks, insurance policies, or other products or services.",O*NET 31.0 Task Statements,31.0,"BLS Employment Projections Occupation.xlsx Table 1.2, 2025-2035",947.5,931.6,105.1,,,,,,,,,unscored_human_template,human-task-exposure-v2.0,true,train,43-4171.00
43-4181.00,Reservation and Transportation Ticket Agents and Travel Clerks,43-4181,43,9767,Contact customers or travel agents to advise them of travel conveyance changes or to confirm reservations.,O*NET 31.0 Task Statements,31.0,"BLS Employment Projections Occupation.xlsx Table 1.2, 2025-2035",120.1,123.1,11.8,,,,,,,,,unscored_human_template,human-task-exposure-v2.0,true,train,43-4181.00
43-4181.00,Reservation and Transportation Ticket Agents and Travel Clerks,43-4181,43,9754,"Determine whether space is available on travel dates requested by customers, assigning requested spaces when available.",O*NET 31.0 Task Statements,31.0,"BLS Employment Projections Occupation.xlsx Table 1.2, 2025-2035",120.1,123.1,11.8,,,,,,,,,unscored_human_template,human-task-exposure-v2.0,true,train,43-4181.00
43-4181.00,Reservation and Transportation Ticket Agents and Travel Clerks,43-4181,43,9756,Maintain computerized inventories of available passenger space and provide information on space reserved or available.,O*NET 31.0 Task Statements,31.0,"BLS Employment Projections Occupation.xlsx Table 1.2, 2025-2035",120.1,123.1,11.8,,,,,,,,,unscored_human_template,human-task-exposure-v2.0,true,train,43-4181.00
43-5011.01,Freight Forwarders,43-5011,43,17704,"Provide shipment status notification to exporters, consignees, or insurers.",O*NET 31.0 Task Statements,31.0,"BLS Employment Projections Occupation.xlsx Table 1.2, 2025-2035",100.3,106.4,9,,,,,,,,,unscored_human_template,human-task-exposure-v2.0,true,train,43-5011.01
43-5011.01,Freight Forwarders,43-5011,43,17694,Obtain or arrange cargo insurance.,O*NET 31.0 Task Statements,31.0,"BLS Employment Projections Occupation.xlsx Table 1.2, 2025-2035",100.3,106.4,9,,,,,,,,,unscored_human_template,human-task-exposure-v2.0,true,train,43-5011.01
43-5011.01,Freight Forwarders,43-5011,43,19832,Recommend shipping solutions to minimize cost or environmental impacts.,O*NET 31.0 Task Statements,31.0,"BLS Employment Projections Occupation.xlsx Table 1.2, 2025-2035",100.3,106.4,9,,,,,,,,,unscored_human_template,human-task-exposure-v2.0,true,train,43-5011.01
43-5021.00,Couriers and Messengers,43-5021,43,7013,"Receive messages or materials to be delivered, and information on recipients, such as names, addresses, telephone numbers, and delivery instructions, communicated via telephone, two-way radio, or in person.",O*NET 31.0 Task Statements,31.0,"BLS Employment Projections Occupation.xlsx Table 1.2, 2025-2035",228.9,247.1,23.8,,,,,,,,,unscored_human_template,human-task-exposure-v2.0,true,train,43-5021.00
43-5021.00,Couriers and Messengers,43-5021,43,7010,"Walk, ride bicycles, drive vehicles, or use public conveyances to reach destinations to deliver messages or materials.",O*NET 31.0 Task Statements,31.0,"BLS Employment Projections Occupation.xlsx Table 1.2, 2025-2035",228.9,247.1,23.8,,,,,,,,,unscored_human_template,human-task-exposure-v2.0,true,train,43-5021.00
43-5021.00,Couriers and Messengers,43-5021,43,7022,"Open, sort, and distribute incoming mail.",O*NET 31.0 Task Statements,31.0,"BLS Employment Projections Occupation.xlsx Table 1.2, 2025-2035",228.9,247.1,23.8,,,,,,,,,unscored_human_template,human-task-exposure-v2.0,true,train,43-5021.00
43-5031.00,Public Safety Telecommunicators,43-5031,43,2719,Provide emergency medical instructions to callers.,O*NET 31.0 Task Statements,31.0,"BLS Employment Projections Occupation.xlsx Table 1.2, 2025-2035",105.6,109.5,9,,,,,,,,,unscored_human_template,human-task-exposure-v2.0,true,train,43-5031.00
43-5031.00,Public Safety Telecommunicators,43-5031,43,2707,Question callers to determine their locations and the nature of their problems to determine type of response needed.,O*NET 31.0 Task Statements,31.0,"BLS Employment Projections Occupation.xlsx Table 1.2, 2025-2035",105.6,109.5,9,,,,,,,,,unscored_human_template,human-task-exposure-v2.0,true,train,43-5031.00
43-5031.00,Public Safety Telecommunicators,43-5031,43,2720,"Monitor alarm systems to detect emergencies, such as fires and illegal entry into establishments.",O*NET 31.0 Task Statements,31.0,"BLS Employment Projections Occupation.xlsx Table 1.2, 2025-2035",105.6,109.5,9,,,,,,,,,unscored_human_template,human-task-exposure-v2.0,true,train,43-5031.00
43-5051.00,Postal Service Clerks,43-5051,43,11326,Check mail to ensure correct postage and that packages and letters are in proper condition for mailing.,O*NET 31.0 Task Statements,31.0,"BLS Employment Projections Occupation.xlsx Table 1.2, 2025-2035",70.9,70.7,5.3,,,,,,,,,unscored_human_template,human-task-exposure-v2.0,true,train,43-5051.00
43-5051.00,Postal Service Clerks,43-5051,43,11327,"Answer questions regarding mail regulations and procedures, postage rates, and post office boxes.",O*NET 31.0 Task Statements,31.0,"BLS Employment Projections Occupation.xlsx Table 1.2, 2025-2035",70.9,70.7,5.3,,,,,,,,,unscored_human_template,human-task-exposure-v2.0,true,train,43-5051.00
43-5051.00,Postal Service Clerks,43-5051,43,11324,"Register, certify, and insure letters and parcels.",O*NET 31.0 Task Statements,31.0,"BLS Employment Projections Occupation.xlsx Table 1.2, 2025-2035",70.9,70.7,5.3,,,,,,,,,unscored_human_template,human-task-exposure-v2.0,true,train,43-5051.00
43-5052.00,Postal Service Mail Carriers,43-5052,43,11354,Answer customers' questions about postal services and regulations.,O*NET 31.0 Task Statements,31.0,"BLS Employment Projections Occupation.xlsx Table 1.2, 2025-2035",316.4,315.5,19.6,,,,,,,,,unscored_human_template,human-task-exposure-v2.0,true,train,43-5052.00
43-5052.00,Postal Service Mail Carriers,43-5052,43,11351,Meet schedules for the collection and return of mail.,O*NET 31.0 Task Statements,31.0,"BLS Employment Projections Occupation.xlsx Table 1.2, 2025-2035",316.4,315.5,19.6,,,,,,,,,unscored_human_template,human-task-exposure-v2.0,true,train,43-5052.00
43-5052.00,Postal Service Mail Carriers,43-5052,43,11358,Travel to post offices to pick up the mail for routes or pick up mail from postal relay boxes.,O*NET 31.0 Task Statements,31.0,"BLS Employment Projections Occupation.xlsx Table 1.2, 2025-2035",316.4,315.5,19.6,,,,,,,,,unscored_human_template,human-task-exposure-v2.0,true,train,43-5052.00
43-5053.00,"Postal Service Mail Sorters, Processors, and Processing Machine Operators",43-5053,43,8221,Clear jams in sorting equipment.,O*NET 31.0 Task Statements,31.0,"BLS Employment Projections Occupation.xlsx Table 1.2, 2025-2035",101.2,95.9,7.3,,,,,,,,,unscored_human_template,human-task-exposure-v2.0,true,train,43-5053.00
43-5053.00,"Postal Service Mail Sorters, Processors, and Processing Machine Operators",43-5053,43,8219,"Operate various types of equipment, such as computer scanning equipment, addressographs, mimeographs, optical character readers, and bar-code sorters.",O*NET 31.0 Task Statements,31.0,"BLS Employment Projections Occupation.xlsx Table 1.2, 2025-2035",101.2,95.9,7.3,,,,,,,,,unscored_human_template,human-task-exposure-v2.0,true,train,43-5053.00
43-5053.00,"Postal Service Mail Sorters, Processors, and Processing Machine Operators",43-5053,43,8217,Train new workers.,O*NET 31.0 Task Statements,31.0,"BLS Employment Projections Occupation.xlsx Table 1.2, 2025-2035",101.2,95.9,7.3,,,,,,,,,unscored_human_template,human-task-exposure-v2.0,true,train,43-5053.00
43-5061.00,"Production, Planning, and Expediting Clerks",43-5061,43,11372,"Arrange for delivery, assembly, or distribution of supplies or parts to expedite flow of materials and meet production schedules.",O*NET 31.0 Task Statements,31.0,"BLS Employment Projections Occupation.xlsx Table 1.2, 2025-2035",392.1,387.1,32.6,,,,,,,,,unscored_human_template,human-task-exposure-v2.0,true,train,43-5061.00
43-5061.00,"Production, Planning, and Expediting Clerks",43-5061,43,11368,Requisition and maintain inventories of materials or supplies necessary to meet production demands.,O*NET 31.0 Task Statements,31.0,"BLS Employment Projections Occupation.xlsx Table 1.2, 2025-2035",392.1,387.1,32.6,,,,,,,,,unscored_human_template,human-task-exposure-v2.0,true,train,43-5061.00
43-5061.00,"Production, Planning, and Expediting Clerks",43-5061,43,11377,"Compile and prepare documentation related to production sequences, transportation, personnel schedules, or purchase, maintenance, or repair orders.",O*NET 31.0 Task Statements,31.0,"BLS Employment Projections Occupation.xlsx Table 1.2, 2025-2035",392.1,387.1,32.6,,,,,,,,,unscored_human_template,human-task-exposure-v2.0,true,train,43-5061.00
43-5071.00,"Shipping, Receiving, and Inventory Clerks",43-5071,43,20279,"Determine shipping methods, routes, or rates for materials to be shipped.",O*NET 31.0 Task Statements,31.0,"BLS Employment Projections Occupation.xlsx Table 1.2, 2025-2035",827.7,765,61.3,,,,,,,,,unscored_human_template,human-task-exposure-v2.0,true,train,43-5071.00
43-5071.00,"Shipping, Receiving, and Inventory Clerks",43-5071,43,4739,"Record shipment data, such as weight, charges, space availability, damages, or discrepancies, for reporting, accounting, or recordkeeping purposes.",O*NET 31.0 Task Statements,31.0,"BLS Employment Projections Occupation.xlsx Table 1.2, 2025-2035",827.7,765,61.3,,,,,,,,,unscored_human_template,human-task-exposure-v2.0,true,train,43-5071.00
43-5071.00,"Shipping, Receiving, and Inventory Clerks",43-5071,43,19834,Compare shipping routes or methods to determine which have the least environmental impact.,O*NET 31.0 Task Statements,31.0,"BLS Employment Projections Occupation.xlsx Table 1.2, 2025-2035",827.7,765,61.3,,,,,,,,,unscored_human_template,human-task-exposure-v2.0,true,train,43-5071.00
43-5111.00,"Weighers, Measurers, Checkers, and Samplers, Recordkeeping",43-5111,43,11397,"Examine products or materials, parts, subassemblies, and packaging for damage, defects, or shortages, using specification sheets, gauges, and standards charts.",O*NET 31.0 Task Statements,31.0,"BLS Employment Projections Occupation.xlsx Table 1.2, 2025-2035",53.6,51,4.7,,,,,,,,,unscored_human_template,human-task-exposure-v2.0,true,train,43-5111.00
43-5111.00,"Weighers, Measurers, Checkers, and Samplers, Recordkeeping",43-5111,43,11380,"Document quantity, quality, type, weight, test result data, and value of materials or products to maintain shipping, receiving, and production records and files.",O*NET 31.0 Task Statements,31.0,"BLS Employment Projections Occupation.xlsx Table 1.2, 2025-2035",53.6,51,4.7,,,,,,,,,unscored_human_template,human-task-exposure-v2.0,true,train,43-5111.00
43-5111.00,"Weighers, Measurers, Checkers, and Samplers, Recordkeeping",43-5111,43,11382,"Count or estimate quantities of materials, parts, or products received or shipped.",O*NET 31.0 Task Statements,31.0,"BLS Employment Projections Occupation.xlsx Table 1.2, 2025-2035",53.6,51,4.7,,,,,,,,,unscored_human_template,human-task-exposure-v2.0,true,train,43-5111.00
43-6013.00,Medical Secretaries and Administrative Assistants,43-6013,43,787,"Perform bookkeeping duties, such as credits or collections, preparing and sending financial statements or bills, and keeping financial records.",O*NET 31.0 Task Statements,31.0,"BLS Employment Projections Occupation.xlsx Table 1.2, 2025-2035",979,1026.1,89.2,,,,,,,,,unscored_human_template,human-task-exposure-v2.0,true,train,43-6013.00
43-6013.00,Medical Secretaries and Administrative Assistants,43-6013,43,780,"Interview patients to complete documents, case histories, or forms, such as intake or insurance forms.",O*NET 31.0 Task Statements,31.0,"BLS Employment Projections Occupation.xlsx Table 1.2, 2025-2035",979,1026.1,89.2,,,,,,,,,unscored_human_template,human-task-exposure-v2.0,true,train,43-6013.00
43-6013.00,Medical Secretaries and Administrative Assistants,43-6013,43,20438,"Schedule tests or procedures for patients, such as lab work or x-rays, based on physician orders.",O*NET 31.0 Task Statements,31.0,"BLS Employment Projections Occupation.xlsx Table 1.2, 2025-2035",979,1026.1,89.2,,,,,,,,,unscored_human_template,human-task-exposure-v2.0,true,train,43-6013.00
43-6014.00,"Secretaries and Administrative Assistants, Except Legal, Medical, and Executive",43-6014,43,2797,"Review work done by others to check for correct spelling and grammar, ensure that company format policies are followed, and recommend revisions.",O*NET 31.0 Task Statements,31.0,"BLS Employment Projections Occupation.xlsx Table 1.2, 2025-2035",1889.8,1775.7,163.9,,,,,,,,,unscored_human_template,human-task-exposure-v2.0,true,train,43-6014.00
43-6014.00,"Secretaries and Administrative Assistants, Except Legal, Medical, and Executive",43-6014,43,20280,"Use computers for various applications, such as database management or word processing.",O*NET 31.0 Task Statements,31.0,"BLS Employment Projections Occupation.xlsx Table 1.2, 2025-2035",1889.8,1775.7,163.9,,,,,,,,,unscored_human_template,human-task-exposure-v2.0,true,train,43-6014.00
43-6014.00,"Secretaries and Administrative Assistants, Except Legal, Medical, and Executive",43-6014,43,2814,Supervise other clerical staff and provide training and orientation to new staff.,O*NET 31.0 Task Statements,31.0,"BLS Employment Projections Occupation.xlsx Table 1.2, 2025-2035",1889.8,1775.7,163.9,,,,,,,,,unscored_human_template,human-task-exposure-v2.0,true,train,43-6014.00
43-9021.00,Data Entry Keyers,43-9021,43,11407,Select materials needed to complete work assignments.,O*NET 31.0 Task Statements,31.0,"BLS Employment Projections Occupation.xlsx Table 1.2, 2025-2035",131.8,98.2,7.7,,,,,,,,,unscored_human_template,human-task-exposure-v2.0,true,train,43-9021.00
43-9021.00,Data Entry Keyers,43-9021,43,11403,"Compare data with source documents, or re-enter data in verification format to detect errors.",O*NET 31.0 Task Statements,31.0,"BLS Employment Projections Occupation.xlsx Table 1.2, 2025-2035",131.8,98.2,7.7,,,,,,,,,unscored_human_template,human-task-exposure-v2.0,true,train,43-9021.00
43-9021.00,Data Entry Keyers,43-9021,43,11406,Maintain logs of activities and completed work.,O*NET 31.0 Task Statements,31.0,"BLS Employment Projections Occupation.xlsx Table 1.2, 2025-2035",131.8,98.2,7.7,,,,,,,,,unscored_human_template,human-task-exposure-v2.0,true,train,43-9021.00
43-9022.00,Word Processors and Typists,43-9022,43,796,Keep records of work performed.,O*NET 31.0 Task Statements,31.0,"BLS Employment Projections Occupation.xlsx Table 1.2, 2025-2035",40.4,26.5,1.9,,,,,,,,,unscored_human_template,human-task-exposure-v2.0,true,train,43-9022.00
43-9022.00,Word Processors and Typists,43-9022,43,795,Print and make copies of work.,O*NET 31.0 Task Statements,31.0,"BLS Employment Projections Occupation.xlsx Table 1.2, 2025-2035",40.4,26.5,1.9,,,,,,,,,unscored_human_template,human-task-exposure-v2.0,true,train,43-9022.00
43-9022.00,Word Processors and Typists,43-9022,43,797,"Compute and verify totals on report forms, requisitions, or bills, using adding machine or calculator.",O*NET 31.0 Task Statements,31.0,"BLS Employment Projections Occupation.xlsx Table 1.2, 2025-2035",40.4,26.5,1.9,,,,,,,,,unscored_human_template,human-task-exposure-v2.0,true,train,43-9022.00
43-9031.00,Desktop Publishers,43-9031,43,2817,"View monitors for visual representation of work in progress and for instructions and feedback throughout process, making modifications as necessary.",O*NET 31.0 Task Statements,31.0,"BLS Employment Projections Occupation.xlsx Table 1.2, 2025-2035",4.6,4,0.3,,,,,,,,,unscored_human_template,human-task-exposure-v2.0,true,train,43-9031.00
43-9031.00,Desktop Publishers,43-9031,43,2824,"Prepare sample layouts for approval, using computer software.",O*NET 31.0 Task Statements,31.0,"BLS Employment Projections Occupation.xlsx Table 1.2, 2025-2035",4.6,4,0.3,,,,,,,,,unscored_human_template,human-task-exposure-v2.0,true,train,43-9031.00
43-9031.00,Desktop Publishers,43-9031,43,2831,"Collaborate with graphic artists, editors and writers to produce master copies according to design specifications.",O*NET 31.0 Task Statements,31.0,"BLS Employment Projections Occupation.xlsx Table 1.2, 2025-2035",4.6,4,0.3,,,,,,,,,unscored_human_template,human-task-exposure-v2.0,true,train,43-9031.00
43-9061.00,"Office Clerks, General",43-9061,43,840,"Type, format, proofread, and edit correspondence and other documents, from notes or dictating machines, using computers or typewriters.",O*NET 31.0 Task Statements,31.0,"BLS Employment Projections Occupation.xlsx Table 1.2, 2025-2035",2600,2443.7,249,,,,,,,,,unscored_human_template,human-task-exposure-v2.0,true,train,43-9061.00
43-9061.00,"Office Clerks, General",43-9061,43,835,Deliver messages and run errands.,O*NET 31.0 Task Statements,31.0,"BLS Employment Projections Occupation.xlsx Table 1.2, 2025-2035",2600,2443.7,249,,,,,,,,,unscored_human_template,human-task-exposure-v2.0,true,train,43-9061.00
43-9061.00,"Office Clerks, General",43-9061,43,838,"Process and prepare documents, such as business or government forms and expense reports.",O*NET 31.0 Task Statements,31.0,"BLS Employment Projections Occupation.xlsx Table 1.2, 2025-2035",2600,2443.7,249,,,,,,,,,unscored_human_template,human-task-exposure-v2.0,true,train,43-9061.00
45-1011.00,"First-Line Supervisors of Farming, Fishing, and Forestry Workers",45-1011,45,23365,"Issue equipment, such as farm implements, machinery, ladders, or containers to workers, and collect equipment when work is complete.",O*NET 31.0 Task Statements,31.0,"BLS Employment Projections Occupation.xlsx Table 1.2, 2025-2035",57.6,59.8,7.2,,,,,,,,,unscored_human_template,human-task-exposure-v2.0,true,train,45-1011.00
45-1011.00,"First-Line Supervisors of Farming, Fishing, and Forestry Workers",45-1011,45,23345,"Train workers in tree felling or bucking, operation of tractors or loading machines, yarding or loading techniques, or safety regulations.",O*NET 31.0 Task Statements,31.0,"BLS Employment Projections Occupation.xlsx Table 1.2, 2025-2035",57.6,59.8,7.2,,,,,,,,,unscored_human_template,human-task-exposure-v2.0,true,train,45-1011.00
45-1011.00,"First-Line Supervisors of Farming, Fishing, and Forestry Workers",45-1011,45,23369,Plan work schedules according to personnel and equipment availability.,O*NET 31.0 Task Statements,31.0,"BLS Employment Projections Occupation.xlsx Table 1.2, 2025-2035",57.6,59.8,7.2,,,,,,,,,unscored_human_template,human-task-exposure-v2.0,true,train,45-1011.00
45-2011.00,Agricultural Inspectors,45-2011,45,14848,Verify that transportation and handling procedures meet regulatory requirements.,O*NET 31.0 Task Statements,31.0,"BLS Employment Projections Occupation.xlsx Table 1.2, 2025-2035",17.8,18.2,2.5,,,,,,,,,unscored_human_template,human-task-exposure-v2.0,true,train,45-2011.00
45-2011.00,Agricultural Inspectors,45-2011,45,14866,"Provide consultative services in areas such as equipment or product evaluation, plant construction or layout, or food safety systems.",O*NET 31.0 Task Statements,31.0,"BLS Employment Projections Occupation.xlsx Table 1.2, 2025-2035",17.8,18.2,2.5,,,,,,,,,unscored_human_template,human-task-exposure-v2.0,true,train,45-2011.00
45-2011.00,Agricultural Inspectors,45-2011,45,14853,Monitor the operations and sanitary conditions of slaughtering or meat processing plants.,O*NET 31.0 Task Statements,31.0,"BLS Employment Projections Occupation.xlsx Table 1.2, 2025-2035",17.8,18.2,2.5,,,,,,,,,unscored_human_template,human-task-exposure-v2.0,true,train,45-2011.00
45-2091.00,Agricultural Equipment Operators,45-2091,45,13369,"Load and unload crops or containers of materials, manually or using conveyors, handtrucks, forklifts, or transfer augers.",O*NET 31.0 Task Statements,31.0,"BLS Employment Projections Occupation.xlsx Table 1.2, 2025-2035",66.9,72.6,10.1,,,,,,,,,unscored_human_template,human-task-exposure-v2.0,true,train,45-2091.00
45-2091.00,Agricultural Equipment Operators,45-2091,45,13363,"Spray fertilizer or pesticide solutions to control insects, fungus and weed growth, and diseases, using hand sprayers.",O*NET 31.0 Task Statements,31.0,"BLS Employment Projections Occupation.xlsx Table 1.2, 2025-2035",66.9,72.6,10.1,,,,,,,,,unscored_human_template,human-task-exposure-v2.0,true,train,45-2091.00
45-2091.00,Agricultural Equipment Operators,45-2091,45,13361,"Direct and monitor the activities of work crews engaged in planting, weeding, or harvesting activities.",O*NET 31.0 Task Statements,31.0,"BLS Employment Projections Occupation.xlsx Table 1.2, 2025-2035",66.9,72.6,10.1,,,,,,,,,unscored_human_template,human-task-exposure-v2.0,true,train,45-2091.00
45-2092.00,"Farmworkers and Laborers, Crop, Nursery, and Greenhouse",45-2092,45,23397,"Load agricultural products into trucks, and drive trucks to market or storage facilities.",O*NET 31.0 Task Statements,31.0,"BLS Employment Projections Occupation.xlsx Table 1.2, 2025-2035",546.8,533.6,72.5,,,,,,,,,unscored_human_template,human-task-exposure-v2.0,true,train,45-2092.00
45-2092.00,"Farmworkers and Laborers, Crop, Nursery, and Greenhouse",45-2092,45,23375,"Clean work areas, and maintain grounds and landscaping.",O*NET 31.0 Task Statements,31.0,"BLS Employment Projections Occupation.xlsx Table 1.2, 2025-2035",546.8,533.6,72.5,,,,,,,,,unscored_human_template,human-task-exposure-v2.0,true,train,45-2092.00
45-2092.00,"Farmworkers and Laborers, Crop, Nursery, and Greenhouse",45-2092,45,23388,"Repair farm buildings, fences, and other structures.",O*NET 31.0 Task Statements,31.0,"BLS Employment Projections Occupation.xlsx Table 1.2, 2025-2035",546.8,533.6,72.5,,,,,,,,,unscored_human_template,human-task-exposure-v2.0,true,train,45-2092.00
45-2093.00,"Farmworkers, Farm, Ranch, and Aquacultural Animals",45-2093,45,13424,"Segregate animals according to weight, age, color, and physical condition.",O*NET 31.0 Task Statements,31.0,"BLS Employment Projections Occupation.xlsx Table 1.2, 2025-2035",202.1,195.7,26.6,,,,,,,,,unscored_human_template,human-task-exposure-v2.0,true,train,45-2093.00
45-2093.00,"Farmworkers, Farm, Ranch, and Aquacultural Animals",45-2093,45,13413,"Provide medical treatment, such as administering medications and vaccinations, or arrange for veterinarians to provide more extensive treatment.",O*NET 31.0 Task Statements,31.0,"BLS Employment Projections Occupation.xlsx Table 1.2, 2025-2035",202.1,195.7,26.6,,,,,,,,,unscored_human_template,human-task-exposure-v2.0,true,train,45-2093.00
45-2093.00,"Farmworkers, Farm, Ranch, and Aquacultural Animals",45-2093,45,13421,"Order food for animals, and arrange for its delivery.",O*NET 31.0 Task Statements,31.0,"BLS Employment Projections Occupation.xlsx Table 1.2, 2025-2035",202.1,195.7,26.6,,,,,,,,,unscored_human_template,human-task-exposure-v2.0,true,train,45-2093.00
45-3031.00,Fishing and Hunting Workers,45-3031,45,23424,"Connect accessories such as floats, weights, flags, lights, or markers to nets, lines, or traps.",O*NET 31.0 Task Statements,31.0,"BLS Employment Projections Occupation.xlsx Table 1.2, 2025-2035",28.2,27,3.3,,,,,,,,,unscored_human_template,human-task-exposure-v2.0,true,train,45-3031.00
45-3031.00,Fishing and Hunting Workers,45-3031,45,23428,"Direct fishing or hunting operations, and supervise crew members.",O*NET 31.0 Task Statements,31.0,"BLS Employment Projections Occupation.xlsx Table 1.2, 2025-2035",28.2,27,3.3,,,,,,,,,unscored_human_template,human-task-exposure-v2.0,true,train,45-3031.00
45-3031.00,Fishing and Hunting Workers,45-3031,45,23418,Transport fish to processing plants or to buyers.,O*NET 31.0 Task Statements,31.0,"BLS Employment Projections Occupation.xlsx Table 1.2, 2025-2035",28.2,27,3.3,,,,,,,,,unscored_human_template,human-task-exposure-v2.0,true,train,45-3031.00
45-4021.00,Fallers,45-4021,45,13484,"Stop saw engines, pull cutting bars from cuts, and run to safety as tree falls.",O*NET 31.0 Task Statements,31.0,"BLS Employment Projections Occupation.xlsx Table 1.2, 2025-2035",4.3,3.9,0.5,,,,,,,,,unscored_human_template,human-task-exposure-v2.0,true,train,45-4021.00
45-4021.00,Fallers,45-4021,45,13488,"Measure felled trees and cut them into specified log lengths, using chain saws and axes.",O*NET 31.0 Task Statements,31.0,"BLS Employment Projections Occupation.xlsx Table 1.2, 2025-2035",4.3,3.9,0.5,,,,,,,,,unscored_human_template,human-task-exposure-v2.0,true,train,45-4021.00
45-4021.00,Fallers,45-4021,45,13500,"Work as a member of a team, rotating between chain saw operation and skidder operation.",O*NET 31.0 Task Statements,31.0,"BLS Employment Projections Occupation.xlsx Table 1.2, 2025-2035",4.3,3.9,0.5,,,,,,,,,unscored_human_template,human-task-exposure-v2.0,true,train,45-4021.00
47-1011.00,First-Line Supervisors of Construction Trades and Extraction Workers,47-1011,47,11433,"Provide assistance to workers engaged in construction or extraction activities, using hand tools or other equipment.",O*NET 31.0 Task Statements,31.0,"BLS Employment Projections Occupation.xlsx Table 1.2, 2025-2035",913.3,959.4,67,,,,,,,,,unscored_human_template,human-task-exposure-v2.0,true,train,47-1011.00
47-1011.00,First-Line Supervisors of Construction Trades and Extraction Workers,47-1011,47,11427,"Confer with managerial or technical personnel, other departments, or contractors to resolve problems or to coordinate activities.",O*NET 31.0 Task Statements,31.0,"BLS Employment Projections Occupation.xlsx Table 1.2, 2025-2035",913.3,959.4,67,,,,,,,,,unscored_human_template,human-task-exposure-v2.0,true,train,47-1011.00
47-1011.00,First-Line Supervisors of Construction Trades and Extraction Workers,47-1011,47,11435,"Analyze worker or production problems and recommend solutions, such as improving production methods or implementing motivational plans.",O*NET 31.0 Task Statements,31.0,"BLS Employment Projections Occupation.xlsx Table 1.2, 2025-2035",913.3,959.4,67,,,,,,,,,unscored_human_template,human-task-exposure-v2.0,true,train,47-1011.00
47-2031.00,Carpenters,47-2031,47,23430,Follow established safety rules and regulations and maintain a safe and clean environment.,O*NET 31.0 Task Statements,31.0,"BLS Employment Projections Occupation.xlsx Table 1.2, 2025-2035",889.7,924.7,62.8,,,,,,,,,unscored_human_template,human-task-exposure-v2.0,true,train,47-2031.00
47-2031.00,Carpenters,47-2031,47,23445,Maintain job records and schedule work crew.,O*NET 31.0 Task Statements,31.0,"BLS Employment Projections Occupation.xlsx Table 1.2, 2025-2035",889.7,924.7,62.8,,,,,,,,,unscored_human_template,human-task-exposure-v2.0,true,train,47-2031.00
47-2031.00,Carpenters,47-2031,47,23455,Construct forms or chutes for pouring concrete.,O*NET 31.0 Task Statements,31.0,"BLS Employment Projections Occupation.xlsx Table 1.2, 2025-2035",889.7,924.7,62.8,,,,,,,,,unscored_human_template,human-task-exposure-v2.0,true,train,47-2031.00
47-2041.00,Carpet Installers,47-2041,47,2834,"Cut and trim carpet to fit along wall edges, openings, and projections, finishing the edges with a wall trimmer.",O*NET 31.0 Task Statements,31.0,"BLS Employment Projections Occupation.xlsx Table 1.2, 2025-2035",17.4,14.5,0.7,,,,,,,,,unscored_human_template,human-task-exposure-v2.0,true,train,47-2041.00
47-2041.00,Carpet Installers,47-2041,47,2833,"Join edges of carpet and seam edges where necessary, by sewing or by using tape with glue and heated carpet iron.",O*NET 31.0 Task Statements,31.0,"BLS Employment Projections Occupation.xlsx Table 1.2, 2025-2035",17.4,14.5,0.7,,,,,,,,,unscored_human_template,human-task-exposure-v2.0,true,train,47-2041.00
47-2041.00,Carpet Installers,47-2041,47,2844,"Measure, cut and install tackless strips along the baseboard or wall.",O*NET 31.0 Task Statements,31.0,"BLS Employment Projections Occupation.xlsx Table 1.2, 2025-2035",17.4,14.5,0.7,,,,,,,,,unscored_human_template,human-task-exposure-v2.0,true,train,47-2041.00
47-2042.00,"Floor Layers, Except Carpet, Wood, and Hard Tiles",47-2042,47,8257,"Form a smooth foundation by stapling plywood or Masonite over the floor or by brushing waterproof compound onto surface and filling cracks with plaster, putty, or grout to seal pores.",O*NET 31.0 Task Statements,31.0,"BLS Employment Projections Occupation.xlsx Table 1.2, 2025-2035",29.8,32.4,2.2,,,,,,,,,unscored_human_template,human-task-exposure-v2.0,true,train,47-2042.00
47-2042.00,"Floor Layers, Except Carpet, Wood, and Hard Tiles",47-2042,47,8259,"Cut covering and foundation materials, according to blueprints and sketches.",O*NET 31.0 Task Statements,31.0,"BLS Employment Projections Occupation.xlsx Table 1.2, 2025-2035",29.8,32.4,2.2,,,,,,,,,unscored_human_template,human-task-exposure-v2.0,true,train,47-2042.00
47-2042.00,"Floor Layers, Except Carpet, Wood, and Hard Tiles",47-2042,47,8262,Determine traffic areas and decide location of seams.,O*NET 31.0 Task Statements,31.0,"BLS Employment Projections Occupation.xlsx Table 1.2, 2025-2035",29.8,32.4,2.2,,,,,,,,,unscored_human_template,human-task-exposure-v2.0,true,train,47-2042.00
47-2044.00,Tile and Stone Setters,47-2044,47,2863,"Remove any old tile, grout and adhesive using chisels and scrapers and clean the surface carefully.",O*NET 31.0 Task Statements,31.0,"BLS Employment Projections Occupation.xlsx Table 1.2, 2025-2035",45.2,49.6,3.3,,,,,,,,,unscored_human_template,human-task-exposure-v2.0,true,train,47-2044.00
47-2044.00,Tile and Stone Setters,47-2044,47,2862,"Cut tile backing to required size, using shears.",O*NET 31.0 Task Statements,31.0,"BLS Employment Projections Occupation.xlsx Table 1.2, 2025-2035",45.2,49.6,3.3,,,,,,,,,unscored_human_template,human-task-exposure-v2.0,true,train,47-2044.00
47-2044.00,Tile and Stone Setters,47-2044,47,2857,"Build underbeds and install anchor bolts, wires, and brackets.",O*NET 31.0 Task Statements,31.0,"BLS Employment Projections Occupation.xlsx Table 1.2, 2025-2035",45.2,49.6,3.3,,,,,,,,,unscored_human_template,human-task-exposure-v2.0,true,train,47-2044.00
47-2051.00,Cement Masons and Concrete Finishers,47-2051,47,7064,"Build wooden molds, and clamp molds around area to be repaired, using hand tools.",O*NET 31.0 Task Statements,31.0,"BLS Employment Projections Occupation.xlsx Table 1.2, 2025-2035",204.8,208.1,13.6,,,,,,,,,unscored_human_template,human-task-exposure-v2.0,true,train,47-2051.00
47-2051.00,Cement Masons and Concrete Finishers,47-2051,47,7053,"Produce rough concrete surface, using broom.",O*NET 31.0 Task Statements,31.0,"BLS Employment Projections Occupation.xlsx Table 1.2, 2025-2035",204.8,208.1,13.6,,,,,,,,,unscored_human_template,human-task-exposure-v2.0,true,train,47-2051.00
47-2051.00,Cement Masons and Concrete Finishers,47-2051,47,7067,"Fabricate concrete beams, columns, and panels.",O*NET 31.0 Task Statements,31.0,"BLS Employment Projections Occupation.xlsx Table 1.2, 2025-2035",204.8,208.1,13.6,,,,,,,,,unscored_human_template,human-task-exposure-v2.0,true,train,47-2051.00
47-2061.00,Construction Laborers,47-2061,47,11455,Clean or prepare construction sites to eliminate possible hazards.,O*NET 31.0 Task Statements,31.0,"BLS Employment Projections Occupation.xlsx Table 1.2, 2025-2035",1489.3,1598.6,120,,,,,,,,,unscored_human_template,human-task-exposure-v2.0,true,train,47-2061.00
47-2061.00,Construction Laborers,47-2061,47,11461,"Measure, mark, or record openings or distances to layout areas where construction work will be performed.",O*NET 31.0 Task Statements,31.0,"BLS Employment Projections Occupation.xlsx Table 1.2, 2025-2035",1489.3,1598.6,120,,,,,,,,,unscored_human_template,human-task-exposure-v2.0,true,train,47-2061.00
47-2061.00,Construction Laborers,47-2061,47,11466,Operate jackhammers or drills to break up concrete or pavement.,O*NET 31.0 Task Statements,31.0,"BLS Employment Projections Occupation.xlsx Table 1.2, 2025-2035",1489.3,1598.6,120,,,,,,,,,unscored_human_template,human-task-exposure-v2.0,true,train,47-2061.00
47-2071.00,"Paving, Surfacing, and Tamping Equipment Operators",47-2071,47,4798,"Operate machines to spread, smooth, level, or steel-reinforce stone, concrete, or asphalt on road beds.",O*NET 31.0 Task Statements,31.0,"BLS Employment Projections Occupation.xlsx Table 1.2, 2025-2035",42.3,41.9,3.1,,,,,,,,,unscored_human_template,human-task-exposure-v2.0,true,train,47-2071.00
47-2071.00,"Paving, Surfacing, and Tamping Equipment Operators",47-2071,47,20143,Control traffic.,O*NET 31.0 Task Statements,31.0,"BLS Employment Projections Occupation.xlsx Table 1.2, 2025-2035",42.3,41.9,3.1,,,,,,,,,unscored_human_template,human-task-exposure-v2.0,true,train,47-2071.00
47-2071.00,"Paving, Surfacing, and Tamping Equipment Operators",47-2071,47,4814,"Place strips of material, such as cork, asphalt, or steel into joints, or place rolls of expansion-joint material on machines that automatically insert material.",O*NET 31.0 Task Statements,31.0,"BLS Employment Projections Occupation.xlsx Table 1.2, 2025-2035",42.3,41.9,3.1,,,,,,,,,unscored_human_template,human-task-exposure-v2.0,true,train,47-2071.00
47-2073.00,Operating Engineers and Other Construction Equipment Operators,47-2073,47,9851,"Adjust handwheels and depress pedals to control attachments, such as blades, buckets, scrapers, or swing booms.",O*NET 31.0 Task Statements,31.0,"BLS Employment Projections Occupation.xlsx Table 1.2, 2025-2035",489.5,511.8,39.2,,,,,,,,,unscored_human_template,human-task-exposure-v2.0,true,train,47-2073.00
47-2073.00,Operating Engineers and Other Construction Equipment Operators,47-2073,47,9853,"Locate underground services, such as pipes or wires, prior to beginning work.",O*NET 31.0 Task Statements,31.0,"BLS Employment Projections Occupation.xlsx Table 1.2, 2025-2035",489.5,511.8,39.2,,,,,,,,,unscored_human_template,human-task-exposure-v2.0,true,train,47-2073.00
47-2073.00,Operating Engineers and Other Construction Equipment Operators,47-2073,47,9866,"Operate compactors, scrapers, or rollers to level, compact, or cover refuse at disposal grounds.",O*NET 31.0 Task Statements,31.0,"BLS Employment Projections Occupation.xlsx Table 1.2, 2025-2035",489.5,511.8,39.2,,,,,,,,,unscored_human_template,human-task-exposure-v2.0,true,train,47-2073.00
47-2081.00,Drywall and Ceiling Tile Installers,47-2081,47,13507,"Measure and cut openings in panels or tiles for electrical outlets, windows, vents, plumbing, or other fixtures, using keyhole saws or other cutting tools.",O*NET 31.0 Task Statements,31.0,"BLS Employment Projections Occupation.xlsx Table 1.2, 2025-2035",102.2,104.7,6.6,,,,,,,,,unscored_human_template,human-task-exposure-v2.0,true,train,47-2081.00
47-2081.00,Drywall and Ceiling Tile Installers,47-2081,47,13514,"Cut fixture or border tiles to size, using keyhole saws, and insert them into surrounding frameworks.",O*NET 31.0 Task Statements,31.0,"BLS Employment Projections Occupation.xlsx Table 1.2, 2025-2035",102.2,104.7,6.6,,,,,,,,,unscored_human_template,human-task-exposure-v2.0,true,train,47-2081.00
47-2081.00,Drywall and Ceiling Tile Installers,47-2081,47,13520,Seal joints between ceiling tiles and walls.,O*NET 31.0 Task Statements,31.0,"BLS Employment Projections Occupation.xlsx Table 1.2, 2025-2035",102.2,104.7,6.6,,,,,,,,,unscored_human_template,human-task-exposure-v2.0,true,train,47-2081.00
47-2111.00,Electricians,47-2111,47,2890,Fasten small metal or plastic boxes to walls to house electrical switches or outlets.,O*NET 31.0 Task Statements,31.0,"BLS Employment Projections Occupation.xlsx Table 1.2, 2025-2035",821,896.9,72.7,,,,,,,,,unscored_human_template,human-task-exposure-v2.0,true,train,47-2111.00
47-2111.00,Electricians,47-2111,47,2877,Advise management on whether continued operation of equipment could be hazardous.,O*NET 31.0 Task Statements,31.0,"BLS Employment Projections Occupation.xlsx Table 1.2, 2025-2035",821,896.9,72.7,,,,,,,,,unscored_human_template,human-task-exposure-v2.0,true,train,47-2111.00
47-2111.00,Electricians,47-2111,47,2893,"Provide assistance during emergencies by operating floodlights or generators, placing flares, or driving needed vehicles.",O*NET 31.0 Task Statements,31.0,"BLS Employment Projections Occupation.xlsx Table 1.2, 2025-2035",821,896.9,72.7,,,,,,,,,unscored_human_template,human-task-exposure-v2.0,true,train,47-2111.00
47-2121.00,Glaziers,47-2121,47,11497,"Cut and attach mounting strips, metal or wood moldings, rubber gaskets, or metal clips to surfaces in preparation for mirror installation.",O*NET 31.0 Task Statements,31.0,"BLS Employment Projections Occupation.xlsx Table 1.2, 2025-2035",59.2,60.3,3.9,,,,,,,,,unscored_human_template,human-task-exposure-v2.0,true,train,47-2121.00
47-2121.00,Glaziers,47-2121,47,11488,"Fasten glass panes into wood sashes or frames with clips, points, or moldings, adding weather seals or putty around pane edges to seal joints.",O*NET 31.0 Task Statements,31.0,"BLS Employment Projections Occupation.xlsx Table 1.2, 2025-2035",59.2,60.3,3.9,,,,,,,,,unscored_human_template,human-task-exposure-v2.0,true,train,47-2121.00
47-2121.00,Glaziers,47-2121,47,11510,"Create patterns on glass by etching, sandblasting, or painting designs.",O*NET 31.0 Task Statements,31.0,"BLS Employment Projections Occupation.xlsx Table 1.2, 2025-2035",59.2,60.3,3.9,,,,,,,,,unscored_human_template,human-task-exposure-v2.0,true,train,47-2121.00
47-2131.00,"Insulation Workers, Floor, Ceiling, and Wall",47-2131,47,13553,"Remove old insulation, such as asbestos, following safety procedures.",O*NET 31.0 Task Statements,31.0,"BLS Employment Projections Occupation.xlsx Table 1.2, 2025-2035",45.1,46.2,3,,,,,,,,,unscored_human_template,human-task-exposure-v2.0,true,train,47-2131.00
47-2131.00,"Insulation Workers, Floor, Ceiling, and Wall",47-2131,47,13549,"Distribute insulating materials evenly into small spaces within floors, ceilings, or walls, using blowers and hose attachments, or cement mortars.",O*NET 31.0 Task Statements,31.0,"BLS Employment Projections Occupation.xlsx Table 1.2, 2025-2035",45.1,46.2,3,,,,,,,,,unscored_human_template,human-task-exposure-v2.0,true,train,47-2131.00
47-2131.00,"Insulation Workers, Floor, Ceiling, and Wall",47-2131,47,13552,"Prepare surfaces for insulation application by brushing or spreading on adhesives, cement, or asphalt, or by attaching metal pins to surfaces.",O*NET 31.0 Task Statements,31.0,"BLS Employment Projections Occupation.xlsx Table 1.2, 2025-2035",45.1,46.2,3,,,,,,,,,unscored_human_template,human-task-exposure-v2.0,true,train,47-2131.00
47-2141.00,"Painters, Construction and Maintenance",47-2141,47,11519,"Wash and treat surfaces with oil, turpentine, mildew remover, or other preparations, and sand rough spots to ensure that finishes will adhere properly.",O*NET 31.0 Task Statements,31.0,"BLS Employment Projections Occupation.xlsx Table 1.2, 2025-2035",326.9,336.7,24.9,,,,,,,,,unscored_human_template,human-task-exposure-v2.0,true,train,47-2141.00
47-2141.00,"Painters, Construction and Maintenance",47-2141,47,11513,"Apply primers or sealers to prepare new surfaces, such as bare wood or metal, for finish coats.",O*NET 31.0 Task Statements,31.0,"BLS Employment Projections Occupation.xlsx Table 1.2, 2025-2035",326.9,336.7,24.9,,,,,,,,,unscored_human_template,human-task-exposure-v2.0,true,train,47-2141.00
47-2141.00,"Painters, Construction and Maintenance",47-2141,47,11527,Cut stencils and brush or spray lettering or decorations on surfaces.,O*NET 31.0 Task Statements,31.0,"BLS Employment Projections Occupation.xlsx Table 1.2, 2025-2035",326.9,336.7,24.9,,,,,,,,,unscored_human_template,human-task-exposure-v2.0,true,train,47-2141.00
47-2151.00,Pipelayers,47-2151,47,11530,"Check slopes for conformance to requirements, using levels or lasers.",O*NET 31.0 Task Statements,31.0,"BLS Employment Projections Occupation.xlsx Table 1.2, 2025-2035",33.2,32.2,2.1,,,,,,,,,unscored_human_template,human-task-exposure-v2.0,true,train,47-2151.00
47-2151.00,Pipelayers,47-2151,47,11543,"Locate existing pipes needing repair or replacement, using magnetic or radio indicators.",O*NET 31.0 Task Statements,31.0,"BLS Employment Projections Occupation.xlsx Table 1.2, 2025-2035",33.2,32.2,2.1,,,,,,,,,unscored_human_template,human-task-exposure-v2.0,true,train,47-2151.00
47-2151.00,Pipelayers,47-2151,47,11538,Align and position pipes to prepare them for welding or sealing.,O*NET 31.0 Task Statements,31.0,"BLS Employment Projections Occupation.xlsx Table 1.2, 2025-2035",33.2,32.2,2.1,,,,,,,,,unscored_human_template,human-task-exposure-v2.0,true,train,47-2151.00
47-2152.00,"Plumbers, Pipefitters, and Steamfitters",47-2152,47,23459,"Cut, thread, or hammer pipes to specifications, using tools such as saws, cutting torches, pipe threaders, or pipe benders.",O*NET 31.0 Task Statements,31.0,"BLS Employment Projections Occupation.xlsx Table 1.2, 2025-2035",510.6,545.2,42,,,,,,,,,unscored_human_template,human-task-exposure-v2.0,true,train,47-2152.00
47-2152.00,"Plumbers, Pipefitters, and Steamfitters",47-2152,47,23488,Repair or remove and replace system components.,O*NET 31.0 Task Statements,31.0,"BLS Employment Projections Occupation.xlsx Table 1.2, 2025-2035",510.6,545.2,42,,,,,,,,,unscored_human_template,human-task-exposure-v2.0,true,train,47-2152.00
47-2152.00,"Plumbers, Pipefitters, and Steamfitters",47-2152,47,23482,Inspect work sites for obstructions or holes that could cause structural weakness.,O*NET 31.0 Task Statements,31.0,"BLS Employment Projections Occupation.xlsx Table 1.2, 2025-2035",510.6,545.2,42,,,,,,,,,unscored_human_template,human-task-exposure-v2.0,true,train,47-2152.00
47-2181.00,Roofers,47-2181,47,19851,"Apply reflective roof coatings, such as special paints or single-ply roofing sheets, to existing roofs to reduce solar heat absorption.",O*NET 31.0 Task Statements,31.0,"BLS Employment Projections Occupation.xlsx Table 1.2, 2025-2035",166.9,175.6,12,,,,,,,,,unscored_human_template,human-task-exposure-v2.0,true,train,47-2181.00
47-2181.00,Roofers,47-2181,47,19855,Install skylights on roofs to increase natural light inside structures or to reduce energy costs.,O*NET 31.0 Task Statements,31.0,"BLS Employment Projections Occupation.xlsx Table 1.2, 2025-2035",166.9,175.6,12,,,,,,,,,unscored_human_template,human-task-exposure-v2.0,true,train,47-2181.00
47-2181.00,Roofers,47-2181,47,13591,Mop or pour hot asphalt or tar onto roof bases.,O*NET 31.0 Task Statements,31.0,"BLS Employment Projections Occupation.xlsx Table 1.2, 2025-2035",166.9,175.6,12,,,,,,,,,unscored_human_template,human-task-exposure-v2.0,true,train,47-2181.00
47-2211.00,Sheet Metal Workers,47-2211,47,5179,Transport prefabricated parts to construction sites for assembly and installation.,O*NET 31.0 Task Statements,31.0,"BLS Employment Projections Occupation.xlsx Table 1.2, 2025-2035",131.1,134.4,9.8,,,,,,,,,unscored_human_template,human-task-exposure-v2.0,true,train,47-2211.00
47-2211.00,Sheet Metal Workers,47-2211,47,19858,"Fabricate ducts for high efficiency heating, ventilating, and air conditioning (HVAC) systems to maximize efficiency of systems.",O*NET 31.0 Task Statements,31.0,"BLS Employment Projections Occupation.xlsx Table 1.2, 2025-2035",131.1,134.4,9.8,,,,,,,,,unscored_human_template,human-task-exposure-v2.0,true,train,47-2211.00
47-2211.00,Sheet Metal Workers,47-2211,47,20644,Fasten roof panel edges or machine-made moldings to structures by nailing or welding.,O*NET 31.0 Task Statements,31.0,"BLS Employment Projections Occupation.xlsx Table 1.2, 2025-2035",131.1,134.4,9.8,,,,,,,,,unscored_human_template,human-task-exposure-v2.0,true,train,47-2211.00
47-2221.00,Structural Iron and Steel Workers,47-2221,47,11558,Drive drift pins through rivet holes to align rivet holes in structural steel members with corresponding holes in previously placed members.,O*NET 31.0 Task Statements,31.0,"BLS Employment Projections Occupation.xlsx Table 1.2, 2025-2035",68.3,70.4,5.9,,,,,,,,,unscored_human_template,human-task-exposure-v2.0,true,train,47-2221.00
47-2221.00,Structural Iron and Steel Workers,47-2221,47,11556,"Erect metal or precast concrete components for structures, such as buildings, bridges, dams, towers, storage tanks, fences, or highway guard rails.",O*NET 31.0 Task Statements,31.0,"BLS Employment Projections Occupation.xlsx Table 1.2, 2025-2035",68.3,70.4,5.9,,,,,,,,,unscored_human_template,human-task-exposure-v2.0,true,train,47-2221.00
47-2221.00,Structural Iron and Steel Workers,47-2221,47,11560,"Insert sealing strips, wiring, insulating material, ladders, flanges, gauges, or valves, depending on types of structures being assembled.",O*NET 31.0 Task Statements,31.0,"BLS Employment Projections Occupation.xlsx Table 1.2, 2025-2035",68.3,70.4,5.9,,,,,,,,,unscored_human_template,human-task-exposure-v2.0,true,train,47-2221.00
47-2231.00,Solar Photovoltaic Installers,47-2231,47,17751,Examine designs to determine current requirements for all parts of the photovoltaic (PV) system electrical circuit.,O*NET 31.0 Task Statements,31.0,"BLS Employment Projections Occupation.xlsx Table 1.2, 2025-2035",31.1,42.4,4.2,,,,,,,,,unscored_human_template,human-task-exposure-v2.0,true,train,47-2231.00
47-2231.00,Solar Photovoltaic Installers,47-2231,47,17745,"Apply weather sealing to array, building, or support mechanisms.",O*NET 31.0 Task Statements,31.0,"BLS Employment Projections Occupation.xlsx Table 1.2, 2025-2035",31.1,42.4,4.2,,,,,,,,,unscored_human_template,human-task-exposure-v2.0,true,train,47-2231.00
47-2231.00,Solar Photovoltaic Installers,47-2231,47,17741,"Install active solar systems, including solar collectors, concentrators, pumps, or fans.",O*NET 31.0 Task Statements,31.0,"BLS Employment Projections Occupation.xlsx Table 1.2, 2025-2035",31.1,42.4,4.2,,,,,,,,,unscored_human_template,human-task-exposure-v2.0,true,train,47-2231.00
47-3012.00,Helpers--Carpenters,47-3012,47,20443,Drill holes in timbers or lumber.,O*NET 31.0 Task Statements,31.0,"BLS Employment Projections Occupation.xlsx Table 1.2, 2025-2035",21.9,21.5,2,,,,,,,,,unscored_human_template,human-task-exposure-v2.0,true,train,47-3012.00
47-3012.00,Helpers--Carpenters,47-3012,47,8280,Glue and clamp edges or joints of assembled parts.,O*NET 31.0 Task Statements,31.0,"BLS Employment Projections Occupation.xlsx Table 1.2, 2025-2035",21.9,21.5,2,,,,,,,,,unscored_human_template,human-task-exposure-v2.0,true,train,47-3012.00
47-3012.00,Helpers--Carpenters,47-3012,47,8283,Cover surfaces with laminated plastic covering material.,O*NET 31.0 Task Statements,31.0,"BLS Employment Projections Occupation.xlsx Table 1.2, 2025-2035",21.9,21.5,2,,,,,,,,,unscored_human_template,human-task-exposure-v2.0,true,train,47-3012.00
47-3013.00,Helpers--Electricians,47-3013,47,4832,"Trace out short circuits in wiring, using test meter.",O*NET 31.0 Task Statements,31.0,"BLS Employment Projections Occupation.xlsx Table 1.2, 2025-2035",65,65.4,6.1,,,,,,,,,unscored_human_template,human-task-exposure-v2.0,true,train,47-3013.00
47-3013.00,Helpers--Electricians,47-3013,47,4846,"Install copper-clad ground rods, using a manual post driver.",O*NET 31.0 Task Statements,31.0,"BLS Employment Projections Occupation.xlsx Table 1.2, 2025-2035",65,65.4,6.1,,,,,,,,,unscored_human_template,human-task-exposure-v2.0,true,train,47-3013.00
47-3013.00,Helpers--Electricians,47-3013,47,4849,"Requisition materials, using warehouse requisition or release forms.",O*NET 31.0 Task Statements,31.0,"BLS Employment Projections Occupation.xlsx Table 1.2, 2025-2035",65,65.4,6.1,,,,,,,,,unscored_human_template,human-task-exposure-v2.0,true,train,47-3013.00
47-3015.00,"Helpers--Pipelayers, Plumbers, Pipefitters, and Steamfitters",47-3015,47,4863,"Excavate and grade ditches, and lay and join pipe for water and sewer service.",O*NET 31.0 Task Statements,31.0,"BLS Employment Projections Occupation.xlsx Table 1.2, 2025-2035",45.3,46.4,4.4,,,,,,,,,unscored_human_template,human-task-exposure-v2.0,true,train,47-3015.00
47-3015.00,"Helpers--Pipelayers, Plumbers, Pipefitters, and Steamfitters",47-3015,47,4860,"Requisition tools and equipment, select type and size of pipe, and collect and transport materials and equipment to work site.",O*NET 31.0 Task Statements,31.0,"BLS Employment Projections Occupation.xlsx Table 1.2, 2025-2035",45.3,46.4,4.4,,,,,,,,,unscored_human_template,human-task-exposure-v2.0,true,train,47-3015.00
47-3015.00,"Helpers--Pipelayers, Plumbers, Pipefitters, and Steamfitters",47-3015,47,4868,"Immerse pipe in chemical solution to remove dirt, oil, and scale.",O*NET 31.0 Task Statements,31.0,"BLS Employment Projections Occupation.xlsx Table 1.2, 2025-2035",45.3,46.4,4.4,,,,,,,,,unscored_human_template,human-task-exposure-v2.0,true,train,47-3015.00
47-3016.00,Helpers--Roofers,47-3016,47,14936,"Provide assistance to skilled roofers installing and repairing roofs, flashings, and surfaces.",O*NET 31.0 Task Statements,31.0,"BLS Employment Projections Occupation.xlsx Table 1.2, 2025-2035",6.1,6.1,0.6,,,,,,,,,unscored_human_template,human-task-exposure-v2.0,true,train,47-3016.00
47-3016.00,Helpers--Roofers,47-3016,47,14931,"Cover roofs with layers of roofing felt or asphalt strips before installing tile, slate, or composition materials.",O*NET 31.0 Task Statements,31.0,"BLS Employment Projections Occupation.xlsx Table 1.2, 2025-2035",6.1,6.1,0.6,,,,,,,,,unscored_human_template,human-task-exposure-v2.0,true,train,47-3016.00
47-3016.00,Helpers--Roofers,47-3016,47,14935,"Place tiles, nail them to roof boards, and cover nailheads with roofing cement.",O*NET 31.0 Task Statements,31.0,"BLS Employment Projections Occupation.xlsx Table 1.2, 2025-2035",6.1,6.1,0.6,,,,,,,,,unscored_human_template,human-task-exposure-v2.0,true,train,47-3016.00
47-4011.00,Construction and Building Inspectors,47-4011,47,870,Maintain daily logs and supplement inspection records with photographs.,O*NET 31.0 Task Statements,31.0,"BLS Employment Projections Occupation.xlsx Table 1.2, 2025-2035",153.9,153.9,14.8,,,,,,,,,unscored_human_template,human-task-exposure-v2.0,true,train,47-4011.00
47-4011.00,Construction and Building Inspectors,47-4011,47,880,"Train, direct, or supervise other construction inspectors.",O*NET 31.0 Task Statements,31.0,"BLS Employment Projections Occupation.xlsx Table 1.2, 2025-2035",153.9,153.9,14.8,,,,,,,,,unscored_human_template,human-task-exposure-v2.0,true,train,47-4011.00
47-4011.00,Construction and Building Inspectors,47-4011,47,19866,Monitor construction activities to ensure that environmental regulations are not violated.,O*NET 31.0 Task Statements,31.0,"BLS Employment Projections Occupation.xlsx Table 1.2, 2025-2035",153.9,153.9,14.8,,,,,,,,,unscored_human_template,human-task-exposure-v2.0,true,train,47-4011.00
47-4011.01,Energy Auditors,47-4011,47,18073,"Inspect or evaluate building envelopes, mechanical systems, electrical systems, or process systems to determine the energy consumption of each system.",O*NET 31.0 Task Statements,31.0,"BLS Employment Projections Occupation.xlsx Table 1.2, 2025-2035",153.9,153.9,14.8,,,,,,,,,unscored_human_template,human-task-exposure-v2.0,true,train,47-4011.01
47-4011.01,Energy Auditors,47-4011,47,18078,Collect and analyze field data related to energy usage.,O*NET 31.0 Task Statements,31.0,"BLS Employment Projections Occupation.xlsx Table 1.2, 2025-2035",153.9,153.9,14.8,,,,,,,,,unscored_human_template,human-task-exposure-v2.0,true,train,47-4011.01
47-4011.01,Energy Auditors,47-4011,47,19563,Verify income eligibility of participants in publicly financed weatherization programs.,O*NET 31.0 Task Statements,31.0,"BLS Employment Projections Occupation.xlsx Table 1.2, 2025-2035",153.9,153.9,14.8,,,,,,,,,unscored_human_template,human-task-exposure-v2.0,true,train,47-4011.01
47-4041.00,Hazardous Materials Removal Workers,47-4041,47,19869,Clean mold-contaminated sites by removing damaged porous materials or thoroughly cleaning all contaminated nonporous materials.,O*NET 31.0 Task Statements,31.0,"BLS Employment Projections Occupation.xlsx Table 1.2, 2025-2035",52.7,53.5,4.3,,,,,,,,,unscored_human_template,human-task-exposure-v2.0,true,train,47-4041.00
47-4041.00,Hazardous Materials Removal Workers,47-4041,47,11587,"Operate machines or equipment to remove, package, store, or transport loads of waste materials.",O*NET 31.0 Task Statements,31.0,"BLS Employment Projections Occupation.xlsx Table 1.2, 2025-2035",52.7,53.5,4.3,,,,,,,,,unscored_human_template,human-task-exposure-v2.0,true,train,47-4041.00
47-4041.00,Hazardous Materials Removal Workers,47-4041,47,19871,"Process e-waste, such as computer components containing lead or mercury.",O*NET 31.0 Task Statements,31.0,"BLS Employment Projections Occupation.xlsx Table 1.2, 2025-2035",52.7,53.5,4.3,,,,,,,,,unscored_human_template,human-task-exposure-v2.0,true,train,47-4041.00
47-4051.00,Highway Maintenance Workers,47-4051,47,4877,"Haul and spread sand, gravel, and clay to fill washouts and repair road shoulders.",O*NET 31.0 Task Statements,31.0,"BLS Employment Projections Occupation.xlsx Table 1.2, 2025-2035",161.8,167.3,11.8,,,,,,,,,unscored_human_template,human-task-exposure-v2.0,true,train,47-4051.00
47-4051.00,Highway Maintenance Workers,47-4051,47,4871,Flag motorists to warn them of obstacles or repair work ahead.,O*NET 31.0 Task Statements,31.0,"BLS Employment Projections Occupation.xlsx Table 1.2, 2025-2035",161.8,167.3,11.8,,,,,,,,,unscored_human_template,human-task-exposure-v2.0,true,train,47-4051.00
47-4051.00,Highway Maintenance Workers,47-4051,47,4883,Inspect markers to verify accurate installation.,O*NET 31.0 Task Statements,31.0,"BLS Employment Projections Occupation.xlsx Table 1.2, 2025-2035",161.8,167.3,11.8,,,,,,,,,unscored_human_template,human-task-exposure-v2.0,true,train,47-4051.00
47-4061.00,Rail-Track Laying and Maintenance Equipment Operators,47-4061,47,13648,"Cut rails to specified lengths, using rail saws.",O*NET 31.0 Task Statements,31.0,"BLS Employment Projections Occupation.xlsx Table 1.2, 2025-2035",17.4,17.7,1.2,,,,,,,,,unscored_human_template,human-task-exposure-v2.0,true,train,47-4061.00
47-4061.00,Rail-Track Laying and Maintenance Equipment Operators,47-4061,47,13645,"Repair or adjust track switches, using wrenches and replacement parts.",O*NET 31.0 Task Statements,31.0,"BLS Employment Projections Occupation.xlsx Table 1.2, 2025-2035",17.4,17.7,1.2,,,,,,,,,unscored_human_template,human-task-exposure-v2.0,true,train,47-4061.00
47-4061.00,Rail-Track Laying and Maintenance Equipment Operators,47-4061,47,13662,"Turn wheels of machines, using lever controls, to adjust guidelines for track alignments or grades, following specifications.",O*NET 31.0 Task Statements,31.0,"BLS Employment Projections Occupation.xlsx Table 1.2, 2025-2035",17.4,17.7,1.2,,,,,,,,,unscored_human_template,human-task-exposure-v2.0,true,train,47-4061.00
47-4071.00,Septic Tank Servicers and Sewer Pipe Cleaners,47-4071,47,11602,"Communicate with supervisors and other workers, using equipment such as wireless phones, pagers, or radio telephones.",O*NET 31.0 Task Statements,31.0,"BLS Employment Projections Occupation.xlsx Table 1.2, 2025-2035",31.9,34.4,2.8,,,,,,,,,unscored_human_template,human-task-exposure-v2.0,true,train,47-4071.00
47-4071.00,Septic Tank Servicers and Sewer Pipe Cleaners,47-4071,47,11610,"Clean and repair septic tanks, sewer lines, or related structures such as manholes, culverts, and catch basins.",O*NET 31.0 Task Statements,31.0,"BLS Employment Projections Occupation.xlsx Table 1.2, 2025-2035",31.9,34.4,2.8,,,,,,,,,unscored_human_template,human-task-exposure-v2.0,true,train,47-4071.00
47-4071.00,Septic Tank Servicers and Sewer Pipe Cleaners,47-4071,47,11621,Tap mainline sewers to install sewer saddles.,O*NET 31.0 Task Statements,31.0,"BLS Employment Projections Occupation.xlsx Table 1.2, 2025-2035",31.9,34.4,2.8,,,,,,,,,unscored_human_template,human-task-exposure-v2.0,true,train,47-4071.00
47-4099.03,Weatherization Installers and Technicians,47-4099,47,17801,Contact residents or building owners to schedule appointments.,O*NET 31.0 Task Statements,31.0,"BLS Employment Projections Occupation.xlsx Table 1.2, 2025-2035",,,,,,,,,,,,unscored_human_template,human-task-exposure-v2.0,true,train,47-4099.03
47-4099.03,Weatherization Installers and Technicians,47-4099,47,17797,"Wrap air ducts and water lines with insulating materials, such as duct wrap and pipe insulation.",O*NET 31.0 Task Statements,31.0,"BLS Employment Projections Occupation.xlsx Table 1.2, 2025-2035",,,,,,,,,,,,unscored_human_template,human-task-exposure-v2.0,true,train,47-4099.03
47-4099.03,Weatherization Installers and Technicians,47-4099,47,21204,"Test combustible appliances, such as gas appliances.",O*NET 31.0 Task Statements,31.0,"BLS Employment Projections Occupation.xlsx Table 1.2, 2025-2035",,,,,,,,,,,,unscored_human_template,human-task-exposure-v2.0,true,train,47-4099.03
47-5012.00,"Rotary Drill Operators, Oil and Gas",47-5012,47,8307,"Monitor progress of drilling operations, and select and change drill bits according to the nature of strata, using hand tools.",O*NET 31.0 Task Statements,31.0,"BLS Employment Projections Occupation.xlsx Table 1.2, 2025-2035",12.7,12.9,1.1,,,,,,,,,unscored_human_template,human-task-exposure-v2.0,true,train,47-5012.00
47-5012.00,"Rotary Drill Operators, Oil and Gas",47-5012,47,8303,Start and examine operation of slush pumps to ensure circulation and consistency of drilling fluid or mud in well.,O*NET 31.0 Task Statements,31.0,"BLS Employment Projections Occupation.xlsx Table 1.2, 2025-2035",12.7,12.9,1.1,,,,,,,,,unscored_human_template,human-task-exposure-v2.0,true,train,47-5012.00
47-5012.00,"Rotary Drill Operators, Oil and Gas",47-5012,47,8315,"Plug observation wells, and restore sites.",O*NET 31.0 Task Statements,31.0,"BLS Employment Projections Occupation.xlsx Table 1.2, 2025-2035",12.7,12.9,1.1,,,,,,,,,unscored_human_template,human-task-exposure-v2.0,true,train,47-5012.00
47-5013.00,"Service Unit Operators, Oil and Gas",47-5013,47,7075,Drive truck-mounted units to well sites.,O*NET 31.0 Task Statements,31.0,"BLS Employment Projections Occupation.xlsx Table 1.2, 2025-2035",43.8,44.3,3.8,,,,,,,,,unscored_human_template,human-task-exposure-v2.0,true,train,47-5013.00
47-5013.00,"Service Unit Operators, Oil and Gas",47-5013,47,7088,Interpret instrument readings to ascertain the depth of obstruction.,O*NET 31.0 Task Statements,31.0,"BLS Employment Projections Occupation.xlsx Table 1.2, 2025-2035",43.8,44.3,3.8,,,,,,,,,unscored_human_template,human-task-exposure-v2.0,true,train,47-5013.00
47-5013.00,"Service Unit Operators, Oil and Gas",47-5013,47,7087,Insert detection instruments into wells with obstructions.,O*NET 31.0 Task Statements,31.0,"BLS Employment Projections Occupation.xlsx Table 1.2, 2025-2035",43.8,44.3,3.8,,,,,,,,,unscored_human_template,human-task-exposure-v2.0,true,train,47-5013.00
47-5022.00,"Excavating and Loading Machine and Dragline Operators, Surface Mining",47-5022,47,12783,"Lubricate, adjust, or repair machinery and replace parts, such as gears, bearings, or bucket teeth.",O*NET 31.0 Task Statements,31.0,"BLS Employment Projections Occupation.xlsx Table 1.2, 2025-2035",34.7,35,2.4,,,,,,,,,unscored_human_template,human-task-exposure-v2.0,true,train,47-5022.00
47-5022.00,"Excavating and Loading Machine and Dragline Operators, Surface Mining",47-5022,47,12780,"Become familiar with digging plans, machine capabilities and limitations, and efficient and safe digging procedures in a given application.",O*NET 31.0 Task Statements,31.0,"BLS Employment Projections Occupation.xlsx Table 1.2, 2025-2035",34.7,35,2.4,,,,,,,,,unscored_human_template,human-task-exposure-v2.0,true,train,47-5022.00
47-5022.00,"Excavating and Loading Machine and Dragline Operators, Surface Mining",47-5022,47,12787,Adjust dig face angles for varying overburden depths and set lengths.,O*NET 31.0 Task Statements,31.0,"BLS Employment Projections Occupation.xlsx Table 1.2, 2025-2035",34.7,35,2.4,,,,,,,,,unscored_human_template,human-task-exposure-v2.0,true,train,47-5022.00
47-5023.00,"Earth Drillers, Except Oil and Gas",47-5023,47,13678,"Perform routine maintenance and upgrade work on machines and equipment, such as replacing parts, building up drill bits, and lubricating machinery.",O*NET 31.0 Task Statements,31.0,"BLS Employment Projections Occupation.xlsx Table 1.2, 2025-2035",19.5,20.2,1.4,,,,,,,,,unscored_human_template,human-task-exposure-v2.0,true,train,47-5023.00
47-5023.00,"Earth Drillers, Except Oil and Gas",47-5023,47,13671,"Start, stop, and control drilling speed of machines and insertion of casings into holes.",O*NET 31.0 Task Statements,31.0,"BLS Employment Projections Occupation.xlsx Table 1.2, 2025-2035",19.5,20.2,1.4,,,,,,,,,unscored_human_template,human-task-exposure-v2.0,true,train,47-5023.00
47-5023.00,"Earth Drillers, Except Oil and Gas",47-5023,47,13685,Perform pumping tests to assess well performance.,O*NET 31.0 Task Statements,31.0,"BLS Employment Projections Occupation.xlsx Table 1.2, 2025-2035",19.5,20.2,1.4,,,,,,,,,unscored_human_template,human-task-exposure-v2.0,true,train,47-5023.00
47-5032.00,"Explosives Workers, Ordnance Handling Experts, and Blasters",47-5032,47,9904,Examine blast areas to determine amounts and kinds of explosive charges needed and to ensure that safety laws are observed.,O*NET 31.0 Task Statements,31.0,"BLS Employment Projections Occupation.xlsx Table 1.2, 2025-2035",5.2,5.2,0.4,,,,,,,,,unscored_human_template,human-task-exposure-v2.0,true,train,47-5032.00
47-5032.00,"Explosives Workers, Ordnance Handling Experts, and Blasters",47-5032,47,9913,"Lay primacord between rows of charged blast holes, and tie cord into main lines to form blast patterns.",O*NET 31.0 Task Statements,31.0,"BLS Employment Projections Occupation.xlsx Table 1.2, 2025-2035",5.2,5.2,0.4,,,,,,,,,unscored_human_template,human-task-exposure-v2.0,true,train,47-5032.00
47-5032.00,"Explosives Workers, Ordnance Handling Experts, and Blasters",47-5032,47,9924,"Insert waterproof sealers, bullets, and/or powder charges into guns, and screw gun ports back into place.",O*NET 31.0 Task Statements,31.0,"BLS Employment Projections Occupation.xlsx Table 1.2, 2025-2035",5.2,5.2,0.4,,,,,,,,,unscored_human_template,human-task-exposure-v2.0,true,train,47-5032.00
47-5071.00,"Roustabouts, Oil and Gas",47-5071,47,20145,"Walk flow lines to locate leaks, using electronic detectors and by making visual inspections, and repair the leaks.",O*NET 31.0 Task Statements,31.0,"BLS Employment Projections Occupation.xlsx Table 1.2, 2025-2035",45.5,47.1,4.1,,,,,,,,,unscored_human_template,human-task-exposure-v2.0,true,train,47-5071.00
47-5071.00,"Roustabouts, Oil and Gas",47-5071,47,7115,"Move pipes to and from trucks, using truck winches and motorized lifts, or by hand.",O*NET 31.0 Task Statements,31.0,"BLS Employment Projections Occupation.xlsx Table 1.2, 2025-2035",45.5,47.1,4.1,,,,,,,,,unscored_human_template,human-task-exposure-v2.0,true,train,47-5071.00
47-5071.00,"Roustabouts, Oil and Gas",47-5071,47,7120,Supply equipment to rig floors as requested and provide assistance to roughnecks.,O*NET 31.0 Task Statements,31.0,"BLS Employment Projections Occupation.xlsx Table 1.2, 2025-2035",45.5,47.1,4.1,,,,,,,,,unscored_human_template,human-task-exposure-v2.0,true,train,47-5071.00
49-1011.00,"First-Line Supervisors of Mechanics, Installers, and Repairers",49-1011,49,2921,"Conduct or arrange for worker training in safety, repair, or maintenance techniques, operational procedures, or equipment use.",O*NET 31.0 Task Statements,31.0,"BLS Employment Projections Occupation.xlsx Table 1.2, 2025-2035",629,654.5,48.9,,,,,,,,,unscored_human_template,human-task-exposure-v2.0,true,train,49-1011.00
49-1011.00,"First-Line Supervisors of Mechanics, Installers, and Repairers",49-1011,49,2922,Investigate accidents or injuries and prepare reports of findings.,O*NET 31.0 Task Statements,31.0,"BLS Employment Projections Occupation.xlsx Table 1.2, 2025-2035",629,654.5,48.9,,,,,,,,,unscored_human_template,human-task-exposure-v2.0,true,train,49-1011.00
49-1011.00,"First-Line Supervisors of Mechanics, Installers, and Repairers",49-1011,49,15264,"Review, evaluate, accept, and coordinate completion of work bid from contractors.",O*NET 31.0 Task Statements,31.0,"BLS Employment Projections Occupation.xlsx Table 1.2, 2025-2035",629,654.5,48.9,,,,,,,,,unscored_human_template,human-task-exposure-v2.0,true,train,49-1011.00
49-2011.00,"Computer, Automated Teller, and Office Machine Repairers",49-2011,49,11640,"Clean, oil, or adjust mechanical parts to maintain machines' operating efficiency and to prevent breakdowns.",O*NET 31.0 Task Statements,31.0,"BLS Employment Projections Occupation.xlsx Table 1.2, 2025-2035",72.1,69.9,6.1,,,,,,,,,unscored_human_template,human-task-exposure-v2.0,true,train,49-2011.00
49-2011.00,"Computer, Automated Teller, and Office Machine Repairers",49-2011,49,11632,"Install and configure new equipment, including operating software or peripheral equipment.",O*NET 31.0 Task Statements,31.0,"BLS Employment Projections Occupation.xlsx Table 1.2, 2025-2035",72.1,69.9,6.1,,,,,,,,,unscored_human_template,human-task-exposure-v2.0,true,train,49-2011.00
49-2011.00,"Computer, Automated Teller, and Office Machine Repairers",49-2011,49,11647,Calibrate testing instruments.,O*NET 31.0 Task Statements,31.0,"BLS Employment Projections Occupation.xlsx Table 1.2, 2025-2035",72.1,69.9,6.1,,,,,,,,,unscored_human_template,human-task-exposure-v2.0,true,train,49-2011.00
49-2021.00,"Radio, Cellular, and Tower Equipment Installers and Repairers",49-2021,49,19414,"Take site survey photos or photos of work performed, using digital cameras.",O*NET 31.0 Task Statements,31.0,"BLS Employment Projections Occupation.xlsx Table 1.2, 2025-2035",11.3,11.4,1,,,,,,,,,unscored_human_template,human-task-exposure-v2.0,true,train,49-2021.00
49-2021.00,"Radio, Cellular, and Tower Equipment Installers and Repairers",49-2021,49,19402,"Install all necessary transmission equipment components, including antennas or antenna mounts, surge arrestors, transmission lines, connectors, or tower-mounted amplifiers (TMAs).",O*NET 31.0 Task Statements,31.0,"BLS Employment Projections Occupation.xlsx Table 1.2, 2025-2035",11.3,11.4,1,,,,,,,,,unscored_human_template,human-task-exposure-v2.0,true,train,49-2021.00
49-2021.00,"Radio, Cellular, and Tower Equipment Installers and Repairers",49-2021,49,19400,"Climb communication towers to install, replace, or repair antennas or auxiliary equipment used to transmit and receive radio waves.",O*NET 31.0 Task Statements,31.0,"BLS Employment Projections Occupation.xlsx Table 1.2, 2025-2035",11.3,11.4,1,,,,,,,,,unscored_human_template,human-task-exposure-v2.0,true,train,49-2021.00
49-2091.00,Avionics Technicians,49-2091,49,9934,"Test and troubleshoot instruments, components, and assemblies, using circuit testers, oscilloscopes, or voltmeters.",O*NET 31.0 Task Statements,31.0,"BLS Employment Projections Occupation.xlsx Table 1.2, 2025-2035",19.8,21.6,1.7,,,,,,,,,unscored_human_template,human-task-exposure-v2.0,true,train,49-2091.00
49-2091.00,Avionics Technicians,49-2091,49,9942,Fabricate parts and test aids as required.,O*NET 31.0 Task Statements,31.0,"BLS Employment Projections Occupation.xlsx Table 1.2, 2025-2035",19.8,21.6,1.7,,,,,,,,,unscored_human_template,human-task-exposure-v2.0,true,train,49-2091.00
49-2091.00,Avionics Technicians,49-2091,49,9935,Keep records of maintenance and repair work.,O*NET 31.0 Task Statements,31.0,"BLS Employment Projections Occupation.xlsx Table 1.2, 2025-2035",19.8,21.6,1.7,,,,,,,,,unscored_human_template,human-task-exposure-v2.0,true,train,49-2091.00
49-2092.00,"Electric Motor, Power Tool, and Related Repairers",49-2092,49,11699,Lubricate moving parts.,O*NET 31.0 Task Statements,31.0,"BLS Employment Projections Occupation.xlsx Table 1.2, 2025-2035",16.1,16.8,1.4,,,,,,,,,unscored_human_template,human-task-exposure-v2.0,true,train,49-2092.00
49-2092.00,"Electric Motor, Power Tool, and Related Repairers",49-2092,49,11694,"Inspect electrical connections, wiring, relays, charging resistance boxes, and storage batteries, following wiring diagrams.",O*NET 31.0 Task Statements,31.0,"BLS Employment Projections Occupation.xlsx Table 1.2, 2025-2035",16.1,16.8,1.4,,,,,,,,,unscored_human_template,human-task-exposure-v2.0,true,train,49-2092.00
49-2092.00,"Electric Motor, Power Tool, and Related Repairers",49-2092,49,11704,"Reface, ream, and polish commutators and machine parts to specified tolerances, using machine tools.",O*NET 31.0 Task Statements,31.0,"BLS Employment Projections Occupation.xlsx Table 1.2, 2025-2035",16.1,16.8,1.4,,,,,,,,,unscored_human_template,human-task-exposure-v2.0,true,train,49-2092.00
49-2094.00,"Electrical and Electronics Repairers, Commercial and Industrial Equipment",49-2094,49,888,Calibrate testing instruments and installed or repaired equipment to prescribed specifications.,O*NET 31.0 Task Statements,31.0,"BLS Employment Projections Occupation.xlsx Table 1.2, 2025-2035",65.5,65.7,4.7,,,,,,,,,unscored_human_template,human-task-exposure-v2.0,true,train,49-2094.00
49-2094.00,"Electrical and Electronics Repairers, Commercial and Industrial Equipment",49-2094,49,891,"Study blueprints, schematics, manuals, or other specifications to determine installation procedures.",O*NET 31.0 Task Statements,31.0,"BLS Employment Projections Occupation.xlsx Table 1.2, 2025-2035",65.5,65.7,4.7,,,,,,,,,unscored_human_template,human-task-exposure-v2.0,true,train,49-2094.00
49-2094.00,"Electrical and Electronics Repairers, Commercial and Industrial Equipment",49-2094,49,900,Sign overhaul documents for equipment replaced or repaired.,O*NET 31.0 Task Statements,31.0,"BLS Employment Projections Occupation.xlsx Table 1.2, 2025-2035",65.5,65.7,4.7,,,,,,,,,unscored_human_template,human-task-exposure-v2.0,true,train,49-2094.00
49-2097.00,Audiovisual Equipment Installers and Repairers,49-2097,49,13746,"Make service calls to repair units in customers' homes, or return units to shops for major repairs.",O*NET 31.0 Task Statements,31.0,"BLS Employment Projections Occupation.xlsx Table 1.2, 2025-2035",22.4,23.4,2.2,,,,,,,,,unscored_human_template,human-task-exposure-v2.0,true,train,49-2097.00
49-2097.00,Audiovisual Equipment Installers and Repairers,49-2097,49,13739,"Calibrate and test equipment, and locate circuit and component faults, using hand and power tools and measuring and testing instruments such as resistance meters and oscilloscopes.",O*NET 31.0 Task Statements,31.0,"BLS Employment Projections Occupation.xlsx Table 1.2, 2025-2035",22.4,23.4,2.2,,,,,,,,,unscored_human_template,human-task-exposure-v2.0,true,train,49-2097.00
49-2097.00,Audiovisual Equipment Installers and Repairers,49-2097,49,13743,Compute cost estimates for labor and materials.,O*NET 31.0 Task Statements,31.0,"BLS Employment Projections Occupation.xlsx Table 1.2, 2025-2035",22.4,23.4,2.2,,,,,,,,,unscored_human_template,human-task-exposure-v2.0,true,train,49-2097.00
49-2098.00,Security and Fire Alarm Systems Installers,49-2098,49,11760,"Mount and fasten control panels, door and window contacts, sensors, or video cameras, and attach electrical and telephone wiring to connect components.",O*NET 31.0 Task Statements,31.0,"BLS Employment Projections Occupation.xlsx Table 1.2, 2025-2035",86.3,92.1,8.5,,,,,,,,,unscored_human_template,human-task-exposure-v2.0,true,train,49-2098.00
49-2098.00,Security and Fire Alarm Systems Installers,49-2098,49,20800,"Test backup batteries, keypad programming, sirens, or other security features to ensure proper functioning or to diagnose malfunctions.",O*NET 31.0 Task Statements,31.0,"BLS Employment Projections Occupation.xlsx Table 1.2, 2025-2035",86.3,92.1,8.5,,,,,,,,,unscored_human_template,human-task-exposure-v2.0,true,train,49-2098.00
49-2098.00,Security and Fire Alarm Systems Installers,49-2098,49,11772,"Prepare documents, such as invoices or warranties.",O*NET 31.0 Task Statements,31.0,"BLS Employment Projections Occupation.xlsx Table 1.2, 2025-2035",86.3,92.1,8.5,,,,,,,,,unscored_human_template,human-task-exposure-v2.0,true,train,49-2098.00
49-3022.00,Automotive Glass Installers and Repairers,49-3022,49,8328,"Remove moldings, clips, windshield wipers, screws, bolts, and inside A-pillar moldings and lower headliners in preparation for installation or repair work.",O*NET 31.0 Task Statements,31.0,"BLS Employment Projections Occupation.xlsx Table 1.2, 2025-2035",22.6,23.9,1.3,,,,,,,,,unscored_human_template,human-task-exposure-v2.0,true,train,49-3022.00
49-3022.00,Automotive Glass Installers and Repairers,49-3022,49,8333,Replace or adjust motorized or manual window-raising mechanisms.,O*NET 31.0 Task Statements,31.0,"BLS Employment Projections Occupation.xlsx Table 1.2, 2025-2035",22.6,23.9,1.3,,,,,,,,,unscored_human_template,human-task-exposure-v2.0,true,train,49-3022.00
49-3022.00,Automotive Glass Installers and Repairers,49-3022,49,8332,Cut flat safety glass according to specified patterns or perform precision pattern making and glass cutting to custom fit replacement windows.,O*NET 31.0 Task Statements,31.0,"BLS Employment Projections Occupation.xlsx Table 1.2, 2025-2035",22.6,23.9,1.3,,,,,,,,,unscored_human_template,human-task-exposure-v2.0,true,train,49-3022.00
49-3023.00,Automotive Service Technicians and Mechanics,49-3023,49,23529,Confer with customers to obtain descriptions of vehicle problems and to discuss work to be performed and future repair requirements.,O*NET 31.0 Task Statements,31.0,"BLS Employment Projections Occupation.xlsx Table 1.2, 2025-2035",825.8,866.7,66.2,,,,,,,,,unscored_human_template,human-task-exposure-v2.0,true,train,49-3023.00
49-3023.00,Automotive Service Technicians and Mechanics,49-3023,49,23533,"Perform routine and scheduled maintenance services, such as oil changes, lubrications, and tune-ups.",O*NET 31.0 Task Statements,31.0,"BLS Employment Projections Occupation.xlsx Table 1.2, 2025-2035",825.8,866.7,66.2,,,,,,,,,unscored_human_template,human-task-exposure-v2.0,true,train,49-3023.00
49-3023.00,Automotive Service Technicians and Mechanics,49-3023,49,23550,Repair or rebuild transmissions.,O*NET 31.0 Task Statements,31.0,"BLS Employment Projections Occupation.xlsx Table 1.2, 2025-2035",825.8,866.7,66.2,,,,,,,,,unscored_human_template,human-task-exposure-v2.0,true,train,49-3023.00
49-3041.00,Farm Equipment Mechanics and Service Technicians,49-3041,49,13750,"Maintain, repair, and overhaul farm machinery and vehicles, such as tractors, harvesters, and irrigation systems.",O*NET 31.0 Task Statements,31.0,"BLS Employment Projections Occupation.xlsx Table 1.2, 2025-2035",41.9,46.4,3.7,,,,,,,,,unscored_human_template,human-task-exposure-v2.0,true,train,49-3041.00
49-3041.00,Farm Equipment Mechanics and Service Technicians,49-3041,49,13758,"Fabricate new metal parts, using drill presses, engine lathes, and other machine tools.",O*NET 31.0 Task Statements,31.0,"BLS Employment Projections Occupation.xlsx Table 1.2, 2025-2035",41.9,46.4,3.7,,,,,,,,,unscored_human_template,human-task-exposure-v2.0,true,train,49-3041.00
49-3041.00,Farm Equipment Mechanics and Service Technicians,49-3041,49,13760,"Install and repair agricultural irrigation, plumbing, and sprinkler systems.",O*NET 31.0 Task Statements,31.0,"BLS Employment Projections Occupation.xlsx Table 1.2, 2025-2035",41.9,46.4,3.7,,,,,,,,,unscored_human_template,human-task-exposure-v2.0,true,train,49-3041.00
49-3042.00,"Mobile Heavy Equipment Mechanics, Except Engines",49-3042,49,3007,"Schedule maintenance for industrial machines and equipment, and keep equipment service records.",O*NET 31.0 Task Statements,31.0,"BLS Employment Projections Occupation.xlsx Table 1.2, 2025-2035",180.3,192.5,15,,,,,,,,,unscored_human_template,human-task-exposure-v2.0,true,train,49-3042.00
49-3042.00,"Mobile Heavy Equipment Mechanics, Except Engines",49-3042,49,3008,"Read and understand operating manuals, blueprints, and technical drawings.",O*NET 31.0 Task Statements,31.0,"BLS Employment Projections Occupation.xlsx Table 1.2, 2025-2035",180.3,192.5,15,,,,,,,,,unscored_human_template,human-task-exposure-v2.0,true,train,49-3042.00
49-3042.00,"Mobile Heavy Equipment Mechanics, Except Engines",49-3042,49,3012,"Weld or solder broken parts and structural members, using electric or gas welders and soldering tools.",O*NET 31.0 Task Statements,31.0,"BLS Employment Projections Occupation.xlsx Table 1.2, 2025-2035",180.3,192.5,15,,,,,,,,,unscored_human_template,human-task-exposure-v2.0,true,train,49-3042.00
49-3043.00,Rail Car Repairers,49-3043,49,9986,"Record conditions of cars, and repair and maintenance work performed or to be performed.",O*NET 31.0 Task Statements,31.0,"BLS Employment Projections Occupation.xlsx Table 1.2, 2025-2035",20.1,20.6,1.6,,,,,,,,,unscored_human_template,human-task-exposure-v2.0,true,train,49-3043.00
49-3043.00,Rail Car Repairers,49-3043,49,9991,"Perform scheduled maintenance, and clean units and components.",O*NET 31.0 Task Statements,31.0,"BLS Employment Projections Occupation.xlsx Table 1.2, 2025-2035",20.1,20.6,1.6,,,,,,,,,unscored_human_template,human-task-exposure-v2.0,true,train,49-3043.00
49-3043.00,Rail Car Repairers,49-3043,49,9997,"Replace defective wiring and insulation, and tighten electrical connections, using hand tools.",O*NET 31.0 Task Statements,31.0,"BLS Employment Projections Occupation.xlsx Table 1.2, 2025-2035",20.1,20.6,1.6,,,,,,,,,unscored_human_template,human-task-exposure-v2.0,true,train,49-3043.00
49-3091.00,Bicycle Repairers,49-3091,49,5184,Install and adjust speed and gear mechanisms.,O*NET 31.0 Task Statements,31.0,"BLS Employment Projections Occupation.xlsx Table 1.2, 2025-2035",12.2,11.5,1.2,,,,,,,,,unscored_human_template,human-task-exposure-v2.0,true,train,49-3091.00
49-3091.00,Bicycle Repairers,49-3091,49,20918,Install new tires and tubes.,O*NET 31.0 Task Statements,31.0,"BLS Employment Projections Occupation.xlsx Table 1.2, 2025-2035",12.2,11.5,1.2,,,,,,,,,unscored_human_template,human-task-exposure-v2.0,true,train,49-3091.00
49-3091.00,Bicycle Repairers,49-3091,49,5192,"Paint bicycle frames, using spray guns or brushes.",O*NET 31.0 Task Statements,31.0,"BLS Employment Projections Occupation.xlsx Table 1.2, 2025-2035",12.2,11.5,1.2,,,,,,,,,unscored_human_template,human-task-exposure-v2.0,true,train,49-3091.00
49-3092.00,Recreational Vehicle Service Technicians,49-3092,49,20804,Diagnose and repair furnace or air conditioning systems.,O*NET 31.0 Task Statements,31.0,"BLS Employment Projections Occupation.xlsx Table 1.2, 2025-2035",17.5,19.2,2.2,,,,,,,,,unscored_human_template,human-task-exposure-v2.0,true,train,49-3092.00
49-3092.00,Recreational Vehicle Service Technicians,49-3092,49,20802,Explain proper operation of vehicle systems to customers.,O*NET 31.0 Task Statements,31.0,"BLS Employment Projections Occupation.xlsx Table 1.2, 2025-2035",17.5,19.2,2.2,,,,,,,,,unscored_human_template,human-task-exposure-v2.0,true,train,49-3092.00
49-3092.00,Recreational Vehicle Service Technicians,49-3092,49,10017,"Seal open sides of modular units to prepare them for shipment, using polyethylene sheets, nails, and hammers.",O*NET 31.0 Task Statements,31.0,"BLS Employment Projections Occupation.xlsx Table 1.2, 2025-2035",17.5,19.2,2.2,,,,,,,,,unscored_human_template,human-task-exposure-v2.0,true,train,49-3092.00
49-3093.00,Tire Repairers and Changers,49-3093,49,8382,"Prepare rims and wheel drums for reassembly by scraping, grinding, or sandblasting.",O*NET 31.0 Task Statements,31.0,"BLS Employment Projections Occupation.xlsx Table 1.2, 2025-2035",112.2,116,12.9,,,,,,,,,unscored_human_template,human-task-exposure-v2.0,true,train,49-3093.00
49-3093.00,Tire Repairers and Changers,49-3093,49,20657,Clean and tidy up the shop.,O*NET 31.0 Task Statements,31.0,"BLS Employment Projections Occupation.xlsx Table 1.2, 2025-2035",112.2,116,12.9,,,,,,,,,unscored_human_template,human-task-exposure-v2.0,true,train,49-3093.00
49-3093.00,Tire Repairers and Changers,49-3093,49,8383,Order replacements for tires or tubes.,O*NET 31.0 Task Statements,31.0,"BLS Employment Projections Occupation.xlsx Table 1.2, 2025-2035",112.2,116,12.9,,,,,,,,,unscored_human_template,human-task-exposure-v2.0,true,train,49-3093.00
49-9011.00,Mechanical Door Repairers,49-9011,49,8396,"Remove or disassemble defective automatic mechanical door closers, using hand tools.",O*NET 31.0 Task Statements,31.0,"BLS Employment Projections Occupation.xlsx Table 1.2, 2025-2035",28.4,30.3,2.1,,,,,,,,,unscored_human_template,human-task-exposure-v2.0,true,train,49-9011.00
49-9011.00,Mechanical Door Repairers,49-9011,49,8387,"Adjust doors to open or close with the correct amount of effort, or make simple adjustments to electric openers.",O*NET 31.0 Task Statements,31.0,"BLS Employment Projections Occupation.xlsx Table 1.2, 2025-2035",28.4,30.3,2.1,,,,,,,,,unscored_human_template,human-task-exposure-v2.0,true,train,49-9011.00
49-9011.00,Mechanical Door Repairers,49-9011,49,8411,"Cover treadles with carpeting or other floor covering materials, and test systems by operating treadles.",O*NET 31.0 Task Statements,31.0,"BLS Employment Projections Occupation.xlsx Table 1.2, 2025-2035",28.4,30.3,2.1,,,,,,,,,unscored_human_template,human-task-exposure-v2.0,true,train,49-9011.00
49-9021.00,"Heating, Air Conditioning, and Refrigeration Mechanics and Installers",49-9021,49,23566,"Install expansion and control valves, using acetylene torches and wrenches.",O*NET 31.0 Task Statements,31.0,"BLS Employment Projections Occupation.xlsx Table 1.2, 2025-2035",440.9,489.1,40.6,,,,,,,,,unscored_human_template,human-task-exposure-v2.0,true,train,49-9021.00
49-9021.00,"Heating, Air Conditioning, and Refrigeration Mechanics and Installers",49-9021,49,23574,"Estimate, order, pick up, deliver, and install materials and supplies needed to maintain equipment in good working condition.",O*NET 31.0 Task Statements,31.0,"BLS Employment Projections Occupation.xlsx Table 1.2, 2025-2035",440.9,489.1,40.6,,,,,,,,,unscored_human_template,human-task-exposure-v2.0,true,train,49-9021.00
49-9021.00,"Heating, Air Conditioning, and Refrigeration Mechanics and Installers",49-9021,49,23581,"Test pipes, lines, components, and connections for leaks.",O*NET 31.0 Task Statements,31.0,"BLS Employment Projections Occupation.xlsx Table 1.2, 2025-2035",440.9,489.1,40.6,,,,,,,,,unscored_human_template,human-task-exposure-v2.0,true,train,49-9021.00
49-9031.00,Home Appliance Repairers,49-9031,49,13792,"Replace worn and defective parts such as switches, bearings, transmissions, belts, gears, circuit boards, or defective wiring.",O*NET 31.0 Task Statements,31.0,"BLS Employment Projections Occupation.xlsx Table 1.2, 2025-2035",40.5,41.3,2.8,,,,,,,,,unscored_human_template,human-task-exposure-v2.0,true,train,49-9031.00
49-9031.00,Home Appliance Repairers,49-9031,49,13797,"Maintain stocks of parts used in on-site installation, maintenance, and repair of appliances.",O*NET 31.0 Task Statements,31.0,"BLS Employment Projections Occupation.xlsx Table 1.2, 2025-2035",40.5,41.3,2.8,,,,,,,,,unscored_human_template,human-task-exposure-v2.0,true,train,49-9031.00
49-9031.00,Home Appliance Repairers,49-9031,49,13809,Install gas pipes and water lines to connect appliances to existing gas lines or plumbing.,O*NET 31.0 Task Statements,31.0,"BLS Employment Projections Occupation.xlsx Table 1.2, 2025-2035",40.5,41.3,2.8,,,,,,,,,unscored_human_template,human-task-exposure-v2.0,true,train,49-9031.00
49-9043.00,"Maintenance Workers, Machinery",49-9043,49,11839,"Transport machine parts, tools, equipment, and other material between work areas and storage, using cranes, hoists, or dollies.",O*NET 31.0 Task Statements,31.0,"BLS Employment Projections Occupation.xlsx Table 1.2, 2025-2035",59.7,58.6,4.4,,,,,,,,,unscored_human_template,human-task-exposure-v2.0,true,train,49-9043.00
49-9043.00,"Maintenance Workers, Machinery",49-9043,49,11831,"Lubricate or apply adhesives or other materials to machines, machine parts, or other equipment according to specified procedures.",O*NET 31.0 Task Statements,31.0,"BLS Employment Projections Occupation.xlsx Table 1.2, 2025-2035",59.7,58.6,4.4,,,,,,,,,unscored_human_template,human-task-exposure-v2.0,true,train,49-9043.00
49-9043.00,"Maintenance Workers, Machinery",49-9043,49,11844,"Measure, mix, prepare, and test chemical solutions used to clean or repair machinery and equipment.",O*NET 31.0 Task Statements,31.0,"BLS Employment Projections Occupation.xlsx Table 1.2, 2025-2035",59.7,58.6,4.4,,,,,,,,,unscored_human_template,human-task-exposure-v2.0,true,train,49-9043.00
49-9051.00,Electrical Power-Line Installers and Repairers,49-9051,49,8412,"Adhere to safety practices and procedures, such as checking equipment regularly and erecting barriers around work areas.",O*NET 31.0 Task Statements,31.0,"BLS Employment Projections Occupation.xlsx Table 1.2, 2025-2035",131.9,145.5,10.9,,,,,,,,,unscored_human_template,human-task-exposure-v2.0,true,train,49-9051.00
49-9051.00,Electrical Power-Line Installers and Repairers,49-9051,49,8433,"Lay underground cable directly in trenches, or string it through conduit running through the trenches.",O*NET 31.0 Task Statements,31.0,"BLS Employment Projections Occupation.xlsx Table 1.2, 2025-2035",131.9,145.5,10.9,,,,,,,,,unscored_human_template,human-task-exposure-v2.0,true,train,49-9051.00
49-9051.00,Electrical Power-Line Installers and Repairers,49-9051,49,8431,"Clean, tin, and splice corresponding conductors by twisting ends together or by joining ends with metal clamps and soldering connections.",O*NET 31.0 Task Statements,31.0,"BLS Employment Projections Occupation.xlsx Table 1.2, 2025-2035",131.9,145.5,10.9,,,,,,,,,unscored_human_template,human-task-exposure-v2.0,true,train,49-9051.00
49-9062.00,Medical Equipment Repairers,49-9062,49,23980,"Inspect, test, or troubleshoot malfunctioning medical or related equipment, following manufacturers' specifications and using test and analysis instruments.",O*NET 31.0 Task Statements,31.0,"BLS Employment Projections Occupation.xlsx Table 1.2, 2025-2035",71.8,80.9,8.2,,,,,,,,,unscored_human_template,human-task-exposure-v2.0,true,train,49-9062.00
49-9062.00,Medical Equipment Repairers,49-9062,49,3067,Explain or demonstrate correct operation or preventive maintenance of medical equipment to personnel.,O*NET 31.0 Task Statements,31.0,"BLS Employment Projections Occupation.xlsx Table 1.2, 2025-2035",71.8,80.9,8.2,,,,,,,,,unscored_human_template,human-task-exposure-v2.0,true,train,49-9062.00
49-9062.00,Medical Equipment Repairers,49-9062,49,3074,Contribute expertise to develop medical maintenance standard operating procedures.,O*NET 31.0 Task Statements,31.0,"BLS Employment Projections Occupation.xlsx Table 1.2, 2025-2035",71.8,80.9,8.2,,,,,,,,,unscored_human_template,human-task-exposure-v2.0,true,train,49-9062.00
49-9063.00,Musical Instrument Repairers and Tuners,49-9063,49,11871,Compare instrument pitches with tuning tool pitches to tune instruments.,O*NET 31.0 Task Statements,31.0,"BLS Employment Projections Occupation.xlsx Table 1.2, 2025-2035",6,6.1,0.6,,,,,,,,,unscored_human_template,human-task-exposure-v2.0,true,train,49-9063.00
49-9063.00,Musical Instrument Repairers and Tuners,49-9063,49,11865,Play instruments to evaluate their sound quality and to locate any defects.,O*NET 31.0 Task Statements,31.0,"BLS Employment Projections Occupation.xlsx Table 1.2, 2025-2035",6,6.1,0.6,,,,,,,,,unscored_human_template,human-task-exposure-v2.0,true,train,49-9063.00
49-9063.00,Musical Instrument Repairers and Tuners,49-9063,49,11898,Assemble and install new pipe organs and pianos in buildings.,O*NET 31.0 Task Statements,31.0,"BLS Employment Projections Occupation.xlsx Table 1.2, 2025-2035",6,6.1,0.6,,,,,,,,,unscored_human_template,human-task-exposure-v2.0,true,train,49-9063.00
49-9071.00,"Maintenance and Repair Workers, General",49-9071,49,3025,Record type and cost of maintenance or repair work.,O*NET 31.0 Task Statements,31.0,"BLS Employment Projections Occupation.xlsx Table 1.2, 2025-2035",1621.8,1690.5,148.7,,,,,,,,,unscored_human_template,human-task-exposure-v2.0,true,train,49-9071.00
49-9071.00,"Maintenance and Repair Workers, General",49-9071,49,3037,"Fabricate or repair counters, benches, partitions, or other wooden structures, such as sheds or outbuildings.",O*NET 31.0 Task Statements,31.0,"BLS Employment Projections Occupation.xlsx Table 1.2, 2025-2035",1621.8,1690.5,148.7,,,,,,,,,unscored_human_template,human-task-exposure-v2.0,true,train,49-9071.00
49-9071.00,"Maintenance and Repair Workers, General",49-9071,49,19897,"Assemble boilers at installation sites, using tools such as levels, plumb bobs, hammers, torches, or other hand tools.",O*NET 31.0 Task Statements,31.0,"BLS Employment Projections Occupation.xlsx Table 1.2, 2025-2035",1621.8,1690.5,148.7,,,,,,,,,unscored_human_template,human-task-exposure-v2.0,true,train,49-9071.00
49-9092.00,Commercial Divers,49-9092,49,13872,"Carry out non-destructive testing, such as tests for cracks on the legs of oil rigs at sea.",O*NET 31.0 Task Statements,31.0,"BLS Employment Projections Occupation.xlsx Table 1.2, 2025-2035",4,4.2,0.4,,,,,,,,,unscored_human_template,human-task-exposure-v2.0,true,train,49-9092.00
49-9092.00,Commercial Divers,49-9092,49,13861,"Cut and weld steel, using underwater welding equipment, jigs, and supports.",O*NET 31.0 Task Statements,31.0,"BLS Employment Projections Occupation.xlsx Table 1.2, 2025-2035",4,4.2,0.4,,,,,,,,,unscored_human_template,human-task-exposure-v2.0,true,train,49-9092.00
49-9092.00,Commercial Divers,49-9092,49,13874,Remove rubbish or pollution from the sea.,O*NET 31.0 Task Statements,31.0,"BLS Employment Projections Occupation.xlsx Table 1.2, 2025-2035",4,4.2,0.4,,,,,,,,,unscored_human_template,human-task-exposure-v2.0,true,train,49-9092.00
49-9094.00,Locksmiths and Safe Repairers,49-9094,49,7125,Keep records of company locks and keys.,O*NET 31.0 Task Statements,31.0,"BLS Employment Projections Occupation.xlsx Table 1.2, 2025-2035",18.7,16.5,1.2,,,,,,,,,unscored_human_template,human-task-exposure-v2.0,true,train,49-9094.00
49-9094.00,Locksmiths and Safe Repairers,49-9094,49,7124,"Cut new or duplicate keys, using key cutting machines.",O*NET 31.0 Task Statements,31.0,"BLS Employment Projections Occupation.xlsx Table 1.2, 2025-2035",18.7,16.5,1.2,,,,,,,,,unscored_human_template,human-task-exposure-v2.0,true,train,49-9094.00
49-9094.00,Locksmiths and Safe Repairers,49-9094,49,7132,"Remove interior and exterior finishes on safes and vaults, and spray on new finishes.",O*NET 31.0 Task Statements,31.0,"BLS Employment Projections Occupation.xlsx Table 1.2, 2025-2035",18.7,16.5,1.2,,,,,,,,,unscored_human_template,human-task-exposure-v2.0,true,train,49-9094.00
49-9098.00,"Helpers--Installation, Maintenance, and Repair Workers",49-9098,49,20153,"Design, weld, and fabricate parts, using blueprints or other mechanical plans.",O*NET 31.0 Task Statements,31.0,"BLS Employment Projections Occupation.xlsx Table 1.2, 2025-2035",97.1,102.2,13.6,,,,,,,,,unscored_human_template,human-task-exposure-v2.0,true,train,49-9098.00
49-9098.00,"Helpers--Installation, Maintenance, and Repair Workers",49-9098,49,20152,Diagnose electrical problems and install and rewire electrical components.,O*NET 31.0 Task Statements,31.0,"BLS Employment Projections Occupation.xlsx Table 1.2, 2025-2035",97.1,102.2,13.6,,,,,,,,,unscored_human_template,human-task-exposure-v2.0,true,train,49-9098.00
49-9098.00,"Helpers--Installation, Maintenance, and Repair Workers",49-9098,49,3088,"Assemble and maintain physical structures, using hand or power tools.",O*NET 31.0 Task Statements,31.0,"BLS Employment Projections Occupation.xlsx Table 1.2, 2025-2035",97.1,102.2,13.6,,,,,,,,,unscored_human_template,human-task-exposure-v2.0,true,train,49-9098.00
51-1011.00,First-Line Supervisors of Production and Operating Workers,51-1011,51,8462,"Determine standards, budgets, production goals, and rates, based on company policies, equipment and labor availability, and workloads.",O*NET 31.0 Task Statements,31.0,"BLS Employment Projections Occupation.xlsx Table 1.2, 2025-2035",679.9,692.3,61,,,,,,,,,unscored_human_template,human-task-exposure-v2.0,true,train,51-1011.00
51-1011.00,First-Line Supervisors of Production and Operating Workers,51-1011,51,8460,"Maintain operations data, such as time, production, and cost records, and prepare management reports of production results.",O*NET 31.0 Task Statements,31.0,"BLS Employment Projections Occupation.xlsx Table 1.2, 2025-2035",679.9,692.3,61,,,,,,,,,unscored_human_template,human-task-exposure-v2.0,true,train,51-1011.00
51-1011.00,First-Line Supervisors of Production and Operating Workers,51-1011,51,8466,"Calculate labor and equipment requirements and production specifications, using standard formulas.",O*NET 31.0 Task Statements,31.0,"BLS Employment Projections Occupation.xlsx Table 1.2, 2025-2035",679.9,692.3,61,,,,,,,,,unscored_human_template,human-task-exposure-v2.0,true,train,51-1011.00
51-2011.00,"Aircraft Structure, Surfaces, Rigging, and Systems Assemblers",51-2011,51,20812,"Adjust, repair, rework, or replace parts or assemblies to ensure proper operation.",O*NET 31.0 Task Statements,31.0,"BLS Employment Projections Occupation.xlsx Table 1.2, 2025-2035",34.4,32.5,3.1,,,,,,,,,unscored_human_template,human-task-exposure-v2.0,true,train,51-2011.00
51-2011.00,"Aircraft Structure, Surfaces, Rigging, and Systems Assemblers",51-2011,51,20810,"Assemble parts, fittings, or subassemblies on aircraft, using layout tools, hand tools, power tools, or fasteners, such as bolts, screws, rivets, or clamps.",O*NET 31.0 Task Statements,31.0,"BLS Employment Projections Occupation.xlsx Table 1.2, 2025-2035",34.4,32.5,3.1,,,,,,,,,unscored_human_template,human-task-exposure-v2.0,true,train,51-2011.00
51-2011.00,"Aircraft Structure, Surfaces, Rigging, and Systems Assemblers",51-2011,51,13930,Fit and fasten sheet metal coverings to surface areas or other sections of aircraft prior to welding or riveting.,O*NET 31.0 Task Statements,31.0,"BLS Employment Projections Occupation.xlsx Table 1.2, 2025-2035",34.4,32.5,3.1,,,,,,,,,unscored_human_template,human-task-exposure-v2.0,true,train,51-2011.00
51-2041.00,Structural Metal Fabricators and Fitters,51-2041,51,10045,"Hammer, chip, and grind workpieces to cut, bend, and straighten metal.",O*NET 31.0 Task Statements,31.0,"BLS Employment Projections Occupation.xlsx Table 1.2, 2025-2035",52.3,49,4.8,,,,,,,,,unscored_human_template,human-task-exposure-v2.0,true,train,51-2041.00
51-2041.00,Structural Metal Fabricators and Fitters,51-2041,51,10053,"Lift or move materials and finished products, using large cranes.",O*NET 31.0 Task Statements,31.0,"BLS Employment Projections Occupation.xlsx Table 1.2, 2025-2035",52.3,49,4.8,,,,,,,,,unscored_human_template,human-task-exposure-v2.0,true,train,51-2041.00
51-2041.00,Structural Metal Fabricators and Fitters,51-2041,51,10057,Erect ladders and scaffolding to fit together large assemblies.,O*NET 31.0 Task Statements,31.0,"BLS Employment Projections Occupation.xlsx Table 1.2, 2025-2035",52.3,49,4.8,,,,,,,,,unscored_human_template,human-task-exposure-v2.0,true,train,51-2041.00
51-3011.00,Bakers,51-3011,51,11919,"Roll, knead, cut, or shape dough to form sweet rolls, pie crusts, tarts, cookies, or other products.",O*NET 31.0 Task Statements,31.0,"BLS Employment Projections Occupation.xlsx Table 1.2, 2025-2035",262.4,276.9,36.5,,,,,,,,,unscored_human_template,human-task-exposure-v2.0,true,train,51-3011.00
51-3011.00,Bakers,51-3011,51,11926,"Set time and speed controls for mixing machines, blending machines, or steam kettles so that ingredients will be mixed or cooked according to instructions.",O*NET 31.0 Task Statements,31.0,"BLS Employment Projections Occupation.xlsx Table 1.2, 2025-2035",262.4,276.9,36.5,,,,,,,,,unscored_human_template,human-task-exposure-v2.0,true,train,51-3011.00
51-3011.00,Bakers,51-3011,51,11931,Develop new recipes for baked goods.,O*NET 31.0 Task Statements,31.0,"BLS Employment Projections Occupation.xlsx Table 1.2, 2025-2035",262.4,276.9,36.5,,,,,,,,,unscored_human_template,human-task-exposure-v2.0,true,train,51-3011.00
51-3021.00,Butchers and Meat Cutters,51-3021,51,8786,"Cut, trim, bone, tie, and grind meats, such as beef, pork, poultry, and fish, to prepare in cooking form.",O*NET 31.0 Task Statements,31.0,"BLS Employment Projections Occupation.xlsx Table 1.2, 2025-2035",138.4,141.7,15.1,,,,,,,,,unscored_human_template,human-task-exposure-v2.0,true,train,51-3021.00
51-3021.00,Butchers and Meat Cutters,51-3021,51,8789,Estimate requirements and order or requisition meat supplies to maintain inventories.,O*NET 31.0 Task Statements,31.0,"BLS Employment Projections Occupation.xlsx Table 1.2, 2025-2035",138.4,141.7,15.1,,,,,,,,,unscored_human_template,human-task-exposure-v2.0,true,train,51-3021.00
51-3021.00,Butchers and Meat Cutters,51-3021,51,8792,Negotiate with representatives from supply companies to determine order details.,O*NET 31.0 Task Statements,31.0,"BLS Employment Projections Occupation.xlsx Table 1.2, 2025-2035",138.4,141.7,15.1,,,,,,,,,unscored_human_template,human-task-exposure-v2.0,true,train,51-3021.00
51-3023.00,Slaughterers and Meat Packers,51-3023,51,13998,"Grind meat into hamburger, and into trimmings used to prepare sausages, luncheon meats, and other meat products.",O*NET 31.0 Task Statements,31.0,"BLS Employment Projections Occupation.xlsx Table 1.2, 2025-2035",71.2,72.6,7.7,,,,,,,,,unscored_human_template,human-task-exposure-v2.0,true,train,51-3023.00
51-3023.00,Slaughterers and Meat Packers,51-3023,51,13987,"Cut, trim, skin, sort, and wash viscera of slaughtered animals to separate edible portions from offal.",O*NET 31.0 Task Statements,31.0,"BLS Employment Projections Occupation.xlsx Table 1.2, 2025-2035",71.2,72.6,7.7,,,,,,,,,unscored_human_template,human-task-exposure-v2.0,true,train,51-3023.00
51-3023.00,Slaughterers and Meat Packers,51-3023,51,13991,Sever jugular veins to drain blood and facilitate slaughtering.,O*NET 31.0 Task Statements,31.0,"BLS Employment Projections Occupation.xlsx Table 1.2, 2025-2035",71.2,72.6,7.7,,,,,,,,,unscored_human_template,human-task-exposure-v2.0,true,train,51-3023.00
51-3091.00,"Food and Tobacco Roasting, Baking, and Drying Machine Operators and Tenders",51-3091,51,10061,"Set temperature and time controls, light ovens, burners, driers, or roasters, and start equipment, such as conveyors, cylinders, blowers, driers, or pumps.",O*NET 31.0 Task Statements,31.0,"BLS Employment Projections Occupation.xlsx Table 1.2, 2025-2035",21.6,21.7,2.5,,,,,,,,,unscored_human_template,human-task-exposure-v2.0,true,train,51-3091.00
51-3091.00,"Food and Tobacco Roasting, Baking, and Drying Machine Operators and Tenders",51-3091,51,10064,"Weigh or measure products, using scale hoppers or scale conveyors.",O*NET 31.0 Task Statements,31.0,"BLS Employment Projections Occupation.xlsx Table 1.2, 2025-2035",21.6,21.7,2.5,,,,,,,,,unscored_human_template,human-task-exposure-v2.0,true,train,51-3091.00
51-3091.00,"Food and Tobacco Roasting, Baking, and Drying Machine Operators and Tenders",51-3091,51,10071,"Push racks or carts to transfer products to storage, cooling stations, or the next stage of processing.",O*NET 31.0 Task Statements,31.0,"BLS Employment Projections Occupation.xlsx Table 1.2, 2025-2035",21.6,21.7,2.5,,,,,,,,,unscored_human_template,human-task-exposure-v2.0,true,train,51-3091.00
51-3092.00,Food Batchmakers,51-3092,51,4941,"Modify cooking and forming operations based on the results of sampling processes, adjusting time cycles and ingredients to achieve desired qualities, such as firmness or texture.",O*NET 31.0 Task Statements,31.0,"BLS Employment Projections Occupation.xlsx Table 1.2, 2025-2035",176.8,188.2,23.1,,,,,,,,,unscored_human_template,human-task-exposure-v2.0,true,train,51-3092.00
51-3092.00,Food Batchmakers,51-3092,51,4928,Turn valve controls to start equipment and to adjust operation to maintain product quality.,O*NET 31.0 Task Statements,31.0,"BLS Employment Projections Occupation.xlsx Table 1.2, 2025-2035",176.8,188.2,23.1,,,,,,,,,unscored_human_template,human-task-exposure-v2.0,true,train,51-3092.00
51-3092.00,Food Batchmakers,51-3092,51,4943,"Manipulate products, by hand or using machines, to separate, spread, knead, spin, cast, cut, pull, or roll products.",O*NET 31.0 Task Statements,31.0,"BLS Employment Projections Occupation.xlsx Table 1.2, 2025-2035",176.8,188.2,23.1,,,,,,,,,unscored_human_template,human-task-exposure-v2.0,true,train,51-3092.00
51-4023.00,"Rolling Machine Setters, Operators, and Tenders, Metal and Plastic",51-4023,51,10104,"Signal and assist other workers to remove and position equipment, fill hoppers, and feed materials into machines.",O*NET 31.0 Task Statements,31.0,"BLS Employment Projections Occupation.xlsx Table 1.2, 2025-2035",25.3,23.2,1.9,,,,,,,,,unscored_human_template,human-task-exposure-v2.0,true,train,51-4023.00
51-4023.00,"Rolling Machine Setters, Operators, and Tenders, Metal and Plastic",51-4023,51,10091,"Adjust and correct machine set-ups to reduce thicknesses, reshape products, and eliminate product defects.",O*NET 31.0 Task Statements,31.0,"BLS Employment Projections Occupation.xlsx Table 1.2, 2025-2035",25.3,23.2,1.9,,,,,,,,,unscored_human_template,human-task-exposure-v2.0,true,train,51-4023.00
51-4023.00,"Rolling Machine Setters, Operators, and Tenders, Metal and Plastic",51-4023,51,10108,"Remove scratches and polish roll surfaces, using polishing stones and electric buffers.",O*NET 31.0 Task Statements,31.0,"BLS Employment Projections Occupation.xlsx Table 1.2, 2025-2035",25.3,23.2,1.9,,,,,,,,,unscored_human_template,human-task-exposure-v2.0,true,train,51-4023.00
51-4031.00,"Cutting, Punching, and Press Machine Setters, Operators, and Tenders, Metal and Plastic",51-4031,51,10113,"Load workpieces, plastic material, or chemical solutions into machines.",O*NET 31.0 Task Statements,31.0,"BLS Employment Projections Occupation.xlsx Table 1.2, 2025-2035",171,153.1,13.2,,,,,,,,,unscored_human_template,human-task-exposure-v2.0,true,train,51-4031.00
51-4031.00,"Cutting, Punching, and Press Machine Setters, Operators, and Tenders, Metal and Plastic",51-4031,51,10111,"Examine completed workpieces for defects, such as chipped edges or marred surfaces and sort defective pieces according to types of flaws.",O*NET 31.0 Task Statements,31.0,"BLS Employment Projections Occupation.xlsx Table 1.2, 2025-2035",171,153.1,13.2,,,,,,,,,unscored_human_template,human-task-exposure-v2.0,true,train,51-4031.00
51-4031.00,"Cutting, Punching, and Press Machine Setters, Operators, and Tenders, Metal and Plastic",51-4031,51,10137,Hone cutters with oilstones to remove nicks.,O*NET 31.0 Task Statements,31.0,"BLS Employment Projections Occupation.xlsx Table 1.2, 2025-2035",171,153.1,13.2,,,,,,,,,unscored_human_template,human-task-exposure-v2.0,true,train,51-4031.00
51-4033.00,"Grinding, Lapping, Polishing, and Buffing Machine Tool Setters, Operators, and Tenders, Metal and Plastic",51-4033,51,10145,"Measure workpieces and lay out work, using precision measuring devices.",O*NET 31.0 Task Statements,31.0,"BLS Employment Projections Occupation.xlsx Table 1.2, 2025-2035",68.5,61.1,4.5,,,,,,,,,unscored_human_template,human-task-exposure-v2.0,true,train,51-4033.00
51-4033.00,"Grinding, Lapping, Polishing, and Buffing Machine Tool Setters, Operators, and Tenders, Metal and Plastic",51-4033,51,10148,"Mount and position tools in machine chucks, spindles, or other tool holding devices, using hand tools.",O*NET 31.0 Task Statements,31.0,"BLS Employment Projections Occupation.xlsx Table 1.2, 2025-2035",68.5,61.1,4.5,,,,,,,,,unscored_human_template,human-task-exposure-v2.0,true,train,51-4033.00
51-4033.00,"Grinding, Lapping, Polishing, and Buffing Machine Tool Setters, Operators, and Tenders, Metal and Plastic",51-4033,51,10153,Slide spacers between buffs on spindles to set spacing.,O*NET 31.0 Task Statements,31.0,"BLS Employment Projections Occupation.xlsx Table 1.2, 2025-2035",68.5,61.1,4.5,,,,,,,,,unscored_human_template,human-task-exposure-v2.0,true,train,51-4033.00
51-4034.00,"Lathe and Turning Machine Tool Setters, Operators, and Tenders, Metal and Plastic",51-4034,51,12004,Turn valve handles to direct the flow of coolant onto work areas or to coat disks with spinning compounds.,O*NET 31.0 Task Statements,31.0,"BLS Employment Projections Occupation.xlsx Table 1.2, 2025-2035",16.7,14.8,1.4,,,,,,,,,unscored_human_template,human-task-exposure-v2.0,true,train,51-4034.00
51-4034.00,"Lathe and Turning Machine Tool Setters, Operators, and Tenders, Metal and Plastic",51-4034,51,11993,Adjust machine controls and change tool settings to keep dimensions within specified tolerances.,O*NET 31.0 Task Statements,31.0,"BLS Employment Projections Occupation.xlsx Table 1.2, 2025-2035",16.7,14.8,1.4,,,,,,,,,unscored_human_template,human-task-exposure-v2.0,true,train,51-4034.00
51-4034.00,"Lathe and Turning Machine Tool Setters, Operators, and Tenders, Metal and Plastic",51-4034,51,11994,"Move controls to set cutting speeds and depths and feed rates, and to position tools in relation to workpieces.",O*NET 31.0 Task Statements,31.0,"BLS Employment Projections Occupation.xlsx Table 1.2, 2025-2035",16.7,14.8,1.4,,,,,,,,,unscored_human_template,human-task-exposure-v2.0,true,train,51-4034.00
51-4041.00,Machinists,51-4041,51,20294,Maintain machine tools in proper operational condition.,O*NET 31.0 Task Statements,31.0,"BLS Employment Projections Occupation.xlsx Table 1.2, 2025-2035",288.3,291.2,26.1,,,,,,,,,unscored_human_template,human-task-exposure-v2.0,true,train,51-4041.00
51-4041.00,Machinists,51-4041,51,3116,Confer with numerical control programmers to check and ensure that new programs or machinery will function properly and that output will meet specifications.,O*NET 31.0 Task Statements,31.0,"BLS Employment Projections Occupation.xlsx Table 1.2, 2025-2035",288.3,291.2,26.1,,,,,,,,,unscored_human_template,human-task-exposure-v2.0,true,train,51-4041.00
51-4041.00,Machinists,51-4041,51,3121,"Install experimental parts or assemblies, such as hydraulic systems, electrical wiring, lubricants, or batteries into machines or mechanisms.",O*NET 31.0 Task Statements,31.0,"BLS Employment Projections Occupation.xlsx Table 1.2, 2025-2035",288.3,291.2,26.1,,,,,,,,,unscored_human_template,human-task-exposure-v2.0,true,train,51-4041.00
51-4072.00,"Molding, Coremaking, and Casting Machine Setters, Operators, and Tenders, Metal and Plastic",51-4072,51,10177,"Turn valves and dials of machines to regulate pressure, temperature, and speed and feed rates, and to set cycle times.",O*NET 31.0 Task Statements,31.0,"BLS Employment Projections Occupation.xlsx Table 1.2, 2025-2035",150,144.9,13.8,,,,,,,,,unscored_human_template,human-task-exposure-v2.0,true,train,51-4072.00
51-4072.00,"Molding, Coremaking, and Casting Machine Setters, Operators, and Tenders, Metal and Plastic",51-4072,51,10186,"Read specifications, blueprints, and work orders to determine setups, temperatures, and time settings required to mold, form, or cast plastic materials, as well as to plan production sequences.",O*NET 31.0 Task Statements,31.0,"BLS Employment Projections Occupation.xlsx Table 1.2, 2025-2035",150,144.9,13.8,,,,,,,,,unscored_human_template,human-task-exposure-v2.0,true,train,51-4072.00
51-4072.00,"Molding, Coremaking, and Casting Machine Setters, Operators, and Tenders, Metal and Plastic",51-4072,51,10176,"Position and secure workpieces on machines, and start feeding mechanisms.",O*NET 31.0 Task Statements,31.0,"BLS Employment Projections Occupation.xlsx Table 1.2, 2025-2035",150,144.9,13.8,,,,,,,,,unscored_human_template,human-task-exposure-v2.0,true,train,51-4072.00
51-4081.00,"Multiple Machine Tool Setters, Operators, and Tenders, Metal and Plastic",51-4081,51,10209,"Set up and operate machines, such as lathes, cutters, shears, borers, millers, grinders, presses, drills, or auxiliary machines, to make metallic and plastic workpieces.",O*NET 31.0 Task Statements,31.0,"BLS Employment Projections Occupation.xlsx Table 1.2, 2025-2035",127.1,127.9,11.6,,,,,,,,,unscored_human_template,human-task-exposure-v2.0,true,train,51-4081.00
51-4081.00,"Multiple Machine Tool Setters, Operators, and Tenders, Metal and Plastic",51-4081,51,10208,Read blueprints or job orders to determine product specifications and tooling instructions and to plan operational sequences.,O*NET 31.0 Task Statements,31.0,"BLS Employment Projections Occupation.xlsx Table 1.2, 2025-2035",127.1,127.9,11.6,,,,,,,,,unscored_human_template,human-task-exposure-v2.0,true,train,51-4081.00
51-4081.00,"Multiple Machine Tool Setters, Operators, and Tenders, Metal and Plastic",51-4081,51,23937,Write programs for computer numerical control (CNC) machines to cut metal and plastic materials.,O*NET 31.0 Task Statements,31.0,"BLS Employment Projections Occupation.xlsx Table 1.2, 2025-2035",127.1,127.9,11.6,,,,,,,,,unscored_human_template,human-task-exposure-v2.0,true,train,51-4081.00
51-4111.00,Tool and Die Makers,51-4111,51,8498,"Lift, position, and secure machined parts on surface plates or worktables, using hoists, vises, v-blocks, or angle plates.",O*NET 31.0 Task Statements,31.0,"BLS Employment Projections Occupation.xlsx Table 1.2, 2025-2035",56.7,51.5,4.3,,,,,,,,,unscored_human_template,human-task-exposure-v2.0,true,train,51-4111.00
51-4111.00,Tool and Die Makers,51-4111,51,8500,"Cut, shape, and trim blanks or blocks to specified lengths or shapes, using power saws, power shears, rules, and hand tools.",O*NET 31.0 Task Statements,31.0,"BLS Employment Projections Occupation.xlsx Table 1.2, 2025-2035",56.7,51.5,4.3,,,,,,,,,unscored_human_template,human-task-exposure-v2.0,true,train,51-4111.00
51-4111.00,Tool and Die Makers,51-4111,51,8504,"Develop and design new tools and dies, using computer-aided design software.",O*NET 31.0 Task Statements,31.0,"BLS Employment Projections Occupation.xlsx Table 1.2, 2025-2035",56.7,51.5,4.3,,,,,,,,,unscored_human_template,human-task-exposure-v2.0,true,train,51-4111.00
51-4121.00,"Welders, Cutters, Solderers, and Brazers",51-4121,51,23608,Hammer out bulges or bends in metal workpieces.,O*NET 31.0 Task Statements,31.0,"BLS Employment Projections Occupation.xlsx Table 1.2, 2025-2035",437.7,448.1,40.3,,,,,,,,,unscored_human_template,human-task-exposure-v2.0,true,train,51-4121.00
51-4121.00,"Welders, Cutters, Solderers, and Brazers",51-4121,51,23585,"Recognize, set up, and operate hand and power tools common to the welding trade, such as shielded metal arc and gas metal arc welding equipment.",O*NET 31.0 Task Statements,31.0,"BLS Employment Projections Occupation.xlsx Table 1.2, 2025-2035",437.7,448.1,40.3,,,,,,,,,unscored_human_template,human-task-exposure-v2.0,true,train,51-4121.00
51-4121.00,"Welders, Cutters, Solderers, and Brazers",51-4121,51,23606,"Operate metal shaping, straightening, and bending machines, such as brakes and shears.",O*NET 31.0 Task Statements,31.0,"BLS Employment Projections Occupation.xlsx Table 1.2, 2025-2035",437.7,448.1,40.3,,,,,,,,,unscored_human_template,human-task-exposure-v2.0,true,train,51-4121.00
51-4122.00,"Welding, Soldering, and Brazing Machine Setters, Operators, and Tenders",51-4122,51,10266,Turn and press knobs and buttons or enter operating instructions into computers to adjust and start welding machines.,O*NET 31.0 Task Statements,31.0,"BLS Employment Projections Occupation.xlsx Table 1.2, 2025-2035",32.9,30,2.5,,,,,,,,,unscored_human_template,human-task-exposure-v2.0,true,train,51-4122.00
51-4122.00,"Welding, Soldering, and Brazing Machine Setters, Operators, and Tenders",51-4122,51,10290,"Transfer components, metal products, or assemblies, using moving equipment.",O*NET 31.0 Task Statements,31.0,"BLS Employment Projections Occupation.xlsx Table 1.2, 2025-2035",32.9,30,2.5,,,,,,,,,unscored_human_template,human-task-exposure-v2.0,true,train,51-4122.00
51-4122.00,"Welding, Soldering, and Brazing Machine Setters, Operators, and Tenders",51-4122,51,10278,"Dress electrodes, using tip dressers, files, emery cloths, or dressing wheels.",O*NET 31.0 Task Statements,31.0,"BLS Employment Projections Occupation.xlsx Table 1.2, 2025-2035",32.9,30,2.5,,,,,,,,,unscored_human_template,human-task-exposure-v2.0,true,train,51-4122.00
51-4191.00,"Heat Treating Equipment Setters, Operators, and Tenders, Metal and Plastic",51-4191,51,12094,"Adjust controls to maintain temperatures and heating times, using thermal instruments and charts, dials and gauges of furnaces, and color of stock in furnaces to make setting determinations.",O*NET 31.0 Task Statements,31.0,"BLS Employment Projections Occupation.xlsx Table 1.2, 2025-2035",14.4,13,1.1,,,,,,,,,unscored_human_template,human-task-exposure-v2.0,true,train,51-4191.00
51-4191.00,"Heat Treating Equipment Setters, Operators, and Tenders, Metal and Plastic",51-4191,51,12091,"Remove parts from furnaces after specified times, and air dry or cool parts in water, oil brine, or other baths.",O*NET 31.0 Task Statements,31.0,"BLS Employment Projections Occupation.xlsx Table 1.2, 2025-2035",14.4,13,1.1,,,,,,,,,unscored_human_template,human-task-exposure-v2.0,true,train,51-4191.00
51-4191.00,"Heat Treating Equipment Setters, Operators, and Tenders, Metal and Plastic",51-4191,51,12108,"Heat billets, bars, plates, rods, and other stock to specified temperatures preparatory to forging, rolling, or processing, using oil, gas, or electrical furnaces.",O*NET 31.0 Task Statements,31.0,"BLS Employment Projections Occupation.xlsx Table 1.2, 2025-2035",14.4,13,1.1,,,,,,,,,unscored_human_template,human-task-exposure-v2.0,true,train,51-4191.00
51-4193.00,"Plating Machine Setters, Operators, and Tenders, Metal and Plastic",51-4193,51,10311,Immerse workpieces in coating solutions or liquid metal or plastic for specified times.,O*NET 31.0 Task Statements,31.0,"BLS Employment Projections Occupation.xlsx Table 1.2, 2025-2035",33.3,30.1,2.5,,,,,,,,,unscored_human_template,human-task-exposure-v2.0,true,train,51-4193.00
51-4193.00,"Plating Machine Setters, Operators, and Tenders, Metal and Plastic",51-4193,51,10342,"Remove excess materials or impurities from objects, using air hoses or grinding machines.",O*NET 31.0 Task Statements,31.0,"BLS Employment Projections Occupation.xlsx Table 1.2, 2025-2035",33.3,30.1,2.5,,,,,,,,,unscored_human_template,human-task-exposure-v2.0,true,train,51-4193.00
51-4193.00,"Plating Machine Setters, Operators, and Tenders, Metal and Plastic",51-4193,51,10332,"Mix and test solutions, and turn valves to fill tanks with solutions.",O*NET 31.0 Task Statements,31.0,"BLS Employment Projections Occupation.xlsx Table 1.2, 2025-2035",33.3,30.1,2.5,,,,,,,,,unscored_human_template,human-task-exposure-v2.0,true,train,51-4193.00
51-5112.00,Printing Press Operators,51-5112,51,19425,Input production job settings into workstation terminals that control automated printing systems.,O*NET 31.0 Task Statements,31.0,"BLS Employment Projections Occupation.xlsx Table 1.2, 2025-2035",144,131.4,12.1,,,,,,,,,unscored_human_template,human-task-exposure-v2.0,true,train,51-5112.00
51-5112.00,Printing Press Operators,51-5112,51,19428,Obtain or mix inks and fill ink fountains.,O*NET 31.0 Task Statements,31.0,"BLS Employment Projections Occupation.xlsx Table 1.2, 2025-2035",144,131.4,12.1,,,,,,,,,unscored_human_template,human-task-exposure-v2.0,true,train,51-5112.00
51-5112.00,Printing Press Operators,51-5112,51,19438,"Set up or operate auxiliary equipment, such as cutting, folding, plate-making, drilling, or laminating machines.",O*NET 31.0 Task Statements,31.0,"BLS Employment Projections Occupation.xlsx Table 1.2, 2025-2035",144,131.4,12.1,,,,,,,,,unscored_human_template,human-task-exposure-v2.0,true,train,51-5112.00
51-5113.00,Print Binding and Finishing Workers,51-5113,51,19455,"Set up or operate bindery machines, such as coil binders, thermal or tape binders, plastic comb binders, or specialty binders.",O*NET 31.0 Task Statements,31.0,"BLS Employment Projections Occupation.xlsx Table 1.2, 2025-2035",32.3,26.6,2.3,,,,,,,,,unscored_human_template,human-task-exposure-v2.0,true,train,51-5113.00
51-5113.00,Print Binding and Finishing Workers,51-5113,51,19456,"Set up or operate glue machines by filling glue reservoirs, turning switches to activate heating elements, or adjusting glue flow or conveyor speed.",O*NET 31.0 Task Statements,31.0,"BLS Employment Projections Occupation.xlsx Table 1.2, 2025-2035",32.3,26.6,2.3,,,,,,,,,unscored_human_template,human-task-exposure-v2.0,true,train,51-5113.00
51-5113.00,Print Binding and Finishing Workers,51-5113,51,19451,"Perform highly skilled hand finishing binding operations, such as grooving or lettering.",O*NET 31.0 Task Statements,31.0,"BLS Employment Projections Occupation.xlsx Table 1.2, 2025-2035",32.3,26.6,2.3,,,,,,,,,unscored_human_template,human-task-exposure-v2.0,true,train,51-5113.00
51-6011.00,Laundry and Dry-Cleaning Workers,51-6011,51,12121,"Load articles into washers or dry-cleaning machines, or direct other workers to perform loading.",O*NET 31.0 Task Statements,31.0,"BLS Employment Projections Occupation.xlsx Table 1.2, 2025-2035",204.9,213.7,28.2,,,,,,,,,unscored_human_template,human-task-exposure-v2.0,true,train,51-6011.00
51-6011.00,Laundry and Dry-Cleaning Workers,51-6011,51,12124,"Remove items from washers or dry-cleaning machines, or direct other workers to do so.",O*NET 31.0 Task Statements,31.0,"BLS Employment Projections Occupation.xlsx Table 1.2, 2025-2035",204.9,213.7,28.2,,,,,,,,,unscored_human_template,human-task-exposure-v2.0,true,train,51-6011.00
51-6011.00,Laundry and Dry-Cleaning Workers,51-6011,51,12137,"Mix bleaching agents with hot water in vats, and soak material until it is bleached.",O*NET 31.0 Task Statements,31.0,"BLS Employment Projections Occupation.xlsx Table 1.2, 2025-2035",204.9,213.7,28.2,,,,,,,,,unscored_human_template,human-task-exposure-v2.0,true,train,51-6011.00
51-6021.00,"Pressers, Textile, Garment, and Related Materials",51-6021,51,14042,"Finish pleated garments, determining sizes of pleats from evidence of old pleats or from work orders, using machine presses or hand irons.",O*NET 31.0 Task Statements,31.0,"BLS Employment Projections Occupation.xlsx Table 1.2, 2025-2035",26.3,22.2,2.2,,,,,,,,,unscored_human_template,human-task-exposure-v2.0,true,train,51-6021.00
51-6021.00,"Pressers, Textile, Garment, and Related Materials",51-6021,51,14053,Block or shape knitted garments after cleaning.,O*NET 31.0 Task Statements,31.0,"BLS Employment Projections Occupation.xlsx Table 1.2, 2025-2035",26.3,22.2,2.2,,,,,,,,,unscored_human_template,human-task-exposure-v2.0,true,train,51-6021.00
51-6021.00,"Pressers, Textile, Garment, and Related Materials",51-6021,51,14059,"Examine and measure finished articles to verify conformance to standards, using measuring devices such as tape measures and micrometers.",O*NET 31.0 Task Statements,31.0,"BLS Employment Projections Occupation.xlsx Table 1.2, 2025-2035",26.3,22.2,2.2,,,,,,,,,unscored_human_template,human-task-exposure-v2.0,true,train,51-6021.00
51-6031.00,Sewing Machine Operators,51-6031,51,12159,Cut excess material or thread from finished products.,O*NET 31.0 Task Statements,31.0,"BLS Employment Projections Occupation.xlsx Table 1.2, 2025-2035",117.2,99.5,9.8,,,,,,,,,unscored_human_template,human-task-exposure-v2.0,true,train,51-6031.00
51-6031.00,Sewing Machine Operators,51-6031,51,12155,Record quantities of materials processed.,O*NET 31.0 Task Statements,31.0,"BLS Employment Projections Occupation.xlsx Table 1.2, 2025-2035",117.2,99.5,9.8,,,,,,,,,unscored_human_template,human-task-exposure-v2.0,true,train,51-6031.00
51-6031.00,Sewing Machine Operators,51-6031,51,12168,"Position material or articles in clamps, templates, or hoop frames prior to automatic operation of machines.",O*NET 31.0 Task Statements,31.0,"BLS Employment Projections Occupation.xlsx Table 1.2, 2025-2035",117.2,99.5,9.8,,,,,,,,,unscored_human_template,human-task-exposure-v2.0,true,train,51-6031.00
51-6041.00,Shoe and Leather Workers and Repairers,51-6041,51,14063,"Construct, decorate, or repair leather products according to specifications, using sewing machines, needles and thread, leather lacing, glue, clamps, hand tools, or rivets.",O*NET 31.0 Task Statements,31.0,"BLS Employment Projections Occupation.xlsx Table 1.2, 2025-2035",10.3,9.6,1,,,,,,,,,unscored_human_template,human-task-exposure-v2.0,true,train,51-6041.00
51-6041.00,Shoe and Leather Workers and Repairers,51-6041,51,14064,"Align and stitch or glue materials such as fabric, fleece, leather, or wood, to join parts.",O*NET 31.0 Task Statements,31.0,"BLS Employment Projections Occupation.xlsx Table 1.2, 2025-2035",10.3,9.6,1,,,,,,,,,unscored_human_template,human-task-exposure-v2.0,true,train,51-6041.00
51-6041.00,Shoe and Leather Workers and Repairers,51-6041,51,14069,"Attach insoles to shoe lasts, affix shoe uppers, and apply heels and outsoles.",O*NET 31.0 Task Statements,31.0,"BLS Employment Projections Occupation.xlsx Table 1.2, 2025-2035",10.3,9.6,1,,,,,,,,,unscored_human_template,human-task-exposure-v2.0,true,train,51-6041.00
51-6052.00,"Tailors, Dressmakers, and Custom Sewers",51-6052,51,12175,Fit and study garments on customers to determine required alterations.,O*NET 31.0 Task Statements,31.0,"BLS Employment Projections Occupation.xlsx Table 1.2, 2025-2035",33.2,30.3,3.7,,,,,,,,,unscored_human_template,human-task-exposure-v2.0,true,train,51-6052.00
51-6052.00,"Tailors, Dressmakers, and Custom Sewers",51-6052,51,12179,Let out or take in seams in suits and other garments to improve fit.,O*NET 31.0 Task Statements,31.0,"BLS Employment Projections Occupation.xlsx Table 1.2, 2025-2035",33.2,30.3,3.7,,,,,,,,,unscored_human_template,human-task-exposure-v2.0,true,train,51-6052.00
51-6052.00,"Tailors, Dressmakers, and Custom Sewers",51-6052,51,12177,"Measure parts, such as sleeves or pant legs, and mark or pin-fold alteration lines.",O*NET 31.0 Task Statements,31.0,"BLS Employment Projections Occupation.xlsx Table 1.2, 2025-2035",33.2,30.3,3.7,,,,,,,,,unscored_human_template,human-task-exposure-v2.0,true,train,51-6052.00
51-6061.00,Textile Bleaching and Dyeing Machine Operators and Tenders,51-6061,51,14121,"Add dyes, water, detergents, or chemicals to tanks to dilute or strengthen solutions, according to established formulas and solution test results.",O*NET 31.0 Task Statements,31.0,"BLS Employment Projections Occupation.xlsx Table 1.2, 2025-2035",5.7,5,0.6,,,,,,,,,unscored_human_template,human-task-exposure-v2.0,true,train,51-6061.00
51-6061.00,Textile Bleaching and Dyeing Machine Operators and Tenders,51-6061,51,14124,"Observe display screens, control panels, equipment, and cloth entering or exiting processes to determine if equipment is operating correctly.",O*NET 31.0 Task Statements,31.0,"BLS Employment Projections Occupation.xlsx Table 1.2, 2025-2035",5.7,5,0.6,,,,,,,,,unscored_human_template,human-task-exposure-v2.0,true,train,51-6061.00
51-6061.00,Textile Bleaching and Dyeing Machine Operators and Tenders,51-6061,51,14136,"Sew ends of cloth together, by hand or using machines, to form endless lengths of cloth to facilitate processing.",O*NET 31.0 Task Statements,31.0,"BLS Employment Projections Occupation.xlsx Table 1.2, 2025-2035",5.7,5,0.6,,,,,,,,,unscored_human_template,human-task-exposure-v2.0,true,train,51-6061.00
51-6062.00,"Textile Cutting Machine Setters, Operators, and Tenders",51-6062,51,14147,"Repair or replace worn or defective parts or components, using hand tools.",O*NET 31.0 Task Statements,31.0,"BLS Employment Projections Occupation.xlsx Table 1.2, 2025-2035",9.4,8.2,0.9,,,,,,,,,unscored_human_template,human-task-exposure-v2.0,true,train,51-6062.00
51-6062.00,"Textile Cutting Machine Setters, Operators, and Tenders",51-6062,51,21156,Inspect products to ensure that the quality standards and specifications are met.,O*NET 31.0 Task Statements,31.0,"BLS Employment Projections Occupation.xlsx Table 1.2, 2025-2035",9.4,8.2,0.9,,,,,,,,,unscored_human_template,human-task-exposure-v2.0,true,train,51-6062.00
51-6062.00,"Textile Cutting Machine Setters, Operators, and Tenders",51-6062,51,14156,"Operate machines to cut multiple layers of fabric into parts for articles such as canvas goods, house furnishings, garments, hats, or stuffed toys.",O*NET 31.0 Task Statements,31.0,"BLS Employment Projections Occupation.xlsx Table 1.2, 2025-2035",9.4,8.2,0.9,,,,,,,,,unscored_human_template,human-task-exposure-v2.0,true,train,51-6062.00
51-6064.00,"Textile Winding, Twisting, and Drawing Out Machine Setters, Operators, and Tenders",51-6064,51,14190,"Thread yarn, thread, or fabric through guides, needles, and rollers of machines.",O*NET 31.0 Task Statements,31.0,"BLS Employment Projections Occupation.xlsx Table 1.2, 2025-2035",23.5,21,2.4,,,,,,,,,unscored_human_template,human-task-exposure-v2.0,true,train,51-6064.00
51-6064.00,"Textile Winding, Twisting, and Drawing Out Machine Setters, Operators, and Tenders",51-6064,51,14184,"Start machines, monitor operation, and make adjustments as needed.",O*NET 31.0 Task Statements,31.0,"BLS Employment Projections Occupation.xlsx Table 1.2, 2025-2035",23.5,21,2.4,,,,,,,,,unscored_human_template,human-task-exposure-v2.0,true,train,51-6064.00
51-6064.00,"Textile Winding, Twisting, and Drawing Out Machine Setters, Operators, and Tenders",51-6064,51,14185,"Tend machines with multiple winding units that wind thread onto shuttle bobbins for use on sewing machines or other kinds of bobbins for sole-stitching, knitting, or weaving machinery.",O*NET 31.0 Task Statements,31.0,"BLS Employment Projections Occupation.xlsx Table 1.2, 2025-2035",23.5,21,2.4,,,,,,,,,unscored_human_template,human-task-exposure-v2.0,true,train,51-6064.00
51-6091.00,"Extruding and Forming Machine Setters, Operators, and Tenders, Synthetic and Glass Fibers",51-6091,51,14208,"Set up, operate, or tend machines that extrude and form filaments from synthetic materials such as rayon, fiberglass, or liquid polymers.",O*NET 31.0 Task Statements,31.0,"BLS Employment Projections Occupation.xlsx Table 1.2, 2025-2035",13.5,13,1.1,,,,,,,,,unscored_human_template,human-task-exposure-v2.0,true,train,51-6091.00
51-6091.00,"Extruding and Forming Machine Setters, Operators, and Tenders, Synthetic and Glass Fibers",51-6091,51,14211,Move controls to activate and adjust extruding and forming machines.,O*NET 31.0 Task Statements,31.0,"BLS Employment Projections Occupation.xlsx Table 1.2, 2025-2035",13.5,13,1.1,,,,,,,,,unscored_human_template,human-task-exposure-v2.0,true,train,51-6091.00
51-6091.00,"Extruding and Forming Machine Setters, Operators, and Tenders, Synthetic and Glass Fibers",51-6091,51,14215,"Observe flow of finish across finish rollers, and turn valves to adjust flow to specifications.",O*NET 31.0 Task Statements,31.0,"BLS Employment Projections Occupation.xlsx Table 1.2, 2025-2035",13.5,13,1.1,,,,,,,,,unscored_human_template,human-task-exposure-v2.0,true,train,51-6091.00
51-7011.00,Cabinetmakers and Bench Carpenters,51-7011,51,12226,"Repair or alter wooden furniture, cabinetry, fixtures, paneling, or other pieces.",O*NET 31.0 Task Statements,31.0,"BLS Employment Projections Occupation.xlsx Table 1.2, 2025-2035",81.8,79.4,6.9,,,,,,,,,unscored_human_template,human-task-exposure-v2.0,true,train,51-7011.00
51-7011.00,Cabinetmakers and Bench Carpenters,51-7011,51,12213,"Measure and mark dimensions of parts on paper or lumber stock prior to cutting, following blueprints, to ensure a tight fit and quality product.",O*NET 31.0 Task Statements,31.0,"BLS Employment Projections Occupation.xlsx Table 1.2, 2025-2035",81.8,79.4,6.9,,,,,,,,,unscored_human_template,human-task-exposure-v2.0,true,train,51-7011.00
51-7011.00,Cabinetmakers and Bench Carpenters,51-7011,51,12228,"Design furniture, using computer-aided drawing programs.",O*NET 31.0 Task Statements,31.0,"BLS Employment Projections Occupation.xlsx Table 1.2, 2025-2035",81.8,79.4,6.9,,,,,,,,,unscored_human_template,human-task-exposure-v2.0,true,train,51-7011.00
51-7021.00,Furniture Finishers,51-7021,51,14263,"Remove accessories prior to finishing, and mask areas that should not be exposed to finishing processes or substances.",O*NET 31.0 Task Statements,31.0,"BLS Employment Projections Occupation.xlsx Table 1.2, 2025-2035",15.9,15.3,1.5,,,,,,,,,unscored_human_template,human-task-exposure-v2.0,true,train,51-7021.00
51-7021.00,Furniture Finishers,51-7021,51,14254,"Fill and smooth cracks or depressions, remove marks and imperfections, and repair broken parts, using plastic or wood putty, glue, nails, or screws.",O*NET 31.0 Task Statements,31.0,"BLS Employment Projections Occupation.xlsx Table 1.2, 2025-2035",15.9,15.3,1.5,,,,,,,,,unscored_human_template,human-task-exposure-v2.0,true,train,51-7021.00
51-7021.00,Furniture Finishers,51-7021,51,14270,Brush bleaching agents on wood surfaces to restore natural color.,O*NET 31.0 Task Statements,31.0,"BLS Employment Projections Occupation.xlsx Table 1.2, 2025-2035",15.9,15.3,1.5,,,,,,,,,unscored_human_template,human-task-exposure-v2.0,true,train,51-7021.00
51-7032.00,"Patternmakers, Wood",51-7032,51,12240,"Finish completed products or models with shellac, lacquer, wax, or paint.",O*NET 31.0 Task Statements,31.0,"BLS Employment Projections Occupation.xlsx Table 1.2, 2025-2035",0.6,0.6,0.1,,,,,,,,,unscored_human_template,human-task-exposure-v2.0,true,train,51-7032.00
51-7032.00,"Patternmakers, Wood",51-7032,51,12241,Glue fillets along interior angles of patterns.,O*NET 31.0 Task Statements,31.0,"BLS Employment Projections Occupation.xlsx Table 1.2, 2025-2035",0.6,0.6,0.1,,,,,,,,,unscored_human_template,human-task-exposure-v2.0,true,train,51-7032.00
51-7032.00,"Patternmakers, Wood",51-7032,51,12248,Issue patterns to designated machine operators.,O*NET 31.0 Task Statements,31.0,"BLS Employment Projections Occupation.xlsx Table 1.2, 2025-2035",0.6,0.6,0.1,,,,,,,,,unscored_human_template,human-task-exposure-v2.0,true,train,51-7032.00
51-8011.00,Nuclear Power Reactor Operators,51-8011,51,8510,"Note malfunctions of equipment, instruments, or controls and report these conditions to supervisors.",O*NET 31.0 Task Statements,31.0,"BLS Employment Projections Occupation.xlsx Table 1.2, 2025-2035",5.2,4.9,0.4,,,,,,,,,unscored_human_template,human-task-exposure-v2.0,true,train,51-8011.00
51-8011.00,Nuclear Power Reactor Operators,51-8011,51,8509,"Implement operational procedures, such as those controlling start-up or shut-down activities.",O*NET 31.0 Task Statements,31.0,"BLS Employment Projections Occupation.xlsx Table 1.2, 2025-2035",5.2,4.9,0.4,,,,,,,,,unscored_human_template,human-task-exposure-v2.0,true,train,51-8011.00
51-8011.00,Nuclear Power Reactor Operators,51-8011,51,8517,Authorize maintenance activities on units or changes in equipment or system operational status.,O*NET 31.0 Task Statements,31.0,"BLS Employment Projections Occupation.xlsx Table 1.2, 2025-2035",5.2,4.9,0.4,,,,,,,,,unscored_human_template,human-task-exposure-v2.0,true,train,51-8011.00
51-8013.03,Biomass Plant Technicians,51-8013,51,17869,Read and interpret instruction manuals or technical drawings related to biomass-fueled power or biofuels production equipment or processes.,O*NET 31.0 Task Statements,31.0,"BLS Employment Projections Occupation.xlsx Table 1.2, 2025-2035",29.8,28.3,2.3,,,,,,,,,unscored_human_template,human-task-exposure-v2.0,true,train,51-8013.03
51-8013.03,Biomass Plant Technicians,51-8013,51,17864,Operate high-pressure steam boiler or water chiller equipment for electrical cogeneration operations.,O*NET 31.0 Task Statements,31.0,"BLS Employment Projections Occupation.xlsx Table 1.2, 2025-2035",29.8,28.3,2.3,,,,,,,,,unscored_human_template,human-task-exposure-v2.0,true,train,51-8013.03
51-8013.03,Biomass Plant Technicians,51-8013,51,17868,Manage parts and supply inventories for biomass plants.,O*NET 31.0 Task Statements,31.0,"BLS Employment Projections Occupation.xlsx Table 1.2, 2025-2035",29.8,28.3,2.3,,,,,,,,,unscored_human_template,human-task-exposure-v2.0,true,train,51-8013.03
51-8013.04,Hydroelectric Plant Technicians,51-8013,51,17917,"Install or calibrate electrical or mechanical equipment, such as motors, engines, switchboards, relays, switch gears, meters, pumps, hydraulics, or flood channels.",O*NET 31.0 Task Statements,31.0,"BLS Employment Projections Occupation.xlsx Table 1.2, 2025-2035",29.8,28.3,2.3,,,,,,,,,unscored_human_template,human-task-exposure-v2.0,true,train,51-8013.04
51-8013.04,Hydroelectric Plant Technicians,51-8013,51,17923,"Test and repair or replace electrical equipment, such as circuit breakers, station batteries, cable trays, conduits, or control devices.",O*NET 31.0 Task Statements,31.0,"BLS Employment Projections Occupation.xlsx Table 1.2, 2025-2035",29.8,28.3,2.3,,,,,,,,,unscored_human_template,human-task-exposure-v2.0,true,train,51-8013.04
51-8013.04,Hydroelectric Plant Technicians,51-8013,51,17918,"Maintain logs, reports, work requests, or other records of work performed in hydroelectric plants.",O*NET 31.0 Task Statements,31.0,"BLS Employment Projections Occupation.xlsx Table 1.2, 2025-2035",29.8,28.3,2.3,,,,,,,,,unscored_human_template,human-task-exposure-v2.0,true,train,51-8013.04
51-8021.00,Stationary Engineers and Boiler Operators,51-8021,51,10475,Analyze problems and take appropriate action to ensure continuous and reliable operation of equipment and systems.,O*NET 31.0 Task Statements,31.0,"BLS Employment Projections Occupation.xlsx Table 1.2, 2025-2035",31.2,32.2,3.2,,,,,,,,,unscored_human_template,human-task-exposure-v2.0,true,train,51-8021.00
51-8021.00,Stationary Engineers and Boiler Operators,51-8021,51,10476,"Maintain daily logs of operation, maintenance, and safety activities, including test results, instrument readings, and details of equipment malfunctions and maintenance work.",O*NET 31.0 Task Statements,31.0,"BLS Employment Projections Occupation.xlsx Table 1.2, 2025-2035",31.2,32.2,3.2,,,,,,,,,unscored_human_template,human-task-exposure-v2.0,true,train,51-8021.00
51-8021.00,Stationary Engineers and Boiler Operators,51-8021,51,10488,"Supervise the work of assistant stationary engineers, turbine operators, boiler tenders, or air conditioning and refrigeration operators and mechanics.",O*NET 31.0 Task Statements,31.0,"BLS Employment Projections Occupation.xlsx Table 1.2, 2025-2035",31.2,32.2,3.2,,,,,,,,,unscored_human_template,human-task-exposure-v2.0,true,train,51-8021.00
51-8031.00,Water and Wastewater Treatment Plant and System Operators,51-8031,51,927,"Inspect equipment or monitor operating conditions, meters, and gauges to determine load requirements and detect malfunctions.",O*NET 31.0 Task Statements,31.0,"BLS Employment Projections Occupation.xlsx Table 1.2, 2025-2035",131,123.5,10,,,,,,,,,unscored_human_template,human-task-exposure-v2.0,true,train,51-8031.00
51-8031.00,Water and Wastewater Treatment Plant and System Operators,51-8031,51,926,"Operate and adjust controls on equipment to purify and clarify water, process or dispose of sewage, and generate power.",O*NET 31.0 Task Statements,31.0,"BLS Employment Projections Occupation.xlsx Table 1.2, 2025-2035",131,123.5,10,,,,,,,,,unscored_human_template,human-task-exposure-v2.0,true,train,51-8031.00
51-8031.00,Water and Wastewater Treatment Plant and System Operators,51-8031,51,925,"Add chemicals, such as ammonia, chlorine, or lime, to disinfect and deodorize water and other liquids.",O*NET 31.0 Task Statements,31.0,"BLS Employment Projections Occupation.xlsx Table 1.2, 2025-2035",131,123.5,10,,,,,,,,,unscored_human_template,human-task-exposure-v2.0,true,train,51-8031.00
51-8091.00,Chemical Plant and System Operators,51-8091,51,10511,"Supervise the cleaning of towers, strainers, or spray tips.",O*NET 31.0 Task Statements,31.0,"BLS Employment Projections Occupation.xlsx Table 1.2, 2025-2035",16.7,15.9,1.3,,,,,,,,,unscored_human_template,human-task-exposure-v2.0,true,train,51-8091.00
51-8091.00,Chemical Plant and System Operators,51-8091,51,10504,"Inspect operating units, such as towers, soap-spray storage tanks, scrubbers, collectors, or driers to ensure that all are functioning and to maintain maximum efficiency.",O*NET 31.0 Task Statements,31.0,"BLS Employment Projections Occupation.xlsx Table 1.2, 2025-2035",16.7,15.9,1.3,,,,,,,,,unscored_human_template,human-task-exposure-v2.0,true,train,51-8091.00
51-8091.00,Chemical Plant and System Operators,51-8091,51,10495,"Control or operate chemical processes or systems of machines, using panelboards, control boards, or semi-automatic equipment.",O*NET 31.0 Task Statements,31.0,"BLS Employment Projections Occupation.xlsx Table 1.2, 2025-2035",16.7,15.9,1.3,,,,,,,,,unscored_human_template,human-task-exposure-v2.0,true,train,51-8091.00
51-9011.00,Chemical Equipment Operators and Tenders,51-9011,51,12344,"Add treating or neutralizing agents to products, and pump products through filters or centrifuges to remove impurities or to precipitate products.",O*NET 31.0 Task Statements,31.0,"BLS Employment Projections Occupation.xlsx Table 1.2, 2025-2035",140.8,145.8,13.9,,,,,,,,,unscored_human_template,human-task-exposure-v2.0,true,train,51-9011.00
51-9011.00,Chemical Equipment Operators and Tenders,51-9011,51,12340,"Test product samples for specific gravity, chemical characteristics, pH levels, concentrations, or viscosities, or send them to laboratories for testing.",O*NET 31.0 Task Statements,31.0,"BLS Employment Projections Occupation.xlsx Table 1.2, 2025-2035",140.8,145.8,13.9,,,,,,,,,unscored_human_template,human-task-exposure-v2.0,true,train,51-9011.00
51-9011.00,Chemical Equipment Operators and Tenders,51-9011,51,12354,Inventory supplies received and consumed.,O*NET 31.0 Task Statements,31.0,"BLS Employment Projections Occupation.xlsx Table 1.2, 2025-2035",140.8,145.8,13.9,,,,,,,,,unscored_human_template,human-task-exposure-v2.0,true,train,51-9011.00
51-9012.00,"Separating, Filtering, Clarifying, Precipitating, and Still Machine Setters, Operators, and Tenders",51-9012,51,19918,"Operate machines to process materials in compliance with applicable safety, energy, or environmental regulations.",O*NET 31.0 Task Statements,31.0,"BLS Employment Projections Occupation.xlsx Table 1.2, 2025-2035",61.4,57.9,5.2,,,,,,,,,unscored_human_template,human-task-exposure-v2.0,true,train,51-9012.00
51-9012.00,"Separating, Filtering, Clarifying, Precipitating, and Still Machine Setters, Operators, and Tenders",51-9012,51,12365,"Inspect machines or equipment for hazards, operating efficiency, malfunctions, wear, or leaks.",O*NET 31.0 Task Statements,31.0,"BLS Employment Projections Occupation.xlsx Table 1.2, 2025-2035",61.4,57.9,5.2,,,,,,,,,unscored_human_template,human-task-exposure-v2.0,true,train,51-9012.00
51-9012.00,"Separating, Filtering, Clarifying, Precipitating, and Still Machine Setters, Operators, and Tenders",51-9012,51,12373,Remove full containers from discharge outlets and replace them with empty containers.,O*NET 31.0 Task Statements,31.0,"BLS Employment Projections Occupation.xlsx Table 1.2, 2025-2035",61.4,57.9,5.2,,,,,,,,,unscored_human_template,human-task-exposure-v2.0,true,train,51-9012.00
51-9021.00,"Crushing, Grinding, and Polishing Machine Setters, Operators, and Tenders",51-9021,51,12377,"Move controls to start, stop, or adjust machinery and equipment that crushes, grinds, polishes, or blends materials.",O*NET 31.0 Task Statements,31.0,"BLS Employment Projections Occupation.xlsx Table 1.2, 2025-2035",26.6,26.1,2.3,,,,,,,,,unscored_human_template,human-task-exposure-v2.0,true,train,51-9021.00
51-9021.00,"Crushing, Grinding, and Polishing Machine Setters, Operators, and Tenders",51-9021,51,12389,"Tend accessory equipment, such as pumps and conveyors, to move materials or ingredients through production processes.",O*NET 31.0 Task Statements,31.0,"BLS Employment Projections Occupation.xlsx Table 1.2, 2025-2035",26.6,26.1,2.3,,,,,,,,,unscored_human_template,human-task-exposure-v2.0,true,train,51-9021.00
51-9021.00,"Crushing, Grinding, and Polishing Machine Setters, Operators, and Tenders",51-9021,51,12383,Set mill gauges to specified fineness of grind.,O*NET 31.0 Task Statements,31.0,"BLS Employment Projections Occupation.xlsx Table 1.2, 2025-2035",26.6,26.1,2.3,,,,,,,,,unscored_human_template,human-task-exposure-v2.0,true,train,51-9021.00
51-9022.00,"Grinding and Polishing Workers, Hand",51-9022,51,14339,"Transfer equipment, objects, or parts to specified work areas, using moving devices.",O*NET 31.0 Task Statements,31.0,"BLS Employment Projections Occupation.xlsx Table 1.2, 2025-2035",10.8,8.7,0.7,,,,,,,,,unscored_human_template,human-task-exposure-v2.0,true,train,51-9022.00
51-9022.00,"Grinding and Polishing Workers, Hand",51-9022,51,14329,"Grind, sand, clean, or polish objects or parts to correct defects or to prepare surfaces for further finishing, using hand tools and power tools.",O*NET 31.0 Task Statements,31.0,"BLS Employment Projections Occupation.xlsx Table 1.2, 2025-2035",10.8,8.7,0.7,,,,,,,,,unscored_human_template,human-task-exposure-v2.0,true,train,51-9022.00
51-9022.00,"Grinding and Polishing Workers, Hand",51-9022,51,14348,Clean brass particles from files by drawing file cards through file grooves.,O*NET 31.0 Task Statements,31.0,"BLS Employment Projections Occupation.xlsx Table 1.2, 2025-2035",10.8,8.7,0.7,,,,,,,,,unscored_human_template,human-task-exposure-v2.0,true,train,51-9022.00
51-9031.00,"Cutters and Trimmers, Hand",51-9031,51,14363,Replace or sharpen dulled cutting tools such as saws.,O*NET 31.0 Task Statements,31.0,"BLS Employment Projections Occupation.xlsx Table 1.2, 2025-2035",5.9,4.8,0.5,,,,,,,,,unscored_human_template,human-task-exposure-v2.0,true,train,51-9031.00
51-9031.00,"Cutters and Trimmers, Hand",51-9031,51,14361,"Position templates or measure materials to locate specified points of cuts or to obtain maximum yields, using rules, scales, or patterns.",O*NET 31.0 Task Statements,31.0,"BLS Employment Projections Occupation.xlsx Table 1.2, 2025-2035",5.9,4.8,0.5,,,,,,,,,unscored_human_template,human-task-exposure-v2.0,true,train,51-9031.00
51-9031.00,"Cutters and Trimmers, Hand",51-9031,51,14364,"Lower table-mounted cutters such as knife blades, cutting wheels, or saws to cut items to specified sizes.",O*NET 31.0 Task Statements,31.0,"BLS Employment Projections Occupation.xlsx Table 1.2, 2025-2035",5.9,4.8,0.5,,,,,,,,,unscored_human_template,human-task-exposure-v2.0,true,train,51-9031.00
51-9041.00,"Extruding, Forming, Pressing, and Compacting Machine Setters, Operators, and Tenders",51-9041,51,12456,"Move materials, supplies, components, and finished products between storage and work areas, using work aids such as racks, hoists, and handtrucks.",O*NET 31.0 Task Statements,31.0,"BLS Employment Projections Occupation.xlsx Table 1.2, 2025-2035",58.3,59.2,5.2,,,,,,,,,unscored_human_template,human-task-exposure-v2.0,true,train,51-9041.00
51-9041.00,"Extruding, Forming, Pressing, and Compacting Machine Setters, Operators, and Tenders",51-9041,51,12453,Synchronize speeds of sections of machines when producing products involving several steps or processes.,O*NET 31.0 Task Statements,31.0,"BLS Employment Projections Occupation.xlsx Table 1.2, 2025-2035",58.3,59.2,5.2,,,,,,,,,unscored_human_template,human-task-exposure-v2.0,true,train,51-9041.00
51-9041.00,"Extruding, Forming, Pressing, and Compacting Machine Setters, Operators, and Tenders",51-9041,51,12471,Measure arbors and dies to verify sizes specified on work tickets.,O*NET 31.0 Task Statements,31.0,"BLS Employment Projections Occupation.xlsx Table 1.2, 2025-2035",58.3,59.2,5.2,,,,,,,,,unscored_human_template,human-task-exposure-v2.0,true,train,51-9041.00
51-9061.00,"Inspectors, Testers, Sorters, Samplers, and Weighers",51-9061,51,20299,Notify supervisors or other personnel of production problems.,O*NET 31.0 Task Statements,31.0,"BLS Employment Projections Occupation.xlsx Table 1.2, 2025-2035",602,617.2,66.7,,,,,,,,,unscored_human_template,human-task-exposure-v2.0,true,train,51-9061.00
51-9061.00,"Inspectors, Testers, Sorters, Samplers, and Weighers",51-9061,51,12485,"Write test or inspection reports describing results, recommendations, or needed repairs.",O*NET 31.0 Task Statements,31.0,"BLS Employment Projections Occupation.xlsx Table 1.2, 2025-2035",602,617.2,66.7,,,,,,,,,unscored_human_template,human-task-exposure-v2.0,true,train,51-9061.00
51-9061.00,"Inspectors, Testers, Sorters, Samplers, and Weighers",51-9061,51,20301,"Clean, maintain, calibrate, or repair measuring instruments or test equipment, such as dial indicators, fixed gauges, or height gauges.",O*NET 31.0 Task Statements,31.0,"BLS Employment Projections Occupation.xlsx Table 1.2, 2025-2035",602,617.2,66.7,,,,,,,,,unscored_human_template,human-task-exposure-v2.0,true,train,51-9061.00
51-9071.00,Jewelers and Precious Stone and Metal Workers,51-9071,51,23642,"Mark, engrave, or emboss designs on metal pieces such as castings, wire, or jewelry, following specifications.",O*NET 31.0 Task Statements,31.0,"BLS Employment Projections Occupation.xlsx Table 1.2, 2025-2035",32.8,31.8,3.7,,,,,,,,,unscored_human_template,human-task-exposure-v2.0,true,train,51-9071.00
51-9071.00,Jewelers and Precious Stone and Metal Workers,51-9071,51,23630,"Construct preliminary models of wax, metal, clay, or plaster, and form sample castings in molds.",O*NET 31.0 Task Statements,31.0,"BLS Employment Projections Occupation.xlsx Table 1.2, 2025-2035",32.8,31.8,3.7,,,,,,,,,unscored_human_template,human-task-exposure-v2.0,true,train,51-9071.00
51-9071.00,Jewelers and Precious Stone and Metal Workers,51-9071,51,23643,Cut designs in molds or other materials to be used as models in the fabrication of metal and jewelry products.,O*NET 31.0 Task Statements,31.0,"BLS Employment Projections Occupation.xlsx Table 1.2, 2025-2035",32.8,31.8,3.7,,,,,,,,,unscored_human_template,human-task-exposure-v2.0,true,train,51-9071.00
51-9071.06,Gem and Diamond Workers,51-9071,51,15094,"Estimate wholesale and retail value of gems, following pricing guides, market fluctuations, and other relevant economic factors.",O*NET 31.0 Task Statements,31.0,"BLS Employment Projections Occupation.xlsx Table 1.2, 2025-2035",32.8,31.8,3.7,,,,,,,,,unscored_human_template,human-task-exposure-v2.0,true,train,51-9071.06
51-9071.06,Gem and Diamond Workers,51-9071,51,15098,"Examine diamonds or gems to ascertain the shape, cut, and width of cut stones, or to select the cuts that will result in the biggest, best quality stones.",O*NET 31.0 Task Statements,31.0,"BLS Employment Projections Occupation.xlsx Table 1.2, 2025-2035",32.8,31.8,3.7,,,,,,,,,unscored_human_template,human-task-exposure-v2.0,true,train,51-9071.06
51-9071.06,Gem and Diamond Workers,51-9071,51,15100,"Hold stones, gems, dies, or styluses against rotating plates, wheels, saws, or slitters to cut, shape, slit, grind, or polish them.",O*NET 31.0 Task Statements,31.0,"BLS Employment Projections Occupation.xlsx Table 1.2, 2025-2035",32.8,31.8,3.7,,,,,,,,,unscored_human_template,human-task-exposure-v2.0,true,train,51-9071.06
51-9081.00,Dental Laboratory Technicians,51-9081,51,7133,Read prescriptions or specifications and examine models or impressions to determine the design of dental products to be constructed.,O*NET 31.0 Task Statements,31.0,"BLS Employment Projections Occupation.xlsx Table 1.2, 2025-2035",34.4,32.3,3.6,,,,,,,,,unscored_human_template,human-task-exposure-v2.0,true,train,51-9081.00
51-9081.00,Dental Laboratory Technicians,51-9081,51,7134,"Fabricate, alter, or repair dental devices, such as dentures, crowns, bridges, inlays, or appliances for straightening teeth.",O*NET 31.0 Task Statements,31.0,"BLS Employment Projections Occupation.xlsx Table 1.2, 2025-2035",34.4,32.3,3.6,,,,,,,,,unscored_human_template,human-task-exposure-v2.0,true,train,51-9081.00
51-9081.00,Dental Laboratory Technicians,51-9081,51,7145,Prepare wax bite blocks and impression trays for use.,O*NET 31.0 Task Statements,31.0,"BLS Employment Projections Occupation.xlsx Table 1.2, 2025-2035",34.4,32.3,3.6,,,,,,,,,unscored_human_template,human-task-exposure-v2.0,true,train,51-9081.00
51-9083.00,Ophthalmic Laboratory Technicians,51-9083,51,10536,Set dials and start machines to polish lenses or hold lenses against rotating wheels to polish them manually.,O*NET 31.0 Task Statements,31.0,"BLS Employment Projections Occupation.xlsx Table 1.2, 2025-2035",18.6,19,2.2,,,,,,,,,unscored_human_template,human-task-exposure-v2.0,true,train,51-9083.00
51-9083.00,Ophthalmic Laboratory Technicians,51-9083,51,10532,"Inspect lens blanks to detect flaws, verify smoothness of surface, and ensure thickness of coating on lenses.",O*NET 31.0 Task Statements,31.0,"BLS Employment Projections Occupation.xlsx Table 1.2, 2025-2035",18.6,19,2.2,,,,,,,,,unscored_human_template,human-task-exposure-v2.0,true,train,51-9083.00
51-9083.00,Ophthalmic Laboratory Technicians,51-9083,51,10541,Remove lenses from molds and separate lenses in containers for further processing or storage.,O*NET 31.0 Task Statements,31.0,"BLS Employment Projections Occupation.xlsx Table 1.2, 2025-2035",18.6,19,2.2,,,,,,,,,unscored_human_template,human-task-exposure-v2.0,true,train,51-9083.00
51-9111.00,Packaging and Filling Machine Operators and Tenders,51-9111,51,3126,Tend or operate machine that packages product.,O*NET 31.0 Task Statements,31.0,"BLS Employment Projections Occupation.xlsx Table 1.2, 2025-2035",377.7,393.3,41.4,,,,,,,,,unscored_human_template,human-task-exposure-v2.0,true,train,51-9111.00
51-9111.00,Packaging and Filling Machine Operators and Tenders,51-9111,51,3138,Start machine by engaging controls.,O*NET 31.0 Task Statements,31.0,"BLS Employment Projections Occupation.xlsx Table 1.2, 2025-2035",377.7,393.3,41.4,,,,,,,,,unscored_human_template,human-task-exposure-v2.0,true,train,51-9111.00
51-9111.00,Packaging and Filling Machine Operators and Tenders,51-9111,51,3128,"Regulate machine flow, speed, or temperature.",O*NET 31.0 Task Statements,31.0,"BLS Employment Projections Occupation.xlsx Table 1.2, 2025-2035",377.7,393.3,41.4,,,,,,,,,unscored_human_template,human-task-exposure-v2.0,true,train,51-9111.00
51-9124.00,"Coating, Painting, and Spraying Machine Setters, Operators, and Tenders",51-9124,51,23665,Use brush to hand-paint areas in need of retouching or unreachable with a spray gun.,O*NET 31.0 Task Statements,31.0,"BLS Employment Projections Occupation.xlsx Table 1.2, 2025-2035",164.8,168.9,15.3,,,,,,,,,unscored_human_template,human-task-exposure-v2.0,true,train,51-9124.00
51-9124.00,"Coating, Painting, and Spraying Machine Setters, Operators, and Tenders",51-9124,51,23655,"Disassemble, clean, and reassemble sprayers or power equipment, using solvents, wire brushes, and cloths.",O*NET 31.0 Task Statements,31.0,"BLS Employment Projections Occupation.xlsx Table 1.2, 2025-2035",164.8,168.9,15.3,,,,,,,,,unscored_human_template,human-task-exposure-v2.0,true,train,51-9124.00
51-9124.00,"Coating, Painting, and Spraying Machine Setters, Operators, and Tenders",51-9124,51,23658,"Mix paints to match color specifications or original colors, stirring or thinning paints, using spatulas or power mixing equipment.",O*NET 31.0 Task Statements,31.0,"BLS Employment Projections Occupation.xlsx Table 1.2, 2025-2035",164.8,168.9,15.3,,,,,,,,,unscored_human_template,human-task-exposure-v2.0,true,train,51-9124.00
51-9141.00,Semiconductor Processing Technicians,51-9141,51,12580,"Place semiconductor wafers in processing containers or equipment holders, using vacuum wand or tweezers.",O*NET 31.0 Task Statements,31.0,"BLS Employment Projections Occupation.xlsx Table 1.2, 2025-2035",31.2,33.8,3.4,,,,,,,,,unscored_human_template,human-task-exposure-v2.0,true,train,51-9141.00
51-9141.00,Semiconductor Processing Technicians,51-9141,51,12577,"Study work orders, instructions, formulas, and processing charts to determine specifications and sequence of operations.",O*NET 31.0 Task Statements,31.0,"BLS Employment Projections Occupation.xlsx Table 1.2, 2025-2035",31.2,33.8,3.4,,,,,,,,,unscored_human_template,human-task-exposure-v2.0,true,train,51-9141.00
51-9141.00,Semiconductor Processing Technicians,51-9141,51,12584,"Monitor operation and adjust controls of processing machines and equipment to produce compositions with specific electronic properties, using computer terminals.",O*NET 31.0 Task Statements,31.0,"BLS Employment Projections Occupation.xlsx Table 1.2, 2025-2035",31.2,33.8,3.4,,,,,,,,,unscored_human_template,human-task-exposure-v2.0,true,train,51-9141.00
51-9151.00,Photographic Process Workers and Processing Machine Operators,51-9151,51,19473,"Measure and mix chemicals to prepare solutions for processing, according to formulas.",O*NET 31.0 Task Statements,31.0,"BLS Employment Projections Occupation.xlsx Table 1.2, 2025-2035",5.3,5,0.6,,,,,,,,,unscored_human_template,human-task-exposure-v2.0,true,train,51-9151.00
51-9151.00,Photographic Process Workers and Processing Machine Operators,51-9151,51,19474,Monitor equipment operation to detect malfunctions.,O*NET 31.0 Task Statements,31.0,"BLS Employment Projections Occupation.xlsx Table 1.2, 2025-2035",5.3,5,0.6,,,,,,,,,unscored_human_template,human-task-exposure-v2.0,true,train,51-9151.00
51-9151.00,Photographic Process Workers and Processing Machine Operators,51-9151,51,19499,"Thread filmstrips through densitometers or sensitometers and expose film to light to determine density of film, necessary color corrections, or light sensitivity.",O*NET 31.0 Task Statements,31.0,"BLS Employment Projections Occupation.xlsx Table 1.2, 2025-2035",5.3,5,0.6,,,,,,,,,unscored_human_template,human-task-exposure-v2.0,true,train,51-9151.00
51-9193.00,Cooling and Freezing Equipment Operators and Tenders,51-9193,51,8548,"Assemble equipment, and attach pipes, fittings, or valves, using hand tools.",O*NET 31.0 Task Statements,31.0,"BLS Employment Projections Occupation.xlsx Table 1.2, 2025-2035",7.7,8.1,0.8,,,,,,,,,unscored_human_template,human-task-exposure-v2.0,true,train,51-9193.00
51-9193.00,Cooling and Freezing Equipment Operators and Tenders,51-9193,51,8546,"Correct machinery malfunctions by performing actions such as removing jams, and inform supervisors of malfunctions as necessary.",O*NET 31.0 Task Statements,31.0,"BLS Employment Projections Occupation.xlsx Table 1.2, 2025-2035",7.7,8.1,0.8,,,,,,,,,unscored_human_template,human-task-exposure-v2.0,true,train,51-9193.00
51-9193.00,Cooling and Freezing Equipment Operators and Tenders,51-9193,51,8556,"Place or position containers into equipment, and remove containers after completion of cooling or freezing processes.",O*NET 31.0 Task Statements,31.0,"BLS Employment Projections Occupation.xlsx Table 1.2, 2025-2035",7.7,8.1,0.8,,,,,,,,,unscored_human_template,human-task-exposure-v2.0,true,train,51-9193.00
51-9195.00,"Molders, Shapers, and Casters, Except Metal and Plastic",51-9195,51,23666,Read work orders or examine parts to determine parts or sections of products to be produced.,O*NET 31.0 Task Statements,31.0,"BLS Employment Projections Occupation.xlsx Table 1.2, 2025-2035",43,45.5,5.1,,,,,,,,,unscored_human_template,human-task-exposure-v2.0,true,train,51-9195.00
51-9195.00,"Molders, Shapers, and Casters, Except Metal and Plastic",51-9195,51,23667,"Trim or remove excess material, using scrapers, knives, or band saws.",O*NET 31.0 Task Statements,31.0,"BLS Employment Projections Occupation.xlsx Table 1.2, 2025-2035",43,45.5,5.1,,,,,,,,,unscored_human_template,human-task-exposure-v2.0,true,train,51-9195.00
51-9195.00,"Molders, Shapers, and Casters, Except Metal and Plastic",51-9195,51,23678,"Patch broken edges or fractures, using clay or plaster.",O*NET 31.0 Task Statements,31.0,"BLS Employment Projections Occupation.xlsx Table 1.2, 2025-2035",43,45.5,5.1,,,,,,,,,unscored_human_template,human-task-exposure-v2.0,true,train,51-9195.00
51-9195.03,"Stone Cutters and Carvers, Manufacturing",51-9195,51,12618,"Drill holes and cut or carve moldings and grooves in stone, according to diagrams and patterns.",O*NET 31.0 Task Statements,31.0,"BLS Employment Projections Occupation.xlsx Table 1.2, 2025-2035",43,45.5,5.1,,,,,,,,,unscored_human_template,human-task-exposure-v2.0,true,train,51-9195.03
51-9195.03,"Stone Cutters and Carvers, Manufacturing",51-9195,51,12615,"Verify depths and dimensions of cuts or carvings to ensure adherence to specifications, blueprints, or models, using measuring instruments.",O*NET 31.0 Task Statements,31.0,"BLS Employment Projections Occupation.xlsx Table 1.2, 2025-2035",43,45.5,5.1,,,,,,,,,unscored_human_template,human-task-exposure-v2.0,true,train,51-9195.03
51-9195.03,"Stone Cutters and Carvers, Manufacturing",51-9195,51,12622,"Carve rough designs freehand or by chipping along marks on stone, using mallets and chisels or pneumatic tools.",O*NET 31.0 Task Statements,31.0,"BLS Employment Projections Occupation.xlsx Table 1.2, 2025-2035",43,45.5,5.1,,,,,,,,,unscored_human_template,human-task-exposure-v2.0,true,train,51-9195.03
51-9195.05,"Potters, Manufacturing",51-9195,51,15122,Move pieces from wheels so that they can dry.,O*NET 31.0 Task Statements,31.0,"BLS Employment Projections Occupation.xlsx Table 1.2, 2025-2035",43,45.5,5.1,,,,,,,,,unscored_human_template,human-task-exposure-v2.0,true,train,51-9195.05
51-9195.05,"Potters, Manufacturing",51-9195,51,21211,"Mix and apply glazes to pottery pieces, using tools, such as spray guns.",O*NET 31.0 Task Statements,31.0,"BLS Employment Projections Occupation.xlsx Table 1.2, 2025-2035",43,45.5,5.1,,,,,,,,,unscored_human_template,human-task-exposure-v2.0,true,train,51-9195.05
51-9195.05,"Potters, Manufacturing",51-9195,51,15128,Operate drying chambers to dry or finish molded ceramic ware.,O*NET 31.0 Task Statements,31.0,"BLS Employment Projections Occupation.xlsx Table 1.2, 2025-2035",43,45.5,5.1,,,,,,,,,unscored_human_template,human-task-exposure-v2.0,true,train,51-9195.05
51-9197.00,Tire Builders,51-9197,51,14430,Trim excess rubber and imperfections during retreading processes.,O*NET 31.0 Task Statements,31.0,"BLS Employment Projections Occupation.xlsx Table 1.2, 2025-2035",20.3,20.5,1.9,,,,,,,,,unscored_human_template,human-task-exposure-v2.0,true,train,51-9197.00
51-9197.00,Tire Builders,51-9197,51,14418,Build semi-raw rubber treads onto buffed tire casings to prepare tires for vulcanization in recapping or retreading processes.,O*NET 31.0 Task Statements,31.0,"BLS Employment Projections Occupation.xlsx Table 1.2, 2025-2035",20.3,20.5,1.9,,,,,,,,,unscored_human_template,human-task-exposure-v2.0,true,train,51-9197.00
51-9197.00,Tire Builders,51-9197,51,14424,Rub cement sticks on drum edges to provide adhesive surfaces for plies.,O*NET 31.0 Task Statements,31.0,"BLS Employment Projections Occupation.xlsx Table 1.2, 2025-2035",20.3,20.5,1.9,,,,,,,,,unscored_human_template,human-task-exposure-v2.0,true,train,51-9197.00
51-9198.00,Helpers--Production Workers,51-9198,51,12696,"Lift raw materials, finished products, and packed items, manually or using hoists.",O*NET 31.0 Task Statements,31.0,"BLS Employment Projections Occupation.xlsx Table 1.2, 2025-2035",167.4,153.6,20.9,,,,,,,,,unscored_human_template,human-task-exposure-v2.0,true,train,51-9198.00
51-9198.00,Helpers--Production Workers,51-9198,51,12710,"Transfer finished products, raw materials, tools, or equipment between storage and work areas of plants and warehouses, by hand or using hand trucks or powered lift trucks.",O*NET 31.0 Task Statements,31.0,"BLS Employment Projections Occupation.xlsx Table 1.2, 2025-2035",167.4,153.6,20.9,,,,,,,,,unscored_human_template,human-task-exposure-v2.0,true,train,51-9198.00
51-9198.00,Helpers--Production Workers,51-9198,51,12703,Start machines or equipment to begin production processes.,O*NET 31.0 Task Statements,31.0,"BLS Employment Projections Occupation.xlsx Table 1.2, 2025-2035",167.4,153.6,20.9,,,,,,,,,unscored_human_template,human-task-exposure-v2.0,true,train,51-9198.00
53-1042.00,"First-Line Supervisors of Helpers, Laborers, and Material Movers, Hand",53-1042,53,8562,Collaborate with workers and managers to solve work-related problems.,O*NET 31.0 Task Statements,31.0,"BLS Employment Projections Occupation.xlsx Table 1.2, 2025-2035",,,,,,,,,,,,unscored_human_template,human-task-exposure-v2.0,true,train,53-1042.00
53-1042.00,"First-Line Supervisors of Helpers, Laborers, and Material Movers, Hand",53-1042,53,8569,"Perform the same work duties as those supervised, or perform more difficult or skilled tasks or assist in their performance.",O*NET 31.0 Task Statements,31.0,"BLS Employment Projections Occupation.xlsx Table 1.2, 2025-2035",,,,,,,,,,,,unscored_human_template,human-task-exposure-v2.0,true,train,53-1042.00
53-1042.00,"First-Line Supervisors of Helpers, Laborers, and Material Movers, Hand",53-1042,53,8567,Examine freight to determine loading sequences.,O*NET 31.0 Task Statements,31.0,"BLS Employment Projections Occupation.xlsx Table 1.2, 2025-2035",,,,,,,,,,,,unscored_human_template,human-task-exposure-v2.0,true,train,53-1042.00
53-1042.01,Recycling Coordinators,53-1042,53,17888,Oversee recycling pick-up or drop-off programs to ensure compliance with community ordinances.,O*NET 31.0 Task Statements,31.0,"BLS Employment Projections Occupation.xlsx Table 1.2, 2025-2035",,,,,,,,,,,,unscored_human_template,human-task-exposure-v2.0,true,train,53-1042.01
53-1042.01,Recycling Coordinators,53-1042,53,17910,Review customer requests for service to determine service needs and deploy appropriate resources to provide service.,O*NET 31.0 Task Statements,31.0,"BLS Employment Projections Occupation.xlsx Table 1.2, 2025-2035",,,,,,,,,,,,unscored_human_template,human-task-exposure-v2.0,true,train,53-1042.01
53-1042.01,Recycling Coordinators,53-1042,53,17892,Coordinate shipments of recycling materials with shipping brokers or processing companies.,O*NET 31.0 Task Statements,31.0,"BLS Employment Projections Occupation.xlsx Table 1.2, 2025-2035",,,,,,,,,,,,unscored_human_template,human-task-exposure-v2.0,true,train,53-1042.01
53-1043.00,First-Line Supervisors of Material-Moving Machine and Vehicle Operators,53-1043,53,8593,"Interpret transportation or tariff regulations, shipping orders, safety regulations, or company policies and procedures for workers.",O*NET 31.0 Task Statements,31.0,"BLS Employment Projections Occupation.xlsx Table 1.2, 2025-2035",,,,,,,,,,,,unscored_human_template,human-task-exposure-v2.0,true,train,53-1043.00
53-1043.00,First-Line Supervisors of Material-Moving Machine and Vehicle Operators,53-1043,53,8588,Resolve worker problems or collaborate with employees to assist in problem resolution.,O*NET 31.0 Task Statements,31.0,"BLS Employment Projections Occupation.xlsx Table 1.2, 2025-2035",,,,,,,,,,,,unscored_human_template,human-task-exposure-v2.0,true,train,53-1043.00
53-1043.00,First-Line Supervisors of Material-Moving Machine and Vehicle Operators,53-1043,53,8602,Perform or schedule repairs or preventive maintenance of vehicles or other equipment.,O*NET 31.0 Task Statements,31.0,"BLS Employment Projections Occupation.xlsx Table 1.2, 2025-2035",,,,,,,,,,,,unscored_human_template,human-task-exposure-v2.0,true,train,53-1043.00
53-1044.00,First-Line Supervisors of Passenger Attendants,53-1044,53,23699,"Confer with customers, supervisors, contractors, or other personnel to exchange information or to resolve problems.",O*NET 31.0 Task Statements,31.0,"BLS Employment Projections Occupation.xlsx Table 1.2, 2025-2035",,,,,,,,,,,,unscored_human_template,human-task-exposure-v2.0,true,train,53-1044.00
53-1044.00,First-Line Supervisors of Passenger Attendants,53-1044,53,23712,Resolve customer complaints regarding worker performance or services rendered.,O*NET 31.0 Task Statements,31.0,"BLS Employment Projections Occupation.xlsx Table 1.2, 2025-2035",,,,,,,,,,,,unscored_human_template,human-task-exposure-v2.0,true,train,53-1044.00
53-1044.00,First-Line Supervisors of Passenger Attendants,53-1044,53,23700,"Direct or coordinate the activities of workers, such as flight or car attendants.",O*NET 31.0 Task Statements,31.0,"BLS Employment Projections Occupation.xlsx Table 1.2, 2025-2035",,,,,,,,,,,,unscored_human_template,human-task-exposure-v2.0,true,train,53-1044.00
53-2021.00,Air Traffic Controllers,53-2021,53,12731,"Inform pilots about nearby planes or potentially hazardous conditions, such as weather, speed and direction of wind, or visibility problems.",O*NET 31.0 Task Statements,31.0,"BLS Employment Projections Occupation.xlsx Table 1.2, 2025-2035",24,24.4,2.1,,,,,,,,,unscored_human_template,human-task-exposure-v2.0,true,train,53-2021.00
53-2021.00,Air Traffic Controllers,53-2021,53,20691,Provide on-the-job training to new air traffic controllers.,O*NET 31.0 Task Statements,31.0,"BLS Employment Projections Occupation.xlsx Table 1.2, 2025-2035",24,24.4,2.1,,,,,,,,,unscored_human_template,human-task-exposure-v2.0,true,train,53-2021.00
53-2021.00,Air Traffic Controllers,53-2021,53,12748,"Review records or reports for clarity and completeness and maintain records or reports, as required under federal law.",O*NET 31.0 Task Statements,31.0,"BLS Employment Projections Occupation.xlsx Table 1.2, 2025-2035",24,24.4,2.1,,,,,,,,,unscored_human_template,human-task-exposure-v2.0,true,train,53-2021.00
53-2022.00,Airfield Operations Specialists,53-2022,53,23941,Initiate or conduct airport-wide coordination of snow removal on runways and taxiways.,O*NET 31.0 Task Statements,31.0,"BLS Employment Projections Occupation.xlsx Table 1.2, 2025-2035",15.3,16.5,1.5,,,,,,,,,unscored_human_template,human-task-exposure-v2.0,true,train,53-2022.00
53-2022.00,Airfield Operations Specialists,53-2022,53,20457,Manage wildlife on and around airport grounds.,O*NET 31.0 Task Statements,31.0,"BLS Employment Projections Occupation.xlsx Table 1.2, 2025-2035",15.3,16.5,1.5,,,,,,,,,unscored_human_template,human-task-exposure-v2.0,true,train,53-2022.00
53-2022.00,Airfield Operations Specialists,53-2022,53,10624,"Receive and post weather information and flight plan data, such as air routes or arrival and departure times.",O*NET 31.0 Task Statements,31.0,"BLS Employment Projections Occupation.xlsx Table 1.2, 2025-2035",15.3,16.5,1.5,,,,,,,,,unscored_human_template,human-task-exposure-v2.0,true,train,53-2022.00
53-2031.00,Flight Attendants,53-2031,53,9644,"Check to ensure that food, beverages, blankets, reading material, emergency equipment, and other supplies are aboard and are in adequate supply.",O*NET 31.0 Task Statements,31.0,"BLS Employment Projections Occupation.xlsx Table 1.2, 2025-2035",133.7,145.5,18.5,,,,,,,,,unscored_human_template,human-task-exposure-v2.0,true,train,53-2031.00
53-2031.00,Flight Attendants,53-2031,53,9658,Heat and serve prepared foods.,O*NET 31.0 Task Statements,31.0,"BLS Employment Projections Occupation.xlsx Table 1.2, 2025-2035",133.7,145.5,18.5,,,,,,,,,unscored_human_template,human-task-exposure-v2.0,true,train,53-2031.00
53-2031.00,Flight Attendants,53-2031,53,9653,"Take inventory of headsets, alcoholic beverages, and money collected.",O*NET 31.0 Task Statements,31.0,"BLS Employment Projections Occupation.xlsx Table 1.2, 2025-2035",133.7,145.5,18.5,,,,,,,,,unscored_human_template,human-task-exposure-v2.0,true,train,53-2031.00
53-3011.00,"Ambulance Drivers and Attendants, Except Emergency Medical Technicians",53-3011,53,8609,Accompany and assist emergency medical technicians on calls.,O*NET 31.0 Task Statements,31.0,"BLS Employment Projections Occupation.xlsx Table 1.2, 2025-2035",14.3,14.1,1.4,,,,,,,,,unscored_human_template,human-task-exposure-v2.0,true,train,53-3011.00
53-3011.00,"Ambulance Drivers and Attendants, Except Emergency Medical Technicians",53-3011,53,8607,Remove and replace soiled linens or equipment to maintain sanitary conditions.,O*NET 31.0 Task Statements,31.0,"BLS Employment Projections Occupation.xlsx Table 1.2, 2025-2035",14.3,14.1,1.4,,,,,,,,,unscored_human_template,human-task-exposure-v2.0,true,train,53-3011.00
53-3011.00,"Ambulance Drivers and Attendants, Except Emergency Medical Technicians",53-3011,53,8611,Replace supplies and disposable items on ambulances.,O*NET 31.0 Task Statements,31.0,"BLS Employment Projections Occupation.xlsx Table 1.2, 2025-2035",14.3,14.1,1.4,,,,,,,,,unscored_human_template,human-task-exposure-v2.0,true,train,53-3011.00
53-3031.00,Driver/Sales Workers,53-3031,53,3156,Inform regular customers of new products or services and price changes.,O*NET 31.0 Task Statements,31.0,"BLS Employment Projections Occupation.xlsx Table 1.2, 2025-2035",442.9,478.1,45.5,,,,,,,,,unscored_human_template,human-task-exposure-v2.0,true,train,53-3031.00
53-3031.00,Driver/Sales Workers,53-3031,53,3164,Maintain trucks and food-dispensing equipment and clean inside of machines that dispense food or beverages.,O*NET 31.0 Task Statements,31.0,"BLS Employment Projections Occupation.xlsx Table 1.2, 2025-2035",442.9,478.1,45.5,,,,,,,,,unscored_human_template,human-task-exposure-v2.0,true,train,53-3031.00
53-3031.00,Driver/Sales Workers,53-3031,53,3162,"Review lists of dealers, customers, or station drops and load trucks.",O*NET 31.0 Task Statements,31.0,"BLS Employment Projections Occupation.xlsx Table 1.2, 2025-2035",442.9,478.1,45.5,,,,,,,,,unscored_human_template,human-task-exposure-v2.0,true,train,53-3031.00
53-3032.00,Heavy and Tractor-Trailer Truck Drivers,53-3032,53,10646,"Couple or uncouple trailers by changing trailer jack positions, connecting or disconnecting air or electrical lines, or manipulating fifth-wheel locks.",O*NET 31.0 Task Statements,31.0,"BLS Employment Projections Occupation.xlsx Table 1.2, 2025-2035",2221.2,2305,214.5,,,,,,,,,unscored_human_template,human-task-exposure-v2.0,true,train,53-3032.00
53-3032.00,Heavy and Tractor-Trailer Truck Drivers,53-3032,53,20694,Drive trucks to weigh stations before and after loading and along routes in compliance with state regulations.,O*NET 31.0 Task Statements,31.0,"BLS Employment Projections Occupation.xlsx Table 1.2, 2025-2035",2221.2,2305,214.5,,,,,,,,,unscored_human_template,human-task-exposure-v2.0,true,train,53-3032.00
53-3032.00,Heavy and Tractor-Trailer Truck Drivers,53-3032,53,10659,Give directions to laborers who are packing goods and moving them onto trailers.,O*NET 31.0 Task Statements,31.0,"BLS Employment Projections Occupation.xlsx Table 1.2, 2025-2035",2221.2,2305,214.5,,,,,,,,,unscored_human_template,human-task-exposure-v2.0,true,train,53-3032.00
53-3033.00,Light Truck Drivers,53-3033,53,8618,Present bills and receipts and collect payments for goods delivered or loaded.,O*NET 31.0 Task Statements,31.0,"BLS Employment Projections Occupation.xlsx Table 1.2, 2025-2035",1068.5,1136.4,107.2,,,,,,,,,unscored_human_template,human-task-exposure-v2.0,true,train,53-3033.00
53-3033.00,Light Truck Drivers,53-3033,53,8615,Obey traffic laws and follow established traffic and transportation procedures.,O*NET 31.0 Task Statements,31.0,"BLS Employment Projections Occupation.xlsx Table 1.2, 2025-2035",1068.5,1136.4,107.2,,,,,,,,,unscored_human_template,human-task-exposure-v2.0,true,train,53-3033.00
53-3033.00,Light Truck Drivers,53-3033,53,8624,"Report delays, accidents, or other traffic and transportation situations to bases or other vehicles, using telephones or mobile two-way radios.",O*NET 31.0 Task Statements,31.0,"BLS Employment Projections Occupation.xlsx Table 1.2, 2025-2035",1068.5,1136.4,107.2,,,,,,,,,unscored_human_template,human-task-exposure-v2.0,true,train,53-3033.00
53-3051.00,"Bus Drivers, School",53-3051,53,23728,"Regulate heating, lighting, and ventilation systems for student comfort.",O*NET 31.0 Task Statements,31.0,"BLS Employment Projections Occupation.xlsx Table 1.2, 2025-2035",396.8,399.7,56.5,,,,,,,,,unscored_human_template,human-task-exposure-v2.0,true,train,53-3051.00
53-3051.00,"Bus Drivers, School",53-3051,53,23727,Record bus routes.,O*NET 31.0 Task Statements,31.0,"BLS Employment Projections Occupation.xlsx Table 1.2, 2025-2035",396.8,399.7,56.5,,,,,,,,,unscored_human_template,human-task-exposure-v2.0,true,train,53-3051.00
53-3051.00,"Bus Drivers, School",53-3051,53,23723,Make minor repairs to vehicles.,O*NET 31.0 Task Statements,31.0,"BLS Employment Projections Occupation.xlsx Table 1.2, 2025-2035",396.8,399.7,56.5,,,,,,,,,unscored_human_template,human-task-exposure-v2.0,true,train,53-3051.00
53-3052.00,"Bus Drivers, Transit and Intercity",53-3052,53,18798,Collect tickets or cash fares from passengers.,O*NET 31.0 Task Statements,31.0,"BLS Employment Projections Occupation.xlsx Table 1.2, 2025-2035",166.4,173.3,21.1,,,,,,,,,unscored_human_template,human-task-exposure-v2.0,true,train,53-3052.00
53-3052.00,"Bus Drivers, Transit and Intercity",53-3052,53,3144,"Inspect vehicles and check gas, oil, and water levels prior to departure.",O*NET 31.0 Task Statements,31.0,"BLS Employment Projections Occupation.xlsx Table 1.2, 2025-2035",166.4,173.3,21.1,,,,,,,,,unscored_human_template,human-task-exposure-v2.0,true,train,53-3052.00
53-3052.00,"Bus Drivers, Transit and Intercity",53-3052,53,3151,Load and unload baggage in baggage compartments.,O*NET 31.0 Task Statements,31.0,"BLS Employment Projections Occupation.xlsx Table 1.2, 2025-2035",166.4,173.3,21.1,,,,,,,,,unscored_human_template,human-task-exposure-v2.0,true,train,53-3052.00
53-3053.00,Shuttle Drivers and Chauffeurs,53-3053,53,23745,"Perform routine vehicle maintenance, such as regulating tire pressure and adding gasoline, oil, and water.",O*NET 31.0 Task Statements,31.0,"BLS Employment Projections Occupation.xlsx Table 1.2, 2025-2035",251.5,269.4,35.5,,,,,,,,,unscored_human_template,human-task-exposure-v2.0,true,train,53-3053.00
53-3053.00,Shuttle Drivers and Chauffeurs,53-3053,53,23754,Report any vehicle malfunctions or needed repairs.,O*NET 31.0 Task Statements,31.0,"BLS Employment Projections Occupation.xlsx Table 1.2, 2025-2035",251.5,269.4,35.5,,,,,,,,,unscored_human_template,human-task-exposure-v2.0,true,train,53-3053.00
53-3053.00,Shuttle Drivers and Chauffeurs,53-3053,53,23744,"Perform minor vehicle repairs, such as cleaning spark plugs, or take vehicles to mechanics for servicing.",O*NET 31.0 Task Statements,31.0,"BLS Employment Projections Occupation.xlsx Table 1.2, 2025-2035",251.5,269.4,35.5,,,,,,,,,unscored_human_template,human-task-exposure-v2.0,true,train,53-3053.00
53-4011.00,Locomotive Engineers,53-4011,53,12762,Inspect locomotives after runs to detect damaged or defective equipment.,O*NET 31.0 Task Statements,31.0,"BLS Employment Projections Occupation.xlsx Table 1.2, 2025-2035",27.4,27.6,2,,,,,,,,,unscored_human_template,human-task-exposure-v2.0,true,train,53-4011.00
53-4011.00,Locomotive Engineers,53-4011,53,12755,Operate locomotives to transport freight or passengers between stations or to assemble or disassemble trains within rail yards.,O*NET 31.0 Task Statements,31.0,"BLS Employment Projections Occupation.xlsx Table 1.2, 2025-2035",27.4,27.6,2,,,,,,,,,unscored_human_template,human-task-exposure-v2.0,true,train,53-4011.00
53-4011.00,Locomotive Engineers,53-4011,53,12763,Drive diesel-electric rail-detector cars to transport rail-flaw-detecting machines over tracks.,O*NET 31.0 Task Statements,31.0,"BLS Employment Projections Occupation.xlsx Table 1.2, 2025-2035",27.4,27.6,2,,,,,,,,,unscored_human_template,human-task-exposure-v2.0,true,train,53-4011.00
53-4022.00,"Railroad Brake, Signal, and Switch Operators and Locomotive Firers",53-4022,53,23801,Conduct brake tests to determine the condition of brakes on trains.,O*NET 31.0 Task Statements,31.0,"BLS Employment Projections Occupation.xlsx Table 1.2, 2025-2035",10.7,10.8,0.9,,,,,,,,,unscored_human_template,human-task-exposure-v2.0,true,train,53-4022.00
53-4022.00,"Railroad Brake, Signal, and Switch Operators and Locomotive Firers",53-4022,53,23786,Signal other workers to set brakes and to throw track switches when switching cars from trains to way stations.,O*NET 31.0 Task Statements,31.0,"BLS Employment Projections Occupation.xlsx Table 1.2, 2025-2035",10.7,10.8,0.9,,,,,,,,,unscored_human_template,human-task-exposure-v2.0,true,train,53-4022.00
53-4022.00,"Railroad Brake, Signal, and Switch Operators and Locomotive Firers",53-4022,53,23785,Inspect locomotives to detect damaged or worn parts.,O*NET 31.0 Task Statements,31.0,"BLS Employment Projections Occupation.xlsx Table 1.2, 2025-2035",10.7,10.8,0.9,,,,,,,,,unscored_human_template,human-task-exposure-v2.0,true,train,53-4022.00
53-5011.00,Sailors and Marine Oilers,53-5011,53,14467,"Lubricate machinery, equipment, or engine parts, such as gears, shafts, or bearings.",O*NET 31.0 Task Statements,31.0,"BLS Employment Projections Occupation.xlsx Table 1.2, 2025-2035",33,34.1,3.6,,,,,,,,,unscored_human_template,human-task-exposure-v2.0,true,train,53-5011.00
53-5011.00,Sailors and Marine Oilers,53-5011,53,14469,"Splice and repair ropes, wire cables, or cordage, using marlinespikes, wire cutters, twine, and hand tools.",O*NET 31.0 Task Statements,31.0,"BLS Employment Projections Occupation.xlsx Table 1.2, 2025-2035",33,34.1,3.6,,,,,,,,,unscored_human_template,human-task-exposure-v2.0,true,train,53-5011.00
53-5011.00,Sailors and Marine Oilers,53-5011,53,14482,"Tie barges together into tow units for tugboats to handle, inspecting barges periodically during voyages and disconnecting them when destinations are reached.",O*NET 31.0 Task Statements,31.0,"BLS Employment Projections Occupation.xlsx Table 1.2, 2025-2035",33,34.1,3.6,,,,,,,,,unscored_human_template,human-task-exposure-v2.0,true,train,53-5011.00
53-5031.00,Ship Engineers,53-5031,53,14559,Monitor and test operations of engines or other equipment so that malfunctions and their causes can be identified.,O*NET 31.0 Task Statements,31.0,"BLS Employment Projections Occupation.xlsx Table 1.2, 2025-2035",8.8,9,0.9,,,,,,,,,unscored_human_template,human-task-exposure-v2.0,true,train,53-5031.00
53-5031.00,Ship Engineers,53-5031,53,14562,Operate or maintain off-loading liquid pumps or valves.,O*NET 31.0 Task Statements,31.0,"BLS Employment Projections Occupation.xlsx Table 1.2, 2025-2035",8.8,9,0.9,,,,,,,,,unscored_human_template,human-task-exposure-v2.0,true,train,53-5031.00
53-5031.00,Ship Engineers,53-5031,53,14568,"Fabricate engine replacement parts, such as valves, stay rods, or bolts, using metalworking machinery.",O*NET 31.0 Task Statements,31.0,"BLS Employment Projections Occupation.xlsx Table 1.2, 2025-2035",8.8,9,0.9,,,,,,,,,unscored_human_template,human-task-exposure-v2.0,true,train,53-5031.00
53-6011.00,Bridge and Lock Tenders,53-6011,53,7153,"Direct movements of vessels in locks or bridge areas, using signals, telecommunication equipment, or loudspeakers.",O*NET 31.0 Task Statements,31.0,"BLS Employment Projections Occupation.xlsx Table 1.2, 2025-2035",3.1,3.1,0.3,,,,,,,,,unscored_human_template,human-task-exposure-v2.0,true,train,53-6011.00
53-6011.00,Bridge and Lock Tenders,53-6011,53,7154,Prepare accident reports.,O*NET 31.0 Task Statements,31.0,"BLS Employment Projections Occupation.xlsx Table 1.2, 2025-2035",3.1,3.1,0.3,,,,,,,,,unscored_human_template,human-task-exposure-v2.0,true,train,53-6011.00
53-6011.00,Bridge and Lock Tenders,53-6011,53,7163,Check that bridges are clear of vehicles and pedestrians prior to opening.,O*NET 31.0 Task Statements,31.0,"BLS Employment Projections Occupation.xlsx Table 1.2, 2025-2035",3.1,3.1,0.3,,,,,,,,,unscored_human_template,human-task-exposure-v2.0,true,train,53-6011.00
53-6021.00,Parking Attendants,53-6021,53,20839,"Call emergency responders or the proper authorities and provide motorist assistance, such as giving directions or helping jump start a stalled vehicle.",O*NET 31.0 Task Statements,31.0,"BLS Employment Projections Occupation.xlsx Table 1.2, 2025-2035",139.2,142,16.4,,,,,,,,,unscored_human_template,human-task-exposure-v2.0,true,train,53-6021.00
53-6021.00,Parking Attendants,53-6021,53,20836,"Perform cash handling tasks, such as making change, balancing and recording cash drawer, or distributing tips.",O*NET 31.0 Task Statements,31.0,"BLS Employment Projections Occupation.xlsx Table 1.2, 2025-2035",139.2,142,16.4,,,,,,,,,unscored_human_template,human-task-exposure-v2.0,true,train,53-6021.00
53-6021.00,Parking Attendants,53-6021,53,3195,"Lift, position, and remove barricades to open or close parking areas.",O*NET 31.0 Task Statements,31.0,"BLS Employment Projections Occupation.xlsx Table 1.2, 2025-2035",139.2,142,16.4,,,,,,,,,unscored_human_template,human-task-exposure-v2.0,true,train,53-6021.00
53-6031.00,Automotive and Watercraft Service Attendants,53-6031,53,10725,"Sell and install accessories, such as batteries, windshield wiper blades, fan belts, bulbs, or headlamps.",O*NET 31.0 Task Statements,31.0,"BLS Employment Projections Occupation.xlsx Table 1.2, 2025-2035",102.4,106.3,12.9,,,,,,,,,unscored_human_template,human-task-exposure-v2.0,true,train,53-6031.00
53-6031.00,Automotive and Watercraft Service Attendants,53-6031,53,10715,"Clean parking areas, offices, restrooms, or equipment, and remove trash.",O*NET 31.0 Task Statements,31.0,"BLS Employment Projections Occupation.xlsx Table 1.2, 2025-2035",102.4,106.3,12.9,,,,,,,,,unscored_human_template,human-task-exposure-v2.0,true,train,53-6031.00
53-6031.00,Automotive and Watercraft Service Attendants,53-6031,53,10718,Provide customers with information about local roads or highways.,O*NET 31.0 Task Statements,31.0,"BLS Employment Projections Occupation.xlsx Table 1.2, 2025-2035",102.4,106.3,12.9,,,,,,,,,unscored_human_template,human-task-exposure-v2.0,true,train,53-6031.00
53-6032.00,Aircraft Service Attendants,53-6032,53,23839,"Guide aircraft to designated areas using hand signals, batons, or other methods.",O*NET 31.0 Task Statements,31.0,"BLS Employment Projections Occupation.xlsx Table 1.2, 2025-2035",31.2,32.9,4,,,,,,,,,unscored_human_template,human-task-exposure-v2.0,true,train,53-6032.00
53-6032.00,Aircraft Service Attendants,53-6032,53,23844,Radio to flight dispatchers or other personnel to discuss incoming or outgoing aircraft.,O*NET 31.0 Task Statements,31.0,"BLS Employment Projections Occupation.xlsx Table 1.2, 2025-2035",31.2,32.9,4,,,,,,,,,unscored_human_template,human-task-exposure-v2.0,true,train,53-6032.00
53-6032.00,Aircraft Service Attendants,53-6032,53,23841,Load baggage or cargo for crew or passengers.,O*NET 31.0 Task Statements,31.0,"BLS Employment Projections Occupation.xlsx Table 1.2, 2025-2035",31.2,32.9,4,,,,,,,,,unscored_human_template,human-task-exposure-v2.0,true,train,53-6032.00
53-6041.00,Traffic Technicians,53-6041,53,8632,"Plan, design, and improve components of traffic control systems to accommodate current or projected traffic and to increase usability and efficiency.",O*NET 31.0 Task Statements,31.0,"BLS Employment Projections Occupation.xlsx Table 1.2, 2025-2035",8.1,8.4,0.9,,,,,,,,,unscored_human_template,human-task-exposure-v2.0,true,train,53-6041.00
53-6041.00,Traffic Technicians,53-6041,53,8638,"Operate counters and record data to assess the volume, type, and movement of vehicular or pedestrian traffic at specified times.",O*NET 31.0 Task Statements,31.0,"BLS Employment Projections Occupation.xlsx Table 1.2, 2025-2035",8.1,8.4,0.9,,,,,,,,,unscored_human_template,human-task-exposure-v2.0,true,train,53-6041.00
53-6041.00,Traffic Technicians,53-6041,53,8639,Provide technical supervision regarding traffic control devices to other traffic technicians or laborers.,O*NET 31.0 Task Statements,31.0,"BLS Employment Projections Occupation.xlsx Table 1.2, 2025-2035",8.1,8.4,0.9,,,,,,,,,unscored_human_template,human-task-exposure-v2.0,true,train,53-6041.00
53-6051.00,Transportation Inspectors,53-6051,53,23861,Read draft markings to determine depths of vessels in water.,O*NET 31.0 Task Statements,31.0,"BLS Employment Projections Occupation.xlsx Table 1.2, 2025-2035",25.1,25.6,2.3,,,,,,,,,unscored_human_template,human-task-exposure-v2.0,true,train,53-6051.00
53-6051.00,Transportation Inspectors,53-6051,53,23860,"Determine cargo transportation capabilities by reading documents that set forth cargo loading and securing procedures, capacities, and stability factors.",O*NET 31.0 Task Statements,31.0,"BLS Employment Projections Occupation.xlsx Table 1.2, 2025-2035",25.1,25.6,2.3,,,,,,,,,unscored_human_template,human-task-exposure-v2.0,true,train,53-6051.00
53-6051.00,Transportation Inspectors,53-6051,53,23864,Post warning signs on vehicles containing explosives or flammable or radioactive materials.,O*NET 31.0 Task Statements,31.0,"BLS Employment Projections Occupation.xlsx Table 1.2, 2025-2035",25.1,25.6,2.3,,,,,,,,,unscored_human_template,human-task-exposure-v2.0,true,train,53-6051.00
53-6061.00,Passenger Attendants,53-6061,53,13175,Explain and demonstrate safety procedures and safety equipment use.,O*NET 31.0 Task Statements,31.0,"BLS Employment Projections Occupation.xlsx Table 1.2, 2025-2035",27.2,28.9,4.3,,,,,,,,,unscored_human_template,human-task-exposure-v2.0,true,train,53-6061.00
53-6061.00,Passenger Attendants,53-6061,53,13176,Perform equipment safety checks prior to departure.,O*NET 31.0 Task Statements,31.0,"BLS Employment Projections Occupation.xlsx Table 1.2, 2025-2035",27.2,28.9,4.3,,,,,,,,,unscored_human_template,human-task-exposure-v2.0,true,train,53-6061.00
53-6061.00,Passenger Attendants,53-6061,53,13182,"Provide customers with information on routes, gates, prices, timetables, terminals, or concourses.",O*NET 31.0 Task Statements,31.0,"BLS Employment Projections Occupation.xlsx Table 1.2, 2025-2035",27.2,28.9,4.3,,,,,,,,,unscored_human_template,human-task-exposure-v2.0,true,train,53-6061.00
53-7021.00,Crane and Tower Operators,53-7021,53,10773,"Load or unload bundles from trucks, or move containers to storage bins, using moving equipment.",O*NET 31.0 Task Statements,31.0,"BLS Employment Projections Occupation.xlsx Table 1.2, 2025-2035",42.9,44.5,3.5,,,,,,,,,unscored_human_template,human-task-exposure-v2.0,true,train,53-7021.00
53-7021.00,Crane and Tower Operators,53-7021,53,10769,"Inspect cables or grappling devices for wear and install or replace cables, as needed.",O*NET 31.0 Task Statements,31.0,"BLS Employment Projections Occupation.xlsx Table 1.2, 2025-2035",42.9,44.5,3.5,,,,,,,,,unscored_human_template,human-task-exposure-v2.0,true,train,53-7021.00
53-7021.00,Crane and Tower Operators,53-7021,53,10776,"Direct truck drivers backing vehicles into loading bays and cover, uncover, or secure loads for delivery.",O*NET 31.0 Task Statements,31.0,"BLS Employment Projections Occupation.xlsx Table 1.2, 2025-2035",42.9,44.5,3.5,,,,,,,,,unscored_human_template,human-task-exposure-v2.0,true,train,53-7021.00
53-7061.00,Cleaners of Vehicles and Equipment,53-7061,53,5002,Monitor operation of cleaning machines and stop machines or notify supervisors when malfunctions occur.,O*NET 31.0 Task Statements,31.0,"BLS Employment Projections Occupation.xlsx Table 1.2, 2025-2035",419.5,435.8,51.5,,,,,,,,,unscored_human_template,human-task-exposure-v2.0,true,train,53-7061.00
53-7061.00,Cleaners of Vehicles and Equipment,53-7061,53,4992,"Inspect parts, equipment, or vehicles for cleanliness, damage, and compliance with standards or regulations.",O*NET 31.0 Task Statements,31.0,"BLS Employment Projections Occupation.xlsx Table 1.2, 2025-2035",419.5,435.8,51.5,,,,,,,,,unscored_human_template,human-task-exposure-v2.0,true,train,53-7061.00
53-7061.00,Cleaners of Vehicles and Equipment,53-7061,53,5003,"Disassemble and reassemble machines or equipment or remove and reattach vehicle parts or trim, using hand tools.",O*NET 31.0 Task Statements,31.0,"BLS Employment Projections Occupation.xlsx Table 1.2, 2025-2035",419.5,435.8,51.5,,,,,,,,,unscored_human_template,human-task-exposure-v2.0,true,train,53-7061.00
53-7062.00,"Laborers and Freight, Stock, and Material Movers, Hand",53-7062,53,10779,Read work orders or receive oral instructions to determine work assignments or material or equipment needs.,O*NET 31.0 Task Statements,31.0,"BLS Employment Projections Occupation.xlsx Table 1.2, 2025-2035",2940.3,2991.9,340.5,,,,,,,,,unscored_human_template,human-task-exposure-v2.0,true,train,53-7062.00
53-7062.00,"Laborers and Freight, Stock, and Material Movers, Hand",53-7062,53,10781,"Move freight, stock, or other materials to and from storage or production areas, loading docks, delivery vehicles, ships, or containers, by hand or using trucks, tractors, or other equipment.",O*NET 31.0 Task Statements,31.0,"BLS Employment Projections Occupation.xlsx Table 1.2, 2025-2035",2940.3,2991.9,340.5,,,,,,,,,unscored_human_template,human-task-exposure-v2.0,true,train,53-7062.00
53-7062.00,"Laborers and Freight, Stock, and Material Movers, Hand",53-7062,53,10780,"Record numbers of units handled or moved, using daily production sheets or work tickets.",O*NET 31.0 Task Statements,31.0,"BLS Employment Projections Occupation.xlsx Table 1.2, 2025-2035",2940.3,2991.9,340.5,,,,,,,,,unscored_human_template,human-task-exposure-v2.0,true,train,53-7062.00
53-7062.04,Recycling and Reclamation Workers,53-7062,53,17886,"Clean, inspect, or lubricate recyclable collection equipment or perform routine maintenance or minor repairs on recycling equipment, such as star gears, finger sorters, destoners, belts, and grinders.",O*NET 31.0 Task Statements,31.0,"BLS Employment Projections Occupation.xlsx Table 1.2, 2025-2035",2940.3,2991.9,340.5,,,,,,,,,unscored_human_template,human-task-exposure-v2.0,true,train,53-7062.04
53-7062.04,Recycling and Reclamation Workers,53-7062,53,17882,"Sort metals to separate high-grade metals, such as copper, brass, and aluminum, for recycling.",O*NET 31.0 Task Statements,31.0,"BLS Employment Projections Occupation.xlsx Table 1.2, 2025-2035",2940.3,2991.9,340.5,,,,,,,,,unscored_human_template,human-task-exposure-v2.0,true,train,53-7062.04
53-7062.04,Recycling and Reclamation Workers,53-7062,53,17873,Collect recyclable materials from curbside for delivery to designated facilities.,O*NET 31.0 Task Statements,31.0,"BLS Employment Projections Occupation.xlsx Table 1.2, 2025-2035",2940.3,2991.9,340.5,,,,,,,,,unscored_human_template,human-task-exposure-v2.0,true,train,53-7062.04
53-7064.00,"Packers and Packagers, Hand",53-7064,53,3214,"Record product, packaging, and order information on specified forms and records.",O*NET 31.0 Task Statements,31.0,"BLS Employment Projections Occupation.xlsx Table 1.2, 2025-2035",555.5,528,61.8,,,,,,,,,unscored_human_template,human-task-exposure-v2.0,true,train,53-7064.00
53-7064.00,"Packers and Packagers, Hand",53-7064,53,3211,"Mark and label containers, container tags, or products, using marking tools.",O*NET 31.0 Task Statements,31.0,"BLS Employment Projections Occupation.xlsx Table 1.2, 2025-2035",555.5,528,61.8,,,,,,,,,unscored_human_template,human-task-exposure-v2.0,true,train,53-7064.00
53-7064.00,"Packers and Packagers, Hand",53-7064,53,3220,Transport packages to customers' vehicles.,O*NET 31.0 Task Statements,31.0,"BLS Employment Projections Occupation.xlsx Table 1.2, 2025-2035",555.5,528,61.8,,,,,,,,,unscored_human_template,human-task-exposure-v2.0,true,train,53-7064.00
53-7065.00,Stockers and Order Fillers,53-7065,53,23898,"Determine proper storage methods, identification, and stock location, based on turnover, environmental factors, and physical capabilities of facilities.",O*NET 31.0 Task Statements,31.0,"BLS Employment Projections Occupation.xlsx Table 1.2, 2025-2035",2804.3,3055,430.7,,,,,,,,,unscored_human_template,human-task-exposure-v2.0,true,train,53-7065.00
53-7065.00,Stockers and Order Fillers,53-7065,53,23891,"Dispose of damaged or defective items, or return them to vendors.",O*NET 31.0 Task Statements,31.0,"BLS Employment Projections Occupation.xlsx Table 1.2, 2025-2035",2804.3,3055,430.7,,,,,,,,,unscored_human_template,human-task-exposure-v2.0,true,train,53-7065.00
53-7065.00,Stockers and Order Fillers,53-7065,53,23896,Compute prices of items or groups of items.,O*NET 31.0 Task Statements,31.0,"BLS Employment Projections Occupation.xlsx Table 1.2, 2025-2035",2804.3,3055,430.7,,,,,,,,,unscored_human_template,human-task-exposure-v2.0,true,train,53-7065.00
53-7081.00,Refuse and Recyclable Material Collectors,53-7081,53,7178,"Communicate with dispatchers concerning delays, unsafe sites, accidents, equipment breakdowns, or other maintenance problems.",O*NET 31.0 Task Statements,31.0,"BLS Employment Projections Occupation.xlsx Table 1.2, 2025-2035",156.4,159.6,15.5,,,,,,,,,unscored_human_template,human-task-exposure-v2.0,true,train,53-7081.00
53-7081.00,Refuse and Recyclable Material Collectors,53-7081,53,7181,Clean trucks or compactor bodies after routes have been completed.,O*NET 31.0 Task Statements,31.0,"BLS Employment Projections Occupation.xlsx Table 1.2, 2025-2035",156.4,159.6,15.5,,,,,,,,,unscored_human_template,human-task-exposure-v2.0,true,train,53-7081.00
53-7081.00,Refuse and Recyclable Material Collectors,53-7081,53,19932,"Make special pickups of recyclable materials, such as food scraps, used oil, discarded computers, or other electronic items.",O*NET 31.0 Task Statements,31.0,"BLS Employment Projections Occupation.xlsx Table 1.2, 2025-2035",156.4,159.6,15.5,,,,,,,,,unscored_human_template,human-task-exposure-v2.0,true,train,53-7081.00
53-7121.00,"Tank Car, Truck, and Ship Loaders",53-7121,53,12797,Check conditions and weights of vessels to ensure cleanliness and compliance with loading procedures.,O*NET 31.0 Task Statements,31.0,"BLS Employment Projections Occupation.xlsx Table 1.2, 2025-2035",12.8,13.2,1.3,,,,,,,,,unscored_human_template,human-task-exposure-v2.0,true,train,53-7121.00
53-7121.00,"Tank Car, Truck, and Ship Loaders",53-7121,53,12792,"Verify tank car, barge, or truck load numbers to ensure car placement accuracy based on written or verbal instructions.",O*NET 31.0 Task Statements,31.0,"BLS Employment Projections Occupation.xlsx Table 1.2, 2025-2035",12.8,13.2,1.3,,,,,,,,,unscored_human_template,human-task-exposure-v2.0,true,train,53-7121.00
53-7121.00,"Tank Car, Truck, and Ship Loaders",53-7121,53,12802,"Remove and replace tank car dome caps, or direct other workers in their removal and replacement.",O*NET 31.0 Task Statements,31.0,"BLS Employment Projections Occupation.xlsx Table 1.2, 2025-2035",12.8,13.2,1.3,,,,,,,,,unscored_human_template,human-task-exposure-v2.0,true,train,53-7121.00
