task_id,occupation_code,occupation_title,soc_code,soc_major_group,task_text,task_type,task_source,onet_version,bls_source,split,split_key,rubric_version,label_status,label_source,not_human_ground_truth,reviewer_1_score,reviewer_2_score,third_reviewer_score,adjudicated_exposure_score,agreement_status,adjudication_reason,source_citations
4104,29-1124.00,Radiation Therapists,29-1124,29,"Store, sterilize, or prepare the special applicators containing the radioactive substance implanted by the physician.",Supplemental,O*NET 31.0 Task Statements,31.0,"BLS Employment Projections Occupation.xlsx Table 1.2, 2025-2035",train,29-1124.00,human-task-exposure-v2.0,unscored_human_template,,true,,,,,,,O*NET 31.0 Task Statements
2380,39-9032.00,Recreation Workers,39-9032,39,Enforce rules and regulations of recreational facilities to maintain discipline and ensure safety.,Core,O*NET 31.0 Task Statements,31.0,"BLS Employment Projections Occupation.xlsx Table 1.2, 2025-2035",train,39-9032.00,human-task-exposure-v2.0,unscored_human_template,,true,,,,,,,O*NET 31.0 Task Statements
21283,11-3013.01,Security Managers,11-3013,11,"Analyze and evaluate security operations to identify risks or opportunities for improvement through auditing, review, or assessment.",Core,O*NET 31.0 Task Statements,31.0,"BLS Employment Projections Occupation.xlsx Table 1.2, 2025-2035",train,11-3013.01,human-task-exposure-v2.0,unscored_human_template,,true,,,,,,,O*NET 31.0 Task Statements
11111,33-2022.00,Forest Fire Inspectors and Prevention Specialists,33-2022,33,Restrict public access and recreational use of forest lands during critical fire seasons.,Core,O*NET 31.0 Task Statements,31.0,"BLS Employment Projections Occupation.xlsx Table 1.2, 2025-2035",validation,33-2022.00,human-task-exposure-v2.0,unscored_human_template,,true,,,,,,,O*NET 31.0 Task Statements
15873,13-1081.01,Logistics Engineers,13-1081,13,"Determine feasibility of designing new facilities or modifying existing facilities, based on factors such as cost, available space, schedule, technical requirements, or ergonomics.",Core,O*NET 31.0 Task Statements,31.0,"BLS Employment Projections Occupation.xlsx Table 1.2, 2025-2035",train,13-1081.01,human-task-exposure-v2.0,unscored_human_template,,true,,,,,,,O*NET 31.0 Task Statements
5417,19-1011.00,Animal Scientists,19-1011,19,"Develop improved practices in feeding, housing, sanitation, or parasite and disease control of animals.",Core,O*NET 31.0 Task Statements,31.0,"BLS Employment Projections Occupation.xlsx Table 1.2, 2025-2035",validation,19-1011.00,human-task-exposure-v2.0,unscored_human_template,,true,,,,,,,O*NET 31.0 Task Statements
21663,15-1252.00,Software Developers,15-1252,15,Confer with data processing or project managers to obtain information on limitations or capabilities for data processing projects.,Core,O*NET 31.0 Task Statements,31.0,"BLS Employment Projections Occupation.xlsx Table 1.2, 2025-2035",train,15-1252.00,human-task-exposure-v2.0,unscored_human_template,,true,,,,,,,O*NET 31.0 Task Statements
13847,49-9091.00,"Coin, Vending, and Amusement Machine Servicers and Repairers",49-9091,49,"Adjust and repair coin, vending, or amusement machines and meters and replace defective mechanical and electrical parts, using hand tools, soldering irons, and diagrams.",Core,O*NET 31.0 Task Statements,31.0,"BLS Employment Projections Occupation.xlsx Table 1.2, 2025-2035",train,49-9091.00,human-task-exposure-v2.0,unscored_human_template,,true,,,,,,,O*NET 31.0 Task Statements
5749,25-1031.00,"Architecture Teachers, Postsecondary",25-1031,25,Provide professional consulting services to government or industry.,Supplemental,O*NET 31.0 Task Statements,31.0,"BLS Employment Projections Occupation.xlsx Table 1.2, 2025-2035",train,25-1031.00,human-task-exposure-v2.0,unscored_human_template,,true,,,,,,,O*NET 31.0 Task Statements
5579,19-4071.00,Forest and Conservation Technicians,19-4071,19,"Conduct laboratory or field experiments with plants, animals, insects, diseases, and soils.",Supplemental,O*NET 31.0 Task Statements,31.0,"BLS Employment Projections Occupation.xlsx Table 1.2, 2025-2035",train,19-4071.00,human-task-exposure-v2.0,unscored_human_template,,true,,,,,,,O*NET 31.0 Task Statements
14869,47-2043.00,Floor Sanders and Finishers,47-2043,47,Inspect floors for smoothness.,Core,O*NET 31.0 Task Statements,31.0,"BLS Employment Projections Occupation.xlsx Table 1.2, 2025-2035",test,47-2043.00,human-task-exposure-v2.0,unscored_human_template,,true,,,,,,,O*NET 31.0 Task Statements
12504,51-9124.00,"Coating, Painting, and Spraying Machine Setters, Operators, and Tenders",51-9124,51,"Determine paint flow, viscosity, and coating quality by performing visual inspections, or by using viscometers.",Core,O*NET 31.0 Task Statements,31.0,"BLS Employment Projections Occupation.xlsx Table 1.2, 2025-2035",test,51-9124.00,human-task-exposure-v2.0,unscored_human_template,,true,,,,,,,O*NET 31.0 Task Statements
21281,11-3013.00,Facilities Managers,11-3013,11,Prepare and review operational reports and schedules to ensure accuracy and efficiency.,Core,O*NET 31.0 Task Statements,31.0,"BLS Employment Projections Occupation.xlsx Table 1.2, 2025-2035",validation,11-3013.00,human-task-exposure-v2.0,unscored_human_template,,true,,,,,,,O*NET 31.0 Task Statements
17941,49-9099.01,Geothermal Technicians,49-9099,49,"Prepare newly installed geothermal heat systems for operation by flushing, purging, or other actions.",Supplemental,O*NET 31.0 Task Statements,31.0,"BLS Employment Projections Occupation.xlsx Table 1.2, 2025-2035",train,49-9099.01,human-task-exposure-v2.0,unscored_human_template,,true,,,,,,,O*NET 31.0 Task Statements
4087,29-1124.00,Radiation Therapists,29-1124,29,Enter data into computer and set controls to operate or adjust equipment or regulate dosage.,Core,O*NET 31.0 Task Statements,31.0,"BLS Employment Projections Occupation.xlsx Table 1.2, 2025-2035",train,29-1124.00,human-task-exposure-v2.0,unscored_human_template,,true,,,,,,,O*NET 31.0 Task Statements
6462,25-1194.00,"Career/Technical Education Teachers, Postsecondary",25-1194,25,Review enrollment applications and correspond with applicants to obtain additional information.,Supplemental,O*NET 31.0 Task Statements,31.0,"BLS Employment Projections Occupation.xlsx Table 1.2, 2025-2035",test,25-1194.00,human-task-exposure-v2.0,unscored_human_template,,true,,,,,,,O*NET 31.0 Task Statements
4224,29-9091.00,Athletic Trainers,29-9091,29,"Apply protective or injury preventive devices, such as tape, bandages, or braces, to body parts, such as ankles, fingers, or wrists.",Core,O*NET 31.0 Task Statements,31.0,"BLS Employment Projections Occupation.xlsx Table 1.2, 2025-2035",train,29-9091.00,human-task-exposure-v2.0,unscored_human_template,,true,,,,,,,O*NET 31.0 Task Statements
9733,43-4061.00,"Eligibility Interviewers, Government Programs",43-4061,43,Interview benefits recipients at specified intervals to certify their eligibility for continuing benefits.,Core,O*NET 31.0 Task Statements,31.0,"BLS Employment Projections Occupation.xlsx Table 1.2, 2025-2035",train,43-4061.00,human-task-exposure-v2.0,unscored_human_template,,true,,,,,,,O*NET 31.0 Task Statements
6386,25-1126.00,"Philosophy and Religion Teachers, Postsecondary",25-1126,25,Maintain regularly scheduled office hours to advise and assist students.,Core,O*NET 31.0 Task Statements,31.0,"BLS Employment Projections Occupation.xlsx Table 1.2, 2025-2035",train,25-1126.00,human-task-exposure-v2.0,unscored_human_template,,true,,,,,,,O*NET 31.0 Task Statements
4870,47-3015.00,"Helpers--Pipelayers, Plumbers, Pipefitters, and Steamfitters",47-3015,47,"Fill pipes with sand or resin to prevent distortion, and hold pipes during bending and installation.",Supplemental,O*NET 31.0 Task Statements,31.0,"BLS Employment Projections Occupation.xlsx Table 1.2, 2025-2035",validation,47-3015.00,human-task-exposure-v2.0,unscored_human_template,,true,,,,,,,O*NET 31.0 Task Statements
21658,15-1243.00,Database Architects,15-1243,15,Train users and answer questions.,Supplemental,O*NET 31.0 Task Statements,31.0,"BLS Employment Projections Occupation.xlsx Table 1.2, 2025-2035",train,15-1243.00,human-task-exposure-v2.0,unscored_human_template,,true,,,,,,,O*NET 31.0 Task Statements
24028,27-3092.00,Court Reporters and Simultaneous Captioners,27-3092,27,File exhibits.,Supplemental,O*NET 31.0 Task Statements,31.0,"BLS Employment Projections Occupation.xlsx Table 1.2, 2025-2035",train,27-3092.00,human-task-exposure-v2.0,unscored_human_template,,true,,,,,,,O*NET 31.0 Task Statements
20154,51-1011.00,First-Line Supervisors of Production and Operating Workers,51-1011,51,"Conduct employee training in equipment operations or work and safety procedures, or assign employee training to experienced workers.",Core,O*NET 31.0 Task Statements,31.0,"BLS Employment Projections Occupation.xlsx Table 1.2, 2025-2035",train,51-1011.00,human-task-exposure-v2.0,unscored_human_template,,true,,,,,,,O*NET 31.0 Task Statements
23879,53-7065.00,Stockers and Order Fillers,53-7065,53,"Stamp, attach, or change price tags on merchandise, referring to price list.",Supplemental,O*NET 31.0 Task Statements,31.0,"BLS Employment Projections Occupation.xlsx Table 1.2, 2025-2035",train,53-7065.00,human-task-exposure-v2.0,unscored_human_template,,true,,,,,,,O*NET 31.0 Task Statements
1997,31-1133.00,Psychiatric Aides,31-1133,31,Aid patients in becoming accustomed to hospital routines.,Core,O*NET 31.0 Task Statements,31.0,"BLS Employment Projections Occupation.xlsx Table 1.2, 2025-2035",validation,31-1133.00,human-task-exposure-v2.0,unscored_human_template,,true,,,,,,,O*NET 31.0 Task Statements
10936,21-2011.00,Clergy,21-2011,21,Prepare and deliver sermons or other talks.,Core,O*NET 31.0 Task Statements,31.0,"BLS Employment Projections Occupation.xlsx Table 1.2, 2025-2035",test,21-2011.00,human-task-exposure-v2.0,unscored_human_template,,true,,,,,,,O*NET 31.0 Task Statements
10900,17-3024.00,Electro-Mechanical and Mechatronics Technologists and Technicians,17-3024,17,"Repair, rework, or calibrate hydraulic or pneumatic assemblies or systems to meet operational specifications or tolerances.",Supplemental,O*NET 31.0 Task Statements,31.0,"BLS Employment Projections Occupation.xlsx Table 1.2, 2025-2035",train,17-3024.00,human-task-exposure-v2.0,unscored_human_template,,true,,,,,,,O*NET 31.0 Task Statements
12694,51-9198.00,Helpers--Production Workers,51-9198,51,Examine products to verify conformance to quality standards.,Core,O*NET 31.0 Task Statements,31.0,"BLS Employment Projections Occupation.xlsx Table 1.2, 2025-2035",train,51-9198.00,human-task-exposure-v2.0,unscored_human_template,,true,,,,,,,O*NET 31.0 Task Statements
20288,43-6014.00,"Secretaries and Administrative Assistants, Except Legal, Medical, and Executive",43-6014,43,Develop or maintain internal or external company Web sites.,Supplemental,O*NET 31.0 Task Statements,31.0,"BLS Employment Projections Occupation.xlsx Table 1.2, 2025-2035",train,43-6014.00,human-task-exposure-v2.0,unscored_human_template,,true,,,,,,,O*NET 31.0 Task Statements
15664,11-3031.03,Investment Fund Managers,11-3031,11,"Develop, implement, or monitor security valuation policies.",Core,O*NET 31.0 Task Statements,31.0,"BLS Employment Projections Occupation.xlsx Table 1.2, 2025-2035",train,11-3031.03,human-task-exposure-v2.0,unscored_human_template,,true,,,,,,,O*NET 31.0 Task Statements
15826,11-9199.10,Wind Energy Development Managers,11-9199,11,Manage site assessments or environmental studies for wind fields.,Core,O*NET 31.0 Task Statements,31.0,"BLS Employment Projections Occupation.xlsx Table 1.2, 2025-2035",test,11-9199.10,human-task-exposure-v2.0,unscored_human_template,,true,,,,,,,O*NET 31.0 Task Statements
19617,17-2071.00,Electrical Engineers,17-2071,17,"Design electrical systems or components that minimize electric energy requirements, such as lighting systems designed to account for natural lighting.",Supplemental,O*NET 31.0 Task Statements,31.0,"BLS Employment Projections Occupation.xlsx Table 1.2, 2025-2035",train,17-2071.00,human-task-exposure-v2.0,unscored_human_template,,true,,,,,,,O*NET 31.0 Task Statements
14873,47-2043.00,Floor Sanders and Finishers,47-2043,47,Apply filler compound and coats of finish to floors to seal wood.,Core,O*NET 31.0 Task Statements,31.0,"BLS Employment Projections Occupation.xlsx Table 1.2, 2025-2035",test,47-2043.00,human-task-exposure-v2.0,unscored_human_template,,true,,,,,,,O*NET 31.0 Task Statements
9809,45-4022.00,Logging Equipment Operators,45-4022,45,Fill out required job or shift report forms.,Core,O*NET 31.0 Task Statements,31.0,"BLS Employment Projections Occupation.xlsx Table 1.2, 2025-2035",train,45-4022.00,human-task-exposure-v2.0,unscored_human_template,,true,,,,,,,O*NET 31.0 Task Statements
14565,53-5031.00,Ship Engineers,53-5031,53,"Order and receive engine room stores, such as oil or spare parts, maintain inventories, and record usage of supplies.",Core,O*NET 31.0 Task Statements,31.0,"BLS Employment Projections Occupation.xlsx Table 1.2, 2025-2035",train,53-5031.00,human-task-exposure-v2.0,unscored_human_template,,true,,,,,,,O*NET 31.0 Task Statements
8663,27-3092.00,Court Reporters and Simultaneous Captioners,27-3092,27,Record symbols on computer storage media and use computer aided transcription to translate and display them as text.,Core,O*NET 31.0 Task Statements,31.0,"BLS Employment Projections Occupation.xlsx Table 1.2, 2025-2035",train,27-3092.00,human-task-exposure-v2.0,unscored_human_template,,true,,,,,,,O*NET 31.0 Task Statements
1761,27-2022.00,Coaches and Scouts,27-2022,27,"Select, acquire, store, and issue equipment and other materials as necessary.",Supplemental,O*NET 31.0 Task Statements,31.0,"BLS Employment Projections Occupation.xlsx Table 1.2, 2025-2035",train,27-2022.00,human-task-exposure-v2.0,unscored_human_template,,true,,,,,,,O*NET 31.0 Task Statements
9746,43-4061.00,"Eligibility Interviewers, Government Programs",43-4061,43,"Provide applicants with assistance in completing application forms, such as those for job referrals or unemployment compensation claims.",Supplemental,O*NET 31.0 Task Statements,31.0,"BLS Employment Projections Occupation.xlsx Table 1.2, 2025-2035",train,43-4061.00,human-task-exposure-v2.0,unscored_human_template,,true,,,,,,,O*NET 31.0 Task Statements
3900,27-2012.05,Media Technical Directors/Managers,27-2012,27,Schedule use of studio and editing facilities for producers and engineering and maintenance staff.,Core,O*NET 31.0 Task Statements,31.0,"BLS Employment Projections Occupation.xlsx Table 1.2, 2025-2035",train,27-2012.05,human-task-exposure-v2.0,unscored_human_template,,true,,,,,,,O*NET 31.0 Task Statements
5736,25-1031.00,"Architecture Teachers, Postsecondary",25-1031,25,"Keep abreast of developments in the field by reading current literature, talking with colleagues, and participating in professional conferences.",Core,O*NET 31.0 Task Statements,31.0,"BLS Employment Projections Occupation.xlsx Table 1.2, 2025-2035",train,25-1031.00,human-task-exposure-v2.0,unscored_human_template,,true,,,,,,,O*NET 31.0 Task Statements
9940,49-2091.00,Avionics Technicians,49-2091,49,"Connect components to assemblies such as radio systems, instruments, magnetos, inverters, and in-flight refueling systems, using hand tools and soldering irons.",Core,O*NET 31.0 Task Statements,31.0,"BLS Employment Projections Occupation.xlsx Table 1.2, 2025-2035",train,49-2091.00,human-task-exposure-v2.0,unscored_human_template,,true,,,,,,,O*NET 31.0 Task Statements
16981,19-4099.03,Remote Sensing Technicians,19-4099,19,Participate in the planning or development of mapping projects.,Core,O*NET 31.0 Task Statements,31.0,"BLS Employment Projections Occupation.xlsx Table 1.2, 2025-2035",train,19-4099.03,human-task-exposure-v2.0,unscored_human_template,,true,,,,,,,O*NET 31.0 Task Statements
21251,11-2033.00,Fundraising Managers,11-2033,11,Develop fundraising activity plans that maximize participation or contributions and minimize costs.,Core,O*NET 31.0 Task Statements,31.0,"BLS Employment Projections Occupation.xlsx Table 1.2, 2025-2035",train,11-2033.00,human-task-exposure-v2.0,unscored_human_template,,true,,,,,,,O*NET 31.0 Task Statements
22207,19-3039.03,Clinical Neuropsychologists,19-3039,19,"Compare patients' progress before and after pharmacologic, surgical, or behavioral interventions.",Core,O*NET 31.0 Task Statements,31.0,"BLS Employment Projections Occupation.xlsx Table 1.2, 2025-2035",train,19-3039.03,human-task-exposure-v2.0,unscored_human_template,,true,,,,,,,O*NET 31.0 Task Statements
21643,13-2072.00,Loan Officers,13-2072,13,Inform individuals and groups about the financial assistance available to college or university students.,n/a,O*NET 31.0 Task Statements,31.0,"BLS Employment Projections Occupation.xlsx Table 1.2, 2025-2035",train,13-2072.00,human-task-exposure-v2.0,unscored_human_template,,true,,,,,,,O*NET 31.0 Task Statements
23460,47-2152.00,"Plumbers, Pipefitters, and Steamfitters",47-2152,47,"Lay out full scale drawings of pipe systems, supports, or related equipment, according to blueprints.",Core,O*NET 31.0 Task Statements,31.0,"BLS Employment Projections Occupation.xlsx Table 1.2, 2025-2035",validation,47-2152.00,human-task-exposure-v2.0,unscored_human_template,,true,,,,,,,O*NET 31.0 Task Statements
15838,11-9199.10,Wind Energy Development Managers,11-9199,11,"Create wind energy project plans, including project scope, goals, tasks, resources, schedules, costs, contingencies, or other project information.",Core,O*NET 31.0 Task Statements,31.0,"BLS Employment Projections Occupation.xlsx Table 1.2, 2025-2035",test,11-9199.10,human-task-exposure-v2.0,unscored_human_template,,true,,,,,,,O*NET 31.0 Task Statements
17934,49-9099.01,Geothermal Technicians,49-9099,49,Monitor and adjust operations of geothermal power plant equipment or systems.,Core,O*NET 31.0 Task Statements,31.0,"BLS Employment Projections Occupation.xlsx Table 1.2, 2025-2035",train,49-9099.01,human-task-exposure-v2.0,unscored_human_template,,true,,,,,,,O*NET 31.0 Task Statements
14064,51-6041.00,Shoe and Leather Workers and Repairers,51-6041,51,"Align and stitch or glue materials such as fabric, fleece, leather, or wood, to join parts.",Core,O*NET 31.0 Task Statements,31.0,"BLS Employment Projections Occupation.xlsx Table 1.2, 2025-2035",train,51-6041.00,human-task-exposure-v2.0,unscored_human_template,,true,,,,,,,O*NET 31.0 Task Statements
21672,15-1252.00,Software Developers,15-1252,15,"Obtain and evaluate information on factors such as reporting formats required, costs, or security needs to determine hardware configuration.",Supplemental,O*NET 31.0 Task Statements,31.0,"BLS Employment Projections Occupation.xlsx Table 1.2, 2025-2035",train,15-1252.00,human-task-exposure-v2.0,unscored_human_template,,true,,,,,,,O*NET 31.0 Task Statements
13032,27-1022.00,Fashion Designers,27-1022,27,Research the styles and periods of clothing needed for film or theatrical productions.,Supplemental,O*NET 31.0 Task Statements,31.0,"BLS Employment Projections Occupation.xlsx Table 1.2, 2025-2035",train,27-1022.00,human-task-exposure-v2.0,unscored_human_template,,true,,,,,,,O*NET 31.0 Task Statements
5119,39-3091.00,Amusement and Recreation Attendants,39-3091,39,Sell tickets and collect fees from customers.,Core,O*NET 31.0 Task Statements,31.0,"BLS Employment Projections Occupation.xlsx Table 1.2, 2025-2035",validation,39-3091.00,human-task-exposure-v2.0,unscored_human_template,,true,,,,,,,O*NET 31.0 Task Statements
15181,53-7031.00,Dredge Operators,53-7031,53,"Lower anchor poles to verify depths of excavations, using winches, or scan depth gauges to determine depths of excavations.",Core,O*NET 31.0 Task Statements,31.0,"BLS Employment Projections Occupation.xlsx Table 1.2, 2025-2035",train,53-7031.00,human-task-exposure-v2.0,unscored_human_template,,true,,,,,,,O*NET 31.0 Task Statements
22127,17-3031.00,Surveying and Mapping Technicians,17-3031,17,Prepare cost estimates for mapping projects.,Supplemental,O*NET 31.0 Task Statements,31.0,"BLS Employment Projections Occupation.xlsx Table 1.2, 2025-2035",train,17-3031.00,human-task-exposure-v2.0,unscored_human_template,,true,,,,,,,O*NET 31.0 Task Statements
5416,19-1011.00,Animal Scientists,19-1011,19,"Study effects of management practices, processing methods, feed, or environmental conditions on quality and quantity of animal products, such as eggs and milk.",Core,O*NET 31.0 Task Statements,31.0,"BLS Employment Projections Occupation.xlsx Table 1.2, 2025-2035",validation,19-1011.00,human-task-exposure-v2.0,unscored_human_template,,true,,,,,,,O*NET 31.0 Task Statements
16994,19-4099.03,Remote Sensing Technicians,19-4099,19,Correct raw data for errors due to factors such as skew or atmospheric variation.,Supplemental,O*NET 31.0 Task Statements,31.0,"BLS Employment Projections Occupation.xlsx Table 1.2, 2025-2035",train,19-4099.03,human-task-exposure-v2.0,unscored_human_template,,true,,,,,,,O*NET 31.0 Task Statements
21676,15-1252.00,Software Developers,15-1252,15,"Store, retrieve, and manipulate data for analysis of system capabilities and requirements.",Core,O*NET 31.0 Task Statements,31.0,"BLS Employment Projections Occupation.xlsx Table 1.2, 2025-2035",train,15-1252.00,human-task-exposure-v2.0,unscored_human_template,,true,,,,,,,O*NET 31.0 Task Statements
13204,41-9011.00,Demonstrators and Product Promoters,41-9011,41,Train demonstrators to present a company's products or services.,Supplemental,O*NET 31.0 Task Statements,31.0,"BLS Employment Projections Occupation.xlsx Table 1.2, 2025-2035",train,41-9011.00,human-task-exposure-v2.0,unscored_human_template,,true,,,,,,,O*NET 31.0 Task Statements
13154,39-1022.00,First-Line Supervisors of Personal Service Workers,39-1022,39,"Direct marketing, advertising, or other customer recruitment efforts.",Supplemental,O*NET 31.0 Task Statements,31.0,"BLS Employment Projections Occupation.xlsx Table 1.2, 2025-2035",train,39-1022.00,human-task-exposure-v2.0,unscored_human_template,,true,,,,,,,O*NET 31.0 Task Statements
23654,51-9124.00,"Coating, Painting, and Spraying Machine Setters, Operators, and Tenders",51-9124,51,Clean equipment and work areas.,Core,O*NET 31.0 Task Statements,31.0,"BLS Employment Projections Occupation.xlsx Table 1.2, 2025-2035",test,51-9124.00,human-task-exposure-v2.0,unscored_human_template,,true,,,,,,,O*NET 31.0 Task Statements
13199,41-9011.00,Demonstrators and Product Promoters,41-9011,41,Practice demonstrations to ensure that they will run smoothly.,Core,O*NET 31.0 Task Statements,31.0,"BLS Employment Projections Occupation.xlsx Table 1.2, 2025-2035",train,41-9011.00,human-task-exposure-v2.0,unscored_human_template,,true,,,,,,,O*NET 31.0 Task Statements
17541,31-9099.01,Speech-Language Pathology Assistants,31-9099,31,Select or prepare speech-language instructional materials.,Core,O*NET 31.0 Task Statements,31.0,"BLS Employment Projections Occupation.xlsx Table 1.2, 2025-2035",train,31-9099.01,human-task-exposure-v2.0,unscored_human_template,,true,,,,,,,O*NET 31.0 Task Statements
20115,27-2022.00,Coaches and Scouts,27-2022,27,"Counsel student athletes on academic, athletic, and personal issues.",Core,O*NET 31.0 Task Statements,31.0,"BLS Employment Projections Occupation.xlsx Table 1.2, 2025-2035",train,27-2022.00,human-task-exposure-v2.0,unscored_human_template,,true,,,,,,,O*NET 31.0 Task Statements
6456,25-1194.00,"Career/Technical Education Teachers, Postsecondary",25-1194,25,Integrate academic and vocational curricula so that students can obtain a variety of skills.,Core,O*NET 31.0 Task Statements,31.0,"BLS Employment Projections Occupation.xlsx Table 1.2, 2025-2035",test,25-1194.00,human-task-exposure-v2.0,unscored_human_template,,true,,,,,,,O*NET 31.0 Task Statements
21253,11-2033.00,Fundraising Managers,11-2033,11,"Direct activities of external agencies, establishments, or departments that develop and implement fundraising strategies and programs.",Supplemental,O*NET 31.0 Task Statements,31.0,"BLS Employment Projections Occupation.xlsx Table 1.2, 2025-2035",train,11-2033.00,human-task-exposure-v2.0,unscored_human_template,,true,,,,,,,O*NET 31.0 Task Statements
9531,37-1011.00,First-Line Supervisors of Housekeeping and Janitorial Workers,37-1011,37,"Maintain required records of work hours, budgets, payrolls, and other information.",Core,O*NET 31.0 Task Statements,31.0,"BLS Employment Projections Occupation.xlsx Table 1.2, 2025-2035",validation,37-1011.00,human-task-exposure-v2.0,unscored_human_template,,true,,,,,,,O*NET 31.0 Task Statements
5734,25-1031.00,"Architecture Teachers, Postsecondary",25-1031,25,"Initiate, facilitate, and moderate classroom discussions.",Core,O*NET 31.0 Task Statements,31.0,"BLS Employment Projections Occupation.xlsx Table 1.2, 2025-2035",train,25-1031.00,human-task-exposure-v2.0,unscored_human_template,,true,,,,,,,O*NET 31.0 Task Statements
11740,49-2093.00,"Electrical and Electronics Installers and Repairers, Transportation Equipment",49-2093,49,Confer with customers to determine the nature of malfunctions.,Supplemental,O*NET 31.0 Task Statements,31.0,"BLS Employment Projections Occupation.xlsx Table 1.2, 2025-2035",test,49-2093.00,human-task-exposure-v2.0,unscored_human_template,,true,,,,,,,O*NET 31.0 Task Statements
9853,47-2073.00,Operating Engineers and Other Construction Equipment Operators,47-2073,47,"Locate underground services, such as pipes or wires, prior to beginning work.",Core,O*NET 31.0 Task Statements,31.0,"BLS Employment Projections Occupation.xlsx Table 1.2, 2025-2035",train,47-2073.00,human-task-exposure-v2.0,unscored_human_template,,true,,,,,,,O*NET 31.0 Task Statements
2192,35-2015.00,"Cooks, Short Order",35-2015,35,"Complete orders from steam tables, placing food on plates and serving customers at tables or counters.",Core,O*NET 31.0 Task Statements,31.0,"BLS Employment Projections Occupation.xlsx Table 1.2, 2025-2035",test,35-2015.00,human-task-exposure-v2.0,unscored_human_template,,true,,,,,,,O*NET 31.0 Task Statements
1226,13-1121.00,"Meeting, Convention, and Event Planners",13-1121,13,"Hire, train, and supervise volunteers and support staff required for events.",Core,O*NET 31.0 Task Statements,31.0,"BLS Employment Projections Occupation.xlsx Table 1.2, 2025-2035",train,13-1121.00,human-task-exposure-v2.0,unscored_human_template,,true,,,,,,,O*NET 31.0 Task Statements
14436,53-1041.00,Aircraft Cargo Handling Supervisors,53-1041,53,Accompany aircraft as a member of the flight crew to monitor and handle cargo in flight.,Supplemental,O*NET 31.0 Task Statements,31.0,"BLS Employment Projections Occupation.xlsx Table 1.2, 2025-2035",train,53-1041.00,human-task-exposure-v2.0,unscored_human_template,,true,,,,,,,O*NET 31.0 Task Statements
21255,11-2033.00,Fundraising Managers,11-2033,11,"Establish goals for soliciting funds, develop policies for collection and safeguarding of contributions, and coordinate disbursement of funds.",Core,O*NET 31.0 Task Statements,31.0,"BLS Employment Projections Occupation.xlsx Table 1.2, 2025-2035",train,11-2033.00,human-task-exposure-v2.0,unscored_human_template,,true,,,,,,,O*NET 31.0 Task Statements
13798,49-9031.00,Home Appliance Repairers,49-9031,49,Clean and reinstall parts.,Core,O*NET 31.0 Task Statements,31.0,"BLS Employment Projections Occupation.xlsx Table 1.2, 2025-2035",train,49-9031.00,human-task-exposure-v2.0,unscored_human_template,,true,,,,,,,O*NET 31.0 Task Statements
2105,33-3012.00,Correctional Officers and Jailers,33-3012,33,"Take prisoners into custody and escort to locations within and outside of facility, such as visiting room, courtroom, or airport.",Core,O*NET 31.0 Task Statements,31.0,"BLS Employment Projections Occupation.xlsx Table 1.2, 2025-2035",train,33-3012.00,human-task-exposure-v2.0,unscored_human_template,,true,,,,,,,O*NET 31.0 Task Statements
23487,47-2152.00,"Plumbers, Pipefitters, and Steamfitters",47-2152,47,Repair hydraulic or air pumps.,Supplemental,O*NET 31.0 Task Statements,31.0,"BLS Employment Projections Occupation.xlsx Table 1.2, 2025-2035",validation,47-2152.00,human-task-exposure-v2.0,unscored_human_template,,true,,,,,,,O*NET 31.0 Task Statements
13198,41-9011.00,Demonstrators and Product Promoters,41-9011,41,Identify interested and qualified customers to provide them with additional information.,Core,O*NET 31.0 Task Statements,31.0,"BLS Employment Projections Occupation.xlsx Table 1.2, 2025-2035",train,41-9011.00,human-task-exposure-v2.0,unscored_human_template,,true,,,,,,,O*NET 31.0 Task Statements
9810,45-4022.00,Logging Equipment Operators,45-4022,45,"Calculate total board feet, cordage, or other wood measurement units, using conversion tables.",Supplemental,O*NET 31.0 Task Statements,31.0,"BLS Employment Projections Occupation.xlsx Table 1.2, 2025-2035",train,45-4022.00,human-task-exposure-v2.0,unscored_human_template,,true,,,,,,,O*NET 31.0 Task Statements
20144,47-3015.00,"Helpers--Pipelayers, Plumbers, Pipefitters, and Steamfitters",47-3015,47,"Perform rough-ins, repair and replace fixtures and water heaters, and locate, repair, or remove leaking or broken pipes.",Core,O*NET 31.0 Task Statements,31.0,"BLS Employment Projections Occupation.xlsx Table 1.2, 2025-2035",validation,47-3015.00,human-task-exposure-v2.0,unscored_human_template,,true,,,,,,,O*NET 31.0 Task Statements
14692,15-1299.08,Computer Systems Engineers/Architects,15-1299,15,Develop application-specific software.,Supplemental,O*NET 31.0 Task Statements,31.0,"BLS Employment Projections Occupation.xlsx Table 1.2, 2025-2035",train,15-1299.08,human-task-exposure-v2.0,unscored_human_template,,true,,,,,,,O*NET 31.0 Task Statements
5528,19-4012.00,Agricultural Technicians,19-4012,19,"Record data pertaining to experimentation, research, or animal care.",Core,O*NET 31.0 Task Statements,31.0,"BLS Employment Projections Occupation.xlsx Table 1.2, 2025-2035",train,19-4012.00,human-task-exposure-v2.0,unscored_human_template,,true,,,,,,,O*NET 31.0 Task Statements
19157,29-1129.01,Art Therapists,29-1129,29,Coordinate field trips for client groups to museums or other public displays of art.,Supplemental,O*NET 31.0 Task Statements,31.0,"BLS Employment Projections Occupation.xlsx Table 1.2, 2025-2035",train,29-1129.01,human-task-exposure-v2.0,unscored_human_template,,true,,,,,,,O*NET 31.0 Task Statements
11371,43-5061.00,"Production, Planning, and Expediting Clerks",43-5061,43,"Compile information, such as production rates and progress, materials inventories, materials used, or customer information, so that status reports can be completed.",Core,O*NET 31.0 Task Statements,31.0,"BLS Employment Projections Occupation.xlsx Table 1.2, 2025-2035",validation,43-5061.00,human-task-exposure-v2.0,unscored_human_template,,true,,,,,,,O*NET 31.0 Task Statements
20530,19-4012.00,Agricultural Technicians,19-4012,19,Collect animal or crop samples.,Core,O*NET 31.0 Task Statements,31.0,"BLS Employment Projections Occupation.xlsx Table 1.2, 2025-2035",train,19-4012.00,human-task-exposure-v2.0,unscored_human_template,,true,,,,,,,O*NET 31.0 Task Statements
5209,11-9031.00,"Education and Childcare Administrators, Preschool and Daycare",11-9031,11,"Organize and direct committees of specialists, volunteers, and staff to provide technical and advisory assistance for programs.",Core,O*NET 31.0 Task Statements,31.0,"BLS Employment Projections Occupation.xlsx Table 1.2, 2025-2035",test,11-9031.00,human-task-exposure-v2.0,unscored_human_template,,true,,,,,,,O*NET 31.0 Task Statements
23432,47-2031.00,Carpenters,47-2031,47,"Measure and mark cutting lines on materials, using a ruler, pencil, chalk, and marking gauge.",Core,O*NET 31.0 Task Statements,31.0,"BLS Employment Projections Occupation.xlsx Table 1.2, 2025-2035",train,47-2031.00,human-task-exposure-v2.0,unscored_human_template,,true,,,,,,,O*NET 31.0 Task Statements
17835,51-8099.01,Biofuels Processing Technicians,51-8099,51,"Perform routine maintenance on mechanical, electrical, or electronic equipment or instruments used in the processing of biofuels.",Core,O*NET 31.0 Task Statements,31.0,"BLS Employment Projections Occupation.xlsx Table 1.2, 2025-2035",validation,51-8099.01,human-task-exposure-v2.0,unscored_human_template,,true,,,,,,,O*NET 31.0 Task Statements
6920,29-1011.00,Chiropractors,29-1011,29,"Counsel patients about nutrition, exercise, sleeping habits, stress management, or other matters.",Core,O*NET 31.0 Task Statements,31.0,"BLS Employment Projections Occupation.xlsx Table 1.2, 2025-2035",train,29-1011.00,human-task-exposure-v2.0,unscored_human_template,,true,,,,,,,O*NET 31.0 Task Statements
13139,39-1022.00,First-Line Supervisors of Personal Service Workers,39-1022,39,Inspect work areas or operating equipment to ensure conformance to established standards in areas such as cleanliness or maintenance.,Core,O*NET 31.0 Task Statements,31.0,"BLS Employment Projections Occupation.xlsx Table 1.2, 2025-2035",train,39-1022.00,human-task-exposure-v2.0,unscored_human_template,,true,,,,,,,O*NET 31.0 Task Statements
6251,25-1113.00,"Social Work Teachers, Postsecondary",25-1113,25,"Maintain student attendance records, grades, and other required records.",Core,O*NET 31.0 Task Statements,31.0,"BLS Employment Projections Occupation.xlsx Table 1.2, 2025-2035",train,25-1113.00,human-task-exposure-v2.0,unscored_human_template,,true,,,,,,,O*NET 31.0 Task Statements
8195,43-5011.00,Cargo and Freight Agents,43-5011,43,Enter shipping information into a computer by hand or by a hand-held scanner that reads bar codes on goods.,Core,O*NET 31.0 Task Statements,31.0,"BLS Employment Projections Occupation.xlsx Table 1.2, 2025-2035",train,43-5011.00,human-task-exposure-v2.0,unscored_human_template,,true,,,,,,,O*NET 31.0 Task Statements
20322,13-1161.01,Search Marketing Strategists,13-1161,13,Evaluate new emerging media or technologies and make recommendations for their application within Internet marketing or search marketing campaigns.,Core,O*NET 31.0 Task Statements,31.0,"BLS Employment Projections Occupation.xlsx Table 1.2, 2025-2035",train,13-1161.01,human-task-exposure-v2.0,unscored_human_template,,true,,,,,,,O*NET 31.0 Task Statements
8197,43-5011.00,Cargo and Freight Agents,43-5011,43,"Pack goods for shipping, using tools such as staplers, strapping machines, and hammers.",Supplemental,O*NET 31.0 Task Statements,31.0,"BLS Employment Projections Occupation.xlsx Table 1.2, 2025-2035",train,43-5011.00,human-task-exposure-v2.0,unscored_human_template,,true,,,,,,,O*NET 31.0 Task Statements
5121,39-3091.00,Amusement and Recreation Attendants,39-3091,39,"Clean sporting equipment, vehicles, rides, booths, facilities, or grounds.",Supplemental,O*NET 31.0 Task Statements,31.0,"BLS Employment Projections Occupation.xlsx Table 1.2, 2025-2035",validation,39-3091.00,human-task-exposure-v2.0,unscored_human_template,,true,,,,,,,O*NET 31.0 Task Statements
13019,27-1022.00,Fashion Designers,27-1022,27,Select materials and production techniques to be used for products.,Core,O*NET 31.0 Task Statements,31.0,"BLS Employment Projections Occupation.xlsx Table 1.2, 2025-2035",train,27-1022.00,human-task-exposure-v2.0,unscored_human_template,,true,,,,,,,O*NET 31.0 Task Statements
21830,15-2051.00,Data Scientists,15-2051,15,"Design surveys, opinion polls, or other instruments to collect data.",Supplemental,O*NET 31.0 Task Statements,31.0,"BLS Employment Projections Occupation.xlsx Table 1.2, 2025-2035",train,15-2051.00,human-task-exposure-v2.0,unscored_human_template,,true,,,,,,,O*NET 31.0 Task Statements
17175,29-1241.00,"Ophthalmologists, Except Pediatric",29-1241,29,Perform comprehensive examinations of the visual system to determine the nature or extent of ocular disorders.,Core,O*NET 31.0 Task Statements,31.0,"BLS Employment Projections Occupation.xlsx Table 1.2, 2025-2035",train,29-1241.00,human-task-exposure-v2.0,unscored_human_template,,true,,,,,,,O*NET 31.0 Task Statements
17161,29-1241.00,"Ophthalmologists, Except Pediatric",29-1241,29,"Instruct interns, residents, or others in ophthalmologic procedures and techniques.",Supplemental,O*NET 31.0 Task Statements,31.0,"BLS Employment Projections Occupation.xlsx Table 1.2, 2025-2035",train,29-1241.00,human-task-exposure-v2.0,unscored_human_template,,true,,,,,,,O*NET 31.0 Task Statements
20731,17-2071.00,Electrical Engineers,17-2071,17,"Inspect completed installations and observe operations to ensure conformance to design and equipment specifications and compliance with operational, safety, or environmental standards.",Core,O*NET 31.0 Task Statements,31.0,"BLS Employment Projections Occupation.xlsx Table 1.2, 2025-2035",train,17-2071.00,human-task-exposure-v2.0,unscored_human_template,,true,,,,,,,O*NET 31.0 Task Statements
2191,35-2015.00,"Cooks, Short Order",35-2015,35,"Grill and garnish hamburgers or other meats, such as steaks and chops.",Supplemental,O*NET 31.0 Task Statements,31.0,"BLS Employment Projections Occupation.xlsx Table 1.2, 2025-2035",test,35-2015.00,human-task-exposure-v2.0,unscored_human_template,,true,,,,,,,O*NET 31.0 Task Statements
21304,11-3013.01,Security Managers,11-3013,11,"Purchase security-related supplies, equipment, or technology.",Core,O*NET 31.0 Task Statements,31.0,"BLS Employment Projections Occupation.xlsx Table 1.2, 2025-2035",train,11-3013.01,human-task-exposure-v2.0,unscored_human_template,,true,,,,,,,O*NET 31.0 Task Statements
8616,53-3033.00,Light Truck Drivers,53-3033,53,"Inspect and maintain vehicle supplies and equipment, such as gas, oil, water, tires, lights, or brakes, to ensure that vehicles are in proper working condition.",Core,O*NET 31.0 Task Statements,31.0,"BLS Employment Projections Occupation.xlsx Table 1.2, 2025-2035",train,53-3033.00,human-task-exposure-v2.0,unscored_human_template,,true,,,,,,,O*NET 31.0 Task Statements
17737,47-1011.03,Solar Energy Installation Managers,47-1011,47,"Identify means to reduce costs, minimize risks, or increase efficiency of solar installation projects.",Core,O*NET 31.0 Task Statements,31.0,"BLS Employment Projections Occupation.xlsx Table 1.2, 2025-2035",test,47-1011.03,human-task-exposure-v2.0,unscored_human_template,,true,,,,,,,O*NET 31.0 Task Statements
15343,33-9093.00,Transportation Security Screeners,33-9093,33,"Locate suspicious bags pictured in printouts sent from remote monitoring areas, and set these bags aside for inspection.",Supplemental,O*NET 31.0 Task Statements,31.0,"BLS Employment Projections Occupation.xlsx Table 1.2, 2025-2035",test,33-9093.00,human-task-exposure-v2.0,unscored_human_template,,true,,,,,,,O*NET 31.0 Task Statements
21299,11-3013.01,Security Managers,11-3013,11,"Monitor and ensure a sound, ethical environment.",Core,O*NET 31.0 Task Statements,31.0,"BLS Employment Projections Occupation.xlsx Table 1.2, 2025-2035",train,11-3013.01,human-task-exposure-v2.0,unscored_human_template,,true,,,,,,,O*NET 31.0 Task Statements
3899,27-2012.05,Media Technical Directors/Managers,27-2012,27,Supervise and assign duties to workers engaged in technical control and production of radio and television programs.,Core,O*NET 31.0 Task Statements,31.0,"BLS Employment Projections Occupation.xlsx Table 1.2, 2025-2035",train,27-2012.05,human-task-exposure-v2.0,unscored_human_template,,true,,,,,,,O*NET 31.0 Task Statements
7640,25-4011.00,Archivists,25-4011,25,"Specialize in an area of history or technology, researching topics or items relevant to collections to determine what should be retained or acquired.",Core,O*NET 31.0 Task Statements,31.0,"BLS Employment Projections Occupation.xlsx Table 1.2, 2025-2035",validation,25-4011.00,human-task-exposure-v2.0,unscored_human_template,,true,,,,,,,O*NET 31.0 Task Statements
17535,31-9099.01,Speech-Language Pathology Assistants,31-9099,31,Document clients' progress toward meeting established treatment objectives.,Core,O*NET 31.0 Task Statements,31.0,"BLS Employment Projections Occupation.xlsx Table 1.2, 2025-2035",train,31-9099.01,human-task-exposure-v2.0,unscored_human_template,,true,,,,,,,O*NET 31.0 Task Statements
22219,19-3039.03,Clinical Neuropsychologists,19-3039,19,Interview patients to obtain comprehensive medical histories.,Core,O*NET 31.0 Task Statements,31.0,"BLS Employment Projections Occupation.xlsx Table 1.2, 2025-2035",train,19-3039.03,human-task-exposure-v2.0,unscored_human_template,,true,,,,,,,O*NET 31.0 Task Statements
8227,43-5053.00,"Postal Service Mail Sorters, Processors, and Processing Machine Operators",43-5053,43,"Sort odd-sized mail by hand, sort mail that other workers have been unable to sort, and segregate items requiring special handling.",Core,O*NET 31.0 Task Statements,31.0,"BLS Employment Projections Occupation.xlsx Table 1.2, 2025-2035",test,43-5053.00,human-task-exposure-v2.0,unscored_human_template,,true,,,,,,,O*NET 31.0 Task Statements
8469,51-2092.00,Team Assemblers,51-2092,51,Determine work assignments and procedures.,Core,O*NET 31.0 Task Statements,31.0,"BLS Employment Projections Occupation.xlsx Table 1.2, 2025-2035",train,51-2092.00,human-task-exposure-v2.0,unscored_human_template,,true,,,,,,,O*NET 31.0 Task Statements
14398,51-9194.00,Etchers and Engravers,51-9194,51,"Print proofs or examine designs to verify accuracy of engraving, and rework engraving as required.",Supplemental,O*NET 31.0 Task Statements,31.0,"BLS Employment Projections Occupation.xlsx Table 1.2, 2025-2035",train,51-9194.00,human-task-exposure-v2.0,unscored_human_template,,true,,,,,,,O*NET 31.0 Task Statements
13016,27-1022.00,Fashion Designers,27-1022,27,Confer with sales and management executives or with clients to discuss design ideas.,Core,O*NET 31.0 Task Statements,31.0,"BLS Employment Projections Occupation.xlsx Table 1.2, 2025-2035",train,27-1022.00,human-task-exposure-v2.0,unscored_human_template,,true,,,,,,,O*NET 31.0 Task Statements
11376,43-5061.00,"Production, Planning, and Expediting Clerks",43-5061,43,"Establish and prepare product construction directions and locations and information on required tools, materials, equipment, numbers of workers needed, and cost projections.",Supplemental,O*NET 31.0 Task Statements,31.0,"BLS Employment Projections Occupation.xlsx Table 1.2, 2025-2035",validation,43-5061.00,human-task-exposure-v2.0,unscored_human_template,,true,,,,,,,O*NET 31.0 Task Statements
15182,53-7031.00,Dredge Operators,53-7031,53,"Direct or assist workers placing shore anchors and cables, laying additional pipes from dredges to shore, and pumping water from pontoons.",Core,O*NET 31.0 Task Statements,31.0,"BLS Employment Projections Occupation.xlsx Table 1.2, 2025-2035",train,53-7031.00,human-task-exposure-v2.0,unscored_human_template,,true,,,,,,,O*NET 31.0 Task Statements
11265,41-4011.00,"Sales Representatives, Wholesale and Manufacturing, Technical and Scientific Products",41-4011,41,"Stock or distribute resources, such as samples or promotional or educational materials.",Core,O*NET 31.0 Task Statements,31.0,"BLS Employment Projections Occupation.xlsx Table 1.2, 2025-2035",train,41-4011.00,human-task-exposure-v2.0,unscored_human_template,,true,,,,,,,O*NET 31.0 Task Statements
12716,51-9198.00,Helpers--Production Workers,51-9198,51,Mix ingredients according to specified procedures or formulas.,Supplemental,O*NET 31.0 Task Statements,31.0,"BLS Employment Projections Occupation.xlsx Table 1.2, 2025-2035",train,51-9198.00,human-task-exposure-v2.0,unscored_human_template,,true,,,,,,,O*NET 31.0 Task Statements
18692,29-9091.00,Athletic Trainers,29-9091,29,File athlete insurance claims and communicate with insurance providers.,Supplemental,O*NET 31.0 Task Statements,31.0,"BLS Employment Projections Occupation.xlsx Table 1.2, 2025-2035",train,29-9091.00,human-task-exposure-v2.0,unscored_human_template,,true,,,,,,,O*NET 31.0 Task Statements
17942,49-9099.01,Geothermal Technicians,49-9099,49,"Identify equipment options, such as compressors, and make appropriate selections.",Core,O*NET 31.0 Task Statements,31.0,"BLS Employment Projections Occupation.xlsx Table 1.2, 2025-2035",train,49-9099.01,human-task-exposure-v2.0,unscored_human_template,,true,,,,,,,O*NET 31.0 Task Statements
14074,51-6041.00,Shoe and Leather Workers and Repairers,51-6041,51,"Repair and recondition leather products such as trunks, luggage, shoes, saddles, belts, purses, and baseball gloves.",Core,O*NET 31.0 Task Statements,31.0,"BLS Employment Projections Occupation.xlsx Table 1.2, 2025-2035",train,51-6041.00,human-task-exposure-v2.0,unscored_human_template,,true,,,,,,,O*NET 31.0 Task Statements
21149,35-2012.00,"Cooks, Institution and Cafeteria",35-2012,35,Rotate and store food supplies.,Core,O*NET 31.0 Task Statements,31.0,"BLS Employment Projections Occupation.xlsx Table 1.2, 2025-2035",validation,35-2012.00,human-task-exposure-v2.0,unscored_human_template,,true,,,,,,,O*NET 31.0 Task Statements
20003,13-1081.01,Logistics Engineers,13-1081,13,"Create models or scenarios to predict the impact of changing circumstances, such as fuel costs, road pricing, energy taxes, or carbon emissions legislation.",Core,O*NET 31.0 Task Statements,31.0,"BLS Employment Projections Occupation.xlsx Table 1.2, 2025-2035",train,13-1081.01,human-task-exposure-v2.0,unscored_human_template,,true,,,,,,,O*NET 31.0 Task Statements
11365,43-5061.00,"Production, Planning, and Expediting Clerks",43-5061,43,"Revise production schedules when required due to design changes, labor or material shortages, backlogs, or other interruptions, collaborating with management, marketing, sales, production, or engineering.",Core,O*NET 31.0 Task Statements,31.0,"BLS Employment Projections Occupation.xlsx Table 1.2, 2025-2035",validation,43-5061.00,human-task-exposure-v2.0,unscored_human_template,,true,,,,,,,O*NET 31.0 Task Statements
23465,47-2152.00,"Plumbers, Pipefitters, and Steamfitters",47-2152,47,"Select pipe sizes, types, or related materials, such as supports, hangers, or hydraulic cylinders, according to specifications.",Core,O*NET 31.0 Task Statements,31.0,"BLS Employment Projections Occupation.xlsx Table 1.2, 2025-2035",validation,47-2152.00,human-task-exposure-v2.0,unscored_human_template,,true,,,,,,,O*NET 31.0 Task Statements
20008,13-1081.01,Logistics Engineers,13-1081,13,"Assess the environmental impact or energy efficiency of logistics activities, using carbon mitigation software.",Supplemental,O*NET 31.0 Task Statements,31.0,"BLS Employment Projections Occupation.xlsx Table 1.2, 2025-2035",train,13-1081.01,human-task-exposure-v2.0,unscored_human_template,,true,,,,,,,O*NET 31.0 Task Statements
17311,29-1071.01,Anesthesiologist Assistants,29-1071,29,"Administer anesthetic, adjuvant, or accessory drugs under the direction of an anesthesiologist.",Core,O*NET 31.0 Task Statements,31.0,"BLS Employment Projections Occupation.xlsx Table 1.2, 2025-2035",train,29-1071.01,human-task-exposure-v2.0,unscored_human_template,,true,,,,,,,O*NET 31.0 Task Statements
11738,49-2093.00,"Electrical and Electronics Installers and Repairers, Transportation Equipment",49-2093,49,"Install fixtures, outlets, terminal boards, switches, and wall boxes, using hand tools.",Core,O*NET 31.0 Task Statements,31.0,"BLS Employment Projections Occupation.xlsx Table 1.2, 2025-2035",test,49-2093.00,human-task-exposure-v2.0,unscored_human_template,,true,,,,,,,O*NET 31.0 Task Statements
14906,47-2142.00,Paperhangers,47-2142,47,Smooth strips or sections of paper with brushes or rollers to remove wrinkles and bubbles and to smooth joints.,Core,O*NET 31.0 Task Statements,31.0,"BLS Employment Projections Occupation.xlsx Table 1.2, 2025-2035",test,47-2142.00,human-task-exposure-v2.0,unscored_human_template,,true,,,,,,,O*NET 31.0 Task Statements
1504,19-1023.00,Zoologists and Wildlife Biologists,19-1023,19,Collect and dissect animal specimens and examine specimens under microscope.,Supplemental,O*NET 31.0 Task Statements,31.0,"BLS Employment Projections Occupation.xlsx Table 1.2, 2025-2035",train,19-1023.00,human-task-exposure-v2.0,unscored_human_template,,true,,,,,,,O*NET 31.0 Task Statements
14911,47-2142.00,Paperhangers,47-2142,47,"Cover interior walls and ceilings of rooms with decorative wallpaper or fabric, using hand tools.",Supplemental,O*NET 31.0 Task Statements,31.0,"BLS Employment Projections Occupation.xlsx Table 1.2, 2025-2035",test,47-2142.00,human-task-exposure-v2.0,unscored_human_template,,true,,,,,,,O*NET 31.0 Task Statements
12229,51-7011.00,Cabinetmakers and Bench Carpenters,51-7011,51,"Dip, brush, or spray assembled articles with protective or decorative finishes, such as stain, varnish, paint, or lacquer.",Supplemental,O*NET 31.0 Task Statements,31.0,"BLS Employment Projections Occupation.xlsx Table 1.2, 2025-2035",validation,51-7011.00,human-task-exposure-v2.0,unscored_human_template,,true,,,,,,,O*NET 31.0 Task Statements
8615,53-3033.00,Light Truck Drivers,53-3033,53,Obey traffic laws and follow established traffic and transportation procedures.,Core,O*NET 31.0 Task Statements,31.0,"BLS Employment Projections Occupation.xlsx Table 1.2, 2025-2035",train,53-3033.00,human-task-exposure-v2.0,unscored_human_template,,true,,,,,,,O*NET 31.0 Task Statements
23442,47-2031.00,Carpenters,47-2031,47,"Inspect ceiling or floor tile, wall coverings, siding, glass, or woodwork to detect broken or damaged structures.",Core,O*NET 31.0 Task Statements,31.0,"BLS Employment Projections Occupation.xlsx Table 1.2, 2025-2035",train,47-2031.00,human-task-exposure-v2.0,unscored_human_template,,true,,,,,,,O*NET 31.0 Task Statements
16177,13-1161.01,Search Marketing Strategists,13-1161,13,"Define product requirements, based on market research analysis, in collaboration with user interface design and engineering staff.",Supplemental,O*NET 31.0 Task Statements,31.0,"BLS Employment Projections Occupation.xlsx Table 1.2, 2025-2035",train,13-1161.01,human-task-exposure-v2.0,unscored_human_template,,true,,,,,,,O*NET 31.0 Task Statements
11107,33-2022.00,Forest Fire Inspectors and Prevention Specialists,33-2022,33,"Locate forest fires on area maps, using azimuth sighters and known landmarks.",Core,O*NET 31.0 Task Statements,31.0,"BLS Employment Projections Occupation.xlsx Table 1.2, 2025-2035",validation,33-2022.00,human-task-exposure-v2.0,unscored_human_template,,true,,,,,,,O*NET 31.0 Task Statements
5206,11-9031.00,"Education and Childcare Administrators, Preschool and Daycare",11-9031,11,"Write articles, manuals, and other publications and assist in the distribution of promotional literature about programs and facilities.",Core,O*NET 31.0 Task Statements,31.0,"BLS Employment Projections Occupation.xlsx Table 1.2, 2025-2035",test,11-9031.00,human-task-exposure-v2.0,unscored_human_template,,true,,,,,,,O*NET 31.0 Task Statements
13788,49-9031.00,Home Appliance Repairers,49-9031,49,Disassemble appliances so that problems can be diagnosed and repairs can be made.,Core,O*NET 31.0 Task Statements,31.0,"BLS Employment Projections Occupation.xlsx Table 1.2, 2025-2035",train,49-9031.00,human-task-exposure-v2.0,unscored_human_template,,true,,,,,,,O*NET 31.0 Task Statements
5134,39-3091.00,Amusement and Recreation Attendants,39-3091,39,"Maintain inventories of equipment, storing and retrieving items and assembling and disassembling equipment as necessary.",Core,O*NET 31.0 Task Statements,31.0,"BLS Employment Projections Occupation.xlsx Table 1.2, 2025-2035",validation,39-3091.00,human-task-exposure-v2.0,unscored_human_template,,true,,,,,,,O*NET 31.0 Task Statements
15663,11-3031.03,Investment Fund Managers,11-3031,11,Direct activities of accounting or operations departments.,Supplemental,O*NET 31.0 Task Statements,31.0,"BLS Employment Projections Occupation.xlsx Table 1.2, 2025-2035",train,11-3031.03,human-task-exposure-v2.0,unscored_human_template,,true,,,,,,,O*NET 31.0 Task Statements
9245,23-2093.00,"Title Examiners, Abstractors, and Searchers",23-2093,23,"Determine whether land-related documents can be registered under the relevant legislation, such as the Land Titles Act.",Supplemental,O*NET 31.0 Task Statements,31.0,"BLS Employment Projections Occupation.xlsx Table 1.2, 2025-2035",test,23-2093.00,human-task-exposure-v2.0,unscored_human_template,,true,,,,,,,O*NET 31.0 Task Statements
18530,29-1127.00,Speech-Language Pathologists,29-1127,29,Supervise or collaborate with therapy team.,Core,O*NET 31.0 Task Statements,31.0,"BLS Employment Projections Occupation.xlsx Table 1.2, 2025-2035",test,29-1127.00,human-task-exposure-v2.0,unscored_human_template,,true,,,,,,,O*NET 31.0 Task Statements
1498,19-1023.00,Zoologists and Wildlife Biologists,19-1023,19,"Perform administrative duties, such as fundraising, public relations, budgeting, and supervision of zoo staff.",Core,O*NET 31.0 Task Statements,31.0,"BLS Employment Projections Occupation.xlsx Table 1.2, 2025-2035",train,19-1023.00,human-task-exposure-v2.0,unscored_human_template,,true,,,,,,,O*NET 31.0 Task Statements
20617,41-4011.00,"Sales Representatives, Wholesale and Manufacturing, Technical and Scientific Products",41-4011,41,Demonstrate the operation or use of technical or scientific products.,Supplemental,O*NET 31.0 Task Statements,31.0,"BLS Employment Projections Occupation.xlsx Table 1.2, 2025-2035",train,41-4011.00,human-task-exposure-v2.0,unscored_human_template,,true,,,,,,,O*NET 31.0 Task Statements
23176,39-1022.00,First-Line Supervisors of Personal Service Workers,39-1022,39,Arrange worker breaks to ensure services are adequately staffed throughout each shift.,Core,O*NET 31.0 Task Statements,31.0,"BLS Employment Projections Occupation.xlsx Table 1.2, 2025-2035",train,39-1022.00,human-task-exposure-v2.0,unscored_human_template,,true,,,,,,,O*NET 31.0 Task Statements
23957,19-1023.00,Zoologists and Wildlife Biologists,19-1023,19,"Develop, or make recommendations on, management systems and plans for wildlife populations and habitat, consulting with stakeholders and the public at large to explore options.",Core,O*NET 31.0 Task Statements,31.0,"BLS Employment Projections Occupation.xlsx Table 1.2, 2025-2035",train,19-1023.00,human-task-exposure-v2.0,unscored_human_template,,true,,,,,,,O*NET 31.0 Task Statements
14669,15-1299.08,Computer Systems Engineers/Architects,15-1299,15,"Verify stability, interoperability, portability, security, or scalability of system architecture.",Core,O*NET 31.0 Task Statements,31.0,"BLS Employment Projections Occupation.xlsx Table 1.2, 2025-2035",train,15-1299.08,human-task-exposure-v2.0,unscored_human_template,,true,,,,,,,O*NET 31.0 Task Statements
17834,51-8099.01,Biofuels Processing Technicians,51-8099,51,Coordinate raw product sourcing or collection.,Supplemental,O*NET 31.0 Task Statements,31.0,"BLS Employment Projections Occupation.xlsx Table 1.2, 2025-2035",validation,51-8099.01,human-task-exposure-v2.0,unscored_human_template,,true,,,,,,,O*NET 31.0 Task Statements
20836,53-6021.00,Parking Attendants,53-6021,53,"Perform cash handling tasks, such as making change, balancing and recording cash drawer, or distributing tips.",Core,O*NET 31.0 Task Statements,31.0,"BLS Employment Projections Occupation.xlsx Table 1.2, 2025-2035",train,53-6021.00,human-task-exposure-v2.0,unscored_human_template,,true,,,,,,,O*NET 31.0 Task Statements
6277,25-1121.00,"Art, Drama, and Music Teachers, Postsecondary",25-1121,25,"Select and obtain materials and supplies, such as textbooks and performance pieces.",Core,O*NET 31.0 Task Statements,31.0,"BLS Employment Projections Occupation.xlsx Table 1.2, 2025-2035",train,25-1121.00,human-task-exposure-v2.0,unscored_human_template,,true,,,,,,,O*NET 31.0 Task Statements
12699,51-9198.00,Helpers--Production Workers,51-9198,51,"Load and unload items from machines, conveyors, and conveyances.",Core,O*NET 31.0 Task Statements,31.0,"BLS Employment Projections Occupation.xlsx Table 1.2, 2025-2035",train,51-9198.00,human-task-exposure-v2.0,unscored_human_template,,true,,,,,,,O*NET 31.0 Task Statements
17736,47-1011.03,Solar Energy Installation Managers,47-1011,47,"Evaluate subcontractors or subcontractor bids for quality, cost, and reliability.",Supplemental,O*NET 31.0 Task Statements,31.0,"BLS Employment Projections Occupation.xlsx Table 1.2, 2025-2035",test,47-1011.03,human-task-exposure-v2.0,unscored_human_template,,true,,,,,,,O*NET 31.0 Task Statements
3417,13-2072.00,Loan Officers,13-2072,13,Handle customer complaints and take appropriate action to resolve them.,Core,O*NET 31.0 Task Statements,31.0,"BLS Employment Projections Occupation.xlsx Table 1.2, 2025-2035",train,13-2072.00,human-task-exposure-v2.0,unscored_human_template,,true,,,,,,,O*NET 31.0 Task Statements
8792,51-3021.00,Butchers and Meat Cutters,51-3021,51,Negotiate with representatives from supply companies to determine order details.,Supplemental,O*NET 31.0 Task Statements,31.0,"BLS Employment Projections Occupation.xlsx Table 1.2, 2025-2035",test,51-3021.00,human-task-exposure-v2.0,unscored_human_template,,true,,,,,,,O*NET 31.0 Task Statements
1228,13-1121.00,"Meeting, Convention, and Event Planners",13-1121,13,"Promote conference, convention and trades show services by performing tasks such as meeting with professional and trade associations, and producing brochures and other publications.",Supplemental,O*NET 31.0 Task Statements,31.0,"BLS Employment Projections Occupation.xlsx Table 1.2, 2025-2035",train,13-1121.00,human-task-exposure-v2.0,unscored_human_template,,true,,,,,,,O*NET 31.0 Task Statements
17166,29-1241.00,"Ophthalmologists, Except Pediatric",29-1241,29,Provide or direct the provision of postoperative care.,Core,O*NET 31.0 Task Statements,31.0,"BLS Employment Projections Occupation.xlsx Table 1.2, 2025-2035",train,29-1241.00,human-task-exposure-v2.0,unscored_human_template,,true,,,,,,,O*NET 31.0 Task Statements
17536,31-9099.01,Speech-Language Pathology Assistants,31-9099,31,Test or maintain equipment to ensure correct performance.,Supplemental,O*NET 31.0 Task Statements,31.0,"BLS Employment Projections Occupation.xlsx Table 1.2, 2025-2035",train,31-9099.01,human-task-exposure-v2.0,unscored_human_template,,true,,,,,,,O*NET 31.0 Task Statements
20609,41-4011.00,"Sales Representatives, Wholesale and Manufacturing, Technical and Scientific Products",41-4011,41,Contact new or existing customers to discuss how specific products or services can meet their needs.,Core,O*NET 31.0 Task Statements,31.0,"BLS Employment Projections Occupation.xlsx Table 1.2, 2025-2035",train,41-4011.00,human-task-exposure-v2.0,unscored_human_template,,true,,,,,,,O*NET 31.0 Task Statements
9498,35-2012.00,"Cooks, Institution and Cafeteria",35-2012,35,"Plan menus that are varied, nutritionally balanced, and appetizing, taking advantage of foods in season and local availability.",Supplemental,O*NET 31.0 Task Statements,31.0,"BLS Employment Projections Occupation.xlsx Table 1.2, 2025-2035",validation,35-2012.00,human-task-exposure-v2.0,unscored_human_template,,true,,,,,,,O*NET 31.0 Task Statements
19148,29-1129.01,Art Therapists,29-1129,29,Establish goals or objectives for art therapy sessions in consultation with clients or site administrators.,Core,O*NET 31.0 Task Statements,31.0,"BLS Employment Projections Occupation.xlsx Table 1.2, 2025-2035",train,29-1129.01,human-task-exposure-v2.0,unscored_human_template,,true,,,,,,,O*NET 31.0 Task Statements
9939,49-2091.00,Avionics Technicians,49-2091,49,"Adjust, repair, or replace malfunctioning components or assemblies, using hand tools or soldering irons.",Core,O*NET 31.0 Task Statements,31.0,"BLS Employment Projections Occupation.xlsx Table 1.2, 2025-2035",train,49-2091.00,human-task-exposure-v2.0,unscored_human_template,,true,,,,,,,O*NET 31.0 Task Statements
1998,31-1133.00,Psychiatric Aides,31-1133,31,"Organize, supervise, or encourage patient participation in social, educational, or recreational activities.",Core,O*NET 31.0 Task Statements,31.0,"BLS Employment Projections Occupation.xlsx Table 1.2, 2025-2035",validation,31-1133.00,human-task-exposure-v2.0,unscored_human_template,,true,,,,,,,O*NET 31.0 Task Statements
6398,25-1126.00,"Philosophy and Religion Teachers, Postsecondary",25-1126,25,Write grant proposals to procure external research funding.,Supplemental,O*NET 31.0 Task Statements,31.0,"BLS Employment Projections Occupation.xlsx Table 1.2, 2025-2035",train,25-1126.00,human-task-exposure-v2.0,unscored_human_template,,true,,,,,,,O*NET 31.0 Task Statements
21835,15-2051.00,Data Scientists,15-2051,15,"Read scientific articles, conference papers, or other sources of research to identify emerging analytic trends and technologies.",Core,O*NET 31.0 Task Statements,31.0,"BLS Employment Projections Occupation.xlsx Table 1.2, 2025-2035",train,15-2051.00,human-task-exposure-v2.0,unscored_human_template,,true,,,,,,,O*NET 31.0 Task Statements
17302,29-1071.01,Anesthesiologist Assistants,29-1071,29,"Respond to emergency situations by providing cardiopulmonary resuscitation (CPR), basic cardiac life support (BLS), advanced cardiac life support (ACLS), or pediatric advanced life support (PALS).",Core,O*NET 31.0 Task Statements,31.0,"BLS Employment Projections Occupation.xlsx Table 1.2, 2025-2035",train,29-1071.01,human-task-exposure-v2.0,unscored_human_template,,true,,,,,,,O*NET 31.0 Task Statements
13843,49-9091.00,"Coin, Vending, and Amusement Machine Servicers and Repairers",49-9091,49,"Record transaction information on forms or logs, and notify designated personnel of discrepancies.",Core,O*NET 31.0 Task Statements,31.0,"BLS Employment Projections Occupation.xlsx Table 1.2, 2025-2035",train,49-9091.00,human-task-exposure-v2.0,unscored_human_template,,true,,,,,,,O*NET 31.0 Task Statements
9805,45-4022.00,Logging Equipment Operators,45-4022,45,Drive tractors for building or repairing logging and skid roads.,Core,O*NET 31.0 Task Statements,31.0,"BLS Employment Projections Occupation.xlsx Table 1.2, 2025-2035",train,45-4022.00,human-task-exposure-v2.0,unscored_human_template,,true,,,,,,,O*NET 31.0 Task Statements
19143,29-1129.01,Art Therapists,29-1129,29,"Conduct art therapy sessions, providing guided self-expression experiences to help clients recover from, or cope with, cognitive, emotional, or physical impairments.",Core,O*NET 31.0 Task Statements,31.0,"BLS Employment Projections Occupation.xlsx Table 1.2, 2025-2035",train,29-1129.01,human-task-exposure-v2.0,unscored_human_template,,true,,,,,,,O*NET 31.0 Task Statements
20272,43-5011.00,Cargo and Freight Agents,43-5011,43,"Notify consignees, passengers, or customers of freight or baggage arrival and arrange for delivery.",Core,O*NET 31.0 Task Statements,31.0,"BLS Employment Projections Occupation.xlsx Table 1.2, 2025-2035",train,43-5011.00,human-task-exposure-v2.0,unscored_human_template,,true,,,,,,,O*NET 31.0 Task Statements
5195,11-9031.00,"Education and Childcare Administrators, Preschool and Daycare",11-9031,11,"Set educational standards and goals and help establish policies, procedures, and programs to carry them out.",Core,O*NET 31.0 Task Statements,31.0,"BLS Employment Projections Occupation.xlsx Table 1.2, 2025-2035",test,11-9031.00,human-task-exposure-v2.0,unscored_human_template,,true,,,,,,,O*NET 31.0 Task Statements
6919,29-1011.00,Chiropractors,29-1011,29,Analyze x-rays to locate the sources of patients' difficulties and to rule out fractures or diseases as sources of problems.,Core,O*NET 31.0 Task Statements,31.0,"BLS Employment Projections Occupation.xlsx Table 1.2, 2025-2035",train,29-1011.00,human-task-exposure-v2.0,unscored_human_template,,true,,,,,,,O*NET 31.0 Task Statements
14395,51-9194.00,Etchers and Engravers,51-9194,51,"Inspect etched work for depth of etching, uniformity, and defects, using calibrated microscopes, gauges, fingers, or magnifying lenses.",Core,O*NET 31.0 Task Statements,31.0,"BLS Employment Projections Occupation.xlsx Table 1.2, 2025-2035",train,51-9194.00,human-task-exposure-v2.0,unscored_human_template,,true,,,,,,,O*NET 31.0 Task Statements
19278,29-2099.05,Ophthalmic Medical Technologists,29-2099,29,"Perform slit lamp biomicroscopy procedures to diagnose disorders of the eye, such as retinitis, presbyopia, cataracts, or retinal detachment.",Supplemental,O*NET 31.0 Task Statements,31.0,"BLS Employment Projections Occupation.xlsx Table 1.2, 2025-2035",train,29-2099.05,human-task-exposure-v2.0,unscored_human_template,,true,,,,,,,O*NET 31.0 Task Statements
8624,53-3033.00,Light Truck Drivers,53-3033,53,"Report delays, accidents, or other traffic and transportation situations to bases or other vehicles, using telephones or mobile two-way radios.",Supplemental,O*NET 31.0 Task Statements,31.0,"BLS Employment Projections Occupation.xlsx Table 1.2, 2025-2035",train,53-3033.00,human-task-exposure-v2.0,unscored_human_template,,true,,,,,,,O*NET 31.0 Task Statements
18524,29-1127.00,Speech-Language Pathologists,29-1127,29,"Write reports and maintain proper documentation of information, such as client Medicaid or billing records or caseload activities, including the initial evaluation, treatment, progress, and discharge of clients.",Core,O*NET 31.0 Task Statements,31.0,"BLS Employment Projections Occupation.xlsx Table 1.2, 2025-2035",test,29-1127.00,human-task-exposure-v2.0,unscored_human_template,,true,,,,,,,O*NET 31.0 Task Statements
19275,29-2099.05,Ophthalmic Medical Technologists,29-2099,29,"Measure visual acuity, including near, distance, pinhole, or dynamic visual acuity, using appropriate tests.",Core,O*NET 31.0 Task Statements,31.0,"BLS Employment Projections Occupation.xlsx Table 1.2, 2025-2035",train,29-2099.05,human-task-exposure-v2.0,unscored_human_template,,true,,,,,,,O*NET 31.0 Task Statements
12683,51-9196.00,"Paper Goods Machine Setters, Operators, and Tenders",51-9196,51,"Observe operation of various machines to detect and correct machine malfunctions such as improper forming, glue flow, or pasteboard tension.",Core,O*NET 31.0 Task Statements,31.0,"BLS Employment Projections Occupation.xlsx Table 1.2, 2025-2035",train,51-9196.00,human-task-exposure-v2.0,unscored_human_template,,true,,,,,,,O*NET 31.0 Task Statements
12688,51-9196.00,"Paper Goods Machine Setters, Operators, and Tenders",51-9196,51,Monitor finished cartons as they drop from forming machines into rotating hoppers and into gravity feed chutes to prevent jamming.,Supplemental,O*NET 31.0 Task Statements,31.0,"BLS Employment Projections Occupation.xlsx Table 1.2, 2025-2035",train,51-9196.00,human-task-exposure-v2.0,unscored_human_template,,true,,,,,,,O*NET 31.0 Task Statements
14568,53-5031.00,Ship Engineers,53-5031,53,"Fabricate engine replacement parts, such as valves, stay rods, or bolts, using metalworking machinery.",Supplemental,O*NET 31.0 Task Statements,31.0,"BLS Employment Projections Occupation.xlsx Table 1.2, 2025-2035",train,53-5031.00,human-task-exposure-v2.0,unscored_human_template,,true,,,,,,,O*NET 31.0 Task Statements
2795,43-6014.00,"Secretaries and Administrative Assistants, Except Legal, Medical, and Executive",43-6014,43,Complete forms in accordance with company procedures.,Core,O*NET 31.0 Task Statements,31.0,"BLS Employment Projections Occupation.xlsx Table 1.2, 2025-2035",train,43-6014.00,human-task-exposure-v2.0,unscored_human_template,,true,,,,,,,O*NET 31.0 Task Statements
17064,29-1229.01,Allergists and Immunologists,29-1229,29,Conduct laboratory or clinical research on allergy or immunology topics.,Supplemental,O*NET 31.0 Task Statements,31.0,"BLS Employment Projections Occupation.xlsx Table 1.2, 2025-2035",validation,29-1229.01,human-task-exposure-v2.0,unscored_human_template,,true,,,,,,,O*NET 31.0 Task Statements
15827,11-9199.10,Wind Energy Development Managers,11-9199,11,"Lead or support negotiations involving tax agreements or abatements, power purchase agreements, land use, or interconnection agreements.",Core,O*NET 31.0 Task Statements,31.0,"BLS Employment Projections Occupation.xlsx Table 1.2, 2025-2035",test,11-9199.10,human-task-exposure-v2.0,unscored_human_template,,true,,,,,,,O*NET 31.0 Task Statements
8221,43-5053.00,"Postal Service Mail Sorters, Processors, and Processing Machine Operators",43-5053,43,Clear jams in sorting equipment.,Core,O*NET 31.0 Task Statements,31.0,"BLS Employment Projections Occupation.xlsx Table 1.2, 2025-2035",test,43-5053.00,human-task-exposure-v2.0,unscored_human_template,,true,,,,,,,O*NET 31.0 Task Statements
14683,15-1299.08,Computer Systems Engineers/Architects,15-1299,15,Design and conduct hardware or software tests.,Core,O*NET 31.0 Task Statements,31.0,"BLS Employment Projections Occupation.xlsx Table 1.2, 2025-2035",train,15-1299.08,human-task-exposure-v2.0,unscored_human_template,,true,,,,,,,O*NET 31.0 Task Statements
3189,53-6021.00,Parking Attendants,53-6021,53,"Direct motorists to parking areas or parking spaces, using hand signals or flashlights as necessary.",Supplemental,O*NET 31.0 Task Statements,31.0,"BLS Employment Projections Occupation.xlsx Table 1.2, 2025-2035",train,53-6021.00,human-task-exposure-v2.0,unscored_human_template,,true,,,,,,,O*NET 31.0 Task Statements
17309,29-1071.01,Anesthesiologist Assistants,29-1071,29,"Administer blood, blood products, or supportive fluids.",Core,O*NET 31.0 Task Statements,31.0,"BLS Employment Projections Occupation.xlsx Table 1.2, 2025-2035",train,29-1071.01,human-task-exposure-v2.0,unscored_human_template,,true,,,,,,,O*NET 31.0 Task Statements
1358,17-2071.00,Electrical Engineers,17-2071,17,"Prepare technical drawings, specifications of electrical systems, or topographical maps to ensure that installation and operations conform to standards and customer requirements.",Core,O*NET 31.0 Task Statements,31.0,"BLS Employment Projections Occupation.xlsx Table 1.2, 2025-2035",train,17-2071.00,human-task-exposure-v2.0,unscored_human_template,,true,,,,,,,O*NET 31.0 Task Statements
20534,19-4012.00,Agricultural Technicians,19-4012,19,"Perform laboratory or field testing, using spectrometers, nitrogen determination apparatus, air samplers, centrifuges, or potential hydrogen (pH) meters to perform tests.",Supplemental,O*NET 31.0 Task Statements,31.0,"BLS Employment Projections Occupation.xlsx Table 1.2, 2025-2035",train,19-4012.00,human-task-exposure-v2.0,unscored_human_template,,true,,,,,,,O*NET 31.0 Task Statements
21275,11-3013.00,Facilities Managers,11-3013,11,Manage leasing of facility space.,Supplemental,O*NET 31.0 Task Statements,31.0,"BLS Employment Projections Occupation.xlsx Table 1.2, 2025-2035",validation,11-3013.00,human-task-exposure-v2.0,unscored_human_template,,true,,,,,,,O*NET 31.0 Task Statements
8230,43-5053.00,"Postal Service Mail Sorters, Processors, and Processing Machine Operators",43-5053,43,Cancel letter or parcel post stamps by hand.,Supplemental,O*NET 31.0 Task Statements,31.0,"BLS Employment Projections Occupation.xlsx Table 1.2, 2025-2035",test,43-5053.00,human-task-exposure-v2.0,unscored_human_template,,true,,,,,,,O*NET 31.0 Task Statements
5335,17-2021.00,Agricultural Engineers,17-2021,17,Design food processing plants and related mechanical systems.,Supplemental,O*NET 31.0 Task Statements,31.0,"BLS Employment Projections Occupation.xlsx Table 1.2, 2025-2035",train,17-2021.00,human-task-exposure-v2.0,unscored_human_template,,true,,,,,,,O*NET 31.0 Task Statements
9488,35-2012.00,"Cooks, Institution and Cafeteria",35-2012,35,"Cook foodstuffs according to menus, special dietary or nutritional restrictions, or numbers of portions to be served.",Core,O*NET 31.0 Task Statements,31.0,"BLS Employment Projections Occupation.xlsx Table 1.2, 2025-2035",validation,35-2012.00,human-task-exposure-v2.0,unscored_human_template,,true,,,,,,,O*NET 31.0 Task Statements
9734,43-4061.00,"Eligibility Interviewers, Government Programs",43-4061,43,"Interpret and explain information such as eligibility requirements, application details, payment methods, and applicants' legal rights.",Core,O*NET 31.0 Task Statements,31.0,"BLS Employment Projections Occupation.xlsx Table 1.2, 2025-2035",train,43-4061.00,human-task-exposure-v2.0,unscored_human_template,,true,,,,,,,O*NET 31.0 Task Statements
21012,39-9032.00,Recreation Workers,39-9032,39,Develop treatment goals for individuals based on their assessments.,Supplemental,O*NET 31.0 Task Statements,31.0,"BLS Employment Projections Occupation.xlsx Table 1.2, 2025-2035",train,39-9032.00,human-task-exposure-v2.0,unscored_human_template,,true,,,,,,,O*NET 31.0 Task Statements
15972,13-1199.05,Sustainability Specialists,13-1199,13,"Write grant applications, rebate applications, or project proposals to secure funding for sustainability projects.",Core,O*NET 31.0 Task Statements,31.0,"BLS Employment Projections Occupation.xlsx Table 1.2, 2025-2035",train,13-1199.05,human-task-exposure-v2.0,unscored_human_template,,true,,,,,,,O*NET 31.0 Task Statements
2119,33-3012.00,Correctional Officers and Jailers,33-3012,33,"Sponsor inmate recreational activities, such as newspapers and self-help groups.",Supplemental,O*NET 31.0 Task Statements,31.0,"BLS Employment Projections Occupation.xlsx Table 1.2, 2025-2035",train,33-3012.00,human-task-exposure-v2.0,unscored_human_template,,true,,,,,,,O*NET 31.0 Task Statements
6383,25-1126.00,"Philosophy and Religion Teachers, Postsecondary",25-1126,25,"Keep abreast of developments in the field by reading current literature, talking with colleagues, and participating in professional conferences.",Core,O*NET 31.0 Task Statements,31.0,"BLS Employment Projections Occupation.xlsx Table 1.2, 2025-2035",train,25-1126.00,human-task-exposure-v2.0,unscored_human_template,,true,,,,,,,O*NET 31.0 Task Statements
14173,51-6063.00,"Textile Knitting and Weaving Machine Setters, Operators, and Tenders",51-6063,51,"Confer with co-workers to obtain information about orders, processes, or problems.",Core,O*NET 31.0 Task Statements,31.0,"BLS Employment Projections Occupation.xlsx Table 1.2, 2025-2035",train,51-6063.00,human-task-exposure-v2.0,unscored_human_template,,true,,,,,,,O*NET 31.0 Task Statements
4096,29-1124.00,Radiation Therapists,29-1124,29,Calculate actual treatment dosages delivered during each session.,Core,O*NET 31.0 Task Statements,31.0,"BLS Employment Projections Occupation.xlsx Table 1.2, 2025-2035",train,29-1124.00,human-task-exposure-v2.0,unscored_human_template,,true,,,,,,,O*NET 31.0 Task Statements
5336,17-2021.00,Agricultural Engineers,17-2021,17,"Prepare reports, sketches, working drawings, specifications, proposals, and budgets for proposed sites or systems.",Core,O*NET 31.0 Task Statements,31.0,"BLS Employment Projections Occupation.xlsx Table 1.2, 2025-2035",train,17-2021.00,human-task-exposure-v2.0,unscored_human_template,,true,,,,,,,O*NET 31.0 Task Statements
16987,19-4099.03,Remote Sensing Technicians,19-4099,19,"Prepare documentation or presentations, including charts, photos, or graphs.",Core,O*NET 31.0 Task Statements,31.0,"BLS Employment Projections Occupation.xlsx Table 1.2, 2025-2035",train,19-4099.03,human-task-exposure-v2.0,unscored_human_template,,true,,,,,,,O*NET 31.0 Task Statements
8468,51-2092.00,Team Assemblers,51-2092,51,Rotate through all the tasks required in a particular production process.,Core,O*NET 31.0 Task Statements,31.0,"BLS Employment Projections Occupation.xlsx Table 1.2, 2025-2035",train,51-2092.00,human-task-exposure-v2.0,unscored_human_template,,true,,,,,,,O*NET 31.0 Task Statements
14435,53-1041.00,Aircraft Cargo Handling Supervisors,53-1041,53,"Determine the quantity and orientation of cargo, and compute an aircraft's center of gravity.",Core,O*NET 31.0 Task Statements,31.0,"BLS Employment Projections Occupation.xlsx Table 1.2, 2025-2035",train,53-1041.00,human-task-exposure-v2.0,unscored_human_template,,true,,,,,,,O*NET 31.0 Task Statements
17818,51-8099.01,Biofuels Processing Technicians,51-8099,51,"Calculate, measure, load, or mix refined feedstock used in biofuels production.",Core,O*NET 31.0 Task Statements,31.0,"BLS Employment Projections Occupation.xlsx Table 1.2, 2025-2035",validation,51-8099.01,human-task-exposure-v2.0,unscored_human_template,,true,,,,,,,O*NET 31.0 Task Statements
23872,53-7065.00,Stockers and Order Fillers,53-7065,53,Obtain merchandise from bins or shelves.,Core,O*NET 31.0 Task Statements,31.0,"BLS Employment Projections Occupation.xlsx Table 1.2, 2025-2035",train,53-7065.00,human-task-exposure-v2.0,unscored_human_template,,true,,,,,,,O*NET 31.0 Task Statements
23886,53-7065.00,Stockers and Order Fillers,53-7065,53,"Issue or distribute materials, products, parts, and supplies to customers or coworkers, based on information from incoming requisitions.",Core,O*NET 31.0 Task Statements,31.0,"BLS Employment Projections Occupation.xlsx Table 1.2, 2025-2035",train,53-7065.00,human-task-exposure-v2.0,unscored_human_template,,true,,,,,,,O*NET 31.0 Task Statements
1883,29-1127.00,Speech-Language Pathologists,29-1127,29,Provide communication instruction to dialect speakers or students with limited English proficiency.,Supplemental,O*NET 31.0 Task Statements,31.0,"BLS Employment Projections Occupation.xlsx Table 1.2, 2025-2035",test,29-1127.00,human-task-exposure-v2.0,unscored_human_template,,true,,,,,,,O*NET 31.0 Task Statements
23663,51-9124.00,"Coating, Painting, and Spraying Machine Setters, Operators, and Tenders",51-9124,51,"Set up portable equipment, such as ventilators, exhaust units, ladders, or scaffolding.",Supplemental,O*NET 31.0 Task Statements,31.0,"BLS Employment Projections Occupation.xlsx Table 1.2, 2025-2035",test,51-9124.00,human-task-exposure-v2.0,unscored_human_template,,true,,,,,,,O*NET 31.0 Task Statements
9861,47-2073.00,Operating Engineers and Other Construction Equipment Operators,47-2073,47,Check fuel supplies at sites to ensure adequate availability.,Supplemental,O*NET 31.0 Task Statements,31.0,"BLS Employment Projections Occupation.xlsx Table 1.2, 2025-2035",train,47-2073.00,human-task-exposure-v2.0,unscored_human_template,,true,,,,,,,O*NET 31.0 Task Statements
9944,49-2091.00,Avionics Technicians,49-2091,49,"Assemble prototypes or models of circuits, instruments, and systems for use in testing.",Core,O*NET 31.0 Task Statements,31.0,"BLS Employment Projections Occupation.xlsx Table 1.2, 2025-2035",train,49-2091.00,human-task-exposure-v2.0,unscored_human_template,,true,,,,,,,O*NET 31.0 Task Statements
9855,47-2073.00,Operating Engineers and Other Construction Equipment Operators,47-2073,47,"Align machines, cutterheads, or depth gauge makers with reference stakes and guidelines or ground or position equipment, following hand signals of other workers.",Core,O*NET 31.0 Task Statements,31.0,"BLS Employment Projections Occupation.xlsx Table 1.2, 2025-2035",train,47-2073.00,human-task-exposure-v2.0,unscored_human_template,,true,,,,,,,O*NET 31.0 Task Statements
21833,15-2051.00,Data Scientists,15-2051,15,"Identify solutions to business problems, such as budgeting, staffing, and marketing decisions, using the results of data analysis.",Core,O*NET 31.0 Task Statements,31.0,"BLS Employment Projections Occupation.xlsx Table 1.2, 2025-2035",train,15-2051.00,human-task-exposure-v2.0,unscored_human_template,,true,,,,,,,O*NET 31.0 Task Statements
9241,23-2093.00,"Title Examiners, Abstractors, and Searchers",23-2093,23,"Prepare and issue title commitments and title insurance policies, based on information compiled from title searches.",Core,O*NET 31.0 Task Statements,31.0,"BLS Employment Projections Occupation.xlsx Table 1.2, 2025-2035",test,23-2093.00,human-task-exposure-v2.0,unscored_human_template,,true,,,,,,,O*NET 31.0 Task Statements
8656,27-3092.00,Court Reporters and Simultaneous Captioners,27-3092,27,Transcribe recorded proceedings in accordance with established formats.,Core,O*NET 31.0 Task Statements,31.0,"BLS Employment Projections Occupation.xlsx Table 1.2, 2025-2035",train,27-3092.00,human-task-exposure-v2.0,unscored_human_template,,true,,,,,,,O*NET 31.0 Task Statements
22386,25-2056.00,"Special Education Teachers, Elementary School",25-2056,25,"Provide assistive devices, supportive technology, or assistance accessing facilities, such as restrooms.",Core,O*NET 31.0 Task Statements,31.0,"BLS Employment Projections Occupation.xlsx Table 1.2, 2025-2035",train,25-2056.00,human-task-exposure-v2.0,unscored_human_template,,true,,,,,,,O*NET 31.0 Task Statements
21931,17-3011.00,Architectural and Civil Drafters,17-3011,17,Explain drawings to production or construction teams and provide adjustments as necessary.,Core,O*NET 31.0 Task Statements,31.0,"BLS Employment Projections Occupation.xlsx Table 1.2, 2025-2035",train,17-3011.00,human-task-exposure-v2.0,unscored_human_template,,true,,,,,,,O*NET 31.0 Task Statements
14165,51-6063.00,"Textile Knitting and Weaving Machine Setters, Operators, and Tenders",51-6063,51,Observe woven cloth to detect weaving defects.,Core,O*NET 31.0 Task Statements,31.0,"BLS Employment Projections Occupation.xlsx Table 1.2, 2025-2035",train,51-6063.00,human-task-exposure-v2.0,unscored_human_template,,true,,,,,,,O*NET 31.0 Task Statements
1213,13-1121.00,"Meeting, Convention, and Event Planners",13-1121,13,"Plan and develop programs, agendas, budgets, and services according to customer requirements.",Core,O*NET 31.0 Task Statements,31.0,"BLS Employment Projections Occupation.xlsx Table 1.2, 2025-2035",train,13-1121.00,human-task-exposure-v2.0,unscored_human_template,,true,,,,,,,O*NET 31.0 Task Statements
22108,17-3031.00,Surveying and Mapping Technicians,17-3031,17,"Determine scales, line sizes, or colors to be used for hard copies of computerized maps, using plotters.",Core,O*NET 31.0 Task Statements,31.0,"BLS Employment Projections Occupation.xlsx Table 1.2, 2025-2035",train,17-3031.00,human-task-exposure-v2.0,unscored_human_template,,true,,,,,,,O*NET 31.0 Task Statements
11109,33-2022.00,Forest Fire Inspectors and Prevention Specialists,33-2022,33,"Examine and inventory firefighting equipment, such as axes, fire hoses, shovels, pumps, buckets, and fire extinguishers, to determine amount and condition.",Core,O*NET 31.0 Task Statements,31.0,"BLS Employment Projections Occupation.xlsx Table 1.2, 2025-2035",validation,33-2022.00,human-task-exposure-v2.0,unscored_human_template,,true,,,,,,,O*NET 31.0 Task Statements
1395,17-2112.00,Industrial Engineers,17-2112,17,"Apply statistical methods and perform mathematical calculations to determine manufacturing processes, staff requirements, and production standards.",Core,O*NET 31.0 Task Statements,31.0,"BLS Employment Projections Occupation.xlsx Table 1.2, 2025-2035",train,17-2112.00,human-task-exposure-v2.0,unscored_human_template,,true,,,,,,,O*NET 31.0 Task Statements
6275,25-1121.00,"Art, Drama, and Music Teachers, Postsecondary",25-1121,25,"Compile, administer, and grade examinations, or assign this work to others.",Core,O*NET 31.0 Task Statements,31.0,"BLS Employment Projections Occupation.xlsx Table 1.2, 2025-2035",train,25-1121.00,human-task-exposure-v2.0,unscored_human_template,,true,,,,,,,O*NET 31.0 Task Statements
8786,51-3021.00,Butchers and Meat Cutters,51-3021,51,"Cut, trim, bone, tie, and grind meats, such as beef, pork, poultry, and fish, to prepare in cooking form.",Core,O*NET 31.0 Task Statements,31.0,"BLS Employment Projections Occupation.xlsx Table 1.2, 2025-2035",test,51-3021.00,human-task-exposure-v2.0,unscored_human_template,,true,,,,,,,O*NET 31.0 Task Statements
20838,53-6021.00,Parking Attendants,53-6021,53,"Provide customer assistance and information, such as giving directions or handling wheelchairs.",Core,O*NET 31.0 Task Statements,31.0,"BLS Employment Projections Occupation.xlsx Table 1.2, 2025-2035",train,53-6021.00,human-task-exposure-v2.0,unscored_human_template,,true,,,,,,,O*NET 31.0 Task Statements
9535,37-1011.00,First-Line Supervisors of Housekeeping and Janitorial Workers,37-1011,37,"Perform financial tasks, such as estimating costs and preparing and managing budgets.",Supplemental,O*NET 31.0 Task Statements,31.0,"BLS Employment Projections Occupation.xlsx Table 1.2, 2025-2035",validation,37-1011.00,human-task-exposure-v2.0,unscored_human_template,,true,,,,,,,O*NET 31.0 Task Statements
8458,51-1011.00,First-Line Supervisors of Production and Operating Workers,51-1011,51,"Confer with management or subordinates to resolve worker problems, complaints, or grievances.",Core,O*NET 31.0 Task Statements,31.0,"BLS Employment Projections Occupation.xlsx Table 1.2, 2025-2035",train,51-1011.00,human-task-exposure-v2.0,unscored_human_template,,true,,,,,,,O*NET 31.0 Task Statements
15968,13-1199.05,Sustainability Specialists,13-1199,13,Review and revise sustainability proposals or policies.,Core,O*NET 31.0 Task Statements,31.0,"BLS Employment Projections Occupation.xlsx Table 1.2, 2025-2035",train,13-1199.05,human-task-exposure-v2.0,unscored_human_template,,true,,,,,,,O*NET 31.0 Task Statements
5420,19-1011.00,Animal Scientists,19-1011,19,Crossbreed animals with existing strains or cross strains to obtain new combinations of desirable characteristics.,Supplemental,O*NET 31.0 Task Statements,31.0,"BLS Employment Projections Occupation.xlsx Table 1.2, 2025-2035",validation,19-1011.00,human-task-exposure-v2.0,unscored_human_template,,true,,,,,,,O*NET 31.0 Task Statements
319,29-1031.00,Dietitians and Nutritionists,29-1031,29,Coordinate recipe development and standardization and develop new menus for independent food service operations.,Supplemental,O*NET 31.0 Task Statements,31.0,"BLS Employment Projections Occupation.xlsx Table 1.2, 2025-2035",train,29-1031.00,human-task-exposure-v2.0,unscored_human_template,,true,,,,,,,O*NET 31.0 Task Statements
21944,17-3011.00,Architectural and Civil Drafters,17-3011,17,"Review rough sketches, drawings, specifications, and other engineering data to ensure that they conform to design concepts.",Core,O*NET 31.0 Task Statements,31.0,"BLS Employment Projections Occupation.xlsx Table 1.2, 2025-2035",train,17-3011.00,human-task-exposure-v2.0,unscored_human_template,,true,,,,,,,O*NET 31.0 Task Statements
13815,49-9031.00,Home Appliance Repairers,49-9031,49,"Measure, cut, and thread pipe, and connect it to feeder lines and equipment or appliances, using rules and hand tools.",Supplemental,O*NET 31.0 Task Statements,31.0,"BLS Employment Projections Occupation.xlsx Table 1.2, 2025-2035",train,49-9031.00,human-task-exposure-v2.0,unscored_human_template,,true,,,,,,,O*NET 31.0 Task Statements
17066,29-1229.01,Allergists and Immunologists,29-1229,29,"Prescribe medication such as antihistamines, antibiotics, and nasal, oral, topical, or inhaled glucocorticosteroids.",Core,O*NET 31.0 Task Statements,31.0,"BLS Employment Projections Occupation.xlsx Table 1.2, 2025-2035",validation,29-1229.01,human-task-exposure-v2.0,unscored_human_template,,true,,,,,,,O*NET 31.0 Task Statements
12216,51-7011.00,Cabinetmakers and Bench Carpenters,51-7011,51,"Establish the specifications of articles to be constructed or repaired, or plan the methods or operations for shaping or assembling parts, based on blueprints, drawings, diagrams, or oral or written instructions.",Core,O*NET 31.0 Task Statements,31.0,"BLS Employment Projections Occupation.xlsx Table 1.2, 2025-2035",validation,51-7011.00,human-task-exposure-v2.0,unscored_human_template,,true,,,,,,,O*NET 31.0 Task Statements
6454,25-1194.00,"Career/Technical Education Teachers, Postsecondary",25-1194,25,Develop curricula and plan course content and methods of instruction.,Core,O*NET 31.0 Task Statements,31.0,"BLS Employment Projections Occupation.xlsx Table 1.2, 2025-2035",test,25-1194.00,human-task-exposure-v2.0,unscored_human_template,,true,,,,,,,O*NET 31.0 Task Statements
14385,51-9194.00,Etchers and Engravers,51-9194,51,Clean and polish engraved areas.,Core,O*NET 31.0 Task Statements,31.0,"BLS Employment Projections Occupation.xlsx Table 1.2, 2025-2035",train,51-9194.00,human-task-exposure-v2.0,unscored_human_template,,true,,,,,,,O*NET 31.0 Task Statements
5563,19-4071.00,Forest and Conservation Technicians,19-4071,19,"Train and lead forest and conservation workers in seasonal activities, such as planting tree seedlings, putting out forest fires, and maintaining recreational facilities.",Core,O*NET 31.0 Task Statements,31.0,"BLS Employment Projections Occupation.xlsx Table 1.2, 2025-2035",train,19-4071.00,human-task-exposure-v2.0,unscored_human_template,,true,,,,,,,O*NET 31.0 Task Statements
10944,21-2011.00,Clergy,21-2011,21,"Study and interpret religious laws, doctrines, or traditions.",Core,O*NET 31.0 Task Statements,31.0,"BLS Employment Projections Occupation.xlsx Table 1.2, 2025-2035",test,21-2011.00,human-task-exposure-v2.0,unscored_human_template,,true,,,,,,,O*NET 31.0 Task Statements
19263,29-2099.05,Ophthalmic Medical Technologists,29-2099,29,Calculate corrections for refractive errors.,Core,O*NET 31.0 Task Statements,31.0,"BLS Employment Projections Occupation.xlsx Table 1.2, 2025-2035",train,29-2099.05,human-task-exposure-v2.0,unscored_human_template,,true,,,,,,,O*NET 31.0 Task Statements
15354,33-9093.00,Transportation Security Screeners,33-9093,33,Follow those who breach security until police or other security personnel arrive to apprehend them.,Core,O*NET 31.0 Task Statements,31.0,"BLS Employment Projections Occupation.xlsx Table 1.2, 2025-2035",test,33-9093.00,human-task-exposure-v2.0,unscored_human_template,,true,,,,,,,O*NET 31.0 Task Statements
22014,17-3024.00,Electro-Mechanical and Mechatronics Technologists and Technicians,17-3024,17,Install or program computer hardware or machine or instrumentation software in microprocessor-based systems.,Core,O*NET 31.0 Task Statements,31.0,"BLS Employment Projections Occupation.xlsx Table 1.2, 2025-2035",train,17-3024.00,human-task-exposure-v2.0,unscored_human_template,,true,,,,,,,O*NET 31.0 Task Statements
17070,29-1229.01,Allergists and Immunologists,29-1229,29,Interpret diagnostic test results to make appropriate differential diagnoses.,Core,O*NET 31.0 Task Statements,31.0,"BLS Employment Projections Occupation.xlsx Table 1.2, 2025-2035",validation,29-1229.01,human-task-exposure-v2.0,unscored_human_template,,true,,,,,,,O*NET 31.0 Task Statements
6284,25-1121.00,"Art, Drama, and Music Teachers, Postsecondary",25-1121,25,"Perform administrative duties, such as serving as department head.",Supplemental,O*NET 31.0 Task Statements,31.0,"BLS Employment Projections Occupation.xlsx Table 1.2, 2025-2035",train,25-1121.00,human-task-exposure-v2.0,unscored_human_template,,true,,,,,,,O*NET 31.0 Task Statements
12678,51-9196.00,"Paper Goods Machine Setters, Operators, and Tenders",51-9196,51,"Examine completed work to detect defects and verify conformance to work orders, and adjust machinery as necessary to correct production problems.",Core,O*NET 31.0 Task Statements,31.0,"BLS Employment Projections Occupation.xlsx Table 1.2, 2025-2035",train,51-9196.00,human-task-exposure-v2.0,unscored_human_template,,true,,,,,,,O*NET 31.0 Task Statements
1754,27-2022.00,Coaches and Scouts,27-2022,27,Monitor athletes' use of equipment to ensure safe and proper use.,Core,O*NET 31.0 Task Statements,31.0,"BLS Employment Projections Occupation.xlsx Table 1.2, 2025-2035",train,27-2022.00,human-task-exposure-v2.0,unscored_human_template,,true,,,,,,,O*NET 31.0 Task Statements
13841,49-9091.00,"Coin, Vending, and Amusement Machine Servicers and Repairers",49-9091,49,Contact other repair personnel or make arrangements for the removal of machines in cases where major repairs are required.,Supplemental,O*NET 31.0 Task Statements,31.0,"BLS Employment Projections Occupation.xlsx Table 1.2, 2025-2035",train,49-9091.00,human-task-exposure-v2.0,unscored_human_template,,true,,,,,,,O*NET 31.0 Task Statements
1402,17-2112.00,Industrial Engineers,17-2112,17,"Formulate sampling procedures and designs and develop forms and instructions for recording, evaluating, and reporting quality and reliability data.",Core,O*NET 31.0 Task Statements,31.0,"BLS Employment Projections Occupation.xlsx Table 1.2, 2025-2035",train,17-2112.00,human-task-exposure-v2.0,unscored_human_template,,true,,,,,,,O*NET 31.0 Task Statements
20325,13-1161.01,Search Marketing Strategists,13-1161,13,Execute or manage social media campaigns to inform search marketing tactics.,Core,O*NET 31.0 Task Statements,31.0,"BLS Employment Projections Occupation.xlsx Table 1.2, 2025-2035",train,13-1161.01,human-task-exposure-v2.0,unscored_human_template,,true,,,,,,,O*NET 31.0 Task Statements
14078,51-6041.00,Shoe and Leather Workers and Repairers,51-6041,51,"Read prescriptions or specifications, and take measurements to establish the type of product to be made, using calipers, tape measures, or rules.",Supplemental,O*NET 31.0 Task Statements,31.0,"BLS Employment Projections Occupation.xlsx Table 1.2, 2025-2035",train,51-6041.00,human-task-exposure-v2.0,unscored_human_template,,true,,,,,,,O*NET 31.0 Task Statements
13975,51-2051.00,Fiberglass Laminators and Fabricators,51-2051,51,"Bond wood reinforcing strips to decks and cabin structures of watercraft, using resin-saturated fiberglass.",Core,O*NET 31.0 Task Statements,31.0,"BLS Employment Projections Occupation.xlsx Table 1.2, 2025-2035",validation,51-2051.00,human-task-exposure-v2.0,unscored_human_template,,true,,,,,,,O*NET 31.0 Task Statements
6249,25-1113.00,"Social Work Teachers, Postsecondary",25-1113,25,"Compile, administer, and grade examinations, or assign this work to others.",Core,O*NET 31.0 Task Statements,31.0,"BLS Employment Projections Occupation.xlsx Table 1.2, 2025-2035",train,25-1113.00,human-task-exposure-v2.0,unscored_human_template,,true,,,,,,,O*NET 31.0 Task Statements
16110,15-1243.00,Database Architects,15-1243,15,"Design database applications, such as interfaces, data transfer mechanisms, global temporary tables, data partitions, and function-based indexes to enable efficient access of the generic database structure.",Core,O*NET 31.0 Task Statements,31.0,"BLS Employment Projections Occupation.xlsx Table 1.2, 2025-2035",train,15-1243.00,human-task-exposure-v2.0,unscored_human_template,,true,,,,,,,O*NET 31.0 Task Statements
17732,47-1011.03,Solar Energy Installation Managers,47-1011,47,"Provide technical assistance to installers, technicians, or other solar professionals in areas such as solar electric systems, solar thermal systems, electrical systems, or mechanical systems.",Core,O*NET 31.0 Task Statements,31.0,"BLS Employment Projections Occupation.xlsx Table 1.2, 2025-2035",test,47-1011.03,human-task-exposure-v2.0,unscored_human_template,,true,,,,,,,O*NET 31.0 Task Statements
7638,25-4011.00,Archivists,25-4011,25,Locate new materials and direct their acquisition and display.,Core,O*NET 31.0 Task Statements,31.0,"BLS Employment Projections Occupation.xlsx Table 1.2, 2025-2035",validation,25-4011.00,human-task-exposure-v2.0,unscored_human_template,,true,,,,,,,O*NET 31.0 Task Statements
2791,43-6014.00,"Secretaries and Administrative Assistants, Except Legal, Medical, and Executive",43-6014,43,Greet visitors or callers and handle their inquiries or direct them to the appropriate persons according to their needs.,Core,O*NET 31.0 Task Statements,31.0,"BLS Employment Projections Occupation.xlsx Table 1.2, 2025-2035",train,43-6014.00,human-task-exposure-v2.0,unscored_human_template,,true,,,,,,,O*NET 31.0 Task Statements
2187,35-2015.00,"Cooks, Short Order",35-2015,35,"Clean food preparation equipment, work areas, and counters or tables.",Core,O*NET 31.0 Task Statements,31.0,"BLS Employment Projections Occupation.xlsx Table 1.2, 2025-2035",test,35-2015.00,human-task-exposure-v2.0,unscored_human_template,,true,,,,,,,O*NET 31.0 Task Statements
4221,29-9091.00,Athletic Trainers,29-9091,29,Conduct an initial assessment of an athlete's injury or illness to provide emergency or continued care and to determine whether they should be referred to physicians for definitive diagnosis and treatment.,Core,O*NET 31.0 Task Statements,31.0,"BLS Employment Projections Occupation.xlsx Table 1.2, 2025-2035",train,29-9091.00,human-task-exposure-v2.0,unscored_human_template,,true,,,,,,,O*NET 31.0 Task Statements
9239,23-2093.00,"Title Examiners, Abstractors, and Searchers",23-2093,23,"Direct activities of workers who search records and examine titles, assigning, scheduling, and evaluating work, and providing technical guidance as necessary.",Core,O*NET 31.0 Task Statements,31.0,"BLS Employment Projections Occupation.xlsx Table 1.2, 2025-2035",test,23-2093.00,human-task-exposure-v2.0,unscored_human_template,,true,,,,,,,O*NET 31.0 Task Statements
14871,47-2043.00,Floor Sanders and Finishers,47-2043,47,Guide sanding machines over surfaces of floors until surfaces are smooth.,Core,O*NET 31.0 Task Statements,31.0,"BLS Employment Projections Occupation.xlsx Table 1.2, 2025-2035",test,47-2043.00,human-task-exposure-v2.0,unscored_human_template,,true,,,,,,,O*NET 31.0 Task Statements
316,29-1031.00,Dietitians and Nutritionists,29-1031,29,"Advise patients and their families on nutritional principles, dietary plans, diet modifications, and food selection and preparation.",Core,O*NET 31.0 Task Statements,31.0,"BLS Employment Projections Occupation.xlsx Table 1.2, 2025-2035",train,29-1031.00,human-task-exposure-v2.0,unscored_human_template,,true,,,,,,,O*NET 31.0 Task Statements
2394,39-9032.00,Recreation Workers,39-9032,39,"Meet with staff to discuss rules, regulations, and work-related problems.",Core,O*NET 31.0 Task Statements,31.0,"BLS Employment Projections Occupation.xlsx Table 1.2, 2025-2035",train,39-9032.00,human-task-exposure-v2.0,unscored_human_template,,true,,,,,,,O*NET 31.0 Task Statements
3908,27-2012.05,Media Technical Directors/Managers,27-2012,27,"Follow instructions from production managers and directors during productions, such as commands for camera cuts, effects, graphics, and takes.",Supplemental,O*NET 31.0 Task Statements,31.0,"BLS Employment Projections Occupation.xlsx Table 1.2, 2025-2035",train,27-2012.05,human-task-exposure-v2.0,unscored_human_template,,true,,,,,,,O*NET 31.0 Task Statements
6918,29-1011.00,Chiropractors,29-1011,29,Obtain and record patients' medical histories.,Core,O*NET 31.0 Task Statements,31.0,"BLS Employment Projections Occupation.xlsx Table 1.2, 2025-2035",train,29-1011.00,human-task-exposure-v2.0,unscored_human_template,,true,,,,,,,O*NET 31.0 Task Statements
22107,17-3031.00,Surveying and Mapping Technicians,17-3031,17,"Produce or update overlay maps to show information boundaries, water locations, or topographic features on various base maps or at different scales.",Core,O*NET 31.0 Task Statements,31.0,"BLS Employment Projections Occupation.xlsx Table 1.2, 2025-2035",train,17-3031.00,human-task-exposure-v2.0,unscored_human_template,,true,,,,,,,O*NET 31.0 Task Statements
21934,17-3011.00,Architectural and Civil Drafters,17-3011,17,Locate and identify symbols on topographical surveys to denote geological and geophysical formations or oil field installations.,Supplemental,O*NET 31.0 Task Statements,31.0,"BLS Employment Projections Occupation.xlsx Table 1.2, 2025-2035",train,17-3011.00,human-task-exposure-v2.0,unscored_human_template,,true,,,,,,,O*NET 31.0 Task Statements
12210,51-7011.00,Cabinetmakers and Bench Carpenters,51-7011,51,"Produce or assemble components of articles, such as store fixtures, office equipment, cabinets, or high-grade furniture.",Core,O*NET 31.0 Task Statements,31.0,"BLS Employment Projections Occupation.xlsx Table 1.2, 2025-2035",validation,51-7011.00,human-task-exposure-v2.0,unscored_human_template,,true,,,,,,,O*NET 31.0 Task Statements
14175,51-6063.00,"Textile Knitting and Weaving Machine Setters, Operators, and Tenders",51-6063,51,"Clean, oil, and lubricate machines, using air hoses, cleaning solutions, rags, oil cans, or grease guns.",Supplemental,O*NET 31.0 Task Statements,31.0,"BLS Employment Projections Occupation.xlsx Table 1.2, 2025-2035",train,51-6063.00,human-task-exposure-v2.0,unscored_human_template,,true,,,,,,,O*NET 31.0 Task Statements
8463,51-1011.00,First-Line Supervisors of Production and Operating Workers,51-1011,51,"Requisition materials, supplies, equipment parts, or repair services.",Core,O*NET 31.0 Task Statements,31.0,"BLS Employment Projections Occupation.xlsx Table 1.2, 2025-2035",train,51-1011.00,human-task-exposure-v2.0,unscored_human_template,,true,,,,,,,O*NET 31.0 Task Statements
15975,13-1199.05,Sustainability Specialists,13-1199,13,Create or maintain plans or other documents related to sustainability projects.,Core,O*NET 31.0 Task Statements,31.0,"BLS Employment Projections Occupation.xlsx Table 1.2, 2025-2035",train,13-1199.05,human-task-exposure-v2.0,unscored_human_template,,true,,,,,,,O*NET 31.0 Task Statements
779,43-6013.00,Medical Secretaries and Administrative Assistants,43-6013,43,"Greet visitors, ascertain purpose of visit, and direct them to appropriate staff.",Core,O*NET 31.0 Task Statements,31.0,"BLS Employment Projections Occupation.xlsx Table 1.2, 2025-2035",train,43-6013.00,human-task-exposure-v2.0,unscored_human_template,,true,,,,,,,O*NET 31.0 Task Statements
789,43-6013.00,Medical Secretaries and Administrative Assistants,43-6013,43,"Prepare correspondence or assist physicians or medical scientists with preparation of reports, speeches, articles, or conference proceedings.",Supplemental,O*NET 31.0 Task Statements,31.0,"BLS Employment Projections Occupation.xlsx Table 1.2, 2025-2035",train,43-6013.00,human-task-exposure-v2.0,unscored_human_template,,true,,,,,,,O*NET 31.0 Task Statements
22365,25-2056.00,"Special Education Teachers, Elementary School",25-2056,25,Develop or implement strategies to meet the needs of students with a variety of disabilities.,Core,O*NET 31.0 Task Statements,31.0,"BLS Employment Projections Occupation.xlsx Table 1.2, 2025-2035",train,25-2056.00,human-task-exposure-v2.0,unscored_human_template,,true,,,,,,,O*NET 31.0 Task Statements
7630,25-4011.00,Archivists,25-4011,25,"Create and maintain accessible, retrievable computer archives and databases, incorporating current advances in electronic information storage technology.",Core,O*NET 31.0 Task Statements,31.0,"BLS Employment Projections Occupation.xlsx Table 1.2, 2025-2035",validation,25-4011.00,human-task-exposure-v2.0,unscored_human_template,,true,,,,,,,O*NET 31.0 Task Statements
4859,47-3015.00,"Helpers--Pipelayers, Plumbers, Pipefitters, and Steamfitters",47-3015,47,"Mount brackets and hangers on walls and ceilings to hold pipes, and set sleeves or inserts to provide support for pipes.",Core,O*NET 31.0 Task Statements,31.0,"BLS Employment Projections Occupation.xlsx Table 1.2, 2025-2035",validation,47-3015.00,human-task-exposure-v2.0,unscored_human_template,,true,,,,,,,O*NET 31.0 Task Statements
10950,21-2011.00,Clergy,21-2011,21,Prepare people for participation in religious ceremonies.,Core,O*NET 31.0 Task Statements,31.0,"BLS Employment Projections Occupation.xlsx Table 1.2, 2025-2035",test,21-2011.00,human-task-exposure-v2.0,unscored_human_template,,true,,,,,,,O*NET 31.0 Task Statements
14434,53-1041.00,Aircraft Cargo Handling Supervisors,53-1041,53,"Direct ground crews in the loading, unloading, securing, or staging of aircraft cargo or baggage.",Core,O*NET 31.0 Task Statements,31.0,"BLS Employment Projections Occupation.xlsx Table 1.2, 2025-2035",train,53-1041.00,human-task-exposure-v2.0,unscored_human_template,,true,,,,,,,O*NET 31.0 Task Statements
5337,17-2021.00,Agricultural Engineers,17-2021,17,"Meet with clients, such as district or regional councils, farmers, and developers, to discuss their needs.",Core,O*NET 31.0 Task Statements,31.0,"BLS Employment Projections Occupation.xlsx Table 1.2, 2025-2035",train,17-2021.00,human-task-exposure-v2.0,unscored_human_template,,true,,,,,,,O*NET 31.0 Task Statements
11727,49-2093.00,"Electrical and Electronics Installers and Repairers, Transportation Equipment",49-2093,49,"Inspect and test electrical systems and equipment to locate and diagnose malfunctions, using visual inspections, testing devices, and computer software.",Core,O*NET 31.0 Task Statements,31.0,"BLS Employment Projections Occupation.xlsx Table 1.2, 2025-2035",test,49-2093.00,human-task-exposure-v2.0,unscored_human_template,,true,,,,,,,O*NET 31.0 Task Statements
13976,51-2051.00,Fiberglass Laminators and Fabricators,51-2051,51,"Check completed products for conformance to specifications and for defects by measuring with rulers or micrometers, by checking them visually, or by tapping them to detect bubbles or dead spots.",Core,O*NET 31.0 Task Statements,31.0,"BLS Employment Projections Occupation.xlsx Table 1.2, 2025-2035",validation,51-2051.00,human-task-exposure-v2.0,unscored_human_template,,true,,,,,,,O*NET 31.0 Task Statements
15180,53-7031.00,Dredge Operators,53-7031,53,Pump water to clear machinery pipelines.,Core,O*NET 31.0 Task Statements,31.0,"BLS Employment Projections Occupation.xlsx Table 1.2, 2025-2035",train,53-7031.00,human-task-exposure-v2.0,unscored_human_template,,true,,,,,,,O*NET 31.0 Task Statements
14559,53-5031.00,Ship Engineers,53-5031,53,Monitor and test operations of engines or other equipment so that malfunctions and their causes can be identified.,Core,O*NET 31.0 Task Statements,31.0,"BLS Employment Projections Occupation.xlsx Table 1.2, 2025-2035",train,53-5031.00,human-task-exposure-v2.0,unscored_human_template,,true,,,,,,,O*NET 31.0 Task Statements
16105,15-1243.00,Database Architects,15-1243,15,"Document and communicate database schemas, using accepted notations.",Core,O*NET 31.0 Task Statements,31.0,"BLS Employment Projections Occupation.xlsx Table 1.2, 2025-2035",train,15-1243.00,human-task-exposure-v2.0,unscored_human_template,,true,,,,,,,O*NET 31.0 Task Statements
2002,31-1133.00,Psychiatric Aides,31-1133,31,Interview patients upon admission and record information.,Supplemental,O*NET 31.0 Task Statements,31.0,"BLS Employment Projections Occupation.xlsx Table 1.2, 2025-2035",validation,31-1133.00,human-task-exposure-v2.0,unscored_human_template,,true,,,,,,,O*NET 31.0 Task Statements
15676,11-3031.03,Investment Fund Managers,11-3031,11,Select or direct the execution of trades.,Core,O*NET 31.0 Task Statements,31.0,"BLS Employment Projections Occupation.xlsx Table 1.2, 2025-2035",train,11-3031.03,human-task-exposure-v2.0,unscored_human_template,,true,,,,,,,O*NET 31.0 Task Statements
14914,47-2142.00,Paperhangers,47-2142,47,"Place strips or sections of paper on surfaces, aligning section edges and patterns.",Core,O*NET 31.0 Task Statements,31.0,"BLS Employment Projections Occupation.xlsx Table 1.2, 2025-2035",test,47-2142.00,human-task-exposure-v2.0,unscored_human_template,,true,,,,,,,O*NET 31.0 Task Statements
22012,17-3024.00,Electro-Mechanical and Mechatronics Technologists and Technicians,17-3024,17,"Fabricate or assemble mechanical, electrical, or electronic components or assemblies.",Core,O*NET 31.0 Task Statements,31.0,"BLS Employment Projections Occupation.xlsx Table 1.2, 2025-2035",train,17-3024.00,human-task-exposure-v2.0,unscored_human_template,,true,,,,,,,O*NET 31.0 Task Statements
9529,37-1011.00,First-Line Supervisors of Housekeeping and Janitorial Workers,37-1011,37,"Select and order or purchase new equipment, supplies, or furnishings.",Core,O*NET 31.0 Task Statements,31.0,"BLS Employment Projections Occupation.xlsx Table 1.2, 2025-2035",validation,37-1011.00,human-task-exposure-v2.0,unscored_human_template,,true,,,,,,,O*NET 31.0 Task Statements
5569,19-4071.00,Forest and Conservation Technicians,19-4071,19,Patrol park or forest areas to protect resources and prevent damage.,Core,O*NET 31.0 Task Statements,31.0,"BLS Employment Projections Occupation.xlsx Table 1.2, 2025-2035",train,19-4071.00,human-task-exposure-v2.0,unscored_human_template,,true,,,,,,,O*NET 31.0 Task Statements
23450,47-2031.00,Carpenters,47-2031,47,"Apply shock-absorbing, sound-deadening, or decorative paneling to ceilings or walls.",Supplemental,O*NET 31.0 Task Statements,31.0,"BLS Employment Projections Occupation.xlsx Table 1.2, 2025-2035",train,47-2031.00,human-task-exposure-v2.0,unscored_human_template,,true,,,,,,,O*NET 31.0 Task Statements
3421,13-2072.00,Loan Officers,13-2072,13,"Market bank products to individuals and firms, promoting bank services that may meet customers' needs.",Core,O*NET 31.0 Task Statements,31.0,"BLS Employment Projections Occupation.xlsx Table 1.2, 2025-2035",train,13-2072.00,human-task-exposure-v2.0,unscored_human_template,,true,,,,,,,O*NET 31.0 Task Statements
22383,25-2056.00,"Special Education Teachers, Elementary School",25-2056,25,"Prepare classrooms with a variety of materials or resources for children to explore, manipulate, or use in learning activities or imaginative play.",Core,O*NET 31.0 Task Statements,31.0,"BLS Employment Projections Occupation.xlsx Table 1.2, 2025-2035",train,25-2056.00,human-task-exposure-v2.0,unscored_human_template,,true,,,,,,,O*NET 31.0 Task Statements
13980,51-2051.00,Fiberglass Laminators and Fabricators,51-2051,51,"Apply layers of plastic resin to mold surfaces prior to placement of fiberglass mats, repeating layers until products have the desired thicknesses and plastics have jelled.",Supplemental,O*NET 31.0 Task Statements,31.0,"BLS Employment Projections Occupation.xlsx Table 1.2, 2025-2035",validation,51-2051.00,human-task-exposure-v2.0,unscored_human_template,,true,,,,,,,O*NET 31.0 Task Statements
1409,17-2112.00,Industrial Engineers,17-2112,17,"Schedule deliveries based on production forecasts, material substitutions, storage and handling facilities, and maintenance requirements.",Supplemental,O*NET 31.0 Task Statements,31.0,"BLS Employment Projections Occupation.xlsx Table 1.2, 2025-2035",train,17-2112.00,human-task-exposure-v2.0,unscored_human_template,,true,,,,,,,O*NET 31.0 Task Statements
780,43-6013.00,Medical Secretaries and Administrative Assistants,43-6013,43,"Interview patients to complete documents, case histories, or forms, such as intake or insurance forms.",Core,O*NET 31.0 Task Statements,31.0,"BLS Employment Projections Occupation.xlsx Table 1.2, 2025-2035",train,43-6013.00,human-task-exposure-v2.0,unscored_human_template,,true,,,,,,,O*NET 31.0 Task Statements
20162,51-2092.00,Team Assemblers,51-2092,51,Maintain production equipment and machinery.,Supplemental,O*NET 31.0 Task Statements,31.0,"BLS Employment Projections Occupation.xlsx Table 1.2, 2025-2035",train,51-2092.00,human-task-exposure-v2.0,unscored_human_template,,true,,,,,,,O*NET 31.0 Task Statements
8783,51-3021.00,Butchers and Meat Cutters,51-3021,51,"Wrap, weigh, label, and price cuts of meat.",Core,O*NET 31.0 Task Statements,31.0,"BLS Employment Projections Occupation.xlsx Table 1.2, 2025-2035",test,51-3021.00,human-task-exposure-v2.0,unscored_human_template,,true,,,,,,,O*NET 31.0 Task Statements
21274,11-3013.00,Facilities Managers,11-3013,11,"Dispose of, or oversee the disposal of, surplus or unclaimed property.",Core,O*NET 31.0 Task Statements,31.0,"BLS Employment Projections Occupation.xlsx Table 1.2, 2025-2035",validation,11-3013.00,human-task-exposure-v2.0,unscored_human_template,,true,,,,,,,O*NET 31.0 Task Statements
23915,29-1031.00,Dietitians and Nutritionists,29-1031,29,"Record and evaluate patient and family health and food history, including symptoms, environmental toxic exposure, allergies, medication factors, and preventive health-care measures.",Core,O*NET 31.0 Task Statements,31.0,"BLS Employment Projections Occupation.xlsx Table 1.2, 2025-2035",train,29-1031.00,human-task-exposure-v2.0,unscored_human_template,,true,,,,,,,O*NET 31.0 Task Statements
2117,33-3012.00,Correctional Officers and Jailers,33-3012,33,Maintain records of prisoners' identification and charges.,Core,O*NET 31.0 Task Statements,31.0,"BLS Employment Projections Occupation.xlsx Table 1.2, 2025-2035",train,33-3012.00,human-task-exposure-v2.0,unscored_human_template,,true,,,,,,,O*NET 31.0 Task Statements
22214,19-3039.03,Clinical Neuropsychologists,19-3039,19,"Diagnose and treat psychiatric populations for conditions such as somatoform disorder, dementias, and psychoses.",Core,O*NET 31.0 Task Statements,31.0,"BLS Employment Projections Occupation.xlsx Table 1.2, 2025-2035",train,19-3039.03,human-task-exposure-v2.0,unscored_human_template,,true,,,,,,,O*NET 31.0 Task Statements
6252,25-1113.00,"Social Work Teachers, Postsecondary",25-1113,25,Write grant proposals to procure external research funding.,Supplemental,O*NET 31.0 Task Statements,31.0,"BLS Employment Projections Occupation.xlsx Table 1.2, 2025-2035",train,25-1113.00,human-task-exposure-v2.0,unscored_human_template,,true,,,,,,,O*NET 31.0 Task Statements
15331,33-9093.00,Transportation Security Screeners,33-9093,33,Ask passengers to remove shoes and divest themselves of metal objects prior to walking through metal detectors.,Core,O*NET 31.0 Task Statements,31.0,"BLS Employment Projections Occupation.xlsx Table 1.2, 2025-2035",test,33-9093.00,human-task-exposure-v2.0,unscored_human_template,,true,,,,,,,O*NET 31.0 Task Statements
