occupation_code,occupation_title,n_benchmark_tasks,E0_task_count,E1_task_count,E2_task_count,E0_proportion,E1_proportion,E2_proportion,example_task_E0,example_task_E1,example_task_E2,source,model_identity,product_layer,research_model_population,not_personal_job_loss,not_jobs_disappearing_percentage,coverage_limitations
11-1011.00,Chief Executives,31,15,5,11,0.483871,0.161290,0.354839,"Direct or coordinate an organization's financial or budget activities to fund operations, maximize investments, or increase efficiency.",Implement corrective action plans to solve organizational or departmental problems.,"Analyze operations to evaluate performance of a company or its staff in meeting objectives or to determine areas of potential cost reduction, program improvement, or policy change.",GPTs-are-GPTs human_labels on public_gpts_are_gpts_benchmark.csv,prayash-task-exposure-gpts-are-gpts-v1,Prayash common-occupation coverage — 800 occupations,923 occupations / 19265 tasks,true,true,Task-level benchmark category shares for product coverage. Not a probability that workers will lose jobs. Absence from this 800-row file does not mean the occupation is absent from the 923-occupation research model.
11-1011.03,Chief Sustainability Officers,18,5,1,12,0.277778,0.055556,0.666667,"Develop, or oversee the development of, sustainability evaluation or monitoring systems.","Write project proposals, grant applications, or other documents to pursue funding for environmental initiatives.",Monitor and evaluate effectiveness of sustainability programs.,GPTs-are-GPTs human_labels on public_gpts_are_gpts_benchmark.csv,prayash-task-exposure-gpts-are-gpts-v1,Prayash common-occupation coverage — 800 occupations,923 occupations / 19265 tasks,true,true,Task-level benchmark category shares for product coverage. Not a probability that workers will lose jobs. Absence from this 800-row file does not mean the occupation is absent from the 923-occupation research model.
11-1021.00,General and Operations Managers,17,6,2,9,0.352941,0.117647,0.529412,Direct administrative activities directly related to making products or providing services.,"Establish or implement departmental policies, goals, objectives, or procedures in conjunction with board members, organization officials, or staff members.","Review financial statements, sales or activity reports, or other performance data to measure productivity or goal achievement or to identify areas needing cost reduction or program improvement.",GPTs-are-GPTs human_labels on public_gpts_are_gpts_benchmark.csv,prayash-task-exposure-gpts-are-gpts-v1,Prayash common-occupation coverage — 800 occupations,923 occupations / 19265 tasks,true,true,Task-level benchmark category shares for product coverage. Not a probability that workers will lose jobs. Absence from this 800-row file does not mean the occupation is absent from the 923-occupation research model.
11-1031.00,Legislators,30,7,8,15,0.233333,0.266667,0.500000,Analyze and understand the local and national implications of proposed legislation.,Confer with colleagues to formulate positions and strategies pertaining to pending issues.,Develop expertise in subject matters related to committee assignments.,GPTs-are-GPTs human_labels on public_gpts_are_gpts_benchmark.csv,prayash-task-exposure-gpts-are-gpts-v1,Prayash common-occupation coverage — 800 occupations,923 occupations / 19265 tasks,true,true,Task-level benchmark category shares for product coverage. Not a probability that workers will lose jobs. Absence from this 800-row file does not mean the occupation is absent from the 923-occupation research model.
11-2011.00,Advertising and Promotions Managers,30,5,6,19,0.166667,0.200000,0.633333,"Inspect layouts and advertising copy, and edit scripts, audio, video, and other promotional material for adherence to specifications.","Plan and prepare advertising and promotional material to increase sales of products or services, working with customers, company officials, sales departments, and advertising agencies.",Coordinate with the media to disseminate advertising.,GPTs-are-GPTs human_labels on public_gpts_are_gpts_benchmark.csv,prayash-task-exposure-gpts-are-gpts-v1,Prayash common-occupation coverage — 800 occupations,923 occupations / 19265 tasks,true,true,Task-level benchmark category shares for product coverage. Not a probability that workers will lose jobs. Absence from this 800-row file does not mean the occupation is absent from the 923-occupation research model.
11-2021.00,Marketing Managers,20,1,5,14,0.050000,0.250000,0.700000,"Direct the hiring, training, or performance evaluations of marketing or sales staff and oversee their daily activities.","Consult with product development personnel on product specifications, such as design, color, or packaging.","Identify, develop, or evaluate marketing strategy, based on knowledge of establishment objectives, market characteristics, and cost and markup factors.",GPTs-are-GPTs human_labels on public_gpts_are_gpts_benchmark.csv,prayash-task-exposure-gpts-are-gpts-v1,Prayash common-occupation coverage — 800 occupations,923 occupations / 19265 tasks,true,true,Task-level benchmark category shares for product coverage. Not a probability that workers will lose jobs. Absence from this 800-row file does not mean the occupation is absent from the 923-occupation research model.
11-2022.00,Sales Managers,17,2,2,13,0.117647,0.117647,0.764706,"Plan and direct staffing, training, and performance evaluations to develop and control sales and service programs.",Resolve customer complaints regarding sales and service.,"Direct and coordinate activities involving sales of manufactured products, services, commodities, real estate, or other subjects of sale.",GPTs-are-GPTs human_labels on public_gpts_are_gpts_benchmark.csv,prayash-task-exposure-gpts-are-gpts-v1,Prayash common-occupation coverage — 800 occupations,923 occupations / 19265 tasks,true,true,Task-level benchmark category shares for product coverage. Not a probability that workers will lose jobs. Absence from this 800-row file does not mean the occupation is absent from the 923-occupation research model.
11-2032.00,Public Relations Managers,20,2,5,13,0.100000,0.250000,0.650000,"Assign, supervise, and review the activities of public relations staff.",Confer with labor relations managers to develop internal communications that keep employees informed of company activities.,"Develop, implement, or maintain crisis communication plans.",GPTs-are-GPTs human_labels on public_gpts_are_gpts_benchmark.csv,prayash-task-exposure-gpts-are-gpts-v1,Prayash common-occupation coverage — 800 occupations,923 occupations / 19265 tasks,true,true,Task-level benchmark category shares for product coverage. Not a probability that workers will lose jobs. Absence from this 800-row file does not mean the occupation is absent from the 923-occupation research model.
11-3012.00,Administrative Services Managers,18,5,5,8,0.277778,0.277778,0.444444,"Acquire, distribute and store supplies.",Set goals and deadlines for the department.,Prepare and review operational reports and schedules to ensure accuracy and efficiency.,GPTs-are-GPTs human_labels on public_gpts_are_gpts_benchmark.csv,prayash-task-exposure-gpts-are-gpts-v1,Prayash common-occupation coverage — 800 occupations,923 occupations / 19265 tasks,true,true,Task-level benchmark category shares for product coverage. Not a probability that workers will lose jobs. Absence from this 800-row file does not mean the occupation is absent from the 923-occupation research model.
11-3013.01,Security Managers,28,5,7,16,0.178571,0.250000,0.571429,Conduct physical examinations of property to ensure compliance with security policies and regulations.,Assess risks to mitigate potential consequences of incidents and develop a plan to respond to incidents.,"Analyze and evaluate security operations to identify risks or opportunities for improvement through auditing, review, or assessment.",GPTs-are-GPTs human_labels on public_gpts_are_gpts_benchmark.csv,prayash-task-exposure-gpts-are-gpts-v1,Prayash common-occupation coverage — 800 occupations,923 occupations / 19265 tasks,true,true,Task-level benchmark category shares for product coverage. Not a probability that workers will lose jobs. Absence from this 800-row file does not mean the occupation is absent from the 923-occupation research model.
11-3021.00,Computer and Information Systems Managers,17,3,5,9,0.176471,0.294118,0.529412,"Meet with department heads, managers, supervisors, vendors, and others, to solicit cooperation and resolve problems.",Review project plans to plan and coordinate project activity.,"Direct daily operations of department, analyzing workflow, establishing priorities, developing standards and setting deadlines.",GPTs-are-GPTs human_labels on public_gpts_are_gpts_benchmark.csv,prayash-task-exposure-gpts-are-gpts-v1,Prayash common-occupation coverage — 800 occupations,923 occupations / 19265 tasks,true,true,Task-level benchmark category shares for product coverage. Not a probability that workers will lose jobs. Absence from this 800-row file does not mean the occupation is absent from the 923-occupation research model.
11-3031.00,Financial Managers,21,3,1,17,0.142857,0.047619,0.809524,Recruit staff members.,"Evaluate financial reporting systems, accounting or collection procedures, or investment activities and make recommendations for changes to procedures, operating systems, budgets, or other financial control functions.",Establish and maintain relationships with individual or business customers or provide assistance with problems these customers may encounter.,GPTs-are-GPTs human_labels on public_gpts_are_gpts_benchmark.csv,prayash-task-exposure-gpts-are-gpts-v1,Prayash common-occupation coverage — 800 occupations,923 occupations / 19265 tasks,true,true,Task-level benchmark category shares for product coverage. Not a probability that workers will lose jobs. Absence from this 800-row file does not mean the occupation is absent from the 923-occupation research model.
11-3031.01,Treasurers and Controllers,22,7,3,12,0.318182,0.136364,0.545455,"Delegate authority for the receipt, disbursement, banking, protection, and custody of funds, securities, and financial instruments.",Evaluate needs for procurement of funds and investment of surpluses and make appropriate recommendations.,"Coordinate and direct the financial planning, budgeting, procurement, or investment activities of all or part of an organization.",GPTs-are-GPTs human_labels on public_gpts_are_gpts_benchmark.csv,prayash-task-exposure-gpts-are-gpts-v1,Prayash common-occupation coverage — 800 occupations,923 occupations / 19265 tasks,true,true,Task-level benchmark category shares for product coverage. Not a probability that workers will lose jobs. Absence from this 800-row file does not mean the occupation is absent from the 923-occupation research model.
11-3031.03,Investment Fund Managers,20,2,3,15,0.100000,0.150000,0.750000,Select or direct the execution of trades.,Develop or implement fund investment policies or strategies.,Manage investment funds to maximize return on client investments.,GPTs-are-GPTs human_labels on public_gpts_are_gpts_benchmark.csv,prayash-task-exposure-gpts-are-gpts-v1,Prayash common-occupation coverage — 800 occupations,923 occupations / 19265 tasks,true,true,Task-level benchmark category shares for product coverage. Not a probability that workers will lose jobs. Absence from this 800-row file does not mean the occupation is absent from the 923-occupation research model.
11-3051.00,Industrial Production Managers,21,9,3,9,0.428571,0.142857,0.428571,"Set and monitor product standards, examining samples of raw products or directing testing during processing, to ensure finished products are of prescribed quality.","Develop or implement production tracking or quality control systems, analyzing production, quality control, maintenance, or other operational reports to detect production problems.","Direct or coordinate production, processing, distribution, or marketing activities of industrial organizations.",GPTs-are-GPTs human_labels on public_gpts_are_gpts_benchmark.csv,prayash-task-exposure-gpts-are-gpts-v1,Prayash common-occupation coverage — 800 occupations,923 occupations / 19265 tasks,true,true,Task-level benchmark category shares for product coverage. Not a probability that workers will lose jobs. Absence from this 800-row file does not mean the occupation is absent from the 923-occupation research model.
11-3051.01,Quality Control Systems Managers,27,7,5,15,0.259259,0.185185,0.555556,Stop production if serious product defects are present.,Identify quality problems or areas for improvement and recommend solutions.,Review and update standard operating procedures or quality assurance manuals.,GPTs-are-GPTs human_labels on public_gpts_are_gpts_benchmark.csv,prayash-task-exposure-gpts-are-gpts-v1,Prayash common-occupation coverage — 800 occupations,923 occupations / 19265 tasks,true,true,Task-level benchmark category shares for product coverage. Not a probability that workers will lose jobs. Absence from this 800-row file does not mean the occupation is absent from the 923-occupation research model.
11-3051.02,Geothermal Production Managers,17,6,3,8,0.352941,0.176471,0.470588,Supervise employees in geothermal power plants or well fields.,Develop or manage budgets for geothermal operations.,Communicate geothermal plant conditions to employees.,GPTs-are-GPTs human_labels on public_gpts_are_gpts_benchmark.csv,prayash-task-exposure-gpts-are-gpts-v1,Prayash common-occupation coverage — 800 occupations,923 occupations / 19265 tasks,true,true,Task-level benchmark category shares for product coverage. Not a probability that workers will lose jobs. Absence from this 800-row file does not mean the occupation is absent from the 923-occupation research model.
11-3051.03,Biofuels Production Managers,14,10,1,3,0.714286,0.071429,0.214286,"Supervise production employees in the manufacturing of biofuels, such as biodiesel or ethanol.",Prepare and manage biofuels plant or unit budgets.,"Review logs, datasheets, or reports to ensure adequate production levels or to identify abnormalities with biofuels production equipment or processes.",GPTs-are-GPTs human_labels on public_gpts_are_gpts_benchmark.csv,prayash-task-exposure-gpts-are-gpts-v1,Prayash common-occupation coverage — 800 occupations,923 occupations / 19265 tasks,true,true,Task-level benchmark category shares for product coverage. Not a probability that workers will lose jobs. Absence from this 800-row file does not mean the occupation is absent from the 923-occupation research model.
11-3051.04,Biomass Power Plant Managers,19,11,2,6,0.578947,0.105263,0.315789,"Supervise operations or maintenance employees in the production of power from biomass, such as wood, coal, paper sludge, or other waste or refuse.","Review logs, datasheets, or reports to ensure adequate production levels and safe production environments or to identify abnormalities with power production equipment or processes.",Manage safety programs at power generation facilities.,GPTs-are-GPTs human_labels on public_gpts_are_gpts_benchmark.csv,prayash-task-exposure-gpts-are-gpts-v1,Prayash common-occupation coverage — 800 occupations,923 occupations / 19265 tasks,true,true,Task-level benchmark category shares for product coverage. Not a probability that workers will lose jobs. Absence from this 800-row file does not mean the occupation is absent from the 923-occupation research model.
11-3051.06,Hydroelectric Production Managers,19,9,2,8,0.473684,0.105263,0.421053,"Direct operations, maintenance, or repair of hydroelectric power facilities.","Respond to problems related to ratepayers, water users, power users, government agencies, educational institutions, or other private or public power resource interests.","Maintain records of hydroelectric facility operations, maintenance, or repairs.",GPTs-are-GPTs human_labels on public_gpts_are_gpts_benchmark.csv,prayash-task-exposure-gpts-are-gpts-v1,Prayash common-occupation coverage — 800 occupations,923 occupations / 19265 tasks,true,true,Task-level benchmark category shares for product coverage. Not a probability that workers will lose jobs. Absence from this 800-row file does not mean the occupation is absent from the 923-occupation research model.
11-3061.00,Purchasing Managers,18,3,2,13,0.166667,0.111111,0.722222,"Interview and hire staff, and oversee staff training.","Develop and implement purchasing and contract management instructions, policies, and procedures.",Represent companies in negotiating contracts and formulating policies with suppliers.,GPTs-are-GPTs human_labels on public_gpts_are_gpts_benchmark.csv,prayash-task-exposure-gpts-are-gpts-v1,Prayash common-occupation coverage — 800 occupations,923 occupations / 19265 tasks,true,true,Task-level benchmark category shares for product coverage. Not a probability that workers will lose jobs. Absence from this 800-row file does not mean the occupation is absent from the 923-occupation research model.
11-3071.00,"Transportation, Storage, and Distribution Managers",30,7,5,18,0.233333,0.166667,0.600000,"Inspect physical conditions of warehouses, vehicle fleets, or equipment and order testing, maintenance, repairs, or replacements.","Plan, develop, or implement warehouse safety and security programs and activities.","Supervise the activities of workers engaged in receiving, storing, testing, and shipping products or materials.",GPTs-are-GPTs human_labels on public_gpts_are_gpts_benchmark.csv,prayash-task-exposure-gpts-are-gpts-v1,Prayash common-occupation coverage — 800 occupations,923 occupations / 19265 tasks,true,true,Task-level benchmark category shares for product coverage. Not a probability that workers will lose jobs. Absence from this 800-row file does not mean the occupation is absent from the 923-occupation research model.
11-3071.04,Supply Chain Managers,30,6,4,20,0.200000,0.133333,0.666667,"Determine appropriate equipment and staffing levels to load, unload, move, or store materials.","Define performance metrics for measurement, comparison, or evaluation of supply chain factors, such as product cost or quality.",Select transportation routes to maximize economy by combining shipments or consolidating warehousing and distribution.,GPTs-are-GPTs human_labels on public_gpts_are_gpts_benchmark.csv,prayash-task-exposure-gpts-are-gpts-v1,Prayash common-occupation coverage — 800 occupations,923 occupations / 19265 tasks,true,true,Task-level benchmark category shares for product coverage. Not a probability that workers will lose jobs. Absence from this 800-row file does not mean the occupation is absent from the 923-occupation research model.
11-3111.00,Compensation and Benefits Managers,24,7,5,12,0.291667,0.208333,0.500000,"Administer, direct, and review employee benefit programs, including the integration of benefit programs following mergers and acquisitions.","Formulate policies, procedures and programs for recruitment, testing, placement, classification, orientation, benefits and compensation, and labor and industrial relations.","Design, evaluate, and modify benefits policies to ensure that programs are current, competitive, and in compliance with legal requirements.",GPTs-are-GPTs human_labels on public_gpts_are_gpts_benchmark.csv,prayash-task-exposure-gpts-are-gpts-v1,Prayash common-occupation coverage — 800 occupations,923 occupations / 19265 tasks,true,true,Task-level benchmark category shares for product coverage. Not a probability that workers will lose jobs. Absence from this 800-row file does not mean the occupation is absent from the 923-occupation research model.
11-3121.00,Human Resources Managers,26,6,4,16,0.230769,0.153846,0.615385,"Perform difficult staffing duties, including dealing with understaffing, refereeing disputes, firing employees, and administering disciplinary procedures.","Advise managers on organizational policy matters, such as equal employment opportunity and sexual harassment, and recommend needed changes.","Serve as a link between management and employees by handling questions, interpreting and administering contracts and helping resolve work-related problems.",GPTs-are-GPTs human_labels on public_gpts_are_gpts_benchmark.csv,prayash-task-exposure-gpts-are-gpts-v1,Prayash common-occupation coverage — 800 occupations,923 occupations / 19265 tasks,true,true,Task-level benchmark category shares for product coverage. Not a probability that workers will lose jobs. Absence from this 800-row file does not mean the occupation is absent from the 923-occupation research model.
11-9013.00,"Farmers, Ranchers, and Other Agricultural Managers",30,19,3,8,0.633333,0.100000,0.266667,"Manage nurseries that grow horticultural plants for sale to trade or retail customers, for display or exhibition, or for research.","Determine how to allocate resources and to respond to unanticipated problems, such as insect infestation, drought, and fire.","Collect and record growth, production, and environmental data.",GPTs-are-GPTs human_labels on public_gpts_are_gpts_benchmark.csv,prayash-task-exposure-gpts-are-gpts-v1,Prayash common-occupation coverage — 800 occupations,923 occupations / 19265 tasks,true,true,Task-level benchmark category shares for product coverage. Not a probability that workers will lose jobs. Absence from this 800-row file does not mean the occupation is absent from the 923-occupation research model.
11-9021.00,Construction Managers,25,10,5,10,0.400000,0.200000,0.400000,Direct and supervise construction or related workers.,"Interpret and explain plans and contract terms to representatives of the owner or developer, including administrative staff, workers, or clients.","Plan, schedule, or coordinate construction project activities to meet deadlines.",GPTs-are-GPTs human_labels on public_gpts_are_gpts_benchmark.csv,prayash-task-exposure-gpts-are-gpts-v1,Prayash common-occupation coverage — 800 occupations,923 occupations / 19265 tasks,true,true,Task-level benchmark category shares for product coverage. Not a probability that workers will lose jobs. Absence from this 800-row file does not mean the occupation is absent from the 923-occupation research model.
11-9031.00,"Education and Childcare Administrators, Preschool and Daycare",17,4,5,8,0.235294,0.294118,0.470588,Confer with parents and staff to discuss educational activities and policies and students' behavioral or learning problems.,"Set educational standards and goals and help establish policies, procedures, and programs to carry them out.",Monitor students' progress and provide students and teachers with assistance in resolving any problems.,GPTs-are-GPTs human_labels on public_gpts_are_gpts_benchmark.csv,prayash-task-exposure-gpts-are-gpts-v1,Prayash common-occupation coverage — 800 occupations,923 occupations / 19265 tasks,true,true,Task-level benchmark category shares for product coverage. Not a probability that workers will lose jobs. Absence from this 800-row file does not mean the occupation is absent from the 923-occupation research model.
11-9032.00,"Education Administrators, Kindergarten through Secondary",32,12,9,11,0.375000,0.281250,0.343750,"Counsel and provide guidance to students regarding personal, academic, vocational, or behavioral issues.","Collaborate with teachers to develop and maintain curriculum standards, develop mission statements, and set performance goals and objectives.","Evaluate curricula, teaching methods, and programs to determine their effectiveness, efficiency, and use, and to ensure compliance with federal, state, and local regulations.",GPTs-are-GPTs human_labels on public_gpts_are_gpts_benchmark.csv,prayash-task-exposure-gpts-are-gpts-v1,Prayash common-occupation coverage — 800 occupations,923 occupations / 19265 tasks,true,true,Task-level benchmark category shares for product coverage. Not a probability that workers will lose jobs. Absence from this 800-row file does not mean the occupation is absent from the 923-occupation research model.
11-9033.00,"Education Administrators, Postsecondary",29,11,11,7,0.379310,0.379310,0.241379,"Recruit, hire, train, and terminate departmental personnel.","Advise students on issues such as course selection, progress toward graduation, and career decisions.",Design or use assessments to monitor student learning outcomes.,GPTs-are-GPTs human_labels on public_gpts_are_gpts_benchmark.csv,prayash-task-exposure-gpts-are-gpts-v1,Prayash common-occupation coverage — 800 occupations,923 occupations / 19265 tasks,true,true,Task-level benchmark category shares for product coverage. Not a probability that workers will lose jobs. Absence from this 800-row file does not mean the occupation is absent from the 923-occupation research model.
11-9041.00,Architectural and Engineering Managers,21,9,2,10,0.428571,0.095238,0.476190,Manage the coordination and overall integration of technical activities in architecture or engineering projects.,"Develop or implement policies, standards, or procedures for engineering and technical work.","Direct, review, or approve project design changes.",GPTs-are-GPTs human_labels on public_gpts_are_gpts_benchmark.csv,prayash-task-exposure-gpts-are-gpts-v1,Prayash common-occupation coverage — 800 occupations,923 occupations / 19265 tasks,true,true,Task-level benchmark category shares for product coverage. Not a probability that workers will lose jobs. Absence from this 800-row file does not mean the occupation is absent from the 923-occupation research model.
11-9041.01,Biofuels/Biodiesel Technology and Product Development Managers,19,8,0,11,0.421053,0.000000,0.578947,Provide technical or scientific guidance to technical staff in the conduct of biofuels research or development.,,"Design or conduct applied biodiesel or biofuels research projects on topics, such as transport, thermodynamics, mixing, filtration, distillation, fermentation, extraction, and separation.",GPTs-are-GPTs human_labels on public_gpts_are_gpts_benchmark.csv,prayash-task-exposure-gpts-are-gpts-v1,Prayash common-occupation coverage — 800 occupations,923 occupations / 19265 tasks,true,true,Task-level benchmark category shares for product coverage. Not a probability that workers will lose jobs. Absence from this 800-row file does not mean the occupation is absent from the 923-occupation research model.
11-9051.00,Food Service Managers,28,10,6,12,0.357143,0.214286,0.428571,"Schedule and receive food and beverage deliveries, checking delivery contents to verify product quality and quantity.","Investigate and resolve complaints regarding food quality, service, or accommodations.",Keep records required by government agencies regarding sanitation or food subsidies.,GPTs-are-GPTs human_labels on public_gpts_are_gpts_benchmark.csv,prayash-task-exposure-gpts-are-gpts-v1,Prayash common-occupation coverage — 800 occupations,923 occupations / 19265 tasks,true,true,Task-level benchmark category shares for product coverage. Not a probability that workers will lose jobs. Absence from this 800-row file does not mean the occupation is absent from the 923-occupation research model.
11-9071.00,Gambling Managers,19,6,5,8,0.315789,0.263158,0.421053,"Circulate among gaming tables to ensure that operations are conducted properly, that dealers follow house rules, or that players are not cheating.","Explain and interpret house rules, such as game rules or betting limits.","Remove suspected cheaters, such as card counters or other players who may have systems that shift the odds of winning to their favor.",GPTs-are-GPTs human_labels on public_gpts_are_gpts_benchmark.csv,prayash-task-exposure-gpts-are-gpts-v1,Prayash common-occupation coverage — 800 occupations,923 occupations / 19265 tasks,true,true,Task-level benchmark category shares for product coverage. Not a probability that workers will lose jobs. Absence from this 800-row file does not mean the occupation is absent from the 923-occupation research model.
11-9072.00,"Entertainment and Recreation Managers, Except Gambling",17,8,4,5,0.470588,0.235294,0.294118,Administer first aid in emergency situations.,Explain rules and regulations of facilities and entertainment attractions to customers.,Assign tasks and work hours to staff.,GPTs-are-GPTs human_labels on public_gpts_are_gpts_benchmark.csv,prayash-task-exposure-gpts-are-gpts-v1,Prayash common-occupation coverage — 800 occupations,923 occupations / 19265 tasks,true,true,Task-level benchmark category shares for product coverage. Not a probability that workers will lose jobs. Absence from this 800-row file does not mean the occupation is absent from the 923-occupation research model.
11-9081.00,Lodging Managers,24,12,6,6,0.500000,0.250000,0.250000,Confer and cooperate with other managers to ensure coordination of hotel activities.,"Answer inquiries pertaining to hotel policies and services, and resolve occupants' complaints.","Participate in financial activities, such as the setting of room rates, the establishment of budgets, and the allocation of funds to departments.",GPTs-are-GPTs human_labels on public_gpts_are_gpts_benchmark.csv,prayash-task-exposure-gpts-are-gpts-v1,Prayash common-occupation coverage — 800 occupations,923 occupations / 19265 tasks,true,true,Task-level benchmark category shares for product coverage. Not a probability that workers will lose jobs. Absence from this 800-row file does not mean the occupation is absent from the 923-occupation research model.
11-9111.00,Medical and Health Services Managers,18,7,2,9,0.388889,0.111111,0.500000,"Direct, supervise and evaluate work activities of medical, nursing, technical, clerical, service, maintenance, and other personnel.",Establish objectives and evaluative or operational criteria for units managed.,"Develop and maintain computerized record management systems to store and process data, such as personnel activities and information, and to produce reports.",GPTs-are-GPTs human_labels on public_gpts_are_gpts_benchmark.csv,prayash-task-exposure-gpts-are-gpts-v1,Prayash common-occupation coverage — 800 occupations,923 occupations / 19265 tasks,true,true,Task-level benchmark category shares for product coverage. Not a probability that workers will lose jobs. Absence from this 800-row file does not mean the occupation is absent from the 923-occupation research model.
11-9121.01,Clinical Research Coordinators,33,10,7,16,0.303030,0.212121,0.484848,"Perform specific protocol procedures such as interviewing subjects, taking vital signs, and performing electrocardiograms.","Review proposed study protocols to evaluate factors such as sample collection processes, data management plans, or potential subject risks.","Schedule subjects for appointments, procedures, or inpatient stays as required by study protocols.",GPTs-are-GPTs human_labels on public_gpts_are_gpts_benchmark.csv,prayash-task-exposure-gpts-are-gpts-v1,Prayash common-occupation coverage — 800 occupations,923 occupations / 19265 tasks,true,true,Task-level benchmark category shares for product coverage. Not a probability that workers will lose jobs. Absence from this 800-row file does not mean the occupation is absent from the 923-occupation research model.
11-9121.02,Water Resource Specialists,21,6,3,12,0.285714,0.142857,0.571429,"Perform hydrologic, hydraulic, or water quality modeling.",Conduct technical studies for water resources on topics such as pollutants and water treatment options.,Analyze storm water systems to identify opportunities for water resource improvements.,GPTs-are-GPTs human_labels on public_gpts_are_gpts_benchmark.csv,prayash-task-exposure-gpts-are-gpts-v1,Prayash common-occupation coverage — 800 occupations,923 occupations / 19265 tasks,true,true,Task-level benchmark category shares for product coverage. Not a probability that workers will lose jobs. Absence from this 800-row file does not mean the occupation is absent from the 923-occupation research model.
11-9141.00,"Property, Real Estate, and Community Association Managers",27,10,5,12,0.370370,0.185185,0.444444,"Manage and oversee operations, maintenance, administration, and improvement of commercial, industrial, or residential properties.","Direct collection of monthly assessments, rental fees, and deposits and payment of insurance premiums, mortgage, taxes, and incurred operating expenses.",Prepare detailed budgets and financial reports for properties.,GPTs-are-GPTs human_labels on public_gpts_are_gpts_benchmark.csv,prayash-task-exposure-gpts-are-gpts-v1,Prayash common-occupation coverage — 800 occupations,923 occupations / 19265 tasks,true,true,Task-level benchmark category shares for product coverage. Not a probability that workers will lose jobs. Absence from this 800-row file does not mean the occupation is absent from the 923-occupation research model.
11-9151.00,Social and Community Service Managers,16,6,4,6,0.375000,0.250000,0.375000,Direct activities of professional and technical staff members and volunteers.,Establish and oversee administrative procedures to meet objectives set by boards of directors or senior management.,"Prepare and maintain records and reports, such as budgets, personnel records, or training manuals.",GPTs-are-GPTs human_labels on public_gpts_are_gpts_benchmark.csv,prayash-task-exposure-gpts-are-gpts-v1,Prayash common-occupation coverage — 800 occupations,923 occupations / 19265 tasks,true,true,Task-level benchmark category shares for product coverage. Not a probability that workers will lose jobs. Absence from this 800-row file does not mean the occupation is absent from the 923-occupation research model.
11-9161.00,Emergency Management Directors,23,5,9,9,0.217391,0.391304,0.391304,"Coordinate disaster response or crisis management activities, such as ordering evacuations, opening public shelters, and implementing special needs plans and programs.","Prepare emergency situation status reports that describe response and recovery efforts, needs, and preliminary damage assessments.","Keep informed of activities or changes that could affect the likelihood of an emergency, response efforts, or plan implementation.",GPTs-are-GPTs human_labels on public_gpts_are_gpts_benchmark.csv,prayash-task-exposure-gpts-are-gpts-v1,Prayash common-occupation coverage — 800 occupations,923 occupations / 19265 tasks,true,true,Task-level benchmark category shares for product coverage. Not a probability that workers will lose jobs. Absence from this 800-row file does not mean the occupation is absent from the 923-occupation research model.
11-9171.00,Funeral Home Managers,22,5,6,11,0.227273,0.272727,0.500000,"Direct and supervise work of embalmers, funeral attendants, death certificate clerks, cosmetologists, or other staff.","Sell funeral services, products, or merchandise to clients.","Consult with families or friends of the deceased to arrange funeral details, such as obituary notice wording, casket selection, or plans for services.",GPTs-are-GPTs human_labels on public_gpts_are_gpts_benchmark.csv,prayash-task-exposure-gpts-are-gpts-v1,Prayash common-occupation coverage — 800 occupations,923 occupations / 19265 tasks,true,true,Task-level benchmark category shares for product coverage. Not a probability that workers will lose jobs. Absence from this 800-row file does not mean the occupation is absent from the 923-occupation research model.
11-9179.01,Fitness and Wellness Coordinators,24,12,2,10,0.500000,0.083333,0.416667,"Manage or oversee fitness or recreation facilities, ensuring safe and clean facilities and equipment.",Develop or coordinate fitness and wellness programs or services.,"Maintain wellness- and fitness-related schedules, records, or reports.",GPTs-are-GPTs human_labels on public_gpts_are_gpts_benchmark.csv,prayash-task-exposure-gpts-are-gpts-v1,Prayash common-occupation coverage — 800 occupations,923 occupations / 19265 tasks,true,true,Task-level benchmark category shares for product coverage. Not a probability that workers will lose jobs. Absence from this 800-row file does not mean the occupation is absent from the 923-occupation research model.
11-9179.02,Spa Managers,21,9,3,9,0.428571,0.142857,0.428571,"Sell products, services, or memberships.",Respond to customer inquiries or complaints.,Schedule guest appointments.,GPTs-are-GPTs human_labels on public_gpts_are_gpts_benchmark.csv,prayash-task-exposure-gpts-are-gpts-v1,Prayash common-occupation coverage — 800 occupations,923 occupations / 19265 tasks,true,true,Task-level benchmark category shares for product coverage. Not a probability that workers will lose jobs. Absence from this 800-row file does not mean the occupation is absent from the 923-occupation research model.
11-9199.01,Regulatory Affairs Managers,27,3,5,19,0.111111,0.185185,0.703704,"Manage activities such as audits, regulatory agency inspections, or product recalls.",Formulate or implement regulatory affairs policies and procedures to ensure that regulatory compliance is maintained or enhanced.,Provide responses to regulatory agencies regarding product information or issues.,GPTs-are-GPTs human_labels on public_gpts_are_gpts_benchmark.csv,prayash-task-exposure-gpts-are-gpts-v1,Prayash common-occupation coverage — 800 occupations,923 occupations / 19265 tasks,true,true,Task-level benchmark category shares for product coverage. Not a probability that workers will lose jobs. Absence from this 800-row file does not mean the occupation is absent from the 923-occupation research model.
11-9199.02,Compliance Managers,30,7,11,12,0.233333,0.366667,0.400000,Identify compliance issues that require follow-up or investigation.,"Discuss emerging compliance issues to ensure that management and employees are informed about compliance reporting systems, policies, and practices.",Report violations of compliance or regulatory standards to duly authorized enforcement agencies as appropriate or required.,GPTs-are-GPTs human_labels on public_gpts_are_gpts_benchmark.csv,prayash-task-exposure-gpts-are-gpts-v1,Prayash common-occupation coverage — 800 occupations,923 occupations / 19265 tasks,true,true,Task-level benchmark category shares for product coverage. Not a probability that workers will lose jobs. Absence from this 800-row file does not mean the occupation is absent from the 923-occupation research model.
11-9199.08,Loss Prevention Managers,27,10,3,14,0.370370,0.111111,0.518519,Coordinate or conduct internal investigations of problems such as employee theft and violations of corporate loss prevention policies.,"Provide recommendations and solutions in crisis situations such as workplace violence, protests, and demonstrations.","Administer systems and programs to reduce loss, maintain inventory control, or increase safety.",GPTs-are-GPTs human_labels on public_gpts_are_gpts_benchmark.csv,prayash-task-exposure-gpts-are-gpts-v1,Prayash common-occupation coverage — 800 occupations,923 occupations / 19265 tasks,true,true,Task-level benchmark category shares for product coverage. Not a probability that workers will lose jobs. Absence from this 800-row file does not mean the occupation is absent from the 923-occupation research model.
11-9199.09,Wind Energy Operations Managers,16,6,3,7,0.375000,0.187500,0.437500,Supervise employees or subcontractors to ensure quality of work or adherence to safety regulations or policies.,Prepare wind field operational budgets.,"Track and maintain records for wind operations, such as site performance, downtime events, parts usage, or substation events.",GPTs-are-GPTs human_labels on public_gpts_are_gpts_benchmark.csv,prayash-task-exposure-gpts-are-gpts-v1,Prayash common-occupation coverage — 800 occupations,923 occupations / 19265 tasks,true,true,Task-level benchmark category shares for product coverage. Not a probability that workers will lose jobs. Absence from this 800-row file does not mean the occupation is absent from the 923-occupation research model.
11-9199.10,Wind Energy Development Managers,15,3,4,8,0.200000,0.266667,0.533333,"Coordinate or direct development, energy assessment, engineering, or construction activities to ensure that wind project needs and objectives are met.","Prepare or assist in the preparation of applications for environmental, building, or other required permits.",Manage wind project costs to stay within budget limits.,GPTs-are-GPTs human_labels on public_gpts_are_gpts_benchmark.csv,prayash-task-exposure-gpts-are-gpts-v1,Prayash common-occupation coverage — 800 occupations,923 occupations / 19265 tasks,true,true,Task-level benchmark category shares for product coverage. Not a probability that workers will lose jobs. Absence from this 800-row file does not mean the occupation is absent from the 923-occupation research model.
11-9199.11,Brownfield Redevelopment Specialists and Site Managers,23,9,5,9,0.391304,0.217391,0.391304,"Conduct quantitative risk assessments for human health, environmental, or other risks.","Coordinate on-site activities for environmental cleanup or remediation projects to ensure compliance with environmental laws, standards, regulations, or other requirements.",Identify environmental contamination sources.,GPTs-are-GPTs human_labels on public_gpts_are_gpts_benchmark.csv,prayash-task-exposure-gpts-are-gpts-v1,Prayash common-occupation coverage — 800 occupations,923 occupations / 19265 tasks,true,true,Task-level benchmark category shares for product coverage. Not a probability that workers will lose jobs. Absence from this 800-row file does not mean the occupation is absent from the 923-occupation research model.
13-1023.00,"Purchasing Agents, Except Wholesale, Retail, and Farm Products",19,8,3,8,0.421053,0.157895,0.421053,"Prepare purchase orders, solicit bid proposals, and review requisitions for goods and services.",Monitor and follow applicable laws and regulations.,"Negotiate, renegotiate, and administer contracts with suppliers, vendors, and other representatives.",GPTs-are-GPTs human_labels on public_gpts_are_gpts_benchmark.csv,prayash-task-exposure-gpts-are-gpts-v1,Prayash common-occupation coverage — 800 occupations,923 occupations / 19265 tasks,true,true,Task-level benchmark category shares for product coverage. Not a probability that workers will lose jobs. Absence from this 800-row file does not mean the occupation is absent from the 923-occupation research model.
13-1031.00,"Claims Adjusters, Examiners, and Investigators",29,6,5,18,0.206897,0.172414,0.620690,Pay and process claims within designated authority level.,Examine claims forms and other records to determine insurance coverage.,"Investigate, evaluate, and settle claims, applying technical knowledge and human relations skills to effect fair and prompt disposal of cases and to contribute to a reduced loss ratio.",GPTs-are-GPTs human_labels on public_gpts_are_gpts_benchmark.csv,prayash-task-exposure-gpts-are-gpts-v1,Prayash common-occupation coverage — 800 occupations,923 occupations / 19265 tasks,true,true,Task-level benchmark category shares for product coverage. Not a probability that workers will lose jobs. Absence from this 800-row file does not mean the occupation is absent from the 923-occupation research model.
13-1041.00,Compliance Officers,16,4,7,5,0.250000,0.437500,0.312500,"Confer with or interview officials, technical or professional specialists, or applicants to obtain information or to clarify facts relevant to licensing decisions.",Warn violators of infractions or penalties.,"Evaluate applications, records, or documents to gather information about eligibility or liability issues.",GPTs-are-GPTs human_labels on public_gpts_are_gpts_benchmark.csv,prayash-task-exposure-gpts-are-gpts-v1,Prayash common-occupation coverage — 800 occupations,923 occupations / 19265 tasks,true,true,Task-level benchmark category shares for product coverage. Not a probability that workers will lose jobs. Absence from this 800-row file does not mean the occupation is absent from the 923-occupation research model.
13-1041.01,Environmental Compliance Inspectors,26,8,8,10,0.307692,0.307692,0.384615,"Determine the nature of code violations and actions to be taken, and issue written notices of violation, participating in enforcement hearings, as necessary.","Prepare, organize, and maintain inspection records.","Investigate complaints and suspected violations regarding illegal dumping, pollution, pesticides, product quality, or labeling laws.",GPTs-are-GPTs human_labels on public_gpts_are_gpts_benchmark.csv,prayash-task-exposure-gpts-are-gpts-v1,Prayash common-occupation coverage — 800 occupations,923 occupations / 19265 tasks,true,true,Task-level benchmark category shares for product coverage. Not a probability that workers will lose jobs. Absence from this 800-row file does not mean the occupation is absent from the 923-occupation research model.
13-1041.03,Equal Opportunity Representatives and Officers,19,7,6,6,0.368421,0.315789,0.315789,Interview persons involved in equal opportunity complaints to verify case information.,Prepare reports related to investigations of equal opportunity complaints.,Investigate employment practices or alleged violations of laws to document and correct discriminatory factors.,GPTs-are-GPTs human_labels on public_gpts_are_gpts_benchmark.csv,prayash-task-exposure-gpts-are-gpts-v1,Prayash common-occupation coverage — 800 occupations,923 occupations / 19265 tasks,true,true,Task-level benchmark category shares for product coverage. Not a probability that workers will lose jobs. Absence from this 800-row file does not mean the occupation is absent from the 923-occupation research model.
13-1041.04,Government Property Inspectors and Investigators,14,7,2,5,0.500000,0.142857,0.357143,"Inspect government property, such as construction sites or public housing, to ensure compliance with contract specifications or legal requirements.","Prepare correspondence, reports of inspections or investigations, or recommendations for action.","Examine records, reports, or other documents to establish facts or detect discrepancies.",GPTs-are-GPTs human_labels on public_gpts_are_gpts_benchmark.csv,prayash-task-exposure-gpts-are-gpts-v1,Prayash common-occupation coverage — 800 occupations,923 occupations / 19265 tasks,true,true,Task-level benchmark category shares for product coverage. Not a probability that workers will lose jobs. Absence from this 800-row file does not mean the occupation is absent from the 923-occupation research model.
13-1041.06,Coroners,20,8,6,6,0.400000,0.300000,0.300000,"Perform medicolegal examinations and autopsies, conducting preliminary examinations of the body to identify victims, locate signs of trauma, and identify factors that would indicate time of death.","Complete death certificates, including the assignment of cause and manner of death.","Inquire into the cause, manner, and circumstances of human deaths and establish the identities of deceased persons.",GPTs-are-GPTs human_labels on public_gpts_are_gpts_benchmark.csv,prayash-task-exposure-gpts-are-gpts-v1,Prayash common-occupation coverage — 800 occupations,923 occupations / 19265 tasks,true,true,Task-level benchmark category shares for product coverage. Not a probability that workers will lose jobs. Absence from this 800-row file does not mean the occupation is absent from the 923-occupation research model.
13-1041.07,Regulatory Affairs Specialists,32,3,13,16,0.093750,0.406250,0.500000,Coordinate recall or market withdrawal activities as necessary.,"Communicate with regulatory agencies regarding pre-submission strategies, potential regulatory pathways, compliance test requirements, or clarification and follow-up of submissions under review.",Coordinate efforts associated with the preparation of regulatory documents or submissions.,GPTs-are-GPTs human_labels on public_gpts_are_gpts_benchmark.csv,prayash-task-exposure-gpts-are-gpts-v1,Prayash common-occupation coverage — 800 occupations,923 occupations / 19265 tasks,true,true,Task-level benchmark category shares for product coverage. Not a probability that workers will lose jobs. Absence from this 800-row file does not mean the occupation is absent from the 923-occupation research model.
13-1041.08,Customs Brokers,23,3,7,13,0.130435,0.304348,0.565217,"Sign documents on behalf of clients, using powers of attorney.","Advise customers on import and export restrictions, tariff systems, insurance requirements, quotas, or other customs-related matters.","Prepare and process import and export documentation according to customs regulations, laws, or procedures.",GPTs-are-GPTs human_labels on public_gpts_are_gpts_benchmark.csv,prayash-task-exposure-gpts-are-gpts-v1,Prayash common-occupation coverage — 800 occupations,923 occupations / 19265 tasks,true,true,Task-level benchmark category shares for product coverage. Not a probability that workers will lose jobs. Absence from this 800-row file does not mean the occupation is absent from the 923-occupation research model.
13-1051.00,Cost Estimators,14,3,2,9,0.214286,0.142857,0.642857,"Confer with engineers, architects, owners, contractors, and subcontractors on changes and adjustments to cost estimates.","Establish and maintain tendering process, and conduct negotiations.",Collect historical cost data to estimate costs for current or future products.,GPTs-are-GPTs human_labels on public_gpts_are_gpts_benchmark.csv,prayash-task-exposure-gpts-are-gpts-v1,Prayash common-occupation coverage — 800 occupations,923 occupations / 19265 tasks,true,true,Task-level benchmark category shares for product coverage. Not a probability that workers will lose jobs. Absence from this 800-row file does not mean the occupation is absent from the 923-occupation research model.
13-1071.00,Human Resources Specialists,26,5,9,12,0.192308,0.346154,0.461538,"Inform job applicants of details such as duties and responsibilities, compensation, benefits, schedules, working conditions, or promotion opportunities.","Interpret and explain human resources policies, procedures, laws, standards, or regulations.",Hire employees and process hiring-related paperwork.,GPTs-are-GPTs human_labels on public_gpts_are_gpts_benchmark.csv,prayash-task-exposure-gpts-are-gpts-v1,Prayash common-occupation coverage — 800 occupations,923 occupations / 19265 tasks,true,true,Task-level benchmark category shares for product coverage. Not a probability that workers will lose jobs. Absence from this 800-row file does not mean the occupation is absent from the 923-occupation research model.
13-1075.00,Labor Relations Specialists,28,6,4,18,0.214286,0.142857,0.642857,Monitor company or workforce adherence to labor agreements.,"Develop methods to monitor employee satisfaction with policies or working conditions, including grievance or complaint procedures.",Negotiate collective bargaining agreements.,GPTs-are-GPTs human_labels on public_gpts_are_gpts_benchmark.csv,prayash-task-exposure-gpts-are-gpts-v1,Prayash common-occupation coverage — 800 occupations,923 occupations / 19265 tasks,true,true,Task-level benchmark category shares for product coverage. Not a probability that workers will lose jobs. Absence from this 800-row file does not mean the occupation is absent from the 923-occupation research model.
13-1081.00,Logisticians,22,6,4,12,0.272727,0.181818,0.545455,"Maintain and develop positive business relationships with a customer's key personnel involved in, or directly relevant to, a logistics activity.",Develop proposals that include documentation for estimates.,"Manage subcontractor activities, reviewing proposals, developing performance specifications, and serving as liaisons between subcontractors and organizations.",GPTs-are-GPTs human_labels on public_gpts_are_gpts_benchmark.csv,prayash-task-exposure-gpts-are-gpts-v1,Prayash common-occupation coverage — 800 occupations,923 occupations / 19265 tasks,true,true,Task-level benchmark category shares for product coverage. Not a probability that workers will lose jobs. Absence from this 800-row file does not mean the occupation is absent from the 923-occupation research model.
13-1081.01,Logistics Engineers,30,3,14,13,0.100000,0.466667,0.433333,Evaluate effectiveness of current or future logistical processes.,Propose logistics solutions for customers.,"Develop logistic metrics, internal analysis tools, or key performance indicators for business units.",GPTs-are-GPTs human_labels on public_gpts_are_gpts_benchmark.csv,prayash-task-exposure-gpts-are-gpts-v1,Prayash common-occupation coverage — 800 occupations,923 occupations / 19265 tasks,true,true,Task-level benchmark category shares for product coverage. Not a probability that workers will lose jobs. Absence from this 800-row file does not mean the occupation is absent from the 923-occupation research model.
13-1081.02,Logistics Analysts,31,3,12,16,0.096774,0.387097,0.516129,"Apply analytic methods or tools to understand, predict, or control logistics operations or processes.",Maintain databases of logistics information.,"Remotely monitor the flow of vehicles or inventory, using Web-based logistics information systems to track vehicles or containers.",GPTs-are-GPTs human_labels on public_gpts_are_gpts_benchmark.csv,prayash-task-exposure-gpts-are-gpts-v1,Prayash common-occupation coverage — 800 occupations,923 occupations / 19265 tasks,true,true,Task-level benchmark category shares for product coverage. Not a probability that workers will lose jobs. Absence from this 800-row file does not mean the occupation is absent from the 923-occupation research model.
13-1082.00,Project Management Specialists,20,5,1,14,0.250000,0.050000,0.700000,Confer with project personnel to identify and resolve problems.,Create project status presentations for delivery to customers or project personnel.,Assign duties or responsibilities to project personnel.,GPTs-are-GPTs human_labels on public_gpts_are_gpts_benchmark.csv,prayash-task-exposure-gpts-are-gpts-v1,Prayash common-occupation coverage — 800 occupations,923 occupations / 19265 tasks,true,true,Task-level benchmark category shares for product coverage. Not a probability that workers will lose jobs. Absence from this 800-row file does not mean the occupation is absent from the 923-occupation research model.
13-1111.00,Management Analysts,11,2,2,7,0.181818,0.181818,0.636364,Confer with personnel concerned to ensure successful functioning of newly implemented systems or procedures.,"Plan study of work problems and procedures, such as organizational change, communications, information flow, integrated production methods, inventory control, or cost analysis.",Gather and organize information on problems or procedures.,GPTs-are-GPTs human_labels on public_gpts_are_gpts_benchmark.csv,prayash-task-exposure-gpts-are-gpts-v1,Prayash common-occupation coverage — 800 occupations,923 occupations / 19265 tasks,true,true,Task-level benchmark category shares for product coverage. Not a probability that workers will lose jobs. Absence from this 800-row file does not mean the occupation is absent from the 923-occupation research model.
13-1121.00,"Meeting, Convention, and Event Planners",21,7,2,12,0.333333,0.095238,0.571429,Confer with staff at a chosen event site to coordinate details.,"Consult with customers to determine objectives and requirements for events, such as meetings, conferences, and conventions.",Review event bills for accuracy and approve payment.,GPTs-are-GPTs human_labels on public_gpts_are_gpts_benchmark.csv,prayash-task-exposure-gpts-are-gpts-v1,Prayash common-occupation coverage — 800 occupations,923 occupations / 19265 tasks,true,true,Task-level benchmark category shares for product coverage. Not a probability that workers will lose jobs. Absence from this 800-row file does not mean the occupation is absent from the 923-occupation research model.
13-1131.00,Fundraisers,28,8,7,13,0.285714,0.250000,0.464286,Secure commitments of participation or donation from individuals or corporate donors.,Write and send letters of thanks to donors.,Identify and build relationships with potential donors.,GPTs-are-GPTs human_labels on public_gpts_are_gpts_benchmark.csv,prayash-task-exposure-gpts-are-gpts-v1,Prayash common-occupation coverage — 800 occupations,923 occupations / 19265 tasks,true,true,Task-level benchmark category shares for product coverage. Not a probability that workers will lose jobs. Absence from this 800-row file does not mean the occupation is absent from the 923-occupation research model.
13-1141.00,"Compensation, Benefits, and Job Analysis Specialists",24,9,7,8,0.375000,0.291667,0.333333,"Evaluate job positions, determining classification, exempt or non-exempt status, and salary.","Prepare occupational classifications, job descriptions, and salary scales.",Provide advice on the resolution of classification and salary complaints.,GPTs-are-GPTs human_labels on public_gpts_are_gpts_benchmark.csv,prayash-task-exposure-gpts-are-gpts-v1,Prayash common-occupation coverage — 800 occupations,923 occupations / 19265 tasks,true,true,Task-level benchmark category shares for product coverage. Not a probability that workers will lose jobs. Absence from this 800-row file does not mean the occupation is absent from the 923-occupation research model.
13-1151.00,Training and Development Specialists,20,5,8,7,0.250000,0.400000,0.350000,"Evaluate modes of training delivery, such as in-person or virtual, to optimize training effectiveness, training costs, or environmental impacts.","Present information with a variety of instructional techniques or formats, such as role playing, simulations, team exercises, group discussions, videos, or lectures.","Monitor, evaluate, or record training activities or program effectiveness.",GPTs-are-GPTs human_labels on public_gpts_are_gpts_benchmark.csv,prayash-task-exposure-gpts-are-gpts-v1,Prayash common-occupation coverage — 800 occupations,923 occupations / 19265 tasks,true,true,Task-level benchmark category shares for product coverage. Not a probability that workers will lose jobs. Absence from this 800-row file does not mean the occupation is absent from the 923-occupation research model.
13-1161.00,Market Research Analysts and Marketing Specialists,13,1,3,9,0.076923,0.230769,0.692308,Measure and assess customer and employee satisfaction.,"Prepare reports of findings, illustrating data graphically and translating complex findings into written text.","Collect and analyze data on customer demographics, preferences, needs, and buying habits to identify potential markets and factors affecting product demand.",GPTs-are-GPTs human_labels on public_gpts_are_gpts_benchmark.csv,prayash-task-exposure-gpts-are-gpts-v1,Prayash common-occupation coverage — 800 occupations,923 occupations / 19265 tasks,true,true,Task-level benchmark category shares for product coverage. Not a probability that workers will lose jobs. Absence from this 800-row file does not mean the occupation is absent from the 923-occupation research model.
13-1161.01,Search Marketing Strategists,36,0,1,35,0.000000,0.027778,0.972222,,"Identify and develop commercial or technical specifications, such as usability, pricing, checkout, or data security, to promote transactional internet-enabled commerce functionality.",Manage tracking and reporting of search-related activities and provide analyses to marketing executives.,GPTs-are-GPTs human_labels on public_gpts_are_gpts_benchmark.csv,prayash-task-exposure-gpts-are-gpts-v1,Prayash common-occupation coverage — 800 occupations,923 occupations / 19265 tasks,true,true,Task-level benchmark category shares for product coverage. Not a probability that workers will lose jobs. Absence from this 800-row file does not mean the occupation is absent from the 923-occupation research model.
13-1199.04,Business Continuity Planners,21,4,4,13,0.190476,0.190476,0.619048,Test documented disaster recovery strategies and plans.,"Write reports to summarize testing activities, including descriptions of goals, planning, scheduling, execution, results, analysis, conclusions, and recommendations.","Develop emergency management plans for recovery decision making and communications, continuity of critical departmental processes, or temporary shut-down of non-critical departments to ensure continuity of operation and governance.",GPTs-are-GPTs human_labels on public_gpts_are_gpts_benchmark.csv,prayash-task-exposure-gpts-are-gpts-v1,Prayash common-occupation coverage — 800 occupations,923 occupations / 19265 tasks,true,true,Task-level benchmark category shares for product coverage. Not a probability that workers will lose jobs. Absence from this 800-row file does not mean the occupation is absent from the 923-occupation research model.
13-1199.05,Sustainability Specialists,14,1,6,7,0.071429,0.428571,0.500000,Identify or procure needed resources to implement sustainability programs or projects.,Review and revise sustainability proposals or policies.,"Develop sustainability project goals, objectives, initiatives, or strategies in collaboration with other sustainability professionals.",GPTs-are-GPTs human_labels on public_gpts_are_gpts_benchmark.csv,prayash-task-exposure-gpts-are-gpts-v1,Prayash common-occupation coverage — 800 occupations,923 occupations / 19265 tasks,true,true,Task-level benchmark category shares for product coverage. Not a probability that workers will lose jobs. Absence from this 800-row file does not mean the occupation is absent from the 923-occupation research model.
13-1199.06,Online Merchants,34,6,11,17,0.176471,0.323529,0.500000,"Receive and process payments from customers, using electronic transaction services.",Deliver e-mail confirmation of completed transactions and shipment.,Fill customer orders by packaging sold items and documentation for direct shipping or by transferring orders to manufacturers or third-party distributors.,GPTs-are-GPTs human_labels on public_gpts_are_gpts_benchmark.csv,prayash-task-exposure-gpts-are-gpts-v1,Prayash common-occupation coverage — 800 occupations,923 occupations / 19265 tasks,true,true,Task-level benchmark category shares for product coverage. Not a probability that workers will lose jobs. Absence from this 800-row file does not mean the occupation is absent from the 923-occupation research model.
13-1199.07,Security Management Specialists,23,7,3,13,0.304348,0.130435,0.565217,Conduct security audits to identify potential vulnerabilities related to physical security or staff safety.,"Design security policies, programs, or practices to ensure adequate security relating to alarm response, access card use, and other security needs.",Assess the nature and level of physical security threats so that the scope of the problem can be determined.,GPTs-are-GPTs human_labels on public_gpts_are_gpts_benchmark.csv,prayash-task-exposure-gpts-are-gpts-v1,Prayash common-occupation coverage — 800 occupations,923 occupations / 19265 tasks,true,true,Task-level benchmark category shares for product coverage. Not a probability that workers will lose jobs. Absence from this 800-row file does not mean the occupation is absent from the 923-occupation research model.
13-2011.00,Accountants and Auditors,30,4,5,21,0.133333,0.166667,0.700000,"Supervise auditing of establishments, and determine scope of investigation required.",Prepare detailed reports on audit findings.,"Collect and analyze data to detect deficient controls, duplicated effort, extravagance, fraud, or non-compliance with laws, regulations, and management policies.",GPTs-are-GPTs human_labels on public_gpts_are_gpts_benchmark.csv,prayash-task-exposure-gpts-are-gpts-v1,Prayash common-occupation coverage — 800 occupations,923 occupations / 19265 tasks,true,true,Task-level benchmark category shares for product coverage. Not a probability that workers will lose jobs. Absence from this 800-row file does not mean the occupation is absent from the 923-occupation research model.
13-2023.00,Appraisers and Assessors of Real Estate,30,8,6,16,0.266667,0.200000,0.533333,Inspect new construction and major improvements to existing structures to determine values.,"Compute final estimation of property values, taking into account such factors as depreciation, replacement costs, value comparisons of similar properties, and income potential.","Prepare written reports that estimate property values, outline methods by which the estimations were made, and meet appraisal standards.",GPTs-are-GPTs human_labels on public_gpts_are_gpts_benchmark.csv,prayash-task-exposure-gpts-are-gpts-v1,Prayash common-occupation coverage — 800 occupations,923 occupations / 19265 tasks,true,true,Task-level benchmark category shares for product coverage. Not a probability that workers will lose jobs. Absence from this 800-row file does not mean the occupation is absent from the 923-occupation research model.
13-2051.00,Financial and Investment Analysts,26,4,4,18,0.153846,0.153846,0.692308,"Collaborate on projects with other professionals, such as lawyers, accountants, or public relations experts.",Conduct financial analyses related to investments in green construction or green retrofitting projects.,"Advise clients on aspects of capitalization, such as amounts, sources, or timing.",GPTs-are-GPTs human_labels on public_gpts_are_gpts_benchmark.csv,prayash-task-exposure-gpts-are-gpts-v1,Prayash common-occupation coverage — 800 occupations,923 occupations / 19265 tasks,true,true,Task-level benchmark category shares for product coverage. Not a probability that workers will lose jobs. Absence from this 800-row file does not mean the occupation is absent from the 923-occupation research model.
13-2052.00,Personal Financial Advisors,21,1,9,11,0.047619,0.428571,0.523810,"Meet with clients' other advisors, such as attorneys, accountants, trust officers, or investment bankers, to fully understand clients' financial goals and circumstances.","Recommend to clients strategies in cash management, insurance coverage, investment planning, or other areas to help them achieve their financial goals.","Interview clients to determine their current income, expenses, insurance coverage, tax status, financial objectives, risk tolerance, or other information needed to develop a financial plan.",GPTs-are-GPTs human_labels on public_gpts_are_gpts_benchmark.csv,prayash-task-exposure-gpts-are-gpts-v1,Prayash common-occupation coverage — 800 occupations,923 occupations / 19265 tasks,true,true,Task-level benchmark category shares for product coverage. Not a probability that workers will lose jobs. Absence from this 800-row file does not mean the occupation is absent from the 923-occupation research model.
13-2053.00,Insurance Underwriters,7,1,1,5,0.142857,0.142857,0.714286,Decline excessive risks.,"Write to field representatives, medical personnel, or others to obtain further information, quote rates, or explain company underwriting policies.","Examine documents to determine degree of risk from factors such as applicant health, financial standing and value, and condition of property.",GPTs-are-GPTs human_labels on public_gpts_are_gpts_benchmark.csv,prayash-task-exposure-gpts-are-gpts-v1,Prayash common-occupation coverage — 800 occupations,923 occupations / 19265 tasks,true,true,Task-level benchmark category shares for product coverage. Not a probability that workers will lose jobs. Absence from this 800-row file does not mean the occupation is absent from the 923-occupation research model.
13-2054.00,Financial Risk Specialists,30,2,7,21,0.066667,0.233333,0.700000,Confer with traders to identify and communicate risks associated with specific trading strategies or positions.,Analyze new legislation to determine impact on risk exposure.,"Analyze areas of potential risk to the assets, earning capacity, or success of organizations.",GPTs-are-GPTs human_labels on public_gpts_are_gpts_benchmark.csv,prayash-task-exposure-gpts-are-gpts-v1,Prayash common-occupation coverage — 800 occupations,923 occupations / 19265 tasks,true,true,Task-level benchmark category shares for product coverage. Not a probability that workers will lose jobs. Absence from this 800-row file does not mean the occupation is absent from the 923-occupation research model.
13-2061.00,Financial Examiners,17,3,5,9,0.176471,0.294118,0.529412,"Direct and participate in formal and informal meetings with bank directors, trustees, senior management, counsels, outside accountants, and consultants to gather information and discuss findings.","Recommend actions to ensure compliance with laws and regulations, or to protect solvency of institutions.","Resolve problems concerning the overall financial integrity of banking institutions including loan investment portfolios, capital, earnings, and specific or large troubled accounts.",GPTs-are-GPTs human_labels on public_gpts_are_gpts_benchmark.csv,prayash-task-exposure-gpts-are-gpts-v1,Prayash common-occupation coverage — 800 occupations,923 occupations / 19265 tasks,true,true,Task-level benchmark category shares for product coverage. Not a probability that workers will lose jobs. Absence from this 800-row file does not mean the occupation is absent from the 923-occupation research model.
13-2071.00,Credit Counselors,23,2,10,11,0.086957,0.434783,0.478261,"Recommend strategies for clients to meet their financial goals, such as borrowing money through loans or loan programs, declaring bankruptcy, making budget adjustments, or enrolling in debt management plans.","Explain services or policies to clients, such as debt management program rules, advantages and disadvantages of using services, or creditor concession policies.",Calculate clients' available monthly income to meet debt obligations.,GPTs-are-GPTs human_labels on public_gpts_are_gpts_benchmark.csv,prayash-task-exposure-gpts-are-gpts-v1,Prayash common-occupation coverage — 800 occupations,923 occupations / 19265 tasks,true,true,Task-level benchmark category shares for product coverage. Not a probability that workers will lose jobs. Absence from this 800-row file does not mean the occupation is absent from the 923-occupation research model.
13-2072.00,Loan Officers,30,2,11,17,0.066667,0.366667,0.566667,Supervise loan personnel.,"Explain to customers the different types of loans and credit options that are available, as well as the terms of those services.",Meet with applicants to obtain information for loan applications and to answer questions about the process.,GPTs-are-GPTs human_labels on public_gpts_are_gpts_benchmark.csv,prayash-task-exposure-gpts-are-gpts-v1,Prayash common-occupation coverage — 800 occupations,923 occupations / 19265 tasks,true,true,Task-level benchmark category shares for product coverage. Not a probability that workers will lose jobs. Absence from this 800-row file does not mean the occupation is absent from the 923-occupation research model.
13-2081.00,"Tax Examiners and Collectors, and Revenue Agents",25,3,9,13,0.120000,0.360000,0.520000,Collect taxes from individuals or businesses according to prescribed laws and regulations.,Send notices to taxpayers when accounts are delinquent.,"Maintain records for each case, including contacts, telephone numbers, and actions taken.",GPTs-are-GPTs human_labels on public_gpts_are_gpts_benchmark.csv,prayash-task-exposure-gpts-are-gpts-v1,Prayash common-occupation coverage — 800 occupations,923 occupations / 19265 tasks,true,true,Task-level benchmark category shares for product coverage. Not a probability that workers will lose jobs. Absence from this 800-row file does not mean the occupation is absent from the 923-occupation research model.
13-2082.00,Tax Preparers,12,0,3,9,0.000000,0.250000,0.750000,,Furnish taxpayers with sufficient information and advice to ensure correct tax form completion.,"Use all appropriate adjustments, deductions, and credits to keep clients' taxes to a minimum.",GPTs-are-GPTs human_labels on public_gpts_are_gpts_benchmark.csv,prayash-task-exposure-gpts-are-gpts-v1,Prayash common-occupation coverage — 800 occupations,923 occupations / 19265 tasks,true,true,Task-level benchmark category shares for product coverage. Not a probability that workers will lose jobs. Absence from this 800-row file does not mean the occupation is absent from the 923-occupation research model.
13-2099.01,Financial Quantitative Analysts,21,0,6,15,0.000000,0.285714,0.714286,,"Develop core analytical capabilities or model libraries, using advanced statistical, quantitative, or econometric techniques.","Research or develop analytical tools to address issues such as portfolio construction or optimization, performance measurement, attribution, profit and loss measurement, or pricing models.",GPTs-are-GPTs human_labels on public_gpts_are_gpts_benchmark.csv,prayash-task-exposure-gpts-are-gpts-v1,Prayash common-occupation coverage — 800 occupations,923 occupations / 19265 tasks,true,true,Task-level benchmark category shares for product coverage. Not a probability that workers will lose jobs. Absence from this 800-row file does not mean the occupation is absent from the 923-occupation research model.
13-2099.04,"Fraud Examiners, Investigators and Analysts",23,4,4,15,0.173913,0.173913,0.652174,Testify in court regarding investigation findings.,Prepare written reports of investigation findings.,Document all investigative activities.,GPTs-are-GPTs human_labels on public_gpts_are_gpts_benchmark.csv,prayash-task-exposure-gpts-are-gpts-v1,Prayash common-occupation coverage — 800 occupations,923 occupations / 19265 tasks,true,true,Task-level benchmark category shares for product coverage. Not a probability that workers will lose jobs. Absence from this 800-row file does not mean the occupation is absent from the 923-occupation research model.
15-1211.00,Computer Systems Analysts,22,4,3,15,0.181818,0.136364,0.681818,"Test, maintain, and monitor computer programs and systems, including coordinating the installation of computer programs and systems.","Provide staff and users with assistance solving computer-related problems, such as malfunctions and program problems.",Troubleshoot program and system malfunctions to restore normal functioning.,GPTs-are-GPTs human_labels on public_gpts_are_gpts_benchmark.csv,prayash-task-exposure-gpts-are-gpts-v1,Prayash common-occupation coverage — 800 occupations,923 occupations / 19265 tasks,true,true,Task-level benchmark category shares for product coverage. Not a probability that workers will lose jobs. Absence from this 800-row file does not mean the occupation is absent from the 923-occupation research model.
15-1211.01,Health Informatics Specialists,17,2,6,9,0.117647,0.352941,0.529412,Provide consultation to nurses regarding hardware or software configuration.,"Design, develop, select, test, implement, and evaluate new or modified informatics solutions, data structures, and decision-support mechanisms to support patients, health care professionals, and their information management and human-computer and human-technology interactions within health care contexts.","Translate nursing practice information between nurses and systems engineers, analysts, or designers, using object-oriented models or other techniques.",GPTs-are-GPTs human_labels on public_gpts_are_gpts_benchmark.csv,prayash-task-exposure-gpts-are-gpts-v1,Prayash common-occupation coverage — 800 occupations,923 occupations / 19265 tasks,true,true,Task-level benchmark category shares for product coverage. Not a probability that workers will lose jobs. Absence from this 800-row file does not mean the occupation is absent from the 923-occupation research model.
15-1212.00,Information Security Analysts,12,0,1,11,0.000000,0.083333,0.916667,,"Document computer security and emergency measures policies, procedures, and tests.","Develop plans to safeguard computer files against accidental or unauthorized modification, destruction, or disclosure and to meet emergency data processing needs.",GPTs-are-GPTs human_labels on public_gpts_are_gpts_benchmark.csv,prayash-task-exposure-gpts-are-gpts-v1,Prayash common-occupation coverage — 800 occupations,923 occupations / 19265 tasks,true,true,Task-level benchmark category shares for product coverage. Not a probability that workers will lose jobs. Absence from this 800-row file does not mean the occupation is absent from the 923-occupation research model.
15-1221.00,Computer and Information Research Scientists,15,3,3,9,0.200000,0.200000,0.600000,"Meet with managers, vendors, and others to solicit cooperation and resolve problems.",Analyze problems to develop solutions involving computer hardware and software.,"Apply theoretical expertise and innovation to create or apply new technology, such as adapting principles for applying computers to new uses.",GPTs-are-GPTs human_labels on public_gpts_are_gpts_benchmark.csv,prayash-task-exposure-gpts-are-gpts-v1,Prayash common-occupation coverage — 800 occupations,923 occupations / 19265 tasks,true,true,Task-level benchmark category shares for product coverage. Not a probability that workers will lose jobs. Absence from this 800-row file does not mean the occupation is absent from the 923-occupation research model.
15-1231.00,Computer Network Support Specialists,26,4,6,16,0.153846,0.230769,0.615385,Perform routine maintenance or standard repairs to networking components or equipment.,Provide telephone support related to networking or connectivity issues.,Back up network data.,GPTs-are-GPTs human_labels on public_gpts_are_gpts_benchmark.csv,prayash-task-exposure-gpts-are-gpts-v1,Prayash common-occupation coverage — 800 occupations,923 occupations / 19265 tasks,true,true,Task-level benchmark category shares for product coverage. Not a probability that workers will lose jobs. Absence from this 800-row file does not mean the occupation is absent from the 923-occupation research model.
15-1232.00,Computer User Support Specialists,16,2,7,7,0.125000,0.437500,0.437500,"Set up equipment for employee use, performing or ensuring proper installation of cables, operating systems, or appropriate software.",Answer user inquiries regarding computer software or hardware operation to resolve problems.,Oversee the daily performance of computer systems.,GPTs-are-GPTs human_labels on public_gpts_are_gpts_benchmark.csv,prayash-task-exposure-gpts-are-gpts-v1,Prayash common-occupation coverage — 800 occupations,923 occupations / 19265 tasks,true,true,Task-level benchmark category shares for product coverage. Not a probability that workers will lose jobs. Absence from this 800-row file does not mean the occupation is absent from the 923-occupation research model.
15-1241.00,Computer Network Architects,33,3,7,23,0.090909,0.212121,0.696970,Supervise engineers or other staff in the design or implementation of network solutions.,Develop disaster recovery plans.,"Develop or recommend network security measures, such as firewalls, network security audits, or automated security probes.",GPTs-are-GPTs human_labels on public_gpts_are_gpts_benchmark.csv,prayash-task-exposure-gpts-are-gpts-v1,Prayash common-occupation coverage — 800 occupations,923 occupations / 19265 tasks,true,true,Task-level benchmark category shares for product coverage. Not a probability that workers will lose jobs. Absence from this 800-row file does not mean the occupation is absent from the 923-occupation research model.
15-1241.01,Telecommunications Engineering Specialists,26,5,6,15,0.192308,0.230769,0.576923,"Inspect sites to determine physical configuration, such as device locations and conduit pathways.","Develop, maintain, or implement telecommunications disaster recovery plans to ensure business continuity.","Consult with users, administrators, and engineers to identify business and technical requirements for proposed system modifications or technology purchases.",GPTs-are-GPTs human_labels on public_gpts_are_gpts_benchmark.csv,prayash-task-exposure-gpts-are-gpts-v1,Prayash common-occupation coverage — 800 occupations,923 occupations / 19265 tasks,true,true,Task-level benchmark category shares for product coverage. Not a probability that workers will lose jobs. Absence from this 800-row file does not mean the occupation is absent from the 923-occupation research model.
15-1242.00,Database Administrators,18,2,5,11,0.111111,0.277778,0.611111,"Approve, schedule, plan, and supervise the installation and testing of new products and improvements to computer systems, such as the installation of new databases.","Write and code logical and physical database descriptions and specify identifiers of database to management system, or direct others in coding descriptions.","Test programs or databases, correct errors, and make necessary modifications.",GPTs-are-GPTs human_labels on public_gpts_are_gpts_benchmark.csv,prayash-task-exposure-gpts-are-gpts-v1,Prayash common-occupation coverage — 800 occupations,923 occupations / 19265 tasks,true,true,Task-level benchmark category shares for product coverage. Not a probability that workers will lose jobs. Absence from this 800-row file does not mean the occupation is absent from the 923-occupation research model.
15-1243.00,Database Architects,25,1,6,18,0.040000,0.240000,0.720000,"Identify, evaluate and recommend hardware or software technologies to achieve desired database performance.","Develop database architectural strategies at the modeling, design and implementation stages to address business or industry requirements.","Design databases to support business applications, ensuring system scalability, security, performance, and reliability.",GPTs-are-GPTs human_labels on public_gpts_are_gpts_benchmark.csv,prayash-task-exposure-gpts-are-gpts-v1,Prayash common-occupation coverage — 800 occupations,923 occupations / 19265 tasks,true,true,Task-level benchmark category shares for product coverage. Not a probability that workers will lose jobs. Absence from this 800-row file does not mean the occupation is absent from the 923-occupation research model.
15-1243.01,Data Warehousing Specialists,18,0,7,11,0.000000,0.388889,0.611111,,"Verify the structure, accuracy, or quality of warehouse data.","Develop data warehouse process models, including sourcing, loading, transformation, and extraction.",GPTs-are-GPTs human_labels on public_gpts_are_gpts_benchmark.csv,prayash-task-exposure-gpts-are-gpts-v1,Prayash common-occupation coverage — 800 occupations,923 occupations / 19265 tasks,true,true,Task-level benchmark category shares for product coverage. Not a probability that workers will lose jobs. Absence from this 800-row file does not mean the occupation is absent from the 923-occupation research model.
15-1244.00,Network and Computer Systems Administrators,20,3,4,13,0.150000,0.200000,0.650000,Confer with network users about solutions to existing system problems.,"Recommend changes to improve systems and network configurations, and determine hardware or software requirements related to such changes.","Maintain and administer computer networks and related computing environments, including computer hardware, systems software, applications software, and all configurations.",GPTs-are-GPTs human_labels on public_gpts_are_gpts_benchmark.csv,prayash-task-exposure-gpts-are-gpts-v1,Prayash common-occupation coverage — 800 occupations,923 occupations / 19265 tasks,true,true,Task-level benchmark category shares for product coverage. Not a probability that workers will lose jobs. Absence from this 800-row file does not mean the occupation is absent from the 923-occupation research model.
15-1251.00,Computer Programmers,17,1,8,8,0.058824,0.470588,0.470588,"Consult with managerial, engineering, and technical personnel to clarify program intent, identify problems, and suggest changes.","Write, analyze, review, and rewrite programs, using workflow chart and diagram, and applying knowledge of computer capabilities, subject matter, and symbolic logic.","Perform or direct revision, repair, or expansion of existing programs to increase operating efficiency or adapt to new requirements.",GPTs-are-GPTs human_labels on public_gpts_are_gpts_benchmark.csv,prayash-task-exposure-gpts-are-gpts-v1,Prayash common-occupation coverage — 800 occupations,923 occupations / 19265 tasks,true,true,Task-level benchmark category shares for product coverage. Not a probability that workers will lose jobs. Absence from this 800-row file does not mean the occupation is absent from the 923-occupation research model.
15-1252.00,Software Developers,19,3,1,15,0.157895,0.052632,0.789474,Confer with data processing or project managers to obtain information on limitations or capabilities for data processing projects.,"Consult with customers or other departments on project status, proposals, or technical issues, such as software system design or maintenance.","Analyze information to determine, recommend, and plan installation of a new system or modification of an existing system.",GPTs-are-GPTs human_labels on public_gpts_are_gpts_benchmark.csv,prayash-task-exposure-gpts-are-gpts-v1,Prayash common-occupation coverage — 800 occupations,923 occupations / 19265 tasks,true,true,Task-level benchmark category shares for product coverage. Not a probability that workers will lose jobs. Absence from this 800-row file does not mean the occupation is absent from the 923-occupation research model.
15-1253.00,Software Quality Assurance Analysts and Testers,30,3,9,18,0.100000,0.300000,0.600000,Test system modifications to prepare for implementation.,"Develop testing programs that address areas such as database impacts, software scenarios, regression testing, negative testing, error or bug retests, or usability.","Identify, analyze, and document problems with program function, output, online screen, or content.",GPTs-are-GPTs human_labels on public_gpts_are_gpts_benchmark.csv,prayash-task-exposure-gpts-are-gpts-v1,Prayash common-occupation coverage — 800 occupations,923 occupations / 19265 tasks,true,true,Task-level benchmark category shares for product coverage. Not a probability that workers will lose jobs. Absence from this 800-row file does not mean the occupation is absent from the 923-occupation research model.
15-1254.00,Web Developers,29,1,9,19,0.034483,0.310345,0.655172,Evaluate or recommend server hardware or software.,"Evaluate code to ensure that it is valid, is properly structured, meets industry standards, and is compatible with browsers, devices, or operating systems.",Write supporting code for Web applications or Web sites.,GPTs-are-GPTs human_labels on public_gpts_are_gpts_benchmark.csv,prayash-task-exposure-gpts-are-gpts-v1,Prayash common-occupation coverage — 800 occupations,923 occupations / 19265 tasks,true,true,Task-level benchmark category shares for product coverage. Not a probability that workers will lose jobs. Absence from this 800-row file does not mean the occupation is absent from the 923-occupation research model.
15-1255.00,Web and Digital Interface Designers,30,0,11,19,0.000000,0.366667,0.633333,,Communicate with network personnel or Web site hosting agencies to address hardware or software issues affecting Web sites.,Collaborate with management or users to develop e-commerce strategies and to integrate these strategies with Web sites.,GPTs-are-GPTs human_labels on public_gpts_are_gpts_benchmark.csv,prayash-task-exposure-gpts-are-gpts-v1,Prayash common-occupation coverage — 800 occupations,923 occupations / 19265 tasks,true,true,Task-level benchmark category shares for product coverage. Not a probability that workers will lose jobs. Absence from this 800-row file does not mean the occupation is absent from the 923-occupation research model.
15-1255.01,Video Game Designers,24,0,4,20,0.000000,0.166667,0.833333,,Conduct regular design reviews throughout the game development process.,Balance and adjust gameplay experiences to ensure the critical and commercial success of the product.,GPTs-are-GPTs human_labels on public_gpts_are_gpts_benchmark.csv,prayash-task-exposure-gpts-are-gpts-v1,Prayash common-occupation coverage — 800 occupations,923 occupations / 19265 tasks,true,true,Task-level benchmark category shares for product coverage. Not a probability that workers will lose jobs. Absence from this 800-row file does not mean the occupation is absent from the 923-occupation research model.
15-1299.01,Web Administrators,35,3,15,17,0.085714,0.428571,0.485714,"Test issues such as system integration, performance, and system security on a regular schedule or after any major program modifications.",Identify or document backup or recovery plans.,"Monitor systems for intrusions or denial of service attacks, and report security breaches to appropriate personnel.",GPTs-are-GPTs human_labels on public_gpts_are_gpts_benchmark.csv,prayash-task-exposure-gpts-are-gpts-v1,Prayash common-occupation coverage — 800 occupations,923 occupations / 19265 tasks,true,true,Task-level benchmark category shares for product coverage. Not a probability that workers will lose jobs. Absence from this 800-row file does not mean the occupation is absent from the 923-occupation research model.
15-1299.02,Geographic Information Systems Technologists and Technicians,29,1,7,21,0.034483,0.241379,0.724138,"Confer with users to analyze, configure, or troubleshoot applications.",Provide technical expertise in Geographic Information Systems (GIS) technology to clients or users.,"Produce data layers, maps, tables, or reports, using spatial analysis procedures or Geographic Information Systems (GIS) technology, equipment, or systems.",GPTs-are-GPTs human_labels on public_gpts_are_gpts_benchmark.csv,prayash-task-exposure-gpts-are-gpts-v1,Prayash common-occupation coverage — 800 occupations,923 occupations / 19265 tasks,true,true,Task-level benchmark category shares for product coverage. Not a probability that workers will lose jobs. Absence from this 800-row file does not mean the occupation is absent from the 923-occupation research model.
15-1299.03,Document Management Specialists,23,0,8,15,0.000000,0.347826,0.652174,,"Assist in determining document management policies to facilitate efficient, legal, and secure access to electronic content.","Assist in the development of document or content classification taxonomies to facilitate information capture, search, and retrieval.",GPTs-are-GPTs human_labels on public_gpts_are_gpts_benchmark.csv,prayash-task-exposure-gpts-are-gpts-v1,Prayash common-occupation coverage — 800 occupations,923 occupations / 19265 tasks,true,true,Task-level benchmark category shares for product coverage. Not a probability that workers will lose jobs. Absence from this 800-row file does not mean the occupation is absent from the 923-occupation research model.
15-1299.04,Penetration Testers,22,3,7,12,0.136364,0.318182,0.545455,"Assess the physical security of servers, systems, or network devices to identify vulnerability to temperature, vandalism, or natural disasters.",Develop infiltration tests that exploit device vulnerabilities.,Collect stakeholder data to evaluate risk and to develop mitigation strategies.,GPTs-are-GPTs human_labels on public_gpts_are_gpts_benchmark.csv,prayash-task-exposure-gpts-are-gpts-v1,Prayash common-occupation coverage — 800 occupations,923 occupations / 19265 tasks,true,true,Task-level benchmark category shares for product coverage. Not a probability that workers will lose jobs. Absence from this 800-row file does not mean the occupation is absent from the 923-occupation research model.
15-1299.05,Information Security Engineers,20,1,6,13,0.050000,0.300000,0.650000,"Train staff on, and oversee the use of, information security standards, policies, and best practices.","Coordinate documentation of computer security or emergency measure policies, procedures, or tests.","Assess the quality of security controls, using performance indicators.",GPTs-are-GPTs human_labels on public_gpts_are_gpts_benchmark.csv,prayash-task-exposure-gpts-are-gpts-v1,Prayash common-occupation coverage — 800 occupations,923 occupations / 19265 tasks,true,true,Task-level benchmark category shares for product coverage. Not a probability that workers will lose jobs. Absence from this 800-row file does not mean the occupation is absent from the 923-occupation research model.
15-1299.06,Digital Forensics Analysts,20,1,7,12,0.050000,0.350000,0.600000,"Write reports, sign affidavits, or give depositions for legal proceedings.",Create system images or capture network settings from information technology environments to preserve as evidence.,Adhere to legal policies and procedures related to handling digital media.,GPTs-are-GPTs human_labels on public_gpts_are_gpts_benchmark.csv,prayash-task-exposure-gpts-are-gpts-v1,Prayash common-occupation coverage — 800 occupations,923 occupations / 19265 tasks,true,true,Task-level benchmark category shares for product coverage. Not a probability that workers will lose jobs. Absence from this 800-row file does not mean the occupation is absent from the 923-occupation research model.
15-1299.07,Blockchain Engineers,17,3,4,10,0.176471,0.235294,0.588235,Evaluate blockchain processes or risks based on security assessments or control matrix reviews.,Automate the deployment of software updates over geographically distributed network nodes.,"Assess blockchain threats, such as untested code and unprotected keys.",GPTs-are-GPTs human_labels on public_gpts_are_gpts_benchmark.csv,prayash-task-exposure-gpts-are-gpts-v1,Prayash common-occupation coverage — 800 occupations,923 occupations / 19265 tasks,true,true,Task-level benchmark category shares for product coverage. Not a probability that workers will lose jobs. Absence from this 800-row file does not mean the occupation is absent from the 923-occupation research model.
15-1299.08,Computer Systems Engineers/Architects,28,2,6,20,0.071429,0.214286,0.714286,"Investigate system component suitability for specified purposes, and make recommendations regarding component use.","Research, test, or verify proper functioning of software patches and fixes.","Verify stability, interoperability, portability, security, or scalability of system architecture.",GPTs-are-GPTs human_labels on public_gpts_are_gpts_benchmark.csv,prayash-task-exposure-gpts-are-gpts-v1,Prayash common-occupation coverage — 800 occupations,923 occupations / 19265 tasks,true,true,Task-level benchmark category shares for product coverage. Not a probability that workers will lose jobs. Absence from this 800-row file does not mean the occupation is absent from the 923-occupation research model.
15-1299.09,Information Technology Project Managers,21,3,1,17,0.142857,0.047619,0.809524,Confer with project personnel to identify and resolve problems.,Establish and execute a project communication plan.,"Manage project execution to ensure adherence to budget, schedule, and scope.",GPTs-are-GPTs human_labels on public_gpts_are_gpts_benchmark.csv,prayash-task-exposure-gpts-are-gpts-v1,Prayash common-occupation coverage — 800 occupations,923 occupations / 19265 tasks,true,true,Task-level benchmark category shares for product coverage. Not a probability that workers will lose jobs. Absence from this 800-row file does not mean the occupation is absent from the 923-occupation research model.
15-2011.00,Actuaries,15,2,3,10,0.133333,0.200000,0.666667,Testify before public agencies on proposed legislation affecting businesses.,"Determine, or help determine, company policy, and explain complex technical matters to company executives, government officials, shareholders, policyholders, or the public.",Ascertain premium rates required and cash reserves and liabilities necessary to ensure payment of future benefits.,GPTs-are-GPTs human_labels on public_gpts_are_gpts_benchmark.csv,prayash-task-exposure-gpts-are-gpts-v1,Prayash common-occupation coverage — 800 occupations,923 occupations / 19265 tasks,true,true,Task-level benchmark category shares for product coverage. Not a probability that workers will lose jobs. Absence from this 800-row file does not mean the occupation is absent from the 923-occupation research model.
15-2021.00,Mathematicians,11,0,4,7,0.000000,0.363636,0.636364,,"Disseminate research by writing reports, publishing papers, or presenting at professional conferences.","Address the relationships of quantities, magnitudes, and forms through the use of numbers and symbols.",GPTs-are-GPTs human_labels on public_gpts_are_gpts_benchmark.csv,prayash-task-exposure-gpts-are-gpts-v1,Prayash common-occupation coverage — 800 occupations,923 occupations / 19265 tasks,true,true,Task-level benchmark category shares for product coverage. Not a probability that workers will lose jobs. Absence from this 800-row file does not mean the occupation is absent from the 923-occupation research model.
15-2031.00,Operations Research Analysts,16,0,4,12,0.000000,0.250000,0.750000,,Prepare management reports defining and evaluating problems and recommending solutions.,"Formulate mathematical or simulation models of problems, relating constants and variables, restrictions, alternatives, conflicting objectives, and their numerical parameters.",GPTs-are-GPTs human_labels on public_gpts_are_gpts_benchmark.csv,prayash-task-exposure-gpts-are-gpts-v1,Prayash common-occupation coverage — 800 occupations,923 occupations / 19265 tasks,true,true,Task-level benchmark category shares for product coverage. Not a probability that workers will lose jobs. Absence from this 800-row file does not mean the occupation is absent from the 923-occupation research model.
15-2041.00,Statisticians,19,1,9,9,0.052632,0.473684,0.473684,Supervise and provide instructions for workers collecting and tabulating data.,"Determine whether statistical methods are appropriate, based on user needs or research questions of interest.",Analyze and interpret statistical data to identify significant differences in relationships among sources of information.,GPTs-are-GPTs human_labels on public_gpts_are_gpts_benchmark.csv,prayash-task-exposure-gpts-are-gpts-v1,Prayash common-occupation coverage — 800 occupations,923 occupations / 19265 tasks,true,true,Task-level benchmark category shares for product coverage. Not a probability that workers will lose jobs. Absence from this 800-row file does not mean the occupation is absent from the 923-occupation research model.
15-2041.01,Biostatisticians,25,3,15,7,0.120000,0.600000,0.280000,Provide biostatistical consultation to clients or colleagues.,"Draw conclusions or make predictions, based on data summaries or statistical analyses.","Read current literature, attend meetings or conferences, and talk with colleagues to keep abreast of methodological or conceptual developments in fields such as biostatistics, pharmacology, life sciences, and social sciences.",GPTs-are-GPTs human_labels on public_gpts_are_gpts_benchmark.csv,prayash-task-exposure-gpts-are-gpts-v1,Prayash common-occupation coverage — 800 occupations,923 occupations / 19265 tasks,true,true,Task-level benchmark category shares for product coverage. Not a probability that workers will lose jobs. Absence from this 800-row file does not mean the occupation is absent from the 923-occupation research model.
15-2051.00,Data Scientists,16,1,4,11,0.062500,0.250000,0.687500,"Compare models using statistical performance metrics, such as loss functions or proportion of explained variance.",Apply sampling techniques to determine groups to be surveyed or use complete enumeration methods.,"Analyze, manipulate, or process large sets of data using statistical software.",GPTs-are-GPTs human_labels on public_gpts_are_gpts_benchmark.csv,prayash-task-exposure-gpts-are-gpts-v1,Prayash common-occupation coverage — 800 occupations,923 occupations / 19265 tasks,true,true,Task-level benchmark category shares for product coverage. Not a probability that workers will lose jobs. Absence from this 800-row file does not mean the occupation is absent from the 923-occupation research model.
15-2051.01,Business Intelligence Analysts,17,1,4,12,0.058824,0.235294,0.705882,Conduct or coordinate tests to ensure that intelligence is consistent with defined needs.,"Generate standard or custom reports summarizing business, financial, or economic data for review by executives, managers, clients, and other stakeholders.",Synthesize current business intelligence or trend data to support recommendations for action.,GPTs-are-GPTs human_labels on public_gpts_are_gpts_benchmark.csv,prayash-task-exposure-gpts-are-gpts-v1,Prayash common-occupation coverage — 800 occupations,923 occupations / 19265 tasks,true,true,Task-level benchmark category shares for product coverage. Not a probability that workers will lose jobs. Absence from this 800-row file does not mean the occupation is absent from the 923-occupation research model.
15-2051.02,Clinical Data Managers,21,5,8,8,0.238095,0.380952,0.380952,Monitor work productivity or quality to ensure compliance with standard operating procedures.,"Generate data queries, based on validation checks or errors and omissions identified during data entry, to resolve identified problems.","Design and validate clinical databases, including designing or testing logic checks.",GPTs-are-GPTs human_labels on public_gpts_are_gpts_benchmark.csv,prayash-task-exposure-gpts-are-gpts-v1,Prayash common-occupation coverage — 800 occupations,923 occupations / 19265 tasks,true,true,Task-level benchmark category shares for product coverage. Not a probability that workers will lose jobs. Absence from this 800-row file does not mean the occupation is absent from the 923-occupation research model.
15-2099.01,Bioinformatics Technicians,19,1,6,12,0.052632,0.315789,0.631579,Train bioinformatics staff or researchers in the use of databases.,"Extend existing software programs, web-based interactive tools, or database queries as sequence management and analysis needs evolve.","Analyze or manipulate bioinformatics data using software packages, statistical applications, or data mining techniques.",GPTs-are-GPTs human_labels on public_gpts_are_gpts_benchmark.csv,prayash-task-exposure-gpts-are-gpts-v1,Prayash common-occupation coverage — 800 occupations,923 occupations / 19265 tasks,true,true,Task-level benchmark category shares for product coverage. Not a probability that workers will lose jobs. Absence from this 800-row file does not mean the occupation is absent from the 923-occupation research model.
17-1011.00,"Architects, Except Landscape and Naval",24,7,4,13,0.291667,0.166667,0.541667,Consult with clients to determine functional or spatial requirements of structures.,Prepare contract documents for building contractors.,Develop final construction plans that include aesthetic representations of the structure or details for its construction.,GPTs-are-GPTs human_labels on public_gpts_are_gpts_benchmark.csv,prayash-task-exposure-gpts-are-gpts-v1,Prayash common-occupation coverage — 800 occupations,923 occupations / 19265 tasks,true,true,Task-level benchmark category shares for product coverage. Not a probability that workers will lose jobs. Absence from this 800-row file does not mean the occupation is absent from the 923-occupation research model.
17-1012.00,Landscape Architects,19,6,1,12,0.315789,0.052632,0.631579,"Confer with clients, engineering personnel, or architects on landscape projects.",Provide follow-up consultations for clients to ensure landscape designs are maturing or developing as planned.,Prepare graphic representations or drawings of proposed plans or designs.,GPTs-are-GPTs human_labels on public_gpts_are_gpts_benchmark.csv,prayash-task-exposure-gpts-are-gpts-v1,Prayash common-occupation coverage — 800 occupations,923 occupations / 19265 tasks,true,true,Task-level benchmark category shares for product coverage. Not a probability that workers will lose jobs. Absence from this 800-row file does not mean the occupation is absent from the 923-occupation research model.
17-1022.00,Surveyors,24,6,4,14,0.250000,0.166667,0.583333,"Direct or conduct surveys to establish legal boundaries for properties, based on legal deeds and titles.","Verify the accuracy of survey data, including measurements and calculations conducted at survey sites.","Prepare, or supervise preparation of, all data, charts, plots, maps, records, and documents related to surveys.",GPTs-are-GPTs human_labels on public_gpts_are_gpts_benchmark.csv,prayash-task-exposure-gpts-are-gpts-v1,Prayash common-occupation coverage — 800 occupations,923 occupations / 19265 tasks,true,true,Task-level benchmark category shares for product coverage. Not a probability that workers will lose jobs. Absence from this 800-row file does not mean the occupation is absent from the 923-occupation research model.
17-1022.01,Geodetic Surveyors,16,6,3,7,0.375000,0.187500,0.437500,Calculate the exact horizontal and vertical position of points on the Earth's surface.,Verify the mathematical correctness of newly collected survey data.,Analyze control or survey data to ensure adherence to project specifications or land survey standards.,GPTs-are-GPTs human_labels on public_gpts_are_gpts_benchmark.csv,prayash-task-exposure-gpts-are-gpts-v1,Prayash common-occupation coverage — 800 occupations,923 occupations / 19265 tasks,true,true,Task-level benchmark category shares for product coverage. Not a probability that workers will lose jobs. Absence from this 800-row file does not mean the occupation is absent from the 923-occupation research model.
17-2011.00,Aerospace Engineers,18,2,3,13,0.111111,0.166667,0.722222,"Plan or conduct experimental, environmental, operational, or stress tests on models or prototypes of aircraft or aerospace systems or equipment.","Write technical reports or other documentation, such as handbooks or bulletins, for use by engineering staff, management, or customers.","Formulate mathematical models or other methods of computer analysis to develop, evaluate, or modify design, according to customer engineering requirements.",GPTs-are-GPTs human_labels on public_gpts_are_gpts_benchmark.csv,prayash-task-exposure-gpts-are-gpts-v1,Prayash common-occupation coverage — 800 occupations,923 occupations / 19265 tasks,true,true,Task-level benchmark category shares for product coverage. Not a probability that workers will lose jobs. Absence from this 800-row file does not mean the occupation is absent from the 923-occupation research model.
17-2031.00,Bioengineers and Biomedical Engineers,30,5,8,17,0.166667,0.266667,0.566667,"Evaluate the safety, efficiency, and effectiveness of biomedical equipment.","Write documents describing protocols, policies, standards for use, maintenance, and repair of medical equipment.","Conduct research, along with life scientists, chemists, and medical scientists, on the engineering aspects of the biological systems of humans and animals.",GPTs-are-GPTs human_labels on public_gpts_are_gpts_benchmark.csv,prayash-task-exposure-gpts-are-gpts-v1,Prayash common-occupation coverage — 800 occupations,923 occupations / 19265 tasks,true,true,Task-level benchmark category shares for product coverage. Not a probability that workers will lose jobs. Absence from this 800-row file does not mean the occupation is absent from the 923-occupation research model.
17-2051.00,Civil Engineers,17,6,2,9,0.352941,0.117647,0.529412,"Manage and direct the construction, operations, or maintenance activities at project site.","Analyze survey reports, maps, drawings, blueprints, aerial photography, or other topographical or geologic data.","Direct engineering activities, ensuring compliance with environmental, safety, or other governmental regulations.",GPTs-are-GPTs human_labels on public_gpts_are_gpts_benchmark.csv,prayash-task-exposure-gpts-are-gpts-v1,Prayash common-occupation coverage — 800 occupations,923 occupations / 19265 tasks,true,true,Task-level benchmark category shares for product coverage. Not a probability that workers will lose jobs. Absence from this 800-row file does not mean the occupation is absent from the 923-occupation research model.
17-2051.01,Transportation Engineers,26,7,5,14,0.269231,0.192308,0.538462,"Confer with contractors, utility companies, or government agencies to discuss plans, specifications, or work schedules.","Prepare project budgets, schedules, or specifications for labor or materials.","Check construction plans, design calculations, or cost estimations to ensure completeness, accuracy, or conformity to engineering standards or practices.",GPTs-are-GPTs human_labels on public_gpts_are_gpts_benchmark.csv,prayash-task-exposure-gpts-are-gpts-v1,Prayash common-occupation coverage — 800 occupations,923 occupations / 19265 tasks,true,true,Task-level benchmark category shares for product coverage. Not a probability that workers will lose jobs. Absence from this 800-row file does not mean the occupation is absent from the 923-occupation research model.
17-2051.02,Water/Wastewater Engineers,28,4,4,20,0.142857,0.142857,0.714286,"Provide technical direction or supervision to junior engineers, engineering or computer-aided design (CAD) technicians, or other technical personnel.","Design domestic or industrial water or wastewater treatment plants, including advanced facilities with sequencing batch reactors (SBR), membranes, lift stations, headworks, surge overflow basins, ultraviolet disinfection systems, aerobic digesters, sludge lagoons, or control buildings.","Review and critique proposals, plans, or designs related to water or wastewater treatment systems.",GPTs-are-GPTs human_labels on public_gpts_are_gpts_benchmark.csv,prayash-task-exposure-gpts-are-gpts-v1,Prayash common-occupation coverage — 800 occupations,923 occupations / 19265 tasks,true,true,Task-level benchmark category shares for product coverage. Not a probability that workers will lose jobs. Absence from this 800-row file does not mean the occupation is absent from the 923-occupation research model.
17-2061.00,Computer Hardware Engineers,18,10,3,5,0.555556,0.166667,0.277778,"Design and develop computer hardware and support peripherals, including central processing units (CPUs), support logic, microprocessors, custom integrated circuits, and printers and disk drives.",Write detailed functional specifications that document the hardware development process and support hardware introduction.,Update knowledge and skills to keep up with rapid advancements in computer technology.,GPTs-are-GPTs human_labels on public_gpts_are_gpts_benchmark.csv,prayash-task-exposure-gpts-are-gpts-v1,Prayash common-occupation coverage — 800 occupations,923 occupations / 19265 tasks,true,true,Task-level benchmark category shares for product coverage. Not a probability that workers will lose jobs. Absence from this 800-row file does not mean the occupation is absent from the 923-occupation research model.
17-2071.00,Electrical Engineers,22,8,3,11,0.363636,0.136364,0.500000,"Design, implement, maintain, or improve electrical instruments, equipment, facilities, components, products, or systems for commercial, industrial, or domestic purposes.",Compile data and write reports regarding existing or potential electrical engineering studies or projects.,Operate computer-assisted engineering or design software or equipment to perform engineering tasks.,GPTs-are-GPTs human_labels on public_gpts_are_gpts_benchmark.csv,prayash-task-exposure-gpts-are-gpts-v1,Prayash common-occupation coverage — 800 occupations,923 occupations / 19265 tasks,true,true,Task-level benchmark category shares for product coverage. Not a probability that workers will lose jobs. Absence from this 800-row file does not mean the occupation is absent from the 923-occupation research model.
17-2072.00,"Electronics Engineers, Except Computer",21,6,8,7,0.285714,0.380952,0.333333,"Evaluate project work to ensure effectiveness, technical adequacy, or compatibility in the resolution of complex electronics engineering problems.","Confer with engineers, customers, vendors, or others to discuss existing or potential electronics engineering projects or products.","Design electronic components, software, products, or systems for commercial, industrial, medical, military, or scientific applications.",GPTs-are-GPTs human_labels on public_gpts_are_gpts_benchmark.csv,prayash-task-exposure-gpts-are-gpts-v1,Prayash common-occupation coverage — 800 occupations,923 occupations / 19265 tasks,true,true,Task-level benchmark category shares for product coverage. Not a probability that workers will lose jobs. Absence from this 800-row file does not mean the occupation is absent from the 923-occupation research model.
17-2072.01,Radio Frequency Identification Device Specialists,21,7,2,12,0.333333,0.095238,0.571429,Identify operational requirements for new systems to inform selection of technological solutions.,Test radio frequency identification device (RFID) software to ensure proper functioning.,"Integrate tags, readers, or software in radio frequency identification device (RFID) designs.",GPTs-are-GPTs human_labels on public_gpts_are_gpts_benchmark.csv,prayash-task-exposure-gpts-are-gpts-v1,Prayash common-occupation coverage — 800 occupations,923 occupations / 19265 tasks,true,true,Task-level benchmark category shares for product coverage. Not a probability that workers will lose jobs. Absence from this 800-row file does not mean the occupation is absent from the 923-occupation research model.
17-2081.00,Environmental Engineers,28,7,7,14,0.250000,0.250000,0.500000,Inspect industrial or municipal facilities or programs to evaluate operational effectiveness or ensure compliance with environmental regulations.,Prepare or present public briefings on the status of environmental engineering projects.,"Provide technical support for environmental remediation or litigation projects, including remediation system design or determination of regulatory applicability.",GPTs-are-GPTs human_labels on public_gpts_are_gpts_benchmark.csv,prayash-task-exposure-gpts-are-gpts-v1,Prayash common-occupation coverage — 800 occupations,923 occupations / 19265 tasks,true,true,Task-level benchmark category shares for product coverage. Not a probability that workers will lose jobs. Absence from this 800-row file does not mean the occupation is absent from the 923-occupation research model.
17-2111.00,"Health and Safety Engineers, Except Mining Safety Engineers and Inspectors",27,11,10,6,0.407407,0.370370,0.222222,"Investigate industrial accidents, injuries, or occupational diseases to determine causes and preventive measures.",Conduct research to evaluate safety levels for products.,"Maintain and apply knowledge of current policies, regulations, and industrial processes.",GPTs-are-GPTs human_labels on public_gpts_are_gpts_benchmark.csv,prayash-task-exposure-gpts-are-gpts-v1,Prayash common-occupation coverage — 800 occupations,923 occupations / 19265 tasks,true,true,Task-level benchmark category shares for product coverage. Not a probability that workers will lose jobs. Absence from this 800-row file does not mean the occupation is absent from the 923-occupation research model.
17-2112.00,Industrial Engineers,20,2,7,11,0.100000,0.350000,0.550000,"Confer with clients, vendors, staff, and management personnel regarding purchases, product and production specifications, manufacturing capabilities, or project status.",Plan and establish sequence of operations to fabricate and assemble parts or products and to promote efficient utilization.,"Estimate production costs, cost saving methods, and the effects of product design changes on expenditures for management review, action, and control.",GPTs-are-GPTs human_labels on public_gpts_are_gpts_benchmark.csv,prayash-task-exposure-gpts-are-gpts-v1,Prayash common-occupation coverage — 800 occupations,923 occupations / 19265 tasks,true,true,Task-level benchmark category shares for product coverage. Not a probability that workers will lose jobs. Absence from this 800-row file does not mean the occupation is absent from the 923-occupation research model.
17-2112.01,Human Factors Engineers and Ergonomists,26,7,8,11,0.269231,0.307692,0.423077,Inspect work sites to identify physical hazards.,"Develop or implement human performance research, investigation, or analysis protocols.","Design or evaluate human work systems, using human factors engineering and ergonomic principles to optimize usability, cost, quality, safety, or performance.",GPTs-are-GPTs human_labels on public_gpts_are_gpts_benchmark.csv,prayash-task-exposure-gpts-are-gpts-v1,Prayash common-occupation coverage — 800 occupations,923 occupations / 19265 tasks,true,true,Task-level benchmark category shares for product coverage. Not a probability that workers will lose jobs. Absence from this 800-row file does not mean the occupation is absent from the 923-occupation research model.
17-2112.02,Validation Engineers,22,8,6,8,0.363636,0.272727,0.363636,Maintain validation test equipment.,Study product characteristics or customer requirements to determine validation objectives and standards.,"Develop validation master plans, process flow diagrams, test cases, or standard operating procedures.",GPTs-are-GPTs human_labels on public_gpts_are_gpts_benchmark.csv,prayash-task-exposure-gpts-are-gpts-v1,Prayash common-occupation coverage — 800 occupations,923 occupations / 19265 tasks,true,true,Task-level benchmark category shares for product coverage. Not a probability that workers will lose jobs. Absence from this 800-row file does not mean the occupation is absent from the 923-occupation research model.
17-2112.03,Manufacturing Engineers,24,7,6,11,0.291667,0.250000,0.458333,"Troubleshoot new or existing product problems involving designs, materials, or processes.","Apply continuous improvement methods, such as lean manufacturing, to enhance manufacturing quality, reliability, or cost-effectiveness.","Identify opportunities or implement changes to improve manufacturing processes or products or to reduce costs, using knowledge of fabrication processes, tooling and production equipment, assembly methods, quality control standards, or product design, materials and parts.",GPTs-are-GPTs human_labels on public_gpts_are_gpts_benchmark.csv,prayash-task-exposure-gpts-are-gpts-v1,Prayash common-occupation coverage — 800 occupations,923 occupations / 19265 tasks,true,true,Task-level benchmark category shares for product coverage. Not a probability that workers will lose jobs. Absence from this 800-row file does not mean the occupation is absent from the 923-occupation research model.
17-2121.00,Marine Engineers and Naval Architects,30,13,8,9,0.433333,0.266667,0.300000,Supervise other engineers and crew members and train them for routine and emergency duties.,"Study design proposals and specifications to establish basic characteristics of craft, such as size, weight, speed, propulsion, displacement, and draft.","Design complete hull and superstructure according to specifications and test data, in conformity with standards of safety, efficiency, and economy.",GPTs-are-GPTs human_labels on public_gpts_are_gpts_benchmark.csv,prayash-task-exposure-gpts-are-gpts-v1,Prayash common-occupation coverage — 800 occupations,923 occupations / 19265 tasks,true,true,Task-level benchmark category shares for product coverage. Not a probability that workers will lose jobs. Absence from this 800-row file does not mean the occupation is absent from the 923-occupation research model.
17-2131.00,Materials Engineers,21,11,3,7,0.523810,0.142857,0.333333,"Monitor material performance, and evaluate its deterioration.",Determine appropriate methods for fabricating and joining materials.,Analyze product failure data and laboratory test results to determine causes of problems and develop solutions.,GPTs-are-GPTs human_labels on public_gpts_are_gpts_benchmark.csv,prayash-task-exposure-gpts-are-gpts-v1,Prayash common-occupation coverage — 800 occupations,923 occupations / 19265 tasks,true,true,Task-level benchmark category shares for product coverage. Not a probability that workers will lose jobs. Absence from this 800-row file does not mean the occupation is absent from the 923-occupation research model.
17-2141.00,Mechanical Engineers,28,11,5,12,0.392857,0.178571,0.428571,"Research, design, evaluate, install, operate, or maintain mechanical products, equipment, systems or processes to meet requirements.","Read and interpret blueprints, technical drawings, schematics, or computer-generated reports.","Specify system components or direct modification of products to ensure conformance with engineering design, performance specifications, or environmental regulations.",GPTs-are-GPTs human_labels on public_gpts_are_gpts_benchmark.csv,prayash-task-exposure-gpts-are-gpts-v1,Prayash common-occupation coverage — 800 occupations,923 occupations / 19265 tasks,true,true,Task-level benchmark category shares for product coverage. Not a probability that workers will lose jobs. Absence from this 800-row file does not mean the occupation is absent from the 923-occupation research model.
17-2141.01,Fuel Cell Engineers,26,8,8,10,0.307692,0.307692,0.384615,"Plan or conduct experiments to validate new materials, optimize startup protocols, reduce conditioning time, or examine contaminant tolerance.",Provide technical consultation or direction related to the development or production of fuel cell systems.,"Characterize component or fuel cell performances by generating operating maps, defining operating conditions, identifying design refinements, or executing durability assessments.",GPTs-are-GPTs human_labels on public_gpts_are_gpts_benchmark.csv,prayash-task-exposure-gpts-are-gpts-v1,Prayash common-occupation coverage — 800 occupations,923 occupations / 19265 tasks,true,true,Task-level benchmark category shares for product coverage. Not a probability that workers will lose jobs. Absence from this 800-row file does not mean the occupation is absent from the 923-occupation research model.
17-2141.02,Automotive Engineers,25,4,11,10,0.160000,0.440000,0.400000,Conduct or direct system-level automotive testing.,Provide technical direction to other engineers or engineering support personnel.,"Perform failure, variation, or root cause analyses.",GPTs-are-GPTs human_labels on public_gpts_are_gpts_benchmark.csv,prayash-task-exposure-gpts-are-gpts-v1,Prayash common-occupation coverage — 800 occupations,923 occupations / 19265 tasks,true,true,Task-level benchmark category shares for product coverage. Not a probability that workers will lose jobs. Absence from this 800-row file does not mean the occupation is absent from the 923-occupation research model.
17-2151.00,"Mining and Geological Engineers, Including Mining Safety Engineers",18,8,6,4,0.444444,0.333333,0.222222,"Inspect mining areas for unsafe structures, equipment, and working conditions.","Prepare technical reports for use by mining, engineering, and management personnel.",Monitor mine production rates to assess operational effectiveness.,GPTs-are-GPTs human_labels on public_gpts_are_gpts_benchmark.csv,prayash-task-exposure-gpts-are-gpts-v1,Prayash common-occupation coverage — 800 occupations,923 occupations / 19265 tasks,true,true,Task-level benchmark category shares for product coverage. Not a probability that workers will lose jobs. Absence from this 800-row file does not mean the occupation is absent from the 923-occupation research model.
17-2161.00,Nuclear Engineers,20,6,5,9,0.300000,0.250000,0.450000,Initiate corrective actions or order plant shutdowns in emergency situations.,"Recommend preventive measures to be taken in the handling of nuclear technology, based on data obtained from operations monitoring or from evaluation of test results.","Monitor nuclear facility operations to identify any design, construction, or operation practices that violate safety regulations and laws or could jeopardize safe operations.",GPTs-are-GPTs human_labels on public_gpts_are_gpts_benchmark.csv,prayash-task-exposure-gpts-are-gpts-v1,Prayash common-occupation coverage — 800 occupations,923 occupations / 19265 tasks,true,true,Task-level benchmark category shares for product coverage. Not a probability that workers will lose jobs. Absence from this 800-row file does not mean the occupation is absent from the 923-occupation research model.
17-2171.00,Petroleum Engineers,23,7,2,14,0.304348,0.086957,0.608696,"Coordinate activities of workers engaged in research, planning, and development.",Write technical reports for engineering and management personnel.,Specify and supervise well modification and stimulation programs to maximize oil and gas recovery.,GPTs-are-GPTs human_labels on public_gpts_are_gpts_benchmark.csv,prayash-task-exposure-gpts-are-gpts-v1,Prayash common-occupation coverage — 800 occupations,923 occupations / 19265 tasks,true,true,Task-level benchmark category shares for product coverage. Not a probability that workers will lose jobs. Absence from this 800-row file does not mean the occupation is absent from the 923-occupation research model.
17-2199.03,"Energy Engineers, Except Wind and Solar",21,5,5,11,0.238095,0.238095,0.523810,Conduct energy audits to evaluate energy use and to identify conservation and cost reduction measures.,"Collect data for energy conservation analyses, using jobsite observation, field inspections, or sub-metering.",Identify and recommend energy savings strategies to achieve more energy-efficient operation.,GPTs-are-GPTs human_labels on public_gpts_are_gpts_benchmark.csv,prayash-task-exposure-gpts-are-gpts-v1,Prayash common-occupation coverage — 800 occupations,923 occupations / 19265 tasks,true,true,Task-level benchmark category shares for product coverage. Not a probability that workers will lose jobs. Absence from this 800-row file does not mean the occupation is absent from the 923-occupation research model.
17-2199.05,Mechatronics Engineers,23,9,0,14,0.391304,0.000000,0.608696,Implement or test design solutions.,,"Create mechanical design documents for parts, assemblies, or finished products.",GPTs-are-GPTs human_labels on public_gpts_are_gpts_benchmark.csv,prayash-task-exposure-gpts-are-gpts-v1,Prayash common-occupation coverage — 800 occupations,923 occupations / 19265 tasks,true,true,Task-level benchmark category shares for product coverage. Not a probability that workers will lose jobs. Absence from this 800-row file does not mean the occupation is absent from the 923-occupation research model.
17-2199.06,Microsystems Engineers,31,9,9,13,0.290323,0.290323,0.419355,Communicate operating characteristics or performance experience to other engineers or designers for training or new product development purposes.,Plan or schedule engineering research or development projects involving microelectromechanical systems (MEMS) technology.,"Create schematics and physical layouts of integrated microelectromechanical systems (MEMS) components or packaged assemblies consistent with process, functional, or package constraints.",GPTs-are-GPTs human_labels on public_gpts_are_gpts_benchmark.csv,prayash-task-exposure-gpts-are-gpts-v1,Prayash common-occupation coverage — 800 occupations,923 occupations / 19265 tasks,true,true,Task-level benchmark category shares for product coverage. Not a probability that workers will lose jobs. Absence from this 800-row file does not mean the occupation is absent from the 923-occupation research model.
17-2199.07,Photonics Engineers,26,15,3,8,0.576923,0.115385,0.307692,"Develop optical or imaging systems, such as optical imaging products, optical components, image processes, signal process technologies, or optical systems.",Write reports or proposals related to photonics research or development projects.,Analyze system performance or operational requirements.,GPTs-are-GPTs human_labels on public_gpts_are_gpts_benchmark.csv,prayash-task-exposure-gpts-are-gpts-v1,Prayash common-occupation coverage — 800 occupations,923 occupations / 19265 tasks,true,true,Task-level benchmark category shares for product coverage. Not a probability that workers will lose jobs. Absence from this 800-row file does not mean the occupation is absent from the 923-occupation research model.
17-2199.08,Robotics Engineers,24,6,5,13,0.250000,0.208333,0.541667,"Build, configure, or test robots or robotic applications.",Provide technical support for robotic systems.,"Review or approve designs, calculations, or cost estimates.",GPTs-are-GPTs human_labels on public_gpts_are_gpts_benchmark.csv,prayash-task-exposure-gpts-are-gpts-v1,Prayash common-occupation coverage — 800 occupations,923 occupations / 19265 tasks,true,true,Task-level benchmark category shares for product coverage. Not a probability that workers will lose jobs. Absence from this 800-row file does not mean the occupation is absent from the 923-occupation research model.
17-2199.09,Nanosystems Engineers,25,5,4,16,0.200000,0.160000,0.640000,"Synthesize, process, or characterize nanomaterials, using advanced tools or techniques.",Write proposals to secure external funding or to partner with other companies.,Supervise technologists or technicians engaged in nanotechnology research or production.,GPTs-are-GPTs human_labels on public_gpts_are_gpts_benchmark.csv,prayash-task-exposure-gpts-are-gpts-v1,Prayash common-occupation coverage — 800 occupations,923 occupations / 19265 tasks,true,true,Task-level benchmark category shares for product coverage. Not a probability that workers will lose jobs. Absence from this 800-row file does not mean the occupation is absent from the 923-occupation research model.
17-2199.10,Wind Energy Engineers,16,5,5,6,0.312500,0.312500,0.375000,"Test wind turbine components, using mechanical or electronic testing equipment.","Recommend process or infrastructure changes to improve wind turbine performance, reduce operational costs, or comply with regulations.","Create or maintain wind farm layouts, schematics, or other visual documentation for wind farms.",GPTs-are-GPTs human_labels on public_gpts_are_gpts_benchmark.csv,prayash-task-exposure-gpts-are-gpts-v1,Prayash common-occupation coverage — 800 occupations,923 occupations / 19265 tasks,true,true,Task-level benchmark category shares for product coverage. Not a probability that workers will lose jobs. Absence from this 800-row file does not mean the occupation is absent from the 923-occupation research model.
17-2199.11,Solar Energy Systems Engineers,13,4,3,6,0.307692,0.230769,0.461538,"Conduct engineering site audits to collect structural, electrical, and related site information for use in the design of residential or commercial solar power systems.","Develop design specifications and functional requirements for residential, commercial, or industrial solar energy systems or components.","Create plans for solar energy system development, monitoring, and evaluation activities.",GPTs-are-GPTs human_labels on public_gpts_are_gpts_benchmark.csv,prayash-task-exposure-gpts-are-gpts-v1,Prayash common-occupation coverage — 800 occupations,923 occupations / 19265 tasks,true,true,Task-level benchmark category shares for product coverage. Not a probability that workers will lose jobs. Absence from this 800-row file does not mean the occupation is absent from the 923-occupation research model.
17-3011.00,Architectural and Civil Drafters,28,4,5,19,0.142857,0.178571,0.678571,"Supervise and train other technologists, technicians, and drafters.","Analyze building codes, by-laws, space and site requirements, and other technical documents and reports to determine their effect on architectural designs.","Produce drawings, using computer-assisted drafting systems (CAD) or drafting machines, or by hand, using compasses, dividers, protractors, triangles, and other drafting devices.",GPTs-are-GPTs human_labels on public_gpts_are_gpts_benchmark.csv,prayash-task-exposure-gpts-are-gpts-v1,Prayash common-occupation coverage — 800 occupations,923 occupations / 19265 tasks,true,true,Task-level benchmark category shares for product coverage. Not a probability that workers will lose jobs. Absence from this 800-row file does not mean the occupation is absent from the 923-occupation research model.
17-3012.00,Electrical and Electronics Drafters,30,9,7,14,0.300000,0.233333,0.466667,"Draft detail and assembly drawings of design components, circuitry or printed circuit boards, using computer-assisted equipment or standard drafting techniques and devices.","Design electrical systems, such as lighting systems.","Draft working drawings, wiring diagrams, wiring connection specifications, or cross-sections of underground cables, as required for instructions to installation crew.",GPTs-are-GPTs human_labels on public_gpts_are_gpts_benchmark.csv,prayash-task-exposure-gpts-are-gpts-v1,Prayash common-occupation coverage — 800 occupations,923 occupations / 19265 tasks,true,true,Task-level benchmark category shares for product coverage. Not a probability that workers will lose jobs. Absence from this 800-row file does not mean the occupation is absent from the 923-occupation research model.
17-3013.00,Mechanical Drafters,15,2,1,12,0.133333,0.066667,0.800000,"Coordinate with and consult other workers to design, lay out, or detail components and systems and to resolve design or other problems.",Check dimensions of materials to be used and assign numbers to the materials.,"Develop detailed design drawings and specifications for mechanical equipment, dies, tools, and controls, using computer-assisted drafting (CAD) equipment.",GPTs-are-GPTs human_labels on public_gpts_are_gpts_benchmark.csv,prayash-task-exposure-gpts-are-gpts-v1,Prayash common-occupation coverage — 800 occupations,923 occupations / 19265 tasks,true,true,Task-level benchmark category shares for product coverage. Not a probability that workers will lose jobs. Absence from this 800-row file does not mean the occupation is absent from the 923-occupation research model.
17-3022.00,Civil Engineering Technologists and Technicians,15,6,4,5,0.400000,0.266667,0.333333,"Confer with supervisor to determine project details such as plan preparation, acceptance testing, and evaluation of field conditions.",Read and review project blueprints and structural specifications to determine dimensions of structure or system and material requirements.,"Calculate dimensions, square footage, profile and component specifications, and material quantities, using calculator or computer.",GPTs-are-GPTs human_labels on public_gpts_are_gpts_benchmark.csv,prayash-task-exposure-gpts-are-gpts-v1,Prayash common-occupation coverage — 800 occupations,923 occupations / 19265 tasks,true,true,Task-level benchmark category shares for product coverage. Not a probability that workers will lose jobs. Absence from this 800-row file does not mean the occupation is absent from the 923-occupation research model.
17-3023.00,Electrical and Electronic Engineering Technologists and Technicians,30,13,3,14,0.433333,0.100000,0.466667,"Modify, maintain, or repair electronics equipment or systems to ensure proper functioning.","Read blueprints, wiring diagrams, schematic drawings, or engineering instructions for assembling electronics units, applying knowledge of electronic theory and components.",Review electrical engineering plans to ensure adherence to design specifications and compliance with applicable electrical codes and standards.,GPTs-are-GPTs human_labels on public_gpts_are_gpts_benchmark.csv,prayash-task-exposure-gpts-are-gpts-v1,Prayash common-occupation coverage — 800 occupations,923 occupations / 19265 tasks,true,true,Task-level benchmark category shares for product coverage. Not a probability that workers will lose jobs. Absence from this 800-row file does not mean the occupation is absent from the 923-occupation research model.
17-3024.00,Electro-Mechanical and Mechatronics Technologists and Technicians,29,18,3,8,0.620690,0.103448,0.275862,"Test performance of electromechanical assemblies, using test instruments such as oscilloscopes, electronic voltmeters, or bridges.","Read blueprints, schematics, diagrams, or technical orders to determine methods and sequences of assembly.",Install or program computer hardware or machine or instrumentation software in microprocessor-based systems.,GPTs-are-GPTs human_labels on public_gpts_are_gpts_benchmark.csv,prayash-task-exposure-gpts-are-gpts-v1,Prayash common-occupation coverage — 800 occupations,923 occupations / 19265 tasks,true,true,Task-level benchmark category shares for product coverage. Not a probability that workers will lose jobs. Absence from this 800-row file does not mean the occupation is absent from the 923-occupation research model.
17-3024.01,Robotics Technicians,23,13,0,10,0.565217,0.000000,0.434783,"Make repairs to robots or peripheral equipment, such as replacement of defective circuit boards, sensors, controllers, encoders, or servomotors.",,"Install, program, or repair programmable controllers, robot controllers, end-of-arm tools, or conveyors.",GPTs-are-GPTs human_labels on public_gpts_are_gpts_benchmark.csv,prayash-task-exposure-gpts-are-gpts-v1,Prayash common-occupation coverage — 800 occupations,923 occupations / 19265 tasks,true,true,Task-level benchmark category shares for product coverage. Not a probability that workers will lose jobs. Absence from this 800-row file does not mean the occupation is absent from the 923-occupation research model.
17-3025.00,Environmental Engineering Technologists and Technicians,26,9,6,11,0.346154,0.230769,0.423077,Perform environmental quality work in field or office settings.,"Produce environmental assessment reports, tabulating data and preparing charts, graphs, or sketches.",Maintain project logbook records or computer program files.,GPTs-are-GPTs human_labels on public_gpts_are_gpts_benchmark.csv,prayash-task-exposure-gpts-are-gpts-v1,Prayash common-occupation coverage — 800 occupations,923 occupations / 19265 tasks,true,true,Task-level benchmark category shares for product coverage. Not a probability that workers will lose jobs. Absence from this 800-row file does not mean the occupation is absent from the 923-occupation research model.
17-3026.00,Industrial Engineering Technologists and Technicians,30,13,5,12,0.433333,0.166667,0.400000,Test selected products at specified stages in the production process for performance characteristics or adherence to specifications.,"Read worker logs, product processing sheets, or specification sheets to verify that records adhere to quality assurance specifications.",Compile and evaluate statistical data to determine and maintain quality and reliability of products.,GPTs-are-GPTs human_labels on public_gpts_are_gpts_benchmark.csv,prayash-task-exposure-gpts-are-gpts-v1,Prayash common-occupation coverage — 800 occupations,923 occupations / 19265 tasks,true,true,Task-level benchmark category shares for product coverage. Not a probability that workers will lose jobs. Absence from this 800-row file does not mean the occupation is absent from the 923-occupation research model.
17-3026.01,Nanotechnology Engineering Technologists and Technicians,25,11,4,10,0.440000,0.160000,0.400000,"Operate nanotechnology compounding, testing, processing, or production equipment in accordance with appropriate standard operating procedures, good manufacturing practices, hazardous material restrictions, or health and safety requirements.",Contribute written material or data for grant or patent applications.,"Produce images or measurements, using tools or techniques such as atomic force microscopy, scanning electron microscopy, optical microscopy, particle size analysis, or zeta potential analysis.",GPTs-are-GPTs human_labels on public_gpts_are_gpts_benchmark.csv,prayash-task-exposure-gpts-are-gpts-v1,Prayash common-occupation coverage — 800 occupations,923 occupations / 19265 tasks,true,true,Task-level benchmark category shares for product coverage. Not a probability that workers will lose jobs. Absence from this 800-row file does not mean the occupation is absent from the 923-occupation research model.
17-3027.00,Mechanical Engineering Technologists and Technicians,30,12,6,12,0.400000,0.200000,0.400000,Assemble or disassemble complex mechanical systems.,"Review project instructions and blueprints to ascertain test specifications, procedures, and objectives, and test nature of technical problems such as redesign.","Interpret engineering sketches, specifications, or drawings.",GPTs-are-GPTs human_labels on public_gpts_are_gpts_benchmark.csv,prayash-task-exposure-gpts-are-gpts-v1,Prayash common-occupation coverage — 800 occupations,923 occupations / 19265 tasks,true,true,Task-level benchmark category shares for product coverage. Not a probability that workers will lose jobs. Absence from this 800-row file does not mean the occupation is absent from the 923-occupation research model.
17-3027.01,Automotive Engineering Technicians,18,12,2,4,0.666667,0.111111,0.222222,"Set up mechanical, hydraulic, or electric test equipment in accordance with engineering specifications, standards, or test procedures.","Read and interpret blueprints, schematics, work specifications, drawings, or charts.","Document test results, using cameras, spreadsheets, documents, or other tools.",GPTs-are-GPTs human_labels on public_gpts_are_gpts_benchmark.csv,prayash-task-exposure-gpts-are-gpts-v1,Prayash common-occupation coverage — 800 occupations,923 occupations / 19265 tasks,true,true,Task-level benchmark category shares for product coverage. Not a probability that workers will lose jobs. Absence from this 800-row file does not mean the occupation is absent from the 923-occupation research model.
17-3029.01,Non-Destructive Testing Specialists,16,8,0,8,0.500000,0.000000,0.500000,"Examine structures or vehicles such as aircraft, trains, nuclear reactors, bridges, dams, and pipelines, using non-destructive testing techniques.",,"Interpret or evaluate test results in accordance with applicable codes, standards, specifications, or procedures.",GPTs-are-GPTs human_labels on public_gpts_are_gpts_benchmark.csv,prayash-task-exposure-gpts-are-gpts-v1,Prayash common-occupation coverage — 800 occupations,923 occupations / 19265 tasks,true,true,Task-level benchmark category shares for product coverage. Not a probability that workers will lose jobs. Absence from this 800-row file does not mean the occupation is absent from the 923-occupation research model.
17-3029.08,Photonics Technicians,30,19,2,9,0.633333,0.066667,0.300000,"Maintain clean working environments, according to clean room standards.","Document procedures, such as calibration of optical or fiber optic equipment.",Compute or record photonic test data.,GPTs-are-GPTs human_labels on public_gpts_are_gpts_benchmark.csv,prayash-task-exposure-gpts-are-gpts-v1,Prayash common-occupation coverage — 800 occupations,923 occupations / 19265 tasks,true,true,Task-level benchmark category shares for product coverage. Not a probability that workers will lose jobs. Absence from this 800-row file does not mean the occupation is absent from the 923-occupation research model.
17-3031.00,Surveying and Mapping Technicians,30,3,3,24,0.100000,0.100000,0.800000,"Position and hold the vertical rods, or targets, that theodolite operators use for sighting to measure angles, distances, and elevations.",Compare survey computations with applicable standards to determine adequacy of data.,"Check all layers of maps to ensure accuracy, identifying and marking errors and making corrections.",GPTs-are-GPTs human_labels on public_gpts_are_gpts_benchmark.csv,prayash-task-exposure-gpts-are-gpts-v1,Prayash common-occupation coverage — 800 occupations,923 occupations / 19265 tasks,true,true,Task-level benchmark category shares for product coverage. Not a probability that workers will lose jobs. Absence from this 800-row file does not mean the occupation is absent from the 923-occupation research model.
19-1013.00,Soil and Plant Scientists,27,5,12,10,0.185185,0.444444,0.370370,Conduct experiments to investigate the underlying mechanisms of plant growth and response to the environment.,"Communicate research or project results to other professionals or the public or teach related courses, seminars, or workshops.","Provide information or recommendations to farmers or other landowners regarding ways in which they can best use land, promote plant growth, or avoid or correct problems such as erosion.",GPTs-are-GPTs human_labels on public_gpts_are_gpts_benchmark.csv,prayash-task-exposure-gpts-are-gpts-v1,Prayash common-occupation coverage — 800 occupations,923 occupations / 19265 tasks,true,true,Task-level benchmark category shares for product coverage. Not a probability that workers will lose jobs. Absence from this 800-row file does not mean the occupation is absent from the 923-occupation research model.
19-1021.00,Biochemists and Biophysicists,24,8,5,11,0.333333,0.208333,0.458333,Teach or advise undergraduate or graduate students or supervise their research.,Share research findings by writing scientific articles or by making presentations at scientific conferences.,"Study physical principles of living cells or organisms and their electrical or mechanical energy, applying methods and knowledge of mathematics, physics, chemistry, or biology.",GPTs-are-GPTs human_labels on public_gpts_are_gpts_benchmark.csv,prayash-task-exposure-gpts-are-gpts-v1,Prayash common-occupation coverage — 800 occupations,923 occupations / 19265 tasks,true,true,Task-level benchmark category shares for product coverage. Not a probability that workers will lose jobs. Absence from this 800-row file does not mean the occupation is absent from the 923-occupation research model.
19-1029.01,Bioinformatics Scientists,20,1,3,16,0.050000,0.150000,0.800000,"Direct the work of technicians and information technology staff applying bioinformatics tools or applications in areas such as proteomics, transcriptomics, metabolomics, or clinical bioinformatics.","Communicate research results through conference presentations, scientific publications, or project reports.",Develop new software applications or customize existing applications to meet specific scientific project needs.,GPTs-are-GPTs human_labels on public_gpts_are_gpts_benchmark.csv,prayash-task-exposure-gpts-are-gpts-v1,Prayash common-occupation coverage — 800 occupations,923 occupations / 19265 tasks,true,true,Task-level benchmark category shares for product coverage. Not a probability that workers will lose jobs. Absence from this 800-row file does not mean the occupation is absent from the 923-occupation research model.
19-1029.02,Molecular and Cellular Biologists,22,7,4,11,0.318182,0.181818,0.500000,"Perform laboratory procedures following protocols including deoxyribonucleic acid (DNA) sequencing, cloning and extraction, ribonucleic acid (RNA) purification, or gel electrophoresis.","Design molecular or cellular laboratory experiments, oversee their execution, and interpret results.",Maintain accurate laboratory records and data.,GPTs-are-GPTs human_labels on public_gpts_are_gpts_benchmark.csv,prayash-task-exposure-gpts-are-gpts-v1,Prayash common-occupation coverage — 800 occupations,923 occupations / 19265 tasks,true,true,Task-level benchmark category shares for product coverage. Not a probability that workers will lose jobs. Absence from this 800-row file does not mean the occupation is absent from the 923-occupation research model.
19-1029.03,Geneticists,24,5,4,15,0.208333,0.166667,0.625000,"Supervise or direct the work of other geneticists, biologists, technicians, or biometricians working on genetics research projects.",Prepare results of experimental findings for presentation at professional conferences or in scientific journals.,"Plan or conduct basic genomic and biological research related to areas such as regulation of gene expression, protein interactions, metabolic networks, and nucleic acid or protein complexes.",GPTs-are-GPTs human_labels on public_gpts_are_gpts_benchmark.csv,prayash-task-exposure-gpts-are-gpts-v1,Prayash common-occupation coverage — 800 occupations,923 occupations / 19265 tasks,true,true,Task-level benchmark category shares for product coverage. Not a probability that workers will lose jobs. Absence from this 800-row file does not mean the occupation is absent from the 923-occupation research model.
19-1029.04,Biologists,22,12,7,3,0.545455,0.318182,0.136364,"Develop and maintain liaisons and effective working relations with groups and individuals, agencies, and the public to encourage cooperative management strategies or to develop information and interpret findings.","Prepare technical and research reports, such as environmental impact reports, and communicate the results to individuals in industry, government, or the general public.",Communicate test results to state and federal representatives and general public.,GPTs-are-GPTs human_labels on public_gpts_are_gpts_benchmark.csv,prayash-task-exposure-gpts-are-gpts-v1,Prayash common-occupation coverage — 800 occupations,923 occupations / 19265 tasks,true,true,Task-level benchmark category shares for product coverage. Not a probability that workers will lose jobs. Absence from this 800-row file does not mean the occupation is absent from the 923-occupation research model.
19-1031.00,Conservation Scientists,30,5,8,17,0.166667,0.266667,0.566667,Monitor projects during or after construction to ensure projects conform to design specifications.,"Compute design specifications for implementation of conservation practices, using survey or field information, technical guides or engineering manuals.","Apply principles of specialized fields of science, such as agronomy, soil science, forestry, or agriculture, to achieve conservation objectives.",GPTs-are-GPTs human_labels on public_gpts_are_gpts_benchmark.csv,prayash-task-exposure-gpts-are-gpts-v1,Prayash common-occupation coverage — 800 occupations,923 occupations / 19265 tasks,true,true,Task-level benchmark category shares for product coverage. Not a probability that workers will lose jobs. Absence from this 800-row file does not mean the occupation is absent from the 923-occupation research model.
19-1031.02,Range Managers,17,7,4,6,0.411765,0.235294,0.352941,"Regulate grazing, such as by issuing permits and checking for compliance with standards, and help ranchers plan and organize grazing systems to manage, improve, protect, and maximize the use of rangelands.",Study grazing patterns to determine number and kind of livestock that can be most profitably grazed and to determine the best grazing seasons.,Coordinate with federal land managers and other agencies and organizations to manage and protect rangelands.,GPTs-are-GPTs human_labels on public_gpts_are_gpts_benchmark.csv,prayash-task-exposure-gpts-are-gpts-v1,Prayash common-occupation coverage — 800 occupations,923 occupations / 19265 tasks,true,true,Task-level benchmark category shares for product coverage. Not a probability that workers will lose jobs. Absence from this 800-row file does not mean the occupation is absent from the 923-occupation research model.
19-1031.03,Park Naturalists,18,3,2,13,0.166667,0.111111,0.722222,"Conduct field trips to point out scientific, historic, and natural features of parks, forests, historic sites, or other attractions.",Plan and organize public events at the park.,Prepare and present illustrated lectures and interpretive talks about park features.,GPTs-are-GPTs human_labels on public_gpts_are_gpts_benchmark.csv,prayash-task-exposure-gpts-are-gpts-v1,Prayash common-occupation coverage — 800 occupations,923 occupations / 19265 tasks,true,true,Task-level benchmark category shares for product coverage. Not a probability that workers will lose jobs. Absence from this 800-row file does not mean the occupation is absent from the 923-occupation research model.
19-1032.00,Foresters,25,11,4,10,0.440000,0.160000,0.400000,"Plan and supervise forestry projects, such as determining the type, number and placement of trees to be planted, managing tree nurseries, thinning forest and monitoring growth of new seedlings.",Determine methods of cutting and removing timber with minimum waste and environmental damage.,Monitor contract compliance and results of forestry activities to assure adherence to government regulations.,GPTs-are-GPTs human_labels on public_gpts_are_gpts_benchmark.csv,prayash-task-exposure-gpts-are-gpts-v1,Prayash common-occupation coverage — 800 occupations,923 occupations / 19265 tasks,true,true,Task-level benchmark category shares for product coverage. Not a probability that workers will lose jobs. Absence from this 800-row file does not mean the occupation is absent from the 923-occupation research model.
19-1042.00,"Medical Scientists, Except Epidemiologists",14,3,5,6,0.214286,0.357143,0.428571,"Prepare and analyze organ, tissue, and cell samples to identify toxicity, bacteria, or microorganisms or to study cell structure.","Plan and direct studies to investigate human or animal disease, preventive methods, and treatments for disease.",Follow strict safety procedures when handling toxic materials to avoid contamination.,GPTs-are-GPTs human_labels on public_gpts_are_gpts_benchmark.csv,prayash-task-exposure-gpts-are-gpts-v1,Prayash common-occupation coverage — 800 occupations,923 occupations / 19265 tasks,true,true,Task-level benchmark category shares for product coverage. Not a probability that workers will lose jobs. Absence from this 800-row file does not mean the occupation is absent from the 923-occupation research model.
19-2012.00,Physicists,15,3,7,5,0.200000,0.466667,0.333333,Analyze data from research conducted to detect and measure physical phenomena.,"Perform complex calculations as part of the analysis and evaluation of data, using computers.",Design computer simulations to model physical data so that it can be better understood.,GPTs-are-GPTs human_labels on public_gpts_are_gpts_benchmark.csv,prayash-task-exposure-gpts-are-gpts-v1,Prayash common-occupation coverage — 800 occupations,923 occupations / 19265 tasks,true,true,Task-level benchmark category shares for product coverage. Not a probability that workers will lose jobs. Absence from this 800-row file does not mean the occupation is absent from the 923-occupation research model.
19-2021.00,Atmospheric and Space Scientists,27,5,9,13,0.185185,0.333333,0.481481,"Perform managerial duties, such as creating work schedules, creating or implementing staff training, matching staff expertise to situations, or analyzing performance of offices.","Formulate predictions by interpreting environmental data, such as meteorological, atmospheric, oceanic, paleoclimate, climate, or related information.","Broadcast weather conditions, forecasts, or severe weather warnings to the public via television, radio, or the Internet or provide this information to the news media.",GPTs-are-GPTs human_labels on public_gpts_are_gpts_benchmark.csv,prayash-task-exposure-gpts-are-gpts-v1,Prayash common-occupation coverage — 800 occupations,923 occupations / 19265 tasks,true,true,Task-level benchmark category shares for product coverage. Not a probability that workers will lose jobs. Absence from this 800-row file does not mean the occupation is absent from the 923-occupation research model.
19-2031.00,Chemists,13,6,4,3,0.461538,0.307692,0.230769,Conduct quality control tests.,"Write technical papers or reports or prepare standards and specifications for processes, facilities, products, or tests.","Analyze organic or inorganic compounds to determine chemical or physical properties, composition, structure, relationships, or reactions, using chromatography, spectroscopy, or spectrophotometry techniques.",GPTs-are-GPTs human_labels on public_gpts_are_gpts_benchmark.csv,prayash-task-exposure-gpts-are-gpts-v1,Prayash common-occupation coverage — 800 occupations,923 occupations / 19265 tasks,true,true,Task-level benchmark category shares for product coverage. Not a probability that workers will lose jobs. Absence from this 800-row file does not mean the occupation is absent from the 923-occupation research model.
19-2041.00,"Environmental Scientists and Specialists, Including Health",22,1,11,10,0.045455,0.500000,0.454545,"Supervise or train students, environmental technologists, technicians, or other related staff.","Provide scientific or technical guidance, support, coordination, or oversight to governmental agencies, environmental programs, industry, or the public.","Review and implement environmental technical standards, guidelines, policies, and formal regulations that meet all appropriate requirements.",GPTs-are-GPTs human_labels on public_gpts_are_gpts_benchmark.csv,prayash-task-exposure-gpts-are-gpts-v1,Prayash common-occupation coverage — 800 occupations,923 occupations / 19265 tasks,true,true,Task-level benchmark category shares for product coverage. Not a probability that workers will lose jobs. Absence from this 800-row file does not mean the occupation is absent from the 923-occupation research model.
19-2041.01,Climate Change Policy Analysts,14,1,8,5,0.071429,0.571429,0.357143,Promote initiatives to mitigate climate change with government or environmental groups.,"Prepare study reports, memoranda, briefs, testimonies, or other written materials to inform government or environmental groups on environmental issues, such as climate change.","Provide analytical support for policy briefs related to renewable energy, energy efficiency, or climate change.",GPTs-are-GPTs human_labels on public_gpts_are_gpts_benchmark.csv,prayash-task-exposure-gpts-are-gpts-v1,Prayash common-occupation coverage — 800 occupations,923 occupations / 19265 tasks,true,true,Task-level benchmark category shares for product coverage. Not a probability that workers will lose jobs. Absence from this 800-row file does not mean the occupation is absent from the 923-occupation research model.
19-2041.02,Environmental Restoration Planners,23,1,8,14,0.043478,0.347826,0.608696,"Supervise and provide technical guidance, training, or assistance to employees working in the field to restore habitats.","Provide technical direction on environmental planning to energy engineers, biologists, geologists, or other professionals working to develop restoration plans or strategies.",Develop environmental restoration project schedules and budgets.,GPTs-are-GPTs human_labels on public_gpts_are_gpts_benchmark.csv,prayash-task-exposure-gpts-are-gpts-v1,Prayash common-occupation coverage — 800 occupations,923 occupations / 19265 tasks,true,true,Task-level benchmark category shares for product coverage. Not a probability that workers will lose jobs. Absence from this 800-row file does not mean the occupation is absent from the 923-occupation research model.
19-2041.03,Industrial Ecologists,38,1,17,20,0.026316,0.447368,0.526316,"Review industrial practices, such as the methods and materials used in construction or production, to identify potential liabilities and environmental hazards.","Identify environmental impacts caused by products, systems, or projects.",Identify sustainable alternatives to industrial or waste-management practices.,GPTs-are-GPTs human_labels on public_gpts_are_gpts_benchmark.csv,prayash-task-exposure-gpts-are-gpts-v1,Prayash common-occupation coverage — 800 occupations,923 occupations / 19265 tasks,true,true,Task-level benchmark category shares for product coverage. Not a probability that workers will lose jobs. Absence from this 800-row file does not mean the occupation is absent from the 923-occupation research model.
19-2042.00,"Geoscientists, Except Hydrologists and Geographers",32,10,10,12,0.312500,0.312500,0.375000,"Plan or conduct geological, geochemical, or geophysical field studies or surveys, sample collection, or drilling and testing programs used to collect data for research or application.","Communicate geological findings by writing research papers, participating in conferences, or teaching geological science at universities.","Identify risks for natural disasters, such as mudslides, earthquakes, or volcanic eruptions.",GPTs-are-GPTs human_labels on public_gpts_are_gpts_benchmark.csv,prayash-task-exposure-gpts-are-gpts-v1,Prayash common-occupation coverage — 800 occupations,923 occupations / 19265 tasks,true,true,Task-level benchmark category shares for product coverage. Not a probability that workers will lose jobs. Absence from this 800-row file does not mean the occupation is absent from the 923-occupation research model.
19-2043.00,Hydrologists,25,6,7,12,0.240000,0.280000,0.480000,"Coordinate and supervise the work of professional and technical staff, including research assistants, technologists, and technicians.","Prepare written and oral reports describing research results, using illustrations, maps, appendices, and other information.","Measure and graph phenomena such as lake levels, stream flows, and changes in water volumes.",GPTs-are-GPTs human_labels on public_gpts_are_gpts_benchmark.csv,prayash-task-exposure-gpts-are-gpts-v1,Prayash common-occupation coverage — 800 occupations,923 occupations / 19265 tasks,true,true,Task-level benchmark category shares for product coverage. Not a probability that workers will lose jobs. Absence from this 800-row file does not mean the occupation is absent from the 923-occupation research model.
19-2099.01,Remote Sensing Scientists and Technologists,24,6,4,14,0.250000,0.166667,0.583333,Manage or analyze data obtained from remote sensing systems to obtain meaningful results.,"Design or implement strategies for collection, analysis, or display of geographic data.",Process aerial or satellite imagery to create products such as land cover maps.,GPTs-are-GPTs human_labels on public_gpts_are_gpts_benchmark.csv,prayash-task-exposure-gpts-are-gpts-v1,Prayash common-occupation coverage — 800 occupations,923 occupations / 19265 tasks,true,true,Task-level benchmark category shares for product coverage. Not a probability that workers will lose jobs. Absence from this 800-row file does not mean the occupation is absent from the 923-occupation research model.
19-3011.01,Environmental Economists,20,0,11,9,0.000000,0.550000,0.450000,,Write technical documents or academic articles to communicate study results or economic forecasts.,Collect and analyze data to compare the environmental implications of economic policy or practice alternatives.,GPTs-are-GPTs human_labels on public_gpts_are_gpts_benchmark.csv,prayash-task-exposure-gpts-are-gpts-v1,Prayash common-occupation coverage — 800 occupations,923 occupations / 19265 tasks,true,true,Task-level benchmark category shares for product coverage. Not a probability that workers will lose jobs. Absence from this 800-row file does not mean the occupation is absent from the 923-occupation research model.
19-3032.00,Industrial-Organizational Psychologists,25,4,8,13,0.160000,0.320000,0.520000,Provide expert testimony in employment lawsuits.,Conduct presentations on research findings for clients or at research meetings.,"Formulate and implement training programs, applying principles of learning and individual differences.",GPTs-are-GPTs human_labels on public_gpts_are_gpts_benchmark.csv,prayash-task-exposure-gpts-are-gpts-v1,Prayash common-occupation coverage — 800 occupations,923 occupations / 19265 tasks,true,true,Task-level benchmark category shares for product coverage. Not a probability that workers will lose jobs. Absence from this 800-row file does not mean the occupation is absent from the 923-occupation research model.
19-3033.00,Clinical and Counseling Psychologists,30,9,11,10,0.300000,0.366667,0.333333,"Interact with clients to assist them in gaining insight, defining goals, and planning action to achieve effective personal, social, educational, or vocational development and adjustment.",Write reports on clients and maintain required paperwork.,"Document patient information including session notes, progress notes, recommendations, and treatment plans.",GPTs-are-GPTs human_labels on public_gpts_are_gpts_benchmark.csv,prayash-task-exposure-gpts-are-gpts-v1,Prayash common-occupation coverage — 800 occupations,923 occupations / 19265 tasks,true,true,Task-level benchmark category shares for product coverage. Not a probability that workers will lose jobs. Absence from this 800-row file does not mean the occupation is absent from the 923-occupation research model.
19-3034.00,School Psychologists,19,3,6,10,0.157895,0.315789,0.526316,Counsel children and families to help solve conflicts and problems in learning and adjustment.,"Interpret test results and prepare psychological reports for teachers, administrators, and parents.","Compile and interpret students' test results, along with information from teachers and parents, to diagnose conditions and to help assess eligibility for special services.",GPTs-are-GPTs human_labels on public_gpts_are_gpts_benchmark.csv,prayash-task-exposure-gpts-are-gpts-v1,Prayash common-occupation coverage — 800 occupations,923 occupations / 19265 tasks,true,true,Task-level benchmark category shares for product coverage. Not a probability that workers will lose jobs. Absence from this 800-row file does not mean the occupation is absent from the 923-occupation research model.
19-3039.02,Neuropsychologists,14,9,3,2,0.642857,0.214286,0.142857,"Conduct neuropsychological evaluations such as assessments of intelligence, academic ability, attention, concentration, sensorimotor function, language, learning, and memory.",Design or implement rehabilitation plans for patients with cognitive dysfunction.,Conduct research on neuropsychological disorders.,GPTs-are-GPTs human_labels on public_gpts_are_gpts_benchmark.csv,prayash-task-exposure-gpts-are-gpts-v1,Prayash common-occupation coverage — 800 occupations,923 occupations / 19265 tasks,true,true,Task-level benchmark category shares for product coverage. Not a probability that workers will lose jobs. Absence from this 800-row file does not mean the occupation is absent from the 923-occupation research model.
19-3039.03,Clinical Neuropsychologists,18,12,4,2,0.666667,0.222222,0.111111,"Conduct neuropsychological evaluations such as assessments of intelligence, academic ability, attention, concentration, sensorimotor function, language, learning, and memory.",Design or implement rehabilitation plans for patients with cognitive dysfunction.,"Compare patients' progress before and after pharmacologic, surgical, or behavioral interventions.",GPTs-are-GPTs human_labels on public_gpts_are_gpts_benchmark.csv,prayash-task-exposure-gpts-are-gpts-v1,Prayash common-occupation coverage — 800 occupations,923 occupations / 19265 tasks,true,true,Task-level benchmark category shares for product coverage. Not a probability that workers will lose jobs. Absence from this 800-row file does not mean the occupation is absent from the 923-occupation research model.
19-3051.00,Urban and Regional Planners,25,3,7,15,0.120000,0.280000,0.600000,"Hold public meetings with government officials, social scientists, lawyers, developers, the public, or special interest groups to formulate, develop, or address issues regarding land use or community plans.","Create, prepare, or requisition graphic or narrative reports on land use data, including land area maps overlaid with geographic variables, such as population density.","Design, promote, or administer government plans or policies affecting land use, zoning, public utilities, community facilities, housing, or transportation.",GPTs-are-GPTs human_labels on public_gpts_are_gpts_benchmark.csv,prayash-task-exposure-gpts-are-gpts-v1,Prayash common-occupation coverage — 800 occupations,923 occupations / 19265 tasks,true,true,Task-level benchmark category shares for product coverage. Not a probability that workers will lose jobs. Absence from this 800-row file does not mean the occupation is absent from the 923-occupation research model.
19-3091.00,Anthropologists and Archeologists,30,8,9,13,0.266667,0.300000,0.433333,"Collect artifacts made of stone, bone, metal, and other materials, placing them in bags and marking them to show where they were found.","Collect information and make judgments through observation, interviews, and review of documents.","Research, survey, or assess sites of past societies and cultures in search of answers to specific research questions.",GPTs-are-GPTs human_labels on public_gpts_are_gpts_benchmark.csv,prayash-task-exposure-gpts-are-gpts-v1,Prayash common-occupation coverage — 800 occupations,923 occupations / 19265 tasks,true,true,Task-level benchmark category shares for product coverage. Not a probability that workers will lose jobs. Absence from this 800-row file does not mean the occupation is absent from the 923-occupation research model.
19-3093.00,Historians,21,7,7,7,0.333333,0.333333,0.333333,"Conserve and preserve manuscripts, records, and other artifacts.","Present historical accounts in terms of individuals or social, ethnic, political, economic, or geographic groupings.","Conduct historical research as a basis for the identification, conservation, and reconstruction of historic places and materials.",GPTs-are-GPTs human_labels on public_gpts_are_gpts_benchmark.csv,prayash-task-exposure-gpts-are-gpts-v1,Prayash common-occupation coverage — 800 occupations,923 occupations / 19265 tasks,true,true,Task-level benchmark category shares for product coverage. Not a probability that workers will lose jobs. Absence from this 800-row file does not mean the occupation is absent from the 923-occupation research model.
19-3099.01,Transportation Planners,22,1,8,13,0.045455,0.363636,0.590909,"Participate in public meetings or hearings to explain planning proposals, to gather feedback from those affected by projects, or to achieve consensus on project designs.","Recommend transportation system improvements or projects, based on economic, population, land-use, or traffic projections.","Interpret data from traffic modeling software, geographic information systems, or associated databases.",GPTs-are-GPTs human_labels on public_gpts_are_gpts_benchmark.csv,prayash-task-exposure-gpts-are-gpts-v1,Prayash common-occupation coverage — 800 occupations,923 occupations / 19265 tasks,true,true,Task-level benchmark category shares for product coverage. Not a probability that workers will lose jobs. Absence from this 800-row file does not mean the occupation is absent from the 923-occupation research model.
19-4012.00,Agricultural Technicians,26,21,2,3,0.807692,0.076923,0.115385,Measure or weigh ingredients used in laboratory testing.,"Prepare data summaries, reports, or analyses that include results, charts, or graphs to document research findings and results.","Record data pertaining to experimentation, research, or animal care.",GPTs-are-GPTs human_labels on public_gpts_are_gpts_benchmark.csv,prayash-task-exposure-gpts-are-gpts-v1,Prayash common-occupation coverage — 800 occupations,923 occupations / 19265 tasks,true,true,Task-level benchmark category shares for product coverage. Not a probability that workers will lose jobs. Absence from this 800-row file does not mean the occupation is absent from the 923-occupation research model.
19-4012.01,Precision Agriculture Technicians,22,5,5,12,0.227273,0.227273,0.545455,Analyze data from harvester monitors to develop yield maps.,"Program farm equipment, such as variable-rate planting equipment or pesticide sprayers, based on input from crop scouting and analysis of field condition variability.","Collect information about soil or field attributes, yield data, or field boundaries, using field data recorders and basic geographic information systems (GIS).",GPTs-are-GPTs human_labels on public_gpts_are_gpts_benchmark.csv,prayash-task-exposure-gpts-are-gpts-v1,Prayash common-occupation coverage — 800 occupations,923 occupations / 19265 tasks,true,true,Task-level benchmark category shares for product coverage. Not a probability that workers will lose jobs. Absence from this 800-row file does not mean the occupation is absent from the 923-occupation research model.
19-4013.00,Food Science Technicians,16,9,2,5,0.562500,0.125000,0.312500,"Conduct standardized tests on food, beverages, additives, or preservatives to ensure compliance with standards and regulations regarding factors such as color, texture, or nutrients.","Provide assistance to food scientists or technologists in research and development, production technology, or quality control.","Record or compile test results or prepare graphs, charts, or reports.",GPTs-are-GPTs human_labels on public_gpts_are_gpts_benchmark.csv,prayash-task-exposure-gpts-are-gpts-v1,Prayash common-occupation coverage — 800 occupations,923 occupations / 19265 tasks,true,true,Task-level benchmark category shares for product coverage. Not a probability that workers will lose jobs. Absence from this 800-row file does not mean the occupation is absent from the 923-occupation research model.
19-4021.00,Biological Technicians,18,10,1,7,0.555556,0.055556,0.388889,"Conduct research, or assist in the conduct of research, including the collection of information and samples, such as blood, water, soil, plants and animals.","Use computers, computer-interfaced equipment, robotics or high-technology industrial applications to perform work duties.",Analyze experimental data and interpret results to write reports and summaries of findings.,GPTs-are-GPTs human_labels on public_gpts_are_gpts_benchmark.csv,prayash-task-exposure-gpts-are-gpts-v1,Prayash common-occupation coverage — 800 occupations,923 occupations / 19265 tasks,true,true,Task-level benchmark category shares for product coverage. Not a probability that workers will lose jobs. Absence from this 800-row file does not mean the occupation is absent from the 923-occupation research model.
19-4031.00,Chemical Technicians,16,8,4,4,0.500000,0.250000,0.250000,"Conduct chemical or physical laboratory tests to assist scientists in making qualitative or quantitative analyses of solids, liquids, or gaseous materials.","Prepare chemical solutions for products or processes, following standardized formulas, or create experimental formulas.",Monitor product quality to ensure compliance with standards and specifications.,GPTs-are-GPTs human_labels on public_gpts_are_gpts_benchmark.csv,prayash-task-exposure-gpts-are-gpts-v1,Prayash common-occupation coverage — 800 occupations,923 occupations / 19265 tasks,true,true,Task-level benchmark category shares for product coverage. Not a probability that workers will lose jobs. Absence from this 800-row file does not mean the occupation is absent from the 923-occupation research model.
19-4042.00,"Environmental Science and Protection Technicians, Including Health",26,11,7,8,0.423077,0.269231,0.307692,"Investigate hazardous conditions or spills or outbreaks of disease or food poisoning, collecting samples for analysis.","Record test data and prepare reports, summaries, or charts that interpret test results.",Discuss test results and analyses with customers.,GPTs-are-GPTs human_labels on public_gpts_are_gpts_benchmark.csv,prayash-task-exposure-gpts-are-gpts-v1,Prayash common-occupation coverage — 800 occupations,923 occupations / 19265 tasks,true,true,Task-level benchmark category shares for product coverage. Not a probability that workers will lose jobs. Absence from this 800-row file does not mean the occupation is absent from the 923-occupation research model.
19-4043.00,"Geological Technicians, Except Hydrologic Technicians",30,14,3,13,0.466667,0.100000,0.433333,"Test and analyze samples to determine their content and characteristics, using laboratory apparatus or testing equipment.",Assess the environmental impacts of development projects on subsurface materials.,"Compile, log, or record testing or operational data for review and further analysis.",GPTs-are-GPTs human_labels on public_gpts_are_gpts_benchmark.csv,prayash-task-exposure-gpts-are-gpts-v1,Prayash common-occupation coverage — 800 occupations,923 occupations / 19265 tasks,true,true,Task-level benchmark category shares for product coverage. Not a probability that workers will lose jobs. Absence from this 800-row file does not mean the occupation is absent from the 923-occupation research model.
19-4051.00,Nuclear Technicians,21,12,2,7,0.571429,0.095238,0.333333,Conduct surveillance testing to determine safety of nuclear equipment.,"Identify and implement appropriate decontamination procedures, based on equipment and the size, nature, and type of contamination.",Follow nuclear equipment operational policies and procedures that ensure environmental safety.,GPTs-are-GPTs human_labels on public_gpts_are_gpts_benchmark.csv,prayash-task-exposure-gpts-are-gpts-v1,Prayash common-occupation coverage — 800 occupations,923 occupations / 19265 tasks,true,true,Task-level benchmark category shares for product coverage. Not a probability that workers will lose jobs. Absence from this 800-row file does not mean the occupation is absent from the 923-occupation research model.
19-4061.00,Social Science Research Assistants,23,5,8,10,0.217391,0.347826,0.434783,"Administer standardized tests to research subjects, or interview them to collect research data.","Provide assistance with the preparation of project-related reports, manuscripts, and presentations.",Design and create special programs for tasks such as statistical analysis and data entry and cleaning.,GPTs-are-GPTs human_labels on public_gpts_are_gpts_benchmark.csv,prayash-task-exposure-gpts-are-gpts-v1,Prayash common-occupation coverage — 800 occupations,923 occupations / 19265 tasks,true,true,Task-level benchmark category shares for product coverage. Not a probability that workers will lose jobs. Absence from this 800-row file does not mean the occupation is absent from the 923-occupation research model.
19-4071.00,Forest and Conservation Technicians,21,9,3,9,0.428571,0.142857,0.428571,"Thin and space trees and control weeds and undergrowth, using manual tools and chemicals, or supervise workers performing these tasks.","Issue fire permits, timber permits, and other forest use licenses.","Provide information about, and enforce, regulations, such as those concerning environmental protection, resource utilization, fire safety, and accident prevention.",GPTs-are-GPTs human_labels on public_gpts_are_gpts_benchmark.csv,prayash-task-exposure-gpts-are-gpts-v1,Prayash common-occupation coverage — 800 occupations,923 occupations / 19265 tasks,true,true,Task-level benchmark category shares for product coverage. Not a probability that workers will lose jobs. Absence from this 800-row file does not mean the occupation is absent from the 923-occupation research model.
19-4092.00,Forensic Science Technicians,21,14,1,6,0.666667,0.047619,0.285714,"Collect evidence from crime scenes, storing it in conditions that preserve its integrity.","Keep records and prepare reports detailing findings, investigative methods, and laboratory techniques.",Use photographic or video equipment to document evidence or crime scenes.,GPTs-are-GPTs human_labels on public_gpts_are_gpts_benchmark.csv,prayash-task-exposure-gpts-are-gpts-v1,Prayash common-occupation coverage — 800 occupations,923 occupations / 19265 tasks,true,true,Task-level benchmark category shares for product coverage. Not a probability that workers will lose jobs. Absence from this 800-row file does not mean the occupation is absent from the 923-occupation research model.
19-4099.01,Quality Control Analysts,26,7,7,12,0.269231,0.269231,0.461538,"Conduct routine and non-routine analyses of in-process materials, raw materials, environmental samples, finished goods, or stability samples.",Compile laboratory test data and perform appropriate analyses.,"Interpret test results, compare them to established specifications and control limits, and make recommendations on appropriateness of data for release.",GPTs-are-GPTs human_labels on public_gpts_are_gpts_benchmark.csv,prayash-task-exposure-gpts-are-gpts-v1,Prayash common-occupation coverage — 800 occupations,923 occupations / 19265 tasks,true,true,Task-level benchmark category shares for product coverage. Not a probability that workers will lose jobs. Absence from this 800-row file does not mean the occupation is absent from the 923-occupation research model.
19-4099.03,Remote Sensing Technicians,22,4,3,15,0.181818,0.136364,0.681818,"Manipulate raw data to enhance interpretation, either on the ground or during remote sensing flights.","Prepare documentation or presentations, including charts, photos, or graphs.","Collect geospatial data, using technologies such as aerial photography, light and radio wave detection systems, digital satellites, or thermal energy systems.",GPTs-are-GPTs human_labels on public_gpts_are_gpts_benchmark.csv,prayash-task-exposure-gpts-are-gpts-v1,Prayash common-occupation coverage — 800 occupations,923 occupations / 19265 tasks,true,true,Task-level benchmark category shares for product coverage. Not a probability that workers will lose jobs. Absence from this 800-row file does not mean the occupation is absent from the 923-occupation research model.
19-5011.00,Occupational Health and Safety Specialists,21,12,6,3,0.571429,0.285714,0.142857,Investigate accidents to identify causes or to determine how such accidents might be prevented in the future.,"Recommend measures to help protect workers from potentially hazardous work methods, processes, or materials.","Analyze incident data to identify trends in injuries, illnesses, accidents, or other hazards.",GPTs-are-GPTs human_labels on public_gpts_are_gpts_benchmark.csv,prayash-task-exposure-gpts-are-gpts-v1,Prayash common-occupation coverage — 800 occupations,923 occupations / 19265 tasks,true,true,Task-level benchmark category shares for product coverage. Not a probability that workers will lose jobs. Absence from this 800-row file does not mean the occupation is absent from the 923-occupation research model.
19-5012.00,Occupational Health and Safety Technicians,26,11,6,9,0.423077,0.230769,0.346154,"Test workplaces for environmental hazards, such as exposure to radiation, chemical or biological hazards, or excessive noise.",Maintain all required environmental records and documentation.,"Prepare or review specifications or orders for the purchase of safety equipment, ensuring that proper features are present and that items conform to health and safety standards.",GPTs-are-GPTs human_labels on public_gpts_are_gpts_benchmark.csv,prayash-task-exposure-gpts-are-gpts-v1,Prayash common-occupation coverage — 800 occupations,923 occupations / 19265 tasks,true,true,Task-level benchmark category shares for product coverage. Not a probability that workers will lose jobs. Absence from this 800-row file does not mean the occupation is absent from the 923-occupation research model.
21-1011.00,Substance Abuse and Behavioral Disorder Counselors,23,14,4,5,0.608696,0.173913,0.217391,"Counsel clients or patients, individually or in group sessions, to assist in overcoming dependencies, adjusting to life, or making changes.",Conduct chemical dependency program orientation sessions.,"Complete and maintain accurate records or reports regarding the patients' histories and progress, services provided, or other required information.",GPTs-are-GPTs human_labels on public_gpts_are_gpts_benchmark.csv,prayash-task-exposure-gpts-are-gpts-v1,Prayash common-occupation coverage — 800 occupations,923 occupations / 19265 tasks,true,true,Task-level benchmark category shares for product coverage. Not a probability that workers will lose jobs. Absence from this 800-row file does not mean the occupation is absent from the 923-occupation research model.
21-1012.00,"Educational, Guidance, and Career Counselors and Advisors",34,19,10,5,0.558824,0.294118,0.147059,Provide crisis intervention to students when difficult situations occur at schools.,"Counsel students regarding educational issues, such as course and program selection, class scheduling and registration, school adjustment, truancy, study habits, and career planning.","Counsel individuals to help them understand and overcome personal, social, or behavioral problems affecting their educational or vocational situations.",GPTs-are-GPTs human_labels on public_gpts_are_gpts_benchmark.csv,prayash-task-exposure-gpts-are-gpts-v1,Prayash common-occupation coverage — 800 occupations,923 occupations / 19265 tasks,true,true,Task-level benchmark category shares for product coverage. Not a probability that workers will lose jobs. Absence from this 800-row file does not mean the occupation is absent from the 923-occupation research model.
21-1013.00,Marriage and Family Therapists,16,10,3,3,0.625000,0.187500,0.187500,Encourage individuals and family members to develop and use skills and strategies for confronting their problems in a constructive manner.,Ask questions that will help clients identify their feelings and behaviors.,"Maintain case files that include activities, progress notes, evaluations, and recommendations.",GPTs-are-GPTs human_labels on public_gpts_are_gpts_benchmark.csv,prayash-task-exposure-gpts-are-gpts-v1,Prayash common-occupation coverage — 800 occupations,923 occupations / 19265 tasks,true,true,Task-level benchmark category shares for product coverage. Not a probability that workers will lose jobs. Absence from this 800-row file does not mean the occupation is absent from the 923-occupation research model.
21-1014.00,Mental Health Counselors,27,16,3,8,0.592593,0.111111,0.296296,"Encourage clients to express their feelings and discuss what is happening in their lives, helping them to develop insight into themselves or their relationships.",Prepare and maintain all required treatment records and reports.,Maintain confidentiality of records relating to clients' treatment.,GPTs-are-GPTs human_labels on public_gpts_are_gpts_benchmark.csv,prayash-task-exposure-gpts-are-gpts-v1,Prayash common-occupation coverage — 800 occupations,923 occupations / 19265 tasks,true,true,Task-level benchmark category shares for product coverage. Not a probability that workers will lose jobs. Absence from this 800-row file does not mean the occupation is absent from the 923-occupation research model.
21-1015.00,Rehabilitation Counselors,17,6,4,7,0.352941,0.235294,0.411765,"Collaborate with clients' families to implement rehabilitation plans, such as behavioral, residential, social, or employment goals.","Participate in job development and placement programs, contacting prospective employers, placing clients in jobs, and evaluating the success of placements.","Prepare and maintain records and case files, including documentation, such as clients' personal and eligibility information, services provided, narratives of client contacts, or relevant correspondence.",GPTs-are-GPTs human_labels on public_gpts_are_gpts_benchmark.csv,prayash-task-exposure-gpts-are-gpts-v1,Prayash common-occupation coverage — 800 occupations,923 occupations / 19265 tasks,true,true,Task-level benchmark category shares for product coverage. Not a probability that workers will lose jobs. Absence from this 800-row file does not mean the occupation is absent from the 923-occupation research model.
21-1021.00,"Child, Family, and School Social Workers",23,14,4,5,0.608696,0.173913,0.217391,"Interview clients individually, in families, or in groups, assessing their situations, capabilities, and problems to determine what services are required to meet their needs.","Arrange for medical, psychiatric, and other tests that may disclose causes of difficulties and indicate remedial measures.",Maintain case history records and prepare reports.,GPTs-are-GPTs human_labels on public_gpts_are_gpts_benchmark.csv,prayash-task-exposure-gpts-are-gpts-v1,Prayash common-occupation coverage — 800 occupations,923 occupations / 19265 tasks,true,true,Task-level benchmark category shares for product coverage. Not a probability that workers will lose jobs. Absence from this 800-row file does not mean the occupation is absent from the 923-occupation research model.
21-1022.00,Healthcare Social Workers,17,6,3,8,0.352941,0.176471,0.470588,Advocate for clients or patients to resolve crises.,Collaborate with other professionals to evaluate patients' medical or physical condition and to assess client needs.,Educate clients about end-of-life symptoms and options to assist them in making informed decisions.,GPTs-are-GPTs human_labels on public_gpts_are_gpts_benchmark.csv,prayash-task-exposure-gpts-are-gpts-v1,Prayash common-occupation coverage — 800 occupations,923 occupations / 19265 tasks,true,true,Task-level benchmark category shares for product coverage. Not a probability that workers will lose jobs. Absence from this 800-row file does not mean the occupation is absent from the 923-occupation research model.
21-1023.00,Mental Health and Substance Abuse Social Workers,13,6,2,5,0.461538,0.153846,0.384615,"Counsel clients in individual or group sessions to assist them in dealing with substance abuse, mental or physical illness, poverty, unemployment, or physical abuse.","Educate clients or community members about mental or physical illness, abuse, medication, or available community resources.","Monitor, evaluate, and record client progress with respect to treatment goals.",GPTs-are-GPTs human_labels on public_gpts_are_gpts_benchmark.csv,prayash-task-exposure-gpts-are-gpts-v1,Prayash common-occupation coverage — 800 occupations,923 occupations / 19265 tasks,true,true,Task-level benchmark category shares for product coverage. Not a probability that workers will lose jobs. Absence from this 800-row file does not mean the occupation is absent from the 923-occupation research model.
21-1091.00,Health Education Specialists,16,4,4,8,0.250000,0.250000,0.500000,Develop and maintain cooperative working relationships with agencies and organizations interested in public health care.,"Prepare and distribute health education materials, such as reports, bulletins, and visual aids, to address smoking, vaccines, and other public health concerns.","Maintain databases, mailing lists, telephone networks, and other information to facilitate the functioning of health education programs.",GPTs-are-GPTs human_labels on public_gpts_are_gpts_benchmark.csv,prayash-task-exposure-gpts-are-gpts-v1,Prayash common-occupation coverage — 800 occupations,923 occupations / 19265 tasks,true,true,Task-level benchmark category shares for product coverage. Not a probability that workers will lose jobs. Absence from this 800-row file does not mean the occupation is absent from the 923-occupation research model.
21-1092.00,Probation Officers and Correctional Treatment Specialists,21,8,6,7,0.380952,0.285714,0.333333,"Gather information about offenders' backgrounds by talking to offenders, their families and friends, and other people who have relevant information.","Arrange for medical, mental health, or substance abuse treatment services according to individual needs or court orders.",Prepare and maintain case folder for each assigned inmate or offender.,GPTs-are-GPTs human_labels on public_gpts_are_gpts_benchmark.csv,prayash-task-exposure-gpts-are-gpts-v1,Prayash common-occupation coverage — 800 occupations,923 occupations / 19265 tasks,true,true,Task-level benchmark category shares for product coverage. Not a probability that workers will lose jobs. Absence from this 800-row file does not mean the occupation is absent from the 923-occupation research model.
21-1093.00,Social and Human Service Assistants,20,11,6,3,0.550000,0.300000,0.150000,Assess clients' cognitive abilities and physical and emotional needs to determine appropriate interventions.,Submit reports and review reports or problems with superior.,Develop and implement behavioral management and care plans for clients.,GPTs-are-GPTs human_labels on public_gpts_are_gpts_benchmark.csv,prayash-task-exposure-gpts-are-gpts-v1,Prayash common-occupation coverage — 800 occupations,923 occupations / 19265 tasks,true,true,Task-level benchmark category shares for product coverage. Not a probability that workers will lose jobs. Absence from this 800-row file does not mean the occupation is absent from the 923-occupation research model.
21-1094.00,Community Health Workers,29,17,8,4,0.586207,0.275862,0.137931,"Identify or contact members of high-risk or otherwise targeted groups, such as members of minority populations, low-income populations, or pregnant women.","Advise clients or community groups on issues related to improving general health, such as diet or exercise.","Maintain updated client records with plans, notes, appropriate forms, or related information.",GPTs-are-GPTs human_labels on public_gpts_are_gpts_benchmark.csv,prayash-task-exposure-gpts-are-gpts-v1,Prayash common-occupation coverage — 800 occupations,923 occupations / 19265 tasks,true,true,Task-level benchmark category shares for product coverage. Not a probability that workers will lose jobs. Absence from this 800-row file does not mean the occupation is absent from the 923-occupation research model.
21-2011.00,Clergy,21,15,4,2,0.714286,0.190476,0.095238,Pray and promote spirituality.,Instruct people who seek conversion to a particular faith.,Collaborate with committees or individuals to address financial or administrative issues pertaining to congregations.,GPTs-are-GPTs human_labels on public_gpts_are_gpts_benchmark.csv,prayash-task-exposure-gpts-are-gpts-v1,Prayash common-occupation coverage — 800 occupations,923 occupations / 19265 tasks,true,true,Task-level benchmark category shares for product coverage. Not a probability that workers will lose jobs. Absence from this 800-row file does not mean the occupation is absent from the 923-occupation research model.
21-2021.00,"Directors, Religious Activities and Education",19,8,6,5,0.421053,0.315789,0.263158,Identify and recruit potential volunteer workers.,"Implement program plans by ordering needed materials, scheduling speakers, reserving space, or handling other administrative details.","Publicize programs through sources, such as newsletters, bulletins, or mailings.",GPTs-are-GPTs human_labels on public_gpts_are_gpts_benchmark.csv,prayash-task-exposure-gpts-are-gpts-v1,Prayash common-occupation coverage — 800 occupations,923 occupations / 19265 tasks,true,true,Task-level benchmark category shares for product coverage. Not a probability that workers will lose jobs. Absence from this 800-row file does not mean the occupation is absent from the 923-occupation research model.
23-1011.00,Lawyers,22,4,3,15,0.181818,0.136364,0.681818,"Select jurors, argue motions, meet with judges, and question witnesses during the course of a trial.","Analyze the probable outcomes of cases, using knowledge of legal precedents.","Advise clients concerning business transactions, claim liability, advisability of prosecuting or defending lawsuits, or legal rights and obligations.",GPTs-are-GPTs human_labels on public_gpts_are_gpts_benchmark.csv,prayash-task-exposure-gpts-are-gpts-v1,Prayash common-occupation coverage — 800 occupations,923 occupations / 19265 tasks,true,true,Task-level benchmark category shares for product coverage. Not a probability that workers will lose jobs. Absence from this 800-row file does not mean the occupation is absent from the 923-occupation research model.
23-1012.00,Judicial Law Clerks,19,3,0,16,0.157895,0.000000,0.842105,Participate in conferences or discussions between trial attorneys and judges.,,"Prepare briefs, legal memoranda, or statements of issues involved in cases, including appropriate suggestions or recommendations.",GPTs-are-GPTs human_labels on public_gpts_are_gpts_benchmark.csv,prayash-task-exposure-gpts-are-gpts-v1,Prayash common-occupation coverage — 800 occupations,923 occupations / 19265 tasks,true,true,Task-level benchmark category shares for product coverage. Not a probability that workers will lose jobs. Absence from this 800-row file does not mean the occupation is absent from the 923-occupation research model.
23-1021.00,"Administrative Law Judges, Adjudicators, and Hearing Officers",14,5,1,8,0.357143,0.071429,0.571429,"Determine existence and amount of liability according to current laws, administrative and judicial precedents, and available evidence.",Prepare written opinions and decisions.,Authorize payment of valid claims and determine method of payment.,GPTs-are-GPTs human_labels on public_gpts_are_gpts_benchmark.csv,prayash-task-exposure-gpts-are-gpts-v1,Prayash common-occupation coverage — 800 occupations,923 occupations / 19265 tasks,true,true,Task-level benchmark category shares for product coverage. Not a probability that workers will lose jobs. Absence from this 800-row file does not mean the occupation is absent from the 923-occupation research model.
23-1022.00,"Arbitrators, Mediators, and Conciliators",20,7,2,11,0.350000,0.100000,0.550000,"Apply relevant laws, regulations, policies, or precedents to reach conclusions.",Prepare written opinions or decisions regarding cases.,"Confer with disputants to clarify issues, identify underlying concerns, and develop an understanding of their respective needs and interests.",GPTs-are-GPTs human_labels on public_gpts_are_gpts_benchmark.csv,prayash-task-exposure-gpts-are-gpts-v1,Prayash common-occupation coverage — 800 occupations,923 occupations / 19265 tasks,true,true,Task-level benchmark category shares for product coverage. Not a probability that workers will lose jobs. Absence from this 800-row file does not mean the occupation is absent from the 923-occupation research model.
23-1023.00,"Judges, Magistrate Judges, and Magistrates",21,12,1,8,0.571429,0.047619,0.380952,"Sentence defendants in criminal cases, on conviction by jury, according to applicable government statutes.",Write decisions on cases.,Read documents on pleadings and motions to ascertain facts and issues.,GPTs-are-GPTs human_labels on public_gpts_are_gpts_benchmark.csv,prayash-task-exposure-gpts-are-gpts-v1,Prayash common-occupation coverage — 800 occupations,923 occupations / 19265 tasks,true,true,Task-level benchmark category shares for product coverage. Not a probability that workers will lose jobs. Absence from this 800-row file does not mean the occupation is absent from the 923-occupation research model.
23-2011.00,Paralegals and Legal Assistants,12,2,1,9,0.166667,0.083333,0.750000,Meet with clients and other professionals to discuss details of case.,"Arbitrate disputes between parties and assist in the real estate closing process, such as by reviewing title searches.","Prepare affidavits or other documents, such as legal correspondence, and organize and maintain documents in paper or electronic filing system.",GPTs-are-GPTs human_labels on public_gpts_are_gpts_benchmark.csv,prayash-task-exposure-gpts-are-gpts-v1,Prayash common-occupation coverage — 800 occupations,923 occupations / 19265 tasks,true,true,Task-level benchmark category shares for product coverage. Not a probability that workers will lose jobs. Absence from this 800-row file does not mean the occupation is absent from the 923-occupation research model.
23-2093.00,"Title Examiners, Abstractors, and Searchers",17,3,4,10,0.176471,0.235294,0.588235,"Confer with realtors, lending institution personnel, buyers, sellers, contractors, surveyors, and courthouse personnel to exchange title-related information or to resolve problems.","Examine individual titles to determine if restrictions, such as delinquent taxes, will affect titles and limit property use.","Examine documentation such as mortgages, liens, judgments, easements, plat books, maps, contracts, and agreements to verify factors such as properties' legal descriptions, ownership, or restrictions.",GPTs-are-GPTs human_labels on public_gpts_are_gpts_benchmark.csv,prayash-task-exposure-gpts-are-gpts-v1,Prayash common-occupation coverage — 800 occupations,923 occupations / 19265 tasks,true,true,Task-level benchmark category shares for product coverage. Not a probability that workers will lose jobs. Absence from this 800-row file does not mean the occupation is absent from the 923-occupation research model.
25-1011.00,"Business Teachers, Postsecondary",25,9,5,11,0.360000,0.200000,0.440000,"Prepare and deliver lectures to undergraduate or graduate students on topics such as financial accounting, principles of marketing, and operations management.","Prepare course materials, such as syllabi, homework assignments, and handouts.","Evaluate and grade students' class work, assignments, and papers.",GPTs-are-GPTs human_labels on public_gpts_are_gpts_benchmark.csv,prayash-task-exposure-gpts-are-gpts-v1,Prayash common-occupation coverage — 800 occupations,923 occupations / 19265 tasks,true,true,Task-level benchmark category shares for product coverage. Not a probability that workers will lose jobs. Absence from this 800-row file does not mean the occupation is absent from the 923-occupation research model.
25-1021.00,"Computer Science Teachers, Postsecondary",26,11,5,10,0.423077,0.192308,0.384615,"Prepare and deliver lectures to undergraduate or graduate students on topics such as programming, data structures, and software design.","Prepare course materials, such as syllabi, homework assignments, and handouts.","Compile, administer, and grade examinations or assign this work to others.",GPTs-are-GPTs human_labels on public_gpts_are_gpts_benchmark.csv,prayash-task-exposure-gpts-are-gpts-v1,Prayash common-occupation coverage — 800 occupations,923 occupations / 19265 tasks,true,true,Task-level benchmark category shares for product coverage. Not a probability that workers will lose jobs. Absence from this 800-row file does not mean the occupation is absent from the 923-occupation research model.
25-1022.00,"Mathematical Science Teachers, Postsecondary",24,8,6,10,0.333333,0.250000,0.416667,"Prepare and deliver lectures to undergraduate or graduate students on topics such as linear algebra, differential equations, and discrete mathematics.","Prepare course materials, such as syllabi, homework assignments, and handouts.","Compile, administer, and grade examinations, or assign this work to others.",GPTs-are-GPTs human_labels on public_gpts_are_gpts_benchmark.csv,prayash-task-exposure-gpts-are-gpts-v1,Prayash common-occupation coverage — 800 occupations,923 occupations / 19265 tasks,true,true,Task-level benchmark category shares for product coverage. Not a probability that workers will lose jobs. Absence from this 800-row file does not mean the occupation is absent from the 923-occupation research model.
25-1031.00,"Architecture Teachers, Postsecondary",22,8,5,9,0.363636,0.227273,0.409091,"Prepare and deliver lectures to undergraduate or graduate students on topics such as architectural design methods, aesthetics and design, and structures and materials.","Prepare course materials, such as syllabi, homework assignments, and handouts.","Plan, evaluate, and revise curricula, course content, and course materials and methods of instruction.",GPTs-are-GPTs human_labels on public_gpts_are_gpts_benchmark.csv,prayash-task-exposure-gpts-are-gpts-v1,Prayash common-occupation coverage — 800 occupations,923 occupations / 19265 tasks,true,true,Task-level benchmark category shares for product coverage. Not a probability that workers will lose jobs. Absence from this 800-row file does not mean the occupation is absent from the 923-occupation research model.
25-1032.00,"Engineering Teachers, Postsecondary",24,9,6,9,0.375000,0.250000,0.375000,"Supervise undergraduate or graduate teaching, internship, and research work.","Conduct research in a particular field of knowledge and publish findings in professional journals, books, or electronic media.","Evaluate and grade students' class work, laboratory work, assignments, and papers.",GPTs-are-GPTs human_labels on public_gpts_are_gpts_benchmark.csv,prayash-task-exposure-gpts-are-gpts-v1,Prayash common-occupation coverage — 800 occupations,923 occupations / 19265 tasks,true,true,Task-level benchmark category shares for product coverage. Not a probability that workers will lose jobs. Absence from this 800-row file does not mean the occupation is absent from the 923-occupation research model.
25-1041.00,"Agricultural Sciences Teachers, Postsecondary",23,6,10,7,0.260870,0.434783,0.304348,"Keep abreast of developments in the field by reading current literature, talking with colleagues, and participating in professional conferences.",Advise students on academic and vocational curricula and on career issues.,"Prepare and deliver lectures to undergraduate or graduate students on topics such as crop production, plant genetics, and soil chemistry.",GPTs-are-GPTs human_labels on public_gpts_are_gpts_benchmark.csv,prayash-task-exposure-gpts-are-gpts-v1,Prayash common-occupation coverage — 800 occupations,923 occupations / 19265 tasks,true,true,Task-level benchmark category shares for product coverage. Not a probability that workers will lose jobs. Absence from this 800-row file does not mean the occupation is absent from the 923-occupation research model.
25-1042.00,"Biological Science Teachers, Postsecondary",27,11,6,10,0.407407,0.222222,0.370370,"Prepare and deliver lectures to undergraduate or graduate students on topics such as molecular biology, marine biology, and botany.","Prepare materials for laboratory activities and course materials, such as syllabi, homework assignments, and handouts.","Evaluate and grade students' class work, laboratory work, assignments, and papers.",GPTs-are-GPTs human_labels on public_gpts_are_gpts_benchmark.csv,prayash-task-exposure-gpts-are-gpts-v1,Prayash common-occupation coverage — 800 occupations,923 occupations / 19265 tasks,true,true,Task-level benchmark category shares for product coverage. Not a probability that workers will lose jobs. Absence from this 800-row file does not mean the occupation is absent from the 923-occupation research model.
25-1043.00,"Forestry and Conservation Science Teachers, Postsecondary",25,9,6,10,0.360000,0.240000,0.400000,"Prepare and deliver lectures to undergraduate or graduate students on topics, such as forest resource policy, forest pathology, and mapping.","Prepare course materials, such as syllabi, homework assignments, and handouts.","Evaluate and grade students' class work, assignments, and papers.",GPTs-are-GPTs human_labels on public_gpts_are_gpts_benchmark.csv,prayash-task-exposure-gpts-are-gpts-v1,Prayash common-occupation coverage — 800 occupations,923 occupations / 19265 tasks,true,true,Task-level benchmark category shares for product coverage. Not a probability that workers will lose jobs. Absence from this 800-row file does not mean the occupation is absent from the 923-occupation research model.
25-1051.00,"Atmospheric, Earth, Marine, and Space Sciences Teachers, Postsecondary",26,9,5,12,0.346154,0.192308,0.461538,"Prepare and deliver lectures to undergraduate or graduate students on topics such as structural geology, micrometeorology, and atmospheric thermodynamics.","Prepare course materials, such as syllabi, homework assignments, and handouts.","Maintain student attendance records, grades, and other required records.",GPTs-are-GPTs human_labels on public_gpts_are_gpts_benchmark.csv,prayash-task-exposure-gpts-are-gpts-v1,Prayash common-occupation coverage — 800 occupations,923 occupations / 19265 tasks,true,true,Task-level benchmark category shares for product coverage. Not a probability that workers will lose jobs. Absence from this 800-row file does not mean the occupation is absent from the 923-occupation research model.
25-1052.00,"Chemistry Teachers, Postsecondary",28,12,7,9,0.428571,0.250000,0.321429,"Prepare and deliver lectures to undergraduate or graduate students on topics such as organic chemistry, analytical chemistry, and chemical separation.","Prepare course materials, such as syllabi, homework assignments, and handouts.","Evaluate and grade students' class work, laboratory performance, assignments, and papers.",GPTs-are-GPTs human_labels on public_gpts_are_gpts_benchmark.csv,prayash-task-exposure-gpts-are-gpts-v1,Prayash common-occupation coverage — 800 occupations,923 occupations / 19265 tasks,true,true,Task-level benchmark category shares for product coverage. Not a probability that workers will lose jobs. Absence from this 800-row file does not mean the occupation is absent from the 923-occupation research model.
25-1053.00,"Environmental Science Teachers, Postsecondary",25,9,5,11,0.360000,0.200000,0.440000,Supervise students' laboratory and field work.,"Prepare course materials, such as syllabi, homework assignments, and handouts.","Evaluate and grade students' class work, laboratory work, assignments, and papers.",GPTs-are-GPTs human_labels on public_gpts_are_gpts_benchmark.csv,prayash-task-exposure-gpts-are-gpts-v1,Prayash common-occupation coverage — 800 occupations,923 occupations / 19265 tasks,true,true,Task-level benchmark category shares for product coverage. Not a probability that workers will lose jobs. Absence from this 800-row file does not mean the occupation is absent from the 923-occupation research model.
25-1054.00,"Physics Teachers, Postsecondary",24,10,5,9,0.416667,0.208333,0.375000,"Prepare and deliver lectures to undergraduate or graduate students on topics such as quantum mechanics, particle physics, and optics.","Prepare course materials, such as syllabi, homework assignments, and handouts.","Evaluate and grade students' class work, laboratory work, assignments, and papers.",GPTs-are-GPTs human_labels on public_gpts_are_gpts_benchmark.csv,prayash-task-exposure-gpts-are-gpts-v1,Prayash common-occupation coverage — 800 occupations,923 occupations / 19265 tasks,true,true,Task-level benchmark category shares for product coverage. Not a probability that workers will lose jobs. Absence from this 800-row file does not mean the occupation is absent from the 923-occupation research model.
25-1061.00,"Anthropology and Archeology Teachers, Postsecondary",26,10,5,11,0.384615,0.192308,0.423077,"Keep abreast of developments in the field by reading current literature, talking with colleagues, and participating in professional conferences.","Conduct research in a particular field of knowledge and present findings in professional journals, books, electronic media, or at professional conferences.","Evaluate and grade students' class work, assignments, and papers.",GPTs-are-GPTs human_labels on public_gpts_are_gpts_benchmark.csv,prayash-task-exposure-gpts-are-gpts-v1,Prayash common-occupation coverage — 800 occupations,923 occupations / 19265 tasks,true,true,Task-level benchmark category shares for product coverage. Not a probability that workers will lose jobs. Absence from this 800-row file does not mean the occupation is absent from the 923-occupation research model.
25-1062.00,"Area, Ethnic, and Cultural Studies Teachers, Postsecondary",23,8,6,9,0.347826,0.260870,0.391304,"Initiate, facilitate, and moderate classroom discussions.","Prepare course materials, such as syllabi, homework assignments, and handouts.","Evaluate and grade students' class work, assignments, and papers.",GPTs-are-GPTs human_labels on public_gpts_are_gpts_benchmark.csv,prayash-task-exposure-gpts-are-gpts-v1,Prayash common-occupation coverage — 800 occupations,923 occupations / 19265 tasks,true,true,Task-level benchmark category shares for product coverage. Not a probability that workers will lose jobs. Absence from this 800-row file does not mean the occupation is absent from the 923-occupation research model.
25-1063.00,"Economics Teachers, Postsecondary",22,8,5,9,0.363636,0.227273,0.409091,"Prepare and deliver lectures to undergraduate or graduate students on topics such as econometrics, price theory, and macroeconomics.","Prepare course materials, such as syllabi, homework assignments, and handouts.","Evaluate and grade students' class work, assignments, and papers.",GPTs-are-GPTs human_labels on public_gpts_are_gpts_benchmark.csv,prayash-task-exposure-gpts-are-gpts-v1,Prayash common-occupation coverage — 800 occupations,923 occupations / 19265 tasks,true,true,Task-level benchmark category shares for product coverage. Not a probability that workers will lose jobs. Absence from this 800-row file does not mean the occupation is absent from the 923-occupation research model.
25-1064.00,"Geography Teachers, Postsecondary",25,8,7,10,0.320000,0.280000,0.400000,"Prepare and deliver lectures to undergraduate or graduate students on topics such as urbanization, environmental systems, and cultural geography.","Prepare course materials, such as syllabi, homework assignments, and handouts.","Evaluate and grade students' class work, assignments, and papers.",GPTs-are-GPTs human_labels on public_gpts_are_gpts_benchmark.csv,prayash-task-exposure-gpts-are-gpts-v1,Prayash common-occupation coverage — 800 occupations,923 occupations / 19265 tasks,true,true,Task-level benchmark category shares for product coverage. Not a probability that workers will lose jobs. Absence from this 800-row file does not mean the occupation is absent from the 923-occupation research model.
25-1065.00,"Political Science Teachers, Postsecondary",22,8,5,9,0.363636,0.227273,0.409091,"Prepare and deliver lectures to undergraduate or graduate students on topics such as classical political thought, international relations, and democracy and citizenship.","Conduct research in a particular field of knowledge and publish findings in professional journals, books, or electronic media.","Evaluate and grade students' class work, assignments, and papers.",GPTs-are-GPTs human_labels on public_gpts_are_gpts_benchmark.csv,prayash-task-exposure-gpts-are-gpts-v1,Prayash common-occupation coverage — 800 occupations,923 occupations / 19265 tasks,true,true,Task-level benchmark category shares for product coverage. Not a probability that workers will lose jobs. Absence from this 800-row file does not mean the occupation is absent from the 923-occupation research model.
25-1066.00,"Psychology Teachers, Postsecondary",29,12,5,12,0.413793,0.172414,0.413793,"Prepare and deliver lectures to undergraduate or graduate students on topics such as abnormal psychology, cognitive processes, and work motivation.","Prepare course materials, such as syllabi, homework assignments, and handouts.","Evaluate and grade students' class work, laboratory work, assignments, and papers.",GPTs-are-GPTs human_labels on public_gpts_are_gpts_benchmark.csv,prayash-task-exposure-gpts-are-gpts-v1,Prayash common-occupation coverage — 800 occupations,923 occupations / 19265 tasks,true,true,Task-level benchmark category shares for product coverage. Not a probability that workers will lose jobs. Absence from this 800-row file does not mean the occupation is absent from the 923-occupation research model.
25-1067.00,"Sociology Teachers, Postsecondary",24,10,5,9,0.416667,0.208333,0.375000,"Initiate, facilitate, and moderate classroom discussions.","Prepare course materials, such as syllabi, homework assignments, and handouts.","Evaluate and grade students' class work, assignments, and papers.",GPTs-are-GPTs human_labels on public_gpts_are_gpts_benchmark.csv,prayash-task-exposure-gpts-are-gpts-v1,Prayash common-occupation coverage — 800 occupations,923 occupations / 19265 tasks,true,true,Task-level benchmark category shares for product coverage. Not a probability that workers will lose jobs. Absence from this 800-row file does not mean the occupation is absent from the 923-occupation research model.
25-1071.00,"Health Specialties Teachers, Postsecondary",23,9,5,9,0.391304,0.217391,0.391304,"Keep abreast of developments in the field by reading current literature, talking with colleagues, and participating in professional conferences.","Prepare course materials, such as syllabi, homework assignments, and handouts.","Evaluate and grade students' class work, assignments, and papers.",GPTs-are-GPTs human_labels on public_gpts_are_gpts_benchmark.csv,prayash-task-exposure-gpts-are-gpts-v1,Prayash common-occupation coverage — 800 occupations,923 occupations / 19265 tasks,true,true,Task-level benchmark category shares for product coverage. Not a probability that workers will lose jobs. Absence from this 800-row file does not mean the occupation is absent from the 923-occupation research model.
25-1072.00,"Nursing Instructors and Teachers, Postsecondary",29,11,5,13,0.379310,0.172414,0.448276,Supervise students' laboratory and clinical work.,"Prepare course materials, such as syllabi, homework assignments, and handouts.","Evaluate and grade students' class work, laboratory and clinic work, assignments, and papers.",GPTs-are-GPTs human_labels on public_gpts_are_gpts_benchmark.csv,prayash-task-exposure-gpts-are-gpts-v1,Prayash common-occupation coverage — 800 occupations,923 occupations / 19265 tasks,true,true,Task-level benchmark category shares for product coverage. Not a probability that workers will lose jobs. Absence from this 800-row file does not mean the occupation is absent from the 923-occupation research model.
25-1081.00,"Education Teachers, Postsecondary",24,8,5,11,0.333333,0.208333,0.458333,"Keep abreast of developments in the field by reading current literature, talking with colleagues, and participating in professional conferences.","Prepare course materials, such as syllabi, homework assignments, and handouts.","Compile, administer, and grade examinations, or assign this work to others.",GPTs-are-GPTs human_labels on public_gpts_are_gpts_benchmark.csv,prayash-task-exposure-gpts-are-gpts-v1,Prayash common-occupation coverage — 800 occupations,923 occupations / 19265 tasks,true,true,Task-level benchmark category shares for product coverage. Not a probability that workers will lose jobs. Absence from this 800-row file does not mean the occupation is absent from the 923-occupation research model.
25-1082.00,"Library Science Teachers, Postsecondary",25,10,6,9,0.400000,0.240000,0.360000,"Keep abreast of developments in the field by reading current literature, talking with colleagues, giving presentations at conferences, and serving on committees in professional associations.","Conduct research in a particular field of knowledge and present findings in professional journals, books, electronic media, or at professional conferences.","Evaluate and grade students' class work, assignments, and papers.",GPTs-are-GPTs human_labels on public_gpts_are_gpts_benchmark.csv,prayash-task-exposure-gpts-are-gpts-v1,Prayash common-occupation coverage — 800 occupations,923 occupations / 19265 tasks,true,true,Task-level benchmark category shares for product coverage. Not a probability that workers will lose jobs. Absence from this 800-row file does not mean the occupation is absent from the 923-occupation research model.
25-1111.00,"Criminal Justice and Law Enforcement Teachers, Postsecondary",23,7,6,10,0.304348,0.260870,0.434783,"Prepare and deliver lectures to undergraduate or graduate students on topics such as criminal law, defensive policing, and investigation techniques.","Prepare course materials, such as syllabi, homework assignments, and handouts.","Evaluate and grade students' class work, assignments, and papers.",GPTs-are-GPTs human_labels on public_gpts_are_gpts_benchmark.csv,prayash-task-exposure-gpts-are-gpts-v1,Prayash common-occupation coverage — 800 occupations,923 occupations / 19265 tasks,true,true,Task-level benchmark category shares for product coverage. Not a probability that workers will lose jobs. Absence from this 800-row file does not mean the occupation is absent from the 923-occupation research model.
25-1112.00,"Law Teachers, Postsecondary",23,6,10,7,0.260870,0.434783,0.304348,"Initiate, facilitate, and moderate classroom discussions.","Evaluate and grade students' class work, assignments, papers, and oral presentations.","Compile, administer, and grade examinations, or assign this work to others.",GPTs-are-GPTs human_labels on public_gpts_are_gpts_benchmark.csv,prayash-task-exposure-gpts-are-gpts-v1,Prayash common-occupation coverage — 800 occupations,923 occupations / 19265 tasks,true,true,Task-level benchmark category shares for product coverage. Not a probability that workers will lose jobs. Absence from this 800-row file does not mean the occupation is absent from the 923-occupation research model.
25-1113.00,"Social Work Teachers, Postsecondary",24,6,8,10,0.250000,0.333333,0.416667,"Initiate, facilitate, and moderate classroom discussions.","Prepare course materials, such as syllabi, homework assignments, or handouts.","Compile, administer, and grade examinations, or assign this work to others.",GPTs-are-GPTs human_labels on public_gpts_are_gpts_benchmark.csv,prayash-task-exposure-gpts-are-gpts-v1,Prayash common-occupation coverage — 800 occupations,923 occupations / 19265 tasks,true,true,Task-level benchmark category shares for product coverage. Not a probability that workers will lose jobs. Absence from this 800-row file does not mean the occupation is absent from the 923-occupation research model.
25-1121.00,"Art, Drama, and Music Teachers, Postsecondary",28,6,11,11,0.214286,0.392857,0.392857,"Initiate, facilitate, and moderate classroom discussions.","Prepare students for performances, exams, or assessments.",Explain and demonstrate artistic techniques.,GPTs-are-GPTs human_labels on public_gpts_are_gpts_benchmark.csv,prayash-task-exposure-gpts-are-gpts-v1,Prayash common-occupation coverage — 800 occupations,923 occupations / 19265 tasks,true,true,Task-level benchmark category shares for product coverage. Not a probability that workers will lose jobs. Absence from this 800-row file does not mean the occupation is absent from the 923-occupation research model.
25-1122.00,"Communications Teachers, Postsecondary",23,4,8,11,0.173913,0.347826,0.478261,"Initiate, facilitate, and moderate classroom discussions.","Prepare course materials, such as syllabi, homework assignments, and handouts.","Evaluate and grade students' class work, assignments, and papers.",GPTs-are-GPTs human_labels on public_gpts_are_gpts_benchmark.csv,prayash-task-exposure-gpts-are-gpts-v1,Prayash common-occupation coverage — 800 occupations,923 occupations / 19265 tasks,true,true,Task-level benchmark category shares for product coverage. Not a probability that workers will lose jobs. Absence from this 800-row file does not mean the occupation is absent from the 923-occupation research model.
25-1123.00,"English Language and Literature Teachers, Postsecondary",33,7,13,13,0.212121,0.393939,0.393939,Teach writing or communication classes.,"Prepare course materials, such as syllabi, homework assignments, and handouts.","Evaluate and grade students' class work, assignments, and papers.",GPTs-are-GPTs human_labels on public_gpts_are_gpts_benchmark.csv,prayash-task-exposure-gpts-are-gpts-v1,Prayash common-occupation coverage — 800 occupations,923 occupations / 19265 tasks,true,true,Task-level benchmark category shares for product coverage. Not a probability that workers will lose jobs. Absence from this 800-row file does not mean the occupation is absent from the 923-occupation research model.
25-1124.00,"Foreign Language and Literature Teachers, Postsecondary",25,4,8,13,0.160000,0.320000,0.520000,"Initiate, facilitate, and moderate classroom discussions.","Prepare course materials, such as syllabi, homework assignments, and handouts.","Maintain student attendance records, grades, and other required records.",GPTs-are-GPTs human_labels on public_gpts_are_gpts_benchmark.csv,prayash-task-exposure-gpts-are-gpts-v1,Prayash common-occupation coverage — 800 occupations,923 occupations / 19265 tasks,true,true,Task-level benchmark category shares for product coverage. Not a probability that workers will lose jobs. Absence from this 800-row file does not mean the occupation is absent from the 923-occupation research model.
25-1125.00,"History Teachers, Postsecondary",25,5,9,11,0.200000,0.360000,0.440000,"Supervise undergraduate or graduate teaching, internship, and research work.","Prepare course materials, such as syllabi, homework assignments, and handouts.","Initiate, facilitate, and moderate classroom discussions.",GPTs-are-GPTs human_labels on public_gpts_are_gpts_benchmark.csv,prayash-task-exposure-gpts-are-gpts-v1,Prayash common-occupation coverage — 800 occupations,923 occupations / 19265 tasks,true,true,Task-level benchmark category shares for product coverage. Not a probability that workers will lose jobs. Absence from this 800-row file does not mean the occupation is absent from the 923-occupation research model.
25-1126.00,"Philosophy and Religion Teachers, Postsecondary",23,4,9,10,0.173913,0.391304,0.434783,"Initiate, facilitate, and moderate classroom discussions.","Prepare and deliver lectures to undergraduate or graduate students and the community on topics such as ethics, logic, and contemporary religious thought.","Evaluate and grade students' class work, assignments, and papers.",GPTs-are-GPTs human_labels on public_gpts_are_gpts_benchmark.csv,prayash-task-exposure-gpts-are-gpts-v1,Prayash common-occupation coverage — 800 occupations,923 occupations / 19265 tasks,true,true,Task-level benchmark category shares for product coverage. Not a probability that workers will lose jobs. Absence from this 800-row file does not mean the occupation is absent from the 923-occupation research model.
25-1192.00,"Family and Consumer Sciences Teachers, Postsecondary",23,2,10,11,0.086957,0.434783,0.478261,"Serve on academic or administrative committees that deal with institutional policies, departmental matters, and academic issues.","Prepare course materials, such as syllabi, homework assignments, and handouts.","Evaluate and grade students' class work, laboratory work, projects, assignments, and papers.",GPTs-are-GPTs human_labels on public_gpts_are_gpts_benchmark.csv,prayash-task-exposure-gpts-are-gpts-v1,Prayash common-occupation coverage — 800 occupations,923 occupations / 19265 tasks,true,true,Task-level benchmark category shares for product coverage. Not a probability that workers will lose jobs. Absence from this 800-row file does not mean the occupation is absent from the 923-occupation research model.
25-1193.00,"Recreation and Fitness Studies Teachers, Postsecondary",24,4,9,11,0.166667,0.375000,0.458333,"Initiate, facilitate, and moderate classroom discussions.","Prepare course materials, such as syllabi, homework assignments, and handouts.","Maintain student attendance records, grades, and other required records.",GPTs-are-GPTs human_labels on public_gpts_are_gpts_benchmark.csv,prayash-task-exposure-gpts-are-gpts-v1,Prayash common-occupation coverage — 800 occupations,923 occupations / 19265 tasks,true,true,Task-level benchmark category shares for product coverage. Not a probability that workers will lose jobs. Absence from this 800-row file does not mean the occupation is absent from the 923-occupation research model.
25-1194.00,"Career/Technical Education Teachers, Postsecondary",20,6,4,10,0.300000,0.200000,0.500000,Supervise and monitor students' use of tools and equipment.,"Present lectures and conduct discussions to increase students' knowledge and competence using visual aids, such as graphs, charts, videotapes, and slides.","Observe and evaluate students' work to determine progress, provide feedback, and make suggestions for improvement.",GPTs-are-GPTs human_labels on public_gpts_are_gpts_benchmark.csv,prayash-task-exposure-gpts-are-gpts-v1,Prayash common-occupation coverage — 800 occupations,923 occupations / 19265 tasks,true,true,Task-level benchmark category shares for product coverage. Not a probability that workers will lose jobs. Absence from this 800-row file does not mean the occupation is absent from the 923-occupation research model.
25-2011.00,"Preschool Teachers, Except Special Education",34,18,5,11,0.529412,0.147059,0.323529,Establish and enforce rules for behavior and procedures for maintaining order.,"Organize and lead activities designed to promote physical, mental, and social development, such as games, arts and crafts, music, storytelling, and field trips.","Teach basic skills, such as color, shape, number and letter recognition, personal hygiene, and social skills.",GPTs-are-GPTs human_labels on public_gpts_are_gpts_benchmark.csv,prayash-task-exposure-gpts-are-gpts-v1,Prayash common-occupation coverage — 800 occupations,923 occupations / 19265 tasks,true,true,Task-level benchmark category shares for product coverage. Not a probability that workers will lose jobs. Absence from this 800-row file does not mean the occupation is absent from the 923-occupation research model.
25-2012.00,"Kindergarten Teachers, Except Special Education",37,20,5,12,0.540541,0.135135,0.324324,Establish and enforce rules for behavior and policies and procedures to maintain order among students.,"Maintain accurate and complete student records and prepare reports on children and activities as required by laws, district policies, and administrative regulations.","Teach basic skills, such as color, shape, number and letter recognition, personal hygiene, and social skills.",GPTs-are-GPTs human_labels on public_gpts_are_gpts_benchmark.csv,prayash-task-exposure-gpts-are-gpts-v1,Prayash common-occupation coverage — 800 occupations,923 occupations / 19265 tasks,true,true,Task-level benchmark category shares for product coverage. Not a probability that workers will lose jobs. Absence from this 800-row file does not mean the occupation is absent from the 923-occupation research model.
25-2021.00,"Elementary School Teachers, Except Special Education",38,20,5,13,0.526316,0.131579,0.342105,Establish and enforce rules for behavior and procedures for maintaining order among the students.,"Confer with other staff members to plan and schedule lessons promoting learning, following approved curricula.",Adapt teaching methods and instructional materials to meet students' varying needs and interests.,GPTs-are-GPTs human_labels on public_gpts_are_gpts_benchmark.csv,prayash-task-exposure-gpts-are-gpts-v1,Prayash common-occupation coverage — 800 occupations,923 occupations / 19265 tasks,true,true,Task-level benchmark category shares for product coverage. Not a probability that workers will lose jobs. Absence from this 800-row file does not mean the occupation is absent from the 923-occupation research model.
25-2022.00,"Middle School Teachers, Except Special and Career/Technical Education",35,18,7,10,0.514286,0.200000,0.285714,Prepare students for later grades by encouraging them to explore learning opportunities and to persevere with challenging tasks.,"Instruct through lectures, discussions, and demonstrations in one or more subjects, such as English, mathematics, or social studies.","Establish clear objectives for all lessons, units, and projects, and communicate these objectives to students.",GPTs-are-GPTs human_labels on public_gpts_are_gpts_benchmark.csv,prayash-task-exposure-gpts-are-gpts-v1,Prayash common-occupation coverage — 800 occupations,923 occupations / 19265 tasks,true,true,Task-level benchmark category shares for product coverage. Not a probability that workers will lose jobs. Absence from this 800-row file does not mean the occupation is absent from the 923-occupation research model.
25-2023.00,"Career/Technical Education Teachers, Middle School",31,15,5,11,0.483871,0.161290,0.354839,Prepare materials and classrooms for class activities.,Prepare for assigned classes and show written evidence of preparation upon request of immediate supervisors.,"Instruct students individually and in groups, using various teaching methods, such as lectures, discussions, and demonstrations.",GPTs-are-GPTs human_labels on public_gpts_are_gpts_benchmark.csv,prayash-task-exposure-gpts-are-gpts-v1,Prayash common-occupation coverage — 800 occupations,923 occupations / 19265 tasks,true,true,Task-level benchmark category shares for product coverage. Not a probability that workers will lose jobs. Absence from this 800-row file does not mean the occupation is absent from the 923-occupation research model.
25-2031.00,"Secondary School Teachers, Except Special and Career/Technical Education",32,15,5,12,0.468750,0.156250,0.375000,Prepare materials and classrooms for class activities.,"Instruct through lectures, discussions, and demonstrations in one or more subjects, such as English, mathematics, or social studies.",Adapt teaching methods and instructional materials to meet students' varying needs and interests.,GPTs-are-GPTs human_labels on public_gpts_are_gpts_benchmark.csv,prayash-task-exposure-gpts-are-gpts-v1,Prayash common-occupation coverage — 800 occupations,923 occupations / 19265 tasks,true,true,Task-level benchmark category shares for product coverage. Not a probability that workers will lose jobs. Absence from this 800-row file does not mean the occupation is absent from the 923-occupation research model.
25-2032.00,"Career/Technical Education Teachers, Secondary School",33,15,4,14,0.454545,0.121212,0.424242,Establish and enforce rules for behavior and procedures for maintaining order among students.,"Plan and supervise class projects, field trips, visits by guest speakers or other experiential activities, and guide students in learning from those activities.","Instruct students individually and in groups, using various teaching methods, such as lectures, discussions, and demonstrations.",GPTs-are-GPTs human_labels on public_gpts_are_gpts_benchmark.csv,prayash-task-exposure-gpts-are-gpts-v1,Prayash common-occupation coverage — 800 occupations,923 occupations / 19265 tasks,true,true,Task-level benchmark category shares for product coverage. Not a probability that workers will lose jobs. Absence from this 800-row file does not mean the occupation is absent from the 923-occupation research model.
25-2051.00,"Special Education Teachers, Preschool",36,20,6,10,0.555556,0.166667,0.277778,"Employ special educational strategies or techniques during instruction to improve the development of sensory- and perceptual-motor skills, language, cognition, or memory.",Develop or implement strategies to meet the needs of students with a variety of disabilities.,"Teach basic skills, such as color, shape, number and letter recognition, personal hygiene, or social skills, to preschool students with special needs.",GPTs-are-GPTs human_labels on public_gpts_are_gpts_benchmark.csv,prayash-task-exposure-gpts-are-gpts-v1,Prayash common-occupation coverage — 800 occupations,923 occupations / 19265 tasks,true,true,Task-level benchmark category shares for product coverage. Not a probability that workers will lose jobs. Absence from this 800-row file does not mean the occupation is absent from the 923-occupation research model.
25-2055.00,"Special Education Teachers, Kindergarten",30,14,5,11,0.466667,0.166667,0.366667,"Attend professional meetings, educational conferences, or teacher training workshops to maintain or improve professional competence.","Collaborate with other teachers or administrators to develop, evaluate, or revise kindergarten programs.",Administer standardized ability and achievement tests to kindergarten students with special needs.,GPTs-are-GPTs human_labels on public_gpts_are_gpts_benchmark.csv,prayash-task-exposure-gpts-are-gpts-v1,Prayash common-occupation coverage — 800 occupations,923 occupations / 19265 tasks,true,true,Task-level benchmark category shares for product coverage. Not a probability that workers will lose jobs. Absence from this 800-row file does not mean the occupation is absent from the 923-occupation research model.
25-2056.00,"Special Education Teachers, Elementary School",30,14,5,11,0.466667,0.166667,0.366667,"Attend professional meetings, educational conferences, or teacher training workshops to maintain or improve professional competence.","Collaborate with other teachers or administrators to develop, evaluate, or revise elementary school programs.",Administer standardized ability and achievement tests to elementary students with special needs.,GPTs-are-GPTs human_labels on public_gpts_are_gpts_benchmark.csv,prayash-task-exposure-gpts-are-gpts-v1,Prayash common-occupation coverage — 800 occupations,923 occupations / 19265 tasks,true,true,Task-level benchmark category shares for product coverage. Not a probability that workers will lose jobs. Absence from this 800-row file does not mean the occupation is absent from the 923-occupation research model.
25-2057.00,"Special Education Teachers, Middle School",40,21,5,14,0.525000,0.125000,0.350000,Establish and enforce rules for behavior and policies and procedures to maintain order among students.,Develop or write Individualized Education Programs (IEPs) for students.,"Modify the general education curriculum for special-needs students, based upon a variety of instructional techniques and instructional technology.",GPTs-are-GPTs human_labels on public_gpts_are_gpts_benchmark.csv,prayash-task-exposure-gpts-are-gpts-v1,Prayash common-occupation coverage — 800 occupations,923 occupations / 19265 tasks,true,true,Task-level benchmark category shares for product coverage. Not a probability that workers will lose jobs. Absence from this 800-row file does not mean the occupation is absent from the 923-occupation research model.
25-2058.00,"Special Education Teachers, Secondary School",40,23,6,11,0.575000,0.150000,0.275000,Develop and implement strategies to meet the needs of students with a variety of handicapping conditions.,"Maintain accurate and complete student records, and prepare reports on children and activities, as required by laws, district policies, and administrative regulations.","Observe and evaluate students' performance, behavior, social development, and physical health.",GPTs-are-GPTs human_labels on public_gpts_are_gpts_benchmark.csv,prayash-task-exposure-gpts-are-gpts-v1,Prayash common-occupation coverage — 800 occupations,923 occupations / 19265 tasks,true,true,Task-level benchmark category shares for product coverage. Not a probability that workers will lose jobs. Absence from this 800-row file does not mean the occupation is absent from the 923-occupation research model.
25-2059.01,Adapted Physical Education Specialists,20,14,4,2,0.700000,0.200000,0.100000,Adapt instructional techniques to the age and skill levels of students.,"Communicate behavioral observations and student progress reports to students, parents, teachers, or administrators.","Maintain thorough student records to document attendance, participation, or progress, ensuring confidentiality of all records.",GPTs-are-GPTs human_labels on public_gpts_are_gpts_benchmark.csv,prayash-task-exposure-gpts-are-gpts-v1,Prayash common-occupation coverage — 800 occupations,923 occupations / 19265 tasks,true,true,Task-level benchmark category shares for product coverage. Not a probability that workers will lose jobs. Absence from this 800-row file does not mean the occupation is absent from the 923-occupation research model.
25-3011.00,"Adult Basic Education, Adult Secondary Education, and English as a Second Language Instructors",39,13,10,16,0.333333,0.256410,0.410256,"Observe students to determine qualifications, limitations, abilities, interests, and other individual characteristics.","Establish clear objectives for all lessons, units, and projects and communicate those objectives to students.",Observe and evaluate students' work to determine progress and make suggestions for improvement.,GPTs-are-GPTs human_labels on public_gpts_are_gpts_benchmark.csv,prayash-task-exposure-gpts-are-gpts-v1,Prayash common-occupation coverage — 800 occupations,923 occupations / 19265 tasks,true,true,Task-level benchmark category shares for product coverage. Not a probability that workers will lose jobs. Absence from this 800-row file does not mean the occupation is absent from the 923-occupation research model.
25-3021.00,Self-Enrichment Teachers,30,13,6,11,0.433333,0.200000,0.366667,Prepare students for further development by encouraging them to explore learning opportunities and to persevere with challenging tasks.,"Establish clear objectives for all lessons, units, and projects and communicate those objectives to students.","Instruct students individually and in groups, using various teaching methods, such as lectures, discussions, and demonstrations.",GPTs-are-GPTs human_labels on public_gpts_are_gpts_benchmark.csv,prayash-task-exposure-gpts-are-gpts-v1,Prayash common-occupation coverage — 800 occupations,923 occupations / 19265 tasks,true,true,Task-level benchmark category shares for product coverage. Not a probability that workers will lose jobs. Absence from this 800-row file does not mean the occupation is absent from the 923-occupation research model.
25-3031.00,"Substitute Teachers, Short-Term",18,15,0,3,0.833333,0.000000,0.166667,Answer students' questions.,,Grade students' assignments and exams.,GPTs-are-GPTs human_labels on public_gpts_are_gpts_benchmark.csv,prayash-task-exposure-gpts-are-gpts-v1,Prayash common-occupation coverage — 800 occupations,923 occupations / 19265 tasks,true,true,Task-level benchmark category shares for product coverage. Not a probability that workers will lose jobs. Absence from this 800-row file does not mean the occupation is absent from the 923-occupation research model.
25-3041.00,Tutors,19,8,3,8,0.421053,0.157895,0.421053,"Provide feedback to students, using positive reinforcement techniques to encourage, motivate, or build confidence in students.","Review class material with students by discussing text, working solutions to problems, or reviewing worksheets or other assignments.",Assess students' progress throughout tutoring sessions.,GPTs-are-GPTs human_labels on public_gpts_are_gpts_benchmark.csv,prayash-task-exposure-gpts-are-gpts-v1,Prayash common-occupation coverage — 800 occupations,923 occupations / 19265 tasks,true,true,Task-level benchmark category shares for product coverage. Not a probability that workers will lose jobs. Absence from this 800-row file does not mean the occupation is absent from the 923-occupation research model.
25-4013.00,Museum Technicians and Conservators,26,15,3,8,0.576923,0.115385,0.307692,"Install, arrange, assemble, and prepare artifacts for exhibition, ensuring the artifacts' safety, reporting their status and condition, and identifying and correcting any problems with the set up.","Recommend preservation procedures, such as control of temperature and humidity, to curatorial and building staff.",Photograph objects for documentation.,GPTs-are-GPTs human_labels on public_gpts_are_gpts_benchmark.csv,prayash-task-exposure-gpts-are-gpts-v1,Prayash common-occupation coverage — 800 occupations,923 occupations / 19265 tasks,true,true,Task-level benchmark category shares for product coverage. Not a probability that workers will lose jobs. Absence from this 800-row file does not mean the occupation is absent from the 923-occupation research model.
25-4022.00,Librarians and Media Collections Specialists,30,8,8,14,0.266667,0.266667,0.466667,"Teach library patrons basic computer skills, such as searching computerized databases.",Analyze patrons' requests to determine needed information and assist in furnishing or locating that information.,Check books in and out of the library.,GPTs-are-GPTs human_labels on public_gpts_are_gpts_benchmark.csv,prayash-task-exposure-gpts-are-gpts-v1,Prayash common-occupation coverage — 800 occupations,923 occupations / 19265 tasks,true,true,Task-level benchmark category shares for product coverage. Not a probability that workers will lose jobs. Absence from this 800-row file does not mean the occupation is absent from the 923-occupation research model.
25-4031.00,Library Technicians,35,8,9,18,0.228571,0.257143,0.514286,Deliver and retrieve items throughout the library by hand or using pushcart.,"Help patrons find and use library resources, such as reference materials, audio-visual equipment, computers, and other electronic resources and provide technical assistance when needed.","Reserve, circulate, renew, and discharge books and other materials.",GPTs-are-GPTs human_labels on public_gpts_are_gpts_benchmark.csv,prayash-task-exposure-gpts-are-gpts-v1,Prayash common-occupation coverage — 800 occupations,923 occupations / 19265 tasks,true,true,Task-level benchmark category shares for product coverage. Not a probability that workers will lose jobs. Absence from this 800-row file does not mean the occupation is absent from the 923-occupation research model.
25-9031.00,Instructional Coordinators,30,5,9,16,0.166667,0.300000,0.533333,Observe work of teaching staff to evaluate performance and to recommend changes that could strengthen teaching skills.,Interpret and enforce provisions of state education codes and rules and regulations of state education boards.,Advise and teach students.,GPTs-are-GPTs human_labels on public_gpts_are_gpts_benchmark.csv,prayash-task-exposure-gpts-are-gpts-v1,Prayash common-occupation coverage — 800 occupations,923 occupations / 19265 tasks,true,true,Task-level benchmark category shares for product coverage. Not a probability that workers will lose jobs. Absence from this 800-row file does not mean the occupation is absent from the 923-occupation research model.
25-9042.00,"Teaching Assistants, Preschool, Elementary, Middle, and Secondary School, Except Special Education",30,18,5,7,0.600000,0.166667,0.233333,Assist in bus loading and unloading.,Assist librarians in school libraries.,"Grade homework and tests, and compute and record results, using answer sheets or electronic marking devices.",GPTs-are-GPTs human_labels on public_gpts_are_gpts_benchmark.csv,prayash-task-exposure-gpts-are-gpts-v1,Prayash common-occupation coverage — 800 occupations,923 occupations / 19265 tasks,true,true,Task-level benchmark category shares for product coverage. Not a probability that workers will lose jobs. Absence from this 800-row file does not mean the occupation is absent from the 923-occupation research model.
25-9043.00,"Teaching Assistants, Special Education",30,19,4,7,0.633333,0.133333,0.233333,Assist in bus loading and unloading.,Assist librarians in school libraries.,"Grade homework and tests, and compute and record results, using answer sheets or electronic marking devices.",GPTs-are-GPTs human_labels on public_gpts_are_gpts_benchmark.csv,prayash-task-exposure-gpts-are-gpts-v1,Prayash common-occupation coverage — 800 occupations,923 occupations / 19265 tasks,true,true,Task-level benchmark category shares for product coverage. Not a probability that workers will lose jobs. Absence from this 800-row file does not mean the occupation is absent from the 923-occupation research model.
25-9044.00,"Teaching Assistants, Postsecondary",20,9,5,6,0.450000,0.250000,0.300000,"Lead discussion sections, tutorials, or laboratory sections.","Inform students of the procedures for completing and submitting class work, such as lab reports.",Teach undergraduate-level courses.,GPTs-are-GPTs human_labels on public_gpts_are_gpts_benchmark.csv,prayash-task-exposure-gpts-are-gpts-v1,Prayash common-occupation coverage — 800 occupations,923 occupations / 19265 tasks,true,true,Task-level benchmark category shares for product coverage. Not a probability that workers will lose jobs. Absence from this 800-row file does not mean the occupation is absent from the 923-occupation research model.
27-1011.00,Art Directors,16,3,1,12,0.187500,0.062500,0.750000,Negotiate with printers and estimators to determine what services will be performed.,"Manage own accounts and projects, working within budget and scheduling requirements.","Formulate basic layout design or presentation approach and specify material details, such as style and size of type, photographs, graphics, animation, video, and sound.",GPTs-are-GPTs human_labels on public_gpts_are_gpts_benchmark.csv,prayash-task-exposure-gpts-are-gpts-v1,Prayash common-occupation coverage — 800 occupations,923 occupations / 19265 tasks,true,true,Task-level benchmark category shares for product coverage. Not a probability that workers will lose jobs. Absence from this 800-row file does not mean the occupation is absent from the 923-occupation research model.
27-1013.00,"Fine Artists, Including Painters, Sculptors, and Illustrators",32,14,2,16,0.437500,0.062500,0.500000,"Use materials such as pens and ink, watercolors, charcoal, oil, or computer software to create artwork.",Submit artwork to shows or galleries.,"Integrate and develop visual elements, such as line, space, mass, color, and perspective, to produce desired effects, such as the illustration of ideas, emotions, or moods.",GPTs-are-GPTs human_labels on public_gpts_are_gpts_benchmark.csv,prayash-task-exposure-gpts-are-gpts-v1,Prayash common-occupation coverage — 800 occupations,923 occupations / 19265 tasks,true,true,Task-level benchmark category shares for product coverage. Not a probability that workers will lose jobs. Absence from this 800-row file does not mean the occupation is absent from the 923-occupation research model.
27-1014.00,Special Effects Artists and Animators,14,2,1,11,0.142857,0.071429,0.785714,"Create and install special effects as required by the script, mixing chemicals and fabricating needed parts from wood, metal, plaster, and clay.",Implement and maintain configuration control systems.,"Design complex graphics and animation, using independent judgment, creativity, and computer equipment.",GPTs-are-GPTs human_labels on public_gpts_are_gpts_benchmark.csv,prayash-task-exposure-gpts-are-gpts-v1,Prayash common-occupation coverage — 800 occupations,923 occupations / 19265 tasks,true,true,Task-level benchmark category shares for product coverage. Not a probability that workers will lose jobs. Absence from this 800-row file does not mean the occupation is absent from the 923-occupation research model.
27-1021.00,Commercial and Industrial Designers,17,4,2,11,0.235294,0.117647,0.647059,"Evaluate feasibility of design ideas, based on factors such as appearance, safety, function, serviceability, budget, production costs/methods, and market characteristics.",Develop industrial standards and regulatory guidelines.,"Prepare sketches of ideas, detailed drawings, illustrations, artwork, or blueprints, using drafting instruments, paints and brushes, or computer-aided design equipment.",GPTs-are-GPTs human_labels on public_gpts_are_gpts_benchmark.csv,prayash-task-exposure-gpts-are-gpts-v1,Prayash common-occupation coverage — 800 occupations,923 occupations / 19265 tasks,true,true,Task-level benchmark category shares for product coverage. Not a probability that workers will lose jobs. Absence from this 800-row file does not mean the occupation is absent from the 923-occupation research model.
27-1022.00,Fashion Designers,20,8,3,9,0.400000,0.150000,0.450000,"Examine sample garments on and off models, modifying designs to achieve desired effects.","Provide sample garments to agents and sales representatives, and arrange for showings of sample garments at sales meetings or fashion shows.",Direct and coordinate workers involved in drawing and cutting patterns and constructing samples or finished garments.,GPTs-are-GPTs human_labels on public_gpts_are_gpts_benchmark.csv,prayash-task-exposure-gpts-are-gpts-v1,Prayash common-occupation coverage — 800 occupations,923 occupations / 19265 tasks,true,true,Task-level benchmark category shares for product coverage. Not a probability that workers will lose jobs. Absence from this 800-row file does not mean the occupation is absent from the 923-occupation research model.
27-1023.00,Floral Designers,16,9,2,5,0.562500,0.125000,0.312500,"Confer with clients regarding price and type of arrangement desired and the date, time, and place of delivery.",Wrap and price completed arrangements.,"Select flora and foliage for arrangements, working with numerous combinations to synthesize and develop new creations.",GPTs-are-GPTs human_labels on public_gpts_are_gpts_benchmark.csv,prayash-task-exposure-gpts-are-gpts-v1,Prayash common-occupation coverage — 800 occupations,923 occupations / 19265 tasks,true,true,Task-level benchmark category shares for product coverage. Not a probability that workers will lose jobs. Absence from this 800-row file does not mean the occupation is absent from the 923-occupation research model.
27-1024.00,Graphic Designers,16,4,0,12,0.250000,0.000000,0.750000,"Determine size and arrangement of illustrative material and copy, and select style and size of type.",,Confer with clients to discuss and determine layout design.,GPTs-are-GPTs human_labels on public_gpts_are_gpts_benchmark.csv,prayash-task-exposure-gpts-are-gpts-v1,Prayash common-occupation coverage — 800 occupations,923 occupations / 19265 tasks,true,true,Task-level benchmark category shares for product coverage. Not a probability that workers will lose jobs. Absence from this 800-row file does not mean the occupation is absent from the 923-occupation research model.
27-1025.00,Interior Designers,15,6,2,7,0.400000,0.133333,0.466667,Design plans to be safe and to be compliant with the American Disabilities Act (ADA).,"Advise client on interior design factors, such as space planning, layout and use of furnishings or equipment, and color coordination.",Use computer-aided drafting (CAD) and related software to produce construction documents.,GPTs-are-GPTs human_labels on public_gpts_are_gpts_benchmark.csv,prayash-task-exposure-gpts-are-gpts-v1,Prayash common-occupation coverage — 800 occupations,923 occupations / 19265 tasks,true,true,Task-level benchmark category shares for product coverage. Not a probability that workers will lose jobs. Absence from this 800-row file does not mean the occupation is absent from the 923-occupation research model.
27-1026.00,Merchandise Displayers and Window Trimmers,25,14,3,8,0.560000,0.120000,0.320000,"Arrange properties, furniture, merchandise, backdrops, or other accessories, as shown in prepared sketches.",Plan commercial displays to entice and appeal to customers.,"Consult with store managers, buyers, sales associates, housekeeping staff, or engineering staff to determine appropriate placement of displays or products.",GPTs-are-GPTs human_labels on public_gpts_are_gpts_benchmark.csv,prayash-task-exposure-gpts-are-gpts-v1,Prayash common-occupation coverage — 800 occupations,923 occupations / 19265 tasks,true,true,Task-level benchmark category shares for product coverage. Not a probability that workers will lose jobs. Absence from this 800-row file does not mean the occupation is absent from the 923-occupation research model.
27-1027.00,Set and Exhibit Designers,27,13,4,10,0.481481,0.148148,0.370370,Attend rehearsals and production meetings to obtain and share information related to sets.,"Read scripts to determine location, set, and design requirements.","Develop set designs, based on evaluation of scripts, budgets, research information, and available locations.",GPTs-are-GPTs human_labels on public_gpts_are_gpts_benchmark.csv,prayash-task-exposure-gpts-are-gpts-v1,Prayash common-occupation coverage — 800 occupations,923 occupations / 19265 tasks,true,true,Task-level benchmark category shares for product coverage. Not a probability that workers will lose jobs. Absence from this 800-row file does not mean the occupation is absent from the 923-occupation research model.
27-2011.00,Actors,19,15,3,1,0.789474,0.157895,0.052632,Collaborate with other actors as part of an ensemble.,Learn about characters in scripts and their relationships to each other to develop role interpretations.,"Work with other crew members responsible for lighting, costumes, make-up, and props.",GPTs-are-GPTs human_labels on public_gpts_are_gpts_benchmark.csv,prayash-task-exposure-gpts-are-gpts-v1,Prayash common-occupation coverage — 800 occupations,923 occupations / 19265 tasks,true,true,Task-level benchmark category shares for product coverage. Not a probability that workers will lose jobs. Absence from this 800-row file does not mean the occupation is absent from the 923-occupation research model.
27-2012.00,Producers and Directors,30,8,9,13,0.266667,0.300000,0.433333,"Communicate to actors the approach, characterization, and movement needed for each scene in such a way that rehearsals and takes are minimized.","Research production topics using the internet, video archives, and other informational sources.","Plan details such as framing, composition, camera movement, sound, and actor movement for each shot or scene.",GPTs-are-GPTs human_labels on public_gpts_are_gpts_benchmark.csv,prayash-task-exposure-gpts-are-gpts-v1,Prayash common-occupation coverage — 800 occupations,923 occupations / 19265 tasks,true,true,Task-level benchmark category shares for product coverage. Not a probability that workers will lose jobs. Absence from this 800-row file does not mean the occupation is absent from the 923-occupation research model.
27-2012.03,Media Programming Directors,23,7,10,6,0.304348,0.434783,0.260870,"Perform personnel duties, such as hiring staff and evaluating work performance.","Plan and schedule programming and event coverage, based on broadcast length, time availability, and other factors, such as community needs, ratings data, and viewer demographics.","Monitor and review programming to ensure that schedules are met, guidelines are adhered to, and performances are of adequate quality.",GPTs-are-GPTs human_labels on public_gpts_are_gpts_benchmark.csv,prayash-task-exposure-gpts-are-gpts-v1,Prayash common-occupation coverage — 800 occupations,923 occupations / 19265 tasks,true,true,Task-level benchmark category shares for product coverage. Not a probability that workers will lose jobs. Absence from this 800-row file does not mean the occupation is absent from the 923-occupation research model.
27-2012.04,Talent Directors,15,6,1,8,0.400000,0.066667,0.533333,Audition and interview performers to match their attributes to specific roles or to increase the pool of available acting talent.,Prepare actors for auditions by providing scripts and information about roles and casting requirements.,Contact agents and actors to provide notification of audition and performance opportunities and to set up audition times.,GPTs-are-GPTs human_labels on public_gpts_are_gpts_benchmark.csv,prayash-task-exposure-gpts-are-gpts-v1,Prayash common-occupation coverage — 800 occupations,923 occupations / 19265 tasks,true,true,Task-level benchmark category shares for product coverage. Not a probability that workers will lose jobs. Absence from this 800-row file does not mean the occupation is absent from the 923-occupation research model.
27-2012.05,Media Technical Directors/Managers,15,7,1,7,0.466667,0.066667,0.466667,"Switch between video sources in a studio or on multi-camera remotes, using equipment such as switchers, video slide projectors, and video effects generators.","Train workers in use of equipment, such as switchers, cameras, monitors, microphones, and lights.",Observe pictures through monitors and direct camera and video staff concerning shading and composition.,GPTs-are-GPTs human_labels on public_gpts_are_gpts_benchmark.csv,prayash-task-exposure-gpts-are-gpts-v1,Prayash common-occupation coverage — 800 occupations,923 occupations / 19265 tasks,true,true,Task-level benchmark category shares for product coverage. Not a probability that workers will lose jobs. Absence from this 800-row file does not mean the occupation is absent from the 923-occupation research model.
27-2021.00,Athletes and Sports Competitors,9,9,0,0,1.000000,0.000000,0.000000,"Assess performance following athletic competition, identifying strengths and weaknesses and making adjustments to improve future performance.",,,GPTs-are-GPTs human_labels on public_gpts_are_gpts_benchmark.csv,prayash-task-exposure-gpts-are-gpts-v1,Prayash common-occupation coverage — 800 occupations,923 occupations / 19265 tasks,true,true,Task-level benchmark category shares for product coverage. Not a probability that workers will lose jobs. Absence from this 800-row file does not mean the occupation is absent from the 923-occupation research model.
27-2022.00,Coaches and Scouts,28,21,2,5,0.750000,0.071429,0.178571,"Plan, organize, and conduct practice sessions.",Oversee the development and management of the sports program budget and fundraising activities.,"Adjust coaching techniques, based on the strengths and weaknesses of athletes.",GPTs-are-GPTs human_labels on public_gpts_are_gpts_benchmark.csv,prayash-task-exposure-gpts-are-gpts-v1,Prayash common-occupation coverage — 800 occupations,923 occupations / 19265 tasks,true,true,Task-level benchmark category shares for product coverage. Not a probability that workers will lose jobs. Absence from this 800-row file does not mean the occupation is absent from the 923-occupation research model.
27-2023.00,"Umpires, Referees, and Other Sports Officials",16,12,2,2,0.750000,0.125000,0.125000,"Officiate at sporting events, games, or competitions, to maintain standards of play and to ensure that game rules are observed.",Teach and explain the rules and regulations governing a specific sport.,"Verify credentials of participants in sporting events, and make other qualifying determinations, such as starting order or handicap number.",GPTs-are-GPTs human_labels on public_gpts_are_gpts_benchmark.csv,prayash-task-exposure-gpts-are-gpts-v1,Prayash common-occupation coverage — 800 occupations,923 occupations / 19265 tasks,true,true,Task-level benchmark category shares for product coverage. Not a probability that workers will lose jobs. Absence from this 800-row file does not mean the occupation is absent from the 923-occupation research model.
27-2031.00,Dancers,14,13,0,1,0.928571,0.000000,0.071429,Study and practice dance moves required in roles.,,Monitor the field of dance to remain aware of current trends and innovations.,GPTs-are-GPTs human_labels on public_gpts_are_gpts_benchmark.csv,prayash-task-exposure-gpts-are-gpts-v1,Prayash common-occupation coverage — 800 occupations,923 occupations / 19265 tasks,true,true,Task-level benchmark category shares for product coverage. Not a probability that workers will lose jobs. Absence from this 800-row file does not mean the occupation is absent from the 923-occupation research model.
27-2032.00,Choreographers,18,14,3,1,0.777778,0.166667,0.055556,Direct rehearsals to instruct dancers in dance steps and in techniques to achieve desired effects.,"Choose the music, sound effects, or spoken narrative to accompany a dance.","Seek influences from other art forms, such as theatre, the visual arts, and architecture.",GPTs-are-GPTs human_labels on public_gpts_are_gpts_benchmark.csv,prayash-task-exposure-gpts-are-gpts-v1,Prayash common-occupation coverage — 800 occupations,923 occupations / 19265 tasks,true,true,Task-level benchmark category shares for product coverage. Not a probability that workers will lose jobs. Absence from this 800-row file does not mean the occupation is absent from the 923-occupation research model.
27-2041.00,Music Directors and Composers,30,18,5,7,0.600000,0.166667,0.233333,"Use gestures to shape the music being played, communicating desired tempo, phrasing, tone, color, pitch, volume, and other performance aspects.","Consider such factors as ensemble size and abilities, availability of scores, and the need for musical variety, to select music to be performed.","Study scores to learn the music in detail, and to develop interpretations.",GPTs-are-GPTs human_labels on public_gpts_are_gpts_benchmark.csv,prayash-task-exposure-gpts-are-gpts-v1,Prayash common-occupation coverage — 800 occupations,923 occupations / 19265 tasks,true,true,Task-level benchmark category shares for product coverage. Not a probability that workers will lose jobs. Absence from this 800-row file does not mean the occupation is absent from the 923-occupation research model.
27-2042.00,Musicians and Singers,30,25,3,2,0.833333,0.100000,0.066667,"Perform before live audiences in concerts, recitals, educational presentations, and other social gatherings.",Sight-read musical parts during rehearsals.,Listen to recordings to master pieces or to maintain and improve skills.,GPTs-are-GPTs human_labels on public_gpts_are_gpts_benchmark.csv,prayash-task-exposure-gpts-are-gpts-v1,Prayash common-occupation coverage — 800 occupations,923 occupations / 19265 tasks,true,true,Task-level benchmark category shares for product coverage. Not a probability that workers will lose jobs. Absence from this 800-row file does not mean the occupation is absent from the 923-occupation research model.
27-2091.00,"Disc Jockeys, Except Radio",19,8,3,8,0.421053,0.157895,0.421053,Adhere to schedules to keep events running on time.,Accept music requests from event guests.,"Communicate with clients or venue owners to determine event information, such as music preferences, scheduling, and anticipated attendance.",GPTs-are-GPTs human_labels on public_gpts_are_gpts_benchmark.csv,prayash-task-exposure-gpts-are-gpts-v1,Prayash common-occupation coverage — 800 occupations,923 occupations / 19265 tasks,true,true,Task-level benchmark category shares for product coverage. Not a probability that workers will lose jobs. Absence from this 800-row file does not mean the occupation is absent from the 923-occupation research model.
27-3011.00,Broadcast Announcers and Radio Disc Jockeys,24,10,10,4,0.416667,0.416667,0.166667,Operate control consoles.,"Announce musical selections, station breaks, commercials, or public service information, and accept requests from listening audience.","Interview show guests about their lives, their work, or topics of current interest.",GPTs-are-GPTs human_labels on public_gpts_are_gpts_benchmark.csv,prayash-task-exposure-gpts-are-gpts-v1,Prayash common-occupation coverage — 800 occupations,923 occupations / 19265 tasks,true,true,Task-level benchmark category shares for product coverage. Not a probability that workers will lose jobs. Absence from this 800-row file does not mean the occupation is absent from the 923-occupation research model.
27-3023.00,"News Analysts, Reporters, and Journalists",30,5,13,12,0.166667,0.433333,0.400000,"Present news stories, and introduce in-depth videotaped segments or live transmissions from on-the-scene reporters.","Write commentaries, columns, or scripts, using computers.",Analyze and interpret news and information received from various sources to broadcast the information.,GPTs-are-GPTs human_labels on public_gpts_are_gpts_benchmark.csv,prayash-task-exposure-gpts-are-gpts-v1,Prayash common-occupation coverage — 800 occupations,923 occupations / 19265 tasks,true,true,Task-level benchmark category shares for product coverage. Not a probability that workers will lose jobs. Absence from this 800-row file does not mean the occupation is absent from the 923-occupation research model.
27-3031.00,Public Relations Specialists,18,1,12,5,0.055556,0.666667,0.277778,Coach client representatives in effective communication with the public or with employees.,"Plan or direct development or communication of programs to maintain favorable public or stockholder perceptions of an organization's accomplishments, agenda, or environmental responsibility.",Respond to requests for information from the media or designate an appropriate spokesperson or information source.,GPTs-are-GPTs human_labels on public_gpts_are_gpts_benchmark.csv,prayash-task-exposure-gpts-are-gpts-v1,Prayash common-occupation coverage — 800 occupations,923 occupations / 19265 tasks,true,true,Task-level benchmark category shares for product coverage. Not a probability that workers will lose jobs. Absence from this 800-row file does not mean the occupation is absent from the 923-occupation research model.
27-3041.00,Editors,21,5,11,5,0.238095,0.523810,0.238095,"Oversee publication production, including artwork, layout, computer typesetting, and printing, ensuring adherence to deadlines and budget requirements.","Read copy or proof to detect and correct errors in spelling, punctuation, and syntax.","Verify facts, dates, and statistics, using standard reference sources.",GPTs-are-GPTs human_labels on public_gpts_are_gpts_benchmark.csv,prayash-task-exposure-gpts-are-gpts-v1,Prayash common-occupation coverage — 800 occupations,923 occupations / 19265 tasks,true,true,Task-level benchmark category shares for product coverage. Not a probability that workers will lose jobs. Absence from this 800-row file does not mean the occupation is absent from the 923-occupation research model.
27-3042.00,Technical Writers,15,1,5,9,0.066667,0.333333,0.600000,"Observe production, developmental, and experimental activities to determine operating procedure and detail.","Organize material and complete writing assignment according to set standards regarding order, clarity, conciseness, style, and terminology.",Maintain records and files of work and revisions.,GPTs-are-GPTs human_labels on public_gpts_are_gpts_benchmark.csv,prayash-task-exposure-gpts-are-gpts-v1,Prayash common-occupation coverage — 800 occupations,923 occupations / 19265 tasks,true,true,Task-level benchmark category shares for product coverage. Not a probability that workers will lose jobs. Absence from this 800-row file does not mean the occupation is absent from the 923-occupation research model.
27-3043.00,Writers and Authors,20,0,13,7,0.000000,0.650000,0.350000,,"Develop advertising campaigns for a wide range of clients, working with an advertising agency's creative director and art director to determine the best way to present advertising information.",Present drafts and ideas to clients.,GPTs-are-GPTs human_labels on public_gpts_are_gpts_benchmark.csv,prayash-task-exposure-gpts-are-gpts-v1,Prayash common-occupation coverage — 800 occupations,923 occupations / 19265 tasks,true,true,Task-level benchmark category shares for product coverage. Not a probability that workers will lose jobs. Absence from this 800-row file does not mean the occupation is absent from the 923-occupation research model.
27-3043.05,"Poets, Lyricists and Creative Writers",16,3,11,2,0.187500,0.687500,0.125000,"Attend book launches and publicity events, or conduct public readings.","Write fiction or nonfiction prose, such as short stories, novels, biographies, articles, descriptive or critical analyses, and essays.","Confer with clients, editors, publishers, or producers to discuss changes or revisions to written material.",GPTs-are-GPTs human_labels on public_gpts_are_gpts_benchmark.csv,prayash-task-exposure-gpts-are-gpts-v1,Prayash common-occupation coverage — 800 occupations,923 occupations / 19265 tasks,true,true,Task-level benchmark category shares for product coverage. Not a probability that workers will lose jobs. Absence from this 800-row file does not mean the occupation is absent from the 923-occupation research model.
27-3091.00,Interpreters and Translators,17,2,13,2,0.117647,0.764706,0.117647,Check translations of technical terms and terminology to ensure that they are accurate and remain consistent throughout translation revisions.,Follow ethical codes that protect the confidentiality of information.,"Educate students, parents, staff, and teachers about the roles and functions of educational interpreters.",GPTs-are-GPTs human_labels on public_gpts_are_gpts_benchmark.csv,prayash-task-exposure-gpts-are-gpts-v1,Prayash common-occupation coverage — 800 occupations,923 occupations / 19265 tasks,true,true,Task-level benchmark category shares for product coverage. Not a probability that workers will lose jobs. Absence from this 800-row file does not mean the occupation is absent from the 923-occupation research model.
27-3092.00,Court Reporters and Simultaneous Captioners,14,1,2,11,0.071429,0.142857,0.785714,Ask speakers to clarify inaudible statements.,File a legible transcript of records of a court case with the court clerk's office.,"Record verbatim proceedings of courts, legislative assemblies, committee meetings, and other proceedings, using computerized recording equipment, electronic stenograph machines, or stenomasks.",GPTs-are-GPTs human_labels on public_gpts_are_gpts_benchmark.csv,prayash-task-exposure-gpts-are-gpts-v1,Prayash common-occupation coverage — 800 occupations,923 occupations / 19265 tasks,true,true,Task-level benchmark category shares for product coverage. Not a probability that workers will lose jobs. Absence from this 800-row file does not mean the occupation is absent from the 923-occupation research model.
27-4011.00,Audio and Video Technicians,29,13,4,12,0.448276,0.137931,0.413793,Notify supervisors when major equipment repairs are needed.,"Conduct training sessions on selection, use, and design of audio-visual materials and on operation of presentation equipment.","Compress, digitize, duplicate, and store audio and video data.",GPTs-are-GPTs human_labels on public_gpts_are_gpts_benchmark.csv,prayash-task-exposure-gpts-are-gpts-v1,Prayash common-occupation coverage — 800 occupations,923 occupations / 19265 tasks,true,true,Task-level benchmark category shares for product coverage. Not a probability that workers will lose jobs. Absence from this 800-row file does not mean the occupation is absent from the 923-occupation research model.
27-4012.00,Broadcast Technicians,29,18,4,7,0.620690,0.137931,0.241379,"Monitor strength, clarity, and reliability of incoming and outgoing signals, and adjust equipment as necessary to maintain quality broadcasts.",Schedule programming or read television programming logs to determine which programs are to be recorded or aired.,"Report equipment problems, ensure that repairs are made, and make emergency repairs to equipment when necessary and possible.",GPTs-are-GPTs human_labels on public_gpts_are_gpts_benchmark.csv,prayash-task-exposure-gpts-are-gpts-v1,Prayash common-occupation coverage — 800 occupations,923 occupations / 19265 tasks,true,true,Task-level benchmark category shares for product coverage. Not a probability that workers will lose jobs. Absence from this 800-row file does not mean the occupation is absent from the 923-occupation research model.
27-4021.00,Photographers,29,17,1,11,0.586207,0.034483,0.379310,"Adjust apertures, shutter speeds, and camera focus according to a combination of factors, such as lighting, field depth, subject motion, film type, and film speed.",Write photograph captions.,"Determine desired images and picture composition, selecting and adjusting subjects, equipment, and lighting to achieve desired effects.",GPTs-are-GPTs human_labels on public_gpts_are_gpts_benchmark.csv,prayash-task-exposure-gpts-are-gpts-v1,Prayash common-occupation coverage — 800 occupations,923 occupations / 19265 tasks,true,true,Task-level benchmark category shares for product coverage. Not a probability that workers will lose jobs. Absence from this 800-row file does not mean the occupation is absent from the 923-occupation research model.
27-4031.00,"Camera Operators, Television, Video, and Film",24,15,1,8,0.625000,0.041667,0.333333,"Operate television or motion picture cameras to record scenes for television broadcasts, advertising, or motion pictures.",Write new scripts for broadcasts.,"Compose and frame each shot, applying the technical aspects of light, lenses, film, filters, and camera settings to achieve the effects sought by directors.",GPTs-are-GPTs human_labels on public_gpts_are_gpts_benchmark.csv,prayash-task-exposure-gpts-are-gpts-v1,Prayash common-occupation coverage — 800 occupations,923 occupations / 19265 tasks,true,true,Task-level benchmark category shares for product coverage. Not a probability that workers will lose jobs. Absence from this 800-row file does not mean the occupation is absent from the 923-occupation research model.
27-4032.00,Film and Video Editors,23,5,4,14,0.217391,0.173913,0.608696,"Set up and operate computer editing systems, electronic titling systems, video switching equipment, and digital video effects units to produce a final product.",Study scripts to become familiar with production concepts and requirements.,Organize and string together raw footage into a continuous whole according to scripts or the instructions of directors and producers.,GPTs-are-GPTs human_labels on public_gpts_are_gpts_benchmark.csv,prayash-task-exposure-gpts-are-gpts-v1,Prayash common-occupation coverage — 800 occupations,923 occupations / 19265 tasks,true,true,Task-level benchmark category shares for product coverage. Not a probability that workers will lose jobs. Absence from this 800-row file does not mean the occupation is absent from the 923-occupation research model.
29-1021.00,"Dentists, General",20,14,3,3,0.700000,0.150000,0.150000,"Use masks, gloves, and safety glasses to protect patients and self from infectious diseases.",Write prescriptions for antibiotics or other medications.,Formulate plan of treatment for patient's teeth and mouth tissue.,GPTs-are-GPTs human_labels on public_gpts_are_gpts_benchmark.csv,prayash-task-exposure-gpts-are-gpts-v1,Prayash common-occupation coverage — 800 occupations,923 occupations / 19265 tasks,true,true,Task-level benchmark category shares for product coverage. Not a probability that workers will lose jobs. Absence from this 800-row file does not mean the occupation is absent from the 923-occupation research model.
29-1031.00,Dietitians and Nutritionists,28,9,8,11,0.321429,0.285714,0.392857,"Counsel individuals and groups on basic rules of good nutrition, healthy eating habits, and nutrition monitoring to improve their quality of life.",Evaluate laboratory tests in preparing nutrition recommendations.,"Assess nutritional needs, diet restrictions, and current health plans to develop and implement dietary-care plans and provide nutritional counseling.",GPTs-are-GPTs human_labels on public_gpts_are_gpts_benchmark.csv,prayash-task-exposure-gpts-are-gpts-v1,Prayash common-occupation coverage — 800 occupations,923 occupations / 19265 tasks,true,true,Task-level benchmark category shares for product coverage. Not a probability that workers will lose jobs. Absence from this 800-row file does not mean the occupation is absent from the 923-occupation research model.
29-1051.00,Pharmacists,21,10,5,6,0.476190,0.238095,0.285714,"Review prescriptions to assure accuracy, to ascertain the needed ingredients, and to evaluate their suitability.","Provide information and advice regarding drug interactions, side effects, dosage, and proper medication storage.","Maintain records, such as pharmacy files, patient profiles, charge system files, inventories, control records for radioactive nuclei, or registries of poisons, narcotics, or controlled drugs.",GPTs-are-GPTs human_labels on public_gpts_are_gpts_benchmark.csv,prayash-task-exposure-gpts-are-gpts-v1,Prayash common-occupation coverage — 800 occupations,923 occupations / 19265 tasks,true,true,Task-level benchmark category shares for product coverage. Not a probability that workers will lose jobs. Absence from this 800-row file does not mean the occupation is absent from the 923-occupation research model.
29-1071.00,Physician Assistants,12,9,0,3,0.750000,0.000000,0.250000,Make tentative diagnoses and decisions about management and treatment of patients.,,Interpret diagnostic test results for deviations from normal.,GPTs-are-GPTs human_labels on public_gpts_are_gpts_benchmark.csv,prayash-task-exposure-gpts-are-gpts-v1,Prayash common-occupation coverage — 800 occupations,923 occupations / 19265 tasks,true,true,Task-level benchmark category shares for product coverage. Not a probability that workers will lose jobs. Absence from this 800-row file does not mean the occupation is absent from the 923-occupation research model.
29-1071.01,Anesthesiologist Assistants,16,13,0,3,0.812500,0.000000,0.187500,"Provide airway management interventions including tracheal intubation, fiber optics, or ventilary support.",,"Participate in seminars, workshops, or other professional activities to keep abreast of developments in anesthesiology.",GPTs-are-GPTs human_labels on public_gpts_are_gpts_benchmark.csv,prayash-task-exposure-gpts-are-gpts-v1,Prayash common-occupation coverage — 800 occupations,923 occupations / 19265 tasks,true,true,Task-level benchmark category shares for product coverage. Not a probability that workers will lose jobs. Absence from this 800-row file does not mean the occupation is absent from the 923-occupation research model.
29-1122.00,Occupational Therapists,17,6,2,9,0.352941,0.117647,0.529412,Train caregivers in providing for the needs of a patient during and after therapy.,Test and evaluate patients' physical and mental abilities and analyze medical data to determine realistic rehabilitation goals for patients.,Complete and maintain necessary records.,GPTs-are-GPTs human_labels on public_gpts_are_gpts_benchmark.csv,prayash-task-exposure-gpts-are-gpts-v1,Prayash common-occupation coverage — 800 occupations,923 occupations / 19265 tasks,true,true,Task-level benchmark category shares for product coverage. Not a probability that workers will lose jobs. Absence from this 800-row file does not mean the occupation is absent from the 923-occupation research model.
29-1122.01,"Low Vision Therapists, Orientation and Mobility Specialists, and Vision Rehabilitation Therapists",21,13,4,4,0.619048,0.190476,0.190476,"Teach cane skills, including cane use with a guide, diagonal techniques, and two-point touches.","Recommend appropriate mobility devices or systems, such as human guides, dog guides, long canes, electronic travel aids (ETAs), and other adaptive mobility devices (AMDs).","Develop rehabilitation or instructional plans collaboratively with clients, based on results of assessments, needs, and goals.",GPTs-are-GPTs human_labels on public_gpts_are_gpts_benchmark.csv,prayash-task-exposure-gpts-are-gpts-v1,Prayash common-occupation coverage — 800 occupations,923 occupations / 19265 tasks,true,true,Task-level benchmark category shares for product coverage. Not a probability that workers will lose jobs. Absence from this 800-row file does not mean the occupation is absent from the 923-occupation research model.
29-1123.00,Physical Therapists,24,11,3,10,0.458333,0.125000,0.416667,Instruct patient and family in treatment procedures to be continued at home.,Inform patients and refer to appropriate practitioners when diagnosis reveals findings outside physical therapy.,"Plan, prepare, or carry out individually designed programs of physical treatment to maintain, improve, or restore physical functioning, alleviate pain, or prevent physical dysfunction in patients.",GPTs-are-GPTs human_labels on public_gpts_are_gpts_benchmark.csv,prayash-task-exposure-gpts-are-gpts-v1,Prayash common-occupation coverage — 800 occupations,923 occupations / 19265 tasks,true,true,Task-level benchmark category shares for product coverage. Not a probability that workers will lose jobs. Absence from this 800-row file does not mean the occupation is absent from the 923-occupation research model.
29-1124.00,Radiation Therapists,22,15,1,6,0.681818,0.045455,0.272727,"Position patients for treatment with accuracy, according to prescription.",Implement appropriate follow-up care plans.,Enter data into computer and set controls to operate or adjust equipment or regulate dosage.,GPTs-are-GPTs human_labels on public_gpts_are_gpts_benchmark.csv,prayash-task-exposure-gpts-are-gpts-v1,Prayash common-occupation coverage — 800 occupations,923 occupations / 19265 tasks,true,true,Task-level benchmark category shares for product coverage. Not a probability that workers will lose jobs. Absence from this 800-row file does not mean the occupation is absent from the 923-occupation research model.
29-1126.00,Respiratory Therapists,22,16,2,4,0.727273,0.090909,0.181818,"Provide emergency care, such as artificial respiration, external cardiac massage, or assistance with cardiopulmonary resuscitation.",Explain treatment procedures to patients to gain cooperation and allay fears.,"Work as part of a team of physicians, nurses, or other healthcare professionals to manage patient care by assisting with medical procedures or related duties.",GPTs-are-GPTs human_labels on public_gpts_are_gpts_benchmark.csv,prayash-task-exposure-gpts-are-gpts-v1,Prayash common-occupation coverage — 800 occupations,923 occupations / 19265 tasks,true,true,Task-level benchmark category shares for product coverage. Not a probability that workers will lose jobs. Absence from this 800-row file does not mean the occupation is absent from the 923-occupation research model.
29-1127.00,Speech-Language Pathologists,24,8,3,13,0.333333,0.125000,0.541667,Monitor patients' progress and adjust treatments accordingly.,"Consult with and advise educators or medical staff on speech or hearing topics, such as communication strategies or speech and language stimulation.","Evaluate hearing or speech and language test results, barium swallow results, or medical or background information to diagnose and plan treatment for speech, language, fluency, voice, or swallowing disorders.",GPTs-are-GPTs human_labels on public_gpts_are_gpts_benchmark.csv,prayash-task-exposure-gpts-are-gpts-v1,Prayash common-occupation coverage — 800 occupations,923 occupations / 19265 tasks,true,true,Task-level benchmark category shares for product coverage. Not a probability that workers will lose jobs. Absence from this 800-row file does not mean the occupation is absent from the 923-occupation research model.
29-1128.00,Exercise Physiologists,25,15,7,3,0.600000,0.280000,0.120000,Provide emergency or other appropriate medical care to participants with symptoms or signs of physical distress.,"Develop exercise programs to improve participant strength, flexibility, endurance, or circulatory functioning, in accordance with exercise science standards, regulatory requirements, and credentialing requirements.",Interpret exercise program participant data to evaluate progress or identify needed program changes.,GPTs-are-GPTs human_labels on public_gpts_are_gpts_benchmark.csv,prayash-task-exposure-gpts-are-gpts-v1,Prayash common-occupation coverage — 800 occupations,923 occupations / 19265 tasks,true,true,Task-level benchmark category shares for product coverage. Not a probability that workers will lose jobs. Absence from this 800-row file does not mean the occupation is absent from the 923-occupation research model.
29-1129.01,Art Therapists,25,12,2,11,0.480000,0.080000,0.440000,"Observe and document client reactions, progress, or other outcomes related to art therapy.","Conduct art therapy sessions, providing guided self-expression experiences to help clients recover from, or cope with, cognitive, emotional, or physical impairments.",Design art therapy sessions or programs to meet client's goals or objectives.,GPTs-are-GPTs human_labels on public_gpts_are_gpts_benchmark.csv,prayash-task-exposure-gpts-are-gpts-v1,Prayash common-occupation coverage — 800 occupations,923 occupations / 19265 tasks,true,true,Task-level benchmark category shares for product coverage. Not a probability that workers will lose jobs. Absence from this 800-row file does not mean the occupation is absent from the 923-occupation research model.
29-1129.02,Music Therapists,30,5,5,20,0.166667,0.166667,0.666667,"Sing or play musical instruments, such as keyboard, guitar, or percussion instruments.","Design or provide music therapy experiences to address client needs, such as using music for self-care, adjusting to life changes, improving cognitive functioning, raising self-esteem, communicating, or controlling impulses.","Design music therapy experiences, using various musical elements to meet client's goals or objectives.",GPTs-are-GPTs human_labels on public_gpts_are_gpts_benchmark.csv,prayash-task-exposure-gpts-are-gpts-v1,Prayash common-occupation coverage — 800 occupations,923 occupations / 19265 tasks,true,true,Task-level benchmark category shares for product coverage. Not a probability that workers will lose jobs. Absence from this 800-row file does not mean the occupation is absent from the 923-occupation research model.
29-1131.00,Veterinarians,23,14,1,8,0.608696,0.043478,0.347826,"Treat sick or injured animals by prescribing medication, setting bones, dressing wounds, or performing surgery.",Establish or conduct quarantine or testing procedures that prevent the spread of diseases to other animals or to humans and that comply with applicable government regulations.,"Operate diagnostic equipment, such as radiographic or ultrasound equipment, and interpret the resulting images.",GPTs-are-GPTs human_labels on public_gpts_are_gpts_benchmark.csv,prayash-task-exposure-gpts-are-gpts-v1,Prayash common-occupation coverage — 800 occupations,923 occupations / 19265 tasks,true,true,Task-level benchmark category shares for product coverage. Not a probability that workers will lose jobs. Absence from this 800-row file does not mean the occupation is absent from the 923-occupation research model.
29-1141.00,Registered Nurses,27,12,5,10,0.444444,0.185185,0.370370,Administer medications to patients and monitor patients for reactions or side effects.,"Monitor all aspects of patient care, including diet and physical activity.",Record patients' medical information and vital signs.,GPTs-are-GPTs human_labels on public_gpts_are_gpts_benchmark.csv,prayash-task-exposure-gpts-are-gpts-v1,Prayash common-occupation coverage — 800 occupations,923 occupations / 19265 tasks,true,true,Task-level benchmark category shares for product coverage. Not a probability that workers will lose jobs. Absence from this 800-row file does not mean the occupation is absent from the 923-occupation research model.
29-1141.01,Acute Care Nurses,27,13,4,10,0.481481,0.148148,0.370370,"Perform emergency medical procedures, such as basic cardiac life support (BLS), advanced cardiac life support (ACLS), and other condition-stabilizing interventions.","Assess the impact of illnesses or injuries on patients' health, function, growth, development, nutrition, sleep, rest, quality of life, or family, social and educational relationships.","Document data related to patients' care, including assessment results, interventions, medications, patient responses, or treatment changes.",GPTs-are-GPTs human_labels on public_gpts_are_gpts_benchmark.csv,prayash-task-exposure-gpts-are-gpts-v1,Prayash common-occupation coverage — 800 occupations,923 occupations / 19265 tasks,true,true,Task-level benchmark category shares for product coverage. Not a probability that workers will lose jobs. Absence from this 800-row file does not mean the occupation is absent from the 923-occupation research model.
29-1141.02,Advanced Practice Psychiatric Nurses,24,11,7,6,0.458333,0.291667,0.250000,Monitor patients' medication usage and results.,"Assess patients' mental and physical status, based on the presenting symptoms and complaints.","Document patients' medical and psychological histories, physical assessment results, diagnoses, treatment plans, prescriptions, or outcomes.",GPTs-are-GPTs human_labels on public_gpts_are_gpts_benchmark.csv,prayash-task-exposure-gpts-are-gpts-v1,Prayash common-occupation coverage — 800 occupations,923 occupations / 19265 tasks,true,true,Task-level benchmark category shares for product coverage. Not a probability that workers will lose jobs. Absence from this 800-row file does not mean the occupation is absent from the 923-occupation research model.
29-1141.03,Critical Care Nurses,29,19,1,9,0.655172,0.034483,0.310345,Monitor patients for changes in status and indications of conditions such as sepsis or shock and institute appropriate interventions.,"Assess patients' psychosocial status and needs, including areas such as sleep patterns, anxiety, grief, anger, and support systems.",Evaluate patients' vital signs or laboratory data to determine emergency intervention needs.,GPTs-are-GPTs human_labels on public_gpts_are_gpts_benchmark.csv,prayash-task-exposure-gpts-are-gpts-v1,Prayash common-occupation coverage — 800 occupations,923 occupations / 19265 tasks,true,true,Task-level benchmark category shares for product coverage. Not a probability that workers will lose jobs. Absence from this 800-row file does not mean the occupation is absent from the 923-occupation research model.
29-1141.04,Clinical Nurse Specialists,30,14,4,12,0.466667,0.133333,0.400000,Evaluate the quality and effectiveness of nursing practice or organizational systems.,"Provide consultation to other health care providers in areas such as patient discharge, patient care, or clinical procedures.",Collaborate with other health care professionals and service providers to ensure optimal patient care.,GPTs-are-GPTs human_labels on public_gpts_are_gpts_benchmark.csv,prayash-task-exposure-gpts-are-gpts-v1,Prayash common-occupation coverage — 800 occupations,923 occupations / 19265 tasks,true,true,Task-level benchmark category shares for product coverage. Not a probability that workers will lose jobs. Absence from this 800-row file does not mean the occupation is absent from the 923-occupation research model.
29-1151.00,Nurse Anesthetists,24,18,0,6,0.750000,0.000000,0.250000,"Manage patients' airway or pulmonary status, using techniques such as endotracheal intubation, mechanical ventilation, pharmacological support, respiratory therapy, and extubation.",,Assess patients' medical histories to predict anesthesia response.,GPTs-are-GPTs human_labels on public_gpts_are_gpts_benchmark.csv,prayash-task-exposure-gpts-are-gpts-v1,Prayash common-occupation coverage — 800 occupations,923 occupations / 19265 tasks,true,true,Task-level benchmark category shares for product coverage. Not a probability that workers will lose jobs. Absence from this 800-row file does not mean the occupation is absent from the 923-occupation research model.
29-1161.00,Nurse Midwives,21,11,2,8,0.523810,0.095238,0.380952,"Provide prenatal, intrapartum, postpartum, or newborn care to patients.","Explain procedures to patients, family members, staff members or others.","Document patients' health histories, symptoms, physical conditions, or other diagnostic information.",GPTs-are-GPTs human_labels on public_gpts_are_gpts_benchmark.csv,prayash-task-exposure-gpts-are-gpts-v1,Prayash common-occupation coverage — 800 occupations,923 occupations / 19265 tasks,true,true,Task-level benchmark category shares for product coverage. Not a probability that workers will lose jobs. Absence from this 800-row file does not mean the occupation is absent from the 923-occupation research model.
29-1171.00,Nurse Practitioners,27,12,2,13,0.444444,0.074074,0.481481,"Prescribe medication dosages, routes, and frequencies, based on such patient characteristics as age and gender.","Counsel patients about drug regimens and possible side effects or interactions with other substances, such as food supplements, over-the-counter (OTC) medications, or herbal remedies.",Maintain complete and detailed records of patients' health care plans and prognoses.,GPTs-are-GPTs human_labels on public_gpts_are_gpts_benchmark.csv,prayash-task-exposure-gpts-are-gpts-v1,Prayash common-occupation coverage — 800 occupations,923 occupations / 19265 tasks,true,true,Task-level benchmark category shares for product coverage. Not a probability that workers will lose jobs. Absence from this 800-row file does not mean the occupation is absent from the 923-occupation research model.
29-1181.00,Audiologists,22,7,5,10,0.318182,0.227273,0.454545,"Fit, dispense, and repair assistive devices, such as hearing aids.","Instruct patients, parents, teachers, or employers in communication strategies to maximize effective receptive communication.","Maintain patient records at all stages, including initial and subsequent evaluation and treatment activities.",GPTs-are-GPTs human_labels on public_gpts_are_gpts_benchmark.csv,prayash-task-exposure-gpts-are-gpts-v1,Prayash common-occupation coverage — 800 occupations,923 occupations / 19265 tasks,true,true,Task-level benchmark category shares for product coverage. Not a probability that workers will lose jobs. Absence from this 800-row file does not mean the occupation is absent from the 923-occupation research model.
29-1211.00,Anesthesiologists,18,8,1,9,0.444444,0.055556,0.500000,"Monitor patient before, during, and after anesthesia and counteract adverse reactions or complications.","Inform students and staff of types and methods of anesthesia administration, signs of complications, and emergency methods to counteract reactions.",Record type and amount of anesthesia and patient condition throughout procedure.,GPTs-are-GPTs human_labels on public_gpts_are_gpts_benchmark.csv,prayash-task-exposure-gpts-are-gpts-v1,Prayash common-occupation coverage — 800 occupations,923 occupations / 19265 tasks,true,true,Task-level benchmark category shares for product coverage. Not a probability that workers will lose jobs. Absence from this 800-row file does not mean the occupation is absent from the 923-occupation research model.
29-1212.00,Cardiologists,26,16,2,8,0.615385,0.076923,0.307692,"Administer emergency cardiac care for life-threatening heart problems, such as cardiac arrest and heart attack.",Explain procedures and discuss test results or prescribed treatments with patients.,"Advise patients and community members concerning diet, activity, hygiene, or disease prevention.",GPTs-are-GPTs human_labels on public_gpts_are_gpts_benchmark.csv,prayash-task-exposure-gpts-are-gpts-v1,Prayash common-occupation coverage — 800 occupations,923 occupations / 19265 tasks,true,true,Task-level benchmark category shares for product coverage. Not a probability that workers will lose jobs. Absence from this 800-row file does not mean the occupation is absent from the 923-occupation research model.
29-1213.00,Dermatologists,18,9,3,6,0.500000,0.166667,0.333333,Conduct complete skin examinations.,"Counsel patients on topics such as the need for annual dermatologic screenings, sun protection, skin cancer awareness, or skin and lymph node self-examinations.",Record patients' health histories.,GPTs-are-GPTs human_labels on public_gpts_are_gpts_benchmark.csv,prayash-task-exposure-gpts-are-gpts-v1,Prayash common-occupation coverage — 800 occupations,923 occupations / 19265 tasks,true,true,Task-level benchmark category shares for product coverage. Not a probability that workers will lose jobs. Absence from this 800-row file does not mean the occupation is absent from the 923-occupation research model.
29-1214.00,Emergency Medicine Physicians,17,8,3,6,0.470588,0.176471,0.352941,Assess patients' pain levels or sedation requirements.,Communicate likely outcomes of medical diseases or traumatic conditions to patients or their representatives.,"Analyze records, examination information, or test results to diagnose medical conditions.",GPTs-are-GPTs human_labels on public_gpts_are_gpts_benchmark.csv,prayash-task-exposure-gpts-are-gpts-v1,Prayash common-occupation coverage — 800 occupations,923 occupations / 19265 tasks,true,true,Task-level benchmark category shares for product coverage. Not a probability that workers will lose jobs. Absence from this 800-row file does not mean the occupation is absent from the 923-occupation research model.
29-1216.00,General Internal Medicine Physicians,19,10,5,4,0.526316,0.263158,0.210526,"Treat internal disorders, such as hypertension, heart disease, diabetes, or problems of the lung, brain, kidney, or gastrointestinal tract.",Explain procedures and discuss test results or prescribed treatments with patients.,"Analyze records, reports, test results, or examination information to diagnose medical condition of patient.",GPTs-are-GPTs human_labels on public_gpts_are_gpts_benchmark.csv,prayash-task-exposure-gpts-are-gpts-v1,Prayash common-occupation coverage — 800 occupations,923 occupations / 19265 tasks,true,true,Task-level benchmark category shares for product coverage. Not a probability that workers will lose jobs. Absence from this 800-row file does not mean the occupation is absent from the 923-occupation research model.
29-1217.00,Neurologists,24,10,3,11,0.416667,0.125000,0.458333,"Examine patients to obtain information about functional status of areas, such as vision, physical strength, coordination, reflexes, sensations, language skills, cognitive abilities, and mental status.","Counsel patients or others on the background of neurological disorders including risk factors, or genetic or environmental concerns.","Interview patients to obtain information, such as complaints, symptoms, medical histories, and family histories.",GPTs-are-GPTs human_labels on public_gpts_are_gpts_benchmark.csv,prayash-task-exposure-gpts-are-gpts-v1,Prayash common-occupation coverage — 800 occupations,923 occupations / 19265 tasks,true,true,Task-level benchmark category shares for product coverage. Not a probability that workers will lose jobs. Absence from this 800-row file does not mean the occupation is absent from the 923-occupation research model.
29-1221.00,"Pediatricians, General",17,8,4,5,0.470588,0.235294,0.294118,"Prescribe or administer treatment, therapy, medication, vaccination, and other specialized medical care to treat or prevent illness, disease, or injury in infants and children.",Explain procedures and discuss test results or prescribed treatments with patients and parents or guardians.,"Examine patients or order, perform, and interpret diagnostic tests to obtain information on medical condition and determine diagnosis.",GPTs-are-GPTs human_labels on public_gpts_are_gpts_benchmark.csv,prayash-task-exposure-gpts-are-gpts-v1,Prayash common-occupation coverage — 800 occupations,923 occupations / 19265 tasks,true,true,Task-level benchmark category shares for product coverage. Not a probability that workers will lose jobs. Absence from this 800-row file does not mean the occupation is absent from the 923-occupation research model.
29-1222.00,"Physicians, Pathologists",19,9,1,9,0.473684,0.052632,0.473684,Examine microscopic samples to identify diseases or other abnormalities.,"Write pathology reports summarizing analyses, results, and conclusions.",Communicate pathologic findings to surgeons or other physicians.,GPTs-are-GPTs human_labels on public_gpts_are_gpts_benchmark.csv,prayash-task-exposure-gpts-are-gpts-v1,Prayash common-occupation coverage — 800 occupations,923 occupations / 19265 tasks,true,true,Task-level benchmark category shares for product coverage. Not a probability that workers will lose jobs. Absence from this 800-row file does not mean the occupation is absent from the 923-occupation research model.
29-1224.00,Radiologists,30,10,9,11,0.333333,0.300000,0.366667,"Instruct radiologic staff in desired techniques, positions, or projections.",Prepare comprehensive interpretive reports of findings.,"Obtain patients' histories from electronic records, patient interviews, dictated reports, or by communicating with referring clinicians.",GPTs-are-GPTs human_labels on public_gpts_are_gpts_benchmark.csv,prayash-task-exposure-gpts-are-gpts-v1,Prayash common-occupation coverage — 800 occupations,923 occupations / 19265 tasks,true,true,Task-level benchmark category shares for product coverage. Not a probability that workers will lose jobs. Absence from this 800-row file does not mean the occupation is absent from the 923-occupation research model.
29-1229.01,Allergists and Immunologists,16,6,2,8,0.375000,0.125000,0.500000,Diagnose or treat allergic or immunologic conditions.,"Educate patients about diagnoses, prognoses, or treatments.","Order or perform diagnostic tests such as skin pricks and intradermal, patch, or delayed hypersensitivity tests.",GPTs-are-GPTs human_labels on public_gpts_are_gpts_benchmark.csv,prayash-task-exposure-gpts-are-gpts-v1,Prayash common-occupation coverage — 800 occupations,923 occupations / 19265 tasks,true,true,Task-level benchmark category shares for product coverage. Not a probability that workers will lose jobs. Absence from this 800-row file does not mean the occupation is absent from the 923-occupation research model.
29-1229.02,Hospitalists,14,5,1,8,0.357143,0.071429,0.571429,"Diagnose, treat, or provide continuous care to hospital inpatients.","Refer patients to medical specialists, social services, or other professionals as appropriate.",Order or interpret the results of tests such as laboratory tests and radiographs (x-rays).,GPTs-are-GPTs human_labels on public_gpts_are_gpts_benchmark.csv,prayash-task-exposure-gpts-are-gpts-v1,Prayash common-occupation coverage — 800 occupations,923 occupations / 19265 tasks,true,true,Task-level benchmark category shares for product coverage. Not a probability that workers will lose jobs. Absence from this 800-row file does not mean the occupation is absent from the 923-occupation research model.
29-1229.03,Urologists,14,9,2,3,0.642857,0.142857,0.214286,"Perform abdominal, pelvic, or retroperitoneal surgeries.",Provide urology consultation to physicians or other health care professionals.,"Diagnose or treat diseases or disorders of genitourinary organs and tracts including erectile dysfunction (ED), infertility, incontinence, bladder cancer, prostate cancer, urethral stones, or premature ejaculation.",GPTs-are-GPTs human_labels on public_gpts_are_gpts_benchmark.csv,prayash-task-exposure-gpts-are-gpts-v1,Prayash common-occupation coverage — 800 occupations,923 occupations / 19265 tasks,true,true,Task-level benchmark category shares for product coverage. Not a probability that workers will lose jobs. Absence from this 800-row file does not mean the occupation is absent from the 923-occupation research model.
29-1229.04,Physical Medicine and Rehabilitation Physicians,15,11,0,4,0.733333,0.000000,0.266667,"Examine patients to assess mobility, strength, communication, or cognition.",,"Document examination results, treatment plans, and patients' outcomes.",GPTs-are-GPTs human_labels on public_gpts_are_gpts_benchmark.csv,prayash-task-exposure-gpts-are-gpts-v1,Prayash common-occupation coverage — 800 occupations,923 occupations / 19265 tasks,true,true,Task-level benchmark category shares for product coverage. Not a probability that workers will lose jobs. Absence from this 800-row file does not mean the occupation is absent from the 923-occupation research model.
29-1229.05,Preventive Medicine Physicians,15,5,1,9,0.333333,0.066667,0.600000,Identify groups at risk for specific preventable diseases or injuries.,"Design, implement, or evaluate health service delivery systems to improve the health of targeted populations.","Direct or manage prevention programs in specialty areas such as aerospace, occupational, infectious disease, and environmental medicine.",GPTs-are-GPTs human_labels on public_gpts_are_gpts_benchmark.csv,prayash-task-exposure-gpts-are-gpts-v1,Prayash common-occupation coverage — 800 occupations,923 occupations / 19265 tasks,true,true,Task-level benchmark category shares for product coverage. Not a probability that workers will lose jobs. Absence from this 800-row file does not mean the occupation is absent from the 923-occupation research model.
29-1229.06,Sports Medicine Physicians,27,11,8,8,0.407407,0.296296,0.296296,Diagnose or treat disorders of the musculoskeletal system.,Advise against injured athletes returning to games or competition if resuming activity could lead to further injury.,Order and interpret the results of laboratory tests and diagnostic imaging procedures.,GPTs-are-GPTs human_labels on public_gpts_are_gpts_benchmark.csv,prayash-task-exposure-gpts-are-gpts-v1,Prayash common-occupation coverage — 800 occupations,923 occupations / 19265 tasks,true,true,Task-level benchmark category shares for product coverage. Not a probability that workers will lose jobs. Absence from this 800-row file does not mean the occupation is absent from the 923-occupation research model.
29-1241.00,"Ophthalmologists, Except Pediatric",18,8,2,8,0.444444,0.111111,0.444444,Perform comprehensive examinations of the visual system to determine the nature or extent of ocular disorders.,Provide ophthalmic consultation to other medical professionals.,Develop or implement plans and procedures for ophthalmologic services.,GPTs-are-GPTs human_labels on public_gpts_are_gpts_benchmark.csv,prayash-task-exposure-gpts-are-gpts-v1,Prayash common-occupation coverage — 800 occupations,923 occupations / 19265 tasks,true,true,Task-level benchmark category shares for product coverage. Not a probability that workers will lose jobs. Absence from this 800-row file does not mean the occupation is absent from the 923-occupation research model.
29-1243.00,Pediatric Surgeons,18,11,1,6,0.611111,0.055556,0.333333,"Describe preoperative and postoperative treatments and procedures, such as sedatives, diets, antibiotics, or preparation and treatment of the patient's operative area, to parents or guardians of the patient.",Refer patient to medical specialist or other practitioners when necessary.,"Analyze patient's medical history, medication allergies, physical condition, and examination results to verify operation's necessity and to determine best procedure.",GPTs-are-GPTs human_labels on public_gpts_are_gpts_benchmark.csv,prayash-task-exposure-gpts-are-gpts-v1,Prayash common-occupation coverage — 800 occupations,923 occupations / 19265 tasks,true,true,Task-level benchmark category shares for product coverage. Not a probability that workers will lose jobs. Absence from this 800-row file does not mean the occupation is absent from the 923-occupation research model.
29-1291.00,Acupuncturists,18,10,3,5,0.555556,0.166667,0.277778,"Adhere to local, state, and federal laws, regulations, and statutes.",Collect medical histories and general health and lifestyle information from patients.,Develop individual treatment plans and strategies.,GPTs-are-GPTs human_labels on public_gpts_are_gpts_benchmark.csv,prayash-task-exposure-gpts-are-gpts-v1,Prayash common-occupation coverage — 800 occupations,923 occupations / 19265 tasks,true,true,Task-level benchmark category shares for product coverage. Not a probability that workers will lose jobs. Absence from this 800-row file does not mean the occupation is absent from the 923-occupation research model.
29-1292.00,Dental Hygienists,18,15,0,3,0.833333,0.000000,0.166667,Feel and visually examine gums for sores and signs of disease.,,Record and review patient medical histories.,GPTs-are-GPTs human_labels on public_gpts_are_gpts_benchmark.csv,prayash-task-exposure-gpts-are-gpts-v1,Prayash common-occupation coverage — 800 occupations,923 occupations / 19265 tasks,true,true,Task-level benchmark category shares for product coverage. Not a probability that workers will lose jobs. Absence from this 800-row file does not mean the occupation is absent from the 923-occupation research model.
29-1299.01,Naturopathic Physicians,20,12,2,6,0.600000,0.100000,0.300000,Advise patients about therapeutic exercise and nutritional medicine regimens.,Educate patients about health care management.,"Document patients' histories, including identifying data, chief complaints, illnesses, previous medical or family histories, or psychosocial characteristics.",GPTs-are-GPTs human_labels on public_gpts_are_gpts_benchmark.csv,prayash-task-exposure-gpts-are-gpts-v1,Prayash common-occupation coverage — 800 occupations,923 occupations / 19265 tasks,true,true,Task-level benchmark category shares for product coverage. Not a probability that workers will lose jobs. Absence from this 800-row file does not mean the occupation is absent from the 923-occupation research model.
29-2011.01,Cytogenetic Technologists,30,17,7,6,0.566667,0.233333,0.200000,"Arrange and attach chromosomes in numbered pairs on karyotype charts, using standard genetics laboratory practices and nomenclature, to identify normal or abnormal chromosomes.",Select appropriate culturing system or procedure based on specimen type and reason for referral.,"Input details of specimen processing, analysis, and technical issues into logs or laboratory information systems (LIS).",GPTs-are-GPTs human_labels on public_gpts_are_gpts_benchmark.csv,prayash-task-exposure-gpts-are-gpts-v1,Prayash common-occupation coverage — 800 occupations,923 occupations / 19265 tasks,true,true,Task-level benchmark category shares for product coverage. Not a probability that workers will lose jobs. Absence from this 800-row file does not mean the occupation is absent from the 923-occupation research model.
29-2031.00,Cardiovascular Technologists and Technicians,25,19,3,3,0.760000,0.120000,0.120000,"Conduct electrocardiogram (EKG), phonocardiogram, echocardiogram, stress testing, or other cardiovascular tests to record patients' cardiac activity, using specialized electronic test equipment, recording devices, or laboratory instruments.",Explain testing procedures to patients to obtain cooperation and reduce anxiety.,"Obtain and record patient identification, medical history, or test results.",GPTs-are-GPTs human_labels on public_gpts_are_gpts_benchmark.csv,prayash-task-exposure-gpts-are-gpts-v1,Prayash common-occupation coverage — 800 occupations,923 occupations / 19265 tasks,true,true,Task-level benchmark category shares for product coverage. Not a probability that workers will lose jobs. Absence from this 800-row file does not mean the occupation is absent from the 923-occupation research model.
29-2032.00,Diagnostic Medical Sonographers,20,11,3,6,0.550000,0.150000,0.300000,"Observe screen during scan to ensure that image produced is satisfactory for diagnostic purposes, making adjustments to equipment as required.","Prepare patient for exam by explaining procedure, transferring patient to ultrasound table, scrubbing skin and applying gel, and positioning patient properly.",Provide sonogram and oral or written summary of technical findings to physician for use in medical diagnosis.,GPTs-are-GPTs human_labels on public_gpts_are_gpts_benchmark.csv,prayash-task-exposure-gpts-are-gpts-v1,Prayash common-occupation coverage — 800 occupations,923 occupations / 19265 tasks,true,true,Task-level benchmark category shares for product coverage. Not a probability that workers will lose jobs. Absence from this 800-row file does not mean the occupation is absent from the 923-occupation research model.
29-2033.00,Nuclear Medicine Technologists,17,11,3,3,0.647059,0.176471,0.176471,"Administer radiopharmaceuticals or radiation intravenously to detect or treat diseases, using radioisotope equipment, under direction of a physician.",Explain test procedures and safety precautions to patients and provide them with assistance during test procedures.,"Calculate, measure, and record radiation dosage or radiopharmaceuticals received, used, and disposed, using computer and following physician's prescription.",GPTs-are-GPTs human_labels on public_gpts_are_gpts_benchmark.csv,prayash-task-exposure-gpts-are-gpts-v1,Prayash common-occupation coverage — 800 occupations,923 occupations / 19265 tasks,true,true,Task-level benchmark category shares for product coverage. Not a probability that workers will lose jobs. Absence from this 800-row file does not mean the occupation is absent from the 923-occupation research model.
29-2034.00,Radiologic Technologists and Technicians,30,16,3,11,0.533333,0.100000,0.366667,"Position imaging equipment and adjust controls to set exposure time and distance, according to specification of examination.",Explain procedures and observe patients to ensure safety and comfort during scan.,"Monitor patients' conditions and reactions, reporting abnormal signs to physician.",GPTs-are-GPTs human_labels on public_gpts_are_gpts_benchmark.csv,prayash-task-exposure-gpts-are-gpts-v1,Prayash common-occupation coverage — 800 occupations,923 occupations / 19265 tasks,true,true,Task-level benchmark category shares for product coverage. Not a probability that workers will lose jobs. Absence from this 800-row file does not mean the occupation is absent from the 923-occupation research model.
29-2035.00,Magnetic Resonance Imaging Technologists,23,16,3,4,0.695652,0.130435,0.173913,Operate magnetic resonance imaging (MRI) scanners.,Select appropriate imaging techniques or coils to produce required images.,"Inspect images for quality, using magnetic resonance scanner equipment and laser camera.",GPTs-are-GPTs human_labels on public_gpts_are_gpts_benchmark.csv,prayash-task-exposure-gpts-are-gpts-v1,Prayash common-occupation coverage — 800 occupations,923 occupations / 19265 tasks,true,true,Task-level benchmark category shares for product coverage. Not a probability that workers will lose jobs. Absence from this 800-row file does not mean the occupation is absent from the 923-occupation research model.
29-2036.00,Medical Dosimetrists,20,10,2,8,0.500000,0.100000,0.400000,Advise oncology team members on use of beam modifying or immobilization devices in radiation treatment plans.,"Educate patients regarding treatment plans, physiological reactions to treatment, or post-treatment care.","Calculate, or verify calculations of, prescribed radiation doses.",GPTs-are-GPTs human_labels on public_gpts_are_gpts_benchmark.csv,prayash-task-exposure-gpts-are-gpts-v1,Prayash common-occupation coverage — 800 occupations,923 occupations / 19265 tasks,true,true,Task-level benchmark category shares for product coverage. Not a probability that workers will lose jobs. Absence from this 800-row file does not mean the occupation is absent from the 923-occupation research model.
29-2042.00,Emergency Medical Technicians,12,7,0,5,0.583333,0.000000,0.416667,Administer first aid treatment or life support care to sick or injured persons in prehospital settings.,,Assess nature and extent of illness or injury to establish and prioritize medical procedures.,GPTs-are-GPTs human_labels on public_gpts_are_gpts_benchmark.csv,prayash-task-exposure-gpts-are-gpts-v1,Prayash common-occupation coverage — 800 occupations,923 occupations / 19265 tasks,true,true,Task-level benchmark category shares for product coverage. Not a probability that workers will lose jobs. Absence from this 800-row file does not mean the occupation is absent from the 923-occupation research model.
29-2043.00,Paramedics,13,8,0,5,0.615385,0.000000,0.384615,"Administer drugs, orally or by injection, or perform intravenous procedures.",,Assess nature and extent of illness or injury to establish and prioritize medical procedures.,GPTs-are-GPTs human_labels on public_gpts_are_gpts_benchmark.csv,prayash-task-exposure-gpts-are-gpts-v1,Prayash common-occupation coverage — 800 occupations,923 occupations / 19265 tasks,true,true,Task-level benchmark category shares for product coverage. Not a probability that workers will lose jobs. Absence from this 800-row file does not mean the occupation is absent from the 923-occupation research model.
29-2052.00,Pharmacy Technicians,21,8,4,9,0.380952,0.190476,0.428571,Maintain proper storage and security conditions for drugs.,Receive written prescription or refill requests and verify that information is complete and accurate.,Enter prescription information into computer databases.,GPTs-are-GPTs human_labels on public_gpts_are_gpts_benchmark.csv,prayash-task-exposure-gpts-are-gpts-v1,Prayash common-occupation coverage — 800 occupations,923 occupations / 19265 tasks,true,true,Task-level benchmark category shares for product coverage. Not a probability that workers will lose jobs. Absence from this 800-row file does not mean the occupation is absent from the 923-occupation research model.
29-2053.00,Psychiatric Technicians,16,8,3,5,0.500000,0.187500,0.312500,"Observe and influence patients' behavior, communicating and interacting with them and teaching, counseling, or befriending them.",Develop or teach strategies to promote client wellness and independence.,"Take and record measures of patients' physical condition, using devices such as thermometers or blood pressure gauges.",GPTs-are-GPTs human_labels on public_gpts_are_gpts_benchmark.csv,prayash-task-exposure-gpts-are-gpts-v1,Prayash common-occupation coverage — 800 occupations,923 occupations / 19265 tasks,true,true,Task-level benchmark category shares for product coverage. Not a probability that workers will lose jobs. Absence from this 800-row file does not mean the occupation is absent from the 923-occupation research model.
29-2055.00,Surgical Technologists,16,15,0,1,0.937500,0.000000,0.062500,Maintain a proper sterile field during surgical procedures.,,Maintain files and records of surgical procedures.,GPTs-are-GPTs human_labels on public_gpts_are_gpts_benchmark.csv,prayash-task-exposure-gpts-are-gpts-v1,Prayash common-occupation coverage — 800 occupations,923 occupations / 19265 tasks,true,true,Task-level benchmark category shares for product coverage. Not a probability that workers will lose jobs. Absence from this 800-row file does not mean the occupation is absent from the 923-occupation research model.
29-2056.00,Veterinary Technologists and Technicians,31,24,2,5,0.774194,0.064516,0.161290,"Administer anesthesia to animals, under the direction of a veterinarian, and monitor animals' responses to anesthetics so that dosages can be adjusted.","Discuss medical health of pets with clients, such as post-operative status.",Maintain controlled drug inventory and related log books.,GPTs-are-GPTs human_labels on public_gpts_are_gpts_benchmark.csv,prayash-task-exposure-gpts-are-gpts-v1,Prayash common-occupation coverage — 800 occupations,923 occupations / 19265 tasks,true,true,Task-level benchmark category shares for product coverage. Not a probability that workers will lose jobs. Absence from this 800-row file does not mean the occupation is absent from the 923-occupation research model.
29-2057.00,Ophthalmic Medical Technicians,20,16,1,3,0.800000,0.050000,0.150000,Conduct tonometry or tonography tests to measure intraocular pressure.,Assist patients to select eyewear.,Take and document patients' medical histories.,GPTs-are-GPTs human_labels on public_gpts_are_gpts_benchmark.csv,prayash-task-exposure-gpts-are-gpts-v1,Prayash common-occupation coverage — 800 occupations,923 occupations / 19265 tasks,true,true,Task-level benchmark category shares for product coverage. Not a probability that workers will lose jobs. Absence from this 800-row file does not mean the occupation is absent from the 923-occupation research model.
29-2061.00,Licensed Practical and Licensed Vocational Nurses,23,14,1,8,0.608696,0.043478,0.347826,"Provide basic patient care or treatments, such as taking temperatures or blood pressures, dressing wounds, treating bedsores, giving enemas or douches, rubbing with alcohol, massaging, or performing catheterizations.","Prepare patients for examinations, tests, or treatments and explain procedures.","Observe patients, charting and reporting changes in patients' conditions, such as adverse reactions to medication or treatment, and taking any necessary action.",GPTs-are-GPTs human_labels on public_gpts_are_gpts_benchmark.csv,prayash-task-exposure-gpts-are-gpts-v1,Prayash common-occupation coverage — 800 occupations,923 occupations / 19265 tasks,true,true,Task-level benchmark category shares for product coverage. Not a probability that workers will lose jobs. Absence from this 800-row file does not mean the occupation is absent from the 923-occupation research model.
29-2072.00,Medical Records Specialists,17,2,4,11,0.117647,0.235294,0.647059,"Identify, compile, abstract, and code patient data, using standard classification systems.","Assign the patient to diagnosis-related groups (DRGs), using appropriate computer software.",Compile and maintain patients' medical records to document condition and treatment and to provide data for research or cost control and care improvement efforts.,GPTs-are-GPTs human_labels on public_gpts_are_gpts_benchmark.csv,prayash-task-exposure-gpts-are-gpts-v1,Prayash common-occupation coverage — 800 occupations,923 occupations / 19265 tasks,true,true,Task-level benchmark category shares for product coverage. Not a probability that workers will lose jobs. Absence from this 800-row file does not mean the occupation is absent from the 923-occupation research model.
29-2081.00,"Opticians, Dispensing",21,14,3,4,0.666667,0.142857,0.190476,"Measure clients' bridge and eye size, temple length, vertex distance, pupillary distance, and optical centers of eyes, using measuring devices.","Recommend specific lenses, lens coatings, and frames to suit client needs.","Maintain records of customer prescriptions, work orders, and payments.",GPTs-are-GPTs human_labels on public_gpts_are_gpts_benchmark.csv,prayash-task-exposure-gpts-are-gpts-v1,Prayash common-occupation coverage — 800 occupations,923 occupations / 19265 tasks,true,true,Task-level benchmark category shares for product coverage. Not a probability that workers will lose jobs. Absence from this 800-row file does not mean the occupation is absent from the 923-occupation research model.
29-2099.01,Neurodiagnostic Technologists,16,12,2,2,0.750000,0.125000,0.125000,"Indicate artifacts or interferences derived from sources outside of the brain, such as poor electrode contact or patient movement, on electroneurodiagnostic recordings.","Explain testing procedures to patients, answering questions or reassuring patients, as needed.",Submit reports to physicians summarizing test results.,GPTs-are-GPTs human_labels on public_gpts_are_gpts_benchmark.csv,prayash-task-exposure-gpts-are-gpts-v1,Prayash common-occupation coverage — 800 occupations,923 occupations / 19265 tasks,true,true,Task-level benchmark category shares for product coverage. Not a probability that workers will lose jobs. Absence from this 800-row file does not mean the occupation is absent from the 923-occupation research model.
29-2099.05,Ophthalmic Medical Technologists,31,27,0,4,0.870968,0.000000,0.129032,Conduct tonometry or tonography tests to measure intraocular pressure.,,Take and document patients' medical histories.,GPTs-are-GPTs human_labels on public_gpts_are_gpts_benchmark.csv,prayash-task-exposure-gpts-are-gpts-v1,Prayash common-occupation coverage — 800 occupations,923 occupations / 19265 tasks,true,true,Task-level benchmark category shares for product coverage. Not a probability that workers will lose jobs. Absence from this 800-row file does not mean the occupation is absent from the 923-occupation research model.
29-2099.08,Patient Representatives,13,3,4,6,0.230769,0.307692,0.461538,"Develop and distribute newsletters, brochures, or other printed materials to share information with patients or medical staff.",Refer patients to appropriate health care services or resources.,"Coordinate communication between patients, family members, medical staff, administrative staff, or regulatory agencies.",GPTs-are-GPTs human_labels on public_gpts_are_gpts_benchmark.csv,prayash-task-exposure-gpts-are-gpts-v1,Prayash common-occupation coverage — 800 occupations,923 occupations / 19265 tasks,true,true,Task-level benchmark category shares for product coverage. Not a probability that workers will lose jobs. Absence from this 800-row file does not mean the occupation is absent from the 923-occupation research model.
29-9091.00,Athletic Trainers,23,12,7,4,0.521739,0.304348,0.173913,"Care for athletic injuries, using physical therapy equipment, techniques, or medication.","Perform general administrative tasks, such as keeping records or writing reports.",Conduct an initial assessment of an athlete's injury or illness to provide emergency or continued care and to determine whether they should be referred to physicians for definitive diagnosis and treatment.,GPTs-are-GPTs human_labels on public_gpts_are_gpts_benchmark.csv,prayash-task-exposure-gpts-are-gpts-v1,Prayash common-occupation coverage — 800 occupations,923 occupations / 19265 tasks,true,true,Task-level benchmark category shares for product coverage. Not a probability that workers will lose jobs. Absence from this 800-row file does not mean the occupation is absent from the 923-occupation research model.
29-9092.00,Genetic Counselors,19,2,7,10,0.105263,0.368421,0.526316,"Provide counseling to patient and family members by providing information, education, or reassurance.",Write detailed consultation reports to provide information on complex genetic concepts to patients or referring physicians.,Interpret laboratory results and communicate findings to patients or physicians.,GPTs-are-GPTs human_labels on public_gpts_are_gpts_benchmark.csv,prayash-task-exposure-gpts-are-gpts-v1,Prayash common-occupation coverage — 800 occupations,923 occupations / 19265 tasks,true,true,Task-level benchmark category shares for product coverage. Not a probability that workers will lose jobs. Absence from this 800-row file does not mean the occupation is absent from the 923-occupation research model.
29-9093.00,Surgical Assistants,28,26,0,2,0.928571,0.000000,0.071429,Verify the identity of patient or operative site.,,"Discuss with surgeon the nature of the surgical procedure, including operative consent, methods of operative exposure, diagnostic or laboratory data, or patient-advanced directives or other needs.",GPTs-are-GPTs human_labels on public_gpts_are_gpts_benchmark.csv,prayash-task-exposure-gpts-are-gpts-v1,Prayash common-occupation coverage — 800 occupations,923 occupations / 19265 tasks,true,true,Task-level benchmark category shares for product coverage. Not a probability that workers will lose jobs. Absence from this 800-row file does not mean the occupation is absent from the 923-occupation research model.
29-9099.01,Midwives,36,21,4,11,0.583333,0.111111,0.305556,"Monitor maternal condition during labor by checking vital signs, monitoring uterine contractions, or performing physical examinations.",Perform post-partum health assessments of mothers and babies at regular intervals.,Establish and follow emergency or contingency plans for mothers and newborns.,GPTs-are-GPTs human_labels on public_gpts_are_gpts_benchmark.csv,prayash-task-exposure-gpts-are-gpts-v1,Prayash common-occupation coverage — 800 occupations,923 occupations / 19265 tasks,true,true,Task-level benchmark category shares for product coverage. Not a probability that workers will lose jobs. Absence from this 800-row file does not mean the occupation is absent from the 923-occupation research model.
31-1121.00,Home Health Aides,15,14,0,1,0.933333,0.000000,0.066667,"Provide patients with help moving in and out of beds, baths, wheelchairs, or automobiles and with dressing and grooming.",,"Maintain records of patient care, condition, progress, or problems to report and discuss observations with supervisor or case manager.",GPTs-are-GPTs human_labels on public_gpts_are_gpts_benchmark.csv,prayash-task-exposure-gpts-are-gpts-v1,Prayash common-occupation coverage — 800 occupations,923 occupations / 19265 tasks,true,true,Task-level benchmark category shares for product coverage. Not a probability that workers will lose jobs. Absence from this 800-row file does not mean the occupation is absent from the 923-occupation research model.
31-1122.00,Personal Care Aides,11,7,2,2,0.636364,0.181818,0.181818,"Administer bedside or personal care, such as ambulation or personal hygiene assistance.","Participate in case reviews, consulting with the team caring for the client, to evaluate the client's needs and plan for continuing services.","Prepare and maintain records of client progress and services performed, reporting changes in client condition to manager or supervisor.",GPTs-are-GPTs human_labels on public_gpts_are_gpts_benchmark.csv,prayash-task-exposure-gpts-are-gpts-v1,Prayash common-occupation coverage — 800 occupations,923 occupations / 19265 tasks,true,true,Task-level benchmark category shares for product coverage. Not a probability that workers will lose jobs. Absence from this 800-row file does not mean the occupation is absent from the 923-occupation research model.
31-1131.00,Nursing Assistants,33,26,1,6,0.787879,0.030303,0.181818,Turn or reposition bedridden patients.,"Provide information, such as directions, visiting hours, or patient status information to visitors or callers.","Measure and record food and liquid intake or urinary and fecal output, reporting changes to medical or nursing staff.",GPTs-are-GPTs human_labels on public_gpts_are_gpts_benchmark.csv,prayash-task-exposure-gpts-are-gpts-v1,Prayash common-occupation coverage — 800 occupations,923 occupations / 19265 tasks,true,true,Task-level benchmark category shares for product coverage. Not a probability that workers will lose jobs. Absence from this 800-row file does not mean the occupation is absent from the 923-occupation research model.
31-1132.00,Orderlies,24,22,0,2,0.916667,0.000000,0.083333,"Lift or assist others to lift patients to move them on or off beds, examination tables, surgical tables, or stretchers.",,Carry messages or documents between departments.,GPTs-are-GPTs human_labels on public_gpts_are_gpts_benchmark.csv,prayash-task-exposure-gpts-are-gpts-v1,Prayash common-occupation coverage — 800 occupations,923 occupations / 19265 tasks,true,true,Task-level benchmark category shares for product coverage. Not a probability that workers will lose jobs. Absence from this 800-row file does not mean the occupation is absent from the 923-occupation research model.
31-1133.00,Psychiatric Aides,17,12,0,5,0.705882,0.000000,0.294118,Listen and provide emotional support and encouragement to psychiatric patients.,,"Record and maintain patient information, such as vital signs, eating habits, behavior, progress notes, treatments, or discharge plans.",GPTs-are-GPTs human_labels on public_gpts_are_gpts_benchmark.csv,prayash-task-exposure-gpts-are-gpts-v1,Prayash common-occupation coverage — 800 occupations,923 occupations / 19265 tasks,true,true,Task-level benchmark category shares for product coverage. Not a probability that workers will lose jobs. Absence from this 800-row file does not mean the occupation is absent from the 923-occupation research model.
31-2011.00,Occupational Therapy Assistants,22,15,3,4,0.681818,0.136364,0.181818,"Instruct, or assist in instructing, patients and families in home programs, basic living skills, or the care and use of adaptive equipment.",Select therapy activities to fit patients' needs and capabilities.,"Report to supervisors, verbally or in writing, on patients' progress, attitudes, and behavior.",GPTs-are-GPTs human_labels on public_gpts_are_gpts_benchmark.csv,prayash-task-exposure-gpts-are-gpts-v1,Prayash common-occupation coverage — 800 occupations,923 occupations / 19265 tasks,true,true,Task-level benchmark category shares for product coverage. Not a probability that workers will lose jobs. Absence from this 800-row file does not mean the occupation is absent from the 923-occupation research model.
31-2012.00,Occupational Therapy Aides,15,13,0,2,0.866667,0.000000,0.133333,Encourage patients and attend to their physical needs to facilitate the attainment of therapeutic goals.,,"Report to supervisors or therapists, verbally or in writing, on patients' progress, attitudes, attendance, and accomplishments.",GPTs-are-GPTs human_labels on public_gpts_are_gpts_benchmark.csv,prayash-task-exposure-gpts-are-gpts-v1,Prayash common-occupation coverage — 800 occupations,923 occupations / 19265 tasks,true,true,Task-level benchmark category shares for product coverage. Not a probability that workers will lose jobs. Absence from this 800-row file does not mean the occupation is absent from the 923-occupation research model.
31-2021.00,Physical Therapist Assistants,21,17,0,4,0.809524,0.000000,0.190476,"Instruct, motivate, safeguard, and assist patients as they practice exercises or functional activities.",,"Document patient information, such as notes on their progress.",GPTs-are-GPTs human_labels on public_gpts_are_gpts_benchmark.csv,prayash-task-exposure-gpts-are-gpts-v1,Prayash common-occupation coverage — 800 occupations,923 occupations / 19265 tasks,true,true,Task-level benchmark category shares for product coverage. Not a probability that workers will lose jobs. Absence from this 800-row file does not mean the occupation is absent from the 923-occupation research model.
31-2022.00,Physical Therapist Aides,19,15,1,3,0.789474,0.052632,0.157895,Clean and organize work area and disinfect equipment after treatment.,"Perform clerical duties, such as taking inventory, ordering supplies, answering telephone, taking messages, or filling out forms.",Record treatment given and equipment used.,GPTs-are-GPTs human_labels on public_gpts_are_gpts_benchmark.csv,prayash-task-exposure-gpts-are-gpts-v1,Prayash common-occupation coverage — 800 occupations,923 occupations / 19265 tasks,true,true,Task-level benchmark category shares for product coverage. Not a probability that workers will lose jobs. Absence from this 800-row file does not mean the occupation is absent from the 923-occupation research model.
31-9011.00,Massage Therapists,14,10,1,3,0.714286,0.071429,0.214286,"Massage and knead muscles and soft tissues of the body to provide treatment for medical conditions, injuries, or wellness maintenance.",Develop and propose client treatment plans that specify which types of massage are to be used.,Confer with clients about their medical histories and problems with stress or pain to determine how massage will be most helpful.,GPTs-are-GPTs human_labels on public_gpts_are_gpts_benchmark.csv,prayash-task-exposure-gpts-are-gpts-v1,Prayash common-occupation coverage — 800 occupations,923 occupations / 19265 tasks,true,true,Task-level benchmark category shares for product coverage. Not a probability that workers will lose jobs. Absence from this 800-row file does not mean the occupation is absent from the 923-occupation research model.
31-9091.00,Dental Assistants,16,13,0,3,0.812500,0.000000,0.187500,"Prepare patient, sterilize or disinfect instruments, set up instrument trays, prepare materials, or assist dentist during dental procedures.",,Record treatment information in patient records.,GPTs-are-GPTs human_labels on public_gpts_are_gpts_benchmark.csv,prayash-task-exposure-gpts-are-gpts-v1,Prayash common-occupation coverage — 800 occupations,923 occupations / 19265 tasks,true,true,Task-level benchmark category shares for product coverage. Not a probability that workers will lose jobs. Absence from this 800-row file does not mean the occupation is absent from the 923-occupation research model.
31-9092.00,Medical Assistants,20,15,1,4,0.750000,0.050000,0.200000,"Interview patients to obtain medical information and measure their vital signs, weight, and height.","Perform general office duties, such as answering telephones, taking dictation, or completing insurance forms.","Record patients' medical history, vital statistics, or information such as test results in medical records.",GPTs-are-GPTs human_labels on public_gpts_are_gpts_benchmark.csv,prayash-task-exposure-gpts-are-gpts-v1,Prayash common-occupation coverage — 800 occupations,923 occupations / 19265 tasks,true,true,Task-level benchmark category shares for product coverage. Not a probability that workers will lose jobs. Absence from this 800-row file does not mean the occupation is absent from the 923-occupation research model.
31-9093.00,Medical Equipment Preparers,16,15,0,1,0.937500,0.000000,0.062500,"Operate and maintain steam autoclaves, keeping records of loads completed, items in loads, and maintenance procedures performed.",,Record sterilizer test results.,GPTs-are-GPTs human_labels on public_gpts_are_gpts_benchmark.csv,prayash-task-exposure-gpts-are-gpts-v1,Prayash common-occupation coverage — 800 occupations,923 occupations / 19265 tasks,true,true,Task-level benchmark category shares for product coverage. Not a probability that workers will lose jobs. Absence from this 800-row file does not mean the occupation is absent from the 923-occupation research model.
31-9094.00,Medical Transcriptionists,15,10,2,3,0.666667,0.133333,0.200000,"Return dictated reports in printed or electronic form for physician's review, signature, and corrections and for inclusion in patients' medical records.","Take dictation using shorthand, a stenotype machine, or headsets and transcribing machines.","Set up and maintain medical files and databases, including records such as x-ray, lab, and procedure reports, medical histories, diagnostic workups, admission and discharge summaries, and clinical resumes.",GPTs-are-GPTs human_labels on public_gpts_are_gpts_benchmark.csv,prayash-task-exposure-gpts-are-gpts-v1,Prayash common-occupation coverage — 800 occupations,923 occupations / 19265 tasks,true,true,Task-level benchmark category shares for product coverage. Not a probability that workers will lose jobs. Absence from this 800-row file does not mean the occupation is absent from the 923-occupation research model.
31-9095.00,Pharmacy Aides,17,12,2,3,0.705882,0.117647,0.176471,Greet customers and help them locate merchandise.,Prepare prescription labels by typing or operating a computer and printer.,"Process medical insurance claims, posting bill amounts and calculating copayments.",GPTs-are-GPTs human_labels on public_gpts_are_gpts_benchmark.csv,prayash-task-exposure-gpts-are-gpts-v1,Prayash common-occupation coverage — 800 occupations,923 occupations / 19265 tasks,true,true,Task-level benchmark category shares for product coverage. Not a probability that workers will lose jobs. Absence from this 800-row file does not mean the occupation is absent from the 923-occupation research model.
31-9096.00,Veterinary Assistants and Laboratory Animal Caretakers,28,24,4,0,0.857143,0.142857,0.000000,Hold or restrain animals during veterinary procedures.,"Perform office reception duties, such as scheduling appointments or helping customers.",,GPTs-are-GPTs human_labels on public_gpts_are_gpts_benchmark.csv,prayash-task-exposure-gpts-are-gpts-v1,Prayash common-occupation coverage — 800 occupations,923 occupations / 19265 tasks,true,true,Task-level benchmark category shares for product coverage. Not a probability that workers will lose jobs. Absence from this 800-row file does not mean the occupation is absent from the 923-occupation research model.
31-9097.00,Phlebotomists,24,20,1,3,0.833333,0.041667,0.125000,"Dispose of contaminated sharps, in accordance with applicable laws, standards, and policies.",Document route of specimens from collection to laboratory analysis and diagnosis.,Provide sample analysis results to physicians to assist diagnosis.,GPTs-are-GPTs human_labels on public_gpts_are_gpts_benchmark.csv,prayash-task-exposure-gpts-are-gpts-v1,Prayash common-occupation coverage — 800 occupations,923 occupations / 19265 tasks,true,true,Task-level benchmark category shares for product coverage. Not a probability that workers will lose jobs. Absence from this 800-row file does not mean the occupation is absent from the 923-occupation research model.
31-9099.01,Speech-Language Pathology Assistants,11,8,1,2,0.727273,0.090909,0.181818,Implement treatment plans or protocols as directed by speech-language pathologists.,Select or prepare speech-language instructional materials.,Document clients' progress toward meeting established treatment objectives.,GPTs-are-GPTs human_labels on public_gpts_are_gpts_benchmark.csv,prayash-task-exposure-gpts-are-gpts-v1,Prayash common-occupation coverage — 800 occupations,923 occupations / 19265 tasks,true,true,Task-level benchmark category shares for product coverage. Not a probability that workers will lose jobs. Absence from this 800-row file does not mean the occupation is absent from the 923-occupation research model.
31-9099.02,Endoscopy Technicians,12,12,0,0,1.000000,0.000000,0.000000,"Clean, disinfect, or calibrate scopes or other endoscopic instruments according to manufacturer recommendations and facility standards.",,,GPTs-are-GPTs human_labels on public_gpts_are_gpts_benchmark.csv,prayash-task-exposure-gpts-are-gpts-v1,Prayash common-occupation coverage — 800 occupations,923 occupations / 19265 tasks,true,true,Task-level benchmark category shares for product coverage. Not a probability that workers will lose jobs. Absence from this 800-row file does not mean the occupation is absent from the 923-occupation research model.
33-1011.00,First-Line Supervisors of Correctional Officers,23,15,5,3,0.652174,0.217391,0.130435,"Maintain order, discipline, and security within assigned areas in accordance with relevant rules, regulations, policies, and laws.","Take, receive, or check periodic inmate counts.","Complete administrative paperwork or supervise the preparation or maintenance of records, forms, or reports.",GPTs-are-GPTs human_labels on public_gpts_are_gpts_benchmark.csv,prayash-task-exposure-gpts-are-gpts-v1,Prayash common-occupation coverage — 800 occupations,923 occupations / 19265 tasks,true,true,Task-level benchmark category shares for product coverage. Not a probability that workers will lose jobs. Absence from this 800-row file does not mean the occupation is absent from the 923-occupation research model.
33-1012.00,First-Line Supervisors of Police and Detectives,20,9,3,8,0.450000,0.150000,0.400000,Explain police operations to subordinates to assist them in performing their job duties.,Prepare work schedules and assign duties to subordinates.,"Supervise and coordinate the investigation of criminal cases, offering guidance and expertise to investigators, and ensuring that procedures are conducted in accordance with laws and regulations.",GPTs-are-GPTs human_labels on public_gpts_are_gpts_benchmark.csv,prayash-task-exposure-gpts-are-gpts-v1,Prayash common-occupation coverage — 800 occupations,923 occupations / 19265 tasks,true,true,Task-level benchmark category shares for product coverage. Not a probability that workers will lose jobs. Absence from this 800-row file does not mean the occupation is absent from the 923-occupation research model.
33-1021.00,First-Line Supervisors of Firefighting and Prevention Workers,30,15,10,5,0.500000,0.333333,0.166667,Assign firefighters to jobs at strategic locations to facilitate rescue of persons and maximize application of extinguishing agents.,"Assess nature and extent of fire, condition of building, danger to adjacent buildings, and water supply status to determine crew or company requirements.",Participate in creating fire safety guidelines and evacuation schemes for nonresidential buildings.,GPTs-are-GPTs human_labels on public_gpts_are_gpts_benchmark.csv,prayash-task-exposure-gpts-are-gpts-v1,Prayash common-occupation coverage — 800 occupations,923 occupations / 19265 tasks,true,true,Task-level benchmark category shares for product coverage. Not a probability that workers will lose jobs. Absence from this 800-row file does not mean the occupation is absent from the 923-occupation research model.
33-1091.00,First-Line Supervisors of Security Workers,21,13,3,5,0.619048,0.142857,0.238095,"Advise employees in handling problems or resolving complaints from customers, tenants, detainees, or other persons.","Develop and document security procedures, policies, or standards.",Assign security personnel to posts or patrols.,GPTs-are-GPTs human_labels on public_gpts_are_gpts_benchmark.csv,prayash-task-exposure-gpts-are-gpts-v1,Prayash common-occupation coverage — 800 occupations,923 occupations / 19265 tasks,true,true,Task-level benchmark category shares for product coverage. Not a probability that workers will lose jobs. Absence from this 800-row file does not mean the occupation is absent from the 923-occupation research model.
33-2011.00,Firefighters,30,27,2,1,0.900000,0.066667,0.033333,"Rescue victims from burning buildings, accident sites, and water hazards.",Prepare written reports that detail specifics of fire incidents.,Collaborate with other firefighters as a member of a firefighting crew.,GPTs-are-GPTs human_labels on public_gpts_are_gpts_benchmark.csv,prayash-task-exposure-gpts-are-gpts-v1,Prayash common-occupation coverage — 800 occupations,923 occupations / 19265 tasks,true,true,Task-level benchmark category shares for product coverage. Not a probability that workers will lose jobs. Absence from this 800-row file does not mean the occupation is absent from the 923-occupation research model.
33-2021.00,Fire Inspectors and Investigators,30,15,7,8,0.500000,0.233333,0.266667,"Testify in court cases involving fires, suspected arson, and false alarms.",Instruct children about the dangers of fire.,"Prepare and maintain reports of investigation results, and records of convicted arsonists and arson suspects.",GPTs-are-GPTs human_labels on public_gpts_are_gpts_benchmark.csv,prayash-task-exposure-gpts-are-gpts-v1,Prayash common-occupation coverage — 800 occupations,923 occupations / 19265 tasks,true,true,Task-level benchmark category shares for product coverage. Not a probability that workers will lose jobs. Absence from this 800-row file does not mean the occupation is absent from the 923-occupation research model.
33-2022.00,Forest Fire Inspectors and Prevention Specialists,16,8,4,4,0.500000,0.250000,0.250000,Conduct wildland firefighting training.,"Relay messages about emergencies, accidents, locations of crew and personnel, and fire hazard conditions.","Patrol assigned areas, looking for forest fires, hazardous conditions, and weather phenomena.",GPTs-are-GPTs human_labels on public_gpts_are_gpts_benchmark.csv,prayash-task-exposure-gpts-are-gpts-v1,Prayash common-occupation coverage — 800 occupations,923 occupations / 19265 tasks,true,true,Task-level benchmark category shares for product coverage. Not a probability that workers will lose jobs. Absence from this 800-row file does not mean the occupation is absent from the 923-occupation research model.
33-3011.00,Bailiffs,15,11,1,3,0.733333,0.066667,0.200000,"Screen persons entering courthouse using magnetometers, x-ray machines, and other devices to collect and retain unauthorized firearms and other contraband.",Announce entrance of judge.,Enforce courtroom rules of behavior and warn persons not to smoke or disturb court procedure.,GPTs-are-GPTs human_labels on public_gpts_are_gpts_benchmark.csv,prayash-task-exposure-gpts-are-gpts-v1,Prayash common-occupation coverage — 800 occupations,923 occupations / 19265 tasks,true,true,Task-level benchmark category shares for product coverage. Not a probability that workers will lose jobs. Absence from this 800-row file does not mean the occupation is absent from the 923-occupation research model.
33-3012.00,Correctional Officers and Jailers,26,17,3,6,0.653846,0.115385,0.230769,"Inspect conditions of locks, window bars, grills, doors, and gates at correctional facilities to ensure security and help prevent escapes.",Conduct head counts to ensure that each prisoner is present.,"Monitor conduct of prisoners in housing unit, or during work or recreational activities, according to established policies, regulations, and procedures, to prevent escape or violence.",GPTs-are-GPTs human_labels on public_gpts_are_gpts_benchmark.csv,prayash-task-exposure-gpts-are-gpts-v1,Prayash common-occupation coverage — 800 occupations,923 occupations / 19265 tasks,true,true,Task-level benchmark category shares for product coverage. Not a probability that workers will lose jobs. Absence from this 800-row file does not mean the occupation is absent from the 923-occupation research model.
33-3021.00,Detectives and Criminal Investigators,30,14,2,14,0.466667,0.066667,0.466667,"Check victims for signs of life, such as breathing and pulse.",Prepare reports that detail investigation findings.,"Obtain facts or statements from complainants, witnesses, and accused persons and record interviews, using recording device.",GPTs-are-GPTs human_labels on public_gpts_are_gpts_benchmark.csv,prayash-task-exposure-gpts-are-gpts-v1,Prayash common-occupation coverage — 800 occupations,923 occupations / 19265 tasks,true,true,Task-level benchmark category shares for product coverage. Not a probability that workers will lose jobs. Absence from this 800-row file does not mean the occupation is absent from the 923-occupation research model.
33-3021.02,Police Identification and Records Officers,15,6,1,8,0.400000,0.066667,0.533333,Testify in court and present evidence.,"Coordinate or conduct instructional classes or in-services, such as citizen police academy classes and crime scene training for other officers.",Maintain records of evidence and write and review reports.,GPTs-are-GPTs human_labels on public_gpts_are_gpts_benchmark.csv,prayash-task-exposure-gpts-are-gpts-v1,Prayash common-occupation coverage — 800 occupations,923 occupations / 19265 tasks,true,true,Task-level benchmark category shares for product coverage. Not a probability that workers will lose jobs. Absence from this 800-row file does not mean the occupation is absent from the 923-occupation research model.
33-3021.06,Intelligence Analysts,20,6,2,12,0.300000,0.100000,0.600000,"Study activities relating to narcotics, money laundering, gangs, auto theft rings, terrorism, or other national security threats.","Prepare comprehensive written reports, presentations, maps, or charts, based on research, collection, and analysis of intelligence data.","Gather, analyze, correlate, or evaluate information from a variety of resources, such as law enforcement databases.",GPTs-are-GPTs human_labels on public_gpts_are_gpts_benchmark.csv,prayash-task-exposure-gpts-are-gpts-v1,Prayash common-occupation coverage — 800 occupations,923 occupations / 19265 tasks,true,true,Task-level benchmark category shares for product coverage. Not a probability that workers will lose jobs. Absence from this 800-row file does not mean the occupation is absent from the 923-occupation research model.
33-3031.00,Fish and Game Wardens,24,17,1,6,0.708333,0.041667,0.250000,"Patrol assigned areas by car, boat, airplane, horse, or on foot to enforce game, fish, or boating laws or to manage wildlife programs, lakes, or land.",Issue warnings or citations and file reports as necessary.,"Address schools, civic groups, sporting clubs, or the media to disseminate information concerning wildlife conservation and regulations.",GPTs-are-GPTs human_labels on public_gpts_are_gpts_benchmark.csv,prayash-task-exposure-gpts-are-gpts-v1,Prayash common-occupation coverage — 800 occupations,923 occupations / 19265 tasks,true,true,Task-level benchmark category shares for product coverage. Not a probability that workers will lose jobs. Absence from this 800-row file does not mean the occupation is absent from the 923-occupation research model.
33-3041.00,Parking Enforcement Workers,23,12,2,9,0.521739,0.086957,0.391304,Write warnings and citations for illegally parked vehicles.,Respond to and make radio dispatch calls regarding parking violations and complaints.,"Enter and retrieve information pertaining to vehicle registration, identification, and status, using hand-held computers.",GPTs-are-GPTs human_labels on public_gpts_are_gpts_benchmark.csv,prayash-task-exposure-gpts-are-gpts-v1,Prayash common-occupation coverage — 800 occupations,923 occupations / 19265 tasks,true,true,Task-level benchmark category shares for product coverage. Not a probability that workers will lose jobs. Absence from this 800-row file does not mean the occupation is absent from the 923-occupation research model.
33-3051.00,Police and Sheriff's Patrol Officers,30,20,4,6,0.666667,0.133333,0.200000,"Identify, pursue, and arrest suspects and perpetrators of criminal acts.",Record facts to prepare reports that document incidents and activities.,Monitor traffic to ensure motorists observe traffic regulations and exhibit safe driving procedures.,GPTs-are-GPTs human_labels on public_gpts_are_gpts_benchmark.csv,prayash-task-exposure-gpts-are-gpts-v1,Prayash common-occupation coverage — 800 occupations,923 occupations / 19265 tasks,true,true,Task-level benchmark category shares for product coverage. Not a probability that workers will lose jobs. Absence from this 800-row file does not mean the occupation is absent from the 923-occupation research model.
33-3051.04,Customs and Border Protection Officers,11,6,1,4,0.545455,0.090909,0.363636,"Detain persons found to be in violation of customs or immigration laws and arrange for legal action, such as deportation.","Examine immigration applications, visas, and passports and interview persons to determine eligibility for admission, residence, and travel in the U.S.","Interpret and explain laws and regulations to travelers, prospective immigrants, shippers, and manufacturers.",GPTs-are-GPTs human_labels on public_gpts_are_gpts_benchmark.csv,prayash-task-exposure-gpts-are-gpts-v1,Prayash common-occupation coverage — 800 occupations,923 occupations / 19265 tasks,true,true,Task-level benchmark category shares for product coverage. Not a probability that workers will lose jobs. Absence from this 800-row file does not mean the occupation is absent from the 923-occupation research model.
33-3052.00,Transit and Railroad Police,14,5,4,5,0.357143,0.285714,0.357143,"Investigate or direct investigations of freight theft, suspicious damage or loss of passengers' valuables, or other crimes on railroad property.",Prepare reports documenting investigation activities and results.,"Monitor transit areas and conduct security checks to protect railroad properties, patrons, and employees.",GPTs-are-GPTs human_labels on public_gpts_are_gpts_benchmark.csv,prayash-task-exposure-gpts-are-gpts-v1,Prayash common-occupation coverage — 800 occupations,923 occupations / 19265 tasks,true,true,Task-level benchmark category shares for product coverage. Not a probability that workers will lose jobs. Absence from this 800-row file does not mean the occupation is absent from the 923-occupation research model.
33-9011.00,Animal Control Workers,16,12,0,4,0.750000,0.000000,0.250000,"Investigate reports of animal attacks or animal cruelty, interviewing witnesses, collecting evidence, and writing reports.",,"Write reports of activities, and maintain files of impoundments and dispositions of animals.",GPTs-are-GPTs human_labels on public_gpts_are_gpts_benchmark.csv,prayash-task-exposure-gpts-are-gpts-v1,Prayash common-occupation coverage — 800 occupations,923 occupations / 19265 tasks,true,true,Task-level benchmark category shares for product coverage. Not a probability that workers will lose jobs. Absence from this 800-row file does not mean the occupation is absent from the 923-occupation research model.
33-9021.00,Private Detectives and Investigators,17,8,3,6,0.470588,0.176471,0.352941,Conduct private investigations on a paid basis.,Write reports or case summaries to document investigations.,"Search computer databases, credit reports, public records, tax or legal filings, or other resources to locate persons or to compile information for investigations.",GPTs-are-GPTs human_labels on public_gpts_are_gpts_benchmark.csv,prayash-task-exposure-gpts-are-gpts-v1,Prayash common-occupation coverage — 800 occupations,923 occupations / 19265 tasks,true,true,Task-level benchmark category shares for product coverage. Not a probability that workers will lose jobs. Absence from this 800-row file does not mean the occupation is absent from the 923-occupation research model.
33-9031.00,Gambling Surveillance Officers and Gambling Investigators,8,3,0,5,0.375000,0.000000,0.625000,"Observe casino or casino hotel operations for irregular activities, such as cheating or theft by employees or patrons, using audio and video equipment and one-way mirrors.",,Monitor establishment activities to ensure adherence to all state gaming regulations and company policies and procedures.,GPTs-are-GPTs human_labels on public_gpts_are_gpts_benchmark.csv,prayash-task-exposure-gpts-are-gpts-v1,Prayash common-occupation coverage — 800 occupations,923 occupations / 19265 tasks,true,true,Task-level benchmark category shares for product coverage. Not a probability that workers will lose jobs. Absence from this 800-row file does not mean the occupation is absent from the 923-occupation research model.
33-9032.00,Security Guards,14,10,2,2,0.714286,0.142857,0.142857,Lock doors and gates of entrances and exits to secure buildings.,"Write reports of daily activities and irregularities, such as equipment or property damage, theft, presence of unauthorized persons, or unusual occurrences.","Patrol industrial or commercial premises to prevent and detect signs of intrusion and ensure security of doors, windows, and gates.",GPTs-are-GPTs human_labels on public_gpts_are_gpts_benchmark.csv,prayash-task-exposure-gpts-are-gpts-v1,Prayash common-occupation coverage — 800 occupations,923 occupations / 19265 tasks,true,true,Task-level benchmark category shares for product coverage. Not a probability that workers will lose jobs. Absence from this 800-row file does not mean the occupation is absent from the 923-occupation research model.
33-9091.00,Crossing Guards and Flaggers,12,6,0,6,0.500000,0.000000,0.500000,"Direct or escort pedestrians across streets, stopping traffic, as necessary.",,Monitor traffic flow to locate safe gaps through which pedestrians can cross streets.,GPTs-are-GPTs human_labels on public_gpts_are_gpts_benchmark.csv,prayash-task-exposure-gpts-are-gpts-v1,Prayash common-occupation coverage — 800 occupations,923 occupations / 19265 tasks,true,true,Task-level benchmark category shares for product coverage. Not a probability that workers will lose jobs. Absence from this 800-row file does not mean the occupation is absent from the 923-occupation research model.
33-9092.00,"Lifeguards, Ski Patrol, and Other Recreational Protective Service Workers",15,12,1,2,0.800000,0.066667,0.133333,"Rescue distressed persons, using rescue techniques and equipment.","Patrol or monitor recreational areas, such as trails, slopes, or swimming areas, on foot, in vehicles, or from towers.","Warn recreational participants of inclement weather, unsafe areas, or illegal conduct.",GPTs-are-GPTs human_labels on public_gpts_are_gpts_benchmark.csv,prayash-task-exposure-gpts-are-gpts-v1,Prayash common-occupation coverage — 800 occupations,923 occupations / 19265 tasks,true,true,Task-level benchmark category shares for product coverage. Not a probability that workers will lose jobs. Absence from this 800-row file does not mean the occupation is absent from the 923-occupation research model.
33-9093.00,Transportation Security Screeners,26,15,1,10,0.576923,0.038462,0.384615,"Inspect carry-on items, using x-ray viewing equipment, to determine whether items contain objects that warrant further investigation.",Decide whether baggage that triggers alarms should be searched or should be allowed to pass through.,Notify supervisors or other appropriate personnel when security breaches occur.,GPTs-are-GPTs human_labels on public_gpts_are_gpts_benchmark.csv,prayash-task-exposure-gpts-are-gpts-v1,Prayash common-occupation coverage — 800 occupations,923 occupations / 19265 tasks,true,true,Task-level benchmark category shares for product coverage. Not a probability that workers will lose jobs. Absence from this 800-row file does not mean the occupation is absent from the 923-occupation research model.
33-9094.00,School Bus Monitors,18,11,0,7,0.611111,0.000000,0.388889,"Assist disabled children or children with psychological, emotional, or behavioral issues with boarding and exiting the school bus.",,Announce routes or stops.,GPTs-are-GPTs human_labels on public_gpts_are_gpts_benchmark.csv,prayash-task-exposure-gpts-are-gpts-v1,Prayash common-occupation coverage — 800 occupations,923 occupations / 19265 tasks,true,true,Task-level benchmark category shares for product coverage. Not a probability that workers will lose jobs. Absence from this 800-row file does not mean the occupation is absent from the 923-occupation research model.
33-9099.02,Retail Loss Prevention Specialists,21,10,3,8,0.476190,0.142857,0.380952,"Investigate known or suspected internal theft, external theft, or vendor fraud.",Prepare written reports on investigations.,Implement or monitor processes to reduce property or financial losses.,GPTs-are-GPTs human_labels on public_gpts_are_gpts_benchmark.csv,prayash-task-exposure-gpts-are-gpts-v1,Prayash common-occupation coverage — 800 occupations,923 occupations / 19265 tasks,true,true,Task-level benchmark category shares for product coverage. Not a probability that workers will lose jobs. Absence from this 800-row file does not mean the occupation is absent from the 923-occupation research model.
35-1011.00,Chefs and Head Cooks,21,13,3,5,0.619048,0.142857,0.238095,Monitor sanitation practices to ensure that employees follow standards and regulations.,Determine how food should be presented and create decorative food displays.,"Analyze recipes to assign prices to menu items, based on food, labor, and overhead costs.",GPTs-are-GPTs human_labels on public_gpts_are_gpts_benchmark.csv,prayash-task-exposure-gpts-are-gpts-v1,Prayash common-occupation coverage — 800 occupations,923 occupations / 19265 tasks,true,true,Task-level benchmark category shares for product coverage. Not a probability that workers will lose jobs. Absence from this 800-row file does not mean the occupation is absent from the 923-occupation research model.
35-1012.00,First-Line Supervisors of Food Preparation and Serving Workers,26,14,2,10,0.538462,0.076923,0.384615,"Perform various financial activities, such as cash handling, deposit preparation, and payroll.","Conduct meetings and collaborate with other personnel for menu planning, serving arrangements, and related details.",Resolve customer complaints regarding food service.,GPTs-are-GPTs human_labels on public_gpts_are_gpts_benchmark.csv,prayash-task-exposure-gpts-are-gpts-v1,Prayash common-occupation coverage — 800 occupations,923 occupations / 19265 tasks,true,true,Task-level benchmark category shares for product coverage. Not a probability that workers will lose jobs. Absence from this 800-row file does not mean the occupation is absent from the 923-occupation research model.
35-2011.00,"Cooks, Fast Food",19,18,0,1,0.947368,0.000000,0.052632,"Cook the exact number of items ordered by each customer, working on several different orders simultaneously.",,Order and take delivery of supplies.,GPTs-are-GPTs human_labels on public_gpts_are_gpts_benchmark.csv,prayash-task-exposure-gpts-are-gpts-v1,Prayash common-occupation coverage — 800 occupations,923 occupations / 19265 tasks,true,true,Task-level benchmark category shares for product coverage. Not a probability that workers will lose jobs. Absence from this 800-row file does not mean the occupation is absent from the 923-occupation research model.
35-2012.00,"Cooks, Institution and Cafeteria",17,14,1,2,0.823529,0.058824,0.117647,"Cook foodstuffs according to menus, special dietary or nutritional restrictions, or numbers of portions to be served.","Plan menus that are varied, nutritionally balanced, and appetizing, taking advantage of foods in season and local availability.",Monitor and record food temperatures to ensure food safety.,GPTs-are-GPTs human_labels on public_gpts_are_gpts_benchmark.csv,prayash-task-exposure-gpts-are-gpts-v1,Prayash common-occupation coverage — 800 occupations,923 occupations / 19265 tasks,true,true,Task-level benchmark category shares for product coverage. Not a probability that workers will lose jobs. Absence from this 800-row file does not mean the occupation is absent from the 923-occupation research model.
35-2013.00,"Cooks, Private Household",13,8,2,3,0.615385,0.153846,0.230769,"Stock, organize, and clean kitchens and cooking utensils.",Plan menus according to employers' needs and diet restrictions.,"Keep records pertaining to menus, finances, and other business-related issues.",GPTs-are-GPTs human_labels on public_gpts_are_gpts_benchmark.csv,prayash-task-exposure-gpts-are-gpts-v1,Prayash common-occupation coverage — 800 occupations,923 occupations / 19265 tasks,true,true,Task-level benchmark category shares for product coverage. Not a probability that workers will lose jobs. Absence from this 800-row file does not mean the occupation is absent from the 923-occupation research model.
35-2014.00,"Cooks, Restaurant",20,16,2,2,0.800000,0.100000,0.100000,"Inspect and clean food preparation areas, such as equipment, work surfaces, and serving areas, to ensure safe and sanitary food-handling practices.","Consult with supervisory staff to plan menus, taking into consideration factors such as costs and special event needs.","Estimate expected food consumption, requisition or purchase supplies, or procure food from storage.",GPTs-are-GPTs human_labels on public_gpts_are_gpts_benchmark.csv,prayash-task-exposure-gpts-are-gpts-v1,Prayash common-occupation coverage — 800 occupations,923 occupations / 19265 tasks,true,true,Task-level benchmark category shares for product coverage. Not a probability that workers will lose jobs. Absence from this 800-row file does not mean the occupation is absent from the 923-occupation research model.
35-2015.00,"Cooks, Short Order",11,11,0,0,1.000000,0.000000,0.000000,"Clean food preparation equipment, work areas, and counters or tables.",,,GPTs-are-GPTs human_labels on public_gpts_are_gpts_benchmark.csv,prayash-task-exposure-gpts-are-gpts-v1,Prayash common-occupation coverage — 800 occupations,923 occupations / 19265 tasks,true,true,Task-level benchmark category shares for product coverage. Not a probability that workers will lose jobs. Absence from this 800-row file does not mean the occupation is absent from the 923-occupation research model.
35-2021.00,Food Preparation Workers,31,28,0,3,0.903226,0.000000,0.096774,"Clean and sanitize work areas, equipment, utensils, dishes, or silverware.",,Distribute food to waiters and waitresses to serve to customers.,GPTs-are-GPTs human_labels on public_gpts_are_gpts_benchmark.csv,prayash-task-exposure-gpts-are-gpts-v1,Prayash common-occupation coverage — 800 occupations,923 occupations / 19265 tasks,true,true,Task-level benchmark category shares for product coverage. Not a probability that workers will lose jobs. Absence from this 800-row file does not mean the occupation is absent from the 923-occupation research model.
35-3011.00,Bartenders,20,16,2,2,0.800000,0.100000,0.100000,"Clean glasses, utensils, and bar equipment.",Create drink recipes.,Balance cash receipts.,GPTs-are-GPTs human_labels on public_gpts_are_gpts_benchmark.csv,prayash-task-exposure-gpts-are-gpts-v1,Prayash common-occupation coverage — 800 occupations,923 occupations / 19265 tasks,true,true,Task-level benchmark category shares for product coverage. Not a probability that workers will lose jobs. Absence from this 800-row file does not mean the occupation is absent from the 923-occupation research model.
35-3023.00,Fast Food and Counter Workers,28,24,1,3,0.857143,0.035714,0.107143,"Scrub and polish counters, steam tables, and other equipment, and clean glasses, dishes, and fountain equipment.","Take customers' orders and write ordered items on tickets, giving ticket stubs to customers when needed to identify filled orders.","Communicate with customers regarding orders, comments, and complaints.",GPTs-are-GPTs human_labels on public_gpts_are_gpts_benchmark.csv,prayash-task-exposure-gpts-are-gpts-v1,Prayash common-occupation coverage — 800 occupations,923 occupations / 19265 tasks,true,true,Task-level benchmark category shares for product coverage. Not a probability that workers will lose jobs. Absence from this 800-row file does not mean the occupation is absent from the 923-occupation research model.
35-3023.01,Baristas,19,16,3,0,0.842105,0.157895,0.000000,Receive and process customer payments.,"Describe menu items to customers, or suggest products that might appeal to them.",,GPTs-are-GPTs human_labels on public_gpts_are_gpts_benchmark.csv,prayash-task-exposure-gpts-are-gpts-v1,Prayash common-occupation coverage — 800 occupations,923 occupations / 19265 tasks,true,true,Task-level benchmark category shares for product coverage. Not a probability that workers will lose jobs. Absence from this 800-row file does not mean the occupation is absent from the 923-occupation research model.
35-3031.00,Waiters and Waitresses,25,19,5,1,0.760000,0.200000,0.040000,Take orders from patrons for food or beverages.,"Present menus to patrons and answer questions about menu items, making recommendations upon request.","Check with customers to ensure that they are enjoying their meals, and take action to correct any problems.",GPTs-are-GPTs human_labels on public_gpts_are_gpts_benchmark.csv,prayash-task-exposure-gpts-are-gpts-v1,Prayash common-occupation coverage — 800 occupations,923 occupations / 19265 tasks,true,true,Task-level benchmark category shares for product coverage. Not a probability that workers will lose jobs. Absence from this 800-row file does not mean the occupation is absent from the 923-occupation research model.
35-3041.00,"Food Servers, Nonrestaurant",14,11,0,3,0.785714,0.000000,0.214286,Place food servings on plates or trays according to orders or instructions.,,"Monitor food distribution, ensuring that meals are delivered to the correct recipients and that guidelines, such as those for special diets, are followed.",GPTs-are-GPTs human_labels on public_gpts_are_gpts_benchmark.csv,prayash-task-exposure-gpts-are-gpts-v1,Prayash common-occupation coverage — 800 occupations,923 occupations / 19265 tasks,true,true,Task-level benchmark category shares for product coverage. Not a probability that workers will lose jobs. Absence from this 800-row file does not mean the occupation is absent from the 923-occupation research model.
35-9011.00,Dining Room and Cafeteria Attendants and Bartender Helpers,24,24,0,0,1.000000,0.000000,0.000000,Run cash registers.,,,GPTs-are-GPTs human_labels on public_gpts_are_gpts_benchmark.csv,prayash-task-exposure-gpts-are-gpts-v1,Prayash common-occupation coverage — 800 occupations,923 occupations / 19265 tasks,true,true,Task-level benchmark category shares for product coverage. Not a probability that workers will lose jobs. Absence from this 800-row file does not mean the occupation is absent from the 923-occupation research model.
35-9021.00,Dishwashers,13,13,0,0,1.000000,0.000000,0.000000,"Wash dishes, glassware, flatware, pots, or pans, using dishwashers or by hand.",,,GPTs-are-GPTs human_labels on public_gpts_are_gpts_benchmark.csv,prayash-task-exposure-gpts-are-gpts-v1,Prayash common-occupation coverage — 800 occupations,923 occupations / 19265 tasks,true,true,Task-level benchmark category shares for product coverage. Not a probability that workers will lose jobs. Absence from this 800-row file does not mean the occupation is absent from the 923-occupation research model.
35-9031.00,"Hosts and Hostesses, Restaurant, Lounge, and Coffee Shop",22,11,5,6,0.500000,0.227273,0.272727,Assign patrons to tables suitable for their needs and according to rotation so that servers receive an appropriate number of seatings.,Answer telephone calls and respond to inquiries or transfer calls.,Provide guests with menus.,GPTs-are-GPTs human_labels on public_gpts_are_gpts_benchmark.csv,prayash-task-exposure-gpts-are-gpts-v1,Prayash common-occupation coverage — 800 occupations,923 occupations / 19265 tasks,true,true,Task-level benchmark category shares for product coverage. Not a probability that workers will lose jobs. Absence from this 800-row file does not mean the occupation is absent from the 923-occupation research model.
37-1011.00,First-Line Supervisors of Housekeeping and Janitorial Workers,26,15,2,9,0.576923,0.076923,0.346154,"Supervise in-house services, such as laundries, maintenance and repair, dry cleaning, or valet services.",Establish and implement operational standards and procedures for the departments supervised.,"Select the most suitable cleaning materials for different types of linens, furniture, flooring, and surfaces.",GPTs-are-GPTs human_labels on public_gpts_are_gpts_benchmark.csv,prayash-task-exposure-gpts-are-gpts-v1,Prayash common-occupation coverage — 800 occupations,923 occupations / 19265 tasks,true,true,Task-level benchmark category shares for product coverage. Not a probability that workers will lose jobs. Absence from this 800-row file does not mean the occupation is absent from the 923-occupation research model.
37-1012.00,"First-Line Supervisors of Landscaping, Lawn Service, and Groundskeeping Workers",28,16,2,10,0.571429,0.071429,0.357143,Establish and enforce operating procedures and work standards that will ensure adequate performance and personnel safety.,Order the performance of corrective work when problems occur and recommend procedural changes to avoid such problems.,"Schedule work for crews, depending on work priorities, crew or equipment availability, or weather conditions.",GPTs-are-GPTs human_labels on public_gpts_are_gpts_benchmark.csv,prayash-task-exposure-gpts-are-gpts-v1,Prayash common-occupation coverage — 800 occupations,923 occupations / 19265 tasks,true,true,Task-level benchmark category shares for product coverage. Not a probability that workers will lose jobs. Absence from this 800-row file does not mean the occupation is absent from the 923-occupation research model.
37-2011.00,"Janitors and Cleaners, Except Maids and Housekeeping Cleaners",23,22,0,1,0.956522,0.000000,0.043478,"Service, clean, or supply restrooms.",,Requisition supplies or equipment needed for cleaning and maintenance duties.,GPTs-are-GPTs human_labels on public_gpts_are_gpts_benchmark.csv,prayash-task-exposure-gpts-are-gpts-v1,Prayash common-occupation coverage — 800 occupations,923 occupations / 19265 tasks,true,true,Task-level benchmark category shares for product coverage. Not a probability that workers will lose jobs. Absence from this 800-row file does not mean the occupation is absent from the 923-occupation research model.
37-2012.00,Maids and Housekeeping Cleaners,25,23,2,0,0.920000,0.080000,0.000000,"Keep storage areas and carts well-stocked, clean, and tidy.",Assign duties to other staff and give instructions regarding work methods and routines.,,GPTs-are-GPTs human_labels on public_gpts_are_gpts_benchmark.csv,prayash-task-exposure-gpts-are-gpts-v1,Prayash common-occupation coverage — 800 occupations,923 occupations / 19265 tasks,true,true,Task-level benchmark category shares for product coverage. Not a probability that workers will lose jobs. Absence from this 800-row file does not mean the occupation is absent from the 923-occupation research model.
37-2021.00,Pest Control Workers,15,10,1,4,0.666667,0.066667,0.266667,"Inspect premises to identify infestation source and extent of damage to property, wall, or roof porosity and access to infested locations.",Recommend treatment and prevention methods for pest problems to clients.,Record work activities performed.,GPTs-are-GPTs human_labels on public_gpts_are_gpts_benchmark.csv,prayash-task-exposure-gpts-are-gpts-v1,Prayash common-occupation coverage — 800 occupations,923 occupations / 19265 tasks,true,true,Task-level benchmark category shares for product coverage. Not a probability that workers will lose jobs. Absence from this 800-row file does not mean the occupation is absent from the 923-occupation research model.
37-3011.00,Landscaping and Groundskeeping Workers,27,25,0,2,0.925926,0.000000,0.074074,Gather and remove litter.,,"Provide proper upkeep of sidewalks, driveways, parking lots, fountains, planters, burial sites, or other grounds features.",GPTs-are-GPTs human_labels on public_gpts_are_gpts_benchmark.csv,prayash-task-exposure-gpts-are-gpts-v1,Prayash common-occupation coverage — 800 occupations,923 occupations / 19265 tasks,true,true,Task-level benchmark category shares for product coverage. Not a probability that workers will lose jobs. Absence from this 800-row file does not mean the occupation is absent from the 923-occupation research model.
37-3012.00,"Pesticide Handlers, Sprayers, and Applicators, Vegetation",10,9,1,0,0.900000,0.100000,0.000000,"Mix pesticides, herbicides, or fungicides for application to trees, shrubs, lawns, or botanical crops.","Provide driving instructions to truck drivers to ensure complete coverage of designated areas, using hand and horn signals.",,GPTs-are-GPTs human_labels on public_gpts_are_gpts_benchmark.csv,prayash-task-exposure-gpts-are-gpts-v1,Prayash common-occupation coverage — 800 occupations,923 occupations / 19265 tasks,true,true,Task-level benchmark category shares for product coverage. Not a probability that workers will lose jobs. Absence from this 800-row file does not mean the occupation is absent from the 923-occupation research model.
37-3013.00,Tree Trimmers and Pruners,26,23,0,3,0.884615,0.000000,0.115385,"Operate shredding and chipping equipment, and feed limbs and brush into the machines.",,Inspect trees to determine if they have diseases or pest problems.,GPTs-are-GPTs human_labels on public_gpts_are_gpts_benchmark.csv,prayash-task-exposure-gpts-are-gpts-v1,Prayash common-occupation coverage — 800 occupations,923 occupations / 19265 tasks,true,true,Task-level benchmark category shares for product coverage. Not a probability that workers will lose jobs. Absence from this 800-row file does not mean the occupation is absent from the 923-occupation research model.
39-1013.00,First-Line Supervisors of Gambling Services Workers,30,15,5,10,0.500000,0.166667,0.333333,"Observe gamblers' behavior for signs of cheating, such as marking, switching, or counting cards, and notify security staff of suspected cheating.",Respond to and resolve patrons' complaints.,"Monitor game operations to ensure that house rules are followed, that tribal, state, and federal regulations are adhered to, and that employees provide prompt and courteous service.",GPTs-are-GPTs human_labels on public_gpts_are_gpts_benchmark.csv,prayash-task-exposure-gpts-are-gpts-v1,Prayash common-occupation coverage — 800 occupations,923 occupations / 19265 tasks,true,true,Task-level benchmark category shares for product coverage. Not a probability that workers will lose jobs. Absence from this 800-row file does not mean the occupation is absent from the 923-occupation research model.
39-1014.00,"First-Line Supervisors of Entertainment and Recreation Workers, Except Gambling Services",19,11,5,3,0.578947,0.263158,0.157895,Direct or coordinate the activities of entertainment and recreation related workers.,Apply customer feedback to service improvement efforts.,Analyze and record personnel or operational data and write related activity reports.,GPTs-are-GPTs human_labels on public_gpts_are_gpts_benchmark.csv,prayash-task-exposure-gpts-are-gpts-v1,Prayash common-occupation coverage — 800 occupations,923 occupations / 19265 tasks,true,true,Task-level benchmark category shares for product coverage. Not a probability that workers will lose jobs. Absence from this 800-row file does not mean the occupation is absent from the 923-occupation research model.
39-1022.00,First-Line Supervisors of Personal Service Workers,17,8,4,5,0.470588,0.235294,0.294118,Observe and evaluate workers' appearance and performance to ensure quality service and compliance with specifications.,Resolve customer complaints regarding worker performance or services rendered.,"Assign work schedules, following work requirements, to ensure quality and timely delivery of service.",GPTs-are-GPTs human_labels on public_gpts_are_gpts_benchmark.csv,prayash-task-exposure-gpts-are-gpts-v1,Prayash common-occupation coverage — 800 occupations,923 occupations / 19265 tasks,true,true,Task-level benchmark category shares for product coverage. Not a probability that workers will lose jobs. Absence from this 800-row file does not mean the occupation is absent from the 923-occupation research model.
39-2011.00,Animal Trainers,19,17,2,0,0.894737,0.105263,0.000000,Cue or signal animals during performances.,"Keep records documenting animal health, diet, or behavior.",,GPTs-are-GPTs human_labels on public_gpts_are_gpts_benchmark.csv,prayash-task-exposure-gpts-are-gpts-v1,Prayash common-occupation coverage — 800 occupations,923 occupations / 19265 tasks,true,true,Task-level benchmark category shares for product coverage. Not a probability that workers will lose jobs. Absence from this 800-row file does not mean the occupation is absent from the 923-occupation research model.
39-2021.00,Animal Caretakers,22,18,3,1,0.818182,0.136364,0.045455,Feed and water animals according to schedules and feeding instructions.,"Collect and record animal information, such as weight, size, physical condition, treatments received, medications given, and food intake.",Answer telephones and schedule appointments.,GPTs-are-GPTs human_labels on public_gpts_are_gpts_benchmark.csv,prayash-task-exposure-gpts-are-gpts-v1,Prayash common-occupation coverage — 800 occupations,923 occupations / 19265 tasks,true,true,Task-level benchmark category shares for product coverage. Not a probability that workers will lose jobs. Absence from this 800-row file does not mean the occupation is absent from the 923-occupation research model.
39-3011.00,Gambling Dealers,21,17,2,2,0.809524,0.095238,0.095238,Pay winnings or collect losing bets as established by the rules and procedures of a specific game.,Answer questions about game rules and casino policies.,"Compute amounts of players' wins or losses, or scan winning tickets presented by patrons to calculate the amount of money won.",GPTs-are-GPTs human_labels on public_gpts_are_gpts_benchmark.csv,prayash-task-exposure-gpts-are-gpts-v1,Prayash common-occupation coverage — 800 occupations,923 occupations / 19265 tasks,true,true,Task-level benchmark category shares for product coverage. Not a probability that workers will lose jobs. Absence from this 800-row file does not mean the occupation is absent from the 923-occupation research model.
39-3012.00,Gambling and Sports Book Writers and Runners,22,14,1,7,0.636364,0.045455,0.318182,Collect cards or tickets from players.,Answer questions about game rules or casino policies.,"Collect bets in the form of cash or chips, verifying and recording amounts.",GPTs-are-GPTs human_labels on public_gpts_are_gpts_benchmark.csv,prayash-task-exposure-gpts-are-gpts-v1,Prayash common-occupation coverage — 800 occupations,923 occupations / 19265 tasks,true,true,Task-level benchmark category shares for product coverage. Not a probability that workers will lose jobs. Absence from this 800-row file does not mean the occupation is absent from the 923-occupation research model.
39-3021.00,Motion Picture Projectionists,22,19,0,3,0.863636,0.000000,0.136364,Start projectors and open shutters to project images onto screens.,,Monitor operations to ensure that standards for sound and image projection quality are met.,GPTs-are-GPTs human_labels on public_gpts_are_gpts_benchmark.csv,prayash-task-exposure-gpts-are-gpts-v1,Prayash common-occupation coverage — 800 occupations,923 occupations / 19265 tasks,true,true,Task-level benchmark category shares for product coverage. Not a probability that workers will lose jobs. Absence from this 800-row file does not mean the occupation is absent from the 923-occupation research model.
39-3031.00,"Ushers, Lobby Attendants, and Ticket Takers",23,16,4,3,0.695652,0.173913,0.130435,Greet patrons attending entertainment events.,Assist patrons by giving directions to points in or outside of the facility or providing information about local attractions.,"Examine tickets or passes to verify authenticity, using criteria such as color or date issued.",GPTs-are-GPTs human_labels on public_gpts_are_gpts_benchmark.csv,prayash-task-exposure-gpts-are-gpts-v1,Prayash common-occupation coverage — 800 occupations,923 occupations / 19265 tasks,true,true,Task-level benchmark category shares for product coverage. Not a probability that workers will lose jobs. Absence from this 800-row file does not mean the occupation is absent from the 923-occupation research model.
39-3091.00,Amusement and Recreation Attendants,19,12,5,2,0.631579,0.263158,0.105263,Sell tickets and collect fees from customers.,"Provide information about facilities, entertainment options, and rules and regulations.","Record details of attendance, sales, receipts, reservations, or repair activities.",GPTs-are-GPTs human_labels on public_gpts_are_gpts_benchmark.csv,prayash-task-exposure-gpts-are-gpts-v1,Prayash common-occupation coverage — 800 occupations,923 occupations / 19265 tasks,true,true,Task-level benchmark category shares for product coverage. Not a probability that workers will lose jobs. Absence from this 800-row file does not mean the occupation is absent from the 923-occupation research model.
39-3092.00,Costume Attendants,21,12,0,9,0.571429,0.000000,0.428571,Arrange costumes in order of use to facilitate quick-change procedures for performances.,,"Create worksheets for dressing lists, show notes, or costume checks.",GPTs-are-GPTs human_labels on public_gpts_are_gpts_benchmark.csv,prayash-task-exposure-gpts-are-gpts-v1,Prayash common-occupation coverage — 800 occupations,923 occupations / 19265 tasks,true,true,Task-level benchmark category shares for product coverage. Not a probability that workers will lose jobs. Absence from this 800-row file does not mean the occupation is absent from the 923-occupation research model.
39-3093.00,"Locker Room, Coatroom, and Dressing Room Attendants",23,18,1,4,0.782609,0.043478,0.173913,"Assign dressing room facilities, locker space, or clothing containers to patrons of athletic or bathing establishments.","Answer customer inquiries or explain cost, availability, policies, and procedures of facilities.","Provide towels and sheets to clients in public baths, steam rooms, and restrooms.",GPTs-are-GPTs human_labels on public_gpts_are_gpts_benchmark.csv,prayash-task-exposure-gpts-are-gpts-v1,Prayash common-occupation coverage — 800 occupations,923 occupations / 19265 tasks,true,true,Task-level benchmark category shares for product coverage. Not a probability that workers will lose jobs. Absence from this 800-row file does not mean the occupation is absent from the 923-occupation research model.
39-4011.00,Embalmers,26,24,0,2,0.923077,0.000000,0.076923,Apply cosmetics to impart lifelike appearance to the deceased.,,Conform to laws of health and sanitation and ensure that legal requirements concerning embalming are met.,GPTs-are-GPTs human_labels on public_gpts_are_gpts_benchmark.csv,prayash-task-exposure-gpts-are-gpts-v1,Prayash common-occupation coverage — 800 occupations,923 occupations / 19265 tasks,true,true,Task-level benchmark category shares for product coverage. Not a probability that workers will lose jobs. Absence from this 800-row file does not mean the occupation is absent from the 923-occupation research model.
39-4012.00,Crematory Operators,12,9,0,3,0.750000,0.000000,0.250000,"Clean the crematorium, including tables, floors, and equipment.",,Document divided remains to ensure parts are not misplaced.,GPTs-are-GPTs human_labels on public_gpts_are_gpts_benchmark.csv,prayash-task-exposure-gpts-are-gpts-v1,Prayash common-occupation coverage — 800 occupations,923 occupations / 19265 tasks,true,true,Task-level benchmark category shares for product coverage. Not a probability that workers will lose jobs. Absence from this 800-row file does not mean the occupation is absent from the 923-occupation research model.
39-4021.00,Funeral Attendants,26,17,5,4,0.653846,0.192308,0.153846,Greet people at the funeral home.,Direct or escort mourners to parlors or chapels in which wakes or funerals are being held.,Perform a variety of tasks during funerals to assist funeral directors and to ensure that services run smoothly and as planned.,GPTs-are-GPTs human_labels on public_gpts_are_gpts_benchmark.csv,prayash-task-exposure-gpts-are-gpts-v1,Prayash common-occupation coverage — 800 occupations,923 occupations / 19265 tasks,true,true,Task-level benchmark category shares for product coverage. Not a probability that workers will lose jobs. Absence from this 800-row file does not mean the occupation is absent from the 923-occupation research model.
39-4031.00,"Morticians, Undertakers, and Funeral Arrangers",22,18,0,4,0.818182,0.000000,0.181818,"Consult with families or friends of the deceased to arrange funeral details, such as obituary notice wording, casket selection, or plans for services.",,"Obtain information needed to complete legal documents, such as death certificates or burial permits.",GPTs-are-GPTs human_labels on public_gpts_are_gpts_benchmark.csv,prayash-task-exposure-gpts-are-gpts-v1,Prayash common-occupation coverage — 800 occupations,923 occupations / 19265 tasks,true,true,Task-level benchmark category shares for product coverage. Not a probability that workers will lose jobs. Absence from this 800-row file does not mean the occupation is absent from the 923-occupation research model.
39-5011.00,Barbers,20,17,0,3,0.850000,0.000000,0.150000,"Clean and sterilize scissors, combs, clippers, and other instruments.",,Record services provided on cashiers' tickets or receive payment from customers.,GPTs-are-GPTs human_labels on public_gpts_are_gpts_benchmark.csv,prayash-task-exposure-gpts-are-gpts-v1,Prayash common-occupation coverage — 800 occupations,923 occupations / 19265 tasks,true,true,Task-level benchmark category shares for product coverage. Not a probability that workers will lose jobs. Absence from this 800-row file does not mean the occupation is absent from the 923-occupation research model.
39-5012.00,"Hairdressers, Hairstylists, and Cosmetologists",23,21,0,2,0.913043,0.000000,0.086957,"Keep work stations clean and sanitize tools, such as scissors and combs.",,Schedule client appointments.,GPTs-are-GPTs human_labels on public_gpts_are_gpts_benchmark.csv,prayash-task-exposure-gpts-are-gpts-v1,Prayash common-occupation coverage — 800 occupations,923 occupations / 19265 tasks,true,true,Task-level benchmark category shares for product coverage. Not a probability that workers will lose jobs. Absence from this 800-row file does not mean the occupation is absent from the 923-occupation research model.
39-5091.00,"Makeup Artists, Theatrical and Performance",21,12,1,8,0.571429,0.047619,0.380952,Apply makeup to enhance or alter the appearance of people appearing in productions such as movies.,"Demonstrate products to clients, and provide instruction in makeup application.","Study production information, such as character descriptions, period settings, and situations, to determine makeup requirements.",GPTs-are-GPTs human_labels on public_gpts_are_gpts_benchmark.csv,prayash-task-exposure-gpts-are-gpts-v1,Prayash common-occupation coverage — 800 occupations,923 occupations / 19265 tasks,true,true,Task-level benchmark category shares for product coverage. Not a probability that workers will lose jobs. Absence from this 800-row file does not mean the occupation is absent from the 923-occupation research model.
39-5092.00,Manicurists and Pedicurists,18,16,0,2,0.888889,0.000000,0.111111,Clean and sanitize tools and work environment.,,Maintain supply inventories and records of client services.,GPTs-are-GPTs human_labels on public_gpts_are_gpts_benchmark.csv,prayash-task-exposure-gpts-are-gpts-v1,Prayash common-occupation coverage — 800 occupations,923 occupations / 19265 tasks,true,true,Task-level benchmark category shares for product coverage. Not a probability that workers will lose jobs. Absence from this 800-row file does not mean the occupation is absent from the 923-occupation research model.
39-5093.00,Shampooers,4,3,0,1,0.750000,0.000000,0.250000,"Massage, shampoo, and condition patron's hair and scalp to clean them and remove excess oil.",,Maintain treatment records.,GPTs-are-GPTs human_labels on public_gpts_are_gpts_benchmark.csv,prayash-task-exposure-gpts-are-gpts-v1,Prayash common-occupation coverage — 800 occupations,923 occupations / 19265 tasks,true,true,Task-level benchmark category shares for product coverage. Not a probability that workers will lose jobs. Absence from this 800-row file does not mean the occupation is absent from the 923-occupation research model.
39-5094.00,Skincare Specialists,18,15,1,2,0.833333,0.055556,0.111111,Sterilize equipment and clean work areas.,Advise clients about colors and types of makeup and instruct them in makeup application techniques.,Keep records of client needs and preferences and the services provided.,GPTs-are-GPTs human_labels on public_gpts_are_gpts_benchmark.csv,prayash-task-exposure-gpts-are-gpts-v1,Prayash common-occupation coverage — 800 occupations,923 occupations / 19265 tasks,true,true,Task-level benchmark category shares for product coverage. Not a probability that workers will lose jobs. Absence from this 800-row file does not mean the occupation is absent from the 923-occupation research model.
39-6011.00,Baggage Porters and Bellhops,17,11,5,1,0.647059,0.294118,0.058824,Receive and mark baggage by completing and attaching claim checks.,"Supply guests or travelers with directions, travel information, and other information, such as available services and points of interest.",Compute and complete charge slips for services rendered and maintain records.,GPTs-are-GPTs human_labels on public_gpts_are_gpts_benchmark.csv,prayash-task-exposure-gpts-are-gpts-v1,Prayash common-occupation coverage — 800 occupations,923 occupations / 19265 tasks,true,true,Task-level benchmark category shares for product coverage. Not a probability that workers will lose jobs. Absence from this 800-row file does not mean the occupation is absent from the 923-occupation research model.
39-6012.00,Concierges,16,5,10,1,0.312500,0.625000,0.062500,Pick up and deliver items or run errands for guests.,Provide directions to guests.,Order flowers for guests.,GPTs-are-GPTs human_labels on public_gpts_are_gpts_benchmark.csv,prayash-task-exposure-gpts-are-gpts-v1,Prayash common-occupation coverage — 800 occupations,923 occupations / 19265 tasks,true,true,Task-level benchmark category shares for product coverage. Not a probability that workers will lose jobs. Absence from this 800-row file does not mean the occupation is absent from the 923-occupation research model.
39-7011.00,Tour Guides and Escorts,19,13,5,1,0.684211,0.263158,0.052632,"Escort individuals or groups on cruises, sightseeing tours, or through places of interest, such as industrial establishments, public buildings, or art galleries.","Describe tour points of interest to group members, and respond to questions.","Research various topics, including site history, environmental conditions, and clients' skills and abilities to plan appropriate expeditions, instruction, and commentary.",GPTs-are-GPTs human_labels on public_gpts_are_gpts_benchmark.csv,prayash-task-exposure-gpts-are-gpts-v1,Prayash common-occupation coverage — 800 occupations,923 occupations / 19265 tasks,true,true,Task-level benchmark category shares for product coverage. Not a probability that workers will lose jobs. Absence from this 800-row file does not mean the occupation is absent from the 923-occupation research model.
39-7012.00,Travel Guides,17,9,5,3,0.529412,0.294118,0.176471,"Plan tour itineraries, applying knowledge of travel routes and destination sites.","Arrange for tour or expedition details such as accommodations, transportation, equipment, and the availability of medical personnel.","Evaluate services received on the tour, and report findings to tour organizers.",GPTs-are-GPTs human_labels on public_gpts_are_gpts_benchmark.csv,prayash-task-exposure-gpts-are-gpts-v1,Prayash common-occupation coverage — 800 occupations,923 occupations / 19265 tasks,true,true,Task-level benchmark category shares for product coverage. Not a probability that workers will lose jobs. Absence from this 800-row file does not mean the occupation is absent from the 923-occupation research model.
39-9011.00,Childcare Workers,25,14,5,6,0.560000,0.200000,0.240000,Maintain a safe play environment.,"Instruct children in health and personal habits, such as eating, resting, and toilet habits.","Communicate with children's parents or guardians about daily activities, behaviors, and related issues.",GPTs-are-GPTs human_labels on public_gpts_are_gpts_benchmark.csv,prayash-task-exposure-gpts-are-gpts-v1,Prayash common-occupation coverage — 800 occupations,923 occupations / 19265 tasks,true,true,Task-level benchmark category shares for product coverage. Not a probability that workers will lose jobs. Absence from this 800-row file does not mean the occupation is absent from the 923-occupation research model.
39-9011.01,Nannies,19,11,5,3,0.578947,0.263158,0.157895,Remove hazards and develop appropriate boundaries and rules to create a safe environment for children.,"Instruct and assist children in the development of health and personal habits, such as eating, resting, and toilet behavior.",Meet regularly with parents to discuss children's activities and development.,GPTs-are-GPTs human_labels on public_gpts_are_gpts_benchmark.csv,prayash-task-exposure-gpts-are-gpts-v1,Prayash common-occupation coverage — 800 occupations,923 occupations / 19265 tasks,true,true,Task-level benchmark category shares for product coverage. Not a probability that workers will lose jobs. Absence from this 800-row file does not mean the occupation is absent from the 923-occupation research model.
39-9031.00,Exercise Trainers and Group Fitness Instructors,22,15,3,4,0.681818,0.136364,0.181818,Observe participants and inform them of corrective measures necessary for skill improvement.,"Explain and enforce safety rules and regulations governing sports, recreational activities, and the use of exercise equipment.","Evaluate individuals' abilities, needs, and physical conditions, and develop suitable training programs to meet any special requirements.",GPTs-are-GPTs human_labels on public_gpts_are_gpts_benchmark.csv,prayash-task-exposure-gpts-are-gpts-v1,Prayash common-occupation coverage — 800 occupations,923 occupations / 19265 tasks,true,true,Task-level benchmark category shares for product coverage. Not a probability that workers will lose jobs. Absence from this 800-row file does not mean the occupation is absent from the 923-occupation research model.
39-9032.00,Recreation Workers,24,14,2,8,0.583333,0.083333,0.333333,Enforce rules and regulations of recreational facilities to maintain discipline and ensure safety.,"Explain principles, techniques, and safety procedures to participants in recreational activities and demonstrate use of materials and equipment.","Assess the needs and interests of individuals and groups and plan activities accordingly, given the available equipment or facilities.",GPTs-are-GPTs human_labels on public_gpts_are_gpts_benchmark.csv,prayash-task-exposure-gpts-are-gpts-v1,Prayash common-occupation coverage — 800 occupations,923 occupations / 19265 tasks,true,true,Task-level benchmark category shares for product coverage. Not a probability that workers will lose jobs. Absence from this 800-row file does not mean the occupation is absent from the 923-occupation research model.
39-9041.00,Residential Advisors,30,19,5,6,0.633333,0.166667,0.200000,Communicate with other staff to resolve problems with individual students.,Collaborate with counselors to develop counseling programs that address the needs of individual students.,Mediate interpersonal problems between residents.,GPTs-are-GPTs human_labels on public_gpts_are_gpts_benchmark.csv,prayash-task-exposure-gpts-are-gpts-v1,Prayash common-occupation coverage — 800 occupations,923 occupations / 19265 tasks,true,true,Task-level benchmark category shares for product coverage. Not a probability that workers will lose jobs. Absence from this 800-row file does not mean the occupation is absent from the 923-occupation research model.
41-1011.00,First-Line Supervisors of Retail Sales Workers,21,7,4,10,0.333333,0.190476,0.476190,"Direct and supervise employees engaged in sales, inventory-taking, reconciling cash receipts, or in performing services for customers.",Provide customer service by greeting and assisting customers and responding to customer inquiries and complaints.,Examine merchandise to ensure that it is correctly priced and displayed and that it functions as advertised.,GPTs-are-GPTs human_labels on public_gpts_are_gpts_benchmark.csv,prayash-task-exposure-gpts-are-gpts-v1,Prayash common-occupation coverage — 800 occupations,923 occupations / 19265 tasks,true,true,Task-level benchmark category shares for product coverage. Not a probability that workers will lose jobs. Absence from this 800-row file does not mean the occupation is absent from the 923-occupation research model.
41-1012.00,First-Line Supervisors of Non-Retail Sales Workers,18,6,4,8,0.333333,0.222222,0.444444,Provide staff with assistance in performing difficult or complicated duties.,"Listen to and resolve customer complaints regarding services, products, or personnel.",Monitor sales staff performance to ensure that goals are met.,GPTs-are-GPTs human_labels on public_gpts_are_gpts_benchmark.csv,prayash-task-exposure-gpts-are-gpts-v1,Prayash common-occupation coverage — 800 occupations,923 occupations / 19265 tasks,true,true,Task-level benchmark category shares for product coverage. Not a probability that workers will lose jobs. Absence from this 800-row file does not mean the occupation is absent from the 923-occupation research model.
41-2011.00,Cashiers,29,14,5,10,0.482759,0.172414,0.344828,"Receive payment by cash, check, credit cards, vouchers, or automatic debits.","Answer customers' questions, and provide information on procedures or policies.","Issue receipts, refunds, credits, or change due to customers.",GPTs-are-GPTs human_labels on public_gpts_are_gpts_benchmark.csv,prayash-task-exposure-gpts-are-gpts-v1,Prayash common-occupation coverage — 800 occupations,923 occupations / 19265 tasks,true,true,Task-level benchmark category shares for product coverage. Not a probability that workers will lose jobs. Absence from this 800-row file does not mean the occupation is absent from the 923-occupation research model.
41-2012.00,Gambling Change Persons and Booth Cashiers,15,6,0,9,0.400000,0.000000,0.600000,Count money and audit money drawers.,,"Keep accurate records of monetary exchanges, authorization forms, and transaction reconciliations.",GPTs-are-GPTs human_labels on public_gpts_are_gpts_benchmark.csv,prayash-task-exposure-gpts-are-gpts-v1,Prayash common-occupation coverage — 800 occupations,923 occupations / 19265 tasks,true,true,Task-level benchmark category shares for product coverage. Not a probability that workers will lose jobs. Absence from this 800-row file does not mean the occupation is absent from the 923-occupation research model.
41-2021.00,Counter and Rental Clerks,16,3,9,4,0.187500,0.562500,0.250000,Inspect and adjust rental items to meet needs of customer.,"Receive orders for services, such as rentals, repairs, dry cleaning, and storage.",Compute charges for merchandise or services and receive payments.,GPTs-are-GPTs human_labels on public_gpts_are_gpts_benchmark.csv,prayash-task-exposure-gpts-are-gpts-v1,Prayash common-occupation coverage — 800 occupations,923 occupations / 19265 tasks,true,true,Task-level benchmark category shares for product coverage. Not a probability that workers will lose jobs. Absence from this 800-row file does not mean the occupation is absent from the 923-occupation research model.
41-2022.00,Parts Salespersons,19,12,5,2,0.631579,0.263158,0.105263,"Fill customer orders from stock, and place orders when requested items are out of stock.",Receive and fill telephone orders for parts.,Receive payment or obtain credit authorization.,GPTs-are-GPTs human_labels on public_gpts_are_gpts_benchmark.csv,prayash-task-exposure-gpts-are-gpts-v1,Prayash common-occupation coverage — 800 occupations,923 occupations / 19265 tasks,true,true,Task-level benchmark category shares for product coverage. Not a probability that workers will lose jobs. Absence from this 800-row file does not mean the occupation is absent from the 923-occupation research model.
41-2031.00,Retail Salespersons,24,12,7,5,0.500000,0.291667,0.208333,Greet customers and ascertain what each customer wants or needs.,Answer questions regarding the store and its merchandise.,"Compute sales prices, total purchases, and receive and process cash or credit payment.",GPTs-are-GPTs human_labels on public_gpts_are_gpts_benchmark.csv,prayash-task-exposure-gpts-are-gpts-v1,Prayash common-occupation coverage — 800 occupations,923 occupations / 19265 tasks,true,true,Task-level benchmark category shares for product coverage. Not a probability that workers will lose jobs. Absence from this 800-row file does not mean the occupation is absent from the 923-occupation research model.
41-3011.00,Advertising Sales Agents,20,1,9,10,0.050000,0.450000,0.500000,"Attend sales meetings, industry trade shows, and training seminars to gather information, promote products, expand network of contacts, and increase knowledge.",Locate and contact potential clients to offer advertising services.,Prepare and deliver sales presentations to new and existing customers to sell new advertising programs and to protect and increase existing advertising.,GPTs-are-GPTs human_labels on public_gpts_are_gpts_benchmark.csv,prayash-task-exposure-gpts-are-gpts-v1,Prayash common-occupation coverage — 800 occupations,923 occupations / 19265 tasks,true,true,Task-level benchmark category shares for product coverage. Not a probability that workers will lose jobs. Absence from this 800-row file does not mean the occupation is absent from the 923-occupation research model.
41-3021.00,Insurance Sales Agents,19,5,6,8,0.263158,0.315789,0.421053,"Sell various types of insurance policies to businesses and individuals on behalf of insurance companies, including automobile, fire, life, property, medical and dental insurance, or specialized policies, such as marine, farm/crop, and medical malpractice.","Explain features, advantages, and disadvantages of various policies to promote sale of insurance plans.","Customize insurance programs to suit individual customers, often covering a variety of risks.",GPTs-are-GPTs human_labels on public_gpts_are_gpts_benchmark.csv,prayash-task-exposure-gpts-are-gpts-v1,Prayash common-occupation coverage — 800 occupations,923 occupations / 19265 tasks,true,true,Task-level benchmark category shares for product coverage. Not a probability that workers will lose jobs. Absence from this 800-row file does not mean the occupation is absent from the 923-occupation research model.
41-3031.00,"Securities, Commodities, and Financial Services Sales Agents",30,8,7,15,0.266667,0.233333,0.500000,Make bids or offers to buy or sell securities.,Complete sales order tickets and submit for processing of client-requested transactions.,Monitor markets or positions.,GPTs-are-GPTs human_labels on public_gpts_are_gpts_benchmark.csv,prayash-task-exposure-gpts-are-gpts-v1,Prayash common-occupation coverage — 800 occupations,923 occupations / 19265 tasks,true,true,Task-level benchmark category shares for product coverage. Not a probability that workers will lose jobs. Absence from this 800-row file does not mean the occupation is absent from the 923-occupation research model.
41-3041.00,Travel Agents,8,1,2,5,0.125000,0.250000,0.625000,"Converse with customer to determine destination, mode of transportation, travel dates, financial considerations, and accommodations required.","Book transportation and hotel reservations, using computer or telephone.",Collect payment for transportation and accommodations from customer.,GPTs-are-GPTs human_labels on public_gpts_are_gpts_benchmark.csv,prayash-task-exposure-gpts-are-gpts-v1,Prayash common-occupation coverage — 800 occupations,923 occupations / 19265 tasks,true,true,Task-level benchmark category shares for product coverage. Not a probability that workers will lose jobs. Absence from this 800-row file does not mean the occupation is absent from the 923-occupation research model.
41-3091.00,"Sales Representatives of Services, Except Advertising, Insurance, Financial Services, and Travel",15,3,5,7,0.200000,0.333333,0.466667,"Attend sales or trade meetings or read related publications to obtain information about market conditions, business trends, regulations, or industry developments.","Answer customers' questions about services, prices, availability, or credit terms.",Compute and compare costs of services.,GPTs-are-GPTs human_labels on public_gpts_are_gpts_benchmark.csv,prayash-task-exposure-gpts-are-gpts-v1,Prayash common-occupation coverage — 800 occupations,923 occupations / 19265 tasks,true,true,Task-level benchmark category shares for product coverage. Not a probability that workers will lose jobs. Absence from this 800-row file does not mean the occupation is absent from the 923-occupation research model.
41-4011.00,"Sales Representatives, Wholesale and Manufacturing, Technical and Scientific Products",36,9,13,14,0.250000,0.361111,0.388889,Negotiate prices or terms of sales or service agreements.,Prepare and submit sales contracts for orders.,"Maintain customer records, using automated systems.",GPTs-are-GPTs human_labels on public_gpts_are_gpts_benchmark.csv,prayash-task-exposure-gpts-are-gpts-v1,Prayash common-occupation coverage — 800 occupations,923 occupations / 19265 tasks,true,true,Task-level benchmark category shares for product coverage. Not a probability that workers will lose jobs. Absence from this 800-row file does not mean the occupation is absent from the 923-occupation research model.
41-4011.07,Solar Sales Representatives and Assessors,13,3,5,5,0.230769,0.384615,0.384615,Gather information from prospective customers to identify their solar energy needs.,"Prepare proposals, quotes, contracts, or presentations for potential solar customers.","Select solar energy products, systems, or services for customers based on electrical energy requirements, site conditions, price, or other factors.",GPTs-are-GPTs human_labels on public_gpts_are_gpts_benchmark.csv,prayash-task-exposure-gpts-are-gpts-v1,Prayash common-occupation coverage — 800 occupations,923 occupations / 19265 tasks,true,true,Task-level benchmark category shares for product coverage. Not a probability that workers will lose jobs. Absence from this 800-row file does not mean the occupation is absent from the 923-occupation research model.
41-4012.00,"Sales Representatives, Wholesale and Manufacturing, Except Technical and Scientific Products",19,2,8,9,0.105263,0.421053,0.473684,Check stock levels and reorder merchandise as necessary.,"Answer customers' questions about products, prices, availability, product uses, and credit terms.","Recommend products to customers, based on customers' needs and interests.",GPTs-are-GPTs human_labels on public_gpts_are_gpts_benchmark.csv,prayash-task-exposure-gpts-are-gpts-v1,Prayash common-occupation coverage — 800 occupations,923 occupations / 19265 tasks,true,true,Task-level benchmark category shares for product coverage. Not a probability that workers will lose jobs. Absence from this 800-row file does not mean the occupation is absent from the 923-occupation research model.
41-9011.00,Demonstrators and Product Promoters,24,10,5,9,0.416667,0.208333,0.375000,"Provide product samples, coupons, informational brochures, or other incentives to persuade people to buy products.","Demonstrate or explain products, methods, or services to persuade customers to purchase products or use services.","Record and report demonstration-related information, such as the number of questions asked by the audience or the number of coupons distributed.",GPTs-are-GPTs human_labels on public_gpts_are_gpts_benchmark.csv,prayash-task-exposure-gpts-are-gpts-v1,Prayash common-occupation coverage — 800 occupations,923 occupations / 19265 tasks,true,true,Task-level benchmark category shares for product coverage. Not a probability that workers will lose jobs. Absence from this 800-row file does not mean the occupation is absent from the 923-occupation research model.
41-9012.00,Models,14,4,1,9,0.285714,0.071429,0.642857,"Assemble and maintain portfolios, print composite cards, and travel to go-sees to obtain jobs.",Report job completions to agencies and obtain information about future appointments.,"Pose for artists and photographers, with or without clothes.",GPTs-are-GPTs human_labels on public_gpts_are_gpts_benchmark.csv,prayash-task-exposure-gpts-are-gpts-v1,Prayash common-occupation coverage — 800 occupations,923 occupations / 19265 tasks,true,true,Task-level benchmark category shares for product coverage. Not a probability that workers will lose jobs. Absence from this 800-row file does not mean the occupation is absent from the 923-occupation research model.
41-9021.00,Real Estate Brokers,19,5,2,12,0.263158,0.105263,0.631579,"Sell, for a fee, real estate owned by others.",Obtain agreements from property owners to place properties for sale with real estate firms.,"Generate lists of properties for sale, their locations, descriptions, and available financing options, using computers.",GPTs-are-GPTs human_labels on public_gpts_are_gpts_benchmark.csv,prayash-task-exposure-gpts-are-gpts-v1,Prayash common-occupation coverage — 800 occupations,923 occupations / 19265 tasks,true,true,Task-level benchmark category shares for product coverage. Not a probability that workers will lose jobs. Absence from this 800-row file does not mean the occupation is absent from the 923-occupation research model.
41-9022.00,Real Estate Sales Agents,33,15,9,9,0.454545,0.272727,0.272727,Present purchase offers to sellers for consideration.,"Prepare documents such as representation contracts, purchase agreements, closing statements, deeds, and leases.",Generate lists of properties that are compatible with buyers' needs and financial resources.,GPTs-are-GPTs human_labels on public_gpts_are_gpts_benchmark.csv,prayash-task-exposure-gpts-are-gpts-v1,Prayash common-occupation coverage — 800 occupations,923 occupations / 19265 tasks,true,true,Task-level benchmark category shares for product coverage. Not a probability that workers will lose jobs. Absence from this 800-row file does not mean the occupation is absent from the 923-occupation research model.
41-9031.00,Sales Engineers,25,6,8,11,0.240000,0.320000,0.440000,"Visit prospective buyers at commercial, industrial, or other establishments to show samples or catalogs, and to inform them about product pricing, availability, and advantages.","Develop, present, or respond to proposals for specific customer requirements, including request for proposal responses and industry-specific solutions.","Collaborate with sales teams to understand customer requirements, to promote the sale of company products, and to provide sales support.",GPTs-are-GPTs human_labels on public_gpts_are_gpts_benchmark.csv,prayash-task-exposure-gpts-are-gpts-v1,Prayash common-occupation coverage — 800 occupations,923 occupations / 19265 tasks,true,true,Task-level benchmark category shares for product coverage. Not a probability that workers will lose jobs. Absence from this 800-row file does not mean the occupation is absent from the 923-occupation research model.
41-9041.00,Telemarketers,12,2,3,7,0.166667,0.250000,0.583333,"Contact businesses or private individuals by telephone to solicit sales for goods or services, or to request donations for charitable causes.","Explain products or services and prices, and answer questions from customers.","Deliver prepared sales talks, reading from scripts that describe products or services, to persuade potential customers to purchase a product or service or to make a donation.",GPTs-are-GPTs human_labels on public_gpts_are_gpts_benchmark.csv,prayash-task-exposure-gpts-are-gpts-v1,Prayash common-occupation coverage — 800 occupations,923 occupations / 19265 tasks,true,true,Task-level benchmark category shares for product coverage. Not a probability that workers will lose jobs. Absence from this 800-row file does not mean the occupation is absent from the 923-occupation research model.
41-9091.00,"Door-to-Door Sales Workers, News and Street Vendors, and Related Workers",12,6,6,0,0.500000,0.500000,0.000000,Deliver merchandise and collect payment.,Explain products or services and prices and demonstrate use of products.,,GPTs-are-GPTs human_labels on public_gpts_are_gpts_benchmark.csv,prayash-task-exposure-gpts-are-gpts-v1,Prayash common-occupation coverage — 800 occupations,923 occupations / 19265 tasks,true,true,Task-level benchmark category shares for product coverage. Not a probability that workers will lose jobs. Absence from this 800-row file does not mean the occupation is absent from the 923-occupation research model.
43-1011.00,First-Line Supervisors of Office and Administrative Support Workers,29,5,6,18,0.172414,0.206897,0.620690,Provide employees with guidance in handling difficult or complex problems or in resolving escalated complaints or disputes.,Resolve customer complaints or answer customers' questions regarding policies and procedures.,"Supervise the work of office, administrative, or customer service employees to ensure adherence to quality standards, deadlines, and proper procedures, correcting errors or problems.",GPTs-are-GPTs human_labels on public_gpts_are_gpts_benchmark.csv,prayash-task-exposure-gpts-are-gpts-v1,Prayash common-occupation coverage — 800 occupations,923 occupations / 19265 tasks,true,true,Task-level benchmark category shares for product coverage. Not a probability that workers will lose jobs. Absence from this 800-row file does not mean the occupation is absent from the 923-occupation research model.
43-2011.00,"Switchboard Operators, Including Answering Service",19,8,8,3,0.421053,0.421053,0.157895,"Operate communication systems, such as telephone, switchboard, intercom, two-way radio, or public address.","Answer incoming calls, greeting callers, providing information, transferring calls or taking messages as necessary.",Relay or route written or verbal messages.,GPTs-are-GPTs human_labels on public_gpts_are_gpts_benchmark.csv,prayash-task-exposure-gpts-are-gpts-v1,Prayash common-occupation coverage — 800 occupations,923 occupations / 19265 tasks,true,true,Task-level benchmark category shares for product coverage. Not a probability that workers will lose jobs. Absence from this 800-row file does not mean the occupation is absent from the 923-occupation research model.
43-3011.00,Bill and Account Collectors,15,4,2,9,0.266667,0.133333,0.600000,"Locate and monitor overdue accounts, using computers and a variety of automated systems.",Answer customer questions regarding problems with their accounts.,Record information about financial status of customers and status of collection efforts.,GPTs-are-GPTs human_labels on public_gpts_are_gpts_benchmark.csv,prayash-task-exposure-gpts-are-gpts-v1,Prayash common-occupation coverage — 800 occupations,923 occupations / 19265 tasks,true,true,Task-level benchmark category shares for product coverage. Not a probability that workers will lose jobs. Absence from this 800-row file does not mean the occupation is absent from the 923-occupation research model.
43-3021.00,Billing and Posting Clerks,30,10,6,14,0.333333,0.200000,0.466667,Verify accuracy of billing data and revise any errors.,"Prepare itemized statements, bills, or invoices and record amounts due for items purchased or services rendered.",Resolve discrepancies in accounting records.,GPTs-are-GPTs human_labels on public_gpts_are_gpts_benchmark.csv,prayash-task-exposure-gpts-are-gpts-v1,Prayash common-occupation coverage — 800 occupations,923 occupations / 19265 tasks,true,true,Task-level benchmark category shares for product coverage. Not a probability that workers will lose jobs. Absence from this 800-row file does not mean the occupation is absent from the 923-occupation research model.
43-3031.00,"Bookkeeping, Accounting, and Auditing Clerks",30,15,4,11,0.500000,0.133333,0.366667,"Operate computers programmed with accounting software to record, store, and analyze information.",Code documents according to company procedures.,Reconcile or note and report discrepancies found in records.,GPTs-are-GPTs human_labels on public_gpts_are_gpts_benchmark.csv,prayash-task-exposure-gpts-are-gpts-v1,Prayash common-occupation coverage — 800 occupations,923 occupations / 19265 tasks,true,true,Task-level benchmark category shares for product coverage. Not a probability that workers will lose jobs. Absence from this 800-row file does not mean the occupation is absent from the 923-occupation research model.
43-3041.00,Gambling Cage Workers,17,8,5,4,0.470588,0.294118,0.235294,Maintain cage security.,"Convert gaming checks, coupons, tokens, or coins to currency for gaming patrons.",Follow all gaming regulations.,GPTs-are-GPTs human_labels on public_gpts_are_gpts_benchmark.csv,prayash-task-exposure-gpts-are-gpts-v1,Prayash common-occupation coverage — 800 occupations,923 occupations / 19265 tasks,true,true,Task-level benchmark category shares for product coverage. Not a probability that workers will lose jobs. Absence from this 800-row file does not mean the occupation is absent from the 923-occupation research model.
43-3051.00,Payroll and Timekeeping Clerks,22,4,4,14,0.181818,0.181818,0.636364,"Verify attendance, hours worked, and pay adjustments, and post information onto designated records.",Process and issue employee paychecks and statements of earnings and deductions.,"Compute wages and deductions, and enter data into computers.",GPTs-are-GPTs human_labels on public_gpts_are_gpts_benchmark.csv,prayash-task-exposure-gpts-are-gpts-v1,Prayash common-occupation coverage — 800 occupations,923 occupations / 19265 tasks,true,true,Task-level benchmark category shares for product coverage. Not a probability that workers will lose jobs. Absence from this 800-row file does not mean the occupation is absent from the 923-occupation research model.
43-3061.00,Procurement Clerks,19,6,5,8,0.315789,0.263158,0.421053,Perform buying duties when necessary.,Prepare purchase orders and send copies to suppliers and to departments originating requests.,"Track the status of requisitions, contracts, and orders.",GPTs-are-GPTs human_labels on public_gpts_are_gpts_benchmark.csv,prayash-task-exposure-gpts-are-gpts-v1,Prayash common-occupation coverage — 800 occupations,923 occupations / 19265 tasks,true,true,Task-level benchmark category shares for product coverage. Not a probability that workers will lose jobs. Absence from this 800-row file does not mean the occupation is absent from the 923-occupation research model.
43-3071.00,Tellers,29,14,8,7,0.482759,0.275862,0.241379,"Receive checks and cash for deposit, verify amounts, and check accuracy of deposit slips.",Resolve problems or discrepancies concerning customers' accounts.,"Balance currency, coin, and checks in cash drawers at ends of shifts and calculate daily transactions, using computers, calculators, or adding machines.",GPTs-are-GPTs human_labels on public_gpts_are_gpts_benchmark.csv,prayash-task-exposure-gpts-are-gpts-v1,Prayash common-occupation coverage — 800 occupations,923 occupations / 19265 tasks,true,true,Task-level benchmark category shares for product coverage. Not a probability that workers will lose jobs. Absence from this 800-row file does not mean the occupation is absent from the 923-occupation research model.
43-4021.00,Correspondence Clerks,21,3,11,7,0.142857,0.523810,0.333333,Ensure that money collected is properly recorded and secured.,"Compose letters in reply to correspondence concerning such items as requests for merchandise, damage claims, credit information requests, delinquent accounts, incorrect billing, or unsatisfactory service.",Maintain files and control records to show correspondence activities.,GPTs-are-GPTs human_labels on public_gpts_are_gpts_benchmark.csv,prayash-task-exposure-gpts-are-gpts-v1,Prayash common-occupation coverage — 800 occupations,923 occupations / 19265 tasks,true,true,Task-level benchmark category shares for product coverage. Not a probability that workers will lose jobs. Absence from this 800-row file does not mean the occupation is absent from the 923-occupation research model.
43-4031.00,"Court, Municipal, and License Clerks",30,4,9,17,0.133333,0.300000,0.566667,Evaluate information on applications to verify completeness and accuracy and to determine whether applicants are qualified to obtain desired licenses.,"Perform administrative tasks, such as answering telephone calls, filing court documents, or maintaining office supplies or equipment.","Verify the authenticity of documents, such as foreign identification or immigration documents.",GPTs-are-GPTs human_labels on public_gpts_are_gpts_benchmark.csv,prayash-task-exposure-gpts-are-gpts-v1,Prayash common-occupation coverage — 800 occupations,923 occupations / 19265 tasks,true,true,Task-level benchmark category shares for product coverage. Not a probability that workers will lose jobs. Absence from this 800-row file does not mean the occupation is absent from the 923-occupation research model.
43-4051.00,Customer Service Representatives,15,3,8,4,0.200000,0.533333,0.266667,Review insurance policy terms to determine whether a particular loss is covered by insurance.,"Confer with customers by telephone or in person to provide information about products or services, take or enter orders, cancel accounts, or obtain details of complaints.","Keep records of customer interactions or transactions, recording details of inquiries, complaints, or comments, as well as actions taken.",GPTs-are-GPTs human_labels on public_gpts_are_gpts_benchmark.csv,prayash-task-exposure-gpts-are-gpts-v1,Prayash common-occupation coverage — 800 occupations,923 occupations / 19265 tasks,true,true,Task-level benchmark category shares for product coverage. Not a probability that workers will lose jobs. Absence from this 800-row file does not mean the occupation is absent from the 923-occupation research model.
43-4061.00,"Eligibility Interviewers, Government Programs",17,1,4,12,0.058824,0.235294,0.705882,"Provide applicants with assistance in completing application forms, such as those for job referrals or unemployment compensation claims.","Interpret and explain information such as eligibility requirements, application details, payment methods, and applicants' legal rights.",Interview benefits recipients at specified intervals to certify their eligibility for continuing benefits.,GPTs-are-GPTs human_labels on public_gpts_are_gpts_benchmark.csv,prayash-task-exposure-gpts-are-gpts-v1,Prayash common-occupation coverage — 800 occupations,923 occupations / 19265 tasks,true,true,Task-level benchmark category shares for product coverage. Not a probability that workers will lose jobs. Absence from this 800-row file does not mean the occupation is absent from the 923-occupation research model.
43-4071.00,File Clerks,19,6,3,10,0.315789,0.157895,0.526316,"Place materials into storage receptacles, such as file cabinets, boxes, bins, or drawers, according to classification and identification information.",Scan or read incoming materials to determine how and where they should be classified or filed.,"Input data, such as file numbers, new or updated information, or document information codes into computer systems to support document and information retrieval.",GPTs-are-GPTs human_labels on public_gpts_are_gpts_benchmark.csv,prayash-task-exposure-gpts-are-gpts-v1,Prayash common-occupation coverage — 800 occupations,923 occupations / 19265 tasks,true,true,Task-level benchmark category shares for product coverage. Not a probability that workers will lose jobs. Absence from this 800-row file does not mean the occupation is absent from the 923-occupation research model.
43-4081.00,"Hotel, Motel, and Resort Desk Clerks",20,8,4,8,0.400000,0.200000,0.400000,"Greet, register, and assign rooms to guests of hotels or motels.","Record guest comments or complaints, referring customers to managers as necessary.",Contact housekeeping or maintenance staff when guests report problems.,GPTs-are-GPTs human_labels on public_gpts_are_gpts_benchmark.csv,prayash-task-exposure-gpts-are-gpts-v1,Prayash common-occupation coverage — 800 occupations,923 occupations / 19265 tasks,true,true,Task-level benchmark category shares for product coverage. Not a probability that workers will lose jobs. Absence from this 800-row file does not mean the occupation is absent from the 923-occupation research model.
43-4111.00,"Interviewers, Except Eligibility and Loan",17,7,5,5,0.411765,0.294118,0.294118,Identify and report problems in obtaining valid data.,Review data obtained from interview for completeness and accuracy.,"Ask questions in accordance with instructions to obtain various specified information, such as person's name, address, age, religious preference, or state of residency.",GPTs-are-GPTs human_labels on public_gpts_are_gpts_benchmark.csv,prayash-task-exposure-gpts-are-gpts-v1,Prayash common-occupation coverage — 800 occupations,923 occupations / 19265 tasks,true,true,Task-level benchmark category shares for product coverage. Not a probability that workers will lose jobs. Absence from this 800-row file does not mean the occupation is absent from the 923-occupation research model.
43-4121.00,"Library Assistants, Clerical",33,12,9,12,0.363636,0.272727,0.363636,"Sort books, publications, and other items according to established procedure and return them to shelves, files, or other designated storage areas.",Answer routine inquiries and refer patrons in need of professional assistance to librarians.,"Locate library materials for patrons, including books, periodicals, tape cassettes, Braille volumes, and pictures.",GPTs-are-GPTs human_labels on public_gpts_are_gpts_benchmark.csv,prayash-task-exposure-gpts-are-gpts-v1,Prayash common-occupation coverage — 800 occupations,923 occupations / 19265 tasks,true,true,Task-level benchmark category shares for product coverage. Not a probability that workers will lose jobs. Absence from this 800-row file does not mean the occupation is absent from the 923-occupation research model.
43-4131.00,Loan Interviewers and Clerks,18,3,2,13,0.166667,0.111111,0.722222,Check value of customer collateral to be held as loan security.,Submit loan applications with recommendation for underwriting approval.,Verify and examine information and accuracy of loan application and closing documents.,GPTs-are-GPTs human_labels on public_gpts_are_gpts_benchmark.csv,prayash-task-exposure-gpts-are-gpts-v1,Prayash common-occupation coverage — 800 occupations,923 occupations / 19265 tasks,true,true,Task-level benchmark category shares for product coverage. Not a probability that workers will lose jobs. Absence from this 800-row file does not mean the occupation is absent from the 923-occupation research model.
43-4151.00,Order Clerks,19,4,8,7,0.210526,0.421053,0.368421,"Verify customer and order information for correctness, checking it against previously obtained information as necessary.",Receive and respond to customer complaints.,"Inform customers by mail or telephone of order information, such as unit prices, shipping dates, and any anticipated delays.",GPTs-are-GPTs human_labels on public_gpts_are_gpts_benchmark.csv,prayash-task-exposure-gpts-are-gpts-v1,Prayash common-occupation coverage — 800 occupations,923 occupations / 19265 tasks,true,true,Task-level benchmark category shares for product coverage. Not a probability that workers will lose jobs. Absence from this 800-row file does not mean the occupation is absent from the 923-occupation research model.
43-4161.00,"Human Resources Assistants, Except Payroll and Timekeeping",19,4,2,13,0.210526,0.105263,0.684211,Provide assistance in administering employee benefit programs and worker's compensation plans.,"Explain company personnel policies, benefits, and procedures to employees or job applicants.","Process, verify, and maintain personnel related documentation, including staffing, recruitment, training, grievances, performance evaluations, classifications, and employee leaves of absence.",GPTs-are-GPTs human_labels on public_gpts_are_gpts_benchmark.csv,prayash-task-exposure-gpts-are-gpts-v1,Prayash common-occupation coverage — 800 occupations,923 occupations / 19265 tasks,true,true,Task-level benchmark category shares for product coverage. Not a probability that workers will lose jobs. Absence from this 800-row file does not mean the occupation is absent from the 923-occupation research model.
43-4171.00,Receptionists and Information Clerks,19,5,8,6,0.263158,0.421053,0.315789,"Greet persons entering establishment, determine nature and purpose of visit, and direct or escort them to specific destinations.","Operate telephone switchboard to answer, screen, or forward calls, providing information, taking messages, or scheduling appointments.",Schedule appointments and maintain and update appointment calendars.,GPTs-are-GPTs human_labels on public_gpts_are_gpts_benchmark.csv,prayash-task-exposure-gpts-are-gpts-v1,Prayash common-occupation coverage — 800 occupations,923 occupations / 19265 tasks,true,true,Task-level benchmark category shares for product coverage. Not a probability that workers will lose jobs. Absence from this 800-row file does not mean the occupation is absent from the 923-occupation research model.
43-4181.00,Reservation and Transportation Ticket Agents and Travel Clerks,21,6,7,8,0.285714,0.333333,0.380952,"Trace lost, delayed, or misdirected baggage for customers.",Examine passenger documentation to determine destinations and to assign boarding passes.,"Announce arrival and departure information, using public address systems.",GPTs-are-GPTs human_labels on public_gpts_are_gpts_benchmark.csv,prayash-task-exposure-gpts-are-gpts-v1,Prayash common-occupation coverage — 800 occupations,923 occupations / 19265 tasks,true,true,Task-level benchmark category shares for product coverage. Not a probability that workers will lose jobs. Absence from this 800-row file does not mean the occupation is absent from the 923-occupation research model.
43-5011.00,Cargo and Freight Agents,24,15,2,7,0.625000,0.083333,0.291667,Track delivery progress of shipments.,Advise clients on transportation and payment methods.,Negotiate and arrange transport of goods with shipping or freight companies.,GPTs-are-GPTs human_labels on public_gpts_are_gpts_benchmark.csv,prayash-task-exposure-gpts-are-gpts-v1,Prayash common-occupation coverage — 800 occupations,923 occupations / 19265 tasks,true,true,Task-level benchmark category shares for product coverage. Not a probability that workers will lose jobs. Absence from this 800-row file does not mean the occupation is absent from the 923-occupation research model.
43-5011.01,Freight Forwarders,31,5,11,15,0.161290,0.354839,0.483871,"Provide shipment status notification to exporters, consignees, or insurers.","Inform clients of factors such as shipping options, timelines, transfers, or regulations affecting shipments.","Calculate weight, volume, or cost of goods to be moved.",GPTs-are-GPTs human_labels on public_gpts_are_gpts_benchmark.csv,prayash-task-exposure-gpts-are-gpts-v1,Prayash common-occupation coverage — 800 occupations,923 occupations / 19265 tasks,true,true,Task-level benchmark category shares for product coverage. Not a probability that workers will lose jobs. Absence from this 800-row file does not mean the occupation is absent from the 923-occupation research model.
43-5021.00,Couriers and Messengers,17,12,0,5,0.705882,0.000000,0.294118,"Deliver and pick up medical records, lab specimens, and medications to and from hospitals and other medical facilities.",,"Record information, such as items received and delivered and recipients' responses to messages.",GPTs-are-GPTs human_labels on public_gpts_are_gpts_benchmark.csv,prayash-task-exposure-gpts-are-gpts-v1,Prayash common-occupation coverage — 800 occupations,923 occupations / 19265 tasks,true,true,Task-level benchmark category shares for product coverage. Not a probability that workers will lose jobs. Absence from this 800-row file does not mean the occupation is absent from the 923-occupation research model.
43-5031.00,Public Safety Telecommunicators,18,6,7,5,0.333333,0.388889,0.277778,Observe alarm registers and scan maps to determine whether a specific emergency is in the dispatch service area.,Question callers to determine their locations and the nature of their problems to determine type of response needed.,"Determine response requirements and relative priorities of situations, and dispatch units in accordance with established procedures.",GPTs-are-GPTs human_labels on public_gpts_are_gpts_benchmark.csv,prayash-task-exposure-gpts-are-gpts-v1,Prayash common-occupation coverage — 800 occupations,923 occupations / 19265 tasks,true,true,Task-level benchmark category shares for product coverage. Not a probability that workers will lose jobs. Absence from this 800-row file does not mean the occupation is absent from the 923-occupation research model.
43-5032.00,"Dispatchers, Except Police, Fire, and Ambulance",13,1,5,7,0.076923,0.384615,0.538462,Order supplies or equipment and issue them to personnel.,"Schedule or dispatch workers, work crews, equipment, or service vehicles to appropriate locations, according to customer requests, specifications, or needs, using radios or telephones.",Prepare daily work and run schedules.,GPTs-are-GPTs human_labels on public_gpts_are_gpts_benchmark.csv,prayash-task-exposure-gpts-are-gpts-v1,Prayash common-occupation coverage — 800 occupations,923 occupations / 19265 tasks,true,true,Task-level benchmark category shares for product coverage. Not a probability that workers will lose jobs. Absence from this 800-row file does not mean the occupation is absent from the 923-occupation research model.
43-5051.00,Postal Service Clerks,21,13,3,5,0.619048,0.142857,0.238095,"Sort incoming and outgoing mail, according to type and destination, by hand or by operating electronic mail-sorting and scanning devices.","Answer questions regarding mail regulations and procedures, postage rates, and post office boxes.","Weigh letters and parcels, compute mailing costs based on type, weight, and destination, and affix correct postage.",GPTs-are-GPTs human_labels on public_gpts_are_gpts_benchmark.csv,prayash-task-exposure-gpts-are-gpts-v1,Prayash common-occupation coverage — 800 occupations,923 occupations / 19265 tasks,true,true,Task-level benchmark category shares for product coverage. Not a probability that workers will lose jobs. Absence from this 800-row file does not mean the occupation is absent from the 923-occupation research model.
43-5052.00,Postal Service Mail Carriers,22,11,4,7,0.500000,0.181818,0.318182,"Obtain signed receipts for registered, certified, and insured mail, collect associated charges, and complete any necessary paperwork.","Return to the post office with mail collected from homes, businesses, and public mailboxes.",Scan labels on letters or parcels to confirm receipt.,GPTs-are-GPTs human_labels on public_gpts_are_gpts_benchmark.csv,prayash-task-exposure-gpts-are-gpts-v1,Prayash common-occupation coverage — 800 occupations,923 occupations / 19265 tasks,true,true,Task-level benchmark category shares for product coverage. Not a probability that workers will lose jobs. Absence from this 800-row file does not mean the occupation is absent from the 923-occupation research model.
43-5053.00,"Postal Service Mail Sorters, Processors, and Processing Machine Operators",17,13,1,3,0.764706,0.058824,0.176471,Clear jams in sorting equipment.,"Direct items according to established routing schemes, using computer-controlled keyboards or voice-recognition equipment.","Check items to ensure that addresses are legible and correct, that sufficient postage has been paid or the appropriate documentation is attached, and that items are in a suitable condition for processing.",GPTs-are-GPTs human_labels on public_gpts_are_gpts_benchmark.csv,prayash-task-exposure-gpts-are-gpts-v1,Prayash common-occupation coverage — 800 occupations,923 occupations / 19265 tasks,true,true,Task-level benchmark category shares for product coverage. Not a probability that workers will lose jobs. Absence from this 800-row file does not mean the occupation is absent from the 923-occupation research model.
43-5061.00,"Production, Planning, and Expediting Clerks",17,2,3,12,0.117647,0.176471,0.705882,"Confer with establishment personnel, vendors, or customers to coordinate production or shipping activities and to resolve complaints or eliminate delays.","Revise production schedules when required due to design changes, labor or material shortages, backlogs, or other interruptions, collaborating with management, marketing, sales, production, or engineering.",Distribute production schedules or work orders to departments.,GPTs-are-GPTs human_labels on public_gpts_are_gpts_benchmark.csv,prayash-task-exposure-gpts-are-gpts-v1,Prayash common-occupation coverage — 800 occupations,923 occupations / 19265 tasks,true,true,Task-level benchmark category shares for product coverage. Not a probability that workers will lose jobs. Absence from this 800-row file does not mean the occupation is absent from the 923-occupation research model.
43-5071.00,"Shipping, Receiving, and Inventory Clerks",11,5,2,4,0.454545,0.181818,0.363636,"Examine shipment contents and compare with records, such as manifests, invoices, or orders, to verify accuracy.","Prepare documents, such as work orders, bills of lading, or shipping orders, to route materials.","Record shipment data, such as weight, charges, space availability, damages, or discrepancies, for reporting, accounting, or recordkeeping purposes.",GPTs-are-GPTs human_labels on public_gpts_are_gpts_benchmark.csv,prayash-task-exposure-gpts-are-gpts-v1,Prayash common-occupation coverage — 800 occupations,923 occupations / 19265 tasks,true,true,Task-level benchmark category shares for product coverage. Not a probability that workers will lose jobs. Absence from this 800-row file does not mean the occupation is absent from the 923-occupation research model.
43-5111.00,"Weighers, Measurers, Checkers, and Samplers, Recordkeeping",22,13,4,5,0.590909,0.181818,0.227273,"Weigh or measure materials, equipment, or products to maintain relevant records, using volume meters, scales, rules, or calipers.","Signal or instruct other workers to weigh, move, or check products.","Document quantity, quality, type, weight, test result data, and value of materials or products to maintain shipping, receiving, and production records and files.",GPTs-are-GPTs human_labels on public_gpts_are_gpts_benchmark.csv,prayash-task-exposure-gpts-are-gpts-v1,Prayash common-occupation coverage — 800 occupations,923 occupations / 19265 tasks,true,true,Task-level benchmark category shares for product coverage. Not a probability that workers will lose jobs. Absence from this 800-row file does not mean the occupation is absent from the 923-occupation research model.
43-6011.00,Executive Secretaries and Executive Administrative Assistants,22,3,13,6,0.136364,0.590909,0.272727,"Open, sort, and distribute incoming correspondence, including faxes and email.",Manage and maintain executives' schedules.,"Coordinate and direct office services, such as records, departmental finances, budget preparation, personnel issues, and housekeeping, to aid executives.",GPTs-are-GPTs human_labels on public_gpts_are_gpts_benchmark.csv,prayash-task-exposure-gpts-are-gpts-v1,Prayash common-occupation coverage — 800 occupations,923 occupations / 19265 tasks,true,true,Task-level benchmark category shares for product coverage. Not a probability that workers will lose jobs. Absence from this 800-row file does not mean the occupation is absent from the 923-occupation research model.
43-6012.00,Legal Secretaries and Administrative Assistants,14,0,7,7,0.000000,0.500000,0.500000,,"Mail, fax, or arrange for delivery of legal correspondence to clients, witnesses, and court officials.","Prepare, proofread, or process legal documents, such as summonses, subpoenas, complaints, appeals, motions, or pretrial agreements.",GPTs-are-GPTs human_labels on public_gpts_are_gpts_benchmark.csv,prayash-task-exposure-gpts-are-gpts-v1,Prayash common-occupation coverage — 800 occupations,923 occupations / 19265 tasks,true,true,Task-level benchmark category shares for product coverage. Not a probability that workers will lose jobs. Absence from this 800-row file does not mean the occupation is absent from the 923-occupation research model.
43-6013.00,Medical Secretaries and Administrative Assistants,16,2,6,8,0.125000,0.375000,0.500000,"Greet visitors, ascertain purpose of visit, and direct them to appropriate staff.",Answer telephones and direct calls to appropriate staff.,"Schedule and confirm patient diagnostic appointments, surgeries, or medical consultations.",GPTs-are-GPTs human_labels on public_gpts_are_gpts_benchmark.csv,prayash-task-exposure-gpts-are-gpts-v1,Prayash common-occupation coverage — 800 occupations,923 occupations / 19265 tasks,true,true,Task-level benchmark category shares for product coverage. Not a probability that workers will lose jobs. Absence from this 800-row file does not mean the occupation is absent from the 923-occupation research model.
43-6014.00,"Secretaries and Administrative Assistants, Except Legal, Medical, and Executive",32,7,13,12,0.218750,0.406250,0.375000,"Use computers for various applications, such as database management or word processing.","Answer telephones and give information to callers, take messages, or transfer calls to appropriate individuals.","Create, maintain, and enter information into databases.",GPTs-are-GPTs human_labels on public_gpts_are_gpts_benchmark.csv,prayash-task-exposure-gpts-are-gpts-v1,Prayash common-occupation coverage — 800 occupations,923 occupations / 19265 tasks,true,true,Task-level benchmark category shares for product coverage. Not a probability that workers will lose jobs. Absence from this 800-row file does not mean the occupation is absent from the 923-occupation research model.
43-9021.00,Data Entry Keyers,9,2,2,5,0.222222,0.222222,0.555556,Store completed documents in appropriate locations.,"Locate and correct data entry errors, or report them to supervisors.","Compile, sort, and verify the accuracy of data before it is entered.",GPTs-are-GPTs human_labels on public_gpts_are_gpts_benchmark.csv,prayash-task-exposure-gpts-are-gpts-v1,Prayash common-occupation coverage — 800 occupations,923 occupations / 19265 tasks,true,true,Task-level benchmark category shares for product coverage. Not a probability that workers will lose jobs. Absence from this 800-row file does not mean the occupation is absent from the 923-occupation research model.
43-9022.00,Word Processors and Typists,20,4,4,12,0.200000,0.200000,0.600000,"File and store completed documents on computer hard drive or disk, or maintain a computer filing system to store, retrieve, update, and delete documents.","Perform other clerical duties, such as answering telephone, sorting and distributing mail, running errands or sending faxes.","Check completed work for spelling, grammar, punctuation, and format.",GPTs-are-GPTs human_labels on public_gpts_are_gpts_benchmark.csv,prayash-task-exposure-gpts-are-gpts-v1,Prayash common-occupation coverage — 800 occupations,923 occupations / 19265 tasks,true,true,Task-level benchmark category shares for product coverage. Not a probability that workers will lose jobs. Absence from this 800-row file does not mean the occupation is absent from the 923-occupation research model.
43-9031.00,Desktop Publishers,18,2,1,15,0.111111,0.055556,0.833333,"Store copies of publications on paper, magnetic tape, film, or diskette.","Transmit, deliver, or mail publication master to printer for production into film and plates.","Operate desktop publishing software and equipment to design, lay out, and produce camera-ready copy.",GPTs-are-GPTs human_labels on public_gpts_are_gpts_benchmark.csv,prayash-task-exposure-gpts-are-gpts-v1,Prayash common-occupation coverage — 800 occupations,923 occupations / 19265 tasks,true,true,Task-level benchmark category shares for product coverage. Not a probability that workers will lose jobs. Absence from this 800-row file does not mean the occupation is absent from the 923-occupation research model.
43-9041.00,Insurance Claims and Policy Processing Clerks,27,6,8,13,0.222222,0.296296,0.481481,Review insurance policy to determine coverage.,"Prepare insurance claim forms or related documents, and review them for completeness.",Calculate amount of claim.,GPTs-are-GPTs human_labels on public_gpts_are_gpts_benchmark.csv,prayash-task-exposure-gpts-are-gpts-v1,Prayash common-occupation coverage — 800 occupations,923 occupations / 19265 tasks,true,true,Task-level benchmark category shares for product coverage. Not a probability that workers will lose jobs. Absence from this 800-row file does not mean the occupation is absent from the 923-occupation research model.
43-9051.00,"Mail Clerks and Mail Machine Operators, Except Postal Service",29,24,2,3,0.827586,0.068966,0.103448,"Wrap packages or bundles by hand, or by using tying machines.",Answer inquiries regarding shipping or mailing policies.,"Verify that items are addressed correctly, marked with the proper postage, and in suitable condition for processing.",GPTs-are-GPTs human_labels on public_gpts_are_gpts_benchmark.csv,prayash-task-exposure-gpts-are-gpts-v1,Prayash common-occupation coverage — 800 occupations,923 occupations / 19265 tasks,true,true,Task-level benchmark category shares for product coverage. Not a probability that workers will lose jobs. Absence from this 800-row file does not mean the occupation is absent from the 923-occupation research model.
43-9061.00,"Office Clerks, General",21,5,5,11,0.238095,0.238095,0.523810,"Operate office machines, such as photocopiers and scanners, facsimile machines, voice mail systems, and personal computers.","Answer telephones, direct calls, and take messages.","Maintain and update filing, inventory, mailing, and database systems, either manually or using a computer.",GPTs-are-GPTs human_labels on public_gpts_are_gpts_benchmark.csv,prayash-task-exposure-gpts-are-gpts-v1,Prayash common-occupation coverage — 800 occupations,923 occupations / 19265 tasks,true,true,Task-level benchmark category shares for product coverage. Not a probability that workers will lose jobs. Absence from this 800-row file does not mean the occupation is absent from the 923-occupation research model.
43-9071.00,"Office Machine Operators, Except Computer",18,12,0,6,0.666667,0.000000,0.333333,Deliver completed work.,,"Read job orders to determine the type of work to be done, the quantities to be produced, and the materials needed.",GPTs-are-GPTs human_labels on public_gpts_are_gpts_benchmark.csv,prayash-task-exposure-gpts-are-gpts-v1,Prayash common-occupation coverage — 800 occupations,923 occupations / 19265 tasks,true,true,Task-level benchmark category shares for product coverage. Not a probability that workers will lose jobs. Absence from this 800-row file does not mean the occupation is absent from the 923-occupation research model.
45-1011.00,"First-Line Supervisors of Farming, Fishing, and Forestry Workers",30,21,0,9,0.700000,0.000000,0.300000,"Monitor workers to ensure that safety regulations are followed, warning or disciplining those who violate safety regulations.",,"Assign tasks such as feeding and treatment of animals, and cleaning and maintenance of animal quarters.",GPTs-are-GPTs human_labels on public_gpts_are_gpts_benchmark.csv,prayash-task-exposure-gpts-are-gpts-v1,Prayash common-occupation coverage — 800 occupations,923 occupations / 19265 tasks,true,true,Task-level benchmark category shares for product coverage. Not a probability that workers will lose jobs. Absence from this 800-row file does not mean the occupation is absent from the 923-occupation research model.
45-2011.00,Agricultural Inspectors,22,12,3,7,0.545455,0.136364,0.318182,Inspect food products and processing procedures to determine whether products are safe to eat.,"Set standards for the production of meat or poultry products or for food ingredients, additives, or compounds used to prepare or package products.",Interpret and enforce government acts and regulations and explain required standards to agricultural workers.,GPTs-are-GPTs human_labels on public_gpts_are_gpts_benchmark.csv,prayash-task-exposure-gpts-are-gpts-v1,Prayash common-occupation coverage — 800 occupations,923 occupations / 19265 tasks,true,true,Task-level benchmark category shares for product coverage. Not a probability that workers will lose jobs. Absence from this 800-row file does not mean the occupation is absent from the 923-occupation research model.
45-2021.00,Animal Breeders,24,21,1,2,0.875000,0.041667,0.083333,"Feed and water animals, and clean and disinfect pens, cages, yards, and hutches.","Arrange for sale of animals and eggs to hospitals, research centers, pet shops, and food processing plants.","Record animal characteristics such as weights, growth patterns, and diets.",GPTs-are-GPTs human_labels on public_gpts_are_gpts_benchmark.csv,prayash-task-exposure-gpts-are-gpts-v1,Prayash common-occupation coverage — 800 occupations,923 occupations / 19265 tasks,true,true,Task-level benchmark category shares for product coverage. Not a probability that workers will lose jobs. Absence from this 800-row file does not mean the occupation is absent from the 923-occupation research model.
45-2041.00,"Graders and Sorters, Agricultural Products",6,5,0,1,0.833333,0.000000,0.166667,Place products in containers according to grade and mark grades on containers.,,"Record grade or identification numbers on tags or on shipping, receiving, or sales sheets.",GPTs-are-GPTs human_labels on public_gpts_are_gpts_benchmark.csv,prayash-task-exposure-gpts-are-gpts-v1,Prayash common-occupation coverage — 800 occupations,923 occupations / 19265 tasks,true,true,Task-level benchmark category shares for product coverage. Not a probability that workers will lose jobs. Absence from this 800-row file does not mean the occupation is absent from the 923-occupation research model.
45-2091.00,Agricultural Equipment Operators,17,17,0,0,1.000000,0.000000,0.000000,"Load and unload crops or containers of materials, manually or using conveyors, handtrucks, forklifts, or transfer augers.",,,GPTs-are-GPTs human_labels on public_gpts_are_gpts_benchmark.csv,prayash-task-exposure-gpts-are-gpts-v1,Prayash common-occupation coverage — 800 occupations,923 occupations / 19265 tasks,true,true,Task-level benchmark category shares for product coverage. Not a probability that workers will lose jobs. Absence from this 800-row file does not mean the occupation is absent from the 923-occupation research model.
45-2092.00,"Farmworkers and Laborers, Crop, Nursery, and Greenhouse",30,26,0,4,0.866667,0.000000,0.133333,Direct and monitor the work of casual and seasonal help during planting and harvesting.,,"Record information about crops, such as pesticide use, yields, or costs.",GPTs-are-GPTs human_labels on public_gpts_are_gpts_benchmark.csv,prayash-task-exposure-gpts-are-gpts-v1,Prayash common-occupation coverage — 800 occupations,923 occupations / 19265 tasks,true,true,Task-level benchmark category shares for product coverage. Not a probability that workers will lose jobs. Absence from this 800-row file does not mean the occupation is absent from the 923-occupation research model.
45-2093.00,"Farmworkers, Farm, Ranch, and Aquacultural Animals",22,19,0,3,0.863636,0.000000,0.136364,Feed and water livestock and monitor food and water supplies.,,"Mark livestock to identify ownership and grade, using brands, tags, paint, or tattoos.",GPTs-are-GPTs human_labels on public_gpts_are_gpts_benchmark.csv,prayash-task-exposure-gpts-are-gpts-v1,Prayash common-occupation coverage — 800 occupations,923 occupations / 19265 tasks,true,true,Task-level benchmark category shares for product coverage. Not a probability that workers will lose jobs. Absence from this 800-row file does not mean the occupation is absent from the 923-occupation research model.
45-3031.00,Fishing and Hunting Workers,30,29,0,1,0.966667,0.000000,0.033333,"Patrol trap lines or nets to inspect settings, remove catch, and reset or relocate traps.",,"Oversee the purchase of supplies, gear, and equipment.",GPTs-are-GPTs human_labels on public_gpts_are_gpts_benchmark.csv,prayash-task-exposure-gpts-are-gpts-v1,Prayash common-occupation coverage — 800 occupations,923 occupations / 19265 tasks,true,true,Task-level benchmark category shares for product coverage. Not a probability that workers will lose jobs. Absence from this 800-row file does not mean the occupation is absent from the 923-occupation research model.
45-4011.00,Forest and Conservation Workers,21,19,0,2,0.904762,0.000000,0.095238,Check equipment to ensure that it is operating properly.,,"Confer with other workers to discuss issues, such as safety, cutting heights, or work needs.",GPTs-are-GPTs human_labels on public_gpts_are_gpts_benchmark.csv,prayash-task-exposure-gpts-are-gpts-v1,Prayash common-occupation coverage — 800 occupations,923 occupations / 19265 tasks,true,true,Task-level benchmark category shares for product coverage. Not a probability that workers will lose jobs. Absence from this 800-row file does not mean the occupation is absent from the 923-occupation research model.
45-4021.00,Fallers,19,17,2,0,0.894737,0.105263,0.000000,"Stop saw engines, pull cutting bars from cuts, and run to safety as tree falls.","Determine position, direction, and depth of cuts to be made, and placement of wedges or jacks.",,GPTs-are-GPTs human_labels on public_gpts_are_gpts_benchmark.csv,prayash-task-exposure-gpts-are-gpts-v1,Prayash common-occupation coverage — 800 occupations,923 occupations / 19265 tasks,true,true,Task-level benchmark category shares for product coverage. Not a probability that workers will lose jobs. Absence from this 800-row file does not mean the occupation is absent from the 923-occupation research model.
45-4022.00,Logging Equipment Operators,9,8,0,1,0.888889,0.000000,0.111111,"Inspect equipment for safety prior to use, and perform necessary basic maintenance tasks.",,Fill out required job or shift report forms.,GPTs-are-GPTs human_labels on public_gpts_are_gpts_benchmark.csv,prayash-task-exposure-gpts-are-gpts-v1,Prayash common-occupation coverage — 800 occupations,923 occupations / 19265 tasks,true,true,Task-level benchmark category shares for product coverage. Not a probability that workers will lose jobs. Absence from this 800-row file does not mean the occupation is absent from the 923-occupation research model.
45-4023.00,Log Graders and Scalers,13,9,0,4,0.692308,0.000000,0.307692,"Evaluate log characteristics and determine grades, using established criteria.",,Record data about individual trees or load volumes into tally books or hand-held collection terminals.,GPTs-are-GPTs human_labels on public_gpts_are_gpts_benchmark.csv,prayash-task-exposure-gpts-are-gpts-v1,Prayash common-occupation coverage — 800 occupations,923 occupations / 19265 tasks,true,true,Task-level benchmark category shares for product coverage. Not a probability that workers will lose jobs. Absence from this 800-row file does not mean the occupation is absent from the 923-occupation research model.
47-1011.00,First-Line Supervisors of Construction Trades and Extraction Workers,15,9,0,6,0.600000,0.000000,0.400000,"Inspect work progress, equipment, or construction sites to verify safety or to ensure that specifications are met.",,Coordinate work activities with other construction project activities.,GPTs-are-GPTs human_labels on public_gpts_are_gpts_benchmark.csv,prayash-task-exposure-gpts-are-gpts-v1,Prayash common-occupation coverage — 800 occupations,923 occupations / 19265 tasks,true,true,Task-level benchmark category shares for product coverage. Not a probability that workers will lose jobs. Absence from this 800-row file does not mean the occupation is absent from the 923-occupation research model.
47-1011.03,Solar Energy Installation Managers,15,8,1,6,0.533333,0.066667,0.400000,"Supervise solar installers, technicians, and subcontractors for solar installation projects to ensure compliance with safety standards.","Estimate materials, equipment, and personnel needed for residential or commercial solar installation projects.","Prepare solar installation project proposals, quotes, budgets, or schedules.",GPTs-are-GPTs human_labels on public_gpts_are_gpts_benchmark.csv,prayash-task-exposure-gpts-are-gpts-v1,Prayash common-occupation coverage — 800 occupations,923 occupations / 19265 tasks,true,true,Task-level benchmark category shares for product coverage. Not a probability that workers will lose jobs. Absence from this 800-row file does not mean the occupation is absent from the 923-occupation research model.
47-2011.00,Boilermakers,17,17,0,0,1.000000,0.000000,0.000000,Attach rigging and signal crane or hoist operators to lift heavy frame and plate sections or other parts into place.,,,GPTs-are-GPTs human_labels on public_gpts_are_gpts_benchmark.csv,prayash-task-exposure-gpts-are-gpts-v1,Prayash common-occupation coverage — 800 occupations,923 occupations / 19265 tasks,true,true,Task-level benchmark category shares for product coverage. Not a probability that workers will lose jobs. Absence from this 800-row file does not mean the occupation is absent from the 923-occupation research model.
47-2021.00,Brickmasons and Blockmasons,14,14,0,0,1.000000,0.000000,0.000000,"Measure distance from reference points and mark guidelines to lay out work, using plumb bobs and levels.",,,GPTs-are-GPTs human_labels on public_gpts_are_gpts_benchmark.csv,prayash-task-exposure-gpts-are-gpts-v1,Prayash common-occupation coverage — 800 occupations,923 occupations / 19265 tasks,true,true,Task-level benchmark category shares for product coverage. Not a probability that workers will lose jobs. Absence from this 800-row file does not mean the occupation is absent from the 923-occupation research model.
47-2031.00,Carpenters,29,25,1,3,0.862069,0.034483,0.103448,Follow established safety rules and regulations and maintain a safe and clean environment.,"Maintain records, document actions, and present written progress reports.",Maintain job records and schedule work crew.,GPTs-are-GPTs human_labels on public_gpts_are_gpts_benchmark.csv,prayash-task-exposure-gpts-are-gpts-v1,Prayash common-occupation coverage — 800 occupations,923 occupations / 19265 tasks,true,true,Task-level benchmark category shares for product coverage. Not a probability that workers will lose jobs. Absence from this 800-row file does not mean the occupation is absent from the 923-occupation research model.
47-2041.00,Carpet Installers,16,15,0,1,0.937500,0.000000,0.062500,"Inspect the surface to be covered to determine its condition, and correct any imperfections that might show through carpet or cause carpet to wear unevenly.",,Draw building diagrams and record dimensions.,GPTs-are-GPTs human_labels on public_gpts_are_gpts_benchmark.csv,prayash-task-exposure-gpts-are-gpts-v1,Prayash common-occupation coverage — 800 occupations,923 occupations / 19265 tasks,true,true,Task-level benchmark category shares for product coverage. Not a probability that workers will lose jobs. Absence from this 800-row file does not mean the occupation is absent from the 923-occupation research model.
47-2042.00,"Floor Layers, Except Carpet, Wood, and Hard Tiles",14,14,0,0,1.000000,0.000000,0.000000,"Sweep, scrape, sand, or chip dirt and irregularities to clean base surfaces, correcting imperfections that may show through the covering.",,,GPTs-are-GPTs human_labels on public_gpts_are_gpts_benchmark.csv,prayash-task-exposure-gpts-are-gpts-v1,Prayash common-occupation coverage — 800 occupations,923 occupations / 19265 tasks,true,true,Task-level benchmark category shares for product coverage. Not a probability that workers will lose jobs. Absence from this 800-row file does not mean the occupation is absent from the 923-occupation research model.
47-2044.00,Tile and Stone Setters,25,23,0,2,0.920000,0.000000,0.080000,"Cut and shape tile to fit around obstacles and into odd spaces and corners, using hand and power cutting tools.",,Determine and implement the best layout to achieve a desired pattern.,GPTs-are-GPTs human_labels on public_gpts_are_gpts_benchmark.csv,prayash-task-exposure-gpts-are-gpts-v1,Prayash common-occupation coverage — 800 occupations,923 occupations / 19265 tasks,true,true,Task-level benchmark category shares for product coverage. Not a probability that workers will lose jobs. Absence from this 800-row file does not mean the occupation is absent from the 923-occupation research model.
47-2051.00,Cement Masons and Concrete Finishers,26,26,0,0,1.000000,0.000000,0.000000,Check the forms that hold the concrete to see that they are properly constructed.,,,GPTs-are-GPTs human_labels on public_gpts_are_gpts_benchmark.csv,prayash-task-exposure-gpts-are-gpts-v1,Prayash common-occupation coverage — 800 occupations,923 occupations / 19265 tasks,true,true,Task-level benchmark category shares for product coverage. Not a probability that workers will lose jobs. Absence from this 800-row file does not mean the occupation is absent from the 923-occupation research model.
47-2053.00,Terrazzo Workers and Finishers,26,25,0,1,0.961538,0.000000,0.038462,"Measure designated amounts of ingredients for terrazzo or grout, according to standard formulas and specifications, using graduated containers and scales, and load ingredients into portable mixer.",,"Modify mixing, grouting, grinding, or cleaning procedures, according to type of installation or material used.",GPTs-are-GPTs human_labels on public_gpts_are_gpts_benchmark.csv,prayash-task-exposure-gpts-are-gpts-v1,Prayash common-occupation coverage — 800 occupations,923 occupations / 19265 tasks,true,true,Task-level benchmark category shares for product coverage. Not a probability that workers will lose jobs. Absence from this 800-row file does not mean the occupation is absent from the 923-occupation research model.
47-2061.00,Construction Laborers,32,31,0,1,0.968750,0.000000,0.031250,"Tend pumps, compressors, or generators to provide power for tools, machinery, or equipment or to heat or move materials, such as asphalt.",,"Signal equipment operators to facilitate alignment, movement, or adjustment of machinery, equipment, or materials.",GPTs-are-GPTs human_labels on public_gpts_are_gpts_benchmark.csv,prayash-task-exposure-gpts-are-gpts-v1,Prayash common-occupation coverage — 800 occupations,923 occupations / 19265 tasks,true,true,Task-level benchmark category shares for product coverage. Not a probability that workers will lose jobs. Absence from this 800-row file does not mean the occupation is absent from the 923-occupation research model.
47-2071.00,"Paving, Surfacing, and Tamping Equipment Operators",20,20,0,0,1.000000,0.000000,0.000000,"Start machine, engage clutch, and push and move levers to guide machine along forms or guidelines and to control the operation of machine attachments.",,,GPTs-are-GPTs human_labels on public_gpts_are_gpts_benchmark.csv,prayash-task-exposure-gpts-are-gpts-v1,Prayash common-occupation coverage — 800 occupations,923 occupations / 19265 tasks,true,true,Task-level benchmark category shares for product coverage. Not a probability that workers will lose jobs. Absence from this 800-row file does not mean the occupation is absent from the 923-occupation research model.
47-2073.00,Operating Engineers and Other Construction Equipment Operators,28,23,0,5,0.821429,0.000000,0.178571,Learn and follow safety regulations.,,Signal operators to guide movement of tractor-drawn machines.,GPTs-are-GPTs human_labels on public_gpts_are_gpts_benchmark.csv,prayash-task-exposure-gpts-are-gpts-v1,Prayash common-occupation coverage — 800 occupations,923 occupations / 19265 tasks,true,true,Task-level benchmark category shares for product coverage. Not a probability that workers will lose jobs. Absence from this 800-row file does not mean the occupation is absent from the 923-occupation research model.
47-2081.00,Drywall and Ceiling Tile Installers,26,25,0,1,0.961538,0.000000,0.038462,"Read blueprints or other specifications to determine methods of installation, work procedures, or material or tool requirements.",,Coordinate work with drywall finishers who cover the seams between drywall panels.,GPTs-are-GPTs human_labels on public_gpts_are_gpts_benchmark.csv,prayash-task-exposure-gpts-are-gpts-v1,Prayash common-occupation coverage — 800 occupations,923 occupations / 19265 tasks,true,true,Task-level benchmark category shares for product coverage. Not a probability that workers will lose jobs. Absence from this 800-row file does not mean the occupation is absent from the 923-occupation research model.
47-2111.00,Electricians,21,16,1,4,0.761905,0.047619,0.190476,"Place conduit, pipes, or tubing, inside designated partitions, walls, or other concealed areas, and pull insulated wires or cables through the conduit to complete circuits between boxes.","Perform business management duties, such as maintaining records or files, preparing reports, or ordering supplies or equipment.",Prepare sketches or follow blueprints to determine the location of wiring or equipment and to ensure conformance to building and safety codes.,GPTs-are-GPTs human_labels on public_gpts_are_gpts_benchmark.csv,prayash-task-exposure-gpts-are-gpts-v1,Prayash common-occupation coverage — 800 occupations,923 occupations / 19265 tasks,true,true,Task-level benchmark category shares for product coverage. Not a probability that workers will lose jobs. Absence from this 800-row file does not mean the occupation is absent from the 923-occupation research model.
47-2121.00,Glaziers,27,25,0,2,0.925926,0.000000,0.074074,"Fabricate or install metal sashes or moldings for glass installation, using aluminum or steel framing.",,Measure mirrors and dimensions of areas to be covered to determine work procedures.,GPTs-are-GPTs human_labels on public_gpts_are_gpts_benchmark.csv,prayash-task-exposure-gpts-are-gpts-v1,Prayash common-occupation coverage — 800 occupations,923 occupations / 19265 tasks,true,true,Task-level benchmark category shares for product coverage. Not a probability that workers will lose jobs. Absence from this 800-row file does not mean the occupation is absent from the 923-occupation research model.
47-2131.00,"Insulation Workers, Floor, Ceiling, and Wall",10,9,1,0,0.900000,0.100000,0.000000,"Measure and cut insulation for covering surfaces, using tape measures, handsaws, power saws, knives, or scissors.","Read blueprints, and select appropriate insulation, based on space characteristics and the heat retaining or excluding characteristics of the material.",,GPTs-are-GPTs human_labels on public_gpts_are_gpts_benchmark.csv,prayash-task-exposure-gpts-are-gpts-v1,Prayash common-occupation coverage — 800 occupations,923 occupations / 19265 tasks,true,true,Task-level benchmark category shares for product coverage. Not a probability that workers will lose jobs. Absence from this 800-row file does not mean the occupation is absent from the 923-occupation research model.
47-2132.00,"Insulation Workers, Mechanical",13,12,0,1,0.923077,0.000000,0.076923,"Measure and cut insulation for covering surfaces, using tape measures, handsaws, knives, and scissors.",,Read blueprints and specifications to determine job requirements.,GPTs-are-GPTs human_labels on public_gpts_are_gpts_benchmark.csv,prayash-task-exposure-gpts-are-gpts-v1,Prayash common-occupation coverage — 800 occupations,923 occupations / 19265 tasks,true,true,Task-level benchmark category shares for product coverage. Not a probability that workers will lose jobs. Absence from this 800-row file does not mean the occupation is absent from the 923-occupation research model.
47-2141.00,"Painters, Construction and Maintenance",19,18,0,1,0.947368,0.000000,0.052632,"Fill cracks, holes, or joints with caulk, putty, plaster, or other fillers, using caulking guns or putty knives.",,"Calculate amounts of required materials and estimate costs, based on surface measurements or work orders.",GPTs-are-GPTs human_labels on public_gpts_are_gpts_benchmark.csv,prayash-task-exposure-gpts-are-gpts-v1,Prayash common-occupation coverage — 800 occupations,923 occupations / 19265 tasks,true,true,Task-level benchmark category shares for product coverage. Not a probability that workers will lose jobs. Absence from this 800-row file does not mean the occupation is absent from the 923-occupation research model.
47-2142.00,Paperhangers,20,20,0,0,1.000000,0.000000,0.000000,Smooth strips or sections of paper with brushes or rollers to remove wrinkles and bubbles and to smooth joints.,,,GPTs-are-GPTs human_labels on public_gpts_are_gpts_benchmark.csv,prayash-task-exposure-gpts-are-gpts-v1,Prayash common-occupation coverage — 800 occupations,923 occupations / 19265 tasks,true,true,Task-level benchmark category shares for product coverage. Not a probability that workers will lose jobs. Absence from this 800-row file does not mean the occupation is absent from the 923-occupation research model.
47-2151.00,Pipelayers,14,14,0,0,1.000000,0.000000,0.000000,"Install or use instruments such as lasers, grade rods, or transit levels.",,,GPTs-are-GPTs human_labels on public_gpts_are_gpts_benchmark.csv,prayash-task-exposure-gpts-are-gpts-v1,Prayash common-occupation coverage — 800 occupations,923 occupations / 19265 tasks,true,true,Task-level benchmark category shares for product coverage. Not a probability that workers will lose jobs. Absence from this 800-row file does not mean the occupation is absent from the 923-occupation research model.
47-2152.00,"Plumbers, Pipefitters, and Steamfitters",30,27,0,3,0.900000,0.000000,0.100000,"Shut off steam, water, or other gases or liquids from pipe sections, using valve keys or wrenches.",,"Lay out full scale drawings of pipe systems, supports, or related equipment, according to blueprints.",GPTs-are-GPTs human_labels on public_gpts_are_gpts_benchmark.csv,prayash-task-exposure-gpts-are-gpts-v1,Prayash common-occupation coverage — 800 occupations,923 occupations / 19265 tasks,true,true,Task-level benchmark category shares for product coverage. Not a probability that workers will lose jobs. Absence from this 800-row file does not mean the occupation is absent from the 923-occupation research model.
47-2152.04,Solar Thermal Installers and Technicians,21,19,1,1,0.904762,0.047619,0.047619,"Test operation or functionality of mechanical, plumbing, electrical, and control systems.","Design active direct or indirect, passive direct or indirect, or pool solar systems.","Demonstrate start-up, shut-down, maintenance, diagnostic, and safety procedures to thermal system owners.",GPTs-are-GPTs human_labels on public_gpts_are_gpts_benchmark.csv,prayash-task-exposure-gpts-are-gpts-v1,Prayash common-occupation coverage — 800 occupations,923 occupations / 19265 tasks,true,true,Task-level benchmark category shares for product coverage. Not a probability that workers will lose jobs. Absence from this 800-row file does not mean the occupation is absent from the 923-occupation research model.
47-2181.00,Roofers,28,28,0,0,1.000000,0.000000,0.000000,Inspect problem roofs to determine the best repair procedures.,,,GPTs-are-GPTs human_labels on public_gpts_are_gpts_benchmark.csv,prayash-task-exposure-gpts-are-gpts-v1,Prayash common-occupation coverage — 800 occupations,923 occupations / 19265 tasks,true,true,Task-level benchmark category shares for product coverage. Not a probability that workers will lose jobs. Absence from this 800-row file does not mean the occupation is absent from the 923-occupation research model.
47-2211.00,Sheet Metal Workers,24,22,0,2,0.916667,0.000000,0.083333,"Determine project requirements, such as scope, assembly sequences, or required methods or materials, using blueprints, drawings, or written or verbal instructions.",,Convert blueprints into shop drawings to be followed in the construction or assembly of sheet metal products.,GPTs-are-GPTs human_labels on public_gpts_are_gpts_benchmark.csv,prayash-task-exposure-gpts-are-gpts-v1,Prayash common-occupation coverage — 800 occupations,923 occupations / 19265 tasks,true,true,Task-level benchmark category shares for product coverage. Not a probability that workers will lose jobs. Absence from this 800-row file does not mean the occupation is absent from the 923-occupation research model.
47-2221.00,Structural Iron and Steel Workers,20,20,0,0,1.000000,0.000000,0.000000,"Read specifications or blueprints to determine the locations, quantities, or sizes of materials required.",,,GPTs-are-GPTs human_labels on public_gpts_are_gpts_benchmark.csv,prayash-task-exposure-gpts-are-gpts-v1,Prayash common-occupation coverage — 800 occupations,923 occupations / 19265 tasks,true,true,Task-level benchmark category shares for product coverage. Not a probability that workers will lose jobs. Absence from this 800-row file does not mean the occupation is absent from the 923-occupation research model.
47-2231.00,Solar Photovoltaic Installers,26,20,0,6,0.769231,0.000000,0.230769,"Install photovoltaic (PV) systems in accordance with codes and standards, using drawings, schematics, and instructions.",,"Identify methods for laying out, orienting, and mounting modules or arrays to ensure efficient installation, electrical configuration, or system maintenance.",GPTs-are-GPTs human_labels on public_gpts_are_gpts_benchmark.csv,prayash-task-exposure-gpts-are-gpts-v1,Prayash common-occupation coverage — 800 occupations,923 occupations / 19265 tasks,true,true,Task-level benchmark category shares for product coverage. Not a probability that workers will lose jobs. Absence from this 800-row file does not mean the occupation is absent from the 923-occupation research model.
47-3012.00,Helpers--Carpenters,18,18,0,0,1.000000,0.000000,0.000000,"Clean work areas, machines, or equipment, to maintain a clean and safe job site.",,,GPTs-are-GPTs human_labels on public_gpts_are_gpts_benchmark.csv,prayash-task-exposure-gpts-are-gpts-v1,Prayash common-occupation coverage — 800 occupations,923 occupations / 19265 tasks,true,true,Task-level benchmark category shares for product coverage. Not a probability that workers will lose jobs. Absence from this 800-row file does not mean the occupation is absent from the 923-occupation research model.
47-3013.00,Helpers--Electricians,24,24,0,0,1.000000,0.000000,0.000000,"Measure, cut, and bend wire and conduit, using measuring instruments and hand tools.",,,GPTs-are-GPTs human_labels on public_gpts_are_gpts_benchmark.csv,prayash-task-exposure-gpts-are-gpts-v1,Prayash common-occupation coverage — 800 occupations,923 occupations / 19265 tasks,true,true,Task-level benchmark category shares for product coverage. Not a probability that workers will lose jobs. Absence from this 800-row file does not mean the occupation is absent from the 923-occupation research model.
47-3015.00,"Helpers--Pipelayers, Plumbers, Pipefitters, and Steamfitters",15,15,0,0,1.000000,0.000000,0.000000,"Measure, cut, thread and assemble new pipe, placing the assembled pipe in hangers or other supports.",,,GPTs-are-GPTs human_labels on public_gpts_are_gpts_benchmark.csv,prayash-task-exposure-gpts-are-gpts-v1,Prayash common-occupation coverage — 800 occupations,923 occupations / 19265 tasks,true,true,Task-level benchmark category shares for product coverage. Not a probability that workers will lose jobs. Absence from this 800-row file does not mean the occupation is absent from the 923-occupation research model.
47-3016.00,Helpers--Roofers,18,18,0,0,1.000000,0.000000,0.000000,Check to ensure that completed roofs are watertight.,,,GPTs-are-GPTs human_labels on public_gpts_are_gpts_benchmark.csv,prayash-task-exposure-gpts-are-gpts-v1,Prayash common-occupation coverage — 800 occupations,923 occupations / 19265 tasks,true,true,Task-level benchmark category shares for product coverage. Not a probability that workers will lose jobs. Absence from this 800-row file does not mean the occupation is absent from the 923-occupation research model.
47-4011.00,Construction and Building Inspectors,19,14,0,5,0.736842,0.000000,0.263158,"Monitor installation of plumbing, wiring, equipment, or appliances to ensure that installation is performed properly and is in compliance with applicable regulations.",,Approve building plans that meet required specifications.,GPTs-are-GPTs human_labels on public_gpts_are_gpts_benchmark.csv,prayash-task-exposure-gpts-are-gpts-v1,Prayash common-occupation coverage — 800 occupations,923 occupations / 19265 tasks,true,true,Task-level benchmark category shares for product coverage. Not a probability that workers will lose jobs. Absence from this 800-row file does not mean the occupation is absent from the 923-occupation research model.
47-4011.01,Energy Auditors,21,6,3,12,0.285714,0.142857,0.571429,"Inspect or evaluate building envelopes, mechanical systems, electrical systems, or process systems to determine the energy consumption of each system.",Calculate potential for energy savings.,Identify and prioritize energy-saving measures.,GPTs-are-GPTs human_labels on public_gpts_are_gpts_benchmark.csv,prayash-task-exposure-gpts-are-gpts-v1,Prayash common-occupation coverage — 800 occupations,923 occupations / 19265 tasks,true,true,Task-level benchmark category shares for product coverage. Not a probability that workers will lose jobs. Absence from this 800-row file does not mean the occupation is absent from the 923-occupation research model.
47-4021.00,Elevator and Escalator Installers and Repairers,20,17,0,3,0.850000,0.000000,0.150000,"Assemble, install, repair, and maintain elevators, escalators, moving sidewalks, and dumbwaiters, using hand and power tools, and testing devices such as test lamps, ammeters, and voltmeters.",,"Check that safety regulations and building codes are met, and complete service reports verifying conformance to standards.",GPTs-are-GPTs human_labels on public_gpts_are_gpts_benchmark.csv,prayash-task-exposure-gpts-are-gpts-v1,Prayash common-occupation coverage — 800 occupations,923 occupations / 19265 tasks,true,true,Task-level benchmark category shares for product coverage. Not a probability that workers will lose jobs. Absence from this 800-row file does not mean the occupation is absent from the 923-occupation research model.
47-4031.00,Fence Erectors,20,19,0,1,0.950000,0.000000,0.050000,"Establish the location for a fence, and gather information needed to ensure that there are no electric cables or water lines in the area.",,"Discuss fencing needs with customers, and estimate and quote prices.",GPTs-are-GPTs human_labels on public_gpts_are_gpts_benchmark.csv,prayash-task-exposure-gpts-are-gpts-v1,Prayash common-occupation coverage — 800 occupations,923 occupations / 19265 tasks,true,true,Task-level benchmark category shares for product coverage. Not a probability that workers will lose jobs. Absence from this 800-row file does not mean the occupation is absent from the 923-occupation research model.
47-4041.00,Hazardous Materials Removal Workers,21,19,0,2,0.904762,0.000000,0.095238,Build containment areas prior to beginning abatement or decontamination work.,,"Record numbers of containers stored at disposal sites, specifying amounts or types of equipment or waste disposed.",GPTs-are-GPTs human_labels on public_gpts_are_gpts_benchmark.csv,prayash-task-exposure-gpts-are-gpts-v1,Prayash common-occupation coverage — 800 occupations,923 occupations / 19265 tasks,true,true,Task-level benchmark category shares for product coverage. Not a probability that workers will lose jobs. Absence from this 800-row file does not mean the occupation is absent from the 923-occupation research model.
47-4051.00,Highway Maintenance Workers,19,19,0,0,1.000000,0.000000,0.000000,Set out signs and cones around work areas to divert traffic.,,,GPTs-are-GPTs human_labels on public_gpts_are_gpts_benchmark.csv,prayash-task-exposure-gpts-are-gpts-v1,Prayash common-occupation coverage — 800 occupations,923 occupations / 19265 tasks,true,true,Task-level benchmark category shares for product coverage. Not a probability that workers will lose jobs. Absence from this 800-row file does not mean the occupation is absent from the 923-occupation research model.
47-4061.00,Rail-Track Laying and Maintenance Equipment Operators,26,26,0,0,1.000000,0.000000,0.000000,Patrol assigned track sections so that damaged or broken track can be located and reported.,,,GPTs-are-GPTs human_labels on public_gpts_are_gpts_benchmark.csv,prayash-task-exposure-gpts-are-gpts-v1,Prayash common-occupation coverage — 800 occupations,923 occupations / 19265 tasks,true,true,Task-level benchmark category shares for product coverage. Not a probability that workers will lose jobs. Absence from this 800-row file does not mean the occupation is absent from the 923-occupation research model.
47-4071.00,Septic Tank Servicers and Sewer Pipe Cleaners,22,19,1,2,0.863636,0.045455,0.090909,"Drive trucks to transport crews, materials, and equipment.",Update sewer maps and manhole charts.,"Communicate with supervisors and other workers, using equipment such as wireless phones, pagers, or radio telephones.",GPTs-are-GPTs human_labels on public_gpts_are_gpts_benchmark.csv,prayash-task-exposure-gpts-are-gpts-v1,Prayash common-occupation coverage — 800 occupations,923 occupations / 19265 tasks,true,true,Task-level benchmark category shares for product coverage. Not a probability that workers will lose jobs. Absence from this 800-row file does not mean the occupation is absent from the 923-occupation research model.
47-4099.03,Weatherization Installers and Technicians,20,13,1,6,0.650000,0.050000,0.300000,"Test combustible appliances, such as gas appliances.","Prepare or assist in the preparation of bids, contracts, or written reports related to weatherization work.","Recommend weatherization techniques to clients in accordance with needs and applicable energy regulations, codes, policies, or statutes.",GPTs-are-GPTs human_labels on public_gpts_are_gpts_benchmark.csv,prayash-task-exposure-gpts-are-gpts-v1,Prayash common-occupation coverage — 800 occupations,923 occupations / 19265 tasks,true,true,Task-level benchmark category shares for product coverage. Not a probability that workers will lose jobs. Absence from this 800-row file does not mean the occupation is absent from the 923-occupation research model.
47-5012.00,"Rotary Drill Operators, Oil and Gas",22,21,0,1,0.954545,0.000000,0.045455,"Train crews, and introduce procedures to make drill work more safe and effective.",,"Maintain records of footage drilled, location and nature of strata penetrated, materials and tools used, services rendered, and time required.",GPTs-are-GPTs human_labels on public_gpts_are_gpts_benchmark.csv,prayash-task-exposure-gpts-are-gpts-v1,Prayash common-occupation coverage — 800 occupations,923 occupations / 19265 tasks,true,true,Task-level benchmark category shares for product coverage. Not a probability that workers will lose jobs. Absence from this 800-row file does not mean the occupation is absent from the 923-occupation research model.
47-5013.00,"Service Unit Operators, Oil and Gas",19,15,1,3,0.789474,0.052632,0.157895,Maintain and perform safety inspections on equipment and tools.,"Prepare reports of services rendered, tools used, or time required, for billing purposes.","Listen to engines, rotary chains, or other equipment to detect faulty operations or unusual well conditions.",GPTs-are-GPTs human_labels on public_gpts_are_gpts_benchmark.csv,prayash-task-exposure-gpts-are-gpts-v1,Prayash common-occupation coverage — 800 occupations,923 occupations / 19265 tasks,true,true,Task-level benchmark category shares for product coverage. Not a probability that workers will lose jobs. Absence from this 800-row file does not mean the occupation is absent from the 923-occupation research model.
47-5022.00,"Excavating and Loading Machine and Dragline Operators, Surface Mining",16,16,0,0,1.000000,0.000000,0.000000,"Move levers, depress foot pedals, and turn dials to operate power machinery, such as power shovels, stripping shovels, scraper loaders, or backhoes.",,,GPTs-are-GPTs human_labels on public_gpts_are_gpts_benchmark.csv,prayash-task-exposure-gpts-are-gpts-v1,Prayash common-occupation coverage — 800 occupations,923 occupations / 19265 tasks,true,true,Task-level benchmark category shares for product coverage. Not a probability that workers will lose jobs. Absence from this 800-row file does not mean the occupation is absent from the 923-occupation research model.
47-5023.00,"Earth Drillers, Except Oil and Gas",30,22,0,8,0.733333,0.000000,0.266667,Operate controls to stabilize machines and to position and align drills.,,Document geological formations encountered during work.,GPTs-are-GPTs human_labels on public_gpts_are_gpts_benchmark.csv,prayash-task-exposure-gpts-are-gpts-v1,Prayash common-occupation coverage — 800 occupations,923 occupations / 19265 tasks,true,true,Task-level benchmark category shares for product coverage. Not a probability that workers will lose jobs. Absence from this 800-row file does not mean the occupation is absent from the 923-occupation research model.
47-5032.00,"Explosives Workers, Ordnance Handling Experts, and Blasters",30,23,1,6,0.766667,0.033333,0.200000,Tie specified lengths of delaying fuses into patterns in order to time sequences of explosions.,Set up and operate short-wave radio or field telephone equipment to transmit and receive blast information.,Examine blast areas to determine amounts and kinds of explosive charges needed and to ensure that safety laws are observed.,GPTs-are-GPTs human_labels on public_gpts_are_gpts_benchmark.csv,prayash-task-exposure-gpts-are-gpts-v1,Prayash common-occupation coverage — 800 occupations,923 occupations / 19265 tasks,true,true,Task-level benchmark category shares for product coverage. Not a probability that workers will lose jobs. Absence from this 800-row file does not mean the occupation is absent from the 923-occupation research model.
47-5044.00,"Loading and Moving Machine Operators, Underground Mining",28,23,1,4,0.821429,0.035714,0.142857,Handle high voltage sources and hang electrical cables.,Notify switching departments to deliver specific types of cars.,Monitor loading processes to ensure that materials are loaded according to specifications.,GPTs-are-GPTs human_labels on public_gpts_are_gpts_benchmark.csv,prayash-task-exposure-gpts-are-gpts-v1,Prayash common-occupation coverage — 800 occupations,923 occupations / 19265 tasks,true,true,Task-level benchmark category shares for product coverage. Not a probability that workers will lose jobs. Absence from this 800-row file does not mean the occupation is absent from the 923-occupation research model.
47-5071.00,"Roustabouts, Oil and Gas",13,13,0,0,1.000000,0.000000,0.000000,Keep pipe deck and main deck areas clean and tidy.,,,GPTs-are-GPTs human_labels on public_gpts_are_gpts_benchmark.csv,prayash-task-exposure-gpts-are-gpts-v1,Prayash common-occupation coverage — 800 occupations,923 occupations / 19265 tasks,true,true,Task-level benchmark category shares for product coverage. Not a probability that workers will lose jobs. Absence from this 800-row file does not mean the occupation is absent from the 923-occupation research model.
49-1011.00,"First-Line Supervisors of Mechanics, Installers, and Repairers",22,11,2,9,0.500000,0.090909,0.409091,"Inspect, test, and measure completed work, using devices such as hand tools or gauges to verify conformance to standards or repair requirements.",Meet with vendors or suppliers to discuss products used in repair work.,Monitor employees' work levels and review work performance.,GPTs-are-GPTs human_labels on public_gpts_are_gpts_benchmark.csv,prayash-task-exposure-gpts-are-gpts-v1,Prayash common-occupation coverage — 800 occupations,923 occupations / 19265 tasks,true,true,Task-level benchmark category shares for product coverage. Not a probability that workers will lose jobs. Absence from this 800-row file does not mean the occupation is absent from the 923-occupation research model.
49-2011.00,"Computer, Automated Teller, and Office Machine Repairers",25,17,2,6,0.680000,0.080000,0.240000,Reassemble machines after making repairs or replacing parts.,Maintain records of equipment maintenance work or repairs.,Converse with customers to determine details of equipment problems.,GPTs-are-GPTs human_labels on public_gpts_are_gpts_benchmark.csv,prayash-task-exposure-gpts-are-gpts-v1,Prayash common-occupation coverage — 800 occupations,923 occupations / 19265 tasks,true,true,Task-level benchmark category shares for product coverage. Not a probability that workers will lose jobs. Absence from this 800-row file does not mean the occupation is absent from the 923-occupation research model.
49-2021.00,"Radio, Cellular, and Tower Equipment Installers and Repairers",30,27,1,2,0.900000,0.033333,0.066667,"Inspect completed work to ensure all hardware is tight, antennas are level, hangers are properly fastened, proper support is in place, or adequate weather proofing has been installed.","Complete reports related to project status, progress, or other work details, using computer software.","Take site survey photos or photos of work performed, using digital cameras.",GPTs-are-GPTs human_labels on public_gpts_are_gpts_benchmark.csv,prayash-task-exposure-gpts-are-gpts-v1,Prayash common-occupation coverage — 800 occupations,923 occupations / 19265 tasks,true,true,Task-level benchmark category shares for product coverage. Not a probability that workers will lose jobs. Absence from this 800-row file does not mean the occupation is absent from the 923-occupation research model.
49-2022.00,"Telecommunications Equipment Installers and Repairers, Except Line Installers",40,27,4,9,0.675000,0.100000,0.225000,"Test circuits and components of malfunctioning telecommunications equipment to isolate sources of malfunctions, using test meters, circuit diagrams, polarity probes, and other hand tools.","Demonstrate equipment to customers and explain its use, responding to any inquiries or complaints.",Note differences in wire and cable colors so that work can be performed correctly.,GPTs-are-GPTs human_labels on public_gpts_are_gpts_benchmark.csv,prayash-task-exposure-gpts-are-gpts-v1,Prayash common-occupation coverage — 800 occupations,923 occupations / 19265 tasks,true,true,Task-level benchmark category shares for product coverage. Not a probability that workers will lose jobs. Absence from this 800-row file does not mean the occupation is absent from the 923-occupation research model.
49-2091.00,Avionics Technicians,13,10,1,2,0.769231,0.076923,0.153846,"Test and troubleshoot instruments, components, and assemblies, using circuit testers, oscilloscopes, or voltmeters.",Keep records of maintenance and repair work.,"Coordinate work with that of engineers, technicians, and other aircraft maintenance personnel.",GPTs-are-GPTs human_labels on public_gpts_are_gpts_benchmark.csv,prayash-task-exposure-gpts-are-gpts-v1,Prayash common-occupation coverage — 800 occupations,923 occupations / 19265 tasks,true,true,Task-level benchmark category shares for product coverage. Not a probability that workers will lose jobs. Absence from this 800-row file does not mean the occupation is absent from the 923-occupation research model.
49-2092.00,"Electric Motor, Power Tool, and Related Repairers",39,38,0,1,0.974359,0.000000,0.025641,"Inspect and test equipment to locate damage or worn parts and diagnose malfunctions, or read work orders or schematic drawings to determine required repairs.",,Read service guides to find information needed to perform repairs.,GPTs-are-GPTs human_labels on public_gpts_are_gpts_benchmark.csv,prayash-task-exposure-gpts-are-gpts-v1,Prayash common-occupation coverage — 800 occupations,923 occupations / 19265 tasks,true,true,Task-level benchmark category shares for product coverage. Not a probability that workers will lose jobs. Absence from this 800-row file does not mean the occupation is absent from the 923-occupation research model.
49-2094.00,"Electrical and Electronics Repairers, Commercial and Industrial Equipment",20,12,4,4,0.600000,0.200000,0.200000,"Test faulty equipment to diagnose malfunctions, using test equipment or software, and applying knowledge of the functional operation of electronic units and systems.","Maintain equipment logs that record performance problems, repairs, calibrations, or tests.","Enter information into computer to copy program or to draw, modify, or store schematics, applying knowledge of software package used.",GPTs-are-GPTs human_labels on public_gpts_are_gpts_benchmark.csv,prayash-task-exposure-gpts-are-gpts-v1,Prayash common-occupation coverage — 800 occupations,923 occupations / 19265 tasks,true,true,Task-level benchmark category shares for product coverage. Not a probability that workers will lose jobs. Absence from this 800-row file does not mean the occupation is absent from the 923-occupation research model.
49-2095.00,"Electrical and Electronics Repairers, Powerhouse, Substation, and Relay",16,11,0,5,0.687500,0.000000,0.312500,"Inspect and test equipment and circuits to identify malfunctions or defects, using wiring diagrams and testing devices such as ohmmeters, voltmeters, or ammeters.",,"Prepare and maintain records detailing tests, repairs, and maintenance.",GPTs-are-GPTs human_labels on public_gpts_are_gpts_benchmark.csv,prayash-task-exposure-gpts-are-gpts-v1,Prayash common-occupation coverage — 800 occupations,923 occupations / 19265 tasks,true,true,Task-level benchmark category shares for product coverage. Not a probability that workers will lose jobs. Absence from this 800-row file does not mean the occupation is absent from the 923-occupation research model.
49-2097.00,Audiovisual Equipment Installers and Repairers,11,9,0,2,0.818182,0.000000,0.181818,"Disassemble entertainment equipment and repair or replace loose, worn, or defective components and wiring, using hand tools and soldering irons.",,Confer with customers to determine the nature of problems or to explain repairs.,GPTs-are-GPTs human_labels on public_gpts_are_gpts_benchmark.csv,prayash-task-exposure-gpts-are-gpts-v1,Prayash common-occupation coverage — 800 occupations,923 occupations / 19265 tasks,true,true,Task-level benchmark category shares for product coverage. Not a probability that workers will lose jobs. Absence from this 800-row file does not mean the occupation is absent from the 923-occupation research model.
49-2098.00,Security and Fire Alarm Systems Installers,16,11,2,3,0.687500,0.125000,0.187500,"Install, maintain, or repair security systems, alarm devices, or related equipment, following blueprints of electrical layouts and building plans.","Demonstrate systems for customers and explain details, such as the causes and consequences of false alarms.",Consult with clients to assess risks and to determine security requirements.,GPTs-are-GPTs human_labels on public_gpts_are_gpts_benchmark.csv,prayash-task-exposure-gpts-are-gpts-v1,Prayash common-occupation coverage — 800 occupations,923 occupations / 19265 tasks,true,true,Task-level benchmark category shares for product coverage. Not a probability that workers will lose jobs. Absence from this 800-row file does not mean the occupation is absent from the 923-occupation research model.
49-3011.00,Aircraft Mechanics and Service Technicians,38,34,1,3,0.894737,0.026316,0.078947,"Examine and inspect aircraft components, including landing gear, hydraulic systems, and deicers to locate cracks, breaks, leaks, or other problems.",Determine repair limits for engine hot section parts.,"Read and interpret maintenance manuals, service bulletins, and other specifications to determine the feasibility and method of repairing or replacing malfunctioning or damaged components.",GPTs-are-GPTs human_labels on public_gpts_are_gpts_benchmark.csv,prayash-task-exposure-gpts-are-gpts-v1,Prayash common-occupation coverage — 800 occupations,923 occupations / 19265 tasks,true,true,Task-level benchmark category shares for product coverage. Not a probability that workers will lose jobs. Absence from this 800-row file does not mean the occupation is absent from the 923-occupation research model.
49-3021.00,Automotive Body and Related Repairers,25,23,1,1,0.920000,0.040000,0.040000,"File, grind, sand, and smooth filled or repaired surfaces, using power tools and hand tools.",Read specifications or confer with customers to determine the desired custom modifications for altering the appearance of vehicles.,"Review damage reports, prepare or review repair cost estimates, and plan work to be performed.",GPTs-are-GPTs human_labels on public_gpts_are_gpts_benchmark.csv,prayash-task-exposure-gpts-are-gpts-v1,Prayash common-occupation coverage — 800 occupations,923 occupations / 19265 tasks,true,true,Task-level benchmark category shares for product coverage. Not a probability that workers will lose jobs. Absence from this 800-row file does not mean the occupation is absent from the 923-occupation research model.
49-3022.00,Automotive Glass Installers and Repairers,18,18,0,0,1.000000,0.000000,0.000000,Prime all scratches on pinchwelds with primer and allow to dry.,,,GPTs-are-GPTs human_labels on public_gpts_are_gpts_benchmark.csv,prayash-task-exposure-gpts-are-gpts-v1,Prayash common-occupation coverage — 800 occupations,923 occupations / 19265 tasks,true,true,Task-level benchmark category shares for product coverage. Not a probability that workers will lose jobs. Absence from this 800-row file does not mean the occupation is absent from the 923-occupation research model.
49-3023.00,Automotive Service Technicians and Mechanics,30,27,1,2,0.900000,0.033333,0.066667,Inspect vehicles for damage and record findings so that necessary repairs can be made.,Review work orders and discuss work with supervisors.,Estimate costs of vehicle repair.,GPTs-are-GPTs human_labels on public_gpts_are_gpts_benchmark.csv,prayash-task-exposure-gpts-are-gpts-v1,Prayash common-occupation coverage — 800 occupations,923 occupations / 19265 tasks,true,true,Task-level benchmark category shares for product coverage. Not a probability that workers will lose jobs. Absence from this 800-row file does not mean the occupation is absent from the 923-occupation research model.
49-3031.00,Bus and Truck Mechanics and Diesel Engine Specialists,26,26,0,0,1.000000,0.000000,0.000000,"Use handtools, such as screwdrivers, pliers, wrenches, pressure gauges, or precision instruments, as well as power tools, such as pneumatic wrenches, lathes, welding equipment, or jacks and hoists.",,,GPTs-are-GPTs human_labels on public_gpts_are_gpts_benchmark.csv,prayash-task-exposure-gpts-are-gpts-v1,Prayash common-occupation coverage — 800 occupations,923 occupations / 19265 tasks,true,true,Task-level benchmark category shares for product coverage. Not a probability that workers will lose jobs. Absence from this 800-row file does not mean the occupation is absent from the 923-occupation research model.
49-3041.00,Farm Equipment Mechanics and Service Technicians,14,11,2,1,0.785714,0.142857,0.071429,"Maintain, repair, and overhaul farm machinery and vehicles, such as tractors, harvesters, and irrigation systems.",Record details of repairs made and parts used.,"Calculate bills according to record of repairs made, labor time, and parts used.",GPTs-are-GPTs human_labels on public_gpts_are_gpts_benchmark.csv,prayash-task-exposure-gpts-are-gpts-v1,Prayash common-occupation coverage — 800 occupations,923 occupations / 19265 tasks,true,true,Task-level benchmark category shares for product coverage. Not a probability that workers will lose jobs. Absence from this 800-row file does not mean the occupation is absent from the 923-occupation research model.
49-3042.00,"Mobile Heavy Equipment Mechanics, Except Engines",20,16,1,3,0.800000,0.050000,0.150000,Repair and replace damaged or worn parts.,"Schedule maintenance for industrial machines and equipment, and keep equipment service records.","Read and understand operating manuals, blueprints, and technical drawings.",GPTs-are-GPTs human_labels on public_gpts_are_gpts_benchmark.csv,prayash-task-exposure-gpts-are-gpts-v1,Prayash common-occupation coverage — 800 occupations,923 occupations / 19265 tasks,true,true,Task-level benchmark category shares for product coverage. Not a probability that workers will lose jobs. Absence from this 800-row file does not mean the occupation is absent from the 923-occupation research model.
49-3043.00,Rail Car Repairers,20,19,1,0,0.950000,0.050000,0.000000,"Inspect components such as bearings, seals, gaskets, wheels, and coupler assemblies to determine if repairs are needed.","Record conditions of cars, and repair and maintenance work performed or to be performed.",,GPTs-are-GPTs human_labels on public_gpts_are_gpts_benchmark.csv,prayash-task-exposure-gpts-are-gpts-v1,Prayash common-occupation coverage — 800 occupations,923 occupations / 19265 tasks,true,true,Task-level benchmark category shares for product coverage. Not a probability that workers will lose jobs. Absence from this 800-row file does not mean the occupation is absent from the 923-occupation research model.
49-3051.00,Motorboat Mechanics and Service Technicians,13,12,0,1,0.923077,0.000000,0.076923,"Start motors and monitor performance for signs of malfunctioning, such as smoke, excessive vibration, or misfiring.",,Document inspection and test results and work performed or to be performed.,GPTs-are-GPTs human_labels on public_gpts_are_gpts_benchmark.csv,prayash-task-exposure-gpts-are-gpts-v1,Prayash common-occupation coverage — 800 occupations,923 occupations / 19265 tasks,true,true,Task-level benchmark category shares for product coverage. Not a probability that workers will lose jobs. Absence from this 800-row file does not mean the occupation is absent from the 923-occupation research model.
49-3053.00,Outdoor Power Equipment and Other Small Engine Mechanics,14,12,1,1,0.857143,0.071429,0.071429,"Test and inspect engines to determine malfunctions, to locate missing and broken parts, and to verify repairs, using diagnostic instruments.","Record repairs made, time spent, and parts used.","Obtain problem descriptions from customers, and prepare cost estimates for repairs.",GPTs-are-GPTs human_labels on public_gpts_are_gpts_benchmark.csv,prayash-task-exposure-gpts-are-gpts-v1,Prayash common-occupation coverage — 800 occupations,923 occupations / 19265 tasks,true,true,Task-level benchmark category shares for product coverage. Not a probability that workers will lose jobs. Absence from this 800-row file does not mean the occupation is absent from the 923-occupation research model.
49-3091.00,Bicycle Repairers,16,15,1,0,0.937500,0.062500,0.000000,Install and adjust brakes and brake pads.,Help customers select bicycles that fit their body sizes and intended bicycle uses.,,GPTs-are-GPTs human_labels on public_gpts_are_gpts_benchmark.csv,prayash-task-exposure-gpts-are-gpts-v1,Prayash common-occupation coverage — 800 occupations,923 occupations / 19265 tasks,true,true,Task-level benchmark category shares for product coverage. Not a probability that workers will lose jobs. Absence from this 800-row file does not mean the occupation is absent from the 923-occupation research model.
49-3092.00,Recreational Vehicle Service Technicians,17,15,1,1,0.882353,0.058824,0.058824,"Locate and repair frayed wiring, broken connections, or incorrect wiring, using ohmmeters, soldering irons, tape, or hand tools.",Explain proper operation of vehicle systems to customers.,"List parts needed, estimate costs, and plan work procedures, using parts lists, technical manuals, or diagrams.",GPTs-are-GPTs human_labels on public_gpts_are_gpts_benchmark.csv,prayash-task-exposure-gpts-are-gpts-v1,Prayash common-occupation coverage — 800 occupations,923 occupations / 19265 tasks,true,true,Task-level benchmark category shares for product coverage. Not a probability that workers will lose jobs. Absence from this 800-row file does not mean the occupation is absent from the 923-occupation research model.
49-3093.00,Tire Repairers and Changers,26,26,0,0,1.000000,0.000000,0.000000,"Raise vehicles, using hydraulic jacks.",,,GPTs-are-GPTs human_labels on public_gpts_are_gpts_benchmark.csv,prayash-task-exposure-gpts-are-gpts-v1,Prayash common-occupation coverage — 800 occupations,923 occupations / 19265 tasks,true,true,Task-level benchmark category shares for product coverage. Not a probability that workers will lose jobs. Absence from this 800-row file does not mean the occupation is absent from the 923-occupation research model.
49-9011.00,Mechanical Door Repairers,25,23,1,1,0.920000,0.040000,0.040000,Wind large springs with upward motion of arm.,"Complete required paperwork, such as work orders, according to services performed or required.","Inspect job sites, assessing headroom, side room, or other conditions to determine appropriateness of door for a given location.",GPTs-are-GPTs human_labels on public_gpts_are_gpts_benchmark.csv,prayash-task-exposure-gpts-are-gpts-v1,Prayash common-occupation coverage — 800 occupations,923 occupations / 19265 tasks,true,true,Task-level benchmark category shares for product coverage. Not a probability that workers will lose jobs. Absence from this 800-row file does not mean the occupation is absent from the 923-occupation research model.
49-9012.00,"Control and Valve Installers and Repairers, Except Mechanical Door",39,36,1,2,0.923077,0.025641,0.051282,"Disassemble and repair mechanical control devices or valves, such as regulators, thermostats, or hydrants, using power tools, hand tools, and cutting torches.","Record maintenance information, including test results, material usage, and repairs made.","Record meter readings and installation data on meter cards, work orders, or field service orders, or enter data into hand-held computers.",GPTs-are-GPTs human_labels on public_gpts_are_gpts_benchmark.csv,prayash-task-exposure-gpts-are-gpts-v1,Prayash common-occupation coverage — 800 occupations,923 occupations / 19265 tasks,true,true,Task-level benchmark category shares for product coverage. Not a probability that workers will lose jobs. Absence from this 800-row file does not mean the occupation is absent from the 923-occupation research model.
49-9021.00,"Heating, Air Conditioning, and Refrigeration Mechanics and Installers",30,24,2,4,0.800000,0.066667,0.133333,"Test electrical circuits or components for continuity, using electrical test equipment.","Record and report time, materials, faults, deficiencies, or other unusual occurrences on work orders.","Comply with all applicable standards, policies, or procedures, such as safety procedures or the maintenance of a clean work area.",GPTs-are-GPTs human_labels on public_gpts_are_gpts_benchmark.csv,prayash-task-exposure-gpts-are-gpts-v1,Prayash common-occupation coverage — 800 occupations,923 occupations / 19265 tasks,true,true,Task-level benchmark category shares for product coverage. Not a probability that workers will lose jobs. Absence from this 800-row file does not mean the occupation is absent from the 923-occupation research model.
49-9031.00,Home Appliance Repairers,31,27,2,2,0.870968,0.064516,0.064516,"Bill customers for repair work, and collect payment.",Talk to customers or refer to work orders to establish the nature of appliance malfunctions.,"Refer to schematic drawings, product manuals, and troubleshooting guides to diagnose and repair problems.",GPTs-are-GPTs human_labels on public_gpts_are_gpts_benchmark.csv,prayash-task-exposure-gpts-are-gpts-v1,Prayash common-occupation coverage — 800 occupations,923 occupations / 19265 tasks,true,true,Task-level benchmark category shares for product coverage. Not a probability that workers will lose jobs. Absence from this 800-row file does not mean the occupation is absent from the 923-occupation research model.
49-9041.00,Industrial Machinery Mechanics,16,12,1,3,0.750000,0.062500,0.187500,Repair or maintain the operating condition of industrial production or processing machinery or equipment.,Record repairs and maintenance performed.,"Record parts or materials used and order or requisition new parts or materials, as necessary.",GPTs-are-GPTs human_labels on public_gpts_are_gpts_benchmark.csv,prayash-task-exposure-gpts-are-gpts-v1,Prayash common-occupation coverage — 800 occupations,923 occupations / 19265 tasks,true,true,Task-level benchmark category shares for product coverage. Not a probability that workers will lose jobs. Absence from this 800-row file does not mean the occupation is absent from the 923-occupation research model.
49-9043.00,"Maintenance Workers, Machinery",18,16,2,0,0.888889,0.111111,0.000000,Start machines and observe mechanical operation to determine efficiency and to detect problems.,Read work orders and specifications to determine machines and equipment requiring repair or maintenance.,,GPTs-are-GPTs human_labels on public_gpts_are_gpts_benchmark.csv,prayash-task-exposure-gpts-are-gpts-v1,Prayash common-occupation coverage — 800 occupations,923 occupations / 19265 tasks,true,true,Task-level benchmark category shares for product coverage. Not a probability that workers will lose jobs. Absence from this 800-row file does not mean the occupation is absent from the 923-occupation research model.
49-9044.00,Millwrights,23,21,0,2,0.913043,0.000000,0.086957,"Insert shims, adjust tension on nuts and bolts, or position parts, using hand tools and measuring instruments, to set specified clearances between moving and stationary parts.",,"Install robot and modify its program, using teach pendant.",GPTs-are-GPTs human_labels on public_gpts_are_gpts_benchmark.csv,prayash-task-exposure-gpts-are-gpts-v1,Prayash common-occupation coverage — 800 occupations,923 occupations / 19265 tasks,true,true,Task-level benchmark category shares for product coverage. Not a probability that workers will lose jobs. Absence from this 800-row file does not mean the occupation is absent from the 923-occupation research model.
49-9051.00,Electrical Power-Line Installers and Repairers,23,23,0,0,1.000000,0.000000,0.000000,"Adhere to safety practices and procedures, such as checking equipment regularly and erecting barriers around work areas.",,,GPTs-are-GPTs human_labels on public_gpts_are_gpts_benchmark.csv,prayash-task-exposure-gpts-are-gpts-v1,Prayash common-occupation coverage — 800 occupations,923 occupations / 19265 tasks,true,true,Task-level benchmark category shares for product coverage. Not a probability that workers will lose jobs. Absence from this 800-row file does not mean the occupation is absent from the 923-occupation research model.
49-9052.00,Telecommunications Line Installers and Repairers,20,19,0,1,0.950000,0.000000,0.050000,"Set up service for customers, installing, connecting, testing, or adjusting equipment.",,"Inspect or test lines or cables, recording and analyzing test results, to assess transmission characteristics and locate faults or malfunctions.",GPTs-are-GPTs human_labels on public_gpts_are_gpts_benchmark.csv,prayash-task-exposure-gpts-are-gpts-v1,Prayash common-occupation coverage — 800 occupations,923 occupations / 19265 tasks,true,true,Task-level benchmark category shares for product coverage. Not a probability that workers will lose jobs. Absence from this 800-row file does not mean the occupation is absent from the 923-occupation research model.
49-9062.00,Medical Equipment Repairers,19,13,4,2,0.684211,0.210526,0.105263,"Inspect and test malfunctioning medical or related equipment, following manufacturers' specifications and using test and analysis instruments.","Keep records of maintenance, repair, and required updates of equipment.",Examine medical equipment or facility's structural environment and check for proper use of equipment to protect patients and staff from electrical or mechanical hazards and to ensure compliance with safety regulations.,GPTs-are-GPTs human_labels on public_gpts_are_gpts_benchmark.csv,prayash-task-exposure-gpts-are-gpts-v1,Prayash common-occupation coverage — 800 occupations,923 occupations / 19265 tasks,true,true,Task-level benchmark category shares for product coverage. Not a probability that workers will lose jobs. Absence from this 800-row file does not mean the occupation is absent from the 923-occupation research model.
49-9063.00,Musical Instrument Repairers and Tuners,37,37,0,0,1.000000,0.000000,0.000000,Play instruments to evaluate their sound quality and to locate any defects.,,,GPTs-are-GPTs human_labels on public_gpts_are_gpts_benchmark.csv,prayash-task-exposure-gpts-are-gpts-v1,Prayash common-occupation coverage — 800 occupations,923 occupations / 19265 tasks,true,true,Task-level benchmark category shares for product coverage. Not a probability that workers will lose jobs. Absence from this 800-row file does not mean the occupation is absent from the 923-occupation research model.
49-9071.00,"Maintenance and Repair Workers, General",30,26,0,4,0.866667,0.000000,0.133333,"Perform routine maintenance, such as inspecting drives, motors, or belts, checking fluid levels, replacing filters, or doing other preventive maintenance actions.",,"Diagnose mechanical problems and determine how to correct them, checking blueprints, repair manuals, or parts catalogs, as necessary.",GPTs-are-GPTs human_labels on public_gpts_are_gpts_benchmark.csv,prayash-task-exposure-gpts-are-gpts-v1,Prayash common-occupation coverage — 800 occupations,923 occupations / 19265 tasks,true,true,Task-level benchmark category shares for product coverage. Not a probability that workers will lose jobs. Absence from this 800-row file does not mean the occupation is absent from the 923-occupation research model.
49-9091.00,"Coin, Vending, and Amusement Machine Servicers and Repairers",19,15,3,1,0.789474,0.157895,0.052632,"Fill machines with products, ingredients, money, and other supplies.",Maintain records of machine maintenance and repair.,Prepare repair cost estimates.,GPTs-are-GPTs human_labels on public_gpts_are_gpts_benchmark.csv,prayash-task-exposure-gpts-are-gpts-v1,Prayash common-occupation coverage — 800 occupations,923 occupations / 19265 tasks,true,true,Task-level benchmark category shares for product coverage. Not a probability that workers will lose jobs. Absence from this 800-row file does not mean the occupation is absent from the 923-occupation research model.
49-9092.00,Commercial Divers,25,21,0,4,0.840000,0.000000,0.160000,"Take appropriate safety precautions, such as monitoring dive lengths and depths and registering with authorities before diving expeditions begin.",,"Communicate with workers on the surface while underwater, using signal lines or telephones.",GPTs-are-GPTs human_labels on public_gpts_are_gpts_benchmark.csv,prayash-task-exposure-gpts-are-gpts-v1,Prayash common-occupation coverage — 800 occupations,923 occupations / 19265 tasks,true,true,Task-level benchmark category shares for product coverage. Not a probability that workers will lose jobs. Absence from this 800-row file does not mean the occupation is absent from the 923-occupation research model.
49-9094.00,Locksmiths and Safe Repairers,14,13,1,0,0.928571,0.071429,0.000000,"Cut new or duplicate keys, using key cutting machines.",Keep records of company locks and keys.,,GPTs-are-GPTs human_labels on public_gpts_are_gpts_benchmark.csv,prayash-task-exposure-gpts-are-gpts-v1,Prayash common-occupation coverage — 800 occupations,923 occupations / 19265 tasks,true,true,Task-level benchmark category shares for product coverage. Not a probability that workers will lose jobs. Absence from this 800-row file does not mean the occupation is absent from the 923-occupation research model.
49-9096.00,Riggers,14,13,0,1,0.928571,0.000000,0.071429,Test rigging to ensure safety and reliability.,,Signal or verbally direct workers engaged in hoisting and moving loads to ensure safety of workers and materials.,GPTs-are-GPTs human_labels on public_gpts_are_gpts_benchmark.csv,prayash-task-exposure-gpts-are-gpts-v1,Prayash common-occupation coverage — 800 occupations,923 occupations / 19265 tasks,true,true,Task-level benchmark category shares for product coverage. Not a probability that workers will lose jobs. Absence from this 800-row file does not mean the occupation is absent from the 923-occupation research model.
49-9098.00,"Helpers--Installation, Maintenance, and Repair Workers",16,16,0,0,1.000000,0.000000,0.000000,"Install or replace machinery, equipment, and new or replacement parts and instruments, using hand or power tools.",,,GPTs-are-GPTs human_labels on public_gpts_are_gpts_benchmark.csv,prayash-task-exposure-gpts-are-gpts-v1,Prayash common-occupation coverage — 800 occupations,923 occupations / 19265 tasks,true,true,Task-level benchmark category shares for product coverage. Not a probability that workers will lose jobs. Absence from this 800-row file does not mean the occupation is absent from the 923-occupation research model.
49-9099.01,Geothermal Technicians,24,18,5,1,0.750000,0.208333,0.041667,Monitor and adjust operations of geothermal power plant equipment or systems.,"Prepare and maintain logs, reports, or other documentation of work performed.","Design and lay out geothermal heat systems according to property characteristics, heating and cooling requirements, piping and equipment requirements, applicable regulations, or other factors.",GPTs-are-GPTs human_labels on public_gpts_are_gpts_benchmark.csv,prayash-task-exposure-gpts-are-gpts-v1,Prayash common-occupation coverage — 800 occupations,923 occupations / 19265 tasks,true,true,Task-level benchmark category shares for product coverage. Not a probability that workers will lose jobs. Absence from this 800-row file does not mean the occupation is absent from the 923-occupation research model.
51-1011.00,First-Line Supervisors of Production and Operating Workers,20,11,0,9,0.550000,0.000000,0.450000,Enforce safety and sanitation regulations.,,Keep records of employees' attendance and hours worked.,GPTs-are-GPTs human_labels on public_gpts_are_gpts_benchmark.csv,prayash-task-exposure-gpts-are-gpts-v1,Prayash common-occupation coverage — 800 occupations,923 occupations / 19265 tasks,true,true,Task-level benchmark category shares for product coverage. Not a probability that workers will lose jobs. Absence from this 800-row file does not mean the occupation is absent from the 923-occupation research model.
51-2011.00,"Aircraft Structure, Surfaces, Rigging, and Systems Assemblers",30,29,0,1,0.966667,0.000000,0.033333,"Assemble parts, fittings, or subassemblies on aircraft, using layout tools, hand tools, power tools, or fasteners, such as bolts, screws, rivets, or clamps.",,"Read blueprints, illustrations, or specifications to determine layouts, sequences of operations, or identities or relationships of parts.",GPTs-are-GPTs human_labels on public_gpts_are_gpts_benchmark.csv,prayash-task-exposure-gpts-are-gpts-v1,Prayash common-occupation coverage — 800 occupations,923 occupations / 19265 tasks,true,true,Task-level benchmark category shares for product coverage. Not a probability that workers will lose jobs. Absence from this 800-row file does not mean the occupation is absent from the 923-occupation research model.
51-2041.00,Structural Metal Fabricators and Fitters,23,22,0,1,0.956522,0.000000,0.043478,"Verify conformance of workpieces to specifications, using squares, rulers, and measuring tapes.",,"Design and construct templates and fixtures, using hand tools.",GPTs-are-GPTs human_labels on public_gpts_are_gpts_benchmark.csv,prayash-task-exposure-gpts-are-gpts-v1,Prayash common-occupation coverage — 800 occupations,923 occupations / 19265 tasks,true,true,Task-level benchmark category shares for product coverage. Not a probability that workers will lose jobs. Absence from this 800-row file does not mean the occupation is absent from the 923-occupation research model.
51-3011.00,Bakers,18,15,2,1,0.833333,0.111111,0.055556,"Check products for quality, and identify damaged or expired goods.",Adapt the quantity of ingredients to match the amount of items to be baked.,Prepare or maintain inventory or production records.,GPTs-are-GPTs human_labels on public_gpts_are_gpts_benchmark.csv,prayash-task-exposure-gpts-are-gpts-v1,Prayash common-occupation coverage — 800 occupations,923 occupations / 19265 tasks,true,true,Task-level benchmark category shares for product coverage. Not a probability that workers will lose jobs. Absence from this 800-row file does not mean the occupation is absent from the 923-occupation research model.
51-3021.00,Butchers and Meat Cutters,12,11,0,1,0.916667,0.000000,0.083333,Prepare and place meat cuts and products in display counter to appear attractive and catch the shopper's eye.,,Record quantity of meat received and issued to cooks or keep records of meat sales.,GPTs-are-GPTs human_labels on public_gpts_are_gpts_benchmark.csv,prayash-task-exposure-gpts-are-gpts-v1,Prayash common-occupation coverage — 800 occupations,923 occupations / 19265 tasks,true,true,Task-level benchmark category shares for product coverage. Not a probability that workers will lose jobs. Absence from this 800-row file does not mean the occupation is absent from the 923-occupation research model.
51-3022.00,"Meat, Poultry, and Fish Cutters and Trimmers",13,13,0,0,1.000000,0.000000,0.000000,"Use knives, cleavers, meat saws, bandsaws, or other equipment to perform meat cutting and trimming.",,,GPTs-are-GPTs human_labels on public_gpts_are_gpts_benchmark.csv,prayash-task-exposure-gpts-are-gpts-v1,Prayash common-occupation coverage — 800 occupations,923 occupations / 19265 tasks,true,true,Task-level benchmark category shares for product coverage. Not a probability that workers will lose jobs. Absence from this 800-row file does not mean the occupation is absent from the 923-occupation research model.
51-3023.00,Slaughterers and Meat Packers,15,15,0,0,1.000000,0.000000,0.000000,"Remove bones, and cut meat into standard cuts in preparation for marketing.",,,GPTs-are-GPTs human_labels on public_gpts_are_gpts_benchmark.csv,prayash-task-exposure-gpts-are-gpts-v1,Prayash common-occupation coverage — 800 occupations,923 occupations / 19265 tasks,true,true,Task-level benchmark category shares for product coverage. Not a probability that workers will lose jobs. Absence from this 800-row file does not mean the occupation is absent from the 923-occupation research model.
51-3091.00,"Food and Tobacco Roasting, Baking, and Drying Machine Operators and Tenders",20,18,0,2,0.900000,0.000000,0.100000,"Observe, feel, taste, or otherwise examine products during and after processing to ensure conformance to standards.",,"Record production data, such as weight and amount of product processed, type of product, and time and temperature of processing.",GPTs-are-GPTs human_labels on public_gpts_are_gpts_benchmark.csv,prayash-task-exposure-gpts-are-gpts-v1,Prayash common-occupation coverage — 800 occupations,923 occupations / 19265 tasks,true,true,Task-level benchmark category shares for product coverage. Not a probability that workers will lose jobs. Absence from this 800-row file does not mean the occupation is absent from the 923-occupation research model.
51-3092.00,Food Batchmakers,25,21,3,1,0.840000,0.120000,0.040000,Clean and sterilize vats and factory processing areas.,"Determine mixing sequences, based on knowledge of temperature effects and of the solubility of specific ingredients.","Record production and test data for each food product batch, such as the ingredients used, temperature, test results, and time cycle.",GPTs-are-GPTs human_labels on public_gpts_are_gpts_benchmark.csv,prayash-task-exposure-gpts-are-gpts-v1,Prayash common-occupation coverage — 800 occupations,923 occupations / 19265 tasks,true,true,Task-level benchmark category shares for product coverage. Not a probability that workers will lose jobs. Absence from this 800-row file does not mean the occupation is absent from the 923-occupation research model.
51-3093.00,Food Cooking Machine Operators and Tenders,17,16,0,1,0.941176,0.000000,0.058824,"Clean, wash, and sterilize equipment and cooking area, using water hoses, cleaning or sterilizing solutions, or rinses.",,"Record production and test data, such as processing steps, temperature and steam readings, cooking time, batches processed, and test results.",GPTs-are-GPTs human_labels on public_gpts_are_gpts_benchmark.csv,prayash-task-exposure-gpts-are-gpts-v1,Prayash common-occupation coverage — 800 occupations,923 occupations / 19265 tasks,true,true,Task-level benchmark category shares for product coverage. Not a probability that workers will lose jobs. Absence from this 800-row file does not mean the occupation is absent from the 923-occupation research model.
51-4021.00,"Extruding and Drawing Machine Setters, Operators, and Tenders, Metal and Plastic",16,14,1,1,0.875000,0.062500,0.062500,"Measure and examine extruded products to locate defects and to check for conformance to specifications, adjusting controls as necessary to alter products.","Select nozzles, spacers, and wire guides, according to diameters and lengths of rods.","Determine setup procedures and select machine dies and parts, according to specifications.",GPTs-are-GPTs human_labels on public_gpts_are_gpts_benchmark.csv,prayash-task-exposure-gpts-are-gpts-v1,Prayash common-occupation coverage — 800 occupations,923 occupations / 19265 tasks,true,true,Task-level benchmark category shares for product coverage. Not a probability that workers will lose jobs. Absence from this 800-row file does not mean the occupation is absent from the 923-occupation research model.
51-4023.00,"Rolling Machine Setters, Operators, and Tenders, Metal and Plastic",19,16,0,3,0.842105,0.000000,0.157895,Monitor machine cycles and mill operation to detect jamming and to ensure that products conform to specifications.,,"Signal and assist other workers to remove and position equipment, fill hoppers, and feed materials into machines.",GPTs-are-GPTs human_labels on public_gpts_are_gpts_benchmark.csv,prayash-task-exposure-gpts-are-gpts-v1,Prayash common-occupation coverage — 800 occupations,923 occupations / 19265 tasks,true,true,Task-level benchmark category shares for product coverage. Not a probability that workers will lose jobs. Absence from this 800-row file does not mean the occupation is absent from the 923-occupation research model.
51-4031.00,"Cutting, Punching, and Press Machine Setters, Operators, and Tenders, Metal and Plastic",32,31,0,1,0.968750,0.000000,0.031250,"Examine completed workpieces for defects, such as chipped edges or marred surfaces and sort defective pieces according to types of flaws.",,"Plan sequences of operations, applying knowledge of physical properties of workpiece materials.",GPTs-are-GPTs human_labels on public_gpts_are_gpts_benchmark.csv,prayash-task-exposure-gpts-are-gpts-v1,Prayash common-occupation coverage — 800 occupations,923 occupations / 19265 tasks,true,true,Task-level benchmark category shares for product coverage. Not a probability that workers will lose jobs. Absence from this 800-row file does not mean the occupation is absent from the 923-occupation research model.
51-4033.00,"Grinding, Lapping, Polishing, and Buffing Machine Tool Setters, Operators, and Tenders, Metal and Plastic",18,16,0,2,0.888889,0.000000,0.111111,"Inspect or measure finished workpieces to determine conformance to specifications, using measuring instruments, such as gauges or micrometers.",,"Select machine tooling to be used, using knowledge of machine and production requirements.",GPTs-are-GPTs human_labels on public_gpts_are_gpts_benchmark.csv,prayash-task-exposure-gpts-are-gpts-v1,Prayash common-occupation coverage — 800 occupations,923 occupations / 19265 tasks,true,true,Task-level benchmark category shares for product coverage. Not a probability that workers will lose jobs. Absence from this 800-row file does not mean the occupation is absent from the 923-occupation research model.
51-4034.00,"Lathe and Turning Machine Tool Setters, Operators, and Tenders, Metal and Plastic",16,15,0,1,0.937500,0.000000,0.062500,Adjust machine controls and change tool settings to keep dimensions within specified tolerances.,,"Select cutting tools and tooling instructions, according to written specifications or knowledge of metal properties and shop mathematics.",GPTs-are-GPTs human_labels on public_gpts_are_gpts_benchmark.csv,prayash-task-exposure-gpts-are-gpts-v1,Prayash common-occupation coverage — 800 occupations,923 occupations / 19265 tasks,true,true,Task-level benchmark category shares for product coverage. Not a probability that workers will lose jobs. Absence from this 800-row file does not mean the occupation is absent from the 923-occupation research model.
51-4041.00,Machinists,29,21,0,8,0.724138,0.000000,0.275862,"Calculate dimensions or tolerances, using instruments, such as micrometers or vernier calipers.",,"Program computers or electronic instruments, such as numerically controlled machine tools.",GPTs-are-GPTs human_labels on public_gpts_are_gpts_benchmark.csv,prayash-task-exposure-gpts-are-gpts-v1,Prayash common-occupation coverage — 800 occupations,923 occupations / 19265 tasks,true,true,Task-level benchmark category shares for product coverage. Not a probability that workers will lose jobs. Absence from this 800-row file does not mean the occupation is absent from the 923-occupation research model.
51-4072.00,"Molding, Coremaking, and Casting Machine Setters, Operators, and Tenders, Metal and Plastic",33,30,0,3,0.909091,0.000000,0.090909,"Measure and visually inspect products for surface and dimension defects to ensure conformance to specifications, using precision measuring instruments.",,"Select and install blades, tools, or other attachments for each operation.",GPTs-are-GPTs human_labels on public_gpts_are_gpts_benchmark.csv,prayash-task-exposure-gpts-are-gpts-v1,Prayash common-occupation coverage — 800 occupations,923 occupations / 19265 tasks,true,true,Task-level benchmark category shares for product coverage. Not a probability that workers will lose jobs. Absence from this 800-row file does not mean the occupation is absent from the 923-occupation research model.
51-4081.00,"Multiple Machine Tool Setters, Operators, and Tenders, Metal and Plastic",21,17,2,2,0.809524,0.095238,0.095238,"Inspect workpieces for defects, and measure workpieces to determine accuracy of machine operation, using rules, templates, or other measuring instruments.","Compute data, such as gear dimensions or machine settings, applying knowledge of shop mathematics.",Select the proper coolants and lubricants and start their flow.,GPTs-are-GPTs human_labels on public_gpts_are_gpts_benchmark.csv,prayash-task-exposure-gpts-are-gpts-v1,Prayash common-occupation coverage — 800 occupations,923 occupations / 19265 tasks,true,true,Task-level benchmark category shares for product coverage. Not a probability that workers will lose jobs. Absence from this 800-row file does not mean the occupation is absent from the 923-occupation research model.
51-4111.00,Tool and Die Makers,17,13,0,4,0.764706,0.000000,0.235294,"Verify dimensions, alignments, and clearances of finished parts for conformance to specifications, using measuring instruments such as calipers, gauge blocks, micrometers, or dial indicators.",,"Set up and operate conventional or computer numerically controlled machine tools such as lathes, milling machines, or grinders to cut, bore, grind, or otherwise shape parts to prescribed dimensions and finishes.",GPTs-are-GPTs human_labels on public_gpts_are_gpts_benchmark.csv,prayash-task-exposure-gpts-are-gpts-v1,Prayash common-occupation coverage — 800 occupations,923 occupations / 19265 tasks,true,true,Task-level benchmark category shares for product coverage. Not a probability that workers will lose jobs. Absence from this 800-row file does not mean the occupation is absent from the 923-occupation research model.
51-4121.00,"Welders, Cutters, Solderers, and Brazers",30,28,0,2,0.933333,0.000000,0.066667,Operate safety equipment and use safe work habits.,,"Select and install torches, torch tips, filler rods, and flux, according to welding chart specifications or types and thicknesses of metals.",GPTs-are-GPTs human_labels on public_gpts_are_gpts_benchmark.csv,prayash-task-exposure-gpts-are-gpts-v1,Prayash common-occupation coverage — 800 occupations,923 occupations / 19265 tasks,true,true,Task-level benchmark category shares for product coverage. Not a probability that workers will lose jobs. Absence from this 800-row file does not mean the occupation is absent from the 923-occupation research model.
51-4122.00,"Welding, Soldering, and Brazing Machine Setters, Operators, and Tenders",29,24,0,5,0.827586,0.000000,0.172414,"Inspect, measure, or test completed metal workpieces to ensure conformance to specifications, using measuring and testing devices.",,Turn and press knobs and buttons or enter operating instructions into computers to adjust and start welding machines.,GPTs-are-GPTs human_labels on public_gpts_are_gpts_benchmark.csv,prayash-task-exposure-gpts-are-gpts-v1,Prayash common-occupation coverage — 800 occupations,923 occupations / 19265 tasks,true,true,Task-level benchmark category shares for product coverage. Not a probability that workers will lose jobs. Absence from this 800-row file does not mean the occupation is absent from the 923-occupation research model.
51-4191.00,"Heat Treating Equipment Setters, Operators, and Tenders, Metal and Plastic",26,23,0,3,0.884615,0.000000,0.115385,"Read production schedules and work orders to determine processing sequences, furnace temperatures, and heat cycle requirements for objects to be heat-treated.",,Record times that parts are removed from furnaces to document that objects have attained specified temperatures for specified times.,GPTs-are-GPTs human_labels on public_gpts_are_gpts_benchmark.csv,prayash-task-exposure-gpts-are-gpts-v1,Prayash common-occupation coverage — 800 occupations,923 occupations / 19265 tasks,true,true,Task-level benchmark category shares for product coverage. Not a probability that workers will lose jobs. Absence from this 800-row file does not mean the occupation is absent from the 923-occupation research model.
51-4193.00,"Plating Machine Setters, Operators, and Tenders, Metal and Plastic",38,35,0,3,0.921053,0.000000,0.078947,Immerse workpieces in coating solutions or liquid metal or plastic for specified times.,,Maintain production records.,GPTs-are-GPTs human_labels on public_gpts_are_gpts_benchmark.csv,prayash-task-exposure-gpts-are-gpts-v1,Prayash common-occupation coverage — 800 occupations,923 occupations / 19265 tasks,true,true,Task-level benchmark category shares for product coverage. Not a probability that workers will lose jobs. Absence from this 800-row file does not mean the occupation is absent from the 923-occupation research model.
51-4194.00,"Tool Grinders, Filers, and Sharpeners",18,18,0,0,1.000000,0.000000,0.000000,"Monitor machine operations to determine whether adjustments are necessary, stopping machines when problems occur.",,,GPTs-are-GPTs human_labels on public_gpts_are_gpts_benchmark.csv,prayash-task-exposure-gpts-are-gpts-v1,Prayash common-occupation coverage — 800 occupations,923 occupations / 19265 tasks,true,true,Task-level benchmark category shares for product coverage. Not a probability that workers will lose jobs. Absence from this 800-row file does not mean the occupation is absent from the 923-occupation research model.
51-5112.00,Printing Press Operators,23,16,0,7,0.695652,0.000000,0.304348,"Start presses and pull proofs to check for ink coverage and density, alignment, and registration.",,"Examine job orders to determine quantities to be printed, stock specifications, colors, or special printing instructions.",GPTs-are-GPTs human_labels on public_gpts_are_gpts_benchmark.csv,prayash-task-exposure-gpts-are-gpts-v1,Prayash common-occupation coverage — 800 occupations,923 occupations / 19265 tasks,true,true,Task-level benchmark category shares for product coverage. Not a probability that workers will lose jobs. Absence from this 800-row file does not mean the occupation is absent from the 923-occupation research model.
51-5113.00,Print Binding and Finishing Workers,26,23,0,3,0.884615,0.000000,0.115385,"Examine stitched, collated, bound, or unbound product samples for defects, such as imperfect bindings, ink spots, torn pages, loose pages, or loose or uncut threads.",,Read work orders to determine instructions and specifications for machine set-up.,GPTs-are-GPTs human_labels on public_gpts_are_gpts_benchmark.csv,prayash-task-exposure-gpts-are-gpts-v1,Prayash common-occupation coverage — 800 occupations,923 occupations / 19265 tasks,true,true,Task-level benchmark category shares for product coverage. Not a probability that workers will lose jobs. Absence from this 800-row file does not mean the occupation is absent from the 923-occupation research model.
51-6011.00,Laundry and Dry-Cleaning Workers,32,29,0,3,0.906250,0.000000,0.093750,"Load articles into washers or dry-cleaning machines, or direct other workers to perform loading.",,"Receive and mark articles for laundry or dry cleaning with identifying code numbers or names, using hand or machine markers.",GPTs-are-GPTs human_labels on public_gpts_are_gpts_benchmark.csv,prayash-task-exposure-gpts-are-gpts-v1,Prayash common-occupation coverage — 800 occupations,923 occupations / 19265 tasks,true,true,Task-level benchmark category shares for product coverage. Not a probability that workers will lose jobs. Absence from this 800-row file does not mean the occupation is absent from the 923-occupation research model.
51-6021.00,"Pressers, Textile, Garment, and Related Materials",28,27,0,1,0.964286,0.000000,0.035714,"Hang, fold, package, and tag finished articles for delivery to customers.",,"Select appropriate pressing machines, based on garment properties such as heat tolerance.",GPTs-are-GPTs human_labels on public_gpts_are_gpts_benchmark.csv,prayash-task-exposure-gpts-are-gpts-v1,Prayash common-occupation coverage — 800 occupations,923 occupations / 19265 tasks,true,true,Task-level benchmark category shares for product coverage. Not a probability that workers will lose jobs. Absence from this 800-row file does not mean the occupation is absent from the 923-occupation research model.
51-6031.00,Sewing Machine Operators,26,25,0,1,0.961538,0.000000,0.038462,"Monitor machine operation to detect problems such as defective stitching, breaks in thread, or machine malfunctions.",,Record quantities of materials processed.,GPTs-are-GPTs human_labels on public_gpts_are_gpts_benchmark.csv,prayash-task-exposure-gpts-are-gpts-v1,Prayash common-occupation coverage — 800 occupations,923 occupations / 19265 tasks,true,true,Task-level benchmark category shares for product coverage. Not a probability that workers will lose jobs. Absence from this 800-row file does not mean the occupation is absent from the 923-occupation research model.
51-6041.00,Shoe and Leather Workers and Repairers,27,23,0,4,0.851852,0.000000,0.148148,"Dye, soak, polish, paint, stamp, stitch, stain, buff, or engrave leather or other materials to obtain desired effects, decorations, or shapes.",,"Estimate the costs of requested products or services such as custom footwear or footwear repair, and receive payment from customers.",GPTs-are-GPTs human_labels on public_gpts_are_gpts_benchmark.csv,prayash-task-exposure-gpts-are-gpts-v1,Prayash common-occupation coverage — 800 occupations,923 occupations / 19265 tasks,true,true,Task-level benchmark category shares for product coverage. Not a probability that workers will lose jobs. Absence from this 800-row file does not mean the occupation is absent from the 923-occupation research model.
51-6042.00,Shoe Machine Operators and Tenders,19,18,0,1,0.947368,0.000000,0.052632,"Study work orders or shoe part tags to obtain information about workloads, specifications, and the types of materials to be used.",,"Select and place spools of thread or pre-wound bobbins into shuttles, or onto spindles or loupers of stitching machines.",GPTs-are-GPTs human_labels on public_gpts_are_gpts_benchmark.csv,prayash-task-exposure-gpts-are-gpts-v1,Prayash common-occupation coverage — 800 occupations,923 occupations / 19265 tasks,true,true,Task-level benchmark category shares for product coverage. Not a probability that workers will lose jobs. Absence from this 800-row file does not mean the occupation is absent from the 923-occupation research model.
51-6052.00,"Tailors, Dressmakers, and Custom Sewers",22,19,0,3,0.863636,0.000000,0.136364,"Measure parts, such as sleeves or pant legs, and mark or pin-fold alteration lines.",,"Measure customers, using tape measures, and record measurements.",GPTs-are-GPTs human_labels on public_gpts_are_gpts_benchmark.csv,prayash-task-exposure-gpts-are-gpts-v1,Prayash common-occupation coverage — 800 occupations,923 occupations / 19265 tasks,true,true,Task-level benchmark category shares for product coverage. Not a probability that workers will lose jobs. Absence from this 800-row file does not mean the occupation is absent from the 923-occupation research model.
51-6061.00,Textile Bleaching and Dyeing Machine Operators and Tenders,24,19,0,5,0.791667,0.000000,0.208333,"Add dyes, water, detergents, or chemicals to tanks to dilute or strengthen solutions, according to established formulas and solution test results.",,Notify supervisors or mechanics of equipment malfunctions.,GPTs-are-GPTs human_labels on public_gpts_are_gpts_benchmark.csv,prayash-task-exposure-gpts-are-gpts-v1,Prayash common-occupation coverage — 800 occupations,923 occupations / 19265 tasks,true,true,Task-level benchmark category shares for product coverage. Not a probability that workers will lose jobs. Absence from this 800-row file does not mean the occupation is absent from the 923-occupation research model.
51-6062.00,"Textile Cutting Machine Setters, Operators, and Tenders",18,13,0,5,0.722222,0.000000,0.277778,Inspect products to ensure that the quality standards and specifications are met.,,Record information about work completed and machine settings.,GPTs-are-GPTs human_labels on public_gpts_are_gpts_benchmark.csv,prayash-task-exposure-gpts-are-gpts-v1,Prayash common-occupation coverage — 800 occupations,923 occupations / 19265 tasks,true,true,Task-level benchmark category shares for product coverage. Not a probability that workers will lose jobs. Absence from this 800-row file does not mean the occupation is absent from the 923-occupation research model.
51-6063.00,"Textile Knitting and Weaving Machine Setters, Operators, and Tenders",20,15,0,5,0.750000,0.000000,0.250000,Remove defects in cloth by cutting and pulling out filling.,,Notify supervisors or repair staff of mechanical malfunctions.,GPTs-are-GPTs human_labels on public_gpts_are_gpts_benchmark.csv,prayash-task-exposure-gpts-are-gpts-v1,Prayash common-occupation coverage — 800 occupations,923 occupations / 19265 tasks,true,true,Task-level benchmark category shares for product coverage. Not a probability that workers will lose jobs. Absence from this 800-row file does not mean the occupation is absent from the 923-occupation research model.
51-6064.00,"Textile Winding, Twisting, and Drawing Out Machine Setters, Operators, and Tenders",24,21,0,3,0.875000,0.000000,0.125000,"Thread yarn, thread, or fabric through guides, needles, and rollers of machines.",,Notify supervisors or mechanics of equipment malfunctions.,GPTs-are-GPTs human_labels on public_gpts_are_gpts_benchmark.csv,prayash-task-exposure-gpts-are-gpts-v1,Prayash common-occupation coverage — 800 occupations,923 occupations / 19265 tasks,true,true,Task-level benchmark category shares for product coverage. Not a probability that workers will lose jobs. Absence from this 800-row file does not mean the occupation is absent from the 923-occupation research model.
51-6091.00,"Extruding and Forming Machine Setters, Operators, and Tenders, Synthetic and Glass Fibers",21,18,0,3,0.857143,0.000000,0.142857,"Set up, operate, or tend machines that extrude and form filaments from synthetic materials such as rayon, fiberglass, or liquid polymers.",,"Notify other workers of defects, and direct them to adjust extruding and forming machines.",GPTs-are-GPTs human_labels on public_gpts_are_gpts_benchmark.csv,prayash-task-exposure-gpts-are-gpts-v1,Prayash common-occupation coverage — 800 occupations,923 occupations / 19265 tasks,true,true,Task-level benchmark category shares for product coverage. Not a probability that workers will lose jobs. Absence from this 800-row file does not mean the occupation is absent from the 923-occupation research model.
51-6093.00,Upholsterers,22,17,1,4,0.772727,0.045455,0.181818,"Fit, install, and secure material on frames, using hand tools, power tools, glue, cement, or staples.","Draw cutting lines on material following patterns, templates, sketches, or blueprints, using chalk, pencils, paint, or other methods.","Design upholstery cover patterns and cutting plans, based on sketches, customer descriptions, or blueprints.",GPTs-are-GPTs human_labels on public_gpts_are_gpts_benchmark.csv,prayash-task-exposure-gpts-are-gpts-v1,Prayash common-occupation coverage — 800 occupations,923 occupations / 19265 tasks,true,true,Task-level benchmark category shares for product coverage. Not a probability that workers will lose jobs. Absence from this 800-row file does not mean the occupation is absent from the 923-occupation research model.
51-7011.00,Cabinetmakers and Bench Carpenters,20,17,0,3,0.850000,0.000000,0.150000,Verify dimensions or check the quality or fit of pieces to ensure adherence to specifications.,,"Estimate the amounts, types, or costs of needed materials.",GPTs-are-GPTs human_labels on public_gpts_are_gpts_benchmark.csv,prayash-task-exposure-gpts-are-gpts-v1,Prayash common-occupation coverage — 800 occupations,923 occupations / 19265 tasks,true,true,Task-level benchmark category shares for product coverage. Not a probability that workers will lose jobs. Absence from this 800-row file does not mean the occupation is absent from the 923-occupation research model.
51-7021.00,Furniture Finishers,22,18,0,4,0.818182,0.000000,0.181818,"Brush, spray, or hand-rub finishing ingredients, such as paint, oil, stain, or wax, onto and into wood grain and apply lacquer or other sealers.",,"Select appropriate finishing ingredients such as paint, stain, lacquer, shellac, or varnish, depending on factors such as wood hardness and surface type.",GPTs-are-GPTs human_labels on public_gpts_are_gpts_benchmark.csv,prayash-task-exposure-gpts-are-gpts-v1,Prayash common-occupation coverage — 800 occupations,923 occupations / 19265 tasks,true,true,Task-level benchmark category shares for product coverage. Not a probability that workers will lose jobs. Absence from this 800-row file does not mean the occupation is absent from the 923-occupation research model.
51-7032.00,"Patternmakers, Wood",20,12,3,5,0.600000,0.150000,0.250000,"Fit, fasten, and assemble wood parts together to form patterns, models, or sections, using glue, nails, dowels, bolts, and screws.",Estimate costs for patternmaking jobs.,"Read blueprints, drawings, or written specifications to determine sizes and shapes of patterns and required machine setups.",GPTs-are-GPTs human_labels on public_gpts_are_gpts_benchmark.csv,prayash-task-exposure-gpts-are-gpts-v1,Prayash common-occupation coverage — 800 occupations,923 occupations / 19265 tasks,true,true,Task-level benchmark category shares for product coverage. Not a probability that workers will lose jobs. Absence from this 800-row file does not mean the occupation is absent from the 923-occupation research model.
51-7041.00,"Sawing Machine Setters, Operators, and Tenders, Wood",24,23,0,1,0.958333,0.000000,0.041667,"Inspect and measure workpieces to mark for cuts and to verify the accuracy of cuts, using rulers, squares, or caliper rules.",,"Select saw blades, types or grades of stock, or cutting procedures to be used, according to work orders or supervisors' instructions.",GPTs-are-GPTs human_labels on public_gpts_are_gpts_benchmark.csv,prayash-task-exposure-gpts-are-gpts-v1,Prayash common-occupation coverage — 800 occupations,923 occupations / 19265 tasks,true,true,Task-level benchmark category shares for product coverage. Not a probability that workers will lose jobs. Absence from this 800-row file does not mean the occupation is absent from the 923-occupation research model.
51-7042.00,"Woodworking Machine Setters, Operators, and Tenders, Except Sawing",26,24,0,2,0.923077,0.000000,0.076923,"Set up, program, operate, or tend computerized or manual woodworking machines, such as drill presses, lathes, shapers, routers, sanders, planers, or wood-nailing machines.",,"Determine product specifications and materials, work methods, and machine setup requirements, according to blueprints, oral or written instructions, drawings, or work orders.",GPTs-are-GPTs human_labels on public_gpts_are_gpts_benchmark.csv,prayash-task-exposure-gpts-are-gpts-v1,Prayash common-occupation coverage — 800 occupations,923 occupations / 19265 tasks,true,true,Task-level benchmark category shares for product coverage. Not a probability that workers will lose jobs. Absence from this 800-row file does not mean the occupation is absent from the 923-occupation research model.
51-8011.00,Nuclear Power Reactor Operators,20,16,0,4,0.800000,0.000000,0.200000,Operate nuclear power reactors in accordance with policies and procedures to protect workers from radiation and to ensure environmental safety.,,"Develop or implement actions such as lockouts, tagouts, or clearances to allow equipment to be safely repaired.",GPTs-are-GPTs human_labels on public_gpts_are_gpts_benchmark.csv,prayash-task-exposure-gpts-are-gpts-v1,Prayash common-occupation coverage — 800 occupations,923 occupations / 19265 tasks,true,true,Task-level benchmark category shares for product coverage. Not a probability that workers will lose jobs. Absence from this 800-row file does not mean the occupation is absent from the 923-occupation research model.
51-8013.00,Power Plant Operators,30,23,0,7,0.766667,0.000000,0.233333,Adjust controls to generate specified electrical power or to regulate the flow of power between generating stations and substations.,,Communicate with systems operators to regulate and coordinate line voltages and transmission loads and frequencies.,GPTs-are-GPTs human_labels on public_gpts_are_gpts_benchmark.csv,prayash-task-exposure-gpts-are-gpts-v1,Prayash common-occupation coverage — 800 occupations,923 occupations / 19265 tasks,true,true,Task-level benchmark category shares for product coverage. Not a probability that workers will lose jobs. Absence from this 800-row file does not mean the occupation is absent from the 923-occupation research model.
51-8013.03,Biomass Plant Technicians,18,15,0,3,0.833333,0.000000,0.166667,Operate biomass fuel-burning boiler or biomass fuel gasification system equipment in accordance with specifications or instructions.,,"Inspect biomass power plant or processing equipment, recording or reporting damage and mechanical problems.",GPTs-are-GPTs human_labels on public_gpts_are_gpts_benchmark.csv,prayash-task-exposure-gpts-are-gpts-v1,Prayash common-occupation coverage — 800 occupations,923 occupations / 19265 tasks,true,true,Task-level benchmark category shares for product coverage. Not a probability that workers will lose jobs. Absence from this 800-row file does not mean the occupation is absent from the 923-occupation research model.
51-8013.04,Hydroelectric Plant Technicians,21,18,0,3,0.857143,0.000000,0.142857,Operate high voltage switches or related devices in hydropower stations.,,Communicate status of hydroelectric operating equipment to dispatchers or supervisors.,GPTs-are-GPTs human_labels on public_gpts_are_gpts_benchmark.csv,prayash-task-exposure-gpts-are-gpts-v1,Prayash common-occupation coverage — 800 occupations,923 occupations / 19265 tasks,true,true,Task-level benchmark category shares for product coverage. Not a probability that workers will lose jobs. Absence from this 800-row file does not mean the occupation is absent from the 923-occupation research model.
51-8021.00,Stationary Engineers and Boiler Operators,25,20,0,5,0.800000,0.000000,0.200000,"Monitor and inspect equipment, computer terminals, switches, valves, gauges, alarms, safety devices, and meters to detect leaks or malfunctions and to ensure that equipment is operating efficiently and safely.",,Analyze problems and take appropriate action to ensure continuous and reliable operation of equipment and systems.,GPTs-are-GPTs human_labels on public_gpts_are_gpts_benchmark.csv,prayash-task-exposure-gpts-are-gpts-v1,Prayash common-occupation coverage — 800 occupations,923 occupations / 19265 tasks,true,true,Task-level benchmark category shares for product coverage. Not a probability that workers will lose jobs. Absence from this 800-row file does not mean the occupation is absent from the 923-occupation research model.
51-8031.00,Water and Wastewater Treatment Plant and System Operators,8,6,0,2,0.750000,0.000000,0.250000,"Add chemicals, such as ammonia, chlorine, or lime, to disinfect and deodorize water and other liquids.",,"Record operational data, personnel attendance, or meter and gauge readings on specified forms.",GPTs-are-GPTs human_labels on public_gpts_are_gpts_benchmark.csv,prayash-task-exposure-gpts-are-gpts-v1,Prayash common-occupation coverage — 800 occupations,923 occupations / 19265 tasks,true,true,Task-level benchmark category shares for product coverage. Not a probability that workers will lose jobs. Absence from this 800-row file does not mean the occupation is absent from the 923-occupation research model.
51-8091.00,Chemical Plant and System Operators,19,15,2,2,0.789474,0.105263,0.105263,"Monitor recording instruments, flowmeters, panel lights, or other indicators and listen for warning signals to verify conformity of process conditions.",Interpret chemical reactions visible through sight glasses or on television monitors and review laboratory test reports for process adjustments.,"Record operating data, such as process conditions, test results, or instrument readings.",GPTs-are-GPTs human_labels on public_gpts_are_gpts_benchmark.csv,prayash-task-exposure-gpts-are-gpts-v1,Prayash common-occupation coverage — 800 occupations,923 occupations / 19265 tasks,true,true,Task-level benchmark category shares for product coverage. Not a probability that workers will lose jobs. Absence from this 800-row file does not mean the occupation is absent from the 923-occupation research model.
51-8092.00,Gas Plant Operators,19,16,0,3,0.842105,0.000000,0.157895,Monitor transportation and storage of flammable and other potentially dangerous products to ensure that safety guidelines are followed.,,"Record, review, and compile operations records, test results, and gauge readings such as temperatures, pressures, concentrations, and flows.",GPTs-are-GPTs human_labels on public_gpts_are_gpts_benchmark.csv,prayash-task-exposure-gpts-are-gpts-v1,Prayash common-occupation coverage — 800 occupations,923 occupations / 19265 tasks,true,true,Task-level benchmark category shares for product coverage. Not a probability that workers will lose jobs. Absence from this 800-row file does not mean the occupation is absent from the 923-occupation research model.
51-8093.00,"Petroleum Pump System Operators, Refinery Operators, and Gaugers",24,16,1,7,0.666667,0.041667,0.291667,"Monitor process indicators, instruments, gauges, and meters to detect and report any possible problems.","Calculate test result values, using standard formulas.","Signal other workers by telephone or radio to operate pumps, open and close valves, and check temperatures.",GPTs-are-GPTs human_labels on public_gpts_are_gpts_benchmark.csv,prayash-task-exposure-gpts-are-gpts-v1,Prayash common-occupation coverage — 800 occupations,923 occupations / 19265 tasks,true,true,Task-level benchmark category shares for product coverage. Not a probability that workers will lose jobs. Absence from this 800-row file does not mean the occupation is absent from the 923-occupation research model.
51-8099.01,Biofuels Processing Technicians,19,16,0,3,0.842105,0.000000,0.157895,"Monitor batch, continuous flow, or hybrid biofuels production processes.",,Monitor and record biofuels processing data.,GPTs-are-GPTs human_labels on public_gpts_are_gpts_benchmark.csv,prayash-task-exposure-gpts-are-gpts-v1,Prayash common-occupation coverage — 800 occupations,923 occupations / 19265 tasks,true,true,Task-level benchmark category shares for product coverage. Not a probability that workers will lose jobs. Absence from this 800-row file does not mean the occupation is absent from the 923-occupation research model.
51-9011.00,Chemical Equipment Operators and Tenders,23,21,1,1,0.913043,0.043478,0.043478,Observe safety precautions to prevent fires or explosions.,Estimate materials required for production and manufacturing of products.,"Record operational data, such as temperatures, pressures, ingredients used, processing times, or test results.",GPTs-are-GPTs human_labels on public_gpts_are_gpts_benchmark.csv,prayash-task-exposure-gpts-are-gpts-v1,Prayash common-occupation coverage — 800 occupations,923 occupations / 19265 tasks,true,true,Task-level benchmark category shares for product coverage. Not a probability that workers will lose jobs. Absence from this 800-row file does not mean the occupation is absent from the 923-occupation research model.
51-9012.00,"Separating, Filtering, Clarifying, Precipitating, and Still Machine Setters, Operators, and Tenders",21,18,0,3,0.857143,0.000000,0.142857,"Dump, pour, or load specified amounts of refined or unrefined materials into equipment or containers for further processing or storage.",,"Examine samples to verify qualities such as clarity, cleanliness, consistency, dryness, or texture.",GPTs-are-GPTs human_labels on public_gpts_are_gpts_benchmark.csv,prayash-task-exposure-gpts-are-gpts-v1,Prayash common-occupation coverage — 800 occupations,923 occupations / 19265 tasks,true,true,Task-level benchmark category shares for product coverage. Not a probability that workers will lose jobs. Absence from this 800-row file does not mean the occupation is absent from the 923-occupation research model.
51-9021.00,"Crushing, Grinding, and Polishing Machine Setters, Operators, and Tenders",22,19,0,3,0.863636,0.000000,0.136364,"Observe operation of equipment to ensure continuity of flow, safety, and efficient operation, and to detect malfunctions.",,Read work orders to determine production specifications and information.,GPTs-are-GPTs human_labels on public_gpts_are_gpts_benchmark.csv,prayash-task-exposure-gpts-are-gpts-v1,Prayash common-occupation coverage — 800 occupations,923 occupations / 19265 tasks,true,true,Task-level benchmark category shares for product coverage. Not a probability that workers will lose jobs. Absence from this 800-row file does not mean the occupation is absent from the 923-occupation research model.
51-9022.00,"Grinding and Polishing Workers, Hand",20,18,0,2,0.900000,0.000000,0.100000,"Grind, sand, clean, or polish objects or parts to correct defects or to prepare surfaces for further finishing, using hand tools and power tools.",,"Mark defects, such as knotholes, cracks, and splits, for repair.",GPTs-are-GPTs human_labels on public_gpts_are_gpts_benchmark.csv,prayash-task-exposure-gpts-are-gpts-v1,Prayash common-occupation coverage — 800 occupations,923 occupations / 19265 tasks,true,true,Task-level benchmark category shares for product coverage. Not a probability that workers will lose jobs. Absence from this 800-row file does not mean the occupation is absent from the 923-occupation research model.
51-9023.00,"Mixing and Blending Machine Setters, Operators, and Tenders",19,17,1,1,0.894737,0.052632,0.052632,"Weigh or measure materials, ingredients, or products to ensure conformance to requirements.",Read work orders to determine production specifications or information.,Record operational or production data on specified forms.,GPTs-are-GPTs human_labels on public_gpts_are_gpts_benchmark.csv,prayash-task-exposure-gpts-are-gpts-v1,Prayash common-occupation coverage — 800 occupations,923 occupations / 19265 tasks,true,true,Task-level benchmark category shares for product coverage. Not a probability that workers will lose jobs. Absence from this 800-row file does not mean the occupation is absent from the 923-occupation research model.
51-9031.00,"Cutters and Trimmers, Hand",18,18,0,0,1.000000,0.000000,0.000000,"Mark or discard items with defects such as spots, stains, scars, snags, chips, scratches, or unacceptable shapes or finishes.",,,GPTs-are-GPTs human_labels on public_gpts_are_gpts_benchmark.csv,prayash-task-exposure-gpts-are-gpts-v1,Prayash common-occupation coverage — 800 occupations,923 occupations / 19265 tasks,true,true,Task-level benchmark category shares for product coverage. Not a probability that workers will lose jobs. Absence from this 800-row file does not mean the occupation is absent from the 923-occupation research model.
51-9032.00,"Cutting and Slicing Machine Setters, Operators, and Tenders",28,25,0,3,0.892857,0.000000,0.107143,"Set up, operate, or tend machines that cut or slice materials, such as glass, stone, cork, rubber, tobacco, food, paper, or insulating material.",,"Review work orders, blueprints, specifications, or job samples to determine components, settings, and adjustments for cutting and slicing machines.",GPTs-are-GPTs human_labels on public_gpts_are_gpts_benchmark.csv,prayash-task-exposure-gpts-are-gpts-v1,Prayash common-occupation coverage — 800 occupations,923 occupations / 19265 tasks,true,true,Task-level benchmark category shares for product coverage. Not a probability that workers will lose jobs. Absence from this 800-row file does not mean the occupation is absent from the 923-occupation research model.
51-9041.00,"Extruding, Forming, Pressing, and Compacting Machine Setters, Operators, and Tenders",28,24,1,3,0.857143,0.035714,0.107143,"Adjust machine components to regulate speeds, pressures, and temperatures, and amounts, dimensions, and flow of materials or ingredients.",Send product samples to laboratories for analysis.,"Record and maintain production data, such as meter readings, and quantities, types, and dimensions of materials produced.",GPTs-are-GPTs human_labels on public_gpts_are_gpts_benchmark.csv,prayash-task-exposure-gpts-are-gpts-v1,Prayash common-occupation coverage — 800 occupations,923 occupations / 19265 tasks,true,true,Task-level benchmark category shares for product coverage. Not a probability that workers will lose jobs. Absence from this 800-row file does not mean the occupation is absent from the 923-occupation research model.
51-9051.00,"Furnace, Kiln, Oven, Drier, and Kettle Operators and Tenders",18,17,0,1,0.944444,0.000000,0.055556,"Monitor equipment operation, gauges, and panel lights to detect deviations from standards.",,"Record gauge readings, test results, and shift production in log books.",GPTs-are-GPTs human_labels on public_gpts_are_gpts_benchmark.csv,prayash-task-exposure-gpts-are-gpts-v1,Prayash common-occupation coverage — 800 occupations,923 occupations / 19265 tasks,true,true,Task-level benchmark category shares for product coverage. Not a probability that workers will lose jobs. Absence from this 800-row file does not mean the occupation is absent from the 923-occupation research model.
51-9061.00,"Inspectors, Testers, Sorters, Samplers, and Weighers",32,22,2,8,0.687500,0.062500,0.250000,"Discard or reject products, materials, or equipment not meeting specifications.","Analyze test data, making computations as necessary, to determine test results.","Mark items with details, such as grade or acceptance-rejection status.",GPTs-are-GPTs human_labels on public_gpts_are_gpts_benchmark.csv,prayash-task-exposure-gpts-are-gpts-v1,Prayash common-occupation coverage — 800 occupations,923 occupations / 19265 tasks,true,true,Task-level benchmark category shares for product coverage. Not a probability that workers will lose jobs. Absence from this 800-row file does not mean the occupation is absent from the 923-occupation research model.
51-9071.00,Jewelers and Precious Stone and Metal Workers,30,24,1,5,0.800000,0.033333,0.166667,"Position stones and metal pieces, and set, mount, and secure items in place, using setting and hand tools.",Record the weights and processing times of finished pieces.,"Create jewelry from materials such as gold, silver, platinum, and precious or semiprecious stones.",GPTs-are-GPTs human_labels on public_gpts_are_gpts_benchmark.csv,prayash-task-exposure-gpts-are-gpts-v1,Prayash common-occupation coverage — 800 occupations,923 occupations / 19265 tasks,true,true,Task-level benchmark category shares for product coverage. Not a probability that workers will lose jobs. Absence from this 800-row file does not mean the occupation is absent from the 923-occupation research model.
51-9071.06,Gem and Diamond Workers,22,17,0,5,0.772727,0.000000,0.227273,"Assign polish, symmetry, and clarity grades to stones, according to established grading systems.",,"Examine gems during processing to ensure accuracy of angles and positions of cuts or bores, using magnifying glasses, loupes, or shadowgraphs.",GPTs-are-GPTs human_labels on public_gpts_are_gpts_benchmark.csv,prayash-task-exposure-gpts-are-gpts-v1,Prayash common-occupation coverage — 800 occupations,923 occupations / 19265 tasks,true,true,Task-level benchmark category shares for product coverage. Not a probability that workers will lose jobs. Absence from this 800-row file does not mean the occupation is absent from the 923-occupation research model.
51-9081.00,Dental Laboratory Technicians,17,16,0,1,0.941176,0.000000,0.058824,Read prescriptions or specifications and examine models or impressions to determine the design of dental products to be constructed.,,Place tooth models on an apparatus that mimics bite and movement of patient's jaw to evaluate functionality of model.,GPTs-are-GPTs human_labels on public_gpts_are_gpts_benchmark.csv,prayash-task-exposure-gpts-are-gpts-v1,Prayash common-occupation coverage — 800 occupations,923 occupations / 19265 tasks,true,true,Task-level benchmark category shares for product coverage. Not a probability that workers will lose jobs. Absence from this 800-row file does not mean the occupation is absent from the 923-occupation research model.
51-9083.00,Ophthalmic Laboratory Technicians,18,16,0,2,0.888889,0.000000,0.111111,"Mount and secure lens blanks or optical lenses in holding tools or chucks of cutting, polishing, grinding, or coating machines.",,"Examine prescriptions, work orders, or broken or used eyeglasses to determine specifications for lenses, contact lenses, or other optical elements.",GPTs-are-GPTs human_labels on public_gpts_are_gpts_benchmark.csv,prayash-task-exposure-gpts-are-gpts-v1,Prayash common-occupation coverage — 800 occupations,923 occupations / 19265 tasks,true,true,Task-level benchmark category shares for product coverage. Not a probability that workers will lose jobs. Absence from this 800-row file does not mean the occupation is absent from the 923-occupation research model.
51-9111.00,Packaging and Filling Machine Operators and Tenders,20,17,0,3,0.850000,0.000000,0.150000,"Sort, grade, weigh, and inspect products, verifying and adjusting product weight or measurement to meet specifications.",,"Attach identification labels to finished packaged items, or cut stencils and stencil information on containers, such as lot numbers or shipping destinations.",GPTs-are-GPTs human_labels on public_gpts_are_gpts_benchmark.csv,prayash-task-exposure-gpts-are-gpts-v1,Prayash common-occupation coverage — 800 occupations,923 occupations / 19265 tasks,true,true,Task-level benchmark category shares for product coverage. Not a probability that workers will lose jobs. Absence from this 800-row file does not mean the occupation is absent from the 923-occupation research model.
51-9124.00,"Coating, Painting, and Spraying Machine Setters, Operators, and Tenders",30,29,0,1,0.966667,0.000000,0.033333,Dispose of hazardous waste in an appropriate manner.,,Record operational data on specified forms.,GPTs-are-GPTs human_labels on public_gpts_are_gpts_benchmark.csv,prayash-task-exposure-gpts-are-gpts-v1,Prayash common-occupation coverage — 800 occupations,923 occupations / 19265 tasks,true,true,Task-level benchmark category shares for product coverage. Not a probability that workers will lose jobs. Absence from this 800-row file does not mean the occupation is absent from the 923-occupation research model.
51-9141.00,Semiconductor Processing Technicians,24,22,1,1,0.916667,0.041667,0.041667,"Manipulate valves, switches, and buttons, or key commands into control panels to start semiconductor processing cycles.",Calculate etching time based on thickness of material to be removed from wafers or crystals.,"Maintain processing, production, and inspection information and reports.",GPTs-are-GPTs human_labels on public_gpts_are_gpts_benchmark.csv,prayash-task-exposure-gpts-are-gpts-v1,Prayash common-occupation coverage — 800 occupations,923 occupations / 19265 tasks,true,true,Task-level benchmark category shares for product coverage. Not a probability that workers will lose jobs. Absence from this 800-row file does not mean the occupation is absent from the 923-occupation research model.
51-9151.00,Photographic Process Workers and Processing Machine Operators,32,22,0,10,0.687500,0.000000,0.312500,"Set or adjust machine controls, according to specifications, type of operation, or material requirements.",,"Select digital images for printing, specify number of images to be printed, and direct to printer, using computer software.",GPTs-are-GPTs human_labels on public_gpts_are_gpts_benchmark.csv,prayash-task-exposure-gpts-are-gpts-v1,Prayash common-occupation coverage — 800 occupations,923 occupations / 19265 tasks,true,true,Task-level benchmark category shares for product coverage. Not a probability that workers will lose jobs. Absence from this 800-row file does not mean the occupation is absent from the 923-occupation research model.
51-9161.00,Computer Numerically Controlled Tool Operators,27,17,0,10,0.629630,0.000000,0.370370,"Measure dimensions of finished workpieces to ensure conformance to specifications, using precision measuring instruments, templates, and fixtures.",,"Transfer commands from servers to computer numerical control (CNC) modules, using computer network links.",GPTs-are-GPTs human_labels on public_gpts_are_gpts_benchmark.csv,prayash-task-exposure-gpts-are-gpts-v1,Prayash common-occupation coverage — 800 occupations,923 occupations / 19265 tasks,true,true,Task-level benchmark category shares for product coverage. Not a probability that workers will lose jobs. Absence from this 800-row file does not mean the occupation is absent from the 923-occupation research model.
51-9193.00,Cooling and Freezing Equipment Operators and Tenders,19,18,0,1,0.947368,0.000000,0.052632,"Monitor pressure gauges, ammeters, flowmeters, thermometers, or products, and adjust controls to maintain specified conditions, such as feed rate, product consistency, temperature, air pressure, and machine speed.",,"Record temperatures, amounts of materials processed, or test results on report forms.",GPTs-are-GPTs human_labels on public_gpts_are_gpts_benchmark.csv,prayash-task-exposure-gpts-are-gpts-v1,Prayash common-occupation coverage — 800 occupations,923 occupations / 19265 tasks,true,true,Task-level benchmark category shares for product coverage. Not a probability that workers will lose jobs. Absence from this 800-row file does not mean the occupation is absent from the 923-occupation research model.
51-9194.00,Etchers and Engravers,30,28,0,2,0.933333,0.000000,0.066667,"Inspect etched work for depth of etching, uniformity, and defects, using calibrated microscopes, gauges, fingers, or magnifying lenses.",,Use computer software to design patterns for engraving.,GPTs-are-GPTs human_labels on public_gpts_are_gpts_benchmark.csv,prayash-task-exposure-gpts-are-gpts-v1,Prayash common-occupation coverage — 800 occupations,923 occupations / 19265 tasks,true,true,Task-level benchmark category shares for product coverage. Not a probability that workers will lose jobs. Absence from this 800-row file does not mean the occupation is absent from the 923-occupation research model.
51-9195.00,"Molders, Shapers, and Casters, Except Metal and Plastic",27,26,0,1,0.962963,0.000000,0.037037,Read work orders or examine parts to determine parts or sections of products to be produced.,,Select sizes and types of molds according to instructions.,GPTs-are-GPTs human_labels on public_gpts_are_gpts_benchmark.csv,prayash-task-exposure-gpts-are-gpts-v1,Prayash common-occupation coverage — 800 occupations,923 occupations / 19265 tasks,true,true,Task-level benchmark category shares for product coverage. Not a probability that workers will lose jobs. Absence from this 800-row file does not mean the occupation is absent from the 923-occupation research model.
51-9195.03,"Stone Cutters and Carvers, Manufacturing",16,15,0,1,0.937500,0.000000,0.062500,"Verify depths and dimensions of cuts or carvings to ensure adherence to specifications, blueprints, or models, using measuring instruments.",,"Select chisels, pneumatic or surfacing tools, or sandblasting nozzles, and determine sequence of use.",GPTs-are-GPTs human_labels on public_gpts_are_gpts_benchmark.csv,prayash-task-exposure-gpts-are-gpts-v1,Prayash common-occupation coverage — 800 occupations,923 occupations / 19265 tasks,true,true,Task-level benchmark category shares for product coverage. Not a probability that workers will lose jobs. Absence from this 800-row file does not mean the occupation is absent from the 923-occupation research model.
51-9195.04,"Glass Blowers, Molders, Benders, and Finishers",19,15,0,4,0.789474,0.000000,0.210526,"Heat glass to pliable stage, using gas flames or ovens and rotating glass to heat it uniformly.",,"Record manufacturing information, such as quantities, sizes, or types of goods produced.",GPTs-are-GPTs human_labels on public_gpts_are_gpts_benchmark.csv,prayash-task-exposure-gpts-are-gpts-v1,Prayash common-occupation coverage — 800 occupations,923 occupations / 19265 tasks,true,true,Task-level benchmark category shares for product coverage. Not a probability that workers will lose jobs. Absence from this 800-row file does not mean the occupation is absent from the 923-occupation research model.
51-9195.05,"Potters, Manufacturing",24,23,0,1,0.958333,0.000000,0.041667,Operate gas or electric kilns to fire pottery pieces.,,"Design clay forms and molds, and decorations for forms.",GPTs-are-GPTs human_labels on public_gpts_are_gpts_benchmark.csv,prayash-task-exposure-gpts-are-gpts-v1,Prayash common-occupation coverage — 800 occupations,923 occupations / 19265 tasks,true,true,Task-level benchmark category shares for product coverage. Not a probability that workers will lose jobs. Absence from this 800-row file does not mean the occupation is absent from the 923-occupation research model.
51-9196.00,"Paper Goods Machine Setters, Operators, and Tenders",15,14,0,1,0.933333,0.000000,0.066667,"Examine completed work to detect defects and verify conformance to work orders, and adjust machinery as necessary to correct production problems.",,"Stamp products with information such as dates, using hand stamps or automatic stamping devices.",GPTs-are-GPTs human_labels on public_gpts_are_gpts_benchmark.csv,prayash-task-exposure-gpts-are-gpts-v1,Prayash common-occupation coverage — 800 occupations,923 occupations / 19265 tasks,true,true,Task-level benchmark category shares for product coverage. Not a probability that workers will lose jobs. Absence from this 800-row file does not mean the occupation is absent from the 923-occupation research model.
51-9197.00,Tire Builders,23,23,0,0,1.000000,0.000000,0.000000,Build semi-raw rubber treads onto buffed tire casings to prepare tires for vulcanization in recapping or retreading processes.,,,GPTs-are-GPTs human_labels on public_gpts_are_gpts_benchmark.csv,prayash-task-exposure-gpts-are-gpts-v1,Prayash common-occupation coverage — 800 occupations,923 occupations / 19265 tasks,true,true,Task-level benchmark category shares for product coverage. Not a probability that workers will lose jobs. Absence from this 800-row file does not mean the occupation is absent from the 923-occupation research model.
51-9198.00,Helpers--Production Workers,34,29,0,5,0.852941,0.000000,0.147059,"Load and unload items from machines, conveyors, and conveyances.",,Count finished products to determine if product orders are complete.,GPTs-are-GPTs human_labels on public_gpts_are_gpts_benchmark.csv,prayash-task-exposure-gpts-are-gpts-v1,Prayash common-occupation coverage — 800 occupations,923 occupations / 19265 tasks,true,true,Task-level benchmark category shares for product coverage. Not a probability that workers will lose jobs. Absence from this 800-row file does not mean the occupation is absent from the 923-occupation research model.
53-1042.00,"First-Line Supervisors of Helpers, Laborers, and Material Movers, Hand",24,11,5,8,0.458333,0.208333,0.333333,Inform designated employees or departments of items loaded or problems encountered.,Check specifications of materials loaded or unloaded against information contained in work orders.,Maintain a safe working environment by monitoring safety procedures and equipment.,GPTs-are-GPTs human_labels on public_gpts_are_gpts_benchmark.csv,prayash-task-exposure-gpts-are-gpts-v1,Prayash common-occupation coverage — 800 occupations,923 occupations / 19265 tasks,true,true,Task-level benchmark category shares for product coverage. Not a probability that workers will lose jobs. Absence from this 800-row file does not mean the occupation is absent from the 923-occupation research model.
53-1042.01,Recycling Coordinators,23,8,8,7,0.347826,0.347826,0.304348,Oversee recycling pick-up or drop-off programs to ensure compliance with community ordinances.,Review customer requests for service to determine service needs and deploy appropriate resources to provide service.,Maintain logs of recycling materials received or shipped to processing companies.,GPTs-are-GPTs human_labels on public_gpts_are_gpts_benchmark.csv,prayash-task-exposure-gpts-are-gpts-v1,Prayash common-occupation coverage — 800 occupations,923 occupations / 19265 tasks,true,true,Task-level benchmark category shares for product coverage. Not a probability that workers will lose jobs. Absence from this 800-row file does not mean the occupation is absent from the 923-occupation research model.
53-1043.00,First-Line Supervisors of Material-Moving Machine and Vehicle Operators,22,12,3,7,0.545455,0.136364,0.318182,Enforce safety rules and regulations.,"Interpret transportation or tariff regulations, shipping orders, safety regulations, or company policies and procedures for workers.","Plan work assignments and equipment allocations to meet transportation, operations or production goals.",GPTs-are-GPTs human_labels on public_gpts_are_gpts_benchmark.csv,prayash-task-exposure-gpts-are-gpts-v1,Prayash common-occupation coverage — 800 occupations,923 occupations / 19265 tasks,true,true,Task-level benchmark category shares for product coverage. Not a probability that workers will lose jobs. Absence from this 800-row file does not mean the occupation is absent from the 923-occupation research model.
53-1044.00,First-Line Supervisors of Passenger Attendants,19,12,5,2,0.631579,0.263158,0.105263,"Compute or estimate cash, payroll, transportation, or personnel requirements.",Apply customer feedback to service improvement efforts.,Analyze and record personnel or operational data and write related activity reports.,GPTs-are-GPTs human_labels on public_gpts_are_gpts_benchmark.csv,prayash-task-exposure-gpts-are-gpts-v1,Prayash common-occupation coverage — 800 occupations,923 occupations / 19265 tasks,true,true,Task-level benchmark category shares for product coverage. Not a probability that workers will lose jobs. Absence from this 800-row file does not mean the occupation is absent from the 923-occupation research model.
53-2011.00,"Airline Pilots, Copilots, and Flight Engineers",26,14,0,12,0.538462,0.000000,0.461538,Use instrumentation to guide flights when visibility is poor.,,Respond to and report in-flight emergencies and malfunctions.,GPTs-are-GPTs human_labels on public_gpts_are_gpts_benchmark.csv,prayash-task-exposure-gpts-are-gpts-v1,Prayash common-occupation coverage — 800 occupations,923 occupations / 19265 tasks,true,true,Task-level benchmark category shares for product coverage. Not a probability that workers will lose jobs. Absence from this 800-row file does not mean the occupation is absent from the 923-occupation research model.
53-2012.00,Commercial Pilots,26,16,0,10,0.615385,0.000000,0.384615,Use instrumentation to pilot aircraft when visibility is poor.,,"Consider airport altitudes, outside temperatures, plane weights, and wind speeds and directions to calculate the speed needed to become airborne.",GPTs-are-GPTs human_labels on public_gpts_are_gpts_benchmark.csv,prayash-task-exposure-gpts-are-gpts-v1,Prayash common-occupation coverage — 800 occupations,923 occupations / 19265 tasks,true,true,Task-level benchmark category shares for product coverage. Not a probability that workers will lose jobs. Absence from this 800-row file does not mean the occupation is absent from the 923-occupation research model.
53-2021.00,Air Traffic Controllers,23,9,0,14,0.391304,0.000000,0.608696,Provide flight path changes or directions to emergency landing fields for pilots traveling in bad weather or in emergency situations.,,"Inform pilots about nearby planes or potentially hazardous conditions, such as weather, speed and direction of wind, or visibility problems.",GPTs-are-GPTs human_labels on public_gpts_are_gpts_benchmark.csv,prayash-task-exposure-gpts-are-gpts-v1,Prayash common-occupation coverage — 800 occupations,923 occupations / 19265 tasks,true,true,Task-level benchmark category shares for product coverage. Not a probability that workers will lose jobs. Absence from this 800-row file does not mean the occupation is absent from the 923-occupation research model.
53-2022.00,Airfield Operations Specialists,27,8,0,19,0.296296,0.000000,0.703704,Inspect airfield conditions to ensure compliance with federal regulatory requirements.,,Implement airfield safety procedures to ensure a safe operating environment for personnel and aircraft operation.,GPTs-are-GPTs human_labels on public_gpts_are_gpts_benchmark.csv,prayash-task-exposure-gpts-are-gpts-v1,Prayash common-occupation coverage — 800 occupations,923 occupations / 19265 tasks,true,true,Task-level benchmark category shares for product coverage. Not a probability that workers will lose jobs. Absence from this 800-row file does not mean the occupation is absent from the 923-occupation research model.
53-2031.00,Flight Attendants,25,19,1,5,0.760000,0.040000,0.200000,"Verify that first aid kits and other emergency equipment, including fire extinguishers and oxygen bottles, are in working order.",Operate audio and video systems.,"Prepare passengers and aircraft for landing, following procedures.",GPTs-are-GPTs human_labels on public_gpts_are_gpts_benchmark.csv,prayash-task-exposure-gpts-are-gpts-v1,Prayash common-occupation coverage — 800 occupations,923 occupations / 19265 tasks,true,true,Task-level benchmark category shares for product coverage. Not a probability that workers will lose jobs. Absence from this 800-row file does not mean the occupation is absent from the 923-occupation research model.
53-3011.00,"Ambulance Drivers and Attendants, Except Emergency Medical Technicians",11,10,0,1,0.909091,0.000000,0.090909,Remove and replace soiled linens or equipment to maintain sanitary conditions.,,Report facts concerning accidents or emergencies to hospital personnel or law enforcement officials.,GPTs-are-GPTs human_labels on public_gpts_are_gpts_benchmark.csv,prayash-task-exposure-gpts-are-gpts-v1,Prayash common-occupation coverage — 800 occupations,923 occupations / 19265 tasks,true,true,Task-level benchmark category shares for product coverage. Not a probability that workers will lose jobs. Absence from this 800-row file does not mean the occupation is absent from the 923-occupation research model.
53-3031.00,Driver/Sales Workers,12,9,0,3,0.750000,0.000000,0.250000,"Drive trucks to deliver such items as food, medical supplies, or newspapers.",,Inform regular customers of new products or services and price changes.,GPTs-are-GPTs human_labels on public_gpts_are_gpts_benchmark.csv,prayash-task-exposure-gpts-are-gpts-v1,Prayash common-occupation coverage — 800 occupations,923 occupations / 19265 tasks,true,true,Task-level benchmark category shares for product coverage. Not a probability that workers will lose jobs. Absence from this 800-row file does not mean the occupation is absent from the 923-occupation research model.
53-3032.00,Heavy and Tractor-Trailer Truck Drivers,31,23,1,7,0.741935,0.032258,0.225806,"Check vehicles to ensure that mechanical, safety, and emergency equipment is in good working order.","Operate equipment, such as truck cab computers, CB radios, phones, or global positioning systems (GPS) equipment to exchange necessary information with bases, supervisors, or other drivers.",Check all load-related documentation for completeness and accuracy.,GPTs-are-GPTs human_labels on public_gpts_are_gpts_benchmark.csv,prayash-task-exposure-gpts-are-gpts-v1,Prayash common-occupation coverage — 800 occupations,923 occupations / 19265 tasks,true,true,Task-level benchmark category shares for product coverage. Not a probability that workers will lose jobs. Absence from this 800-row file does not mean the occupation is absent from the 923-occupation research model.
53-3033.00,Light Truck Drivers,14,7,0,7,0.500000,0.000000,0.500000,Obey traffic laws and follow established traffic and transportation procedures.,,Read maps and follow written or verbal geographic directions.,GPTs-are-GPTs human_labels on public_gpts_are_gpts_benchmark.csv,prayash-task-exposure-gpts-are-gpts-v1,Prayash common-occupation coverage — 800 occupations,923 occupations / 19265 tasks,true,true,Task-level benchmark category shares for product coverage. Not a probability that workers will lose jobs. Absence from this 800-row file does not mean the occupation is absent from the 923-occupation research model.
53-3051.00,"Bus Drivers, School",17,11,0,6,0.647059,0.000000,0.352941,"Check the condition of a vehicle's tires, brakes, windshield wipers, lights, oil, fuel, water, and safety equipment to ensure that everything is in working order.",,"Prepare and submit reports that may include the number of students or trips, hours worked, mileage, or fuel consumption.",GPTs-are-GPTs human_labels on public_gpts_are_gpts_benchmark.csv,prayash-task-exposure-gpts-are-gpts-v1,Prayash common-occupation coverage — 800 occupations,923 occupations / 19265 tasks,true,true,Task-level benchmark category shares for product coverage. Not a probability that workers will lose jobs. Absence from this 800-row file does not mean the occupation is absent from the 923-occupation research model.
53-3052.00,"Bus Drivers, Transit and Intercity",15,10,0,5,0.666667,0.000000,0.333333,"Drive vehicles over specified routes or to specified destinations according to time schedules, complying with traffic regulations to ensure that passengers have a smooth and safe ride.",,Announce stops to passengers.,GPTs-are-GPTs human_labels on public_gpts_are_gpts_benchmark.csv,prayash-task-exposure-gpts-are-gpts-v1,Prayash common-occupation coverage — 800 occupations,923 occupations / 19265 tasks,true,true,Task-level benchmark category shares for product coverage. Not a probability that workers will lose jobs. Absence from this 800-row file does not mean the occupation is absent from the 923-occupation research model.
53-3053.00,Shuttle Drivers and Chauffeurs,26,18,1,7,0.692308,0.038462,0.269231,"Check the condition of a vehicle's tires, brakes, windshield wipers, lights, oil, fuel, water, and safety equipment to ensure that everything is in working order.",Arrange to pick up particular customers or groups on a regular schedule.,"Communicate with dispatchers by radio, telephone, or computer to exchange information and receive requests for passenger service.",GPTs-are-GPTs human_labels on public_gpts_are_gpts_benchmark.csv,prayash-task-exposure-gpts-are-gpts-v1,Prayash common-occupation coverage — 800 occupations,923 occupations / 19265 tasks,true,true,Task-level benchmark category shares for product coverage. Not a probability that workers will lose jobs. Absence from this 800-row file does not mean the occupation is absent from the 923-occupation research model.
53-3054.00,Taxi Drivers,16,10,2,4,0.625000,0.125000,0.250000,"Collect fares or vouchers from passengers, and make change or issue receipts as necessary.",Notify dispatchers or company mechanics of vehicle problems.,"Communicate with dispatchers by radio, telephone, or computer to exchange information and receive requests for passenger service.",GPTs-are-GPTs human_labels on public_gpts_are_gpts_benchmark.csv,prayash-task-exposure-gpts-are-gpts-v1,Prayash common-occupation coverage — 800 occupations,923 occupations / 19265 tasks,true,true,Task-level benchmark category shares for product coverage. Not a probability that workers will lose jobs. Absence from this 800-row file does not mean the occupation is absent from the 923-occupation research model.
53-4011.00,Locomotive Engineers,15,9,1,5,0.600000,0.066667,0.333333,"Receive starting signals from conductors and use controls such as throttles or air brakes to drive electric, diesel-electric, steam, or gas turbine-electric locomotives.","Interpret train orders, signals, or railroad rules and regulations that govern the operation of locomotives.","Confer with conductors or traffic control center personnel via radiophones to issue or receive information concerning stops, delays, or oncoming trains.",GPTs-are-GPTs human_labels on public_gpts_are_gpts_benchmark.csv,prayash-task-exposure-gpts-are-gpts-v1,Prayash common-occupation coverage — 800 occupations,923 occupations / 19265 tasks,true,true,Task-level benchmark category shares for product coverage. Not a probability that workers will lose jobs. Absence from this 800-row file does not mean the occupation is absent from the 923-occupation research model.
53-4013.00,"Rail Yard Engineers, Dinkey Operators, and Hostlers",25,22,0,3,0.880000,0.000000,0.120000,"Observe and respond to wayside and cab signals, including color light signals, position signals, torpedoes, flags, and hot box detectors.",,"Read switching instructions and daily car schedules to determine work to be performed, or receive orders from yard conductors.",GPTs-are-GPTs human_labels on public_gpts_are_gpts_benchmark.csv,prayash-task-exposure-gpts-are-gpts-v1,Prayash common-occupation coverage — 800 occupations,923 occupations / 19265 tasks,true,true,Task-level benchmark category shares for product coverage. Not a probability that workers will lose jobs. Absence from this 800-row file does not mean the occupation is absent from the 923-occupation research model.
53-4022.00,"Railroad Brake, Signal, and Switch Operators and Locomotive Firers",28,25,0,3,0.892857,0.000000,0.107143,Observe train signals along routes and verify their meanings for engineers.,,Monitor trains as they go around curves to detect dragging equipment and smoking journal boxes.,GPTs-are-GPTs human_labels on public_gpts_are_gpts_benchmark.csv,prayash-task-exposure-gpts-are-gpts-v1,Prayash common-occupation coverage — 800 occupations,923 occupations / 19265 tasks,true,true,Task-level benchmark category shares for product coverage. Not a probability that workers will lose jobs. Absence from this 800-row file does not mean the occupation is absent from the 923-occupation research model.
53-4031.00,Railroad Conductors and Yardmasters,22,13,0,9,0.590909,0.000000,0.409091,"Signal engineers to begin train runs, stop trains, or change speed, using telecommunications equipment or hand signals.",,"Confer with engineers regarding train routes, timetables, and cargoes, and to discuss alternative routes when there are rail defects or obstructions.",GPTs-are-GPTs human_labels on public_gpts_are_gpts_benchmark.csv,prayash-task-exposure-gpts-are-gpts-v1,Prayash common-occupation coverage — 800 occupations,923 occupations / 19265 tasks,true,true,Task-level benchmark category shares for product coverage. Not a probability that workers will lose jobs. Absence from this 800-row file does not mean the occupation is absent from the 923-occupation research model.
53-5011.00,Sailors and Marine Oilers,28,27,0,1,0.964286,0.000000,0.035714,"Tie barges together into tow units for tugboats to handle, inspecting barges periodically during voyages and disconnecting them when destinations are reached.",,"Record data in ships' logs, such as weather conditions or distances traveled.",GPTs-are-GPTs human_labels on public_gpts_are_gpts_benchmark.csv,prayash-task-exposure-gpts-are-gpts-v1,Prayash common-occupation coverage — 800 occupations,923 occupations / 19265 tasks,true,true,Task-level benchmark category shares for product coverage. Not a probability that workers will lose jobs. Absence from this 800-row file does not mean the occupation is absent from the 923-occupation research model.
53-5021.00,"Captains, Mates, and Pilots of Water Vessels",30,20,2,8,0.666667,0.066667,0.266667,"Steer and operate vessels, using radios, depth finders, radars, lights, buoys, or lighthouses.",Operate ship-to-shore radios to exchange information needed for ship operations.,"Direct courses and speeds of ships, based on specialized knowledge of local winds, weather, water depths, tides, currents, and hazards.",GPTs-are-GPTs human_labels on public_gpts_are_gpts_benchmark.csv,prayash-task-exposure-gpts-are-gpts-v1,Prayash common-occupation coverage — 800 occupations,923 occupations / 19265 tasks,true,true,Task-level benchmark category shares for product coverage. Not a probability that workers will lose jobs. Absence from this 800-row file does not mean the occupation is absent from the 923-occupation research model.
53-5031.00,Ship Engineers,17,12,0,5,0.705882,0.000000,0.294118,"Start engines to propel ships, and regulate engines and power transmissions to control speeds of ships, according to directions from captains or bridge computers.",,"Monitor engine, machinery, or equipment indicators when vessels are underway, and report abnormalities to appropriate shipboard staff.",GPTs-are-GPTs human_labels on public_gpts_are_gpts_benchmark.csv,prayash-task-exposure-gpts-are-gpts-v1,Prayash common-occupation coverage — 800 occupations,923 occupations / 19265 tasks,true,true,Task-level benchmark category shares for product coverage. Not a probability that workers will lose jobs. Absence from this 800-row file does not mean the occupation is absent from the 923-occupation research model.
53-6011.00,Bridge and Lock Tenders,18,13,0,5,0.722222,0.000000,0.277778,"Control machinery to open and close canal locks and dams, railroad or highway drawbridges, or horizontally or vertically adjustable bridges.",,"Record names, types, and destinations of vessels passing through bridge openings or locks, and numbers of trains or vehicles crossing bridges.",GPTs-are-GPTs human_labels on public_gpts_are_gpts_benchmark.csv,prayash-task-exposure-gpts-are-gpts-v1,Prayash common-occupation coverage — 800 occupations,923 occupations / 19265 tasks,true,true,Task-level benchmark category shares for product coverage. Not a probability that workers will lose jobs. Absence from this 800-row file does not mean the occupation is absent from the 923-occupation research model.
53-6021.00,Parking Attendants,18,14,1,3,0.777778,0.055556,0.166667,"Take numbered tags from customers, locate vehicles, and deliver vehicles, or provide customers with instructions for locating vehicles.",Review motorists' identification before allowing them to enter parking facilities.,"Issue ticket stubs or place numbered tags on windshields, log tags or attach tag to customers' keys, and give customers matching tags for locating parked vehicles.",GPTs-are-GPTs human_labels on public_gpts_are_gpts_benchmark.csv,prayash-task-exposure-gpts-are-gpts-v1,Prayash common-occupation coverage — 800 occupations,923 occupations / 19265 tasks,true,true,Task-level benchmark category shares for product coverage. Not a probability that workers will lose jobs. Absence from this 800-row file does not mean the occupation is absent from the 923-occupation research model.
53-6031.00,Automotive and Watercraft Service Attendants,15,12,0,3,0.800000,0.000000,0.200000,"Collect cash payments from customers, and make change or charge purchases to customers' credit cards, providing customers with receipts.",,"Prepare daily reports of fuel, oil, and accessory sales.",GPTs-are-GPTs human_labels on public_gpts_are_gpts_benchmark.csv,prayash-task-exposure-gpts-are-gpts-v1,Prayash common-occupation coverage — 800 occupations,923 occupations / 19265 tasks,true,true,Task-level benchmark category shares for product coverage. Not a probability that workers will lose jobs. Absence from this 800-row file does not mean the occupation is absent from the 923-occupation research model.
53-6032.00,Aircraft Service Attendants,18,16,2,0,0.888889,0.111111,0.000000,Apply de-icing fluid to aircraft from baskets lifted by truck-mounted cranes.,Complete forms describing tasks completed.,,GPTs-are-GPTs human_labels on public_gpts_are_gpts_benchmark.csv,prayash-task-exposure-gpts-are-gpts-v1,Prayash common-occupation coverage — 800 occupations,923 occupations / 19265 tasks,true,true,Task-level benchmark category shares for product coverage. Not a probability that workers will lose jobs. Absence from this 800-row file does not mean the occupation is absent from the 923-occupation research model.
53-6041.00,Traffic Technicians,24,7,1,16,0.291667,0.041667,0.666667,"Prepare work orders for repair, maintenance, or changes in traffic systems.",Develop plans or long-range strategies for providing adequate parking space.,"Study traffic delays by noting times of delays, the numbers of vehicles affected, and vehicle speed through the delay area.",GPTs-are-GPTs human_labels on public_gpts_are_gpts_benchmark.csv,prayash-task-exposure-gpts-are-gpts-v1,Prayash common-occupation coverage — 800 occupations,923 occupations / 19265 tasks,true,true,Task-level benchmark category shares for product coverage. Not a probability that workers will lose jobs. Absence from this 800-row file does not mean the occupation is absent from the 923-occupation research model.
53-6051.00,Transportation Inspectors,21,10,1,10,0.476190,0.047619,0.476190,Advise crews in techniques of stowing dangerous and heavy cargo.,Recommend remedial procedures to correct any violations found during inspections.,Prepare and submit reports after completion of freight shipments.,GPTs-are-GPTs human_labels on public_gpts_are_gpts_benchmark.csv,prayash-task-exposure-gpts-are-gpts-v1,Prayash common-occupation coverage — 800 occupations,923 occupations / 19265 tasks,true,true,Task-level benchmark category shares for product coverage. Not a probability that workers will lose jobs. Absence from this 800-row file does not mean the occupation is absent from the 923-occupation research model.
53-6051.01,Aviation Inspectors,15,9,2,4,0.600000,0.133333,0.266667,"Inspect work of aircraft mechanics performing maintenance, modification, or repair and overhaul of aircraft and aircraft mechanical systems to ensure adherence to standards and procedures.","Recommend replacement, repair, or modification of aircraft equipment.",Examine maintenance records and flight logs to determine if service and maintenance checks and overhauls were performed at prescribed intervals.,GPTs-are-GPTs human_labels on public_gpts_are_gpts_benchmark.csv,prayash-task-exposure-gpts-are-gpts-v1,Prayash common-occupation coverage — 800 occupations,923 occupations / 19265 tasks,true,true,Task-level benchmark category shares for product coverage. Not a probability that workers will lose jobs. Absence from this 800-row file does not mean the occupation is absent from the 923-occupation research model.
53-6051.07,"Transportation Vehicle, Equipment and Systems Inspectors, Except Aviation",21,15,0,6,0.714286,0.000000,0.285714,"Inspect vehicles or other equipment for evidence of abuse, damage, or mechanical malfunction.",,Prepare reports on investigations or inspections and actions taken.,GPTs-are-GPTs human_labels on public_gpts_are_gpts_benchmark.csv,prayash-task-exposure-gpts-are-gpts-v1,Prayash common-occupation coverage — 800 occupations,923 occupations / 19265 tasks,true,true,Task-level benchmark category shares for product coverage. Not a probability that workers will lose jobs. Absence from this 800-row file does not mean the occupation is absent from the 923-occupation research model.
53-6061.00,Passenger Attendants,14,10,0,4,0.714286,0.000000,0.285714,Secure passengers for transportation by buckling seatbelts or fastening wheelchairs with tie-down straps.,,"Respond to passengers' questions, requests, or complaints.",GPTs-are-GPTs human_labels on public_gpts_are_gpts_benchmark.csv,prayash-task-exposure-gpts-are-gpts-v1,Prayash common-occupation coverage — 800 occupations,923 occupations / 19265 tasks,true,true,Task-level benchmark category shares for product coverage. Not a probability that workers will lose jobs. Absence from this 800-row file does not mean the occupation is absent from the 923-occupation research model.
53-7011.00,Conveyor Operators and Tenders,23,17,0,6,0.739130,0.000000,0.260870,"Observe conveyor operations and monitor lights, dials, and gauges to maintain specified operating levels and to detect equipment malfunctions.",,Inform supervisors of equipment malfunctions that need to be addressed.,GPTs-are-GPTs human_labels on public_gpts_are_gpts_benchmark.csv,prayash-task-exposure-gpts-are-gpts-v1,Prayash common-occupation coverage — 800 occupations,923 occupations / 19265 tasks,true,true,Task-level benchmark category shares for product coverage. Not a probability that workers will lose jobs. Absence from this 800-row file does not mean the occupation is absent from the 923-occupation research model.
53-7021.00,Crane and Tower Operators,11,10,0,1,0.909091,0.000000,0.090909,Determine load weights and check them against lifting capacities to prevent overload.,,"Weigh bundles, using floor scales, and record weights for company records.",GPTs-are-GPTs human_labels on public_gpts_are_gpts_benchmark.csv,prayash-task-exposure-gpts-are-gpts-v1,Prayash common-occupation coverage — 800 occupations,923 occupations / 19265 tasks,true,true,Task-level benchmark category shares for product coverage. Not a probability that workers will lose jobs. Absence from this 800-row file does not mean the occupation is absent from the 923-occupation research model.
53-7051.00,Industrial Truck and Tractor Operators,11,10,0,1,0.909091,0.000000,0.090909,"Move levers or controls that operate lifting devices, such as forklifts, lift beams with swivel-hooks, hoists, or elevating platforms, to load, unload, transport, or stack material.",,"Signal workers to discharge, dump, or level materials.",GPTs-are-GPTs human_labels on public_gpts_are_gpts_benchmark.csv,prayash-task-exposure-gpts-are-gpts-v1,Prayash common-occupation coverage — 800 occupations,923 occupations / 19265 tasks,true,true,Task-level benchmark category shares for product coverage. Not a probability that workers will lose jobs. Absence from this 800-row file does not mean the occupation is absent from the 923-occupation research model.
53-7061.00,Cleaners of Vehicles and Equipment,21,21,0,0,1.000000,0.000000,0.000000,"Rinse objects and place them on drying racks or use cloth, squeegees, or air compressors to dry surfaces.",,,GPTs-are-GPTs human_labels on public_gpts_are_gpts_benchmark.csv,prayash-task-exposure-gpts-are-gpts-v1,Prayash common-occupation coverage — 800 occupations,923 occupations / 19265 tasks,true,true,Task-level benchmark category shares for product coverage. Not a probability that workers will lose jobs. Absence from this 800-row file does not mean the occupation is absent from the 923-occupation research model.
53-7062.00,"Laborers and Freight, Stock, and Material Movers, Hand",21,19,0,2,0.904762,0.000000,0.095238,"Move freight, stock, or other materials to and from storage or production areas, loading docks, delivery vehicles, ships, or containers, by hand or using trucks, tractors, or other equipment.",,Attach identifying tags to containers or mark them with identifying information.,GPTs-are-GPTs human_labels on public_gpts_are_gpts_benchmark.csv,prayash-task-exposure-gpts-are-gpts-v1,Prayash common-occupation coverage — 800 occupations,923 occupations / 19265 tasks,true,true,Task-level benchmark category shares for product coverage. Not a probability that workers will lose jobs. Absence from this 800-row file does not mean the occupation is absent from the 923-occupation research model.
53-7062.04,Recycling and Reclamation Workers,18,17,0,1,0.944444,0.000000,0.055556,"Sort materials, such as metals, glass, wood, paper or plastics, into appropriate containers for recycling.",,Record logs of recycled materials or waste chemicals removed from products.,GPTs-are-GPTs human_labels on public_gpts_are_gpts_benchmark.csv,prayash-task-exposure-gpts-are-gpts-v1,Prayash common-occupation coverage — 800 occupations,923 occupations / 19265 tasks,true,true,Task-level benchmark category shares for product coverage. Not a probability that workers will lose jobs. Absence from this 800-row file does not mean the occupation is absent from the 923-occupation research model.
53-7063.00,Machine Feeders and Offbearers,13,11,0,2,0.846154,0.000000,0.153846,"Inspect materials and products for defects, and to ensure conformance to specifications.",,"Record production and operational data, such as amount of materials processed.",GPTs-are-GPTs human_labels on public_gpts_are_gpts_benchmark.csv,prayash-task-exposure-gpts-are-gpts-v1,Prayash common-occupation coverage — 800 occupations,923 occupations / 19265 tasks,true,true,Task-level benchmark category shares for product coverage. Not a probability that workers will lose jobs. Absence from this 800-row file does not mean the occupation is absent from the 923-occupation research model.
53-7064.00,"Packers and Packagers, Hand",12,10,0,2,0.833333,0.000000,0.166667,"Examine and inspect containers, materials, or products to ensure that product quality and packing specifications are met.",,"Record product, packaging, and order information on specified forms and records.",GPTs-are-GPTs human_labels on public_gpts_are_gpts_benchmark.csv,prayash-task-exposure-gpts-are-gpts-v1,Prayash common-occupation coverage — 800 occupations,923 occupations / 19265 tasks,true,true,Task-level benchmark category shares for product coverage. Not a probability that workers will lose jobs. Absence from this 800-row file does not mean the occupation is absent from the 923-occupation research model.
53-7065.00,Stockers and Order Fillers,30,22,3,5,0.733333,0.100000,0.166667,"Issue or distribute materials, products, parts, and supplies to customers or coworkers, based on information from incoming requisitions.",Complete order receipts.,Keep records of out-going orders.,GPTs-are-GPTs human_labels on public_gpts_are_gpts_benchmark.csv,prayash-task-exposure-gpts-are-gpts-v1,Prayash common-occupation coverage — 800 occupations,923 occupations / 19265 tasks,true,true,Task-level benchmark category shares for product coverage. Not a probability that workers will lose jobs. Absence from this 800-row file does not mean the occupation is absent from the 923-occupation research model.
53-7073.00,Wellhead Pumpers,16,16,0,0,1.000000,0.000000,0.000000,Monitor pumps and flow lines for gas and fluid leaks.,,,GPTs-are-GPTs human_labels on public_gpts_are_gpts_benchmark.csv,prayash-task-exposure-gpts-are-gpts-v1,Prayash common-occupation coverage — 800 occupations,923 occupations / 19265 tasks,true,true,Task-level benchmark category shares for product coverage. Not a probability that workers will lose jobs. Absence from this 800-row file does not mean the occupation is absent from the 923-occupation research model.
53-7081.00,Refuse and Recyclable Material Collectors,16,10,2,4,0.625000,0.125000,0.250000,Operate automated or semi-automated hoisting devices that raise refuse bins and dump contents into openings in truck bodies.,"Tag garbage or recycling containers to inform customers of problems, such as excess garbage or inclusion of items that are not permitted.",Fill out defective equipment reports.,GPTs-are-GPTs human_labels on public_gpts_are_gpts_benchmark.csv,prayash-task-exposure-gpts-are-gpts-v1,Prayash common-occupation coverage — 800 occupations,923 occupations / 19265 tasks,true,true,Task-level benchmark category shares for product coverage. Not a probability that workers will lose jobs. Absence from this 800-row file does not mean the occupation is absent from the 923-occupation research model.
53-7121.00,"Tank Car, Truck, and Ship Loaders",19,15,0,4,0.789474,0.000000,0.210526,"Seal outlet valves on tank cars, barges, and trucks.",,"Verify tank car, barge, or truck load numbers to ensure car placement accuracy based on written or verbal instructions.",GPTs-are-GPTs human_labels on public_gpts_are_gpts_benchmark.csv,prayash-task-exposure-gpts-are-gpts-v1,Prayash common-occupation coverage — 800 occupations,923 occupations / 19265 tasks,true,true,Task-level benchmark category shares for product coverage. Not a probability that workers will lose jobs. Absence from this 800-row file does not mean the occupation is absent from the 923-occupation research model.
