source_soc,mapped_onet_soc_code,source_occupation,onet_title,prob,label_type,label_source,label_year,source_artifact,not_current_task_ground_truth,unmatched_reason
51-4033,51-4033.00,"Grinding, Lapping, Polishing and Buffing Machine Tool Setters, Operators and Tenders, Metal and Plastic","Grinding, Lapping, Polishing, and Buffing Machine Tool Setters, Operators, and Tenders, Metal and Plastic",0.95,historical_occupation_computerisation_probability,Frey_Osborne,2013/2017,plotly_public_mirror,True,
51-9012,51-9012.00,"Separating, Filtering, Clarifying, Precipitating and Still Machine Setters, Operators and Tenders","Separating, Filtering, Clarifying, Precipitating, and Still Machine Setters, Operators, and Tenders",0.88,historical_occupation_computerisation_probability,Frey_Osborne,2013/2017,plotly_public_mirror,True,
41-4012,41-4012.00,"Sales Representatives, Wholesale and Manufacturing, Except Technical and Scientific Products","Sales Representatives, Wholesale and Manufacturing, Except Technical and Scientific Products",0.85,historical_occupation_computerisation_probability,Frey_Osborne,2013/2017,plotly_public_mirror,True,
51-4072,51-4072.00,"Molding, Coremaking and Casting Machine Setters, Operators and Tenders, Metal and Plastic","Molding, Coremaking, and Casting Machine Setters, Operators, and Tenders, Metal and Plastic",0.95,historical_occupation_computerisation_probability,Frey_Osborne,2013/2017,plotly_public_mirror,True,
51-6091,51-6091.00,"Extruding and Forming Machine Setters, Operators and Tenders, Synthetic and Glass Fibers","Extruding and Forming Machine Setters, Operators, and Tenders, Synthetic and Glass Fibers",0.88,historical_occupation_computerisation_probability,Frey_Osborne,2013/2017,plotly_public_mirror,True,
51-4031,51-4031.00,"Cutting, Punching and Press Machine Setters, Operators and Tenders, Metal and Plastic","Cutting, Punching, and Press Machine Setters, Operators, and Tenders, Metal and Plastic",0.78,historical_occupation_computerisation_probability,Frey_Osborne,2013/2017,plotly_public_mirror,True,
41-4011,41-4011.00,"Sales Representatives, Wholesale and Manufacturing, Technical and Scientific Products","Sales Representatives, Wholesale and Manufacturing, Technical and Scientific Products",0.25,historical_occupation_computerisation_probability,Frey_Osborne,2013/2017,plotly_public_mirror,True,
51-4032,51-4032.00,"Drilling and Boring Machine Tool Setters, Operators and Tenders, Metal and Plastic","Drilling and Boring Machine Tool Setters, Operators, and Tenders, Metal and Plastic",0.94,historical_occupation_computerisation_probability,Frey_Osborne,2013/2017,plotly_public_mirror,True,
51-9041,51-9041.00,"Extruding, Forming, Pressing and Compacting Machine Setters, Operators and Tenders","Extruding, Forming, Pressing, and Compacting Machine Setters, Operators, and Tenders",0.93,historical_occupation_computerisation_probability,Frey_Osborne,2013/2017,plotly_public_mirror,True,
51-4034,51-4034.00,"Lathe and Turning Machine Tool Setters, Operators and Tenders, Metal and Plastic","Lathe and Turning Machine Tool Setters, Operators, and Tenders, Metal and Plastic",0.84,historical_occupation_computerisation_probability,Frey_Osborne,2013/2017,plotly_public_mirror,True,
51-4021,51-4021.00,"Extruding and Drawing Machine Setters, Operators and Tenders, Metal and Plastic","Extruding and Drawing Machine Setters, Operators, and Tenders, Metal and Plastic",0.91,historical_occupation_computerisation_probability,Frey_Osborne,2013/2017,plotly_public_mirror,True,
51-6064,51-6064.00,"TextileWinding, Twisting and Drawing Out Machine Setters, Operators and Tenders","Textile Winding, Twisting, and Drawing Out Machine Setters, Operators, and Tenders",0.96,historical_occupation_computerisation_probability,Frey_Osborne,2013/2017,plotly_public_mirror,True,
37-1012,37-1012.00,"First-Line Supervisors of Landscaping, Lawn Service and Groundskeeping Workers","First-Line Supervisors of Landscaping, Lawn Service, and Groundskeeping Workers",0.57,historical_occupation_computerisation_probability,Frey_Osborne,2013/2017,plotly_public_mirror,True,
43-6014,43-6014.00,"Secretaries and Administrative Assistants, Except Legal, Medical and Executive","Secretaries and Administrative Assistants, Except Legal, Medical, and Executive",0.96,historical_occupation_computerisation_probability,Frey_Osborne,2013/2017,plotly_public_mirror,True,
49-2093,49-2093.00,"Electrical and Electronics Installers and Repairers, Transportation Equipment","Electrical and Electronics Installers and Repairers, Transportation Equipment",0.91,historical_occupation_computerisation_probability,Frey_Osborne,2013/2017,plotly_public_mirror,True,
51-4035,51-4035.00,"Milling and Planing Machine Setters, Operators and Tenders, Metal and Plastic","Milling and Planing Machine Setters, Operators, and Tenders, Metal and Plastic",0.98,historical_occupation_computerisation_probability,Frey_Osborne,2013/2017,plotly_public_mirror,True,
51-4193,51-4193.00,"Plating and Coating Machine Setters, Operators and Tenders, Metal and Plastic","Plating Machine Setters, Operators, and Tenders, Metal and Plastic",0.92,historical_occupation_computerisation_probability,Frey_Osborne,2013/2017,plotly_public_mirror,True,
49-2022,49-2022.00,"Telecommunications Equipment Installers and Repairers, Except Line Installers","Telecommunications Equipment Installers and Repairers, Except Line Installers",0.36,historical_occupation_computerisation_probability,Frey_Osborne,2013/2017,plotly_public_mirror,True,
51-3091,51-3091.00,"Food and Tobacco Roasting, Baking and Drying Machine Operators and Tenders","Food and Tobacco Roasting, Baking, and Drying Machine Operators and Tenders",0.91,historical_occupation_computerisation_probability,Frey_Osborne,2013/2017,plotly_public_mirror,True,
17-2111,17-2111.00,"Health and Safety Engineers, Except Mining Safety Engineers and Inspectors","Health and Safety Engineers, Except Mining Safety Engineers and Inspectors",0.028,historical_occupation_computerisation_probability,Frey_Osborne,2013/2017,plotly_public_mirror,True,
25-3011,25-3011.00,Adult Basic and Secondary Education and Literacy Teachers and Instructors,"Adult Basic Education, Adult Secondary Education, and English as a Second Language Instructors",0.19,historical_occupation_computerisation_probability,Frey_Osborne,2013/2017,plotly_public_mirror,True,
49-2094,49-2094.00,"Electrical and Electronics Repairers, Commercial and Industrial Equipment","Electrical and Electronics Repairers, Commercial and Industrial Equipment",0.41,historical_occupation_computerisation_probability,Frey_Osborne,2013/2017,plotly_public_mirror,True,
51-4191,51-4191.00,"Heat Treating Equipment Setters, Operators and Tenders, Metal and Plastic","Heat Treating Equipment Setters, Operators, and Tenders, Metal and Plastic",0.91,historical_occupation_computerisation_probability,Frey_Osborne,2013/2017,plotly_public_mirror,True,
47-3011,47-3011.00,"Helpers–Brickmasons, Blockmasons, Stonemasons and Tile and Marble Setters","Helpers--Brickmasons, Blockmasons, Stonemasons, and Tile and Marble Setters",0.83,historical_occupation_computerisation_probability,Frey_Osborne,2013/2017,plotly_public_mirror,True,
33-9092,33-9092.00,"Lifeguards, Ski Patrol and Other Recreational Protective Service Workers","Lifeguards, Ski Patrol, and Other Recreational Protective Service Workers",0.67,historical_occupation_computerisation_probability,Frey_Osborne,2013/2017,plotly_public_mirror,True,
43-5053,43-5053.00,"Postal Service Mail Sorters, Processors and Processing Machine Operators","Postal Service Mail Sorters, Processors, and Processing Machine Operators",0.79,historical_occupation_computerisation_probability,Frey_Osborne,2013/2017,plotly_public_mirror,True,
25-2031,25-2031.00,"Secondary School Teachers, Except Special and Career/Technical Education","Secondary School Teachers, Except Special and Career/Technical Education",0.0078,historical_occupation_computerisation_probability,Frey_Osborne,2013/2017,plotly_public_mirror,True,
51-9021,51-9021.00,"Crushing, Grinding and Polishing Machine Setters, Operators and Tenders","Crushing, Grinding, and Polishing Machine Setters, Operators, and Tenders",0.97,historical_occupation_computerisation_probability,Frey_Osborne,2013/2017,plotly_public_mirror,True,
41-9091,41-9091.00,"Door-to-Door Sales Workers, News and Street Vendors and Related Workers","Door-to-Door Sales Workers, News and Street Vendors, and Related Workers",0.94,historical_occupation_computerisation_probability,Frey_Osborne,2013/2017,plotly_public_mirror,True,
53-3011,53-3011.00,"Ambulance Drivers and Attendants, Except Emergency Medical Technicians","Ambulance Drivers and Attendants, Except Emergency Medical Technicians",0.25,historical_occupation_computerisation_probability,Frey_Osborne,2013/2017,plotly_public_mirror,True,
49-2095,49-2095.00,"Electrical and Electronics Repairers, Powerhouse, Substation and Relay","Electrical and Electronics Repairers, Powerhouse, Substation, and Relay",0.38,historical_occupation_computerisation_probability,Frey_Osborne,2013/2017,plotly_public_mirror,True,
51-4081,51-4081.00,"MultipleMachine Tool Setters, Operators and Tenders, Metal and Plastic","Multiple Machine Tool Setters, Operators, and Tenders, Metal and Plastic",0.91,historical_occupation_computerisation_probability,Frey_Osborne,2013/2017,plotly_public_mirror,True,
25-2022,25-2022.00,"Middle School Teachers, Except Special and Career/Technical Education","Middle School Teachers, Except Special and Career/Technical Education",0.17,historical_occupation_computerisation_probability,Frey_Osborne,2013/2017,plotly_public_mirror,True,
51-4122,51-4122.00,"Welding, Soldering and Brazing Machine Setters, Operators and Tenders","Welding, Soldering, and Brazing Machine Setters, Operators, and Tenders",0.61,historical_occupation_computerisation_probability,Frey_Osborne,2013/2017,plotly_public_mirror,True,
51-9192,51-9192.00,"Cleaning, Washing and Metal Pickling Equipment Operators and Tenders","Cleaning, Washing, and Metal Pickling Equipment Operators and Tenders",0.81,historical_occupation_computerisation_probability,Frey_Osborne,2013/2017,plotly_public_mirror,True,
47-1011,47-1011.00,First-Line Supervisors of Construction Trades and Extraction Workers,First-Line Supervisors of Construction Trades and Extraction Workers,0.17,historical_occupation_computerisation_probability,Frey_Osborne,2013/2017,plotly_public_mirror,True,
49-9021,49-9021.00,"Heating, Air Conditioning and Refrigeration Mechanics and Installers","Heating, Air Conditioning, and Refrigeration Mechanics and Installers",0.65,historical_occupation_computerisation_probability,Frey_Osborne,2013/2017,plotly_public_mirror,True,
43-1011,43-1011.00,First-Line Supervisors of Office and Administrative Support Workers,First-Line Supervisors of Office and Administrative Support Workers,0.014,historical_occupation_computerisation_probability,Frey_Osborne,2013/2017,plotly_public_mirror,True,
51-6063,51-6063.00,"Textile Knitting and Weaving Machine Setters, Operators and Tenders","Textile Knitting and Weaving Machine Setters, Operators, and Tenders",0.73,historical_occupation_computerisation_probability,Frey_Osborne,2013/2017,plotly_public_mirror,True,
49-9012,49-9012.00,"Control and Valve Installers and Repairers, Except Mechanical Door","Control and Valve Installers and Repairers, Except Mechanical Door",0.63,historical_occupation_computerisation_probability,Frey_Osborne,2013/2017,plotly_public_mirror,True,
17-2151,17-2151.00,"Mining and Geological Engineers, Including Mining Safety Engineers","Mining and Geological Engineers, Including Mining Safety Engineers",0.14,historical_occupation_computerisation_probability,Frey_Osborne,2013/2017,plotly_public_mirror,True,
51-4022,51-4022.00,"Forging Machine Setters, Operators and Tenders, Metal and Plastic","Forging Machine Setters, Operators, and Tenders, Metal and Plastic",0.93,historical_occupation_computerisation_probability,Frey_Osborne,2013/2017,plotly_public_mirror,True,
51-4023,51-4023.00,"Rolling Machine Setters, Operators and Tenders, Metal and Plastic","Rolling Machine Setters, Operators, and Tenders, Metal and Plastic",0.83,historical_occupation_computerisation_probability,Frey_Osborne,2013/2017,plotly_public_mirror,True,
51-7042,51-7042.00,"Woodworking Machine Setters, Operators and Tenders, Except Sawing","Woodworking Machine Setters, Operators, and Tenders, Except Sawing",0.97,historical_occupation_computerisation_probability,Frey_Osborne,2013/2017,plotly_public_mirror,True,
13-1011,13-1011.00,"Agents and Business Managers of Artists, Performers and Athletes","Agents and Business Managers of Artists, Performers, and Athletes",0.24,historical_occupation_computerisation_probability,Frey_Osborne,2013/2017,plotly_public_mirror,True,
11-9031,11-9031.00,"Education Administrators, Preschool and Childcare Center/Program","Education and Childcare Administrators, Preschool and Daycare",0.015,historical_occupation_computerisation_probability,Frey_Osborne,2013/2017,plotly_public_mirror,True,
49-2097,49-2097.00,Electronic Home Entertainment Equipment Installers and Repairers,Audiovisual Equipment Installers and Repairers,0.65,historical_occupation_computerisation_probability,Frey_Osborne,2013/2017,plotly_public_mirror,True,
45-1011,45-1011.00,"First-Line Supervisors of Farming, Fishing and Forestry Workers","First-Line Supervisors of Farming, Fishing, and Forestry Workers",0.57,historical_occupation_computerisation_probability,Frey_Osborne,2013/2017,plotly_public_mirror,True,
51-8093,51-8093.00,"Petroleum Pump System Operators, Refinery Operators and Gaugers","Petroleum Pump System Operators, Refinery Operators, and Gaugers",0.71,historical_occupation_computerisation_probability,Frey_Osborne,2013/2017,plotly_public_mirror,True,
33-1021,33-1021.00,First-Line Supervisors of Fire Fighting and Prevention Workers,First-Line Supervisors of Firefighting and Prevention Workers,0.0036,historical_occupation_computerisation_probability,Frey_Osborne,2013/2017,plotly_public_mirror,True,
35-1012,35-1012.00,First-Line Supervisors of Food Preparation and Serving Workers,First-Line Supervisors of Food Preparation and Serving Workers,0.63,historical_occupation_computerisation_probability,Frey_Osborne,2013/2017,plotly_public_mirror,True,
47-2073,47-2073.00,Operating Engineers and Other Construction Equipment Operators,Operating Engineers and Other Construction Equipment Operators,0.95,historical_occupation_computerisation_probability,Frey_Osborne,2013/2017,plotly_public_mirror,True,
43-4181,43-4181.00,Reservation and Transportation Ticket Agents and Travel Clerks,Reservation and Transportation Ticket Agents and Travel Clerks,0.61,historical_occupation_computerisation_probability,Frey_Osborne,2013/2017,plotly_public_mirror,True,
49-2096,49-2096.00,"Electronic Equipment Installers and Repairers, Motor Vehicles","Electronic Equipment Installers and Repairers, Motor Vehicles",0.61,historical_occupation_computerisation_probability,Frey_Osborne,2013/2017,plotly_public_mirror,True,
43-6011,43-6011.00,Executive Secretaries and Executive Administrative Assistants,Executive Secretaries and Executive Administrative Assistants,0.86,historical_occupation_computerisation_probability,Frey_Osborne,2013/2017,plotly_public_mirror,True,
49-1011,49-1011.00,"First-Line Supervisors of Mechanics, Installers and Repairers","First-Line Supervisors of Mechanics, Installers, and Repairers",0.003,historical_occupation_computerisation_probability,Frey_Osborne,2013/2017,plotly_public_mirror,True,
37-2011,37-2011.00,"Janitors and Cleaners, Except Maids and Housekeeping Cleaners","Janitors and Cleaners, Except Maids and Housekeeping Cleaners",0.66,historical_occupation_computerisation_probability,Frey_Osborne,2013/2017,plotly_public_mirror,True,
43-9051,43-9051.00,"Mail Clerks and Mail Machine Operators, Except Postal Service","Mail Clerks and Mail Machine Operators, Except Postal Service",0.94,historical_occupation_computerisation_probability,Frey_Osborne,2013/2017,plotly_public_mirror,True,
51-9151,51-9151.00,Photographic Process Workers and Processing Machine Operators,Photographic Process Workers and Processing Machine Operators,0.99,historical_occupation_computerisation_probability,Frey_Osborne,2013/2017,plotly_public_mirror,True,
13-1023,13-1023.00,"Purchasing Agents, Except Wholesale, Retail and Farm Products","Purchasing Agents, Except Wholesale, Retail, and Farm Products",0.77,historical_occupation_computerisation_probability,Frey_Osborne,2013/2017,plotly_public_mirror,True,
23-1021,23-1021.00,"Administrative Law Judges, Adjudicators and Hearing Officers","Administrative Law Judges, Adjudicators, and Hearing Officers",0.64,historical_occupation_computerisation_probability,Frey_Osborne,2013/2017,plotly_public_mirror,True,
51-2011,51-2011.00,"Aircraft Structure, Surfaces, Rigging and Systems Assemblers","Aircraft Structure, Surfaces, Rigging, and Systems Assemblers",0.79,historical_occupation_computerisation_probability,Frey_Osborne,2013/2017,plotly_public_mirror,True,
27-1013,27-1013.00,"Fine Artists, Including Painters, Sculptors and Illustrators","Fine Artists, Including Painters, Sculptors, and Illustrators",0.042,historical_occupation_computerisation_probability,Frey_Osborne,2013/2017,plotly_public_mirror,True,
37-1011,37-1011.00,First-Line Supervisors of Housekeeping and JanitorialWorkers,First-Line Supervisors of Housekeeping and Janitorial Workers,0.94,historical_occupation_computerisation_probability,Frey_Osborne,2013/2017,plotly_public_mirror,True,
47-3014,47-3014.00,"Helpers–Painters, Paperhangers, Plasterers and Stucco Masons","Helpers--Painters, Paperhangers, Plasterers, and Stucco Masons",0.94,historical_occupation_computerisation_probability,Frey_Osborne,2013/2017,plotly_public_mirror,True,
49-9091,49-9091.00,"Coin, Vending and Amusement Machine Servicers and Repairers","Coin, Vending, and Amusement Machine Servicers and Repairers",0.94,historical_occupation_computerisation_probability,Frey_Osborne,2013/2017,plotly_public_mirror,True,
51-9051,51-9051.00,"Furnace, Kiln, Oven, Drier and Kettle Operators and Tenders","Furnace, Kiln, Oven, Drier, and Kettle Operators and Tenders",0.37,historical_occupation_computerisation_probability,Frey_Osborne,2013/2017,plotly_public_mirror,True,
41-3031,41-3031.00,"Securities, Commodities and Financial Services Sales Agents","Securities, Commodities, and Financial Services Sales Agents",0.016,historical_occupation_computerisation_probability,Frey_Osborne,2013/2017,plotly_public_mirror,True,
51-9032,51-9032.00,"Cutting and Slicing Machine Setters, Operators and Tenders","Cutting and Slicing Machine Setters, Operators, and Tenders",0.86,historical_occupation_computerisation_probability,Frey_Osborne,2013/2017,plotly_public_mirror,True,
35-9011,35-9011.00,Dining Room and Cafeteria Attendants and Bartender Helpers,Dining Room and Cafeteria Attendants and Bartender Helpers,0.91,historical_occupation_computerisation_probability,Frey_Osborne,2013/2017,plotly_public_mirror,True,
19-2041,19-2041.00,"Environmental Scientists and Specialists, Including Health","Environmental Scientists and Specialists, Including Health",0.033,historical_occupation_computerisation_probability,Frey_Osborne,2013/2017,plotly_public_mirror,True,
51-1011,51-1011.00,First-Line Supervisors of Production and Operating Workers,First-Line Supervisors of Production and Operating Workers,0.016,historical_occupation_computerisation_probability,Frey_Osborne,2013/2017,plotly_public_mirror,True,
47-3015,47-3015.00,"Helpers–Pipelayers, Plumbers, Pipefitters and Steamfitters","Helpers--Pipelayers, Plumbers, Pipefitters, and Steamfitters",0.57,historical_occupation_computerisation_probability,Frey_Osborne,2013/2017,plotly_public_mirror,True,
43-4161,43-4161.00,"Human Resources Assistants, Except Payroll and Timekeeping","Human Resources Assistants, Except Payroll and Timekeeping",0.9,historical_occupation_computerisation_probability,Frey_Osborne,2013/2017,plotly_public_mirror,True,
49-2021,49-2021.00,"Radio, Cellular and Tower Equipment Installers and Repairs","Radio, Cellular, and Tower Equipment Installers and Repairers",0.93,historical_occupation_computerisation_probability,Frey_Osborne,2013/2017,plotly_public_mirror,True,
51-6061,51-6061.00,Textile Bleaching and Dyeing Machine Operators and Tenders,Textile Bleaching and Dyeing Machine Operators and Tenders,0.97,historical_occupation_computerisation_probability,Frey_Osborne,2013/2017,plotly_public_mirror,True,
11-9032,11-9032.00,"Education Administrators, Elementary and Secondary School","Education Administrators, Kindergarten through Secondary",0.0046,historical_occupation_computerisation_probability,Frey_Osborne,2013/2017,plotly_public_mirror,True,
51-9023,51-9023.00,"Mixing and BlendingMachine Setters, Operators and Tenders","Mixing and Blending Machine Setters, Operators, and Tenders",0.83,historical_occupation_computerisation_probability,Frey_Osborne,2013/2017,plotly_public_mirror,True,
21-1092,21-1092.00,Probation Officers and Correctional Treatment Specialists,Probation Officers and Correctional Treatment Specialists,0.25,historical_occupation_computerisation_probability,Frey_Osborne,2013/2017,plotly_public_mirror,True,
51-8031,51-8031.00,Water and Wastewater Treatment Plant and System Operators,Water and Wastewater Treatment Plant and System Operators,0.61,historical_occupation_computerisation_probability,Frey_Osborne,2013/2017,plotly_public_mirror,True,
43-5111,43-5111.00,"Weighers, Measurers, Checkers and Samplers, Recordkeeping","Weighers, Measurers, Checkers, and Samplers, Recordkeeping",0.95,historical_occupation_computerisation_probability,Frey_Osborne,2013/2017,plotly_public_mirror,True,
19-4099,19-4099.00,"Life, Physical and Social Science Technicians, All Other","Life, Physical, and Social Science Technicians, All Other",0.61,historical_occupation_computerisation_probability,Frey_Osborne,2013/2017,plotly_public_mirror,True,
49-3053,49-3053.00,Outdoor Power Equipment and Other Small Engine Mechanics,Outdoor Power Equipment and Other Small Engine Mechanics,0.93,historical_occupation_computerisation_probability,Frey_Osborne,2013/2017,plotly_public_mirror,True,
37-3012,37-3012.00,"Pesticide Handlers, Sprayers and Applicators, Vegetation","Pesticide Handlers, Sprayers, and Applicators, Vegetation",0.97,historical_occupation_computerisation_probability,Frey_Osborne,2013/2017,plotly_public_mirror,True,
11-9141,11-9141.00,"Property, Real Estate and Community Association Managers","Property, Real Estate, and Community Association Managers",0.81,historical_occupation_computerisation_probability,Frey_Osborne,2013/2017,plotly_public_mirror,True,
49-2011,49-2011.00,"Computer, Automated Teller and Office Machine Repairers","Computer, Automated Teller, and Office Machine Repairers",0.74,historical_occupation_computerisation_probability,Frey_Osborne,2013/2017,plotly_public_mirror,True,
21-1012,21-1012.00,"Educational, Guidance, School and Vocational Counselors","Educational, Guidance, and Career Counselors and Advisors",0.0085,historical_occupation_computerisation_probability,Frey_Osborne,2013/2017,plotly_public_mirror,True,
35-9031,35-9031.00,"Hosts and Hostesses, Restaurant, Lounge and Coffee Shop","Hosts and Hostesses, Restaurant, Lounge, and Coffee Shop",0.97,historical_occupation_computerisation_probability,Frey_Osborne,2013/2017,plotly_public_mirror,True,
27-4031,27-4031.00,"Camera Operators, Television, Video and Motion Picture","Camera Operators, Television, Video, and Film",0.6,historical_occupation_computerisation_probability,Frey_Osborne,2013/2017,plotly_public_mirror,True,
51-9195,51-9195.00,"Molders, Shapers and Casters, Except Metal and Plastic","Molders, Shapers, and Casters, Except Metal and Plastic",0.9,historical_occupation_computerisation_probability,Frey_Osborne,2013/2017,plotly_public_mirror,True,
51-6062,51-6062.00,"Textile Cutting Machine Setters, Operators and Tenders","Textile Cutting Machine Setters, Operators, and Tenders",0.95,historical_occupation_computerisation_probability,Frey_Osborne,2013/2017,plotly_public_mirror,True,
31-9096,31-9096.00,Veterinary Assistants and Laboratory Animal Caretakers,Veterinary Assistants and Laboratory Animal Caretakers,0.86,historical_occupation_computerisation_probability,Frey_Osborne,2013/2017,plotly_public_mirror,True,
49-3031,49-3031.00,Bus and Truck Mechanics and Diesel Engine Specialists,Bus and Truck Mechanics and Diesel Engine Specialists,0.73,historical_occupation_computerisation_probability,Frey_Osborne,2013/2017,plotly_public_mirror,True,
25-2032,25-2032.00,"Career/Technical Education Teachers, Secondary School","Career/Technical Education Teachers, Secondary School",0.0088,historical_occupation_computerisation_probability,Frey_Osborne,2013/2017,plotly_public_mirror,True,
33-9031,33-9031.00,Gaming Surveillance Officers and Gaming Investigators,Gambling Surveillance Officers and Gambling Investigators,0.95,historical_occupation_computerisation_probability,Frey_Osborne,2013/2017,plotly_public_mirror,True,
53-7062,53-7062.00,"Laborers and Freight, Stock and Material Movers, Hand","Laborers and Freight, Stock, and Material Movers, Hand",0.85,historical_occupation_computerisation_probability,Frey_Osborne,2013/2017,plotly_public_mirror,True,
47-4061,47-4061.00,Rail-Track Laying and Maintenance Equipment Operators,Rail-Track Laying and Maintenance Equipment Operators,0.89,historical_occupation_computerisation_probability,Frey_Osborne,2013/2017,plotly_public_mirror,True,
51-9193,51-9193.00,Cooling and Freezing Equipment Operators and Tenders,Cooling and Freezing Equipment Operators and Tenders,0.93,historical_occupation_computerisation_probability,Frey_Osborne,2013/2017,plotly_public_mirror,True,
25-2021,25-2021.00,"Elementary School Teachers, Except Special Education","Elementary School Teachers, Except Special Education",0.0044,historical_occupation_computerisation_probability,Frey_Osborne,2013/2017,plotly_public_mirror,True,
49-9098,49-9098.00,"Helpers–Installation, Maintenance and Repair Workers","Helpers--Installation, Maintenance, and Repair Workers",0.79,historical_occupation_computerisation_probability,Frey_Osborne,2013/2017,plotly_public_mirror,True,
13-1141,13-1141.00,"Compensation, Benefits and Job Analysis Specialists","Compensation, Benefits, and Job Analysis Specialists",0.47,historical_occupation_computerisation_probability,Frey_Osborne,2013/2017,plotly_public_mirror,True,
17-3029,17-3029.00,"Engineering Technicians, Except Drafters, All Other","Engineering Technologists and Technicians, Except Drafters, All Other",0.24,historical_occupation_computerisation_probability,Frey_Osborne,2013/2017,plotly_public_mirror,True,
51-9061,51-9061.00,"Inspectors, Testers, Sorters, Samplers and Weighers","Inspectors, Testers, Sorters, Samplers, and Weighers",0.98,historical_occupation_computerisation_probability,Frey_Osborne,2013/2017,plotly_public_mirror,True,
51-9111,51-9111.00,Packaging and Filling Machine Operators and Tenders,Packaging and Filling Machine Operators and Tenders,0.98,historical_occupation_computerisation_probability,Frey_Osborne,2013/2017,plotly_public_mirror,True,
51-7041,51-7041.00,"Sawing Machine Setters, Operators and Tenders, Wood","Sawing Machine Setters, Operators, and Tenders, Wood",0.86,historical_occupation_computerisation_probability,Frey_Osborne,2013/2017,plotly_public_mirror,True,
53-6061,53-6061.00,"Transportation Attendants, Except Flight Attendants",Passenger Attendants,0.75,historical_occupation_computerisation_probability,Frey_Osborne,2013/2017,plotly_public_mirror,True,
25-2023,25-2023.00,"Career/Technical Education Teachers, Middle School","Career/Technical Education Teachers, Middle School",0.26,historical_occupation_computerisation_probability,Frey_Osborne,2013/2017,plotly_public_mirror,True,
17-3023,17-3023.00,Electrical and Electronics Engineering Technicians,Electrical and Electronic Engineering Technologists and Technicians,0.84,historical_occupation_computerisation_probability,Frey_Osborne,2013/2017,plotly_public_mirror,True,
41-1012,41-1012.00,First-Line Supervisors of Non-Retail Sales Workers,First-Line Supervisors of Non-Retail Sales Workers,0.075,historical_occupation_computerisation_probability,Frey_Osborne,2013/2017,plotly_public_mirror,True,
19-2042,19-2042.00,"Geoscientists, Except Hydrologists and Geographers","Geoscientists, Except Hydrologists and Geographers",0.63,historical_occupation_computerisation_probability,Frey_Osborne,2013/2017,plotly_public_mirror,True,
39-3093,39-3093.00,"Locker Room, Coatroom and Dressing Room Attendants","Locker Room, Coatroom, and Dressing Room Attendants",0.43,historical_occupation_computerisation_probability,Frey_Osborne,2013/2017,plotly_public_mirror,True,
13-1161,13-1161.00,Market Research Analysts and Marketing Specialists,Market Research Analysts and Marketing Specialists,0.61,historical_occupation_computerisation_probability,Frey_Osborne,2013/2017,plotly_public_mirror,True,
51-9196,51-9196.00,"Paper Goods Machine Setters, Operators and Tenders","Paper Goods Machine Setters, Operators, and Tenders",0.67,historical_occupation_computerisation_probability,Frey_Osborne,2013/2017,plotly_public_mirror,True,
53-4013,53-4013.00,"Rail Yard Engineers, Dinkey Operators and Hostlers","Rail Yard Engineers, Dinkey Operators, and Hostlers",0.91,historical_occupation_computerisation_probability,Frey_Osborne,2013/2017,plotly_public_mirror,True,
49-9045,49-9045.00,"Refractory Materials Repairers, Except Brickmasons","Refractory Materials Repairers, Except Brickmasons",0.82,historical_occupation_computerisation_probability,Frey_Osborne,2013/2017,plotly_public_mirror,True,
21-1011,21-1011.00,Substance Abuse and Behavioral Disorder Counselors,Substance Abuse and Behavioral Disorder Counselors,0.033,historical_occupation_computerisation_probability,Frey_Osborne,2013/2017,plotly_public_mirror,True,
43-2011,43-2011.00,"Switchboard Operators, Including Answering Service","Switchboard Operators, Including Answering Service",0.96,historical_occupation_computerisation_probability,Frey_Osborne,2013/2017,plotly_public_mirror,True,
11-9013,11-9013.00,"Farmers, Ranchers and Other Agricultural Managers","Farmers, Ranchers, and Other Agricultural Managers",0.047,historical_occupation_computerisation_probability,Frey_Osborne,2013/2017,plotly_public_mirror,True,
33-2022,33-2022.00,Forest Fire Inspectors and Prevention Specialists,Forest Fire Inspectors and Prevention Specialists,0.048,historical_occupation_computerisation_probability,Frey_Osborne,2013/2017,plotly_public_mirror,True,
29-2061,29-2061.00,Licensed Practical and Licensed Vocational Nurses,Licensed Practical and Licensed Vocational Nurses,0.058,historical_occupation_computerisation_probability,Frey_Osborne,2013/2017,plotly_public_mirror,True,
47-2071,47-2071.00,"Paving, Surfacing and Tamping Equipment Operators","Paving, Surfacing, and Tamping Equipment Operators",0.83,historical_occupation_computerisation_probability,Frey_Osborne,2013/2017,plotly_public_mirror,True,
11-3071,11-3071.00,"Transportation, Storage and Distribution Managers","Transportation, Storage, and Distribution Managers",0.59,historical_occupation_computerisation_probability,Frey_Osborne,2013/2017,plotly_public_mirror,True,
13-1022,13-1022.00,"Wholesale and Retail Buyers, Except Farm Products","Wholesale and Retail Buyers, Except Farm Products",0.29,historical_occupation_computerisation_probability,Frey_Osborne,2013/2017,plotly_public_mirror,True,
17-3021,17-3021.00,Aerospace Engineering and Operations Technicians,Aerospace Engineering and Operations Technologists and Technicians,0.48,historical_occupation_computerisation_probability,Frey_Osborne,2013/2017,plotly_public_mirror,True,
49-2092,49-2092.00,"Electric Motor, Power Tool and Related Repairers","Electric Motor, Power Tool, and Related Repairers",0.76,historical_occupation_computerisation_probability,Frey_Osborne,2013/2017,plotly_public_mirror,True,
49-3041,49-3041.00,Farm Equipment Mechanics and Service Technicians,Farm Equipment Mechanics and Service Technicians,0.75,historical_occupation_computerisation_probability,Frey_Osborne,2013/2017,plotly_public_mirror,True,
47-2042,47-2042.00,"Floor Layers, Except Carpet, Wood and Hard Tiles","Floor Layers, Except Carpet, Wood, and Hard Tiles",0.79,historical_occupation_computerisation_probability,Frey_Osborne,2013/2017,plotly_public_mirror,True,
53-7071,53-7071.00,Gas Compressor and Gas Pumping Station Operators,Gas Compressor and Gas Pumping Station Operators,0.91,historical_occupation_computerisation_probability,Frey_Osborne,2013/2017,plotly_public_mirror,True,
49-9095,49-9095.00,Manufactured Building and Mobile Home Installers,Manufactured Building and Mobile Home Installers,0.18,historical_occupation_computerisation_probability,Frey_Osborne,2013/2017,plotly_public_mirror,True,
21-1023,21-1023.00,Mental Health and Substance Abuse Social Workers,Mental Health and Substance Abuse Social Workers,0.0031,historical_occupation_computerisation_probability,Frey_Osborne,2013/2017,plotly_public_mirror,True,
49-3042,49-3042.00,"Mobile Heavy Equipment Mechanics, Except Engines","Mobile Heavy Equipment Mechanics, Except Engines",0.4,historical_occupation_computerisation_probability,Frey_Osborne,2013/2017,plotly_public_mirror,True,
51-6021,51-6021.00,"Pressers, Textile, Garment and Related Materials","Pressers, Textile, Garment, and Related Materials",0.81,historical_occupation_computerisation_probability,Frey_Osborne,2013/2017,plotly_public_mirror,True,
19-3099,19-3099.00,"Social Scientists and Related Workers, All Other","Social Scientists and Related Workers, All Other",0.04,historical_occupation_computerisation_probability,Frey_Osborne,2013/2017,plotly_public_mirror,True,
49-9052,49-9052.00,Telecommunications Line Installers and Repairers,Telecommunications Line Installers and Repairers,0.49,historical_occupation_computerisation_probability,Frey_Osborne,2013/2017,plotly_public_mirror,True,
33-1011,33-1011.00,First-Line Supervisors of Correctional Officers,First-Line Supervisors of Correctional Officers,0.025,historical_occupation_computerisation_probability,Frey_Osborne,2013/2017,plotly_public_mirror,True,
33-1012,33-1012.00,First-Line Supervisors of Police and Detectives,First-Line Supervisors of Police and Detectives,0.0044,historical_occupation_computerisation_probability,Frey_Osborne,2013/2017,plotly_public_mirror,True,
25-2012,25-2012.00,"Kindergarten Teachers, Except Special Education","Kindergarten Teachers, Except Special Education",0.15,historical_occupation_computerisation_probability,Frey_Osborne,2013/2017,plotly_public_mirror,True,
13-2081,13-2081.00,Tax Examiners and Collectors and Revenue Agents,"Tax Examiners and Collectors, and Revenue Agents",0.93,historical_occupation_computerisation_probability,Frey_Osborne,2013/2017,plotly_public_mirror,True,
51-9191,51-9191.00,Adhesive Bonding Machine Operators and Tenders,Adhesive Bonding Machine Operators and Tenders,0.95,historical_occupation_computerisation_probability,Frey_Osborne,2013/2017,plotly_public_mirror,True,
43-5032,43-5032.00,"Dispatchers, Except Police, Fire and Ambulance","Dispatchers, Except Police, Fire, and Ambulance",0.96,historical_occupation_computerisation_probability,Frey_Osborne,2013/2017,plotly_public_mirror,True,
51-2022,51-2022.00,Electrical and Electronic Equipment Assemblers,Electrical and Electronic Equipment Assemblers,0.95,historical_occupation_computerisation_probability,Frey_Osborne,2013/2017,plotly_public_mirror,True,
49-9051,49-9051.00,Electrical Power-Line Installers and Repairers,Electrical Power-Line Installers and Repairers,0.097,historical_occupation_computerisation_probability,Frey_Osborne,2013/2017,plotly_public_mirror,True,
41-1011,41-1011.00,First-Line Supervisors of Retail Sales Workers,First-Line Supervisors of Retail Sales Workers,0.28,historical_occupation_computerisation_probability,Frey_Osborne,2013/2017,plotly_public_mirror,True,
53-2011,53-2011.00,"Airline Pilots, Copilots and Flight Engineers","Airline Pilots, Copilots, and Flight Engineers",0.18,historical_occupation_computerisation_probability,Frey_Osborne,2013/2017,plotly_public_mirror,True,
13-1031,13-1031.00,"Claims Adjusters, Examiners and Investigators","Claims Adjusters, Examiners, and Investigators",0.98,historical_occupation_computerisation_probability,Frey_Osborne,2013/2017,plotly_public_mirror,True,
21-2021,21-2021.00,"Directors, Religious Activities and Education","Directors, Religious Activities and Education",0.025,historical_occupation_computerisation_probability,Frey_Osborne,2013/2017,plotly_public_mirror,True,
43-4061,43-4061.00,"Eligibility Interviewers, Government Programs","Eligibility Interviewers, Government Programs",0.7,historical_occupation_computerisation_probability,Frey_Osborne,2013/2017,plotly_public_mirror,True,
39-5012,39-5012.00,"Hairdressers, Hairstylists and Cosmetologists","Hairdressers, Hairstylists, and Cosmetologists",0.11,historical_occupation_computerisation_probability,Frey_Osborne,2013/2017,plotly_public_mirror,True,
43-9041,43-9041.00,Insurance Claims and Policy Processing Clerks,Insurance Claims and Policy Processing Clerks,0.98,historical_occupation_computerisation_probability,Frey_Osborne,2013/2017,plotly_public_mirror,True,
51-9071,51-9071.00,Jewelers and Precious Stone and Metal Workers,Jewelers and Precious Stone and Metal Workers,0.95,historical_occupation_computerisation_probability,Frey_Osborne,2013/2017,plotly_public_mirror,True,
29-2011,29-2011.00,Medical and Clinical Laboratory Technologists,Medical and Clinical Laboratory Technologists,0.9,historical_occupation_computerisation_probability,Frey_Osborne,2013/2017,plotly_public_mirror,True,
47-4071,47-4071.00,Septic Tank Servicers and Sewer Pipe Cleaners,Septic Tank Servicers and Sewer Pipe Cleaners,0.83,historical_occupation_computerisation_probability,Frey_Osborne,2013/2017,plotly_public_mirror,True,
53-6031,53-6031.00,Automotive and Watercraft Service Attendants,Automotive and Watercraft Service Attendants,0.83,historical_occupation_computerisation_probability,Frey_Osborne,2013/2017,plotly_public_mirror,True,
49-3023,49-3023.00,Automotive Service Technicians and Mechanics,Automotive Service Technicians and Mechanics,0.59,historical_occupation_computerisation_probability,Frey_Osborne,2013/2017,plotly_public_mirror,True,
29-2031,29-2031.00,Cardiovascular Technologists and Technicians,Cardiovascular Technologists and Technicians,0.23,historical_occupation_computerisation_probability,Frey_Osborne,2013/2017,plotly_public_mirror,True,
51-4051,51-4051.00,Metal-Refining Furnace Operators and Tenders,Metal-Refining Furnace Operators and Tenders,0.88,historical_occupation_computerisation_probability,Frey_Osborne,2013/2017,plotly_public_mirror,True,
25-2011,25-2011.00,"Preschool Teachers, Except Special Education","Preschool Teachers, Except Special Education",0.0074,historical_occupation_computerisation_probability,Frey_Osborne,2013/2017,plotly_public_mirror,True,
27-2023,27-2023.00,"Umpires, Referees and Other Sports Officials","Umpires, Referees, and Other Sports Officials",0.98,historical_occupation_computerisation_probability,Frey_Osborne,2013/2017,plotly_public_mirror,True,
43-3031,43-3031.00,"Bookkeeping, Accounting and Auditing Clerks","Bookkeeping, Accounting, and Auditing Clerks",0.98,historical_occupation_computerisation_probability,Frey_Osborne,2013/2017,plotly_public_mirror,True,
13-1021,13-1021.00,"Buyers and Purchasing Agents, Farm Products","Buyers and Purchasing Agents, Farm Products",0.87,historical_occupation_computerisation_probability,Frey_Osborne,2013/2017,plotly_public_mirror,True,
49-9061,49-9061.00,Camera and Photographic Equipment Repairers,Camera and Photographic Equipment Repairers,0.97,historical_occupation_computerisation_probability,Frey_Osborne,2013/2017,plotly_public_mirror,True,
53-5021,53-5021.00,"Captains, Mates and Pilots of Water Vessels","Captains, Mates, and Pilots of Water Vessels",0.27,historical_occupation_computerisation_probability,Frey_Osborne,2013/2017,plotly_public_mirror,True,
47-2131,47-2131.00,"Insulation Workers, Floor, Ceiling and Wall","Insulation Workers, Floor, Ceiling, and Wall",0.83,historical_occupation_computerisation_probability,Frey_Osborne,2013/2017,plotly_public_mirror,True,
51-3022,51-3022.00,"Meat, Poultry and Fish Cutters and Trimmers","Meat, Poultry, and Fish Cutters and Trimmers",0.94,historical_occupation_computerisation_probability,Frey_Osborne,2013/2017,plotly_public_mirror,True,
29-2012,29-2012.00,Medical and Clinical Laboratory Technicians,Medical and Clinical Laboratory Technicians,0.47,historical_occupation_computerisation_probability,Frey_Osborne,2013/2017,plotly_public_mirror,True,
49-3051,49-3051.00,Motorboat Mechanics and Service Technicians,Motorboat Mechanics and Service Technicians,0.66,historical_occupation_computerisation_probability,Frey_Osborne,2013/2017,plotly_public_mirror,True,
47-5013,47-5013.00,"Service Unit Operators, Oil, Gas and Mining","Service Unit Operators, Oil and Gas",0.93,historical_occupation_computerisation_probability,Frey_Osborne,2013/2017,plotly_public_mirror,True,
49-3011,49-3011.00,Aircraft Mechanics and Service Technicians,Aircraft Mechanics and Service Technicians,0.71,historical_occupation_computerisation_probability,Frey_Osborne,2013/2017,plotly_public_mirror,True,
13-1199,13-1199.00,"Business Operations Specialists, All Other","Business Operations Specialists, All Other",0.23,historical_occupation_computerisation_probability,Frey_Osborne,2013/2017,plotly_public_mirror,True,
51-3093,51-3093.00,Food Cooking Machine Operators and Tenders,Food Cooking Machine Operators and Tenders,0.61,historical_occupation_computerisation_probability,Frey_Osborne,2013/2017,plotly_public_mirror,True,
39-3012,39-3012.00,Gaming and Sports Book Writers and Runners,Gambling and Sports Book Writers and Runners,0.91,historical_occupation_computerisation_probability,Frey_Osborne,2013/2017,plotly_public_mirror,True,
45-2041,45-2041.00,"Graders and Sorters, Agricultural Products","Graders and Sorters, Agricultural Products",0.41,historical_occupation_computerisation_probability,Frey_Osborne,2013/2017,plotly_public_mirror,True,
39-5091,39-5091.00,"Makeup Artists, Theatrical and Performance","Makeup Artists, Theatrical and Performance",0.01,historical_occupation_computerisation_probability,Frey_Osborne,2013/2017,plotly_public_mirror,True,
19-1042,19-1042.00,"Medical Scientists, Except Epidemiologists","Medical Scientists, Except Epidemiologists",0.0045,historical_occupation_computerisation_probability,Frey_Osborne,2013/2017,plotly_public_mirror,True,
27-1026,27-1026.00,Merchandise Displayers and Window Trimmers,Merchandise Displayers and Window Trimmers,0.48,historical_occupation_computerisation_probability,Frey_Osborne,2013/2017,plotly_public_mirror,True,
43-5061,43-5061.00,"Production, Planning and Expediting Clerks","Production, Planning, and Expediting Clerks",0.88,historical_occupation_computerisation_probability,Frey_Osborne,2013/2017,plotly_public_mirror,True,
49-2098,49-2098.00,Security and Fire Alarm Systems Installers,Security and Fire Alarm Systems Installers,0.82,historical_occupation_computerisation_probability,Frey_Osborne,2013/2017,plotly_public_mirror,True,
23-2093,23-2093.00,"Title Examiners, Abstractors and Searchers","Title Examiners, Abstractors, and Searchers",0.99,historical_occupation_computerisation_probability,Frey_Osborne,2013/2017,plotly_public_mirror,True,
39-3031,39-3031.00,"Ushers, Lobby Attendants and Ticket Takers","Ushers, Lobby Attendants, and Ticket Takers",0.96,historical_occupation_computerisation_probability,Frey_Osborne,2013/2017,plotly_public_mirror,True,
49-3022,49-3022.00,Automotive Glass Installers and Repairers,Automotive Glass Installers and Repairers,0.55,historical_occupation_computerisation_probability,Frey_Osborne,2013/2017,plotly_public_mirror,True,
11-3021,11-3021.00,Computer and Information Systems Managers,Computer and Information Systems Managers,0.035,historical_occupation_computerisation_probability,Frey_Osborne,2013/2017,plotly_public_mirror,True,
39-9031,39-9031.00,Fitness Trainers and Aerobics Instructors,Exercise Trainers and Group Fitness Instructors,0.085,historical_occupation_computerisation_probability,Frey_Osborne,2013/2017,plotly_public_mirror,True,
43-4111,43-4111.00,"Interviewers, Except Eligibility and Loan","Interviewers, Except Eligibility and Loan",0.94,historical_occupation_computerisation_probability,Frey_Osborne,2013/2017,plotly_public_mirror,True,
23-1023,23-1023.00,Judges,"Judges, Magistrate Judges, and Magistrates",0.4,historical_occupation_computerisation_probability,Frey_Osborne,2013/2017,plotly_public_mirror,True,
43-9071,43-9071.00,"Office Machine Operators, Except Computer","Office Machine Operators, Except Computer",0.92,historical_occupation_computerisation_probability,Frey_Osborne,2013/2017,plotly_public_mirror,True,
53-7081,53-7081.00,Refuse and Recyclable Material Collectors,Refuse and Recyclable Material Collectors,0.93,historical_occupation_computerisation_probability,Frey_Osborne,2013/2017,plotly_public_mirror,True,
51-8021,51-8021.00,Stationary Engineers and Boiler Operators,Stationary Engineers and Boiler Operators,0.89,historical_occupation_computerisation_probability,Frey_Osborne,2013/2017,plotly_public_mirror,True,
51-9011,51-9011.00,Chemical Equipment Operators and Tenders,Chemical Equipment Operators and Tenders,0.76,historical_occupation_computerisation_probability,Frey_Osborne,2013/2017,plotly_public_mirror,True,
41-2012,41-2012.00,Gaming Change Persons and Booth Cashiers,Gambling Change Persons and Booth Cashiers,0.83,historical_occupation_computerisation_probability,Frey_Osborne,2013/2017,plotly_public_mirror,True,
53-3033,53-3033.00,Light Truck or Delivery Services Drivers,Light Truck Drivers,0.69,historical_occupation_computerisation_probability,Frey_Osborne,2013/2017,plotly_public_mirror,True,
51-9123,51-9123.00,"Painting, Coating and Decorating Workers","Painting, Coating, and Decorating Workers",0.92,historical_occupation_computerisation_probability,Frey_Osborne,2013/2017,plotly_public_mirror,True,
49-3092,49-3092.00,Recreational Vehicle Service Technicians,Recreational Vehicle Service Technicians,0.59,historical_occupation_computerisation_probability,Frey_Osborne,2013/2017,plotly_public_mirror,True,
51-2041,51-2041.00,Structural Metal Fabricators and Fitters,Structural Metal Fabricators and Fitters,0.41,historical_occupation_computerisation_probability,Frey_Osborne,2013/2017,plotly_public_mirror,True,
29-2056,29-2056.00,Veterinary Technologists and Technicians,Veterinary Technologists and Technicians,0.029,historical_occupation_computerisation_probability,Frey_Osborne,2013/2017,plotly_public_mirror,True,
23-1022,23-1022.00,"Arbitrators, Mediators and Conciliators","Arbitrators, Mediators, and Conciliators",0.06,historical_occupation_computerisation_probability,Frey_Osborne,2013/2017,plotly_public_mirror,True,
21-1021,21-1021.00,"Child, Family and School Social Workers","Child, Family, and School Social Workers",0.028,historical_occupation_computerisation_probability,Frey_Osborne,2013/2017,plotly_public_mirror,True,
43-4041,43-4041.00,"Credit Authorizers, Checkers and Clerks","Credit Authorizers, Checkers, and Clerks",0.97,historical_occupation_computerisation_probability,Frey_Osborne,2013/2017,plotly_public_mirror,True,
11-9033,11-9033.00,"Education Administrators, Postsecondary","Education Administrators, Postsecondary",0.01,historical_occupation_computerisation_probability,Frey_Osborne,2013/2017,plotly_public_mirror,True,
53-3032,53-3032.00,Heavy and Tractor-Trailer Truck Drivers,Heavy and Tractor-Trailer Truck Drivers,0.79,historical_occupation_computerisation_probability,Frey_Osborne,2013/2017,plotly_public_mirror,True,
19-3032,19-3032.00,Industrial-Organizational Psychologists,Industrial-Organizational Psychologists,0.012,historical_occupation_computerisation_probability,Frey_Osborne,2013/2017,plotly_public_mirror,True,
49-9071,49-9071.00,"Maintenance and Repair Workers, General","Maintenance and Repair Workers, General",0.64,historical_occupation_computerisation_probability,Frey_Osborne,2013/2017,plotly_public_mirror,True,
49-9063,49-9063.00,Musical Instrument Repairers and Tuners,Musical Instrument Repairers and Tuners,0.91,historical_occupation_computerisation_probability,Frey_Osborne,2013/2017,plotly_public_mirror,True,
53-7072,53-7072.00,"Pump Operators, Except Wellhead Pumpers","Pump Operators, Except Wellhead Pumpers",0.9,historical_occupation_computerisation_probability,Frey_Osborne,2013/2017,plotly_public_mirror,True,
51-4121,51-4121.00,"Welders, Cutters, Solderers and Brazers","Welders, Cutters, Solderers, and Brazers",0.94,historical_occupation_computerisation_probability,Frey_Osborne,2013/2017,plotly_public_mirror,True,
17-1011,17-1011.00,"Architects, Except Landscape and Naval","Architects, Except Landscape and Naval",0.018,historical_occupation_computerisation_probability,Frey_Osborne,2013/2017,plotly_public_mirror,True,
11-9041,11-9041.00,Architectural and Engineering Managers,Architectural and Engineering Managers,0.017,historical_occupation_computerisation_probability,Frey_Osborne,2013/2017,plotly_public_mirror,True,
51-2023,51-2023.00,Electromechanical Equipment Assemblers,Electromechanical Equipment Assemblers,0.97,historical_occupation_computerisation_probability,Frey_Osborne,2013/2017,plotly_public_mirror,True,
17-2072,17-2072.00,"Electronics Engineers, Except Computer","Electronics Engineers, Except Computer",0.025,historical_occupation_computerisation_probability,Frey_Osborne,2013/2017,plotly_public_mirror,True,
53-7051,53-7051.00,Industrial Truck and Tractor Operators,Industrial Truck and Tractor Operators,0.93,historical_occupation_computerisation_probability,Frey_Osborne,2013/2017,plotly_public_mirror,True,
37-3011,37-3011.00,Landscaping and Groundskeeping Workers,Landscaping and Groundskeeping Workers,0.95,historical_occupation_computerisation_probability,Frey_Osborne,2013/2017,plotly_public_mirror,True,
13-1121,13-1121.00,"Meeting, Convention and Event Planners","Meeting, Convention, and Event Planners",0.037,historical_occupation_computerisation_probability,Frey_Osborne,2013/2017,plotly_public_mirror,True,
47-2141,47-2141.00,"Painters, Construction and Maintenance","Painters, Construction and Maintenance",0.75,historical_occupation_computerisation_probability,Frey_Osborne,2013/2017,plotly_public_mirror,True,
47-2152,47-2152.00,"Plumbers, Pipefitters and Steamfitters","Plumbers, Pipefitters, and Steamfitters",0.35,historical_occupation_computerisation_probability,Frey_Osborne,2013/2017,plotly_public_mirror,True,
43-5031,43-5031.00,"Police, Fire and Ambulance Dispatchers",Public Safety Telecommunicators,0.49,historical_occupation_computerisation_probability,Frey_Osborne,2013/2017,plotly_public_mirror,True,
43-5071,43-5071.00,"Shipping, Receiving and Traffic Clerks","Shipping, Receiving, and Inventory Clerks",0.98,historical_occupation_computerisation_probability,Frey_Osborne,2013/2017,plotly_public_mirror,True,
51-6041,51-6041.00,Shoe and Leather Workers and Repairers,Shoe and Leather Workers and Repairers,0.52,historical_occupation_computerisation_probability,Frey_Osborne,2013/2017,plotly_public_mirror,True,
51-6052,51-6052.00,"Tailors, Dressmakers and Custom Sewers","Tailors, Dressmakers, and Custom Sewers",0.84,historical_occupation_computerisation_probability,Frey_Osborne,2013/2017,plotly_public_mirror,True,
27-4011,27-4011.00,Audio and Video Equipment Technicians,Audio and Video Technicians,0.55,historical_occupation_computerisation_probability,Frey_Osborne,2013/2017,plotly_public_mirror,True,
49-3021,49-3021.00,Automotive Body and Related Repairers,Automotive Body and Related Repairers,0.91,historical_occupation_computerisation_probability,Frey_Osborne,2013/2017,plotly_public_mirror,True,
33-3021,33-3021.00,Detectives and Criminal Investigators,Detectives and Criminal Investigators,0.34,historical_occupation_computerisation_probability,Frey_Osborne,2013/2017,plotly_public_mirror,True,
17-3025,17-3025.00,Environmental Engineering Technicians,Environmental Engineering Technologists and Technicians,0.25,historical_occupation_computerisation_probability,Frey_Osborne,2013/2017,plotly_public_mirror,True,
17-2121,17-2121.00,Marine Engineers and Naval Architects,Marine Engineers and Naval Architects,0.01,historical_occupation_computerisation_probability,Frey_Osborne,2013/2017,plotly_public_mirror,True,
51-8099,51-8099.00,"Plant and System Operators, All Other","Plant and System Operators, All Other",0.86,historical_occupation_computerisation_probability,Frey_Osborne,2013/2017,plotly_public_mirror,True,
11-9151,11-9151.00,Social and Community Service Managers,Social and Community Service Managers,0.0067,historical_occupation_computerisation_probability,Frey_Osborne,2013/2017,plotly_public_mirror,True,
47-2051,47-2051.00,Cement Masons and Concrete Finishers,Cement Masons and Concrete Finishers,0.94,historical_occupation_computerisation_probability,Frey_Osborne,2013/2017,plotly_public_mirror,True,
47-4011,47-4011.00,Construction and Building Inspectors,Construction and Building Inspectors,0.63,historical_occupation_computerisation_probability,Frey_Osborne,2013/2017,plotly_public_mirror,True,
51-9022,51-9022.00,"Grinding and Polishing Workers, Hand","Grinding and Polishing Workers, Hand",0.97,historical_occupation_computerisation_probability,Frey_Osborne,2013/2017,plotly_public_mirror,True,
11-9111,11-9111.00,Medical and Health Services Managers,Medical and Health Services Managers,0.0073,historical_occupation_computerisation_probability,Frey_Osborne,2013/2017,plotly_public_mirror,True,
33-3051,33-3051.00,Police and Sheriff’s Patrol Officers,Police and Sheriff's Patrol Officers,0.098,historical_occupation_computerisation_probability,Frey_Osborne,2013/2017,plotly_public_mirror,True,
11-9131,11-9131.00,Postmasters and Mail Superintendents,Postmasters and Mail Superintendents,0.75,historical_occupation_computerisation_probability,Frey_Osborne,2013/2017,plotly_public_mirror,True,
33-9021,33-9021.00,Private Detectives and Investigators,Private Detectives and Investigators,0.31,historical_occupation_computerisation_probability,Frey_Osborne,2013/2017,plotly_public_mirror,True,
43-4171,43-4171.00,Receptionists and Information Clerks,Receptionists and Information Clerks,0.96,historical_occupation_computerisation_probability,Frey_Osborne,2013/2017,plotly_public_mirror,True,
51-4194,51-4194.00,"Tool Grinders, Filers and Sharpeners","Tool Grinders, Filers, and Sharpeners",0.88,historical_occupation_computerisation_probability,Frey_Osborne,2013/2017,plotly_public_mirror,True,
13-1151,13-1151.00,Training and Development Specialists,Training and Development Specialists,0.014,historical_occupation_computerisation_probability,Frey_Osborne,2013/2017,plotly_public_mirror,True,
11-2011,11-2011.00,Advertising and Promotions Managers,Advertising and Promotions Managers,0.039,historical_occupation_computerisation_probability,Frey_Osborne,2013/2017,plotly_public_mirror,True,
39-3091,39-3091.00,Amusement and Recreation Attendants,Amusement and Recreation Attendants,0.72,historical_occupation_computerisation_probability,Frey_Osborne,2013/2017,plotly_public_mirror,True,
17-1021,17-1021.00,Cartographers and Photogrammetrists,Cartographers and Photogrammetrists,0.88,historical_occupation_computerisation_probability,Frey_Osborne,2013/2017,plotly_public_mirror,True,
51-8091,51-8091.00,Chemical Plant and System Operators,Chemical Plant and System Operators,0.85,historical_occupation_computerisation_probability,Frey_Osborne,2013/2017,plotly_public_mirror,True,
27-1021,27-1021.00,Commercial and Industrial Designers,Commercial and Industrial Designers,0.037,historical_occupation_computerisation_probability,Frey_Osborne,2013/2017,plotly_public_mirror,True,
47-5041,47-5041.00,Continuous Mining Machine Operators,Continuous Mining Machine Operators,0.54,historical_occupation_computerisation_probability,Frey_Osborne,2013/2017,plotly_public_mirror,True,
43-4031,43-4031.00,"Court, Municipal and License Clerks","Court, Municipal, and License Clerks",0.46,historical_occupation_computerisation_probability,Frey_Osborne,2013/2017,plotly_public_mirror,True,
41-9011,41-9011.00,Demonstrators and Product Promoters,Demonstrators and Product Promoters,0.51,historical_occupation_computerisation_probability,Frey_Osborne,2013/2017,plotly_public_mirror,True,
47-2081,47-2081.00,Drywall and Ceiling Tile Installers,Drywall and Ceiling Tile Installers,0.79,historical_occupation_computerisation_probability,Frey_Osborne,2013/2017,plotly_public_mirror,True,
17-3012,17-3012.00,Electrical and Electronics Drafters,Electrical and Electronics Drafters,0.81,historical_occupation_computerisation_probability,Frey_Osborne,2013/2017,plotly_public_mirror,True,
51-2031,51-2031.00,Engine and Other Machine Assemblers,Engine and Other Machine Assemblers,0.82,historical_occupation_computerisation_probability,Frey_Osborne,2013/2017,plotly_public_mirror,True,
47-4041,47-4041.00,Hazardous Materials Removal Workers,Hazardous Materials Removal Workers,0.53,historical_occupation_computerisation_probability,Frey_Osborne,2013/2017,plotly_public_mirror,True,
43-4081,43-4081.00,"Hotel, Motel and Resort Desk Clerks","Hotel, Motel, and Resort Desk Clerks",0.94,historical_occupation_computerisation_probability,Frey_Osborne,2013/2017,plotly_public_mirror,True,
25-4013,25-4013.00,Museum Technicians and Conservators,Museum Technicians and Conservators,0.59,historical_occupation_computerisation_probability,Frey_Osborne,2013/2017,plotly_public_mirror,True,
51-5113,51-5113.00,Print Binding and Finishing Workers,Print Binding and Finishing Workers,0.95,historical_occupation_computerisation_probability,Frey_Osborne,2013/2017,plotly_public_mirror,True,
53-4031,53-4031.00,Railroad Conductors and Yardmasters,Railroad Conductors and Yardmasters,0.83,historical_occupation_computerisation_probability,Frey_Osborne,2013/2017,plotly_public_mirror,True,
47-5012,47-5012.00,"Rotary Drill Operators, Oil and Gas","Rotary Drill Operators, Oil and Gas",0.53,historical_occupation_computerisation_probability,Frey_Osborne,2013/2017,plotly_public_mirror,True,
21-1093,21-1093.00,Social and Human Service Assistants,Social and Human Service Assistants,0.13,historical_occupation_computerisation_probability,Frey_Osborne,2013/2017,plotly_public_mirror,True,
51-7011,51-7011.00,Cabinetmakers and Bench Carpenters,Cabinetmakers and Bench Carpenters,0.92,historical_occupation_computerisation_probability,Frey_Osborne,2013/2017,plotly_public_mirror,True,
53-7061,53-7061.00,Cleaners of Vehicles and Equipment,Cleaners of Vehicles and Equipment,0.37,historical_occupation_computerisation_probability,Frey_Osborne,2013/2017,plotly_public_mirror,True,
51-2021,51-2021.00,"Coil Winders, Tapers and Finishers","Coil Winders, Tapers, and Finishers",0.73,historical_occupation_computerisation_probability,Frey_Osborne,2013/2017,plotly_public_mirror,True,
11-3111,11-3111.00,Compensation and Benefits Managers,Compensation and Benefits Managers,0.96,historical_occupation_computerisation_probability,Frey_Osborne,2013/2017,plotly_public_mirror,True,
17-3026,17-3026.00,Industrial Engineering Technicians,Industrial Engineering Technologists and Technicians,0.03,historical_occupation_computerisation_probability,Frey_Osborne,2013/2017,plotly_public_mirror,True,
17-3027,17-3027.00,Mechanical Engineering Technicians,Mechanical Engineering Technologists and Technicians,0.38,historical_occupation_computerisation_probability,Frey_Osborne,2013/2017,plotly_public_mirror,True,
51-8012,51-8012.00,Power Distributors and Dispatchers,Power Distributors and Dispatchers,0.64,historical_occupation_computerisation_probability,Frey_Osborne,2013/2017,plotly_public_mirror,True,
47-2171,47-2171.00,Reinforcing Iron and Rebar Workers,Reinforcing Iron and Rebar Workers,0.9,historical_occupation_computerisation_probability,Frey_Osborne,2013/2017,plotly_public_mirror,True,
25-3021,25-3021.00,Self-Enrichment Education Teachers,Self-Enrichment Teachers,0.13,historical_occupation_computerisation_probability,Frey_Osborne,2013/2017,plotly_public_mirror,True,
51-6042,51-6042.00,Shoe Machine Operators and Tenders,Shoe Machine Operators and Tenders,0.97,historical_occupation_computerisation_probability,Frey_Osborne,2013/2017,plotly_public_mirror,True,
19-4061,19-4061.00,Social Science Research Assistants,Social Science Research Assistants,0.65,historical_occupation_computerisation_probability,Frey_Osborne,2013/2017,plotly_public_mirror,True,
19-1023,19-1023.00,Zoologists and Wildlife Biologists,Zoologists and Wildlife Biologists,0.3,historical_occupation_computerisation_probability,Frey_Osborne,2013/2017,plotly_public_mirror,True,
19-3091,19-3091.00,Anthropologists and Archeologists,Anthropologists and Archeologists,0.0077,historical_occupation_computerisation_probability,Frey_Osborne,2013/2017,plotly_public_mirror,True,
33-3012,33-3012.00,Correctional Officers and Jailers,Correctional Officers and Jailers,0.6,historical_occupation_computerisation_probability,Frey_Osborne,2013/2017,plotly_public_mirror,True,
47-4021,47-4021.00,Elevator Installers and Repairers,Elevator and Escalator Installers and Repairers,0.39,historical_occupation_computerisation_probability,Frey_Osborne,2013/2017,plotly_public_mirror,True,
25-9021,25-9021.00,Farm and Home Management Advisors,Farm and Home Management Educators,0.0075,historical_occupation_computerisation_probability,Frey_Osborne,2013/2017,plotly_public_mirror,True,
33-2021,33-2021.00,Fire Inspectors and Investigators,Fire Inspectors and Investigators,0.48,historical_occupation_computerisation_probability,Frey_Osborne,2013/2017,plotly_public_mirror,True,
19-1012,19-1012.00,Food Scientists and Technologists,Food Scientists and Technologists,0.077,historical_occupation_computerisation_probability,Frey_Osborne,2013/2017,plotly_public_mirror,True,
13-1032,13-1032.00,"Insurance Appraisers, Auto Damage","Insurance Appraisers, Auto Damage",0.98,historical_occupation_computerisation_probability,Frey_Osborne,2013/2017,plotly_public_mirror,True,
51-4192,51-4192.00,"Layout Workers, Metal and Plastic","Layout Workers, Metal and Plastic",0.84,historical_occupation_computerisation_probability,Frey_Osborne,2013/2017,plotly_public_mirror,True,
51-9083,51-9083.00,Ophthalmic Laboratory Technicians,Ophthalmic Laboratory Technicians,0.97,historical_occupation_computerisation_probability,Frey_Osborne,2013/2017,plotly_public_mirror,True,
49-9097,49-9097.00,Signal and Track Switch Repairers,Signal and Track Switch Repairers,0.9,historical_occupation_computerisation_probability,Frey_Osborne,2013/2017,plotly_public_mirror,True,
47-2221,47-2221.00,Structural Iron and Steel Workers,Structural Iron and Steel Workers,0.83,historical_occupation_computerisation_probability,Frey_Osborne,2013/2017,plotly_public_mirror,True,
17-3031,17-3031.00,Surveying and Mapping Technicians,Surveying and Mapping Technicians,0.96,historical_occupation_computerisation_probability,Frey_Osborne,2013/2017,plotly_public_mirror,True,
11-3131,11-3131.00,Training and Development Managers,Training and Development Managers,0.0063,historical_occupation_computerisation_probability,Frey_Osborne,2013/2017,plotly_public_mirror,True,
17-3011,17-3011.00,Architectural and Civil Drafters,Architectural and Civil Drafters,0.52,historical_occupation_computerisation_probability,Frey_Osborne,2013/2017,plotly_public_mirror,True,
19-2021,19-2021.00,Atmospheric and Space Scientists,Atmospheric and Space Scientists,0.67,historical_occupation_computerisation_probability,Frey_Osborne,2013/2017,plotly_public_mirror,True,
19-1029,19-1029.00,"Biological Scientists, All Other","Biological Scientists, All Other",0.015,historical_occupation_computerisation_probability,Frey_Osborne,2013/2017,plotly_public_mirror,True,
35-2012,35-2012.00,"Cooks, Institution and Cafeteria","Cooks, Institution and Cafeteria",0.83,historical_occupation_computerisation_probability,Frey_Osborne,2013/2017,plotly_public_mirror,True,
43-4051,43-4051.00,Customer Service Representatives,Customer Service Representatives,0.55,historical_occupation_computerisation_probability,Frey_Osborne,2013/2017,plotly_public_mirror,True,
51-6092,51-6092.00,Fabric and Apparel Patternmakers,Fabric and Apparel Patternmakers,0.0049,historical_occupation_computerisation_probability,Frey_Osborne,2013/2017,plotly_public_mirror,True,
13-2099,13-2099.00,"Financial Specialists, All Other","Financial Specialists, All Other",0.33,historical_occupation_computerisation_probability,Frey_Osborne,2013/2017,plotly_public_mirror,True,
51-6011,51-6011.00,Laundry and Dry-Cleaning Workers,Laundry and Dry-Cleaning Workers,0.71,historical_occupation_computerisation_probability,Frey_Osborne,2013/2017,plotly_public_mirror,True,
27-1014,27-1014.00,Multimedia Artists and Animators,Special Effects Artists and Animators,0.015,historical_occupation_computerisation_probability,Frey_Osborne,2013/2017,plotly_public_mirror,True,
51-4062,51-4062.00,"Patternmakers, Metal and Plastic","Patternmakers, Metal and Plastic",0.9,historical_occupation_computerisation_probability,Frey_Osborne,2013/2017,plotly_public_mirror,True,
51-5111,51-5111.00,Prepress Technicians and Workers,Prepress Technicians and Workers,0.97,historical_occupation_computerisation_probability,Frey_Osborne,2013/2017,plotly_public_mirror,True,
53-7121,53-7121.00,"Tank Car, Truck and Ship Loaders","Tank Car, Truck, and Ship Loaders",0.72,historical_occupation_computerisation_probability,Frey_Osborne,2013/2017,plotly_public_mirror,True,
53-2022,53-2022.00,Airfield Operations Specialists,Airfield Operations Specialists,0.71,historical_occupation_computerisation_probability,Frey_Osborne,2013/2017,plotly_public_mirror,True,
27-2021,27-2021.00,Athletes and Sports Competitors,Athletes and Sports Competitors,0.28,historical_occupation_computerisation_probability,Frey_Osborne,2013/2017,plotly_public_mirror,True,
29-2032,29-2032.00,Diagnostic Medical Sonographers,Diagnostic Medical Sonographers,0.35,historical_occupation_computerisation_probability,Frey_Osborne,2013/2017,plotly_public_mirror,True,
45-4011,45-4011.00,Forest and Conservation Workers,Forest and Conservation Workers,0.87,historical_occupation_computerisation_probability,Frey_Osborne,2013/2017,plotly_public_mirror,True,
11-1021,11-1021.00,General and Operations Managers,General and Operations Managers,0.16,historical_occupation_computerisation_probability,Frey_Osborne,2013/2017,plotly_public_mirror,True,
37-2012,37-2012.00,Maids and Housekeeping Cleaners,Maids and Housekeeping Cleaners,0.69,historical_occupation_computerisation_probability,Frey_Osborne,2013/2017,plotly_public_mirror,True,
51-4061,51-4061.00,"Model Makers, Metal and Plastic","Model Makers, Metal and Plastic",0.93,historical_occupation_computerisation_probability,Frey_Osborne,2013/2017,plotly_public_mirror,True,
51-8011,51-8011.00,Nuclear Power Reactor Operators,Nuclear Power Reactor Operators,0.95,historical_occupation_computerisation_probability,Frey_Osborne,2013/2017,plotly_public_mirror,True,
31-2011,31-2011.00,Occupational Therapy Assistants,Occupational Therapy Assistants,0.028,historical_occupation_computerisation_probability,Frey_Osborne,2013/2017,plotly_public_mirror,True,
29-1022,29-1022.00,Oral and Maxillofacial Surgeons,Oral and Maxillofacial Surgeons,0.0036,historical_occupation_computerisation_probability,Frey_Osborne,2013/2017,plotly_public_mirror,True,
23-2011,23-2011.00,Paralegals and Legal Assistants,Paralegals and Legal Assistants,0.94,historical_occupation_computerisation_probability,Frey_Osborne,2013/2017,plotly_public_mirror,True,
27-3011,27-3011.00,Radio and Television Announcers,Broadcast Announcers and Radio Disc Jockeys,0.1,historical_occupation_computerisation_probability,Frey_Osborne,2013/2017,plotly_public_mirror,True,
53-7011,53-7011.00,Conveyor Operators and Tenders,Conveyor Operators and Tenders,0.93,historical_occupation_computerisation_probability,Frey_Osborne,2013/2017,plotly_public_mirror,True,
47-5011,47-5011.00,"Derrick Operators, Oil and Gas","Derrick Operators, Oil and Gas",0.8,historical_occupation_computerisation_probability,Frey_Osborne,2013/2017,plotly_public_mirror,True,
17-3024,17-3024.00,Electro-Mechanical Technicians,Electro-Mechanical and Mechatronics Technologists and Technicians,0.81,historical_occupation_computerisation_probability,Frey_Osborne,2013/2017,plotly_public_mirror,True,
11-9161,11-9161.00,Emergency Management Directors,Emergency Management Directors,0.003,historical_occupation_computerisation_probability,Frey_Osborne,2013/2017,plotly_public_mirror,True,
49-9041,49-9041.00,Industrial Machinery Mechanics,Industrial Machinery Mechanics,0.67,historical_occupation_computerisation_probability,Frey_Osborne,2013/2017,plotly_public_mirror,True,
11-3051,11-3051.00,Industrial Production Managers,Industrial Production Managers,0.03,historical_occupation_computerisation_probability,Frey_Osborne,2013/2017,plotly_public_mirror,True,
47-2132,47-2132.00,"Insulation Workers, Mechanical","Insulation Workers, Mechanical",0.64,historical_occupation_computerisation_probability,Frey_Osborne,2013/2017,plotly_public_mirror,True,
53-7063,53-7063.00,Machine Feeders and Offbearers,Machine Feeders and Offbearers,0.93,historical_occupation_computerisation_probability,Frey_Osborne,2013/2017,plotly_public_mirror,True,
49-9043,49-9043.00,"Maintenance Workers, Machinery","Maintenance Workers, Machinery",0.86,historical_occupation_computerisation_probability,Frey_Osborne,2013/2017,plotly_public_mirror,True,
21-1013,21-1013.00,Marriage and Family Therapists,Marriage and Family Therapists,0.014,historical_occupation_computerisation_probability,Frey_Osborne,2013/2017,plotly_public_mirror,True,
29-2033,29-2033.00,Nuclear Medicine Technologists,Nuclear Medicine Technologists,0.13,historical_occupation_computerisation_probability,Frey_Osborne,2013/2017,plotly_public_mirror,True,
43-3051,43-3051.00,Payroll and Timekeeping Clerks,Payroll and Timekeeping Clerks,0.97,historical_occupation_computerisation_probability,Frey_Osborne,2013/2017,plotly_public_mirror,True,
19-2099,19-2099.00,"Physical Scientists, All Other","Physical Scientists, All Other",0.43,historical_occupation_computerisation_probability,Frey_Osborne,2013/2017,plotly_public_mirror,True,
53-4041,53-4041.00,Subway and Streetcar Operators,Subway and Streetcar Operators,0.86,historical_occupation_computerisation_probability,Frey_Osborne,2013/2017,plotly_public_mirror,True,
47-2053,47-2053.00,Terrazzo Workers and Finishers,Terrazzo Workers and Finishers,0.88,historical_occupation_computerisation_probability,Frey_Osborne,2013/2017,plotly_public_mirror,True,
19-1021,19-1021.00,Biochemists and Biophysicists,Biochemists and Biophysicists,0.027,historical_occupation_computerisation_probability,Frey_Osborne,2013/2017,plotly_public_mirror,True,
17-3022,17-3022.00,Civil Engineering Technicians,Civil Engineering Technologists and Technicians,0.75,historical_occupation_computerisation_probability,Frey_Osborne,2013/2017,plotly_public_mirror,True,
51-9081,51-9081.00,Dental Laboratory Technicians,Dental Laboratory Technicians,0.97,historical_occupation_computerisation_probability,Frey_Osborne,2013/2017,plotly_public_mirror,True,
49-9094,49-9094.00,Locksmiths and Safe Repairers,Locksmiths and Safe Repairers,0.77,historical_occupation_computerisation_probability,Frey_Osborne,2013/2017,plotly_public_mirror,True,
51-9082,51-9082.00,Medical Appliance Technicians,Medical Appliance Technicians,0.45,historical_occupation_computerisation_probability,Frey_Osborne,2013/2017,plotly_public_mirror,True,
39-3021,39-3021.00,Motion Picture Projectionists,Motion Picture Projectionists,0.97,historical_occupation_computerisation_probability,Frey_Osborne,2013/2017,plotly_public_mirror,True,
27-2041,27-2041.00,Music Directors and Composers,Music Directors and Composers,0.015,historical_occupation_computerisation_probability,Frey_Osborne,2013/2017,plotly_public_mirror,True,
31-2021,31-2021.00,Physical Therapist Assistants,Physical Therapist Assistants,0.018,historical_occupation_computerisation_probability,Frey_Osborne,2013/2017,plotly_public_mirror,True,
43-9081,43-9081.00,Proofreaders and Copy Markers,Proofreaders and Copy Markers,0.84,historical_occupation_computerisation_probability,Frey_Osborne,2013/2017,plotly_public_mirror,True,
51-3023,51-3023.00,Slaughterers and Meat Packers,Slaughterers and Meat Packers,0.6,historical_occupation_computerisation_probability,Frey_Osborne,2013/2017,plotly_public_mirror,True,
27-4014,27-4014.00,Sound Engineering Technicians,Sound Engineering Technicians,0.13,historical_occupation_computerisation_probability,Frey_Osborne,2013/2017,plotly_public_mirror,True,
39-6011,39-6011.00,Baggage Porters and Bellhops,Baggage Porters and Bellhops,0.83,historical_occupation_computerisation_probability,Frey_Osborne,2013/2017,plotly_public_mirror,True,
29-1031,29-1031.00,Dietitians and Nutritionists,Dietitians and Nutritionists,0.0039,historical_occupation_computerisation_probability,Frey_Osborne,2013/2017,plotly_public_mirror,True,
19-4092,19-4092.00,Forensic Science Technicians,Forensic Science Technicians,0.0095,historical_occupation_computerisation_probability,Frey_Osborne,2013/2017,plotly_public_mirror,True,
27-3091,27-3091.00,Interpreters and Translators,Interpreters and Translators,0.38,historical_occupation_computerisation_probability,Frey_Osborne,2013/2017,plotly_public_mirror,True,
43-4121,43-4121.00,"Library Assistants, Clerical","Library Assistants, Clerical",0.95,historical_occupation_computerisation_probability,Frey_Osborne,2013/2017,plotly_public_mirror,True,
43-4131,43-4131.00,Loan Interviewers and Clerks,Loan Interviewers and Clerks,0.92,historical_occupation_computerisation_probability,Frey_Osborne,2013/2017,plotly_public_mirror,True,
15-2031,15-2031.00,Operations Research Analysts,Operations Research Analysts,0.035,historical_occupation_computerisation_probability,Frey_Osborne,2013/2017,plotly_public_mirror,True,
47-2161,47-2161.00,Plasterers and Stucco Masons,Plasterers and Stucco Masons,0.84,historical_occupation_computerisation_probability,Frey_Osborne,2013/2017,plotly_public_mirror,True,
43-5052,43-5052.00,Postal Service Mail Carriers,Postal Service Mail Carriers,0.68,historical_occupation_computerisation_probability,Frey_Osborne,2013/2017,plotly_public_mirror,True,
27-3031,27-3031.00,Public Relations Specialists,Public Relations Specialists,0.18,historical_occupation_computerisation_probability,Frey_Osborne,2013/2017,plotly_public_mirror,True,
29-1127,29-1127.00,Speech-Language Pathologists,Speech-Language Pathologists,0.0064,historical_occupation_computerisation_probability,Frey_Osborne,2013/2017,plotly_public_mirror,True,
43-3011,43-3011.00,Bill and Account Collectors,Bill and Account Collectors,0.95,historical_occupation_computerisation_probability,Frey_Osborne,2013/2017,plotly_public_mirror,True,
47-2021,47-2021.00,Brickmasons and Blockmasons,Brickmasons and Blockmasons,0.82,historical_occupation_computerisation_probability,Frey_Osborne,2013/2017,plotly_public_mirror,True,
17-2061,17-2061.00,Computer Hardware Engineers,Computer Hardware Engineers,0.22,historical_occupation_computerisation_probability,Frey_Osborne,2013/2017,plotly_public_mirror,True,
47-2043,47-2043.00,Floor Sanders and Finishers,Floor Sanders and Finishers,0.87,historical_occupation_computerisation_probability,Frey_Osborne,2013/2017,plotly_public_mirror,True,
35-3041,35-3041.00,"Food Servers, Nonrestaurant","Food Servers, Nonrestaurant",0.86,historical_occupation_computerisation_probability,Frey_Osborne,2013/2017,plotly_public_mirror,True,
51-4071,51-4071.00,Foundry Mold and Coremakers,Foundry Mold and Coremakers,0.67,historical_occupation_computerisation_probability,Frey_Osborne,2013/2017,plotly_public_mirror,True,
47-4051,47-4051.00,Highway Maintenance Workers,Highway Maintenance Workers,0.87,historical_occupation_computerisation_probability,Frey_Osborne,2013/2017,plotly_public_mirror,True,
45-4022,45-4022.00,Logging Equipment Operators,Logging Equipment Operators,0.79,historical_occupation_computerisation_probability,Frey_Osborne,2013/2017,plotly_public_mirror,True,
39-5092,39-5092.00,Manicurists and Pedicurists,Manicurists and Pedicurists,0.95,historical_occupation_computerisation_probability,Frey_Osborne,2013/2017,plotly_public_mirror,True,
31-9093,31-9093.00,Medical Equipment Preparers,Medical Equipment Preparers,0.78,historical_occupation_computerisation_probability,Frey_Osborne,2013/2017,plotly_public_mirror,True,
49-9062,49-9062.00,Medical Equipment Repairers,Medical Equipment Repairers,0.27,historical_occupation_computerisation_probability,Frey_Osborne,2013/2017,plotly_public_mirror,True,
29-2091,29-2091.00,Orthotists and Prosthetists,Orthotists and Prosthetists,0.0035,historical_occupation_computerisation_probability,Frey_Osborne,2013/2017,plotly_public_mirror,True,
53-7064,53-7064.00,"Packers and Packagers, Hand","Packers and Packagers, Hand",0.38,historical_occupation_computerisation_probability,Frey_Osborne,2013/2017,plotly_public_mirror,True,
33-3041,33-3041.00,Parking Enforcement Workers,Parking Enforcement Workers,0.84,historical_occupation_computerisation_probability,Frey_Osborne,2013/2017,plotly_public_mirror,True,
13-2052,13-2052.00,Personal Financial Advisors,Personal Financial Advisors,0.58,historical_occupation_computerisation_probability,Frey_Osborne,2013/2017,plotly_public_mirror,True,
49-3093,49-3093.00,Tire Repairers and Changers,Tire Repairers and Changers,0.7,historical_occupation_computerisation_probability,Frey_Osborne,2013/2017,plotly_public_mirror,True,
33-3052,33-3052.00,Transit and Railroad Police,Transit and Railroad Police,0.57,historical_occupation_computerisation_probability,Frey_Osborne,2013/2017,plotly_public_mirror,True,
19-3051,19-3051.00,Urban and Regional Planners,Urban and Regional Planners,0.13,historical_occupation_computerisation_probability,Frey_Osborne,2013/2017,plotly_public_mirror,True,
43-9022,43-9022.00,Word Processors and Typists,Word Processors and Typists,0.81,historical_occupation_computerisation_probability,Frey_Osborne,2013/2017,plotly_public_mirror,True,
43-3021,43-3021.00,Billing and Posting Clerks,Billing and Posting Clerks,0.96,historical_occupation_computerisation_probability,Frey_Osborne,2013/2017,plotly_public_mirror,True,
51-9031,51-9031.00,"Cutters and Trimmers, Hand","Cutters and Trimmers, Hand",0.64,historical_occupation_computerisation_probability,Frey_Osborne,2013/2017,plotly_public_mirror,True,
47-5081,47-5081.00,Helpers–Extraction Workers,Helpers--Extraction Workers,0.37,historical_occupation_computerisation_probability,Frey_Osborne,2013/2017,plotly_public_mirror,True,
51-9198,51-9198.00,Helpers–Production Workers,Helpers--Production Workers,0.66,historical_occupation_computerisation_probability,Frey_Osborne,2013/2017,plotly_public_mirror,True,
25-9031,25-9031.00,Instructional Coordinators,Instructional Coordinators,0.0042,historical_occupation_computerisation_probability,Frey_Osborne,2013/2017,plotly_public_mirror,True,
31-2012,31-2012.00,Occupational Therapy Aides,Occupational Therapy Aides,0.27,historical_occupation_computerisation_probability,Frey_Osborne,2013/2017,plotly_public_mirror,True,
51-4052,51-4052.00,"Pourers and Casters, Metal","Pourers and Casters, Metal",0.87,historical_occupation_computerisation_probability,Frey_Osborne,2013/2017,plotly_public_mirror,True,
51-3021,51-3021.00,Butchers and Meat Cutters,Butchers and Meat Cutters,0.93,historical_occupation_computerisation_probability,Frey_Osborne,2013/2017,plotly_public_mirror,True,
41-2021,41-2021.00,Counter and Rental Clerks,Counter and Rental Clerks,0.97,historical_occupation_computerisation_probability,Frey_Osborne,2013/2017,plotly_public_mirror,True,
53-7021,53-7021.00,Crane and Tower Operators,Crane and Tower Operators,0.9,historical_occupation_computerisation_probability,Frey_Osborne,2013/2017,plotly_public_mirror,True,
21-1022,21-1022.00,Healthcare Social Workers,Healthcare Social Workers,0.0035,historical_occupation_computerisation_probability,Frey_Osborne,2013/2017,plotly_public_mirror,True,
53-7041,53-7041.00,Hoist and Winch Operators,Hoist and Winch Operators,0.65,historical_occupation_computerisation_probability,Frey_Osborne,2013/2017,plotly_public_mirror,True,
49-9011,49-9011.00,Mechanical Door Repairers,Mechanical Door Repairers,0.91,historical_occupation_computerisation_probability,Frey_Osborne,2013/2017,plotly_public_mirror,True,
31-9094,31-9094.00,Medical Transcriptionists,Medical Transcriptionists,0.89,historical_occupation_computerisation_probability,Frey_Osborne,2013/2017,plotly_public_mirror,True,
11-9121,11-9121.00,Natural Sciences Managers,Natural Sciences Managers,0.018,historical_occupation_computerisation_probability,Frey_Osborne,2013/2017,plotly_public_mirror,True,
39-2021,39-2021.00,Nonfarm Animal Caretakers,Animal Caretakers,0.82,historical_occupation_computerisation_probability,Frey_Osborne,2013/2017,plotly_public_mirror,True,
21-1015,21-1015.00,Rehabilitation Counselors,Rehabilitation Counselors,0.0094,historical_occupation_computerisation_probability,Frey_Osborne,2013/2017,plotly_public_mirror,True,
53-5011,53-5011.00,Sailors and Marine Oilers,Sailors and Marine Oilers,0.83,historical_occupation_computerisation_probability,Frey_Osborne,2013/2017,plotly_public_mirror,True,
27-1027,27-1027.00,Set and Exhibit Designers,Set and Exhibit Designers,0.0055,historical_occupation_computerisation_probability,Frey_Osborne,2013/2017,plotly_public_mirror,True,
19-1013,19-1013.00,Soil and Plant Scientists,Soil and Plant Scientists,0.021,historical_occupation_computerisation_probability,Frey_Osborne,2013/2017,plotly_public_mirror,True,
53-6051,53-6051.00,Transportation Inspectors,Transportation Inspectors,0.9,historical_occupation_computerisation_probability,Frey_Osborne,2013/2017,plotly_public_mirror,True,
37-3013,37-3013.00,Tree Trimmers and Pruners,Tree Trimmers and Pruners,0.77,historical_occupation_computerisation_probability,Frey_Osborne,2013/2017,plotly_public_mirror,True,
13-2011,13-2011.00,Accountants and Auditors,Accountants and Auditors,0.94,historical_occupation_computerisation_probability,Frey_Osborne,2013/2017,plotly_public_mirror,True,
41-3011,41-3011.00,Advertising Sales Agents,Advertising Sales Agents,0.54,historical_occupation_computerisation_probability,Frey_Osborne,2013/2017,plotly_public_mirror,True,
43-5011,43-5011.00,Cargo and Freight Agents,Cargo and Freight Agents,0.99,historical_occupation_computerisation_probability,Frey_Osborne,2013/2017,plotly_public_mirror,True,
35-2013,35-2013.00,"Cooks, Private Household","Cooks, Private Household",0.3,historical_occupation_computerisation_probability,Frey_Osborne,2013/2017,plotly_public_mirror,True,
35-2021,35-2021.00,Food Preparation Workers,Food Preparation Workers,0.87,historical_occupation_computerisation_probability,Frey_Osborne,2013/2017,plotly_public_mirror,True,
49-9031,49-9031.00,Home Appliance Repairers,Home Appliance Repairers,0.72,historical_occupation_computerisation_probability,Frey_Osborne,2013/2017,plotly_public_mirror,True,
11-3121,11-3121.00,Human Resources Managers,Human Resources Managers,0.0055,historical_occupation_computerisation_probability,Frey_Osborne,2013/2017,plotly_public_mirror,True,
21-1014,21-1014.00,Mental Health Counselors,Mental Health Counselors,0.0048,historical_occupation_computerisation_probability,Frey_Osborne,2013/2017,plotly_public_mirror,True,
43-5041,43-5041.00,"Meter Readers, Utilities","Meter Readers, Utilities",0.85,historical_occupation_computerisation_probability,Frey_Osborne,2013/2017,plotly_public_mirror,True,
31-2022,31-2022.00,Physical Therapist Aides,Physical Therapist Aides,0.61,historical_occupation_computerisation_probability,Frey_Osborne,2013/2017,plotly_public_mirror,True,
51-5112,51-5112.00,Printing Press Operators,Printing Press Operators,0.83,historical_occupation_computerisation_probability,Frey_Osborne,2013/2017,plotly_public_mirror,True,
19-3039,19-3039.00,"Psychologists, All Other","Psychologists, All Other",0.0043,historical_occupation_computerisation_probability,Frey_Osborne,2013/2017,plotly_public_mirror,True,
41-9022,41-9022.00,Real Estate Sales Agents,Real Estate Sales Agents,0.86,historical_occupation_computerisation_probability,Frey_Osborne,2013/2017,plotly_public_mirror,True,
47-5071,47-5071.00,"Roustabouts, Oil and Gas","Roustabouts, Oil and Gas",0.68,historical_occupation_computerisation_probability,Frey_Osborne,2013/2017,plotly_public_mirror,True,
51-9141,51-9141.00,Semiconductor Processors,Semiconductor Processing Technicians,0.88,historical_occupation_computerisation_probability,Frey_Osborne,2013/2017,plotly_public_mirror,True,
51-6031,51-6031.00,Sewing Machine Operators,Sewing Machine Operators,0.89,historical_occupation_computerisation_probability,Frey_Osborne,2013/2017,plotly_public_mirror,True,
45-2011,45-2011.00,Agricultural Inspectors,Agricultural Inspectors,0.94,historical_occupation_computerisation_probability,Frey_Osborne,2013/2017,plotly_public_mirror,True,
53-2021,53-2021.00,Air Traffic Controllers,Air Traffic Controllers,0.11,historical_occupation_computerisation_probability,Frey_Osborne,2013/2017,plotly_public_mirror,True,
53-6011,53-6011.00,Bridge and Lock Tenders,Bridge and Lock Tenders,0.97,historical_occupation_computerisation_probability,Frey_Osborne,2013/2017,plotly_public_mirror,True,
19-1031,19-1031.00,Conservation Scientists,Conservation Scientists,0.016,historical_occupation_computerisation_probability,Frey_Osborne,2013/2017,plotly_public_mirror,True,
43-5021,43-5021.00,Couriers and Messengers,Couriers and Messengers,0.94,historical_occupation_computerisation_probability,Frey_Osborne,2013/2017,plotly_public_mirror,True,
17-2081,17-2081.00,Environmental Engineers,Environmental Engineers,0.018,historical_occupation_computerisation_probability,Frey_Osborne,2013/2017,plotly_public_mirror,True,
45-4023,45-4023.00,Log Graders and Scalers,Log Graders and Scalers,0.97,historical_occupation_computerisation_probability,Frey_Osborne,2013/2017,plotly_public_mirror,True,
29-1122,29-1122.00,Occupational Therapists,Occupational Therapists,0.0035,historical_occupation_computerisation_probability,Frey_Osborne,2013/2017,plotly_public_mirror,True,
27-2012,27-2012.00,Producers and Directors,Producers and Directors,0.022,historical_occupation_computerisation_probability,Frey_Osborne,2013/2017,plotly_public_mirror,True,
29-2053,29-2053.00,Psychiatric Technicians,Psychiatric Technicians,0.043,historical_occupation_computerisation_probability,Frey_Osborne,2013/2017,plotly_public_mirror,True,
29-1125,29-1125.00,Recreational Therapists,Recreational Therapists,0.0028,historical_occupation_computerisation_probability,Frey_Osborne,2013/2017,plotly_public_mirror,True,
47-2044,47-2044.00,Tile and Marble Setters,Tile and Stone Setters,0.75,historical_occupation_computerisation_probability,Frey_Osborne,2013/2017,plotly_public_mirror,True,
39-7011,39-7011.00,Tour Guides and Escorts,Tour Guides and Escorts,0.91,historical_occupation_computerisation_probability,Frey_Osborne,2013/2017,plotly_public_mirror,True,
17-2021,17-2021.00,Agricultural Engineers,Agricultural Engineers,0.49,historical_occupation_computerisation_probability,Frey_Osborne,2013/2017,plotly_public_mirror,True,
33-9011,33-9011.00,Animal Control Workers,Animal Control Workers,0.21,historical_occupation_computerisation_probability,Frey_Osborne,2013/2017,plotly_public_mirror,True,
19-4021,19-4021.00,Biological Technicians,Biological Technicians,0.3,historical_occupation_computerisation_probability,Frey_Osborne,2013/2017,plotly_public_mirror,True,
13-1074,13-1074.00,Farm Labor Contractors,Farm Labor Contractors,0.97,historical_occupation_computerisation_probability,Frey_Osborne,2013/2017,plotly_public_mirror,True,
27-4032,27-4032.00,Film and Video Editors,Film and Video Editors,0.31,historical_occupation_computerisation_probability,Frey_Osborne,2013/2017,plotly_public_mirror,True,
41-3021,41-3021.00,Insurance Sales Agents,Insurance Sales Agents,0.92,historical_occupation_computerisation_probability,Frey_Osborne,2013/2017,plotly_public_mirror,True,
13-2053,13-2053.00,Insurance Underwriters,Insurance Underwriters,0.99,historical_occupation_computerisation_probability,Frey_Osborne,2013/2017,plotly_public_mirror,True,
43-9061,43-9061.00,"Office Clerks, General","Office Clerks, General",0.96,historical_occupation_computerisation_probability,Frey_Osborne,2013/2017,plotly_public_mirror,True,
53-6021,53-6021.00,Parking Lot Attendants,Parking Attendants,0.87,historical_occupation_computerisation_probability,Frey_Osborne,2013/2017,plotly_public_mirror,True,
29-1126,29-1126.00,Respiratory Therapists,Respiratory Therapists,0.066,historical_occupation_computerisation_probability,Frey_Osborne,2013/2017,plotly_public_mirror,True,
47-5051,47-5051.00,"Rock Splitters, Quarry","Rock Splitters, Quarry",0.96,historical_occupation_computerisation_probability,Frey_Osborne,2013/2017,plotly_public_mirror,True,
43-9111,43-9111.00,Statistical Assistants,Statistical Assistants,0.66,historical_occupation_computerisation_probability,Frey_Osborne,2013/2017,plotly_public_mirror,True,
29-2055,29-2055.00,Surgical Technologists,Surgical Technologists,0.34,historical_occupation_computerisation_probability,Frey_Osborne,2013/2017,plotly_public_mirror,True,
35-3031,35-3031.00,Waiters and Waitresses,Waiters and Waitresses,0.94,historical_occupation_computerisation_probability,Frey_Osborne,2013/2017,plotly_public_mirror,True,
27-4012,27-4012.00,Broadcast Technicians,Broadcast Technicians,0.74,historical_occupation_computerisation_probability,Frey_Osborne,2013/2017,plotly_public_mirror,True,
47-2061,47-2061.00,Construction Laborers,Construction Laborers,0.88,historical_occupation_computerisation_probability,Frey_Osborne,2013/2017,plotly_public_mirror,True,
11-9021,11-9021.00,Construction Managers,Construction Managers,0.071,historical_occupation_computerisation_probability,Frey_Osborne,2013/2017,plotly_public_mirror,True,
43-4021,43-4021.00,Correspondence Clerks,Correspondence Clerks,0.86,historical_occupation_computerisation_probability,Frey_Osborne,2013/2017,plotly_public_mirror,True,
51-9194,51-9194.00,Etchers and Engravers,Etchers and Engravers,0.98,historical_occupation_computerisation_probability,Frey_Osborne,2013/2017,plotly_public_mirror,True,
33-3031,33-3031.00,Fish and Game Wardens,Fish and Game Wardens,0.08,historical_occupation_computerisation_probability,Frey_Osborne,2013/2017,plotly_public_mirror,True,
11-9051,11-9051.00,Food Service Managers,Food Service Managers,0.083,historical_occupation_computerisation_probability,Frey_Osborne,2013/2017,plotly_public_mirror,True,
27-2042,27-2042.00,Musicians and Singers,Musicians and Singers,0.074,historical_occupation_computerisation_probability,Frey_Osborne,2013/2017,plotly_public_mirror,True,
29-2081,29-2081.00,"Opticians, Dispensing","Opticians, Dispensing",0.71,historical_occupation_computerisation_probability,Frey_Osborne,2013/2017,plotly_public_mirror,True,
47-2072,47-2072.00,Pile-Driver Operators,Pile Driver Operators,0.82,historical_occupation_computerisation_probability,Frey_Osborne,2013/2017,plotly_public_mirror,True,
43-5051,43-5051.00,Postal Service Clerks,Postal Service Clerks,0.95,historical_occupation_computerisation_probability,Frey_Osborne,2013/2017,plotly_public_mirror,True,
51-8013,51-8013.00,Power Plant Operators,Power Plant Operators,0.85,historical_occupation_computerisation_probability,Frey_Osborne,2013/2017,plotly_public_mirror,True,
49-2091,49-2091.00,Avionics Technicians,Avionics Technicians,0.7,historical_occupation_computerisation_probability,Frey_Osborne,2013/2017,plotly_public_mirror,True,
17-2031,17-2031.00,Biomedical Engineers,Bioengineers and Biomedical Engineers,0.037,historical_occupation_computerisation_probability,Frey_Osborne,2013/2017,plotly_public_mirror,True,
35-1011,35-1011.00,Chefs and Head Cooks,Chefs and Head Cooks,0.1,historical_occupation_computerisation_probability,Frey_Osborne,2013/2017,plotly_public_mirror,True,
19-4031,19-4031.00,Chemical Technicians,Chemical Technicians,0.57,historical_occupation_computerisation_probability,Frey_Osborne,2013/2017,plotly_public_mirror,True,
29-2051,29-2051.00,Dietetic Technicians,Dietetic Technicians,0.13,historical_occupation_computerisation_probability,Frey_Osborne,2013/2017,plotly_public_mirror,True,
53-3031,53-3031.00,Driver/Sales Workers,Driver/Sales Workers,0.98,historical_occupation_computerisation_probability,Frey_Osborne,2013/2017,plotly_public_mirror,True,
17-2071,17-2071.00,Electrical Engineers,Electrical Engineers,0.1,historical_occupation_computerisation_probability,Frey_Osborne,2013/2017,plotly_public_mirror,True,
17-2199,17-2199.00,"Engineers, All Other","Engineers, All Other",0.014,historical_occupation_computerisation_probability,Frey_Osborne,2013/2017,plotly_public_mirror,True,
47-3013,47-3013.00,Helpers–Electricians,Helpers--Electricians,0.74,historical_occupation_computerisation_probability,Frey_Osborne,2013/2017,plotly_public_mirror,True,
17-2112,17-2112.00,Industrial Engineers,Industrial Engineers,0.029,historical_occupation_computerisation_probability,Frey_Osborne,2013/2017,plotly_public_mirror,True,
17-1012,17-1012.00,Landscape Architects,Landscape Architects,0.045,historical_occupation_computerisation_probability,Frey_Osborne,2013/2017,plotly_public_mirror,True,
53-4011,53-4011.00,Locomotive Engineers,Locomotive Engineers,0.96,historical_occupation_computerisation_probability,Frey_Osborne,2013/2017,plotly_public_mirror,True,
19-2032,19-2032.00,Materials Scientists,Materials Scientists,0.021,historical_occupation_computerisation_probability,Frey_Osborne,2013/2017,plotly_public_mirror,True,
17-2141,17-2141.00,Mechanical Engineers,Mechanical Engineers,0.011,historical_occupation_computerisation_probability,Frey_Osborne,2013/2017,plotly_public_mirror,True,
49-3052,49-3052.00,Motorcycle Mechanics,Motorcycle Mechanics,0.79,historical_occupation_computerisation_probability,Frey_Osborne,2013/2017,plotly_public_mirror,True,
37-2021,37-2021.00,Pest Control Workers,Pest Control Workers,0.66,historical_occupation_computerisation_probability,Frey_Osborne,2013/2017,plotly_public_mirror,True,
29-2052,29-2052.00,Pharmacy Technicians,Pharmacy Technicians,0.92,historical_occupation_computerisation_probability,Frey_Osborne,2013/2017,plotly_public_mirror,True,
29-1071,29-1071.00,Physician Assistants,Physician Assistants,0.14,historical_occupation_computerisation_probability,Frey_Osborne,2013/2017,plotly_public_mirror,True,
19-3094,19-3094.00,Political Scientists,Political Scientists,0.039,historical_occupation_computerisation_probability,Frey_Osborne,2013/2017,plotly_public_mirror,True,
29-1124,29-1124.00,Radiation Therapists,Radiation Therapists,0.34,historical_occupation_computerisation_probability,Frey_Osborne,2013/2017,plotly_public_mirror,True,
39-9041,39-9041.00,Residential Advisors,Residential Advisors,0.064,historical_occupation_computerisation_probability,Frey_Osborne,2013/2017,plotly_public_mirror,True,
39-5094,39-5094.00,Skincare Specialists,Skincare Specialists,0.29,historical_occupation_computerisation_probability,Frey_Osborne,2013/2017,plotly_public_mirror,True,
17-2011,17-2011.00,Aerospace Engineers,Aerospace Engineers,0.017,historical_occupation_computerisation_probability,Frey_Osborne,2013/2017,plotly_public_mirror,True,
13-1041,13-1041.00,Compliance Officers,Compliance Officers,0.08,historical_occupation_computerisation_probability,Frey_Osborne,2013/2017,plotly_public_mirror,True,
13-2061,13-2061.00,Financial Examiners,Financial Examiners,0.17,historical_occupation_computerisation_probability,Frey_Osborne,2013/2017,plotly_public_mirror,True,
51-7021,51-7021.00,Furniture Finishers,Furniture Finishers,0.87,historical_occupation_computerisation_probability,Frey_Osborne,2013/2017,plotly_public_mirror,True,
43-3041,43-3041.00,Gaming Cage Workers,Gambling Cage Workers,0.39,historical_occupation_computerisation_probability,Frey_Osborne,2013/2017,plotly_public_mirror,True,
51-8092,51-8092.00,Gas Plant Operators,Gas Plant Operators,0.78,historical_occupation_computerisation_probability,Frey_Osborne,2013/2017,plotly_public_mirror,True,
23-1012,23-1012.00,Judicial Law Clerks,Judicial Law Clerks,0.41,historical_occupation_computerisation_probability,Frey_Osborne,2013/2017,plotly_public_mirror,True,
25-4031,25-4031.00,Library Technicians,Library Technicians,0.99,historical_occupation_computerisation_probability,Frey_Osborne,2013/2017,plotly_public_mirror,True,
13-1111,13-1111.00,Management Analysts,Management Analysts,0.13,historical_occupation_computerisation_probability,Frey_Osborne,2013/2017,plotly_public_mirror,True,
11-9199,11-9199.00,"Managers, All Other","Managers, All Other",0.25,historical_occupation_computerisation_probability,Frey_Osborne,2013/2017,plotly_public_mirror,True,
17-2131,17-2131.00,Materials Engineers,Materials Engineers,0.021,historical_occupation_computerisation_probability,Frey_Osborne,2013/2017,plotly_public_mirror,True,
17-3013,17-3013.00,Mechanical Drafters,Mechanical Drafters,0.68,historical_occupation_computerisation_probability,Frey_Osborne,2013/2017,plotly_public_mirror,True,
43-6013,43-6013.00,Medical Secretaries,Medical Secretaries and Administrative Assistants,0.81,historical_occupation_computerisation_probability,Frey_Osborne,2013/2017,plotly_public_mirror,True,
53-5022,53-5022.00,Motorboat Operators,Motorboat Operators,0.62,historical_occupation_computerisation_probability,Frey_Osborne,2013/2017,plotly_public_mirror,True,
43-4141,43-4141.00,New Accounts Clerks,New Accounts Clerks,0.99,historical_occupation_computerisation_probability,Frey_Osborne,2013/2017,plotly_public_mirror,True,
19-4051,19-4051.00,Nuclear Technicians,Nuclear Technicians,0.85,historical_occupation_computerisation_probability,Frey_Osborne,2013/2017,plotly_public_mirror,True,
51-7032,51-7032.00,"Patternmakers, Wood","Patternmakers, Wood",0.91,historical_occupation_computerisation_probability,Frey_Osborne,2013/2017,plotly_public_mirror,True,
17-2171,17-2171.00,Petroleum Engineers,Petroleum Engineers,0.16,historical_occupation_computerisation_probability,Frey_Osborne,2013/2017,plotly_public_mirror,True,
29-1123,29-1123.00,Physical Therapists,Physical Therapists,0.021,historical_occupation_computerisation_probability,Frey_Osborne,2013/2017,plotly_public_mirror,True,
11-3061,11-3061.00,Purchasing Managers,Purchasing Managers,0.03,historical_occupation_computerisation_probability,Frey_Osborne,2013/2017,plotly_public_mirror,True,
41-9021,41-9021.00,Real Estate Brokers,Real Estate Brokers,0.97,historical_occupation_computerisation_probability,Frey_Osborne,2013/2017,plotly_public_mirror,True,
41-2031,41-2031.00,Retail Salespersons,Retail Salespersons,0.92,historical_occupation_computerisation_probability,Frey_Osborne,2013/2017,plotly_public_mirror,True,
47-2211,47-2211.00,Sheet Metal Workers,Sheet Metal Workers,0.82,historical_occupation_computerisation_probability,Frey_Osborne,2013/2017,plotly_public_mirror,True,
43-2021,43-2021.00,Telephone Operators,Telephone Operators,0.97,historical_occupation_computerisation_probability,Frey_Osborne,2013/2017,plotly_public_mirror,True,
51-4111,51-4111.00,Tool and Die Makers,Tool and Die Makers,0.84,historical_occupation_computerisation_probability,Frey_Osborne,2013/2017,plotly_public_mirror,True,
53-6041,53-6041.00,Traffic Technicians,Traffic Technicians,0.9,historical_occupation_computerisation_probability,Frey_Osborne,2013/2017,plotly_public_mirror,True,
27-3043,27-3043.00,Writers and Authors,Writers and Authors,0.038,historical_occupation_computerisation_probability,Frey_Osborne,2013/2017,plotly_public_mirror,True,
17-2041,17-2041.00,Chemical Engineers,Chemical Engineers,0.017,historical_occupation_computerisation_probability,Frey_Osborne,2013/2017,plotly_public_mirror,True,
27-2022,27-2022.00,Coaches and Scouts,Coaches and Scouts,0.013,historical_occupation_computerisation_probability,Frey_Osborne,2013/2017,plotly_public_mirror,True,
35-2015,35-2015.00,"Cooks, Short Order","Cooks, Short Order",0.94,historical_occupation_computerisation_probability,Frey_Osborne,2013/2017,plotly_public_mirror,True,
39-3092,39-3092.00,Costume Attendants,Costume Attendants,0.61,historical_occupation_computerisation_probability,Frey_Osborne,2013/2017,plotly_public_mirror,True,
43-9031,43-9031.00,Desktop Publishers,Desktop Publishers,0.16,historical_occupation_computerisation_probability,Frey_Osborne,2013/2017,plotly_public_mirror,True,
13-2051,13-2051.00,Financial Analysts,Financial and Investment Analysts,0.23,historical_occupation_computerisation_probability,Frey_Osborne,2013/2017,plotly_public_mirror,True,
11-3031,11-3031.00,Financial Managers,Financial Managers,0.069,historical_occupation_computerisation_probability,Frey_Osborne,2013/2017,plotly_public_mirror,True,
39-4021,39-4021.00,Funeral Attendants,Funeral Attendants,0.37,historical_occupation_computerisation_probability,Frey_Osborne,2013/2017,plotly_public_mirror,True,
47-3012,47-3012.00,Helpers–Carpenters,Helpers--Carpenters,0.92,historical_occupation_computerisation_probability,Frey_Osborne,2013/2017,plotly_public_mirror,True,
27-1025,27-1025.00,Interior Designers,Interior Designers,0.022,historical_occupation_computerisation_probability,Frey_Osborne,2013/2017,plotly_public_mirror,True,
11-2021,11-2021.00,Marketing Managers,Marketing Managers,0.014,historical_occupation_computerisation_probability,Frey_Osborne,2013/2017,plotly_public_mirror,True,
31-9011,31-9011.00,Massage Therapists,Massage Therapists,0.54,historical_occupation_computerisation_probability,Frey_Osborne,2013/2017,plotly_public_mirror,True,
31-9092,31-9092.00,Medical Assistants,Medical Assistants,0.3,historical_occupation_computerisation_probability,Frey_Osborne,2013/2017,plotly_public_mirror,True,
51-7031,51-7031.00,"Model Makers, Wood","Model Makers, Wood",0.96,historical_occupation_computerisation_probability,Frey_Osborne,2013/2017,plotly_public_mirror,True,
41-2022,41-2022.00,Parts Salespersons,Parts Salespersons,0.98,historical_occupation_computerisation_probability,Frey_Osborne,2013/2017,plotly_public_mirror,True,
43-3061,43-3061.00,Procurement Clerks,Procurement Clerks,0.98,historical_occupation_computerisation_probability,Frey_Osborne,2013/2017,plotly_public_mirror,True,
49-3043,49-3043.00,Rail Car Repairers,Rail Car Repairers,0.88,historical_occupation_computerisation_probability,Frey_Osborne,2013/2017,plotly_public_mirror,True,
39-9032,39-9032.00,Recreation Workers,Recreation Workers,0.0061,historical_occupation_computerisation_probability,Frey_Osborne,2013/2017,plotly_public_mirror,True,
19-3022,19-3022.00,Survey Researchers,Survey Researchers,0.23,historical_occupation_computerisation_probability,Frey_Osborne,2013/2017,plotly_public_mirror,True,
19-1011,19-1011.00,Animal Scientists,Animal Scientists,0.061,historical_occupation_computerisation_probability,Frey_Osborne,2013/2017,plotly_public_mirror,True,
29-9091,29-9091.00,Athletic Trainers,Athletic Trainers,0.0071,historical_occupation_computerisation_probability,Frey_Osborne,2013/2017,plotly_public_mirror,True,
49-3091,49-3091.00,Bicycle Repairers,Bicycle Repairers,0.94,historical_occupation_computerisation_probability,Frey_Osborne,2013/2017,plotly_public_mirror,True,
47-2041,47-2041.00,Carpet Installers,Carpet Installers,0.87,historical_occupation_computerisation_probability,Frey_Osborne,2013/2017,plotly_public_mirror,True,
39-9011,39-9011.00,Childcare Workers,Childcare Workers,0.084,historical_occupation_computerisation_probability,Frey_Osborne,2013/2017,plotly_public_mirror,True,
49-9092,49-9092.00,Commercial Divers,Commercial Divers,0.18,historical_occupation_computerisation_probability,Frey_Osborne,2013/2017,plotly_public_mirror,True,
53-2012,53-2012.00,Commercial Pilots,Commercial Pilots,0.55,historical_occupation_computerisation_probability,Frey_Osborne,2013/2017,plotly_public_mirror,True,
35-2014,35-2014.00,"Cooks, Restaurant","Cooks, Restaurant",0.96,historical_occupation_computerisation_probability,Frey_Osborne,2013/2017,plotly_public_mirror,True,
13-2071,13-2071.00,Credit Counselors,Credit Counselors,0.04,historical_occupation_computerisation_probability,Frey_Osborne,2013/2017,plotly_public_mirror,True,
43-9021,43-9021.00,Data Entry Keyers,Data Entry Keyers,0.99,historical_occupation_computerisation_probability,Frey_Osborne,2013/2017,plotly_public_mirror,True,
31-9091,31-9091.00,Dental Assistants,Dental Assistants,0.51,historical_occupation_computerisation_probability,Frey_Osborne,2013/2017,plotly_public_mirror,True,
29-1021,29-1021.00,"Dentists, General","Dentists, General",0.0044,historical_occupation_computerisation_probability,Frey_Osborne,2013/2017,plotly_public_mirror,True,
27-1022,27-1022.00,Fashion Designers,Fashion Designers,0.021,historical_occupation_computerisation_probability,Frey_Osborne,2013/2017,plotly_public_mirror,True,
53-2031,53-2031.00,Flight Attendants,Flight Attendants,0.35,historical_occupation_computerisation_probability,Frey_Osborne,2013/2017,plotly_public_mirror,True,
27-1024,27-1024.00,Graphic Designers,Graphic Designers,0.082,historical_occupation_computerisation_probability,Frey_Osborne,2013/2017,plotly_public_mirror,True,
43-6012,43-6012.00,Legal Secretaries,Legal Secretaries and Administrative Assistants,0.98,historical_occupation_computerisation_probability,Frey_Osborne,2013/2017,plotly_public_mirror,True,
17-2161,17-2161.00,Nuclear Engineers,Nuclear Engineers,0.07,historical_occupation_computerisation_probability,Frey_Osborne,2013/2017,plotly_public_mirror,True,
27-3042,27-3042.00,Technical Writers,Technical Writers,0.89,historical_occupation_computerisation_probability,Frey_Osborne,2013/2017,plotly_public_mirror,True,
43-4011,43-4011.00,Brokerage Clerks,Brokerage Clerks,0.98,historical_occupation_computerisation_probability,Frey_Osborne,2013/2017,plotly_public_mirror,True,
11-1011,11-1011.00,Chief Executives,Chief Executives,0.015,historical_occupation_computerisation_probability,Frey_Osborne,2013/2017,plotly_public_mirror,True,
35-2011,35-2011.00,"Cooks, Fast Food","Cooks, Fast Food",0.81,historical_occupation_computerisation_probability,Frey_Osborne,2013/2017,plotly_public_mirror,True,
53-7031,53-7031.00,Dredge Operators,Dredge Operators,0.92,historical_occupation_computerisation_probability,Frey_Osborne,2013/2017,plotly_public_mirror,True,
27-1023,27-1023.00,Floral Designers,Floral Designers,0.047,historical_occupation_computerisation_probability,Frey_Osborne,2013/2017,plotly_public_mirror,True,
51-3092,51-3092.00,Food Batchmakers,Food Batchmakers,0.7,historical_occupation_computerisation_probability,Frey_Osborne,2013/2017,plotly_public_mirror,True,
21-1091,21-1091.00,Health Educators,Health Education Specialists,0.045,historical_occupation_computerisation_probability,Frey_Osborne,2013/2017,plotly_public_mirror,True,
11-9081,11-9081.00,Lodging Managers,Lodging Managers,0.0039,historical_occupation_computerisation_probability,Frey_Osborne,2013/2017,plotly_public_mirror,True,
47-4091,47-4091.00,Segmental Pavers,Segmental Pavers,0.83,historical_occupation_computerisation_probability,Frey_Osborne,2013/2017,plotly_public_mirror,True,
53-7073,53-7073.00,Wellhead Pumpers,Wellhead Pumpers,0.84,historical_occupation_computerisation_probability,Frey_Osborne,2013/2017,plotly_public_mirror,True,
45-2021,45-2021.00,Animal Breeders,Animal Breeders,0.95,historical_occupation_computerisation_probability,Frey_Osborne,2013/2017,plotly_public_mirror,True,
39-2011,39-2011.00,Animal Trainers,Animal Trainers,0.1,historical_occupation_computerisation_probability,Frey_Osborne,2013/2017,plotly_public_mirror,True,
13-2031,13-2031.00,Budget Analysts,Budget Analysts,0.94,historical_occupation_computerisation_probability,Frey_Osborne,2013/2017,plotly_public_mirror,True,
17-2051,17-2051.00,Civil Engineers,Civil Engineers,0.019,historical_occupation_computerisation_probability,Frey_Osborne,2013/2017,plotly_public_mirror,True,
13-1051,13-1051.00,Cost Estimators,Cost Estimators,0.57,historical_occupation_computerisation_probability,Frey_Osborne,2013/2017,plotly_public_mirror,True,
13-2041,13-2041.00,Credit Analysts,Credit Analysts,0.98,historical_occupation_computerisation_probability,Frey_Osborne,2013/2017,plotly_public_mirror,True,
33-9091,33-9091.00,Crossing Guards,Crossing Guards and Flaggers,0.49,historical_occupation_computerisation_probability,Frey_Osborne,2013/2017,plotly_public_mirror,True,
19-1041,19-1041.00,Epidemiologists,Epidemiologists,0.2,historical_occupation_computerisation_probability,Frey_Osborne,2013/2017,plotly_public_mirror,True,
11-9071,11-9071.00,Gaming Managers,Gambling Managers,0.091,historical_occupation_computerisation_probability,Frey_Osborne,2013/2017,plotly_public_mirror,True,
47-3016,47-3016.00,Helpers–Roofers,Helpers--Roofers,0.72,historical_occupation_computerisation_probability,Frey_Osborne,2013/2017,plotly_public_mirror,True,
19-1022,19-1022.00,Microbiologists,Microbiologists,0.012,historical_occupation_computerisation_probability,Frey_Osborne,2013/2017,plotly_public_mirror,True,
29-1024,29-1024.00,Prosthodontists,Prosthodontists,0.055,historical_occupation_computerisation_probability,Frey_Osborne,2013/2017,plotly_public_mirror,True,
41-9031,41-9031.00,Sales Engineers,Sales Engineers,0.0041,historical_occupation_computerisation_probability,Frey_Osborne,2013/2017,plotly_public_mirror,True,
33-9032,33-9032.00,Security Guards,Security Guards,0.84,historical_occupation_computerisation_probability,Frey_Osborne,2013/2017,plotly_public_mirror,True,
51-2092,51-2092.00,Team Assemblers,Team Assemblers,0.97,historical_occupation_computerisation_probability,Frey_Osborne,2013/2017,plotly_public_mirror,True,
49-9064,49-9064.00,Watch Repairers,Watch and Clock Repairers,0.99,historical_occupation_computerisation_probability,Frey_Osborne,2013/2017,plotly_public_mirror,True,
27-2032,27-2032.00,Choreographers,Choreographers,0.004,historical_occupation_computerisation_probability,Frey_Osborne,2013/2017,plotly_public_mirror,True,
47-4031,47-4031.00,Fence Erectors,Fence Erectors,0.92,historical_occupation_computerisation_probability,Frey_Osborne,2013/2017,plotly_public_mirror,True,
39-3011,39-3011.00,Gaming Dealers,Gambling Dealers,0.96,historical_occupation_computerisation_probability,Frey_Osborne,2013/2017,plotly_public_mirror,True,
15-2021,15-2021.00,Mathematicians,Mathematicians,0.047,historical_occupation_computerisation_probability,Frey_Osborne,2013/2017,plotly_public_mirror,True,
31-9095,31-9095.00,Pharmacy Aides,Pharmacy Aides,0.72,historical_occupation_computerisation_probability,Frey_Osborne,2013/2017,plotly_public_mirror,True,
11-2022,11-2022.00,Sales Managers,Sales Managers,0.013,historical_occupation_computerisation_probability,Frey_Osborne,2013/2017,plotly_public_mirror,True,
53-5031,53-5031.00,Ship Engineers,Ship Engineers,0.041,historical_occupation_computerisation_probability,Frey_Osborne,2013/2017,plotly_public_mirror,True,
27-1011,27-1011.00,Art Directors,Art Directors,0.023,historical_occupation_computerisation_probability,Frey_Osborne,2013/2017,plotly_public_mirror,True,
29-1011,29-1011.00,Chiropractors,Chiropractors,0.027,historical_occupation_computerisation_probability,Frey_Osborne,2013/2017,plotly_public_mirror,True,
27-1012,27-1012.00,Craft Artists,Craft Artists,0.035,historical_occupation_computerisation_probability,Frey_Osborne,2013/2017,plotly_public_mirror,True,
13-2072,13-2072.00,Loan Officers,Loan Officers,0.98,historical_occupation_computerisation_probability,Frey_Osborne,2013/2017,plotly_public_mirror,True,
29-1023,29-1023.00,Orthodontists,Orthodontists,0.023,historical_occupation_computerisation_probability,Frey_Osborne,2013/2017,plotly_public_mirror,True,
27-4021,27-4021.00,Photographers,Photographers,0.021,historical_occupation_computerisation_probability,Frey_Osborne,2013/2017,plotly_public_mirror,True,
15-2041,15-2041.00,Statisticians,Statisticians,0.22,historical_occupation_computerisation_probability,Frey_Osborne,2013/2017,plotly_public_mirror,True,
13-2082,13-2082.00,Tax Preparers,Tax Preparers,0.99,historical_occupation_computerisation_probability,Frey_Osborne,2013/2017,plotly_public_mirror,True,
41-9041,41-9041.00,Telemarketers,Telemarketers,0.99,historical_occupation_computerisation_probability,Frey_Osborne,2013/2017,plotly_public_mirror,True,
51-9197,51-9197.00,Tire Builders,Tire Builders,0.94,historical_occupation_computerisation_probability,Frey_Osborne,2013/2017,plotly_public_mirror,True,
41-3041,41-3041.00,Travel Agents,Travel Agents,0.099,historical_occupation_computerisation_probability,Frey_Osborne,2013/2017,plotly_public_mirror,True,
39-7012,39-7012.00,Travel Guides,Travel Guides,0.057,historical_occupation_computerisation_probability,Frey_Osborne,2013/2017,plotly_public_mirror,True,
29-1131,29-1131.00,Veterinarians,Veterinarians,0.038,historical_occupation_computerisation_probability,Frey_Osborne,2013/2017,plotly_public_mirror,True,
29-1181,29-1181.00,Audiologists,Audiologists,0.0033,historical_occupation_computerisation_probability,Frey_Osborne,2013/2017,plotly_public_mirror,True,
47-2011,47-2011.00,Boilermakers,Boilermakers,0.68,historical_occupation_computerisation_probability,Frey_Osborne,2013/2017,plotly_public_mirror,True,
47-2111,47-2111.00,Electricians,Electricians,0.15,historical_occupation_computerisation_probability,Frey_Osborne,2013/2017,plotly_public_mirror,True,
33-2011,33-2011.00,Firefighters,Firefighters,0.17,historical_occupation_computerisation_probability,Frey_Osborne,2013/2017,plotly_public_mirror,True,
19-2043,19-2043.00,Hydrologists,Hydrologists,0.014,historical_occupation_computerisation_probability,Frey_Osborne,2013/2017,plotly_public_mirror,True,
13-1081,13-1081.00,Logisticians,Logisticians,0.012,historical_occupation_computerisation_probability,Frey_Osborne,2013/2017,plotly_public_mirror,True,
29-1041,29-1041.00,Optometrists,Optometrists,0.14,historical_occupation_computerisation_probability,Frey_Osborne,2013/2017,plotly_public_mirror,True,
43-4151,43-4151.00,Order Clerks,Order Clerks,0.98,historical_occupation_computerisation_probability,Frey_Osborne,2013/2017,plotly_public_mirror,True,
47-2142,47-2142.00,Paperhangers,Paperhangers,0.87,historical_occupation_computerisation_probability,Frey_Osborne,2013/2017,plotly_public_mirror,True,
51-6051,51-6051.00,"Sewers, Hand","Sewers, Hand",0.99,historical_occupation_computerisation_probability,Frey_Osborne,2013/2017,plotly_public_mirror,True,
19-3041,19-3041.00,Sociologists,Sociologists,0.059,historical_occupation_computerisation_probability,Frey_Osborne,2013/2017,plotly_public_mirror,True,
51-6093,51-6093.00,Upholsterers,Upholsterers,0.39,historical_occupation_computerisation_probability,Frey_Osborne,2013/2017,plotly_public_mirror,True,
19-2011,19-2011.00,Astronomers,Astronomers,0.041,historical_occupation_computerisation_probability,Frey_Osborne,2013/2017,plotly_public_mirror,True,
35-9021,35-9021.00,Dishwashers,Dishwashers,0.77,historical_occupation_computerisation_probability,Frey_Osborne,2013/2017,plotly_public_mirror,True,
43-4071,43-4071.00,File Clerks,File Clerks,0.97,historical_occupation_computerisation_probability,Frey_Osborne,2013/2017,plotly_public_mirror,True,
19-3092,19-3092.00,Geographers,Geographers,0.25,historical_occupation_computerisation_probability,Frey_Osborne,2013/2017,plotly_public_mirror,True,
49-9044,49-9044.00,Millwrights,Millwrights,0.59,historical_occupation_computerisation_probability,Frey_Osborne,2013/2017,plotly_public_mirror,True,
29-1051,29-1051.00,Pharmacists,Pharmacists,0.012,historical_occupation_computerisation_probability,Frey_Osborne,2013/2017,plotly_public_mirror,True,
29-1081,29-1081.00,Hosts and Hostesses,Podiatrists,0.0046,historical_occupation_computerisation_probability,Frey_Osborne,2013/2017,plotly_public_mirror,True,
47-2022,47-2022.00,Stonemasons,Stonemasons,0.89,historical_occupation_computerisation_probability,Frey_Osborne,2013/2017,plotly_public_mirror,True,
25-4011,25-4011.00,Archivists,Archivists,0.76,historical_occupation_computerisation_probability,Frey_Osborne,2013/2017,plotly_public_mirror,True,
35-3011,35-3011.00,Bartenders,Bartenders,0.77,historical_occupation_computerisation_probability,Frey_Osborne,2013/2017,plotly_public_mirror,True,
47-2031,47-2031.00,Carpenters,Carpenters,0.72,historical_occupation_computerisation_probability,Frey_Osborne,2013/2017,plotly_public_mirror,True,
39-6012,39-6012.00,Concierges,Concierges,0.21,historical_occupation_computerisation_probability,Frey_Osborne,2013/2017,plotly_public_mirror,True,
19-3011,19-3011.00,Economists,Economists,0.43,historical_occupation_computerisation_probability,Frey_Osborne,2013/2017,plotly_public_mirror,True,
19-3093,19-3093.00,Historians,Historians,0.44,historical_occupation_computerisation_probability,Frey_Osborne,2013/2017,plotly_public_mirror,True,
51-4041,51-4041.00,Machinists,Machinists,0.65,historical_occupation_computerisation_probability,Frey_Osborne,2013/2017,plotly_public_mirror,True,
19-2012,19-2012.00,Physicists,Physicists,0.1,historical_occupation_computerisation_probability,Frey_Osborne,2013/2017,plotly_public_mirror,True,
47-2151,47-2151.00,Pipelayers,Pipelayers,0.62,historical_occupation_computerisation_probability,Frey_Osborne,2013/2017,plotly_public_mirror,True,
39-5093,39-5093.00,Shampooers,Shampooers,0.79,historical_occupation_computerisation_probability,Frey_Osborne,2013/2017,plotly_public_mirror,True,
15-2011,15-2011.00,Actuaries,Actuaries,0.21,historical_occupation_computerisation_probability,Frey_Osborne,2013/2017,plotly_public_mirror,True,
39-4011,39-4011.00,Embalmers,Embalmers,0.54,historical_occupation_computerisation_probability,Frey_Osborne,2013/2017,plotly_public_mirror,True,
19-1032,19-1032.00,Foresters,Foresters,0.0081,historical_occupation_computerisation_probability,Frey_Osborne,2013/2017,plotly_public_mirror,True,
17-1022,17-1022.00,Surveyors,Surveyors,0.38,historical_occupation_computerisation_probability,Frey_Osborne,2013/2017,plotly_public_mirror,True,
33-3011,33-3011.00,Bailiffs,Bailiffs,0.36,historical_occupation_computerisation_probability,Frey_Osborne,2013/2017,plotly_public_mirror,True,
41-2011,41-2011.00,Cashiers,Cashiers,0.97,historical_occupation_computerisation_probability,Frey_Osborne,2013/2017,plotly_public_mirror,True,
19-2031,19-2031.00,Chemists,Chemists,0.1,historical_occupation_computerisation_probability,Frey_Osborne,2013/2017,plotly_public_mirror,True,
25-4012,25-4012.00,Curators,Curators,0.0068,historical_occupation_computerisation_probability,Frey_Osborne,2013/2017,plotly_public_mirror,True,
47-2121,47-2121.00,Glaziers,Glaziers,0.73,historical_occupation_computerisation_probability,Frey_Osborne,2013/2017,plotly_public_mirror,True,
39-5011,39-5011.00,Barbers,Barbers,0.8,historical_occupation_computerisation_probability,Frey_Osborne,2013/2017,plotly_public_mirror,True,
27-2031,27-2031.00,Dancers,Dancers,0.13,historical_occupation_computerisation_probability,Frey_Osborne,2013/2017,plotly_public_mirror,True,
27-3041,27-3041.00,Editors,Editors,0.055,historical_occupation_computerisation_probability,Frey_Osborne,2013/2017,plotly_public_mirror,True,
45-4021,45-4021.00,Fallers,Fallers,0.76,historical_occupation_computerisation_probability,Frey_Osborne,2013/2017,plotly_public_mirror,True,
23-1011,23-1011.00,Lawyers,Lawyers,0.035,historical_occupation_computerisation_probability,Frey_Osborne,2013/2017,plotly_public_mirror,True,
49-9096,49-9096.00,Riggers,Riggers,0.89,historical_occupation_computerisation_probability,Frey_Osborne,2013/2017,plotly_public_mirror,True,
47-2181,47-2181.00,Roofers,Roofers,0.9,historical_occupation_computerisation_probability,Frey_Osborne,2013/2017,plotly_public_mirror,True,
43-3071,43-3071.00,Tellers,Tellers,0.98,historical_occupation_computerisation_probability,Frey_Osborne,2013/2017,plotly_public_mirror,True,
27-2011,27-2011.00,Actors,Actors,0.37,historical_occupation_computerisation_probability,Frey_Osborne,2013/2017,plotly_public_mirror,True,
51-3011,51-3011.00,Bakers,Bakers,0.89,historical_occupation_computerisation_probability,Frey_Osborne,2013/2017,plotly_public_mirror,True,
21-2011,21-2011.00,Clergy,Clergy,0.0081,historical_occupation_computerisation_probability,Frey_Osborne,2013/2017,plotly_public_mirror,True,
41-9012,41-9012.00,Models,Models,0.98,historical_occupation_computerisation_probability,Frey_Osborne,2013/2017,plotly_public_mirror,True,
47-2082,47-2082.00,Tapers,Tapers,0.62,historical_occupation_computerisation_probability,Frey_Osborne,2013/2017,plotly_public_mirror,True,
